Using configuration: elliptica
Reconfiguring elliptica
Writing configuration to: /home/pespino/Cactus/configs/elliptica/OptionList
Cactus - version: 4.12.0
Reconfiguring elliptica.
Using configuration options from configure line
  Setting auth to '3,4 --'
End of options from configure line
Adding configuration options from '/home/pespino/Cactus/configs/elliptica/OptionList'...
  Setting VERSION to 'expanse-2021-08-11'
  Setting CPP to 'cpp'
  Setting FPP to 'cpp'
  Setting CC to 'gcc'
  Setting CXX to 'g++'
  Setting F77 to 'gfortran'
  Setting F90 to 'gfortran'
  Setting CPPFLAGS to ''
  Setting FPPFLAGS to '-traditional -march=znver2'
  Setting CFLAGS to '-m128bit-long-double -std=gnu11 -march=znver2 -fomit-frame-pointer'
  Setting CXXFLAGS to '-m128bit-long-double -std=gnu++14 -march=znver2 -fomit-frame-pointer'
  Setting F90FLAGS to '-m128bit-long-double -fcray-pointer -ffixed-line-length-none -fno-range-check -march=znver2 -fomit-frame-pointer'
  Setting F77FLAGS to '-m128bit-long-double -fcray-pointer -ffixed-line-length-none -fno-range-check -march=znver2 -fomit-frame-pointer'
  Setting LDFLAGS to '-L/cm/shared/apps/spack/cpu/opt/spack/linux-centos8-zen2/gcc-9.2.0/numactl-2.0.12-2pky3yxibr2447l3obmq5ph6ftaoq65k/lib/ -I/home/pespino/Elliptica_ID_Reader/include -L/home/pespino/Elliptica_ID_Reader/lib -lelliptica_id_reader -Wl,-rpath,/home/pespino/Elliptica_ID_Reader/lib -lm'
  Setting C_LINE_DIRECTIVES to 'yes'
  Setting F_LINE_DIRECTIVES to 'yes'
  Setting VECTORISE to 'yes'
  Setting VECTORISE_ALIGNED_ARRAYS to 'no'
  Setting VECTORISE_INLINE to 'yes'
  Setting DEBUG to 'no'
  Setting CPP_DEBUG_FLAGS to '-g -DCARPET_DEBUG'
  Setting FPP_DEBUG_FLAGS to '-g -DCARPET_DEBUG'
  Setting C_DEBUG_FLAGS to '-g -ftrapv -fstack-protector-all -fbounds-check'
  Setting CXX_DEBUG_FLAGS to '-g -ftrapv -fstack-protector-all -fbounds-check'
  Setting CUCC_DEBUG_FLAGS to ''
  Setting F77_DEBUG_FLAGS to '-g -ftrapv -fstack-protector-all -fcheck=bounds,do,mem,pointer,recursion -finit-character=65 -finit-integer=42424242 -finit-real=nan'
  Setting F90_DEBUG_FLAGS to '-g -ftrapv -fstack-protector-all -fcheck=bounds,do,mem,pointer,recursion -finit-character=65 -finit-integer=42424242 -finit-real=nan'
  Setting OPTIMISE to 'yes'
  Setting CPP_OPTIMISE_FLAGS to ''
  Setting FPP_OPTIMISE_FLAGS to ''
  Setting C_OPTIMISE_FLAGS to '-O2 -mavx2 -mfma'
  Setting CUCC_OPTIMISE_FLAGS to ''
  Setting CXX_OPTIMISE_FLAGS to '-O2 -mavx2 -mfma'
  Setting F90_OPTIMISE_FLAGS to '-O2 -mavx2 -mfma'
  Setting F77_OPTIMISE_FLAGS to '-O2 -mavx2 -mfma'
  Setting PROFILE to 'no'
  Setting CPP_PROFILE_FLAGS to ''
  Setting FPP_PROFILE_FLAGS to ''
  Setting C_PROFILE_FLAGS to '-pg'
  Setting CXX_PROFILE_FLAGS to '-pg'
  Setting F77_PROFILE_FLAGS to '-pg'
  Setting F90_PROFILE_FLAGS to '-pg'
  Setting OPENMP to 'yes'
  Setting CPP_OPENMP_FLAGS to '-fopenmp'
  Setting FPP_OPENMP_FLAGS to '-fopenmp'
  Setting C_OPENMP_FLAGS to '-fopenmp'
  Setting CXX_OPENMP_FLAGS to '-fopenmp'
  Setting F77_OPENMP_FLAGS to '-fopenmp'
  Setting F90_OPENMP_FLAGS to '-fopenmp'
  Setting WARN to 'no'
  Setting CPP_WARN_FLAGS to '-Wall'
  Setting FPP_WARN_FLAGS to '-Wall'
  Setting C_WARN_FLAGS to '-Wall'
  Setting CXX_WARN_FLAGS to '-Wall'
  Setting CUCC_WARN_FLAGS to '-Xcompiler -Wall'
  Setting F90_WARN_FLAGS to '-Wall'
  Setting F77_WARN_FLAGS to '-Wall'
  Setting LIBSZ_DIR to '/cm/shared/apps/spack/cpu/opt/spack/linux-centos8-zen2/gcc-9.2.0/libszip-2.1.1-g73rehnp26umitlsxjbucah63xcbkyrg/lib'
  Setting HWLOC_DIR to '/cm/shared/apps/spack/cpu/opt/spack/linux-centos8-zen2/gcc-9.2.0/hwloc-1.11.11-x7dk65u6auponeh3slnell2cbwakqqwi/'
  Setting LIBJPEG_DIR to '/cm/shared/apps/spack/cpu/opt/spack/linux-centos8-zen2/gcc-9.2.0/libjpeg-turbo-2.0.4-7kvjnifz7gpi2dhio6stpbtznc4g4ssk/'
  Setting ZLIB_DIR to '/cm/shared/apps/spack/cpu/opt/spack/linux-centos8-zen2/gcc-9.2.0/zlib-1.2.11-tzrethumzcwcxalxislka5penngsyeup'
  Setting OPENBLAS_DIR to '/cm/shared/apps/spack/cpu/opt/spack/linux-centos8-zen2/gcc-9.2.0/openblas-0.3.10-grrcfayp3br6kmcnelbgrepqmadwv43e'
  Setting HDF5_DIR to '/cm/shared/apps/spack/cpu/opt/spack/linux-centos8-zen2/gcc-9.2.0/hdf5-1.10.6-5q5q4alfsa4or6b25nofmfpixc2vvmg2/'
  Setting LORENE_DIR to '/home/pespino/Lorene'
  Setting LORENE_EXTRA_LIBS to 'fftw3'
  Setting SUITESPARSE_DIR to '/home/pespino/SuiteSparse-5.7.2'
  Setting ELLIPTICA_DIR to '/home/pespino/Elliptica'
  Setting EIDR_DIR to '/home/pespino/Elliptica_ID_Reader'
  Setting EIDR_LIBS to 'elliptica_id_reader'
End of options from '/home/pespino/Cactus/configs/elliptica/OptionList'.
creating cache ./config.cache
checking host system type... x86_64-pc-linux-gnu
checking for mawk... no
checking for gawk... gawk
checking whether make sets ${MAKE}... yes
checking whether the C compiler (gcc -m128bit-long-double -std=gnu11 -march=znver2 -fomit-frame-pointer -L/cm/shared/apps/spack/cpu/opt/spack/linux-centos8-zen2/gcc-9.2.0/numactl-2.0.12-2pky3yxibr2447l3obmq5ph6ftaoq65k/lib/ -I/home/pespino/Elliptica_ID_Reader/include -L/home/pespino/Elliptica_ID_Reader/lib -lelliptica_id_reader -Wl,-rpath,/home/pespino/Elliptica_ID_Reader/lib -lm) works... yes
checking whether the C compiler (gcc -m128bit-long-double -std=gnu11 -march=znver2 -fomit-frame-pointer -L/cm/shared/apps/spack/cpu/opt/spack/linux-centos8-zen2/gcc-9.2.0/numactl-2.0.12-2pky3yxibr2447l3obmq5ph6ftaoq65k/lib/ -I/home/pespino/Elliptica_ID_Reader/include -L/home/pespino/Elliptica_ID_Reader/lib -lelliptica_id_reader -Wl,-rpath,/home/pespino/Elliptica_ID_Reader/lib -lm) is a cross-compiler... no
checking whether we are using GNU C... yes
checking whether the C++ compiler (g++ -m128bit-long-double -std=gnu++14 -march=znver2 -fomit-frame-pointer -L/cm/shared/apps/spack/cpu/opt/spack/linux-centos8-zen2/gcc-9.2.0/numactl-2.0.12-2pky3yxibr2447l3obmq5ph6ftaoq65k/lib/ -I/home/pespino/Elliptica_ID_Reader/include -L/home/pespino/Elliptica_ID_Reader/lib -lelliptica_id_reader -Wl,-rpath,/home/pespino/Elliptica_ID_Reader/lib -lm) works... yes
checking whether the C++ compiler (g++ -m128bit-long-double -std=gnu++14 -march=znver2 -fomit-frame-pointer -L/cm/shared/apps/spack/cpu/opt/spack/linux-centos8-zen2/gcc-9.2.0/numactl-2.0.12-2pky3yxibr2447l3obmq5ph6ftaoq65k/lib/ -I/home/pespino/Elliptica_ID_Reader/include -L/home/pespino/Elliptica_ID_Reader/lib -lelliptica_id_reader -Wl,-rpath,/home/pespino/Elliptica_ID_Reader/lib -lm) is a cross-compiler... no
checking whether we are using GNU C++... yes
checking for nvcc... no
checking for ranlib... ranlib
checking for perl... perl
checking for gtar... gtar
checking for xargs... xargs
checking for gzip... gzip
checking for gpatch... no
checking for patch... patch
checking for git... git
checking for ar... ar
checking for mkdir... mkdir
checking for bash... /bin/sh
checking whether the Fortran compiler (gfortran -m128bit-long-double -fcray-pointer -ffixed-line-length-none -fno-range-check -march=znver2 -fomit-frame-pointer ) works... yes
checking whether the Fortran compiler (gfortran -m128bit-long-double -fcray-pointer -ffixed-line-length-none -fno-range-check -march=znver2 -fomit-frame-pointer ) is a cross-compiler... no
checking whether the Fortran compiler (gfortran -m128bit-long-double -fcray-pointer -ffixed-line-length-none -fno-range-check -march=znver2 -fomit-frame-pointer ) supports TYPE(*) for CCTK_PointerTo... yes
checking how to run the C preprocessor... cpp
checking for ANSI C header files... yes
checking for C99 features... yes
checking for M_PI... yes
checking for C strdup... yes
checking for C++ strdup... yes
checking whether byte ordering is bigendian... no
checking size of long long... 8
checking size of long int... 8
checking size of int... 4
checking size of short int... 2
checking size of long double... 16
checking size of double... 8
checking size of float... 4
checking size of char *... 8
checking for the null device... /dev/null
checking for gethostbyname... yes
checking whether mode_t is defined... yes
checking for availability of gettimeofday timing... yes
checking if gettimeofday needs timezone... yes
checking for availability of getrusage timing... yes
checking for availability of _ftime timing... no
checking for time.h... yes
checking for sys/time.h... yes
checking for sys/types.h... yes
checking for unistd.h... yes
checking for string.h... yes
checking for assert.h... yes
checking for tgmath.h... yes
checking for sys/stat.h... yes
checking for getopt.h... yes
checking for dirent.h... yes
checking for c_asm.h... no
checking for intrinsics.h... no
checking for mach/mach_time.h... no
checking for regex.h... yes
checking for sys/filio.h... no
checking for sys/ioctl.h... yes
checking for sys/socket.h... yes
checking for netinet/in.h... yes
checking for netdb.h... yes
checking for arpa/inet.h... yes
checking for winsock2.h... no
checking for crypt.h... yes
checking for signal.h... yes
checking for malloc.h... yes
checking for sched.h... yes
checking for execinfo.h... yes
checking whether time.h and sys/time.h may both be included... yes
checking whether socklen_t is defined... yes
checking whether SOCKET is defined... no
checking for hrtime_t... no
checking for gethrtime... no
checking for read_real_time... no
checking for time_base_to_time... no
checking for clock_gettime... yes
checking for mach_absolute_time... no
checking for _rtc intrinsic... no
checking for mallinfo... yes
checking for mallopt... yes
checking for malloc_info... yes
checking whether M_MMAP_THRESHOLD is defined... yes
checking for sched_getaffinity... yes
checking for getpid... yes
checking if __int64 is defined... no
checking if __int128 is defined... yes
checking for vector... yes
checking for vector.h... no
checking if Intel compiler has broken restrict... no
checking if compiler has broken omp collapse... no
checking for getopt_long_only... yes
checking for working const... yes
checking for C inline... inline
checking for C static inline... static inline
checking for C restrict... restrict
checking for C++ restrict... __restrict__
checking for C++ copysign... std::copysign
checking for C++ fpclassify... std::fpclassify
checking for C++ isfinite... std::isfinite
checking for C++ isinf... std::isinf
checking for C++ isnan... std::isnan
checking for C++ isnormal... std::isnormal
checking for C++ signbit... std::signbit
checking for C _Pragma... yes
checking for C function __attribute__((__const__))... yes
checking for C++ function __attribute__((__const__))... yes
checking for C++ member function __attribute__((__const__))... yes
checking for C function __attribute__((__pure__))... yes
checking for C++ function __attribute__((__pure__))... yes
checking for C++ member function __attribute__((__pure__))... yes
checking for C data __attribute__((__common__))... yes
checking for C+ data __attribute__((__common__))... yes
checking for C function __attribute__((__noinline__))... yes
checking for C++ function __attribute__((__noinline__))... yes
checking for C++ member function __attribute__((__noinline__))... yes
checking for C function __attribute__((__always_inline__))... yes
checking for C++ function __attribute__((__always_inline__))... yes
checking for C++ member function __attribute__((__always_inline__))... yes
checking for C __attribute__((__unused__))... yes
checking for C++ __attribute__((__unused__))... yes
checking for C __attribute__((__aligned__(...)))... yes
checking for C++ __attribute__((__aligned__(...)))... yes
checking for C __attribute__((__cold__))... yes
checking for C++ __attribute__((__cold__))... yes
checking for C __attribute__((__hot__))... yes
checking for C++ __attribute__((__hot__))... yes
checking for C __attribute__((__format__(printf, 1, 2)))... yes
checking for C++ __attribute__((__format__(printf, 1, 2)))... yes
checking for C __attribute__((__noreturn__))... yes
checking for C++ __attribute__((__noreturn__))... yes
checking for C __attribute__((__nonnull__))... yes
checking for C++ __attribute__((__nonnull__))... yes
checking for C __attribute__((__returns_nonnull__))... yes
checking for C++ __attribute__((__returns_nonnull__))... yes
checking for C __builtin_expect... yes
checking for C++ __builtin_expect... yes
checking for C __builtin_trap... yes
checking for C++ __builtin_trap... yes
checking for C __builtin_unreachable... yes
checking for C++ __builtin_unreachable... yes
checking for C __builtin_assume_aligned... yes
checking for C++ __builtin_assume_aligned... yes
checking for C++ static_assert... yes
checking for C++ auto specifier... yes
checking for C++ lambda expressions... yes
checking for C++ range-based for statements... yes
checking for Fortran REAL*4... yes
checking for Fortran REAL*8... yes
checking for Fortran REAL*16... yes
checking for Fortran COMPLEX*8... yes
checking for Fortran COMPLEX*16... yes
checking for Fortran COMPLEX*32... yes
checking for cxxabi.h... yes
checking for __cxa_demangle... yes
checking for Dl_info.dli_sname... yes
checking for dladdr... no
checking for dladdr in library dl... yes
checking for backtrace... yes
checking for backtrace_symbols... yes
checking for crypt... no
checking for crypt in library crypt... yes
checking for finite in header math.h and library m... yes
checking for copysign in header math.h and library m... yes
checking for fpclassify in header math.h and library m... yes
checking for isfinite in header math.h and library m... yes
checking for isinf in header math.h and library m... yes
checking for isnan in header math.h and library m... yes
checking for isnormal in header math.h and library m... yes
checking for signbit in header math.h and library m... yes
checking for mkstemp... yes
checking for va_copy... yes
checking whether linker supports --whole-archive... yes
checking whether linker supports -filelist... no
creating cctk_Archdefs.h
creating make.arch.defn
creating cctk_Extradefs.h
creating make.extra.defn
updating cache ./config.cache
creating ./config.status
creating make.config.defn
creating make.config.deps
creating make.config.rules
creating cctk_Config.h
Determining number of fortran underscores...
Compiling test file with gfortran -m128bit-long-double -fcray-pointer -ffixed-line-length-none -fno-range-check -march=znver2 -fomit-frame-pointer ...
Lowercase - One trailing underscore
Compiling test file with gfortran -m128bit-long-double -fcray-pointer -ffixed-line-length-none -fno-range-check -march=znver2 -fomit-frame-pointer ...
Lowercase - One trailing underscore
Use make elliptica to build the configuration.
Complete rebuild required
Cleaning elliptica
Cleaning configuration elliptica
Deleting all built files in /home/pespino/Cactus/configs/elliptica
Updated script file for configuration elliptica
Updated runscript file for configuration elliptica
Updated thorn list for configuration elliptica
Building elliptica
Cactus - version: 4.12.0
Building configuration elliptica
Processing CCL files
Reading ThornList...
Parsing configuration files...
   ADMAnalysis
           Requires:          CartGrid3D 
   ADMBase
           Requires:          CartGrid3D 
   ADMCoupling
   ADMDerivatives
           Requires thorns:   SummationByParts
   ADMMacros
           Provides:          ADMMacros 
   ADMMass
   AEILocalInterp
   AHFinder
           Requires:          CartGrid3D 
   AHFinderDirect
           Optional:          HDF5 
           Requires thorns:   SpaceMask
   Boundary
           Provides:          Boundary 
   CT_Analytic
           Requires:          GenericFD 
           Optional:          LoopControl 
   CT_MultiLevel
           Requires:          Carpet MPI 
   Cactus
           Optional:          MPI 
   CalcK
           Requires:          CartGrid3D Fortran 
   Carpet
           Provides:          Carpet 
           Requires:          CarpetLib IOUtil MPI Timers 
           Optional:          LoopControl 
   CarpetEvolutionMask
           Requires:          Carpet 
   CarpetIOASCII
           Requires:          Carpet CarpetLib IOUtil 
           Optional:          SDF 
   CarpetIOBasic
           Requires:          Carpet CarpetLib IOUtil 
   CarpetIOHDF5
           Provides:          CarpetIOHDF5 
           Requires:          Carpet CarpetLib IOUtil HDF5 
           Optional:          MPI 
   CarpetIOScalar
           Requires:          Carpet CarpetLib IOUtil 
   CarpetIntegrateTest
           Requires:          Carpet 
   CarpetInterp
           Requires:          Carpet CarpetLib MPI 
   CarpetInterp2
           Requires:          Carpet CarpetLib 
   CarpetLib
           Provides:          CarpetLib 
           Requires:          MPI Vectors 
           Optional:          Boost CycleClock LoopControl HRSCCore 
   CarpetMask
           Optional:          LoopControl 
   CarpetProlongateTest
           Requires:          Fortran 
   CarpetReduce
           Requires:          Carpet CarpetLib MPI 
           Optional:          LoopControl 
   CarpetRegrid
           Requires:          Carpet CarpetLib 
   CarpetRegrid2
           Requires:          Carpet CarpetLib 
   CarpetRegridTest
   CarpetSlab
           Requires:          Carpet CarpetLib 
   CarpetTracker
   CartGrid3D
           Provides:          CartGrid3D 
           Requires:          CoordBase 
   Cartoon2D
           Requires:          SpaceMask 
   ConservativeToPrimitive
   Constants
   Convert_to_HydroBase
   CookImporter
   CoordBase
           Provides:          CoordBase 
   CoordGauge
   Coordinates
           Requires:          Carpet TensorTypes TGRtensor 
   CoordinatesSymmetry
   CycleClock
           Provides:          CycleClock 
   DemoInterp
   Dissipation
           Requires thorns:   SphericalSurface
   DistortedBHIVP
   EHFinder
           Requires thorns:   CartGrid3D
   EIDR
           Provides:          EIDR 
           Requires:          EIDR 
   EOS_Base
           Provides:          EOS_Base 
   EOS_Hybrid
           Requires:          EOS_Base EOS_Polytrope 
   EOS_IdealFluid
   EOS_Polytrope
           Provides:          EOS_Polytrope 
           Requires:          EOS_Base 
   EinsteinExact_Test
   EllBase
           Provides:          EllBase 
   EllSOR
           Requires:          Boundary CartGrid3D 
   Elliptica_BHNS
           Provides:          Elliptica_BHNS 
           Requires:          EIDR 
   Exact
           Requires thorns:   CoordGauge
   Extract
   FFTW3
           Provides:          FFTW3 
           Requires:          FFTW3 
   FleshInfo
   Fortran
           Provides:          Fortran 
           Requires:          Fortran 
   GSL
           Provides:          GSL 
           Requires:          GSL 
   GaugeWave
           Requires:          GenericFD 
           Optional:          LoopControl 
   GenericFD
           Provides:          GenericFD 
   GlobalDerivative
           Requires:          SummationByParts 
   HDF5
           Provides:          HDF5 
           Requires:          HDF5 zlib 
           Optional:          MPI 
   HTTPD
           Provides:          HTTPD 
           Requires:          SOCKET 
           Optional:          MPI PTHREADS 
   HTTPDExtra
           Requires:          HTTPD IOUTIL 
           Optional:          MPI 
   HelloWorld
   HighOrderWaveTest
   HydroBase
   Hydro_Analysis
           Requires:          LoopControl 
           Optional:          Fortran 
   Hydro_InitExcision
   Hydro_RNSID
           Requires:          EOS_Base Boundary CartGrid3D SpaceMask HDF5 
           Optional:          MPI 
   IDAnalyticBH
   IDAxiBrillBH
           Requires:          Fortran 
   IDAxiOddBrillBH
   IDBrillData
           Requires:          CartGrid3D 
   IDConstraintViolate
   IDFileADM
   IDLinearWaves
   IDScalarWave
   IDScalarWaveC
   IDScalarWaveCXX
   IDScalarWaveElliptic
   IDWaveMoL
   ID_NrotStar
           Requires:          LORENE 
   ID_converter_ILGRMHD
   IOASCII
           Requires:          IOUtil 
           Requires thorns:   IOUtil
   IOBasic
           Requires:          IOUtil 
           Requires thorns:   IOUtil
   IOHDF5
           Requires:          IOHDF5Util HDF5 IOUtil PUGH 
           Optional:          FlexIO SDF MPI 
   IOHDF5Util
           Provides:          IOHDF5Util 
           Requires:          PUGH IOUtil HDF5 
           Optional:          MPI 
   IOUtil
           Provides:          IOUTIL 
   IllinoisGRMHD
           Provides:          IllinoisGRMHD 
           Requires:          EOS_Omni Boundary CartGrid3D SpaceMask 
   InitBase
   InterpToArray
   Interpolate2
           Requires:          Carpet TGRtensor LAPACK LoopControl 
           Requires thorns:   CarpetInterp2
   KerrSchild
           Requires:          GenericFD 
           Optional:          LoopControl 
   LORENE2
           Provides:          LORENE 
           Requires:          BLAS LAPACK GSL LORENE 
   LapseFinder
           Requires:          LoopControl 
   LeanBSSNMoL
   LlamaWaveToy
           Requires:          Fortran TGRtensor LAPACK 
   LocalInterp
   LocalInterp2
   LocalReduce
   LoopControl
           Provides:          LoopControl 
           Optional:          CycleClock hwloc Vectors 
   ML_ADMConstraints
           Requires:          GenericFD 
           Optional:          LoopControl 
   ML_ADMQuantities
           Requires:          GenericFD 
           Optional:          LoopControl 
   ML_BSSN
           Requires:          GenericFD LoopControl Vectors 
   ML_BSSN_Helper
           Requires thorns:   CartGrid3D CoordGauge
   ML_BSSN_Test
   ML_CCZ4
           Requires:          GenericFD LoopControl Vectors 
   ML_CCZ4_Helper
           Requires thorns:   CartGrid3D CoordGauge
   ML_CCZ4_Test
   ML_WaveToy
           Requires:          GenericFD LoopControl Vectors 
   ML_WaveToy_Test
   MPI
           Provides:          MPI 
           Requires:          MPI 
           Optional:          hwloc 
   MemSpeed
           Requires:          Vectors 
           Optional:          MPI 
   Meudon_Bin_BH
           Requires:          LORENE 
   Meudon_Bin_NS
           Requires:          LORENE 
   Meudon_Mag_NS
           Requires:          LORENE 
   Minkowski
           Requires:          GenericFD 
           Optional:          LoopControl 
   MoL
   ModifiedSchwarzschildBL
           Requires:          GenericFD 
           Optional:          LoopControl 
   Multipole
           Optional:          HDF5 
   NPScalars
   NPScalars_Proca
   NaNCatcher
   NaNChecker
           Provides:          NaNChecker 
   NewRad
           Requires:          GenericFD 
   Nice
   NoExcision
           Optional-ifactive: Carpet 
   NoMPI
           Optional:          MPI 
   Noise
   Norms
   NullConstr
           Requires thorns:   Fortran NullEvolve NullGrid NullInterp
   NullDecomp
   NullEvolve
           Requires thorns:   Fortran NullDecomp NullGrid NullInterp
   NullExact
           Requires thorns:   Fortran NullEvolve NullGrid NullInterp
   NullGrid
           Provides:          NullGrid 
           Requires thorns:   Fortran
   NullInterp
           Provides:          NullInterp 
           Requires:          Fortran 
           Requires thorns:   NullGrid
   NullNews
           Requires:          MPI 
           Requires thorns:   NullDecomp NullGrid NullInterp
   NullPsiInt
           Requires thorns:   Fortran NullGrid NullNews
   NullSHRExtract
           Provides:          NullSHRExtraction 
           Requires thorns:   Fortran NullDecomp NullEvolve NullGrid NullInterp
   NullVars
           Provides:          NullVars 
   OpenBLAS
           Provides:          OpenBLAS BLAS LAPACK 
           Requires:          OpenBLAS 
   OpenSSL
           Provides:          OpenSSL 
   Outflow
           Requires thorns:   HydroBase
   PUGH
           Provides:          PUGH 
           Optional:          MPI Vectors 
   PUGHInterp
           Requires:          PUGH 
           Optional:          MPI 
   PUGHReduce
           Requires:          PUGH 
           Optional:          MPI 
   PUGHSlab
           Requires:          PUGH 
           Optional:          MPI 
   Periodic
           Requires thorns:   Slab
   PeriodicCarpet
           Requires:          Carpet CarpetLib 
   Poisson
           Requires:          Boundary Carpet CartGrid3D TATelliptic 
   ProcaBase
   ProcaEvolve
   Proca_simpleID
   PunctureTracker
   QuasiLocalMeasures
           Requires:          Boundary Fortran LAPACK TGRtensor 
           Optional:          MPI 
   ReadInterpolate
           Requires:          HDF5 Carpet IOUtil 
           Requires thorns:   Carpet IOUtil
   Recovery_Util
           Provides:          Recovery_Util 
   ReflectionSymmetry
   RegridSyncTest
   RhoBFinder
           Requires:          LoopControl 
   RotatingDBHIVP
   RotatingSymmetry180
           Requires thorns:   Slab
   RotatingSymmetry90
           Requires thorns:   Slab
   SampleBoundary
   SampleIO
           Requires:          IOUtil 
   Seed_Magnetic_Fields
   Seed_Magnetic_Fields_BNS
   SetMask_SphericalSurface
   ShiftedGaugeWave
           Requires:          GenericFD 
           Optional:          LoopControl 
   Slab
           Provides:          Slab 
           Optional:          LoopControl MPI 
   SlabTest
   Socket
           Provides:          SOCKET 
   SpaceMask
           Provides:          SpaceMask 
           Requires:          CartGrid3D 
   SphericalHarmonicDecomp
           Requires:          HDF5 GSL 
   SphericalHarmonicRecon
           Requires:          HDF5 FFTW3 MPI 
   SphericalHarmonicReconGen
           Requires:          HDF5 
   SphericalSurface
   Spritz
           Provides:          Spritz 
           Requires:          EOS_Omni Boundary CartGrid3D ADMMacros Recovery_Util 
           Optional-ifactive: Carpet EOS_Polytrope 
   Spritz_InitData
           Requires:          EOS_Omni 
           Optional-ifactive: Carpet 
   Spritz_SetBeta
           Requires:          EOS_Omni LORENE 
   StaticConformal
   SummationByParts
           Provides:          SummationByParts 
   SymBase
   SystemStatistics
   SystemTopology
           Requires:          hwloc MPI 
   TATelliptic
           Provides:          TATelliptic 
   TGRtensor
           Provides:          TGRtensor 
           Requires:          LAPACK 
   TOVSolver
           Requires thorns:   Boundary CartGrid3D SpaceMask
   TensorTypes
           Provides:          TensorTypes 
   TerminationTrigger
   TestArrays
   TestCarpetGridInfo
           Requires:          Carpet 
   TestComplex
   TestCoordinates
   TestFortranCrayPointers
           Requires:          Fortran 
   TestFortranDependencies1
           Requires:          TestFortranDependencies 
   TestFortranDependencies2
           Provides:          TestFortranDependencies 
   TestFpointerNULL
   TestFreeF90
   TestGlobalReduce
   TestInclude1
   TestInclude2
   TestLocalInterp2
   TestLocalReduce
   TestLoop
   TestLoopControl
           Requires:          LoopControl 
   TestMath
   TestMoL
   TestPar
   TestReadWrite
   TestReduce
   TestSchedule
   TestStrings
   TestTable
   TestTimers
   TestTypes
   Time
   TimerInfo
   TimerReport
           Optional:          MPI 
   Timers
           Provides:          Timers 
           Requires:          CarpetLib 
   TmunuBase
   Trigger
   TwoPunctures
           Requires:          GSL 
   TwoPunctures_KerrProca
           Requires:          GSL 
   UA_EOS_Omni
           Provides:          EOS_Omni 
           Requires:          HDF5 
           Optional:          MPI 
   Vaidya2
           Requires:          GenericFD 
           Optional:          LoopControl 
   Vectors
           Provides:          Vectors 
           Requires:          Vectors 
   VolumeIntegrals_GRMHD
   VolumeIntegrals_vacuum
   WatchDog
           Requires:          PTHREADS 
   WaveBinarySource
   WaveExtractL
           Requires:          Carpet 
           Requires thorns:   ADMDerivatives NaNChecker
   WaveMoL
           Requires:          CartGrid3D 
   WaveToy1DF77
           Requires:          Boundary 
   WaveToy2DF77
           Requires:          Boundary 
   WaveToyC
           Requires:          CartGrid3D 
   WaveToyCXX
           Requires:          CartGrid3D 
   WaveToyExtra
   WaveToyF77
           Requires:          CartGrid3D 
   WaveToyF90
           Requires:          CartGrid3D 
   WaveToyFreeF90
           Requires:          CartGrid3D 
   WeylScal4
           Requires:          GenericFD LoopControl Vectors 
   ZelmaniLeak
           Provides:          ZelmaniLeak 
           Requires:          EOS_Omni CartGrid3D MPI 
           Optional:          Fortran 
           Optional-ifactive: Spritz 
           Requires thorns:   Boundary
   hwloc
           Provides:          hwloc 
           Requires:          zlib hwloc 
           Optional:          pciutils 
   libjpeg
           Provides:          libjpeg 
   particle_tracerET
   pthreads
           Provides:          PTHREADS 
           Requires:          PTHREADS 
   smallbPoynET
   zlib
           Provides:          zlib 
Parsing interface files...
   ADMAnalysis
           Implements: ADMAnalysis
           Inherits:  ADMBase StaticConformal Grid ADMMacros 
           7 Public, 0 Protected, 0 Private variable groups
   ADMBase
           Implements: ADMBase
           Inherits:  grid 
           10 Public, 0 Protected, 0 Private variable groups
   ADMCoupling
           Implements: ADMCoupling
           0 Public, 0 Protected, 0 Private variable groups
   ADMDerivatives
           Implements: ADMDerivatives
           Inherits:  Coordinates ADMBase 
           6 Public, 0 Protected, 0 Private variable groups
   ADMMacros
           Implements: ADMMacros
           2 Public, 0 Protected, 0 Private variable groups
   ADMMass
           Implements: ADMMass
           Inherits:  ADMBase ADMMacros StaticConformal SpaceMask 
           0 Public, 0 Protected, 7 Private variable groups
   AEILocalInterp
           Implements: AEILocalInterp
           0 Public, 0 Protected, 0 Private variable groups
   AHFinder
           Implements: AHFinder
           Inherits:  ADMBase StaticConformal SpaceMask Grid IO ADMMacros 
           7 Public, 0 Protected, 11 Private variable groups
   AHFinderDirect
           Implements: AHFinderDirect
           Inherits:  Grid ADMBase StaticConformal SpaceMask SphericalSurface IO 
           0 Public, 0 Protected, 6 Private variable groups
   Boundary
           Implements: boundary
           0 Public, 0 Protected, 0 Private variable groups
   CT_Analytic
           Implements: CT_Analytic
           Inherits:  Boundary GenericFD Grid 
           41 Public, 0 Protected, 0 Private variable groups
   CT_MultiLevel
           Implements: CT_MultiLevel
           Inherits:  Boundary Grid 
           0 Public, 0 Protected, 10 Private variable groups
   Cactus
           Implements: Cactus
           0 Public, 0 Protected, 0 Private variable groups
   CalcK
           Implements: CalcK
           Inherits:  ADMBase StaticConformal 
           0 Public, 0 Protected, 4 Private variable groups
   Carpet
           Implements: Driver
           0 Public, 0 Protected, 7 Private variable groups
   CarpetEvolutionMask
           Implements: CarpetEvolutionMask
           3 Public, 0 Protected, 0 Private variable groups
   CarpetIOASCII
           Implements: IOASCII
           0 Public, 0 Protected, 4 Private variable groups
   CarpetIOBasic
           Implements: IOBasic
           Inherits:  IO 
           0 Public, 0 Protected, 4 Private variable groups
   CarpetIOHDF5
           Implements: IOHDF5
           0 Public, 0 Protected, 7 Private variable groups
   CarpetIOScalar
           Implements: IOScalar
           0 Public, 0 Protected, 4 Private variable groups
   CarpetIntegrateTest
           Implements: CarpetIntegrateTest
           Inherits:  Reduce Grid Driver 
           0 Public, 0 Protected, 2 Private variable groups
   CarpetInterp
           Implements: interp
           0 Public, 0 Protected, 0 Private variable groups
   CarpetInterp2
           Implements: interp2
           0 Public, 0 Protected, 0 Private variable groups
   CarpetLib
           Implements: CarpetLib
           0 Public, 0 Protected, 0 Private variable groups
   CarpetMask
           Implements: CarpetMask
           Inherits:  grid SphericalSurface 
           0 Public, 0 Protected, 0 Private variable groups
   CarpetProlongateTest
           Implements: CarpetProlongateTest
           Inherits:  grid 
           0 Public, 0 Protected, 7 Private variable groups
   CarpetReduce
           Implements: reduce
           0 Public, 0 Protected, 5 Private variable groups
   CarpetRegrid
           Implements: CarpetRegrid
           0 Public, 0 Protected, 0 Private variable groups
   CarpetRegrid2
           Implements: CarpetRegrid2
           7 Public, 0 Protected, 7 Private variable groups
   CarpetRegridTest
           Implements: CarpetRegridTest
           Inherits:  grid 
           0 Public, 0 Protected, 2 Private variable groups
   CarpetSlab
           Implements: Hyperslab
           0 Public, 0 Protected, 0 Private variable groups
   CarpetTracker
           Implements: CarpetTracker
           Inherits:  SphericalSurface CarpetRegrid2 
           0 Public, 0 Protected, 0 Private variable groups
   CartGrid3D
           Implements: grid
           Inherits:  coordbase 
           3 Public, 0 Protected, 0 Private variable groups
   Cartoon2D
           Implements: cartoon2d
           0 Public, 0 Protected, 2 Private variable groups
   ConservativeToPrimitive
           Implements: ConservativeToPrimitive
           0 Public, 3 Protected, 0 Private variable groups
   Constants
           Implements: Constants
           0 Public, 0 Protected, 0 Private variable groups
   Convert_to_HydroBase
           Implements: Convert_to_HydroBase
           Inherits:  grid HydroBase ADMBase IllinoisGRMHD 
           0 Public, 0 Protected, 0 Private variable groups
   CookImporter
           Implements: CookImporter
           Inherits:  ADMBase HydroBase 
           0 Public, 0 Protected, 0 Private variable groups
   CoordBase
           Implements: CoordBase
           0 Public, 0 Protected, 0 Private variable groups
   CoordGauge
           Implements: CoordGauge
           2 Public, 0 Protected, 0 Private variable groups
   Coordinates
           Implements: Coordinates
           Inherits:  grid 
           11 Public, 0 Protected, 0 Private variable groups
   CoordinatesSymmetry
           Implements: CoordinatesSymmetry
           0 Public, 0 Protected, 0 Private variable groups
   CycleClock
           Implements: CycleClock
           0 Public, 0 Protected, 0 Private variable groups
   DemoInterp
           Implements: DemoInterp
           0 Public, 0 Protected, 10 Private variable groups
   Dissipation
           Implements: Dissipation
           Inherits:  grid SphericalSurface SpaceMask 
           0 Public, 0 Protected, 2 Private variable groups
   DistortedBHIVP
           Implements: distortedbhivp
           Inherits:  ADMBase grid StaticConformal 
           0 Public, 0 Protected, 3 Private variable groups
   EHFinder
           Implements: ehfinder
           Inherits:  grid admbase coordgauge staticconformal spacemask boundary 
           0 Public, 0 Protected, 55 Private variable groups
   EIDR
           Implements: EIDR
           0 Public, 0 Protected, 0 Private variable groups
   EOS_Base
           Implements: EOS_Base
           0 Public, 0 Protected, 0 Private variable groups
   EOS_Hybrid
           Implements: EOS_Hybrid
           Inherits:  HydroBase EOS_2d_Polytrope 
           0 Public, 0 Protected, 2 Private variable groups
   EOS_IdealFluid
           Implements: EOS_Ideal_Fluid
           Inherits:  EOS_Base 
           0 Public, 0 Protected, 0 Private variable groups
   EOS_Polytrope
           Implements: EOS_2d_Polytrope
           Inherits:  EOS_Base 
           0 Public, 0 Protected, 0 Private variable groups
   EinsteinExact_Test
           Implements: EinsteinExact_Test
           0 Public, 0 Protected, 0 Private variable groups
   EllBase
           Implements: ellbase
           0 Public, 0 Protected, 0 Private variable groups
   EllSOR
           Implements: ellsor
           Inherits:  ellbase boundary 
           0 Public, 0 Protected, 0 Private variable groups
   Elliptica_BHNS
           Implements: Elliptica_BHNS
           Inherits:  grid SummationByParts ADMBase HydroBase EOS_Omni EIDR 
           2 Public, 0 Protected, 3 Private variable groups
   Exact
           Implements: exact
           Inherits:  admbase grid coordgauge staticconformal 
           0 Public, 3 Protected, 4 Private variable groups
   Extract
           Implements: extract
           Inherits:  grid ADMBase staticconformal io 
           0 Public, 0 Protected, 2 Private variable groups
   FFTW3
           Implements: FFTW3
           0 Public, 0 Protected, 0 Private variable groups
   FleshInfo
           Implements: FleshInfo
           0 Public, 0 Protected, 0 Private variable groups
   Fortran
           Implements: Fortran
           0 Public, 0 Protected, 0 Private variable groups
   GSL
           Implements: GSL
           0 Public, 0 Protected, 0 Private variable groups
   GaugeWave
           Implements: GaugeWave
           Inherits:  admbase Boundary GenericFD Grid 
           7 Public, 0 Protected, 0 Private variable groups
   GenericFD
           Implements: GenericFD
           0 Public, 0 Protected, 3 Private variable groups
   GlobalDerivative
           Implements: GlobalDerivative
           Inherits:  grid SummationByParts Coordinates 
           0 Public, 0 Protected, 0 Private variable groups
   HDF5
           Implements: HDF5
           0 Public, 0 Protected, 0 Private variable groups
   HTTPD
           Implements: HTTPD
           Inherits:  Socket 
           0 Public, 0 Protected, 0 Private variable groups
   HTTPDExtra
           Implements: http_utils
           0 Public, 0 Protected, 0 Private variable groups
   HelloWorld
           Implements: helloworld
           0 Public, 0 Protected, 0 Private variable groups
   HighOrderWaveTest
           Implements: HighOrderWaveTest
           0 Public, 0 Protected, 0 Private variable groups
   HydroBase
           Implements: HydroBase
           Inherits:  InitBase 
           14 Public, 0 Protected, 0 Private variable groups
   Hydro_Analysis
           Implements: Hydro_Analysis
           Inherits:  Grid HydroBase ADMBase 
           10 Public, 0 Protected, 6 Private variable groups
   Hydro_InitExcision
           Implements: Hydro_InitExcision
           Inherits:  HydroBase Grid SpaceMask 
           0 Public, 0 Protected, 0 Private variable groups
   Hydro_RNSID
           Implements: hydro_rnsid
           Inherits:  ADMBase HydroBase 
           0 Public, 0 Protected, 0 Private variable groups
   IDAnalyticBH
           Implements: idanalyticbh
           Inherits:  ADMBase StaticConformal Grid 
           0 Public, 0 Protected, 0 Private variable groups
   IDAxiBrillBH
           Implements: idaxibrillbh
           Inherits:  ADMBase grid StaticConformal 
           0 Public, 0 Protected, 0 Private variable groups
   IDAxiOddBrillBH
           Implements: axiodd
           Inherits:  ADMBase grid StaticConformal 
           0 Public, 0 Protected, 3 Private variable groups
   IDBrillData
           Implements: IDBrillData
           Inherits:  grid ADMBase StaticConformal ellbase 
           0 Public, 0 Protected, 3 Private variable groups
   IDConstraintViolate
           Implements: idconstraintviolate
           Inherits:  admbase grid 
           0 Public, 0 Protected, 0 Private variable groups
   IDFileADM
           Implements: IDFileADM
           Inherits:  ADMBase StaticConformal IO 
           0 Public, 0 Protected, 0 Private variable groups
   IDLinearWaves
           Implements: idlinearwaves
           Inherits:  ADMBase StaticConformal Grid 
           0 Public, 0 Protected, 0 Private variable groups
   IDScalarWave
           Implements: idscalarwave
           Inherits:  wavetoy grid 
           0 Public, 0 Protected, 0 Private variable groups
   IDScalarWaveC
           Implements: idscalarwave
           Inherits:  wavetoy grid 
           0 Public, 0 Protected, 0 Private variable groups
   IDScalarWaveCXX
           Implements: idscalarwave
           Inherits:  wavetoy grid 
           0 Public, 0 Protected, 0 Private variable groups
   IDScalarWaveElliptic
           Implements: IDScalarWaveElliptic
           Inherits:  Grid WaveToy EllBase IDScalarWave 
           0 Public, 0 Protected, 3 Private variable groups
   IDWaveMoL
           Implements: idwavemol
           Inherits:  wavemol grid 
           0 Public, 0 Protected, 0 Private variable groups
   ID_NrotStar
           Implements: ID_NrotStar
           Inherits:  grid ADMBase HydroBase 
           0 Public, 0 Protected, 0 Private variable groups
   ID_converter_ILGRMHD
           Implements: ID_converter_ILGRMHD
           Inherits:  ADMBase Boundary SpaceMask Tmunubase HydroBase grid IllinoisGRMHD 
           Friend of: ConservativeToPrimitive 
           0 Public, 0 Protected, 0 Private variable groups
   IOASCII
           Implements: IOASCII
           0 Public, 0 Protected, 0 Private variable groups
   IOBasic
           Implements: IOBasic
           Inherits:  IO 
           0 Public, 0 Protected, 3 Private variable groups
   IOHDF5
           Implements: IOHDF5
           0 Public, 0 Protected, 0 Private variable groups
   IOHDF5Util
           Implements: IOHDF5Util
           Inherits:  IO 
           0 Public, 0 Protected, 0 Private variable groups
   IOUtil
           Implements: IO
           0 Public, 0 Protected, 0 Private variable groups
   IllinoisGRMHD
           Implements: IllinoisGRMHD
           Inherits:  ADMBase Boundary SpaceMask Tmunubase HydroBase grid 
           Friend of: ConservativeToPrimitive 
           13 Public, 3 Protected, 11 Private variable groups
   InitBase
           Implements: InitBase
           0 Public, 0 Protected, 0 Private variable groups
   InterpToArray
           Implements: InterpToArray
           8 Public, 0 Protected, 0 Private variable groups
   Interpolate2
           Implements: Interpolate
           Inherits:  Coordinates grid 
           2 Public, 0 Protected, 2 Private variable groups
   KerrSchild
           Implements: KerrSchild
           Inherits:  admbase Boundary GenericFD Grid 
           7 Public, 0 Protected, 0 Private variable groups
   LORENE2
           Implements: LORENE
           0 Public, 0 Protected, 0 Private variable groups
   LapseFinder
           Implements: LapseFinder
           Inherits:  Grid ADMBase 
           3 Public, 0 Protected, 0 Private variable groups
   LeanBSSNMoL
           Implements: LeanBSSNMoL
           Inherits:  ADMBase TmunuBase Boundary CoordGauge 
           15 Public, 0 Protected, 0 Private variable groups
   LlamaWaveToy
           Implements: LlamaWaveToy
           Inherits:  grid Coordinates GlobalDerivative SummationByParts Interpolate 
           0 Public, 0 Protected, 23 Private variable groups
   LocalInterp
           Implements: LocalInterp
           0 Public, 0 Protected, 0 Private variable groups
   LocalInterp2
           Implements: LocalInterp
           0 Public, 0 Protected, 0 Private variable groups
   LocalReduce
           Implements: LocalReduce
           0 Public, 0 Protected, 0 Private variable groups
   LoopControl
           Implements: LoopControl
           Inherits:  CycleClock 
           0 Public, 0 Protected, 0 Private variable groups
   ML_ADMConstraints
           Implements: ML_ADMConstraints
           Inherits:  ADMBase Boundary GenericFD Grid TmunuBase 
           3 Public, 0 Protected, 0 Private variable groups
   ML_ADMQuantities
           Implements: ML_ADMQuantities
           Inherits:  ADMBase Boundary GenericFD Grid ML_BSSN TmunuBase 
           3 Public, 0 Protected, 0 Private variable groups
   ML_BSSN
           Implements: ML_BSSN
           Inherits:  ADMBase Boundary GenericFD Grid TmunuBase 
           24 Public, 0 Protected, 0 Private variable groups
   ML_BSSN_Helper
           Implements: ML_BSSN_Helper
           Inherits:  ADMBase CoordGauge ML_BSSN 
           0 Public, 0 Protected, 0 Private variable groups
   ML_BSSN_Test
           Implements: ML_BSSN_Test
           0 Public, 0 Protected, 0 Private variable groups
   ML_CCZ4
           Implements: ML_CCZ4
           Inherits:  ADMBase Boundary GenericFD Grid TmunuBase 
           26 Public, 0 Protected, 0 Private variable groups
   ML_CCZ4_Helper
           Implements: ML_CCZ4_Helper
           Inherits:  ADMBase CoordGauge ML_CCZ4 
           0 Public, 0 Protected, 0 Private variable groups
   ML_CCZ4_Test
           Implements: ML_BSSN_Test
           0 Public, 0 Protected, 0 Private variable groups
   ML_WaveToy
           Implements: ML_WaveToy
           Inherits:  Boundary GenericFD Grid 
           6 Public, 0 Protected, 0 Private variable groups
   ML_WaveToy_Test
           Implements: ML_WaveToy_Test
           0 Public, 0 Protected, 0 Private variable groups
   MPI
           Implements: MPI
           0 Public, 0 Protected, 0 Private variable groups
   MemSpeed
           Implements: MemSpeed
           0 Public, 0 Protected, 0 Private variable groups
   Meudon_Bin_BH
           Implements: ID_Bin_BH
           Inherits:  grid SummationByParts ADMBase 
           0 Public, 0 Protected, 0 Private variable groups
   Meudon_Bin_NS
           Implements: Meudon_Bin_NS
           Inherits:  grid SummationByParts ADMBase HydroBase 
           2 Public, 0 Protected, 0 Private variable groups
   Meudon_Mag_NS
           Implements: ID_Mag_NS
           Inherits:  grid ADMBase HydroBase 
           0 Public, 0 Protected, 0 Private variable groups
   Minkowski
           Implements: Minkowski
           Inherits:  admbase Boundary GenericFD Grid 
           7 Public, 0 Protected, 0 Private variable groups
   MoL
           Implements: MethodOfLines
           0 Public, 0 Protected, 10 Private variable groups
   ModifiedSchwarzschildBL
           Implements: ModifiedSchwarzschildBL
           Inherits:  admbase Boundary GenericFD Grid 
           7 Public, 0 Protected, 0 Private variable groups
   Multipole
           Implements: multipole
           Inherits:  Grid 
           6 Public, 0 Protected, 0 Private variable groups
   NPScalars
           Implements: NPScalars
           Inherits:  ADMBase 
           0 Public, 0 Protected, 3 Private variable groups
   NPScalars_Proca
           Implements: NPScalars_Proca
           Inherits:  ADMBase ProcaBase 
           0 Public, 0 Protected, 9 Private variable groups
   NaNCatcher
           Implements: NaNCatcher
           0 Public, 0 Protected, 0 Private variable groups
   NaNChecker
           Implements: NaNChecker
           Inherits:  Reduce 
           0 Public, 0 Protected, 4 Private variable groups
   NewRad
           Implements: NewRad
           0 Public, 0 Protected, 0 Private variable groups
   Nice
           Implements: nice
           0 Public, 0 Protected, 0 Private variable groups
   NoExcision
           Implements: NoExcision
           Inherits:  ADMBase StaticConformal grid SphericalSurface Boundary 
           0 Public, 0 Protected, 17 Private variable groups
   NoMPI
           Implements: NoMPI
           0 Public, 0 Protected, 0 Private variable groups
   Noise
           Implements: Noise
           Inherits:  grid 
           0 Public, 0 Protected, 0 Private variable groups
   Norms
           Implements: Norms
           0 Public, 0 Protected, 7 Private variable groups
   NullConstr
           Implements: NullConstr
           Inherits:  NullGrid NullVars NullInterp 
           10 Public, 0 Protected, 0 Private variable groups
   NullDecomp
           Implements: NullDecomp
           Inherits:  NullGrid 
           0 Public, 0 Protected, 3 Private variable groups
   NullEvolve
           Implements: NullEvolve
           Inherits:  NullInterp NullGrid NullVars Time 
           Friend of: NullSHRExtract 
           0 Public, 0 Protected, 8 Private variable groups
   NullExact
           Implements: NullExact
           Inherits:  NullVars NullGrid NullNews NullConstr NullInterp NullEvolve 
           Friend of: NullSHRExtract 
           0 Public, 0 Protected, 38 Private variable groups
   NullGrid
           Implements: NullGrid
           11 Public, 0 Protected, 0 Private variable groups
   NullInterp
           Implements: NullInterp
           Inherits:  NullGrid 
           5 Public, 0 Protected, 2 Private variable groups
   NullNews
           Implements: NullNews
           Inherits:  NullGrid NullVars NullInterp 
           19 Public, 0 Protected, 8 Private variable groups
   NullPsiInt
           Implements: NullPsiInt
           Inherits:  NullVars NullGrid NullNews NullInterp NullEvolve 
           4 Public, 0 Protected, 5 Private variable groups
   NullSHRExtract
           Implements: NullSHRExtract
           Inherits:  NullInterp NullGrid NullVars 
           9 Public, 21 Protected, 28 Private variable groups
   NullVars
           Implements: NullVars
           5 Public, 0 Protected, 0 Private variable groups
   OpenBLAS
           Implements: OpenBLAS
           0 Public, 0 Protected, 0 Private variable groups
   OpenSSL
           Implements: OpenSSL
           0 Public, 0 Protected, 0 Private variable groups
   Outflow
           Implements: outflow
           Inherits:  ADMBase HydroBase SphericalSurface 
           0 Public, 0 Protected, 6 Private variable groups
   PUGH
           Implements: Driver
           0 Public, 0 Protected, 0 Private variable groups
   PUGHInterp
           Implements: Interp
           0 Public, 0 Protected, 0 Private variable groups
   PUGHReduce
           Implements: Reduce
           0 Public, 0 Protected, 0 Private variable groups
   PUGHSlab
           Implements: Hyperslab
           0 Public, 0 Protected, 0 Private variable groups
   Periodic
           Implements: Periodic
           0 Public, 0 Protected, 0 Private variable groups
   PeriodicCarpet
           Implements: PeriodicCarpet
           Inherits:  grid 
           0 Public, 0 Protected, 0 Private variable groups
   Poisson
           Implements: Poisson
           Inherits:  boundary grid 
           0 Public, 0 Protected, 3 Private variable groups
   ProcaBase
           Implements: ProcaBase
           5 Public, 0 Protected, 0 Private variable groups
   ProcaEvolve
           Implements: ProcaEvolve
           Inherits:  ADMBase Tmunubase ProcaBase Boundary 
           8 Public, 0 Protected, 0 Private variable groups
   Proca_simpleID
           Implements: Proca_simpleID
           Inherits:  ADMBase grid ProcaBase 
           0 Public, 0 Protected, 0 Private variable groups
   PunctureTracker
           Implements: PunctureTracker
           Inherits:  ADMBase CarpetRegrid2 SphericalSurface 
           0 Public, 0 Protected, 4 Private variable groups
   QuasiLocalMeasures
           Implements: QuasiLocalMeasures
           Inherits:  ADMBase SphericalSurface TmunuBase 
           0 Public, 0 Protected, 24 Private variable groups
   ReadInterpolate
           Implements: ReadInterpolate
           Inherits:  grid 
           0 Public, 0 Protected, 6 Private variable groups
   Recovery_Util
           Implements: Recovery_Util
           2 Public, 0 Protected, 0 Private variable groups
   ReflectionSymmetry
           Implements: ReflectionSymmetry
           0 Public, 0 Protected, 0 Private variable groups
   RegridSyncTest
           Implements: RegridSyncTest
           0 Public, 0 Protected, 2 Private variable groups
   RhoBFinder
           Implements: RhoBFinder
           Inherits:  Grid IllinoisGRMHD 
           3 Public, 0 Protected, 0 Private variable groups
   RotatingDBHIVP
           Implements: rotatingdbhivp
           Inherits:  ADMBase grid StaticConformal 
           0 Public, 0 Protected, 3 Private variable groups
   RotatingSymmetry180
           Implements: RotatingSymmetry180
           0 Public, 0 Protected, 0 Private variable groups
   RotatingSymmetry90
           Implements: RotatingSymmetry90
           0 Public, 0 Protected, 0 Private variable groups
   SampleBoundary
           Implements: LinExtrapBnd
           0 Public, 0 Protected, 0 Private variable groups
   SampleIO
           Implements: SampleIO
           Inherits:  IO 
           0 Public, 0 Protected, 0 Private variable groups
   Seed_Magnetic_Fields
           Implements: seed_magnetic_fields
           Inherits:  grid ADMBase HydroBase 
           0 Public, 0 Protected, 0 Private variable groups
   Seed_Magnetic_Fields_BNS
           Implements: Seed_Magnetic_Fields_Privt
           Inherits:  grid ADMBase HydroBase 
           0 Public, 0 Protected, 0 Private variable groups
   SetMask_SphericalSurface
           Implements: SetMask_SphericalSurface
           Inherits:  HydroBase SphericalSurface 
           0 Public, 0 Protected, 0 Private variable groups
   ShiftedGaugeWave
           Implements: ShiftedGaugeWave
           Inherits:  admbase Boundary GenericFD Grid 
           7 Public, 0 Protected, 0 Private variable groups
   Slab
           Implements: Slab
           0 Public, 0 Protected, 0 Private variable groups
   SlabTest
           Implements: SlabTest
           Inherits:  Slab 
           0 Public, 0 Protected, 7 Private variable groups
   Socket
           Implements: Socket
           0 Public, 0 Protected, 0 Private variable groups
   SpaceMask
           Implements: SpaceMask
           Inherits:  grid 
           3 Public, 0 Protected, 0 Private variable groups
   SphericalHarmonicDecomp
           Implements: SphericalHarmonicDecomp
           0 Public, 0 Protected, 0 Private variable groups
   SphericalHarmonicRecon
           Implements: SphericalHarmonicRecon
           0 Public, 0 Protected, 0 Private variable groups
   SphericalHarmonicReconGen
           Implements: SphericalHarmonicReconGen
           0 Public, 0 Protected, 0 Private variable groups
   SphericalSurface
           Implements: SphericalSurface
           Inherits:  grid 
           10 Public, 0 Protected, 2 Private variable groups
   Spritz
           Implements: Spritz
           Inherits:  ADMBase StaticConformal Boundary ADMMacros TmunuBase HydroBase Recovery_Util 
           Friend of: ADMCoupling 
           31 Public, 35 Protected, 15 Private variable groups
   Spritz_InitData
           Implements: Spritz_initdata
           Inherits:  Spritz grid EOS_Omni 
           Friend of: Spritz 
           0 Public, 7 Protected, 5 Private variable groups
   Spritz_SetBeta
           Implements: Spritz_SetBeta
           Inherits:  grid ADMBase HydroBase Spritz 
           0 Public, 0 Protected, 0 Private variable groups
   StaticConformal
           Implements: StaticConformal
           Inherits:  grid 
           5 Public, 0 Protected, 0 Private variable groups
   SummationByParts
           Implements: SummationByParts
           3 Public, 0 Protected, 0 Private variable groups
   SymBase
           Implements: SymBase
           0 Public, 0 Protected, 0 Private variable groups
   SystemStatistics
           Implements: SystemStatistics
           0 Public, 0 Protected, 4 Private variable groups
   SystemTopology
           Implements: SystemTopology
           0 Public, 0 Protected, 0 Private variable groups
   TATelliptic
           Implements: TATelliptic
           0 Public, 0 Protected, 0 Private variable groups
   TGRtensor
           Implements: TGRtensor
           0 Public, 0 Protected, 0 Private variable groups
   TOVSolver
           Implements: TOVSolver
           Inherits:  ADMBase HydroBase Constants StaticConformal 
           0 Public, 0 Protected, 0 Private variable groups
   TensorTypes
           Implements: TensorTypes
           0 Public, 0 Protected, 0 Private variable groups
   TerminationTrigger
           Implements: TerminationTrigger
           0 Public, 0 Protected, 3 Private variable groups
   TestArrays
           Implements: Arrays
           0 Public, 0 Protected, 36 Private variable groups
   TestCarpetGridInfo
           Implements: TestCarpetGridInfo
           0 Public, 0 Protected, 0 Private variable groups
   TestComplex
           Implements: testcomplex
           0 Public, 0 Protected, 7 Private variable groups
   TestCoordinates
           Implements: testgrid
           0 Public, 0 Protected, 3 Private variable groups
   TestFortranCrayPointers
           Implements: TestFortranCrayPointers
           0 Public, 0 Protected, 4 Private variable groups
   TestFortranDependencies1
           Implements: TestFortranDependencies1
           0 Public, 0 Protected, 0 Private variable groups
   TestFortranDependencies2
           Implements: TestFortranDependencies2
           0 Public, 0 Protected, 0 Private variable groups
   TestFpointerNULL
           Implements: TestFpointerNULL
           0 Public, 0 Protected, 3 Private variable groups
   TestFreeF90
           Implements: TestFreeF90
           0 Public, 0 Protected, 0 Private variable groups
   TestGlobalReduce
           Implements: testglobalreduce
           Inherits:  grid 
           11 Public, 0 Protected, 0 Private variable groups
   TestInclude1
           Implements: include1
           0 Public, 0 Protected, 0 Private variable groups
   TestInclude2
           Implements: include2
           0 Public, 0 Protected, 0 Private variable groups
   TestLocalInterp2
           Implements: TestLocalInterp2
           Inherits:  Grid 
           0 Public, 0 Protected, 4 Private variable groups
   TestLocalReduce
           Implements: TestLocalReduce
           3 Public, 0 Protected, 0 Private variable groups
   TestLoop
           Implements: TestLoop
           Inherits:  grid 
           0 Public, 0 Protected, 4 Private variable groups
   TestLoopControl
           Implements: TestLoopControl
           Inherits:  grid 
           0 Public, 0 Protected, 4 Private variable groups
   TestMath
           Implements: TestMath
           0 Public, 0 Protected, 0 Private variable groups
   TestMoL
           Implements: TestMoL
           Inherits:  MethodOfLines 
           0 Public, 0 Protected, 17 Private variable groups
   TestPar
           Implements: TestPar
           0 Public, 0 Protected, 0 Private variable groups
   TestReadWrite
           Implements: TestReadWriteImp
           Inherits:  grid 
           5 Public, 6 Protected, 3 Private variable groups
   TestReduce
           Implements: testreduce
           0 Public, 0 Protected, 9 Private variable groups
   TestSchedule
           Implements: TestSchedule
           0 Public, 0 Protected, 0 Private variable groups
   TestStrings
           Implements: teststrings
           0 Public, 0 Protected, 0 Private variable groups
   TestTable
           Implements: TestTable
           0 Public, 0 Protected, 0 Private variable groups
   TestTimers
           Implements: testtimers
           0 Public, 0 Protected, 0 Private variable groups
   TestTypes
           Implements: TestTypes
           0 Public, 0 Protected, 12 Private variable groups
   Time
           Implements: time
           2 Public, 0 Protected, 2 Private variable groups
   TimerInfo
           Implements: timerinfo
           0 Public, 0 Protected, 0 Private variable groups
   TimerReport
           Implements: timerreport
           0 Public, 0 Protected, 0 Private variable groups
   Timers
           Implements: Timers
           0 Public, 0 Protected, 0 Private variable groups
   TmunuBase
           Implements: TmunuBase
           Inherits:  ADMBase StaticConformal 
           5 Public, 0 Protected, 0 Private variable groups
   Trigger
           Implements: trigger
           Inherits:  IO 
           0 Public, 0 Protected, 2 Private variable groups
   TwoPunctures
           Implements: TwoPunctures
           Inherits:  ADMBase StaticConformal grid 
           3 Public, 0 Protected, 4 Private variable groups
   TwoPunctures_KerrProca
           Implements: TwoPunctures_KerrProca
           Inherits:  ADMBase StaticConformal grid ProcaBase 
           3 Public, 0 Protected, 4 Private variable groups
   UA_EOS_Omni
           Implements: EOS_Omni
           0 Public, 0 Protected, 0 Private variable groups
   Vaidya2
           Implements: Vaidya2
           Inherits:  admbase Boundary GenericFD Grid 
           7 Public, 0 Protected, 0 Private variable groups
   Vectors
           Implements: Vectors
           0 Public, 0 Protected, 2 Private variable groups
   VolumeIntegrals_GRMHD
           Implements: VolumeIntegrals_GRMHD
           Inherits:  grid ADMBase CarpetRegrid2 HydroBase ADMBase 
           0 Public, 0 Protected, 6 Private variable groups
   VolumeIntegrals_vacuum
           Implements: VolumeIntegrals_vacuum
           Inherits:  grid ADMBase CarpetRegrid2 
           3 Public, 0 Protected, 4 Private variable groups
   WatchDog
           Implements: WatchDog
           0 Public, 0 Protected, 0 Private variable groups
   WaveBinarySource
           Implements: binarysource
           Inherits:  wavetoy grid 
           0 Public, 0 Protected, 0 Private variable groups
   WaveExtractL
           Implements: WaveExtractL
           Inherits:  grid admbase staticconformal io sphericalsurface 
           0 Public, 0 Protected, 17 Private variable groups
   WaveMoL
           Implements: wavemol
           6 Public, 0 Protected, 0 Private variable groups
   WaveToy1DF77
           Implements: wavetoy1d
           Inherits:  boundary 
           0 Public, 0 Protected, 5 Private variable groups
   WaveToy2DF77
           Implements: wavetoy2d
           Inherits:  boundary 
           0 Public, 0 Protected, 5 Private variable groups
   WaveToyC
           Implements: wavetoy
           Inherits:  grid 
           2 Public, 0 Protected, 0 Private variable groups
   WaveToyCXX
           Implements: wavetoy
           Inherits:  grid 
           2 Public, 0 Protected, 0 Private variable groups
   WaveToyExtra
           Implements: wavetoyextra
           Inherits:  wavetoy 
           0 Public, 0 Protected, 0 Private variable groups
   WaveToyF77
           Implements: wavetoy
           Inherits:  grid 
           2 Public, 0 Protected, 0 Private variable groups
   WaveToyF90
           Implements: wavetoy
           Inherits:  grid 
           2 Public, 0 Protected, 0 Private variable groups
   WaveToyFreeF90
           Implements: wavetoy
           Inherits:  grid 
           2 Public, 0 Protected, 0 Private variable groups
   WeylScal4
           Implements: WeylScal4
           Inherits:  admbase Boundary GenericFD Grid methodoflines 
           19 Public, 0 Protected, 0 Private variable groups
   ZelmaniLeak
           Implements: ZelmaniLeak
           Inherits:  HydroBase ADMBase TmunuBase Spritz 
           Friend of: Spritz 
           2 Public, 0 Protected, 16 Private variable groups
   hwloc
           Implements: hwloc
           0 Public, 0 Protected, 0 Private variable groups
   libjpeg
           Implements: libjpeg
           0 Public, 0 Protected, 0 Private variable groups
   particle_tracerET
           Implements: particle_tracerET
           Inherits:  grid HydroBase ADMBase 
           0 Public, 0 Protected, 4 Private variable groups
   pthreads
           Implements: PTHREADS
           0 Public, 0 Protected, 0 Private variable groups
   smallbPoynET
           Implements: smallbPoynET
           Inherits:  grid HydroBase ADMBase 
           0 Public, 0 Protected, 2 Private variable groups
   zlib
           Implements: zlib
           0 Public, 0 Protected, 0 Private variable groups
Parsing parameter files...
   ADMAnalysis
           Shares: ADMBASE
          0 Global, 0 Restricted, 4 Private parameters
   ADMBase
          0 Global, 18 Restricted, 0 Private parameters
   ADMCoupling
          0 Global, 0 Restricted, 0 Private parameters
   ADMDerivatives
          0 Global, 0 Restricted, 6 Private parameters
   ADMMacros
          0 Global, 1 Restricted, 0 Private parameters
   ADMMass
          0 Global, 0 Restricted, 17 Private parameters
   AEILocalInterp
          0 Global, 0 Restricted, 1 Private parameters
   AHFinder
           Shares: ADMBASE ADMMACROS GRID IO SPACEMASK
          0 Global, 2 Restricted, 87 Private parameters
   AHFinderDirect
           Shares: ADMBASE GRID IO SPACEMASK SPHERICALSURFACE
          0 Global, 0 Restricted, 154 Private parameters
   Boundary
           Shares: CACTUS
          0 Global, 8 Restricted, 0 Private parameters
   CT_Analytic
           Shares: GENERICFD METHODOFLINES
          0 Global, 67 Restricted, 1 Private parameters
   CT_MultiLevel
           Shares: ADMBASE
          0 Global, 0 Restricted, 66 Private parameters
   Cactus
          0 Global, 7 Restricted, 13 Private parameters
   CalcK
           Shares: ADMBASE
          0 Global, 0 Restricted, 6 Private parameters
   Carpet
           Shares: CACTUS CARPETLIB INITBASE IO
          0 Global, 4 Restricted, 94 Private parameters
   CarpetEvolutionMask
          0 Global, 0 Restricted, 6 Private parameters
   CarpetIOASCII
           Shares: CACTUS IO
          0 Global, 0 Restricted, 63 Private parameters
   CarpetIOBasic
           Shares: CACTUS IO
          0 Global, 0 Restricted, 15 Private parameters
   CarpetIOHDF5
           Shares: CACTUS IO
          0 Global, 0 Restricted, 77 Private parameters
   CarpetIOScalar
           Shares: CACTUS IO
          0 Global, 0 Restricted, 9 Private parameters
   CarpetIntegrateTest
          0 Global, 0 Restricted, 2 Private parameters
   CarpetInterp
          0 Global, 0 Restricted, 5 Private parameters
   CarpetInterp2
          0 Global, 0 Restricted, 3 Private parameters
   CarpetLib
           Shares: IO
          0 Global, 5 Restricted, 31 Private parameters
   CarpetMask
           Shares: SPHERICALSURFACE
          0 Global, 0 Restricted, 8 Private parameters
   CarpetProlongateTest
          0 Global, 0 Restricted, 16 Private parameters
   CarpetReduce
          0 Global, 0 Restricted, 3 Private parameters
   CarpetRegrid
          0 Global, 5 Restricted, 65 Private parameters
   CarpetRegrid2
          0 Global, 0 Restricted, 135 Private parameters
   CarpetRegridTest
          0 Global, 0 Restricted, 3 Private parameters
   CarpetSlab
          0 Global, 0 Restricted, 0 Private parameters
   CarpetTracker
           Shares: SPHERICALSURFACE
          0 Global, 0 Restricted, 3 Private parameters
   CartGrid3D
           Shares: DRIVER
          0 Global, 23 Restricted, 10 Private parameters
   Cartoon2D
          0 Global, 0 Restricted, 12 Private parameters
   ConservativeToPrimitive
          0 Global, 0 Restricted, 23 Private parameters
   Constants
          0 Global, 0 Restricted, 0 Private parameters
   Convert_to_HydroBase
           Shares: ADMBASE HYDROBASE ILLINOISGRMHD
          0 Global, 0 Restricted, 1 Private parameters
   CookImporter
           Shares: ADMBASE HYDROBASE
          0 Global, 0 Restricted, 12 Private parameters
   CoordBase
          0 Global, 0 Restricted, 44 Private parameters
   CoordGauge
           Shares: ADMBASE
          0 Global, 2 Restricted, 1 Private parameters
   Coordinates
          0 Global, 1 Restricted, 71 Private parameters
   CoordinatesSymmetry
          0 Global, 0 Restricted, 6 Private parameters
   CycleClock
          0 Global, 0 Restricted, 1 Private parameters
   DemoInterp
          0 Global, 0 Restricted, 3 Private parameters
   Dissipation
           Shares: SPACEMASK
          0 Global, 18 Restricted, 0 Private parameters
   DistortedBHIVP
           Shares: ADMBASE STATICCONFORMAL
          0 Global, 0 Restricted, 11 Private parameters
   EHFinder
           Shares: ADMBASE GRID METHODOFLINES SPACEMASK
          0 Global, 3 Restricted, 56 Private parameters
   EIDR
          0 Global, 0 Restricted, 0 Private parameters
   EOS_Base
          0 Global, 0 Restricted, 0 Private parameters
   EOS_Hybrid
           Shares: EOS_2D_POLYTROPE
          0 Global, 3 Restricted, 0 Private parameters
   EOS_IdealFluid
          0 Global, 1 Restricted, 0 Private parameters
   EOS_Polytrope
          0 Global, 4 Restricted, 0 Private parameters
   EinsteinExact_Test
          0 Global, 0 Restricted, 0 Private parameters
   EllBase
          0 Global, 1 Restricted, 0 Private parameters
   EllSOR
           Shares: ELLBASE
          0 Global, 0 Restricted, 0 Private parameters
   Elliptica_BHNS
           Shares: ADMBASE HYDROBASE IO
          0 Global, 0 Restricted, 5 Private parameters
   Exact
           Shares: ADMBASE STATICCONFORMAL
          0 Global, 93 Restricted, 19 Private parameters
   Extract
           Shares: ADMBASE GRID IO
          0 Global, 0 Restricted, 30 Private parameters
   FFTW3
          0 Global, 0 Restricted, 0 Private parameters
   FleshInfo
          0 Global, 0 Restricted, 0 Private parameters
   Fortran
          0 Global, 0 Restricted, 1 Private parameters
   GSL
          0 Global, 0 Restricted, 0 Private parameters
   GaugeWave
           Shares: ADMBASE GENERICFD METHODOFLINES
          0 Global, 29 Restricted, 1 Private parameters
   GenericFD
          0 Global, 13 Restricted, 0 Private parameters
   GlobalDerivative
           Shares: SUMMATIONBYPARTS
          0 Global, 5 Restricted, 0 Private parameters
   HDF5
          0 Global, 0 Restricted, 0 Private parameters
   HTTPD
           Shares: CACTUS
          0 Global, 0 Restricted, 22 Private parameters
   HTTPDExtra
          0 Global, 0 Restricted, 1 Private parameters
   HelloWorld
          0 Global, 0 Restricted, 0 Private parameters
   HighOrderWaveTest
          0 Global, 0 Restricted, 0 Private parameters
   HydroBase
           Shares: INITBASE IO
          0 Global, 17 Restricted, 0 Private parameters
   Hydro_Analysis
           Shares: HYDROBASE
          0 Global, 4 Restricted, 15 Private parameters
   Hydro_InitExcision
           Shares: GRID
          0 Global, 11 Restricted, 0 Private parameters
   Hydro_RNSID
           Shares: ADMBASE HYDROBASE
          0 Global, 0 Restricted, 17 Private parameters
   IDAnalyticBH
           Shares: ADMBASE STATICCONFORMAL
          0 Global, 0 Restricted, 23 Private parameters
   IDAxiBrillBH
           Shares: ADMBASE
          0 Global, 0 Restricted, 20 Private parameters
   IDAxiOddBrillBH
           Shares: ADMBASE STATICCONFORMAL
          0 Global, 0 Restricted, 17 Private parameters
   IDBrillData
           Shares: ADMBASE STATICCONFORMAL
          0 Global, 0 Restricted, 31 Private parameters
   IDConstraintViolate
           Shares: ADMBASE
          0 Global, 0 Restricted, 3 Private parameters
   IDFileADM
           Shares: ADMBASE IO STATICCONFORMAL
          0 Global, 0 Restricted, 0 Private parameters
   IDLinearWaves
           Shares: ADMBASE STATICCONFORMAL
          0 Global, 0 Restricted, 11 Private parameters
   IDScalarWave
           Shares: GRID
          0 Global, 1 Restricted, 6 Private parameters
   IDScalarWaveC
           Shares: GRID
          0 Global, 1 Restricted, 6 Private parameters
   IDScalarWaveCXX
           Shares: GRID
          0 Global, 1 Restricted, 6 Private parameters
   IDScalarWaveElliptic
           Shares: IDSCALARWAVE
          0 Global, 0 Restricted, 5 Private parameters
   IDWaveMoL
          0 Global, 1 Restricted, 17 Private parameters
   ID_NrotStar
           Shares: ADMBASE HYDROBASE
          0 Global, 0 Restricted, 3 Private parameters
   ID_converter_ILGRMHD
           Shares: ILLINOISGRMHD
          0 Global, 0 Restricted, 11 Private parameters
   IOASCII
           Shares: IO
          0 Global, 0 Restricted, 35 Private parameters
   IOBasic
           Shares: IO
          0 Global, 0 Restricted, 13 Private parameters
   IOHDF5
           Shares: IO
          0 Global, 0 Restricted, 5 Private parameters
   IOHDF5Util
           Shares: IO
          0 Global, 0 Restricted, 1 Private parameters
   IOUtil
          0 Global, 59 Restricted, 2 Private parameters
   IllinoisGRMHD
           Shares: ADMBASE
          0 Global, 17 Restricted, 1 Private parameters
   InitBase
          0 Global, 1 Restricted, 0 Private parameters
   InterpToArray
          0 Global, 93 Restricted, 0 Private parameters
   Interpolate2
          0 Global, 0 Restricted, 11 Private parameters
   KerrSchild
           Shares: ADMBASE GENERICFD METHODOFLINES
          0 Global, 29 Restricted, 1 Private parameters
   LORENE2
          0 Global, 0 Restricted, 0 Private parameters
   LapseFinder
          0 Global, 0 Restricted, 5 Private parameters
   LeanBSSNMoL
           Shares: ADMBASE METHODOFLINES
          0 Global, 3 Restricted, 32 Private parameters
   LlamaWaveToy
           Shares: COORDINATES METHODOFLINES
          0 Global, 0 Restricted, 35 Private parameters
   LocalInterp
          0 Global, 0 Restricted, 0 Private parameters
   LocalInterp2
          0 Global, 0 Restricted, 0 Private parameters
   LocalReduce
          0 Global, 0 Restricted, 0 Private parameters
   LoopControl
           Shares: IO
          0 Global, 0 Restricted, 20 Private parameters
   ML_ADMConstraints
           Shares: GENERICFD METHODOFLINES
          0 Global, 9 Restricted, 0 Private parameters
   ML_ADMQuantities
           Shares: GENERICFD METHODOFLINES
          0 Global, 10 Restricted, 0 Private parameters
   ML_BSSN
           Shares: ADMBASE GENERICFD METHODOFLINES
          0 Global, 71 Restricted, 137 Private parameters
   ML_BSSN_Helper
           Shares: ADMBASE BOUNDARY GENERICFD METHODOFLINES ML_BSSN
          0 Global, 0 Restricted, 1 Private parameters
   ML_BSSN_Test
          0 Global, 0 Restricted, 0 Private parameters
   ML_CCZ4
           Shares: ADMBASE GENERICFD METHODOFLINES
          0 Global, 74 Restricted, 145 Private parameters
   ML_CCZ4_Helper
           Shares: ADMBASE BOUNDARY GENERICFD METHODOFLINES ML_CCZ4
          0 Global, 0 Restricted, 1 Private parameters
   ML_CCZ4_Test
          0 Global, 0 Restricted, 0 Private parameters
   ML_WaveToy
           Shares: GENERICFD METHODOFLINES
          0 Global, 21 Restricted, 17 Private parameters
   ML_WaveToy_Test
          0 Global, 0 Restricted, 0 Private parameters
   MPI
          0 Global, 0 Restricted, 0 Private parameters
   MemSpeed
          0 Global, 0 Restricted, 2 Private parameters
   Meudon_Bin_BH
           Shares: ADMBASE
          0 Global, 0 Restricted, 1 Private parameters
   Meudon_Bin_NS
           Shares: ADMBASE HYDROBASE
          0 Global, 0 Restricted, 7 Private parameters
   Meudon_Mag_NS
           Shares: ADMBASE HYDROBASE
          0 Global, 0 Restricted, 1 Private parameters
   Minkowski
           Shares: ADMBASE GENERICFD METHODOFLINES
          0 Global, 27 Restricted, 1 Private parameters
   MoL
           Shares: CACTUS
          0 Global, 9 Restricted, 26 Private parameters
   ModifiedSchwarzschildBL
           Shares: ADMBASE GENERICFD METHODOFLINES
          0 Global, 29 Restricted, 1 Private parameters
   Multipole
           Shares: IO
          0 Global, 26 Restricted, 0 Private parameters
   NPScalars
          0 Global, 0 Restricted, 2 Private parameters
   NPScalars_Proca
           Shares: PROCABASE
          0 Global, 0 Restricted, 1 Private parameters
   NaNCatcher
          0 Global, 0 Restricted, 0 Private parameters
   NaNChecker
          0 Global, 0 Restricted, 11 Private parameters
   NewRad
          0 Global, 0 Restricted, 1 Private parameters
   Nice
          0 Global, 0 Restricted, 1 Private parameters
   NoExcision
          0 Global, 0 Restricted, 27 Private parameters
   NoMPI
          0 Global, 0 Restricted, 0 Private parameters
   Noise
          0 Global, 0 Restricted, 7 Private parameters
   Norms
          0 Global, 0 Restricted, 4 Private parameters
   NullConstr
           Shares: NULLEVOLVE NULLGRID
          0 Global, 1 Restricted, 0 Private parameters
   NullDecomp
           Shares: IO NULLGRID
          0 Global, 1 Restricted, 2 Private parameters
   NullEvolve
           Shares: CACTUS NULLGRID NULLINTERP TIME
          0 Global, 15 Restricted, 31 Private parameters
   NullExact
           Shares: METHODOFLINES NULLEVOLVE NULLGRID NULLNEWS
          0 Global, 4 Restricted, 14 Private parameters
   NullGrid
          0 Global, 8 Restricted, 0 Private parameters
   NullInterp
           Shares: NULLGRID
          0 Global, 3 Restricted, 7 Private parameters
   NullNews
           Shares: CACTUS NULLGRID
          0 Global, 1 Restricted, 21 Private parameters
   NullPsiInt
           Shares: METHODOFLINES NULLGRID
          0 Global, 2 Restricted, 1 Private parameters
   NullSHRExtract
           Shares: CACTUS NULLEVOLVE NULLGRID
          0 Global, 4 Restricted, 14 Private parameters
   NullVars
           Shares: NULLGRID
          0 Global, 0 Restricted, 0 Private parameters
   OpenBLAS
          0 Global, 0 Restricted, 0 Private parameters
   OpenSSL
          0 Global, 0 Restricted, 0 Private parameters
   Outflow
           Shares: IO SPHERICALSURFACE
          0 Global, 0 Restricted, 19 Private parameters
   PUGH
           Shares: CACTUS
          0 Global, 4 Restricted, 51 Private parameters
   PUGHInterp
          0 Global, 0 Restricted, 0 Private parameters
   PUGHReduce
          0 Global, 0 Restricted, 0 Private parameters
   PUGHSlab
          0 Global, 0 Restricted, 0 Private parameters
   Periodic
          0 Global, 0 Restricted, 8 Private parameters
   PeriodicCarpet
          0 Global, 0 Restricted, 5 Private parameters
   Poisson
          0 Global, 0 Restricted, 4 Private parameters
   ProcaBase
           Shares: IO
          0 Global, 10 Restricted, 0 Private parameters
   ProcaEvolve
           Shares: METHODOFLINES PROCABASE
          0 Global, 3 Restricted, 6 Private parameters
   Proca_simpleID
           Shares: ADMBASE
          0 Global, 7 Restricted, 0 Private parameters
   PunctureTracker
           Shares: SPHERICALSURFACE
          0 Global, 0 Restricted, 10 Private parameters
   QuasiLocalMeasures
           Shares: ADMBASE SPHERICALSURFACE
          0 Global, 0 Restricted, 13 Private parameters
   ReadInterpolate
           Shares: IO
          0 Global, 0 Restricted, 14 Private parameters
   Recovery_Util
          0 Global, 1 Restricted, 0 Private parameters
   ReflectionSymmetry
          0 Global, 0 Restricted, 13 Private parameters
   RegridSyncTest
          0 Global, 0 Restricted, 0 Private parameters
   RhoBFinder
          0 Global, 0 Restricted, 6 Private parameters
   RotatingDBHIVP
           Shares: ADMBASE STATICCONFORMAL
          0 Global, 0 Restricted, 13 Private parameters
   RotatingSymmetry180
          0 Global, 0 Restricted, 8 Private parameters
   RotatingSymmetry90
          0 Global, 0 Restricted, 4 Private parameters
   SampleBoundary
          0 Global, 0 Restricted, 0 Private parameters
   SampleIO
           Shares: IO
          0 Global, 0 Restricted, 5 Private parameters
   Seed_Magnetic_Fields
          0 Global, 7 Restricted, 0 Private parameters
   Seed_Magnetic_Fields_BNS
          0 Global, 14 Restricted, 0 Private parameters
   SetMask_SphericalSurface
           Shares: SPHERICALSURFACE
          0 Global, 0 Restricted, 5 Private parameters
   ShiftedGaugeWave
           Shares: ADMBASE GENERICFD METHODOFLINES
          0 Global, 29 Restricted, 1 Private parameters
   Slab
          0 Global, 0 Restricted, 2 Private parameters
   SlabTest
          0 Global, 0 Restricted, 0 Private parameters
   Socket
          0 Global, 0 Restricted, 0 Private parameters
   SpaceMask
          0 Global, 1 Restricted, 0 Private parameters
   SphericalHarmonicDecomp
           Shares: IO
          0 Global, 0 Restricted, 18 Private parameters
   SphericalHarmonicRecon
          0 Global, 0 Restricted, 10 Private parameters
   SphericalHarmonicReconGen
           Shares: NULLSHREXTRACT
          0 Global, 0 Restricted, 45 Private parameters
   SphericalSurface
          0 Global, 15 Restricted, 9 Private parameters
   Spritz
           Shares: ADMBASE ADMMACROS HYDROBASE INITBASE METHODOFLINES
          0 Global, 77 Restricted, 0 Private parameters
   Spritz_InitData
           Shares: ADMBASE EOS_OMNI HYDROBASE SPRITZ
          0 Global, 0 Restricted, 47 Private parameters
   Spritz_SetBeta
           Shares: HYDROBASE SPRITZ
          0 Global, 0 Restricted, 4 Private parameters
   StaticConformal
           Shares: ADMBASE
          0 Global, 1 Restricted, 0 Private parameters
   SummationByParts
          0 Global, 23 Restricted, 0 Private parameters
   SymBase
          0 Global, 0 Restricted, 1 Private parameters
   SystemStatistics
          0 Global, 0 Restricted, 0 Private parameters
   SystemTopology
          0 Global, 0 Restricted, 2 Private parameters
   TATelliptic
          0 Global, 0 Restricted, 0 Private parameters
   TGRtensor
          0 Global, 0 Restricted, 0 Private parameters
   TOVSolver
           Shares: ADMBASE HYDROBASE STATICCONFORMAL
          0 Global, 0 Restricted, 27 Private parameters
   TensorTypes
          0 Global, 0 Restricted, 0 Private parameters
   TerminationTrigger
           Shares: IO
          0 Global, 0 Restricted, 10 Private parameters
   TestArrays
          0 Global, 0 Restricted, 20 Private parameters
   TestCarpetGridInfo
          0 Global, 0 Restricted, 2 Private parameters
   TestComplex
          0 Global, 0 Restricted, 3 Private parameters
   TestCoordinates
          0 Global, 2 Restricted, 0 Private parameters
   TestFortranCrayPointers
          0 Global, 0 Restricted, 0 Private parameters
   TestFortranDependencies1
          0 Global, 0 Restricted, 0 Private parameters
   TestFortranDependencies2
          0 Global, 0 Restricted, 0 Private parameters
   TestFpointerNULL
          0 Global, 0 Restricted, 0 Private parameters
   TestFreeF90
          0 Global, 0 Restricted, 0 Private parameters
   TestGlobalReduce
          0 Global, 0 Restricted, 11 Private parameters
   TestInclude1
          0 Global, 0 Restricted, 0 Private parameters
   TestInclude2
          0 Global, 0 Restricted, 0 Private parameters
   TestLocalInterp2
          0 Global, 0 Restricted, 3 Private parameters
   TestLocalReduce
          0 Global, 0 Restricted, 3 Private parameters
   TestLoop
          0 Global, 0 Restricted, 0 Private parameters
   TestLoopControl
          0 Global, 0 Restricted, 0 Private parameters
   TestMath
          0 Global, 0 Restricted, 0 Private parameters
   TestMoL
          0 Global, 0 Restricted, 4 Private parameters
   TestPar
          0 Global, 0 Restricted, 16 Private parameters
   TestReadWrite
          0 Global, 0 Restricted, 4 Private parameters
   TestReduce
          0 Global, 0 Restricted, 0 Private parameters
   TestSchedule
          0 Global, 0 Restricted, 0 Private parameters
   TestStrings
          0 Global, 0 Restricted, 0 Private parameters
   TestTable
          0 Global, 0 Restricted, 0 Private parameters
   TestTimers
          0 Global, 0 Restricted, 1 Private parameters
   TestTypes
          0 Global, 0 Restricted, 4 Private parameters
   Time
           Shares: CACTUS
          0 Global, 2 Restricted, 5 Private parameters
   TimerInfo
          0 Global, 0 Restricted, 3 Private parameters
   TimerReport
           Shares: IO
          0 Global, 0 Restricted, 11 Private parameters
   Timers
           Shares: IO
          0 Global, 0 Restricted, 6 Private parameters
   TmunuBase
          0 Global, 2 Restricted, 3 Private parameters
   Trigger
          0 Global, 0 Restricted, 18 Private parameters
   TwoPunctures
           Shares: ADMBASE IO STATICCONFORMAL
          0 Global, 33 Restricted, 0 Private parameters
   TwoPunctures_KerrProca
           Shares: ADMBASE IO PROCABASE STATICCONFORMAL
          0 Global, 34 Restricted, 5 Private parameters
   UA_EOS_Omni
           Shares: IO
          0 Global, 30 Restricted, 0 Private parameters
   Vaidya2
           Shares: ADMBASE GENERICFD METHODOFLINES
          0 Global, 29 Restricted, 1 Private parameters
   Vectors
          0 Global, 0 Restricted, 2 Private parameters
   VolumeIntegrals_GRMHD
           Shares: GRID IO
          0 Global, 0 Restricted, 18 Private parameters
   VolumeIntegrals_vacuum
           Shares: GRID IO
          0 Global, 0 Restricted, 21 Private parameters
   WatchDog
          0 Global, 0 Restricted, 1 Private parameters
   WaveBinarySource
          0 Global, 0 Restricted, 5 Private parameters
   WaveExtractL
           Shares: ADMBASE GRID IO SPHERICALSURFACE
          0 Global, 0 Restricted, 53 Private parameters
   WaveMoL
           Shares: METHODOFLINES
          0 Global, 2 Restricted, 1 Private parameters
   WaveToy1DF77
          0 Global, 0 Restricted, 4 Private parameters
   WaveToy2DF77
          0 Global, 0 Restricted, 5 Private parameters
   WaveToyC
          0 Global, 1 Restricted, 0 Private parameters
   WaveToyCXX
          0 Global, 1 Restricted, 0 Private parameters
   WaveToyExtra
           Shares: WAVETOY
          0 Global, 0 Restricted, 2 Private parameters
   WaveToyF77
          0 Global, 1 Restricted, 0 Private parameters
   WaveToyF90
          0 Global, 1 Restricted, 0 Private parameters
   WaveToyFreeF90
          0 Global, 1 Restricted, 0 Private parameters
   WeylScal4
           Shares: GENERICFD METHODOFLINES
          0 Global, 30 Restricted, 3 Private parameters
   ZelmaniLeak
           Shares: METHODOFLINES SPRITZ
          0 Global, 1 Restricted, 38 Private parameters
   hwloc
          0 Global, 0 Restricted, 0 Private parameters
   libjpeg
          0 Global, 0 Restricted, 0 Private parameters
   particle_tracerET
           Shares: ADMBASE HYDROBASE IO
          0 Global, 0 Restricted, 15 Private parameters
   pthreads
          0 Global, 0 Restricted, 0 Private parameters
   smallbPoynET
           Shares: ADMBASE HYDROBASE
          0 Global, 0 Restricted, 2 Private parameters
   zlib
          0 Global, 0 Restricted, 0 Private parameters
Parsing schedule files...
   ADMAnalysis
          15 schedule blocks.
   ADMBase
          27 schedule blocks.
   ADMCoupling
          0 schedule blocks.
   ADMDerivatives
          7 schedule blocks.
   ADMMacros
          1 schedule blocks.
   ADMMass
          10 schedule blocks.
   AEILocalInterp
          1 schedule blocks.
   AHFinder
          7 schedule blocks.
   AHFinderDirect
          34 schedule blocks.
   Boundary
          6 schedule blocks.
   CT_Analytic
          13 schedule blocks.
   CT_MultiLevel
          1 schedule blocks.
   Cactus
          24 schedule blocks.
   CalcK
          5 schedule blocks.
   Carpet
          9 schedule blocks.
   CarpetEvolutionMask
          7 schedule blocks.
   CarpetIOASCII
          2 schedule blocks.
   CarpetIOBasic
          2 schedule blocks.
   CarpetIOHDF5
          10 schedule blocks.
   CarpetIOScalar
          2 schedule blocks.
   CarpetIntegrateTest
          3 schedule blocks.
   CarpetInterp
          1 schedule blocks.
   CarpetInterp2
          0 schedule blocks.
   CarpetLib
          4 schedule blocks.
   CarpetMask
          4 schedule blocks.
   CarpetProlongateTest
          9 schedule blocks.
   CarpetReduce
          15 schedule blocks.
   CarpetRegrid
          1 schedule blocks.
   CarpetRegrid2
          2 schedule blocks.
   CarpetRegridTest
          3 schedule blocks.
   CarpetSlab
          0 schedule blocks.
   CarpetTracker
          1 schedule blocks.
   CartGrid3D
          11 schedule blocks.
   Cartoon2D
          6 schedule blocks.
   ConservativeToPrimitive
          1 schedule blocks.
   Constants
          0 schedule blocks.
   Convert_to_HydroBase
          2 schedule blocks.
   CookImporter
          5 schedule blocks.
   CoordBase
          1 schedule blocks.
   CoordGauge
          8 schedule blocks.
   Coordinates
          26 schedule blocks.
   CoordinatesSymmetry
          2 schedule blocks.
   CycleClock
          1 schedule blocks.
   DemoInterp
          6 schedule blocks.
   Dissipation
          6 schedule blocks.
   DistortedBHIVP
          2 schedule blocks.
   EHFinder
          86 schedule blocks.
   EIDR
          0 schedule blocks.
   EOS_Base
          0 schedule blocks.
   EOS_Hybrid
          2 schedule blocks.
   EOS_IdealFluid
          1 schedule blocks.
   EOS_Polytrope
          1 schedule blocks.
   EinsteinExact_Test
          0 schedule blocks.
   EllBase
          1 schedule blocks.
   EllSOR
          1 schedule blocks.
   Elliptica_BHNS
          1 schedule blocks.
   Exact
          16 schedule blocks.
   Extract
          2 schedule blocks.
   FFTW3
          0 schedule blocks.
   FleshInfo
          4 schedule blocks.
   Fortran
          1 schedule blocks.
   GSL
          0 schedule blocks.
   GaugeWave
          10 schedule blocks.
   GenericFD
          0 schedule blocks.
   GlobalDerivative
          2 schedule blocks.
   HDF5
          0 schedule blocks.
   HTTPD
          7 schedule blocks.
   HTTPDExtra
          1 schedule blocks.
   HelloWorld
          1 schedule blocks.
   HighOrderWaveTest
          0 schedule blocks.
   HydroBase
          22 schedule blocks.
   Hydro_Analysis
          17 schedule blocks.
   Hydro_InitExcision
          4 schedule blocks.
   Hydro_RNSID
          2 schedule blocks.
   IDAnalyticBH
          6 schedule blocks.
   IDAxiBrillBH
          2 schedule blocks.
   IDAxiOddBrillBH
          2 schedule blocks.
   IDBrillData
          3 schedule blocks.
   IDConstraintViolate
          2 schedule blocks.
   IDFileADM
          2 schedule blocks.
   IDLinearWaves
          8 schedule blocks.
   IDScalarWave
          3 schedule blocks.
   IDScalarWaveC
          2 schedule blocks.
   IDScalarWaveCXX
          2 schedule blocks.
   IDScalarWaveElliptic
          1 schedule blocks.
   IDWaveMoL
          2 schedule blocks.
   ID_NrotStar
          2 schedule blocks.
   ID_converter_ILGRMHD
          7 schedule blocks.
   IOASCII
          3 schedule blocks.
   IOBasic
          2 schedule blocks.
   IOHDF5
          5 schedule blocks.
   IOHDF5Util
          2 schedule blocks.
   IOUtil
          4 schedule blocks.
   IllinoisGRMHD
          13 schedule blocks.
   InitBase
          0 schedule blocks.
   InterpToArray
          1 schedule blocks.
   Interpolate2
          7 schedule blocks.
   KerrSchild
          10 schedule blocks.
   LORENE2
          0 schedule blocks.
   LapseFinder
          7 schedule blocks.
   LeanBSSNMoL
          23 schedule blocks.
   LlamaWaveToy
          14 schedule blocks.
   LocalInterp
          1 schedule blocks.
   LocalInterp2
          1 schedule blocks.
   LocalReduce
          1 schedule blocks.
   LoopControl
          4 schedule blocks.
   ML_ADMConstraints
          12 schedule blocks.
   ML_ADMQuantities
          12 schedule blocks.
   ML_BSSN
          33 schedule blocks.
   ML_BSSN_Helper
          11 schedule blocks.
   ML_BSSN_Test
          0 schedule blocks.
   ML_CCZ4
          33 schedule blocks.
   ML_CCZ4_Helper
          11 schedule blocks.
   ML_CCZ4_Test
          0 schedule blocks.
   ML_WaveToy
          13 schedule blocks.
   ML_WaveToy_Test
          0 schedule blocks.
   MPI
          0 schedule blocks.
   MemSpeed
          1 schedule blocks.
   Meudon_Bin_BH
          2 schedule blocks.
   Meudon_Bin_NS
          1 schedule blocks.
   Meudon_Mag_NS
          2 schedule blocks.
   Minkowski
          10 schedule blocks.
   MoL
          68 schedule blocks.
   ModifiedSchwarzschildBL
          10 schedule blocks.
   Multipole
          6 schedule blocks.
   NPScalars
          12 schedule blocks.
   NPScalars_Proca
          11 schedule blocks.
   NaNCatcher
          1 schedule blocks.
   NaNChecker
          10 schedule blocks.
   NewRad
          0 schedule blocks.
   Nice
          1 schedule blocks.
   NoExcision
          23 schedule blocks.
   NoMPI
          0 schedule blocks.
   Noise
          3 schedule blocks.
   Norms
          2 schedule blocks.
   NullConstr
          2 schedule blocks.
   NullDecomp
          1 schedule blocks.
   NullEvolve
          16 schedule blocks.
   NullExact
          14 schedule blocks.
   NullGrid
          4 schedule blocks.
   NullInterp
          3 schedule blocks.
   NullNews
          8 schedule blocks.
   NullPsiInt
          3 schedule blocks.
   NullSHRExtract
          25 schedule blocks.
   NullVars
          0 schedule blocks.
   OpenBLAS
          0 schedule blocks.
   OpenSSL
          0 schedule blocks.
   Outflow
          2 schedule blocks.
   PUGH
          8 schedule blocks.
   PUGHInterp
          1 schedule blocks.
   PUGHReduce
          1 schedule blocks.
   PUGHSlab
          0 schedule blocks.
   Periodic
          2 schedule blocks.
   PeriodicCarpet
          3 schedule blocks.
   Poisson
          5 schedule blocks.
   ProcaBase
          1 schedule blocks.
   ProcaEvolve
          8 schedule blocks.
   Proca_simpleID
          1 schedule blocks.
   PunctureTracker
          3 schedule blocks.
   QuasiLocalMeasures
          3 schedule blocks.
   ReadInterpolate
          8 schedule blocks.
   Recovery_Util
          6 schedule blocks.
   ReflectionSymmetry
          2 schedule blocks.
   RegridSyncTest
          5 schedule blocks.
   RhoBFinder
          7 schedule blocks.
   RotatingDBHIVP
          2 schedule blocks.
   RotatingSymmetry180
          4 schedule blocks.
   RotatingSymmetry90
          4 schedule blocks.
   SampleBoundary
          1 schedule blocks.
   SampleIO
          1 schedule blocks.
   Seed_Magnetic_Fields
          1 schedule blocks.
   Seed_Magnetic_Fields_BNS
          1 schedule blocks.
   SetMask_SphericalSurface
          3 schedule blocks.
   ShiftedGaugeWave
          10 schedule blocks.
   Slab
          3 schedule blocks.
   SlabTest
          1 schedule blocks.
   Socket
          0 schedule blocks.
   SpaceMask
          9 schedule blocks.
   SphericalHarmonicDecomp
          2 schedule blocks.
   SphericalHarmonicRecon
          4 schedule blocks.
   SphericalHarmonicReconGen
          7 schedule blocks.
   SphericalSurface
          8 schedule blocks.
   Spritz
          59 schedule blocks.
   Spritz_InitData
          18 schedule blocks.
   Spritz_SetBeta
          4 schedule blocks.
   StaticConformal
          1 schedule blocks.
   SummationByParts
          4 schedule blocks.
   SymBase
          5 schedule blocks.
   SystemStatistics
          1 schedule blocks.
   SystemTopology
          1 schedule blocks.
   TATelliptic
          1 schedule blocks.
   TGRtensor
          0 schedule blocks.
   TOVSolver
          10 schedule blocks.
   TensorTypes
          0 schedule blocks.
   TerminationTrigger
          9 schedule blocks.
   TestArrays
          2 schedule blocks.
   TestCarpetGridInfo
          1 schedule blocks.
   TestComplex
          3 schedule blocks.
   TestCoordinates
          3 schedule blocks.
   TestFortranCrayPointers
          2 schedule blocks.
   TestFortranDependencies1
          0 schedule blocks.
   TestFortranDependencies2
          0 schedule blocks.
   TestFpointerNULL
          1 schedule blocks.
   TestFreeF90
          0 schedule blocks.
   TestGlobalReduce
          12 schedule blocks.
   TestInclude1
          1 schedule blocks.
   TestInclude2
          1 schedule blocks.
   TestLocalInterp2
          3 schedule blocks.
   TestLocalReduce
          3 schedule blocks.
   TestLoop
          3 schedule blocks.
   TestLoopControl
          3 schedule blocks.
   TestMath
          2 schedule blocks.
   TestMoL
          7 schedule blocks.
   TestPar
          2 schedule blocks.
   TestReadWrite
          13 schedule blocks.
   TestReduce
          5 schedule blocks.
   TestSchedule
          19 schedule blocks.
   TestStrings
          1 schedule blocks.
   TestTable
          1 schedule blocks.
   TestTimers
          3 schedule blocks.
   TestTypes
          2 schedule blocks.
   Time
          7 schedule blocks.
   TimerInfo
          1 schedule blocks.
   TimerReport
          3 schedule blocks.
   Timers
          2 schedule blocks.
   TmunuBase
          5 schedule blocks.
   Trigger
          3 schedule blocks.
   TwoPunctures
          5 schedule blocks.
   TwoPunctures_KerrProca
          5 schedule blocks.
   UA_EOS_Omni
          6 schedule blocks.
   Vaidya2
          10 schedule blocks.
   Vectors
          2 schedule blocks.
   VolumeIntegrals_GRMHD
          10 schedule blocks.
   VolumeIntegrals_vacuum
          10 schedule blocks.
   WatchDog
          1 schedule blocks.
   WaveBinarySource
          1 schedule blocks.
   WaveExtractL
          17 schedule blocks.
   WaveMoL
          9 schedule blocks.
   WaveToy1DF77
          6 schedule blocks.
   WaveToy2DF77
          6 schedule blocks.
   WaveToyC
          11 schedule blocks.
   WaveToyCXX
          11 schedule blocks.
   WaveToyExtra
          3 schedule blocks.
   WaveToyF77
          11 schedule blocks.
   WaveToyF90
          11 schedule blocks.
   WaveToyFreeF90
          7 schedule blocks.
   WeylScal4
          48 schedule blocks.
   ZelmaniLeak
          29 schedule blocks.
   hwloc
          2 schedule blocks.
   libjpeg
          0 schedule blocks.
   particle_tracerET
          7 schedule blocks.
   pthreads
          0 schedule blocks.
   smallbPoynET
          1 schedule blocks.
   zlib
          0 schedule blocks.
Running any thorn-provided configuration scripts...

********************************************************************************
Running configuration script for thorn EIDR:
Using EIDR in /home/pespino/Elliptica_ID_Reader
Finished running configuration script for thorn EIDR.

********************************************************************************
Running configuration script for thorn ELLIPTICA_BHNS:
Finished running configuration script for thorn ELLIPTICA_BHNS.

********************************************************************************
Running configuration script for thorn FFTW3:
FFTW3 selected, but FFTW3_DIR not set. Checking some places...
FFTW3 not found
Using bundled FFTW3...
Finished running configuration script for thorn FFTW3.

********************************************************************************
Running configuration script for thorn FORTRAN:
Found a traditional Fortran cpp
Finished running configuration script for thorn FORTRAN.

********************************************************************************
Running configuration script for thorn GSL:
GSL selected, but GSL_DIR not set. Checking pkg-config ...
GSL found: /usr
Finished running configuration script for thorn GSL.

********************************************************************************
Running configuration script for thorn LIBJPEG:
LIBJPEG selected, and /cm/shared/apps/spack/cpu/opt/spack/linux-centos8-zen2/gcc-9.2.0/libjpeg-turbo-2.0.4-7kvjnifz7gpi2dhio6stpbtznc4g4ssk/ selected.
LIBJPEG found.
Finished running configuration script for thorn LIBJPEG.

********************************************************************************
Running configuration script for thorn OPENBLAS:
Finished running configuration script for thorn OPENBLAS.

********************************************************************************
Running configuration script for thorn OPENSSL:
OpenSSL selected, but OPENSSL_DIR not set. Checking some places...
Found OpenSSL in /usr
Finished running configuration script for thorn OPENSSL.

********************************************************************************
Running configuration script for thorn PTHREADS:
PTHREADS selected, but PTHREADS_DIR not set. Checking some places...
Found PTHREADS in /usr
Finished running configuration script for thorn PTHREADS.

********************************************************************************
Running configuration script for thorn VECTORS:
Finished running configuration script for thorn VECTORS.

********************************************************************************
Running configuration script for thorn ZLIB:
Finished running configuration script for thorn ZLIB.

********************************************************************************
Running configuration script for thorn HWLOC:
Finished running configuration script for thorn HWLOC.

********************************************************************************
Running configuration script for thorn LORENE2:
Using LORENE in /home/pespino/Lorene
Finished running configuration script for thorn LORENE2.

********************************************************************************
Running configuration script for thorn MPI:
MPI selected, but MPI_DIR is not set. Computing settings...
Found MPI compiler wrapper at /cm/shared/apps/spack/cpu/opt/spack/linux-centos8-zen2/gcc-9.2.0/openmpi-3.1.6-2kvqbhm5yqjqh3k5pa4dpvqoqyzinxmt/bin/mpic++!
Successfully configured MPI.
Finished running configuration script for thorn MPI.

********************************************************************************
Running configuration script for thorn HDF5:
Additional requested language support:  Fortran
HDF5 selected, and /cm/shared/apps/spack/cpu/opt/spack/linux-centos8-zen2/gcc-9.2.0/hdf5-1.10.6-5q5q4alfsa4or6b25nofmfpixc2vvmg2/ selected.
HDF5 found.
Finished running configuration script for thorn HDF5.
Checking consistency...
Creating Thorn-Flesh bindings...
   Creating implementation bindings...
   Creating parameter bindings...
   Creating variable bindings...
   Creating schedule bindings...
   Creating function bindings...
Generating arguments...
CST finished.
Checking status of thorn CoordBase
Checking status of thorn ADMCoupling
Checking status of thorn SummationByParts
Checking status of thorn ADMMacros
Checking status of thorn ADMMass
Checking status of thorn AEILocalInterp
Checking status of thorn zlib
Checking status of thorn Boundary
Checking status of thorn GenericFD
Checking status of thorn CycleClock
Checking status of thorn Vectors
Checking status of thorn IOUtil
Checking status of thorn Fortran
Checking status of thorn CarpetTracker
Checking status of thorn CarpetRegridTest
Checking status of thorn ConservativeToPrimitive
Checking status of thorn Constants
Checking status of thorn Convert_to_HydroBase
Checking status of thorn CookImporter
Checking status of thorn CoordGauge
Checking status of thorn OpenBLAS
Checking status of thorn TensorTypes
Checking status of thorn CoordinatesSymmetry
Checking status of thorn DemoInterp
Checking status of thorn SphericalSurface
Checking status of thorn DistortedBHIVP
Checking status of thorn EIDR
Checking status of thorn EOS_Base
Checking status of thorn EOS_IdealFluid
Checking status of thorn EinsteinExact_Test
Checking status of thorn EllBase
Checking status of thorn Extract
Checking status of thorn FFTW3
Checking status of thorn FleshInfo
Checking status of thorn GSL
Checking status of thorn Socket
Checking status of thorn pthreads
Checking status of thorn HighOrderWaveTest
Checking status of thorn HydroBase
Checking status of thorn HelloWorld
Checking status of thorn Hydro_InitExcision
Checking status of thorn IDAnalyticBH
Checking status of thorn IDAxiOddBrillBH
Checking status of thorn IDConstraintViolate
Checking status of thorn IDFileADM
Checking status of thorn IDLinearWaves
Checking status of thorn IDScalarWave
Checking status of thorn IDScalarWaveC
Checking status of thorn IDScalarWaveCXX
Checking status of thorn IDScalarWaveElliptic
Checking status of thorn IDWaveMoL
Checking status of thorn ID_converter_ILGRMHD
Checking status of thorn InterpToArray
Checking status of thorn LocalInterp
Checking status of thorn LocalInterp2
Checking status of thorn LocalReduce
Checking status of thorn LeanBSSNMoL
Checking status of thorn ML_CCZ4_Test
Checking status of thorn ML_BSSN_Test
Checking status of thorn ML_WaveToy_Test
Checking status of thorn NPScalars
Checking status of thorn MoL
Checking status of thorn InitBase
Checking status of thorn NPScalars_Proca
FFTW3: Preparing directory structure...
FFTW3: Unpacking archive...
~/Cactus/configs/elliptica/scratch/build/FFTW3 ~/Cactus/configs/elliptica/scratch
COMPILING configs/elliptica/bindings/build/ADMCoupling/cctk_ThornBindings.c
COMPILING CactusWave/IDScalarWave/src/InitialData.F77
COMPILING CactusWave/IDScalarWaveElliptic/src/SourceData.F90
COMPILING configs/elliptica/bindings/build/zlib/cctk_ThornBindings.c
COMPILING configs/elliptica/bindings/build/Constants/cctk_ThornBindings.c
COMPILING configs/elliptica/bindings/build/EIDR/cctk_ThornBindings.c
COMPILING EinsteinBase/ADMMacros/src/SetLocalSpatialOrder.c
COMPILING configs/elliptica/bindings/build/HighOrderWaveTest/cctk_ThornBindings.c
COMPILING configs/elliptica/bindings/build/GSL/cctk_ThornBindings.c
COMPILING configs/elliptica/bindings/build/InitBase/cctk_ThornBindings.c
COMPILING configs/elliptica/bindings/build/pthreads/cctk_ThornBindings.c
COMPILING configs/elliptica/bindings/build/ML_WaveToy_Test/cctk_ThornBindings.c
COMPILING configs/elliptica/bindings/build/EinsteinExact_Test/cctk_ThornBindings.c
COMPILING configs/elliptica/bindings/build/ML_BSSN_Test/cctk_ThornBindings.c
COMPILING configs/elliptica/bindings/build/ML_CCZ4_Test/cctk_ThornBindings.c
COMPILING ExternalLibraries/OpenBLAS/src/blas.F90
COMPILING CactusExamples/HelloWorld/src/HelloWorld.c
COMPILING KrancNumericalTools/GenericFD/src/GenericFD.c
COMPILING EinsteinEOS/EOS_IdealFluid/src/EOS_Ideal_Fluid.F
COMPILING CactusWave/IDScalarWave/src/CheckParameters.F77
COMPILING EinsteinBase/EOS_Base/src/Register.c
COMPILING CactusNumerical/InterpToArray/src/interp.c
Creating /home/pespino/Cactus/configs/elliptica/lib/libthorn_ADMCoupling.a
COMPILING EinsteinBase/CoordGauge/src/Slicing.c
COMPILING EinsteinInitialData/Hydro_InitExcision/src/Hydro_InitExcision.c
Creating /home/pespino/Cactus/configs/elliptica/lib/libthorn_zlib.a
Creating /home/pespino/Cactus/configs/elliptica/lib/libthorn_ML_WaveToy_Test.a
Creating /home/pespino/Cactus/configs/elliptica/lib/libthorn_ML_CCZ4_Test.a
Creating /home/pespino/Cactus/configs/elliptica/lib/libthorn_GSL.a
COMPILING ExternalLibraries/OpenBLAS/src/lapack.F90
Creating /home/pespino/Cactus/configs/elliptica/lib/libthorn_EIDR.a
Creating /home/pespino/Cactus/configs/elliptica/lib/libthorn_HighOrderWaveTest.a
Creating /home/pespino/Cactus/configs/elliptica/lib/libthorn_Constants.a
Creating /home/pespino/Cactus/configs/elliptica/lib/libthorn_EinsteinExact_Test.a
Creating /home/pespino/Cactus/configs/elliptica/lib/libthorn_pthreads.a
Creating /home/pespino/Cactus/configs/elliptica/lib/libthorn_InitBase.a
COMPILING Proca/NPScalars_Proca/src/Basegrid.F90
Creating /home/pespino/Cactus/configs/elliptica/lib/libthorn_ML_BSSN_Test.a
COMPILING EinsteinEOS/EOS_IdealFluid/src/EOS_Ideal_Fluid_Startup.F
COMPILING EinsteinInitialData/IDConstraintViolate/src/Initial.F77
COMPILING CactusConnect/Socket/src/Utils.c
COMPILING EinsteinInitialData/IDAxiOddBrillBH/src/IDAxiOddBrillBH.F
COMPILING Proca/NPScalars_Proca/src/NP_boundaries.F90
COMPILING EinsteinInitialData/IDConstraintViolate/src/ParamChecker.c
COMPILING configs/elliptica/bindings/build/IDScalarWaveElliptic/cctk_ThornBindings.c
COMPILING EinsteinInitialData/DistortedBHIVP/src/DistortedBHIVP.F
COMPILING EinsteinInitialData/IDAxiOddBrillBH/src/Stab2d.F
COMPILING EinsteinInitialData/DistortedBHIVP/src/ParamCheck.c
COMPILING EinsteinInitialData/IDLinearWaves/src/ParamCheck.c
COMPILING EinsteinInitialData/IDFileADM/src/IDFileADM_ParamCheck.c
COMPILING CactusExamples/IDWaveMoL/src/InitialData.c
COMPILING EinsteinInitialData/DistortedBHIVP/src/Stab3d.F
COMPILING Proca/NPScalars_Proca/src/NP_calc_psi_gfs.F90
COMPILING CactusWave/IDScalarWaveC/src/InitialData.c
COMPILING Llama/CoordinatesSymmetry/src/apply.c
COMPILING CactusExamples/DemoInterp/src/Initial1D.F
COMPILING configs/elliptica/bindings/build/IDScalarWave/cctk_ThornBindings.c
COMPILING CactusExamples/DemoInterp/src/Initial2D.F
COMPILING EinsteinInitialData/IDAxiOddBrillBH/src/ParamCheck.c
COMPILING Lean/NPScalars/src/Basegrid.F90
COMPILING configs/elliptica/bindings/build/IDConstraintViolate/cctk_ThornBindings.c
Creating /home/pespino/Cactus/configs/elliptica/lib/libthorn_IDScalarWaveElliptic.a
COMPILING configs/elliptica/bindings/build/OpenBLAS/cctk_ThornBindings.c
COMPILING Lean/NPScalars/src/NP_calc_psi_gfs.F90
COMPILING configs/elliptica/bindings/build/LocalInterp/cctk_ThornBindings.c
COMPILING configs/elliptica/bindings/build/CoordGauge/cctk_ThornBindings.c
COMPILING configs/elliptica/bindings/build/CookImporter/cctk_ThornBindings.c
COMPILING configs/elliptica/bindings/build/ADMMacros/cctk_ThornBindings.c
COMPILING EinsteinInitialData/IDLinearWaves/src/planewaves.F77
COMPILING configs/elliptica/bindings/build/Hydro_InitExcision/cctk_ThornBindings.c
COMPILING configs/elliptica/bindings/build/EOS_IdealFluid/cctk_ThornBindings.c
COMPILING CactusExamples/DemoInterp/src/Initial3D.F
COMPILING configs/elliptica/bindings/build/IDScalarWaveC/cctk_ThornBindings.c
COMPILING configs/elliptica/bindings/build/NPScalars/cctk_ThornBindings.c
COMPILING CactusBase/CoordBase/src/Domain.c
COMPILING configs/elliptica/bindings/build/HelloWorld/cctk_ThornBindings.c
Creating /home/pespino/Cactus/configs/elliptica/lib/libthorn_IDScalarWave.a
COMPILING CactusExamples/FleshInfo/src/Interp.c
COMPILING EinsteinBase/HydroBase/src/StartUp.c
COMPILING CactusExamples/FleshInfo/src/Reduce.c
COMPILING CactusExamples/DemoInterp/src/Interp1D.F
COMPILING configs/elliptica/bindings/build/InterpToArray/cctk_ThornBindings.c
COMPILING CactusExamples/IDWaveMoL/src/CheckParameters.c
COMPILING configs/elliptica/bindings/build/EOS_Base/cctk_ThornBindings.c
Creating /home/pespino/Cactus/configs/elliptica/lib/libthorn_IDConstraintViolate.a
COMPILING EinsteinInitialData/IDLinearWaves/src/sine_planewaves.F77
COMPILING Carpet/CarpetRegridTest/src/Startup.c
Creating /home/pespino/Cactus/configs/elliptica/lib/libthorn_OpenBLAS.a
COMPILING CactusExamples/FleshInfo/src/IO.c
Checking status of thorn NaNCatcher
COMPILING EinsteinInitialData/IDFileADM/src/IDFileADM_Init.c
COMPILING Carpet/CarpetRegridTest/src/TestGaussian.c
COMPILING Carpet/CarpetRegridTest/src/SetupGaussian.c
Creating /home/pespino/Cactus/configs/elliptica/lib/libthorn_CoordGauge.a
Creating /home/pespino/Cactus/configs/elliptica/lib/libthorn_ADMMacros.a
COMPILING configs/elliptica/bindings/build/MoL/cctk_ThornBindings.c
COMPILING configs/elliptica/bindings/build/GenericFD/cctk_ThornBindings.c
COMPILING EinsteinAnalysis/ADMMass/src/surface_integral.c
Creating /home/pespino/Cactus/configs/elliptica/lib/libthorn_EOS_IdealFluid.a
COMPILING CactusExamples/FleshInfo/src/Coord.c
COMPILING EinsteinInitialData/IDLinearWaves/src/standing_planewaves.F77
Creating /home/pespino/Cactus/configs/elliptica/lib/libthorn_Hydro_InitExcision.a
COMPILING CactusWave/IDScalarWaveC/src/CheckParameters.c
COMPILING CactusNumerical/LocalInterp/src/Startup.c
Creating /home/pespino/Cactus/configs/elliptica/lib/libthorn_HelloWorld.a
COMPILING CactusExamples/DemoInterp/src/Interp2D.F
COMPILING Llama/CoordinatesSymmetry/src/interpolate.c
COMPILING CactusNumerical/TensorTypes/src/check.c
COMPILING Lean/NPScalars/src/NP_boundaries.F90
COMPILING WVUThorns/Convert_to_HydroBase/src/Convert_to_HydroBase.C
COMPILING Carpet/CarpetTracker/src/SetPositions.cc
COMPILING CactusNumerical/SphericalSurface/src/check.c
Checking status of thorn NaNChecker
Creating /home/pespino/Cactus/configs/elliptica/lib/libthorn_InterpToArray.a
COMPILING EinsteinInitialData/IDLinearWaves/src/teukwaves.F77
Creating /home/pespino/Cactus/configs/elliptica/lib/libthorn_EOS_Base.a
COMPILING configs/elliptica/bindings/build/DistortedBHIVP/cctk_ThornBindings.c
COMPILING CactusBase/CoordBase/src/CoordBase.c
Checking status of thorn Nice
Creating /home/pespino/Cactus/configs/elliptica/lib/libthorn_GenericFD.a
COMPILING Lean/NPScalars/src/ParamCheck.c
COMPILING CactusExamples/DemoInterp/src/Interp3D.F
COMPILING CactusBase/CoordBase/src/GHExtension.c
COMPILING EinsteinBase/HydroBase/src/Initialisation.c
COMPILING UAThorns/ID_converter_ILGRMHD/src/set_IllinoisGRMHD_metric_GRMHD_variables_based_on_HydroBase_and_ADMBase_variables.C
COMPILING EinsteinBase/HydroBase/src/ParamCheck.c
COMPILING configs/elliptica/bindings/build/IDAxiOddBrillBH/cctk_ThornBindings.c
COMPILING configs/elliptica/bindings/build/LeanBSSNMoL/cctk_ThornBindings.c
COMPILING configs/elliptica/bindings/build/NPScalars_Proca/cctk_ThornBindings.c
COMPILING configs/elliptica/bindings/build/IDScalarWaveCXX/cctk_ThornBindings.c
COMPILING configs/elliptica/bindings/build/CarpetRegridTest/cctk_ThornBindings.c
COMPILING UAThorns/ID_converter_ILGRMHD/src/reset_gamma.F90
Creating /home/pespino/Cactus/configs/elliptica/lib/libthorn_IDScalarWaveC.a
Creating /home/pespino/Cactus/configs/elliptica/lib/libthorn_DistortedBHIVP.a
COMPILING configs/elliptica/bindings/build/Socket/cctk_ThornBindings.c
COMPILING CactusElliptic/EllBase/src/Ell_Interface.c
COMPILING CactusNumerical/LocalInterp/src/Operator.c
COMPILING configs/elliptica/bindings/build/CoordinatesSymmetry/cctk_ThornBindings.c
COMPILING configs/elliptica/bindings/build/IDAnalyticBH/cctk_ThornBindings.c
COMPILING configs/elliptica/bindings/build/Boundary/cctk_ThornBindings.c
COMPILING configs/elliptica/bindings/build/LocalInterp2/cctk_ThornBindings.c
Creating /home/pespino/Cactus/configs/elliptica/lib/libthorn_IDAxiOddBrillBH.a
COMPILING EinsteinAnalysis/ADMMass/src/volume_integral.c
COMPILING CactusElliptic/EllBase/src/Ell_Register.c
Creating /home/pespino/Cactus/configs/elliptica/lib/libthorn_NPScalars_Proca.a
COMPILING CactusNumerical/TensorTypes/src/info.c
COMPILING configs/elliptica/bindings/build/IDWaveMoL/cctk_ThornBindings.c
COMPILING CactusNumerical/SphericalSurface/src/radius.c
COMPILING configs/elliptica/bindings/build/IDLinearWaves/cctk_ThornBindings.c
Creating /home/pespino/Cactus/configs/elliptica/lib/libthorn_CarpetRegridTest.a
Creating /home/pespino/Cactus/configs/elliptica/lib/libthorn_NPScalars.a
Creating /home/pespino/Cactus/configs/elliptica/lib/libthorn_Socket.a
COMPILING Numerical/AEILocalInterp/src/startup.c
COMPILING CactusNumerical/TensorTypes/src/tensortypes.c
COMPILING configs/elliptica/bindings/build/SphericalSurface/cctk_ThornBindings.c
COMPILING configs/elliptica/bindings/build/DemoInterp/cctk_ThornBindings.c
COMPILING CactusUtils/NaNCatcher/src/catch_nans.c
Creating /home/pespino/Cactus/configs/elliptica/lib/libthorn_CoordinatesSymmetry.a
COMPILING configs/elliptica/bindings/build/FleshInfo/cctk_ThornBindings.c
COMPILING configs/elliptica/bindings/build/IDFileADM/cctk_ThornBindings.c
Checking status of thorn Noise
COMPILING CactusNumerical/LocalInterp2/src/Startup.c
COMPILING UAThorns/CookImporter/src/cook_importer.cc
Checking status of thorn Norms
COMPILING configs/elliptica/bindings/build/NaNChecker/cctk_ThornBindings.c
Checking status of thorn NullDecomp
COMPILING CactusElliptic/EllBase/src/Startup.c
COMPILING CactusNumerical/SphericalSurface/src/setup.cc
COMPILING configs/elliptica/bindings/build/Nice/cctk_ThornBindings.c
COMPILING UAThorns/CookImporter/src/initialdata_part1b_setup_Aijs_Gammais.F90
Creating /home/pespino/Cactus/configs/elliptica/lib/libthorn_IDWaveMoL.a
COMPILING UAThorns/CookImporter/src/derivatives.F90
COMPILING Lean/LeanBSSNMoL/src/adm_vs_bssn.F90
Creating /home/pespino/Cactus/configs/elliptica/lib/libthorn_IDLinearWaves.a
COMPILING Lean/LeanBSSNMoL/src/boundaries.F90
COMPILING configs/elliptica/bindings/build/ID_converter_ILGRMHD/cctk_ThornBindings.c
COMPILING Lean/LeanBSSNMoL/src/RegisterSlicing.c
/home/pespino/Cactus/arrangements/UAThorns/CookImporter/src/derivatives.F90:407:27:

  407 |      subroutine gderivs_oct(ex,f,fx,fy,fz,dX,dY,dZ,SYM1,SYM2,SYM3)
      |                           1
Warning: Interface mismatch in global procedure 'gderivs_oct' at (1): INTENT mismatch in argument 'ex' [-Wargument-mismatch]
/home/pespino/Cactus/arrangements/UAThorns/CookImporter/src/derivatives.F90:437:27:

  437 |      subroutine gderivs_gen(ex,f,fx,fy,fz,dX,dY,dZ)
      |                           1
Warning: Interface mismatch in global procedure 'gderivs_gen' at (1): INTENT mismatch in argument 'ex' [-Wargument-mismatch]
/home/pespino/Cactus/arrangements/UAThorns/CookImporter/src/derivatives.F90:476:27:

  476 |      subroutine gderivs_oct(ex,f,fx,fy,fz,dX,dY,dZ,SYM1,SYM2,SYM3)
      |                           1
Warning: Interface mismatch in global procedure 'gderivs_oct' at (1): INTENT mismatch in argument 'ex' [-Wargument-mismatch]
/home/pespino/Cactus/arrangements/UAThorns/CookImporter/src/derivatives.F90:476:27:

  476 |      subroutine gderivs_oct(ex,f,fx,fy,fz,dX,dY,dZ,SYM1,SYM2,SYM3)
      |                           1
Warning: Interface mismatch in global procedure 'gderivs_oct' at (1): INTENT mismatch in argument 'ex' [-Wargument-mismatch]
/home/pespino/Cactus/arrangements/UAThorns/CookImporter/src/derivatives.F90:476:27:

  476 |      subroutine gderivs_oct(ex,f,fx,fy,fz,dX,dY,dZ,SYM1,SYM2,SYM3)
      |                           1
Warning: Interface mismatch in global procedure 'gderivs_oct' at (1): INTENT mismatch in argument 'ex' [-Wargument-mismatch]
/home/pespino/Cactus/arrangements/UAThorns/CookImporter/src/derivatives.F90:506:27:

  506 |      subroutine gderivs_gen(ex,f,fx,fy,fz,dX,dY,dZ)
      |                           1
Warning: Interface mismatch in global procedure 'gderivs_gen' at (1): INTENT mismatch in argument 'ex' [-Wargument-mismatch]
/home/pespino/Cactus/arrangements/UAThorns/CookImporter/src/derivatives.F90:506:27:

  506 |      subroutine gderivs_gen(ex,f,fx,fy,fz,dX,dY,dZ)
      |                           1
Warning: Interface mismatch in global procedure 'gderivs_gen' at (1): INTENT mismatch in argument 'ex' [-Wargument-mismatch]
/home/pespino/Cactus/arrangements/UAThorns/CookImporter/src/derivatives.F90:506:27:

  506 |      subroutine gderivs_gen(ex,f,fx,fy,fz,dX,dY,dZ)
      |                           1
Warning: Interface mismatch in global procedure 'gderivs_gen' at (1): INTENT mismatch in argument 'ex' [-Wargument-mismatch]
Creating /home/pespino/Cactus/configs/elliptica/lib/libthorn_DemoInterp.a
Checking status of thorn NullVars
COMPILING UAThorns/CookImporter/src/kset_c.F90
Creating /home/pespino/Cactus/configs/elliptica/lib/libthorn_IDFileADM.a
COMPILING Lean/LeanBSSNMoL/src/calc_bssn_rhs.F90
Creating /home/pespino/Cactus/configs/elliptica/lib/libthorn_FleshInfo.a
COMPILING Lean/LeanBSSNMoL/src/Basegrid.F90
COMPILING CactusNumerical/LocalInterp/src/Interpolate.c
COMPILING configs/elliptica/bindings/build/CoordBase/cctk_ThornBindings.c
COMPILING configs/elliptica/bindings/build/Vectors/cctk_ThornBindings.c
COMPILING CactusNumerical/LocalInterp2/src/Operator.c
COMPILING Lean/LeanBSSNMoL/src/bssn_constraints.F90
COMPILING configs/elliptica/bindings/build/HydroBase/cctk_ThornBindings.c
COMPILING EinsteinAnalysis/ADMMass/src/loop.c
COMPILING Lean/LeanBSSNMoL/src/evolve_utils.F90
COMPILING CactusUtils/Nice/src/nice.c
Checking status of thorn OpenSSL
COMPILING configs/elliptica/bindings/build/IOUtil/cctk_ThornBindings.c
COMPILING Lean/LeanBSSNMoL/src/RegisterVars.c
Checking status of thorn TATelliptic
Checking status of thorn ProcaBase
Checking status of thorn ProcaEvolve
COMPILING Lean/LeanBSSNMoL/src/ParamCheck.c
COMPILING Lean/LeanBSSNMoL/src/zero_rhs.F90
COMPILING CactusNumerical/LocalInterp2/src/Interpolate.cc
COMPILING Numerical/AEILocalInterp/src/InterpLocalUniform.c
COMPILING EinsteinAnalysis/Extract/src/D2_extract_int.F
COMPILING Numerical/AEILocalInterp/src/molecule_posn.c
COMPILING CactusElliptic/EllBase/src/Ell_DBstructure.c
Creating /home/pespino/Cactus/configs/elliptica/lib/libthorn_CoordBase.a
Checking status of thorn Proca_simpleID
COMPILING EinsteinAnalysis/Extract/src/D3_extract_int.F
COMPILING configs/elliptica/bindings/build/LocalReduce/cctk_ThornBindings.c
COMPILING Numerical/AEILocalInterp/src/util.c
Creating /home/pespino/Cactus/configs/elliptica/lib/libthorn_HydroBase.a
COMPILING configs/elliptica/bindings/build/Convert_to_HydroBase/cctk_ThornBindings.c
COMPILING EinsteinAnalysis/Extract/src/D3_to_D2_int.F
COMPILING configs/elliptica/bindings/build/NullDecomp/cctk_ThornBindings.c
COMPILING EinsteinAnalysis/Extract/src/cartesian_to_spherical_int.F
COMPILING EinsteinAnalysis/Extract/src/unphysical_to_physical_int.F
Checking status of thorn PunctureTracker
COMPILING configs/elliptica/bindings/build/NaNCatcher/cctk_ThornBindings.c
COMPILING configs/elliptica/bindings/build/Noise/cctk_ThornBindings.c
COMPILING configs/elliptica/bindings/build/TensorTypes/cctk_ThornBindings.c
COMPILING configs/elliptica/bindings/build/Extract/cctk_ThornBindings.c
COMPILING CactusBase/IOUtil/src/Startup.c
COMPILING Carpet/CycleClock/src/clock.cc
COMPILING CactusBase/IOUtil/src/CheckpointRecovery.cc
Creating /home/pespino/Cactus/configs/elliptica/lib/libthorn_Nice.a
Creating /home/pespino/Cactus/configs/elliptica/lib/libthorn_LocalInterp.a
COMPILING EinsteinInitialData/IDAnalyticBH/src/ParamChecker.c
COMPILING EinsteinAnalysis/Extract/src/ADMmass_integrand3D_int.F
COMPILING EinsteinInitialData/IDAnalyticBH/src/Schwarzschild.c
COMPILING configs/elliptica/bindings/build/Fortran/cctk_ThornBindings.c
COMPILING configs/elliptica/bindings/build/SummationByParts/cctk_ThornBindings.c
COMPILING CactusBase/IOUtil/src/AdvertisedFiles.c
COMPILING CactusWave/IDScalarWaveCXX/src/InitialData.cc
COMPILING EinsteinAnalysis/Extract/src/momentum_integrand3D_int.F
COMPILING configs/elliptica/bindings/build/ADMMass/cctk_ThornBindings.c
COMPILING CactusNumerical/Noise/src/id_noise.c
COMPILING CactusWave/IDScalarWaveCXX/src/CheckParameters.cc
Creating /home/pespino/Cactus/configs/elliptica/lib/libthorn_Convert_to_HydroBase.a
COMPILING configs/elliptica/bindings/build/NullVars/cctk_ThornBindings.c
COMPILING EinsteinAnalysis/Extract/src/spin_integrand3D_int.F
COMPILING EinsteinAnalysis/Extract/src/met_rad_der_int.F
COMPILING Carpet/CycleClock/src/cycle.cc
COMPILING EinsteinAnalysis/Extract/src/Extract.F
COMPILING EinsteinAnalysis/Extract/src/D3_extract.F
Creating /home/pespino/Cactus/configs/elliptica/lib/libthorn_NaNCatcher.a
Checking status of thorn Recovery_Util
Creating /home/pespino/Cactus/configs/elliptica/lib/libthorn_TensorTypes.a
COMPILING configs/elliptica/bindings/build/TATelliptic/cctk_ThornBindings.c
COMPILING Proca/ProcaBase/src/Proca_Symmetries.F90
COMPILING EinsteinAnalysis/Extract/src/cartesian_to_spherical.F
COMPILING EinsteinAnalysis/Extract/src/unphysical_to_physical.F
COMPILING configs/elliptica/bindings/build/OpenSSL/cctk_ThornBindings.c
COMPILING EinsteinAnalysis/Extract/src/D2_extract.F
COMPILING EinsteinAnalysis/Extract/src/met_rad_der.F
Creating /home/pespino/Cactus/configs/elliptica/lib/libthorn_ID_converter_ILGRMHD.a
Creating /home/pespino/Cactus/configs/elliptica/lib/libthorn_LeanBSSNMoL.a
Creating /home/pespino/Cactus/configs/elliptica/lib/libthorn_ADMMass.a
COMPILING EinsteinAnalysis/Extract/src/D3_to_D2.F
Creating /home/pespino/Cactus/configs/elliptica/lib/libthorn_NullVars.a
Checking status of thorn ReflectionSymmetry
COMPILING EinsteinAnalysis/Extract/src/ADMmass_integrand3D.F
COMPILING EinsteinAnalysis/Extract/src/momentum_integrand3D.F
COMPILING CactusBase/IOUtil/src/Utils.c
COMPILING CactusNumerical/Noise/src/bc_noise.c
COMPILING configs/elliptica/bindings/build/CarpetTracker/cctk_ThornBindings.c
COMPILING EinsteinAnalysis/Extract/src/Advertise.c
COMPILING EinsteinAnalysis/Extract/src/spin_integrand3D.F
COMPILING configs/elliptica/bindings/build/Proca_simpleID/cctk_ThornBindings.c
COMPILING configs/elliptica/bindings/build/ConservativeToPrimitive/cctk_ThornBindings.c
COMPILING EinsteinAnalysis/Extract/src/ParamCheck.c
Checking status of thorn RegridSyncTest
COMPILING CactusNumerical/LocalReduce/src/Startup.c
COMPILING PITTNullCode/NullDecomp/src/NullDecomp_sYlm.F90
Creating /home/pespino/Cactus/configs/elliptica/lib/libthorn_OpenSSL.a
COMPILING CactusNumerical/Norms/src/Setup_Vars.c
COMPILING CactusUtils/NaNChecker/src/NaNCheck.cc
Checking status of thorn RotatingDBHIVP
COMPILING configs/elliptica/bindings/build/EllBase/cctk_ThornBindings.c
COMPILING PITTNullCode/NullDecomp/src/NullDecomp_Vars.F90
COMPILING EinsteinInitialData/IDAnalyticBH/src/Kerr.c
COMPILING CactusNumerical/LocalReduce/src/Reduction.c
COMPILING PITTNullCode/NullDecomp/src/NullDecomp_IO.F90
COMPILING CactusNumerical/Norms/src/Compute_Norm.c
COMPILING EinsteinInitialData/IDAnalyticBH/src/BrillLindquist.c
COMPILING configs/elliptica/bindings/build/FFTW3/cctk_ThornBindings.c
COMPILING EinsteinInitialData/IDAnalyticBH/src/Misner_standard.c
COMPILING CactusNumerical/LocalReduce/src/ReductionAvg.c
COMPILING configs/elliptica/bindings/build/PunctureTracker/cctk_ThornBindings.c
COMPILING CactusNumerical/LocalReduce/src/AvgFunctions.c
COMPILING Numerical/AEILocalInterp/src/common/load.c
COMPILING configs/elliptica/bindings/build/CycleClock/cctk_ThornBindings.c
COMPILING Proca/Proca_simpleID/src/Proca.c
COMPILING CactusNumerical/LocalReduce/src/ReductionMax.c
Creating /home/pespino/Cactus/configs/elliptica/lib/libthorn_CarpetTracker.a
COMPILING configs/elliptica/bindings/build/ProcaBase/cctk_ThornBindings.c
Checking status of thorn SampleBoundary
Checking status of thorn Seed_Magnetic_Fields
COMPILING UAThorns/ConservativeToPrimitive/src/EOS_utils.c
COMPILING PITTNullCode/NullDecomp/src/NullDecomp_SpinDecomp.F90
COMPILING CactusBase/Boundary/src/ScalarBoundary.c
COMPILING CactusBase/Boundary/src/StaticBoundary.c
Creating /home/pespino/Cactus/configs/elliptica/lib/libthorn_EllBase.a
Creating /home/pespino/Cactus/configs/elliptica/lib/libthorn_SphericalSurface.a
COMPILING SpritzCode/Recovery_Util/src/Recovery.F90
/home/pespino/Cactus/arrangements/UAThorns/CookImporter/src/cook_importer.cc:92:22: warning: ISO C++ forbids converting a string constant to 'char*' [-Wwrite-strings]
   92 | static char *rcsid = "$Meow...$";
      |                      ^~~~~~~~~~~
COMPILING configs/elliptica/bindings/build/Recovery_Util/cctk_ThornBindings.c
COMPILING Proca/ProcaEvolve/src/Proca_RegisterVars.c
Creating /home/pespino/Cactus/configs/elliptica/lib/libthorn_Extract.a
Creating /home/pespino/Cactus/configs/elliptica/lib/libthorn_CookImporter.a
Creating /home/pespino/Cactus/configs/elliptica/lib/libthorn_ProcaBase.a
COMPILING CactusElliptic/TATelliptic/src/TATelliptic.c
COMPILING PITTNullCode/NullDecomp/src/Startup.F90
Creating /home/pespino/Cactus/configs/elliptica/lib/libthorn_Noise.a
COMPILING Proca/ProcaEvolve/src/Proca_calc_rhs.F90
COMPILING UAThorns/ConservativeToPrimitive/src/ConservativeToPrimitive.c
COMPILING CactusNumerical/LocalReduce/src/MaxFunctions.c
COMPILING CactusNumerical/LocalReduce/src/ReductionMin.c
Checking status of thorn Seed_Magnetic_Fields_BNS
COMPILING UAThorns/ConservativeToPrimitive/src/con2prim_MHD.c
COMPILING UAThorns/ConservativeToPrimitive/src/brent.c
Checking status of thorn SetMask_SphericalSurface
COMPILING configs/elliptica/bindings/build/ReflectionSymmetry/cctk_ThornBindings.c
COMPILING CactusElliptic/TATelliptic/src/TATmonitor.c
Creating /home/pespino/Cactus/configs/elliptica/lib/libthorn_NullDecomp.a
Checking status of thorn SlabTest
COMPILING EinsteinInitialData/IDAnalyticBH/src/Misner_multiple.c
Creating /home/pespino/Cactus/configs/elliptica/lib/libthorn_Recovery_Util.a
Checking status of thorn StaticConformal
COMPILING EinsteinInitialData/IDAnalyticBH/src/Misner_points.c
COMPILING EinsteinInitialData/IDAnalyticBH/src/misc.c
/home/pespino/Cactus/arrangements/UAThorns/ConservativeToPrimitive/src/EOS_utils.c: In function 'EOS_P_from_hrho_dPdrho_dPdeps':
/home/pespino/Cactus/arrangements/UAThorns/ConservativeToPrimitive/src/EOS_utils.c:226:62: warning: passing argument 5 of 'EOS_Omni_dpdrho_dpdeps_hinv' discards 'const' qualifier from pointer target type [-Wdiscarded-qualifiers]
  226 |   EOS_Omni_dpdrho_dpdeps_hinv(eos_key, prec, npoints, &xrho, &xenth, &xtemp, &xye, &xeps, &xprs, &xdpdrho,
      |                                                              ^~~~~~
In file included from /home/pespino/Cactus/configs/elliptica/bindings/include/ConservativeToPrimitive/cctk_Functions.h:23,
                 from /home/pespino/Cactus/src/include/cctk_core.h:171,
                 from /home/pespino/Cactus/configs/elliptica/bindings/include/ConservativeToPrimitive/cctk.h:5,
                 from /home/pespino/Cactus/arrangements/UAThorns/ConservativeToPrimitive/src/EOS_utils.c:1:
/home/pespino/Cactus/configs/elliptica/bindings/include/ConservativeToPrimitive_Prototypes.h:60:13: note: expected 'CCTK_REAL8 *' {aka 'double *'} but argument is of type 'const CCTK_REAL8 *' {aka 'const double *'}
   60 |  CCTK_REAL* enth ,
COMPILING configs/elliptica/bindings/build/RotatingDBHIVP/cctk_ThornBindings.c
Creating /home/pespino/Cactus/configs/elliptica/lib/libthorn_Proca_simpleID.a
COMPILING Numerical/AEILocalInterp/src/common/evaluate.c
COMPILING CactusBase/Boundary/src/CopyBoundary.c
COMPILING Numerical/AEILocalInterp/src/common/store.c
COMPILING Carpet/RegridSyncTest/src/regridsynctest.F90
COMPILING Proca/ProcaEvolve/src/Proca_Boundaries.F90
COMPILING CactusBase/Boundary/src/FlatBoundary.c
COMPILING configs/elliptica/bindings/build/Seed_Magnetic_Fields/cctk_ThornBindings.c
COMPILING configs/elliptica/bindings/build/Norms/cctk_ThornBindings.c
/home/pespino/Cactus/arrangements/UAThorns/ConservativeToPrimitive/src/ConservativeToPrimitive.c: In function 'prepare_c2p':
/home/pespino/Cactus/arrangements/UAThorns/ConservativeToPrimitive/src/ConservativeToPrimitive.c:24:16: warning: implicit declaration of function 'EOS_Omni_GetHandle_' [-Wimplicit-function-declaration]
   24 |   c2p.eoskey = EOS_Omni_GetHandle_(c2p_EOS_type);
      |                ^~~~~~~~~~~~~~~~~~~
/home/pespino/Cactus/arrangements/UAThorns/ConservativeToPrimitive/src/ConservativeToPrimitive.c: In function 'con2primMHD':
/home/pespino/Cactus/arrangements/UAThorns/ConservativeToPrimitive/src/ConservativeToPrimitive.c:224:29: warning: passing argument 3 of 'con2prim_MHD_' from incompatible pointer type [-Wincompatible-pointer-types]
  224 |   con2prim_MHD_(prim, cons, g_up, g_lo, excise, grace, &report, cac_iter, index,xco,yco,zco,METRIC,METRIC_PHYS,METRIC_LAP_PSI4);
      |                             ^~~~
      |                             |
      |                             const CCTK_REAL8 * {aka const double *}
In file included from /home/pespino/Cactus/arrangements/UAThorns/ConservativeToPrimitive/src/ConservativeToPrimitive.c:4:
/home/pespino/Cactus/arrangements/UAThorns/ConservativeToPrimitive/src/con2prim.h:199:65: note: expected 'CCTK_REAL8 (*)[4]' {aka 'double (*)[4]'} but argument is of type 'const CCTK_REAL8 *' {aka 'const double *'}
  199 | void con2prim_MHD_(double * prim, const double * con, CCTK_REAL g_up[4][4],
/home/pespino/Cactus/arrangements/UAThorns/ConservativeToPrimitive/src/ConservativeToPrimitive.c:224:35: warning: passing argument 4 of 'con2prim_MHD_' from incompatible pointer type [-Wincompatible-pointer-types]
  224 |   con2prim_MHD_(prim, cons, g_up, g_lo, excise, grace, &report, cac_iter, index,xco,yco,zco,METRIC,METRIC_PHYS,METRIC_LAP_PSI4);
      |                                   ^~~~
      |                                   |
      |                                   const CCTK_REAL8 * {aka const double *}
In file included from /home/pespino/Cactus/arrangements/UAThorns/ConservativeToPrimitive/src/ConservativeToPrimitive.c:4:
/home/pespino/Cactus/arrangements/UAThorns/ConservativeToPrimitive/src/con2prim.h:200:17: note: expected 'CCTK_REAL8 (*)[4]' {aka 'double (*)[4]'} but argument is of type 'const CCTK_REAL8 *' {aka 'const double *'}
  200 |       CCTK_REAL g_lo[4][4], const bool key_excise, const bool c2p_grace,
/home/pespino/Cactus/arrangements/UAThorns/ConservativeToPrimitive/src/ConservativeToPrimitive.c:224:93: warning: passing argument 13 of 'con2prim_MHD_' discards 'const' qualifier from pointer target type [-Wdiscarded-qualifiers]
  224 |   con2prim_MHD_(prim, cons, g_up, g_lo, excise, grace, &report, cac_iter, index,xco,yco,zco,METRIC,METRIC_PHYS,METRIC_LAP_PSI4);
      |                                                                                             ^~~~~~
In file included from /home/pespino/Cactus/arrangements/UAThorns/ConservativeToPrimitive/src/ConservativeToPrimitive.c:4:
/home/pespino/Cactus/arrangements/UAThorns/ConservativeToPrimitive/src/con2prim.h:201:131: note: expected 'double *' but argument is of type 'const CCTK_REAL8 *' {aka 'const double *'}
  201 |       struct c2p_report * rep, const int cac_ite, const int index, const double xco, const double yco, const double zco, double * METRIC, double * METRIC_PHYS, double * METRIC_LAP_PSI4);
      |                                                                                                                          ~~~~~~~~~^~~~~~
/home/pespino/Cactus/arrangements/UAThorns/ConservativeToPrimitive/src/ConservativeToPrimitive.c:224:100: warning: passing argument 14 of 'con2prim_MHD_' discards 'const' qualifier from pointer target type [-Wdiscarded-qualifiers]
  224 |   con2prim_MHD_(prim, cons, g_up, g_lo, excise, grace, &report, cac_iter, index,xco,yco,zco,METRIC,METRIC_PHYS,METRIC_LAP_PSI4);
      |                                                                                                    ^~~~~~~~~~~
In file included from /home/pespino/Cactus/arrangements/UAThorns/ConservativeToPrimitive/src/ConservativeToPrimitive.c:4:
/home/pespino/Cactus/arrangements/UAThorns/ConservativeToPrimitive/src/con2prim.h:201:148: note: expected 'double *' but argument is of type 'const CCTK_REAL8 *' {aka 'const double *'}
  201 |       struct c2p_report * rep, const int cac_ite, const int index, const double xco, const double yco, const double zco, double * METRIC, double * METRIC_PHYS, double * METRIC_LAP_PSI4);
      |                                                                                                                                           ~~~~~~~~~^~~~~~~~~~~
/home/pespino/Cactus/arrangements/UAThorns/ConservativeToPrimitive/src/ConservativeToPrimitive.c:224:112: warning: passing argument 15 of 'con2prim_MHD_' discards 'const' qualifier from pointer target type [-Wdiscarded-qualifiers]
  224 |   con2prim_MHD_(prim, cons, g_up, g_lo, excise, grace, &report, cac_iter, index,xco,yco,zco,METRIC,METRIC_PHYS,METRIC_LAP_PSI4);
      |                                                                                                                ^~~~~~~~~~~~~~~
In file included from /home/pespino/Cactus/arrangements/UAThorns/ConservativeToPrimitive/src/ConservativeToPrimitive.c:4:
/home/pespino/Cactus/arrangements/UAThorns/ConservativeToPrimitive/src/con2prim.h:201:170: note: expected 'double *' but argument is of type 'const CCTK_REAL8 *' {aka 'const double *'}
  201 |       struct c2p_report * rep, const int cac_ite, const int index, const double xco, const double yco, const double zco, double * METRIC, double * METRIC_PHYS, double * METRIC_LAP_PSI4);
      |                                                                                                                                                                 ~~~~~~~~~^~~~~~~~~~~~~~~
COMPILING Carpet/RegridSyncTest/src/output.c
Creating /home/pespino/Cactus/configs/elliptica/lib/libthorn_LocalInterp2.a
/home/pespino/Cactus/arrangements/UAThorns/ConservativeToPrimitive/src/con2prim_MHD.c: In function 'c2p_recovery_scheme':
/home/pespino/Cactus/arrangements/UAThorns/ConservativeToPrimitive/src/con2prim_MHD.c:338:59: warning: passing argument 7 of 'HARM' discards 'const' qualifier from pointer target type [-Wdiscarded-array-qualifiers]
  338 |           HARM(c2p_rep,S_squared,BdotS,B_squared,con,prim,g_up,g_lo,
      |                                                           ^~~~
In file included from /home/pespino/Cactus/arrangements/UAThorns/ConservativeToPrimitive/src/con2prim_MHD.c:19:
/home/pespino/Cactus/arrangements/UAThorns/ConservativeToPrimitive/src/con2prim.h:216:76: note: expected 'CCTK_REAL8 (*)[4]' {aka 'double (*)[4]'} but argument is of type 'const double (*)[4]'
  216 |       const double B_squared, const double * con, double * prim, CCTK_REAL g_con[4][4],
/home/pespino/Cactus/arrangements/UAThorns/ConservativeToPrimitive/src/con2prim_MHD.c:338:64: warning: passing argument 8 of 'HARM' discards 'const' qualifier from pointer target type [-Wdiscarded-array-qualifiers]
  338 |           HARM(c2p_rep,S_squared,BdotS,B_squared,con,prim,g_up,g_lo,
      |                                                                ^~~~
In file included from /home/pespino/Cactus/arrangements/UAThorns/ConservativeToPrimitive/src/con2prim_MHD.c:19:
/home/pespino/Cactus/arrangements/UAThorns/ConservativeToPrimitive/src/con2prim.h:217:17: note: expected 'CCTK_REAL8 (*)[4]' {aka 'double (*)[4]'} but argument is of type 'const double (*)[4]'
  217 |       CCTK_REAL g_cov[4][4], const double tol_x,double xco, double yco, double zco,const int iteration, const int index, double * METRIC, double * METRIC_PHYS, double * METRIC_LAP_PSI4);
/home/pespino/Cactus/arrangements/UAThorns/ConservativeToPrimitive/src/con2prim_MHD.c: In function 'con2prim_MHD_':
/home/pespino/Cactus/arrangements/UAThorns/ConservativeToPrimitive/src/con2prim_MHD.c:478:23: warning: implicit declaration of function 'font_fix_general_EOS' [-Wimplicit-function-declaration]
  478 |           int check = font_fix_general_EOS(&u_xl,&u_yl,&u_zl,con,prim,METRIC_PHYS,METRIC_LAP_PSI4);
      |                       ^~~~~~~~~~~~~~~~~~~~
COMPILING Proca/ProcaEvolve/src/Proca_calc_Tmunu.F90
COMPILING Proca/ProcaEvolve/src/Proca_InitSymBound.F90
COMPILING UAThorns/ConservativeToPrimitive/src/palenzuela.c
COMPILING UAThorns/ConservativeToPrimitive/src/Newman.c
COMPILING UAThorns/ConservativeToPrimitive/src/NR.c
COMPILING UAThorns/ConservativeToPrimitive/src/NR_utils.c
Creating /home/pespino/Cactus/configs/elliptica/lib/libthorn_TATelliptic.a
COMPILING Proca/ProcaEvolve/src/Proca_adm_vs_bssn.F90
COMPILING CactusNumerical/ReflectionSymmetry/src/apply.c
Checking status of thorn SymBase
Creating /home/pespino/Cactus/configs/elliptica/lib/libthorn_Norms.a
Creating /home/pespino/Cactus/configs/elliptica/lib/libthorn_IDScalarWaveCXX.a
COMPILING configs/elliptica/bindings/build/Seed_Magnetic_Fields_BNS/cctk_ThornBindings.c
COMPILING CactusBase/Boundary/src/RadiationBoundary.c
Creating /home/pespino/Cactus/configs/elliptica/lib/libthorn_IDAnalyticBH.a
COMPILING configs/elliptica/bindings/build/RegridSyncTest/cctk_ThornBindings.c
Creating /home/pespino/Cactus/configs/elliptica/lib/libthorn_CycleClock.a
Creating /home/pespino/Cactus/configs/elliptica/lib/libthorn_IOUtil.a
COMPILING EinsteinInitialData/RotatingDBHIVP/src/ParamCheck.c
COMPILING CactusBase/Boundary/src/RobinBoundary.c
COMPILING EinsteinInitialData/RotatingDBHIVP/src/RotatingDBHIVP.F
COMPILING EinsteinInitialData/RotatingDBHIVP/src/Stab3d.F
COMPILING configs/elliptica/bindings/build/StaticConformal/cctk_ThornBindings.c
COMPILING Proca/ProcaEvolve/src/Proca_zero_rhs.F90
COMPILING CactusNumerical/ReflectionSymmetry/src/interpolate.c
COMPILING CactusBase/Boundary/src/NoneBoundary.c
COMPILING CactusBase/Boundary/src/Boundary.c
Checking status of thorn SystemStatistics
Checking status of thorn TerminationTrigger
COMPILING CactusBase/Boundary/src/Register.c
COMPILING CactusNumerical/LocalReduce/src/MinFunctions.c
COMPILING EinsteinAnalysis/PunctureTracker/src/puncture_tracker.cc
COMPILING CactusBase/Boundary/src/Check.c
Checking status of thorn TestArrays
COMPILING CactusNumerical/LocalReduce/src/ReductionCount.c
COMPILING CactusNumerical/LocalReduce/src/CountFunctions.c
COMPILING EinsteinAnalysis/PunctureTracker/src/paramcheck.cc
COMPILING EinsteinUtils/SetMask_SphericalSurface/src/SetMask.c
COMPILING CactusNumerical/SlabTest/src/slabtest.c
COMPILING CactusExamples/SampleBoundary/src/Register.c
Creating /home/pespino/Cactus/configs/elliptica/lib/libthorn_RegridSyncTest.a
COMPILING CactusNumerical/LocalReduce/src/ReductionSum.c
COMPILING CactusExamples/SampleBoundary/src/LinearExtrapBnd.c
COMPILING configs/elliptica/bindings/build/SlabTest/cctk_ThornBindings.c
/home/pespino/Cactus/arrangements/UAThorns/ConservativeToPrimitive/src/palenzuela.c: In function 'calc_prim':
/home/pespino/Cactus/arrangements/UAThorns/ConservativeToPrimitive/src/palenzuela.c:82:6: warning: useless type name in empty declaration
   82 |      CCTK_REAL xpressS=prim[PRESS]; CCTK_REAL; CCTK_REAL xentS = 0.0; CCTK_REAL xabarS = 0.0;
      |      ^~~~~~~~~
Checking status of thorn TestComplex
/home/pespino/Cactus/arrangements/UAThorns/ConservativeToPrimitive/src/Newman.c: In function 'newman':
/home/pespino/Cactus/arrangements/UAThorns/ConservativeToPrimitive/src/Newman.c:198:6: warning: useless type name in empty declaration
  198 |      CCTK_REAL xrhoS=prim[RHO]; CCTK_REAL xepsS=prim[EPS];     CCTK_REAL; CCTK_REAL xtempS = prim[TEMP];
      |      ^~~~~~~~~
/home/pespino/Cactus/arrangements/UAThorns/ConservativeToPrimitive/src/Newman.c:199:6: warning: useless type name in empty declaration
  199 |      CCTK_REAL xyeS=prim[YE];   CCTK_REAL xpressS=prim[PRESS]; CCTK_REAL; CCTK_REAL xentS = 0.0; CCTK_INT keytempS = 1;
      |      ^~~~~~~~~
COMPILING UAThorns/ConservativeToPrimitive/src/NR_2D_WT.c
Checking status of thorn TestCoordinates
COMPILING configs/elliptica/bindings/build/AEILocalInterp/cctk_ThornBindings.c
COMPILING CactusNumerical/ReflectionSymmetry/src/register.c
Creating /home/pespino/Cactus/configs/elliptica/lib/libthorn_RotatingDBHIVP.a
COMPILING UAThorns/ConservativeToPrimitive/src/NR_2D_rhoT.c
Creating /home/pespino/Cactus/configs/elliptica/lib/libthorn_NaNChecker.a
COMPILING UAThorns/ConservativeToPrimitive/src/NR_2D_Noble.c
COMPILING UAThorns/ConservativeToPrimitive/src/HARM.c
/home/pespino/Cactus/arrangements/CactusNumerical/ReflectionSymmetry/src/register.c: In function 'ReflectionSymmetry_Register':
/home/pespino/Cactus/arrangements/CactusNumerical/ReflectionSymmetry/src/register.c:68:22: warning: passing argument 3 of 'SymmetryRegisterGridInterpolator' from incompatible pointer type [-Wincompatible-pointer-types]
   68 |     (cctkGH, handle, ReflectionSymmetry_Interpolate);
      |                      ^~~~~~~~~~~~~~~~~~~~~~~~~~~~~~
      |                      |
      |                      CCTK_INT4 (*)(const void * const restrict,  const CCTK_INT4,  const CCTK_INT4,  const CCTK_INT4,  const CCTK_INT4,  const CCTK_INT4,  const CCTK_INT4,  const void * const restrict*, const CCTK_INT4,  const CCTK_INT4 *, const CCTK_INT4,  const CCTK_INT4 *, void * const restrict*, const CCTK_INT4) {aka int (*)(const void * const restrict,  const int,  const int,  const int,  const int,  const int,  const int,  const void * const restrict*, const int,  const int *, const int,  const int *, void * const restrict*, const int)}
In file included from /home/pespino/Cactus/configs/elliptica/bindings/include/ReflectionSymmetry/cctk_Functions.h:23,
                 from /home/pespino/Cactus/src/include/cctk_core.h:171,
                 from /home/pespino/Cactus/configs/elliptica/bindings/include/ReflectionSymmetry/cctk.h:5,
                 from /home/pespino/Cactus/arrangements/CactusNumerical/ReflectionSymmetry/src/register.c:1:
/home/pespino/Cactus/configs/elliptica/bindings/include/ReflectionSymmetry_Prototypes.h:56:19: note: expected 'CCTK_INT4 (* const)(const void * const,  const CCTK_INT4,  const CCTK_INT4,  const CCTK_INT4,  const CCTK_INT4,  const CCTK_INT4,  const CCTK_INT4,  const void * const*, const CCTK_INT4,  const CCTK_INT4 *, const CCTK_INT4,  const CCTK_INT4 *, void * const*, const CCTK_INT4)' {aka 'int (* const)(const void * const,  const int,  const int,  const int,  const int,  const int,  const int,  const void * const*, const int,  const int *, const int,  const int *, void * const*, const int)'} but argument is of type 'CCTK_INT4 (*)(const void * const restrict,  const CCTK_INT4,  const CCTK_INT4,  const CCTK_INT4,  const CCTK_INT4,  const CCTK_INT4,  const CCTK_INT4,  const void * const restrict*, const CCTK_INT4,  const CCTK_INT4 *, const CCTK_INT4,  const CCTK_INT4 *, void * const restrict*, const CCTK_INT4)' {aka 'int (*)(const void * const restrict,  const int,  const int,  const int,  const int,  const int,  const int,  const void * const restrict*, const int,  const int *, const int,  const int *, void * const restrict*, const int)'}
   56 |  CCTK_INT (*const symmetry_interpolate)(const CCTK_POINTER_TO_CONST cctkGH ,
/home/pespino/Cactus/arrangements/UAThorns/ConservativeToPrimitive/src/NR_2D_Noble.c: In function 'calc_prim_noble':
/home/pespino/Cactus/arrangements/UAThorns/ConservativeToPrimitive/src/NR_2D_Noble.c:574:6: warning: useless type name in empty declaration
  574 |      CCTK_REAL xpressS=prim[PRESS]; CCTK_REAL; CCTK_REAL xentS = 0.0; CCTK_REAL xabarS = 0.0;
      |      ^~~~~~~~~
COMPILING configs/elliptica/bindings/build/ProcaEvolve/cctk_ThornBindings.c
COMPILING EinsteinBase/StaticConformal/src/Initialise.c
COMPILING EinsteinBase/StaticConformal/src/ConfPhys.c
Creating /home/pespino/Cactus/configs/elliptica/lib/libthorn_SlabTest.a
Creating /home/pespino/Cactus/configs/elliptica/lib/libthorn_Boundary.a
COMPILING CactusNumerical/LocalReduce/src/ReductionNorm1.c
COMPILING CactusNumerical/LocalReduce/src/SumFunctions.c
Creating /home/pespino/Cactus/configs/elliptica/lib/libthorn_ReflectionSymmetry.a
Creating /home/pespino/Cactus/configs/elliptica/lib/libthorn_PunctureTracker.a
Creating /home/pespino/Cactus/configs/elliptica/lib/libthorn_ConservativeToPrimitive.a
COMPILING CactusExamples/SampleBoundary/src/LinearExtrapBnd.F
COMPILING CactusNumerical/LocalReduce/src/Norm1Functions.c
COMPILING configs/elliptica/bindings/build/SymBase/cctk_ThornBindings.c
Checking status of thorn TestFortranDependencies2
COMPILING Numerical/AEILocalInterp/src/Hermite/1d.cube.order2.c
COMPILING CactusNumerical/LocalReduce/src/ReductionNorm2.c
Checking status of thorn TestFpointerNULL
COMPILING WVUThorns/Seed_Magnetic_Fields/src/Seed_Magnetic_Fields.C
COMPILING WVUThorns_Diagnostics/Seed_Magnetic_Fields_BNS/src/Seed_Magnetic_Fields.C
COMPILING CactusNumerical/LocalReduce/src/Norm2Functions.c
COMPILING Numerical/AEILocalInterp/src/Hermite/1d.cube.order3.c
COMPILING CactusNumerical/LocalReduce/src/ReductionNorm3.c
COMPILING Numerical/AEILocalInterp/src/Hermite/2d.cube.order2.c
COMPILING Numerical/AEILocalInterp/src/Hermite/1d.cube.order4.c
COMPILING Numerical/AEILocalInterp/src/Hermite/2d.cube.order3.c
Checking status of thorn TestFreeF90
Checking status of thorn TestGlobalReduce
COMPILING CactusTest/TestArrays/src/Array.F
Creating /home/pespino/Cactus/configs/elliptica/lib/libthorn_ProcaEvolve.a
COMPILING configs/elliptica/bindings/build/TerminationTrigger/cctk_ThornBindings.c
COMPILING configs/elliptica/bindings/build/SystemStatistics/cctk_ThornBindings.c
COMPILING configs/elliptica/bindings/build/TestArrays/cctk_ThornBindings.c
Checking status of thorn TestInclude1
COMPILING CactusTest/TestCoordinates/src/Coords.F77
COMPILING configs/elliptica/bindings/build/SampleBoundary/cctk_ThornBindings.c
COMPILING configs/elliptica/bindings/build/SetMask_SphericalSurface/cctk_ThornBindings.c
Checking status of thorn TestInclude2
Creating /home/pespino/Cactus/configs/elliptica/lib/libthorn_StaticConformal.a
Checking status of thorn TestLocalInterp2
COMPILING configs/elliptica/bindings/build/TestComplex/cctk_ThornBindings.c
Checking status of thorn TestLoop
Checking status of thorn TestLocalReduce
Checking status of thorn TestMath
COMPILING CactusNumerical/LocalReduce/src/Norm3Functions.c
Checking status of thorn TestMoL
COMPILING CactusNumerical/LocalReduce/src/ReductionNorm4.c
COMPILING CactusNumerical/LocalReduce/src/ReductionNormInf.c
COMPILING CactusNumerical/LocalReduce/src/Norm4Functions.c
COMPILING Numerical/AEILocalInterp/src/Lagrange-tensor-product/1d.cube.order1.smooth0.c
COMPILING Numerical/AEILocalInterp/src/Lagrange-tensor-product/1d.cube.order2.smooth0.c
COMPILING CactusNumerical/LocalReduce/src/NormInfFunctions.c
COMPILING Numerical/AEILocalInterp/src/Lagrange-tensor-product/1d.cube.order3.smooth0.c
Creating /home/pespino/Cactus/configs/elliptica/lib/libthorn_TestArrays.a
COMPILING Numerical/AEILocalInterp/src/Lagrange-tensor-product/1d.cube.order4.smooth0.c
Checking status of thorn TestReadWrite
Checking status of thorn TestPar
Checking status of thorn TestReduce
COMPILING Numerical/AEILocalInterp/src/Hermite/3d.cube.order2.c
COMPILING CactusNumerical/MoL/src/AB.c
Creating /home/pespino/Cactus/configs/elliptica/lib/libthorn_SampleBoundary.a
COMPILING CactusNumerical/MoL/src/ChangeType.c
Creating /home/pespino/Cactus/configs/elliptica/lib/libthorn_SetMask_SphericalSurface.a
COMPILING Numerical/AEILocalInterp/src/Hermite/3d.cube.order3.c
COMPILING CactusTest/TestComplex/src/Complex3D.F77
COMPILING CactusBase/Fortran/src/cctk_ActiveThorns.F90
COMPILING CactusTest/TestComplex/src/Complex.c
COMPILING CactusBase/Fortran/src/cctk_Banner.F90
COMPILING configs/elliptica/bindings/build/TestFortranDependencies2/cctk_ThornBindings.c
COMPILING CactusTest/TestFortranDependencies2/src/tfd_module.F90
COMPILING configs/elliptica/bindings/build/TestCoordinates/cctk_ThornBindings.c
COMPILING configs/elliptica/bindings/build/TestFpointerNULL/cctk_ThornBindings.c
COMPILING CactusUtils/TerminationTrigger/src/file.c
COMPILING CactusBase/Fortran/src/cctk_CommandLine.F90
COMPILING CactusBase/Fortran/src/cctk_Comm.F90
COMPILING CactusUtils/TerminationTrigger/src/paramcheck.c
COMPILING CactusBase/Fortran/src/cctk_Complex.F90
Checking status of thorn TestSchedule
COMPILING CactusBase/Fortran/src/cctk_Constants.F90
COMPILING CactusTest/TestFreeF90/src/TestFreeF90.F90
COMPILING CactusBase/Fortran/src/cctk_Coord.F90
COMPILING CactusBase/Fortran/src/cctk_DebugDefines.F90
COMPILING configs/elliptica/bindings/build/TestGlobalReduce/cctk_ThornBindings.c
COMPILING configs/elliptica/bindings/build/TestFreeF90/cctk_ThornBindings.c
COMPILING CactusTest/TestFortranDependencies2/src/tfd_use_module.F90
COMPILING Numerical/AEILocalInterp/src/Lagrange-maximum-degree/1d.cube.order1.smooth0.c
COMPILING CactusBase/Fortran/src/cctk_Faces.F90
COMPILING Numerical/AEILocalInterp/src/Lagrange-maximum-degree/1d.cube.order2.smooth0.c
COMPILING CactusBase/SymBase/src/Check.c
COMPILING CactusBase/Fortran/src/cctk_File.F90
COMPILING CactusTest/TestInclude2/src/PrintInclude.F77
COMPILING configs/elliptica/bindings/build/TestInclude1/cctk_ThornBindings.c
Creating /home/pespino/Cactus/configs/elliptica/lib/libthorn_TestCoordinates.a
Creating /home/pespino/Cactus/configs/elliptica/lib/libthorn_TestFortranDependencies2.a
COMPILING Numerical/AEILocalInterp/src/Lagrange-maximum-degree/1d.cube.order3.smooth0.c
COMPILING Numerical/AEILocalInterp/src/Lagrange-maximum-degree/1d.cube.order4.smooth0.c
COMPILING configs/elliptica/bindings/build/TestInclude2/cctk_ThornBindings.c
COMPILING CactusTest/TestFpointerNULL/src/Caller.c
COMPILING CactusBase/Fortran/src/cctk_Flesh.F90
COMPILING CactusBase/Fortran/src/cctk_FortranString1.F90
COMPILING CactusTest/TestFpointerNULL/src/Callee.F77
COMPILING CactusBase/Fortran/src/cctk_FortranWrappers.F90
COMPILING CactusBase/Fortran/src/cctk_GHExtensions.F90
COMPILING Numerical/AEILocalInterp/src/Lagrange-maximum-degree/1d.cube.order5.smooth0.c
COMPILING configs/elliptica/bindings/build/TestLocalReduce/cctk_ThornBindings.c
COMPILING Numerical/AEILocalInterp/src/Lagrange-maximum-degree/1d.cube.order6.smooth0.c
COMPILING CactusTest/TestInclude1/src/PrintInclude.c
COMPILING Numerical/AEILocalInterp/src/Lagrange-maximum-degree/2d.cube.order1.smooth0.c
/home/pespino/Cactus/arrangements/CactusUtils/TerminationTrigger/src/paramcheck.c: In function 'TerminationTrigger_ParamCheck':
/home/pespino/Cactus/arrangements/CactusUtils/TerminationTrigger/src/paramcheck.c:4:6: warning: type of 'CCTK_ARGUMENTS' defaults to 'int' [-Wimplicit-int]
    4 | void TerminationTrigger_ParamCheck(CCTK_ARGUMENTS) {
      |      ^~~~~~~~~~~~~~~~~~~~~~~~~~~~~
COMPILING CactusNumerical/MoL/src/Counter.c
COMPILING Numerical/AEILocalInterp/src/Lagrange-maximum-degree/2d.cube.order2.smooth0.c
COMPILING configs/elliptica/bindings/build/TestMath/cctk_ThornBindings.c
Creating /home/pespino/Cactus/configs/elliptica/lib/libthorn_TestFreeF90.a
Checking status of thorn TestStrings
COMPILING Numerical/AEILocalInterp/src/Lagrange-maximum-degree/2d.cube.order3.smooth0.c
COMPILING Numerical/AEILocalInterp/src/Lagrange-maximum-degree/2d.cube.order4.smooth0.c
Creating /home/pespino/Cactus/configs/elliptica/lib/libthorn_TestComplex.a
COMPILING CactusBase/Fortran/src/cctk_GNU.F90
COMPILING CactusTest/TestGlobalReduce/src/Initial.c
COMPILING CactusTest/TestGlobalReduce/src/TestGlobalReduce.c
COMPILING Numerical/AEILocalInterp/src/Lagrange-tensor-product/1d.cube.order5.smooth0.c
COMPILING CactusUtils/TerminationTrigger/src/signal.c
COMPILING CactusBase/Fortran/src/cctk_Groups.F90
COMPILING Numerical/AEILocalInterp/src/Lagrange-tensor-product/1d.cube.order6.smooth0.c
COMPILING Numerical/AEILocalInterp/src/Lagrange-maximum-degree/3d.cube.order1.smooth0.c
COMPILING CactusBase/Fortran/src/cctk_GroupsOnGH.F90
COMPILING CactusUtils/TerminationTrigger/src/trigger.c
COMPILING configs/elliptica/bindings/build/TestReadWrite/cctk_ThornBindings.c
COMPILING CactusBase/Fortran/src/cctk_IO.F90
COMPILING CactusBase/Fortran/src/cctk_IOMethods.F90
COMPILING Numerical/AEILocalInterp/src/Lagrange-tensor-product/2d.cube.order1.smooth0.c
Creating /home/pespino/Cactus/configs/elliptica/lib/libthorn_TestInclude2.a
COMPILING configs/elliptica/bindings/build/TestLocalInterp2/cctk_ThornBindings.c
COMPILING Numerical/AEILocalInterp/src/Lagrange-tensor-product/2d.cube.order2.smooth0.c
COMPILING configs/elliptica/bindings/build/TestReduce/cctk_ThornBindings.c
COMPILING CactusBase/SymBase/src/Faces.c
COMPILING CactusBase/SymBase/src/Handles.c
Checking status of thorn TestTable
Checking status of thorn TestTimers
COMPILING Numerical/AEILocalInterp/src/Lagrange-tensor-product/2d.cube.order3.smooth0.c
COMPILING Numerical/AEILocalInterp/src/Lagrange-tensor-product/2d.cube.order4.smooth0.c
COMPILING CactusBase/SymBase/src/Interpolation.c
COMPILING CactusBase/SymBase/src/Startup.c
FFTW3: Configuring...
Checking status of thorn TestTypes
COMPILING Numerical/AEILocalInterp/src/Lagrange-maximum-degree/3d.cube.order2.smooth0.c
Creating /home/pespino/Cactus/configs/elliptica/lib/libthorn_LocalReduce.a
COMPILING CactusBase/Fortran/src/cctk_Interp.F90
Creating /home/pespino/Cactus/configs/elliptica/lib/libthorn_TestFpointerNULL.a
Checking status of thorn Time
COMPILING Numerical/AEILocalInterp/src/Lagrange-maximum-degree/3d.cube.order3.smooth0.c
COMPILING CactusBase/Fortran/src/cctk_Main.F90
COMPILING CactusTest/TestReduce/src/Reduce_Maximum.c
COMPILING Numerical/AEILocalInterp/src/Lagrange-maximum-degree/3d.cube.order4.smooth0.c
COMPILING CactusUtils/SystemStatistics/src/systemstatistics.cc
Creating /home/pespino/Cactus/configs/elliptica/lib/libthorn_TestInclude1.a
COMPILING CactusNumerical/MoL/src/Euler.c
COMPILING CactusTest/TestReduce/src/Reduce_Sum.c
COMPILING CactusTest/TestReduce/src/Reduce_Maximum.F77
COMPILING CactusBase/SymBase/src/Statistics.c
COMPILING CactusBase/SymBase/src/Table.c
COMPILING CactusNumerical/MoL/src/GenericRK.c
COMPILING CactusNumerical/MoL/src/ICN.c
COMPILING CactusNumerical/MoL/src/IndexArrays.c
Creating /home/pespino/Cactus/configs/elliptica/lib/libthorn_Seed_Magnetic_Fields.a
COMPILING CactusTest/TestSchedule/src/TestSchedule.c
COMPILING CactusTest/TestLoop/src/TestLoopPointwise.c
Creating /home/pespino/Cactus/configs/elliptica/lib/libthorn_TestGlobalReduce.a
COMPILING CactusBase/Fortran/src/cctk_Malloc1.F90
COMPILING CactusTest/TestReduce/src/Initial.c
Checking status of thorn TimerInfo
Checking status of thorn TmunuBase
COMPILING CactusTest/TestReduce/src/Reduce_Sum.F77
Checking status of thorn Trigger
Checking status of thorn TwoPunctures
COMPILING configs/elliptica/bindings/build/TestMoL/cctk_ThornBindings.c
Creating /home/pespino/Cactus/configs/elliptica/lib/libthorn_Seed_Magnetic_Fields_BNS.a
COMPILING Numerical/AEILocalInterp/src/Lagrange-tensor-product/3d.cube.order1.smooth0.c
COMPILING CactusTest/TestMoL/src/Register.c
COMPILING CactusBase/Fortran/src/cctk_Math.F90
COMPILING CactusUtils/TerminationTrigger/src/walltime.c
Checking status of thorn TwoPunctures_KerrProca
Checking status of thorn VolumeIntegrals_GRMHD
COMPILING CactusTest/TestPar/src/PrintStrings.c
COMPILING CactusTest/TestMoL/src/RHS.c
COMPILING CactusBase/Fortran/src/cctk_MemAlloc.F90
COMPILING Numerical/AEILocalInterp/src/Lagrange-tensor-product/3d.cube.order2.smooth0.c
Checking status of thorn VolumeIntegrals_vacuum
COMPILING CactusBase/Fortran/src/cctk_ParamCheck.F90
COMPILING Numerical/AEILocalInterp/src/Lagrange-tensor-product/3d.cube.order3.smooth0.c
COMPILING CactusBase/Fortran/src/cctk_Parameter.F90
COMPILING CactusBase/Fortran/src/cctk_Misc.F90
COMPILING CactusBase/Fortran/src/cctk_Reduction.F90
COMPILING Numerical/AEILocalInterp/src/Lagrange-tensor-product/3d.cube.order4.smooth0.c
COMPILING CactusTest/TestMoL/src/Init.c
COMPILING CactusTest/TestPar/src/SetValues.c
Checking status of thorn WatchDog
COMPILING CactusBase/Fortran/src/cctk_Schedule.F90
Checking status of thorn WaveBinarySource
COMPILING CactusNumerical/MoL/src/InitialCopy.c
COMPILING CactusNumerical/MoL/src/MoLPresync.cc
COMPILING CactusBase/Fortran/src/cctk_Sync.F90
Checking status of thorn WaveToy1DF77
Checking status of thorn WaveToy2DF77
COMPILING CactusBase/Fortran/src/cctk_Termination.F90
checking for a BSD-compatible install... COMPILING configs/elliptica/bindings/build/TestTimers/cctk_ThornBindings.c
COMPILING CactusBase/Fortran/src/cctk_Timers.F90
COMPILING configs/elliptica/bindings/build/TestTypes/cctk_ThornBindings.c
COMPILING configs/elliptica/bindings/build/TestStrings/cctk_ThornBindings.c
COMPILING CactusBase/Fortran/src/cctk_Types.F90
COMPILING CactusNumerical/MoL/src/Operators.c
Creating /home/pespino/Cactus/configs/elliptica/lib/libthorn_SymBase.a
COMPILING CactusTest/TestLoop/src/TestLoopC.c
Creating /home/pespino/Cactus/configs/elliptica/lib/libthorn_TestReduce.a
COMPILING CactusTest/TestStrings/src/CRoutines.c
COMPILING configs/elliptica/bindings/build/Time/cctk_ThornBindings.c
/usr/bin/install -c
checking whether build environment is sane... COMPILING CactusBase/Fortran/src/cctk_Version.F90
COMPILING CactusTest/TestLoop/src/TestLoopFortran.F90
COMPILING CactusTest/TestTimers/src/TimeIt.c
COMPILING CactusNumerical/TestLocalReduce/src/Reduce_Maximum.c
COMPILING CactusBase/Fortran/src/cctk_WarnLevel.F90
COMPILING CactusNumerical/MoL/src/ParamCheck.c
COMPILING CactusTest/TestTable/src/test_table.c
COMPILING CactusTest/TestTypes/src/initial.c
yes
Creating /home/pespino/Cactus/configs/elliptica/lib/libthorn_TerminationTrigger.a
COMPILING CactusUtils/Vectors/src/vectors.cc
COMPILING CactusNumerical/MoL/src/ScratchSpace.c
COMPILING CactusNumerical/MoL/src/RK2.c
checking for a thread-safe mkdir -p... COMPILING CactusNumerical/MoL/src/RK2-central.c
/usr/bin/mkdir -p
checking for gawk... gawk
checking whether make sets $(MAKE)... COMPILING CactusUtils/Vectors/src/test.cc
Creating /home/pespino/Cactus/configs/elliptica/lib/libthorn_TestMoL.a
yes
COMPILING configs/elliptica/bindings/build/TwoPunctures/cctk_ThornBindings.c
COMPILING CactusBase/Fortran/src/util_Table.F90
COMPILING CactusUtils/Vectors/src/test-vectors-4-AVX.cc
COMPILING CactusNumerical/MoL/src/RK2-MR-2_1.c
COMPILING CactusUtils/Vectors/src/test-vectors-4-AVX_AVX2.cc
checking whether to enable maintainer-specific portions of Makefiles... no
COMPILING CactusNumerical/TestLocalInterp2/src/lagrange1d.cc
COMPILING configs/elliptica/bindings/build/TwoPunctures_KerrProca/cctk_ThornBindings.c
COMPILING CactusNumerical/TestLocalInterp2/src/lagrange3d.cc
COMPILING configs/elliptica/bindings/build/TestPar/cctk_ThornBindings.c
COMPILING CactusNumerical/MoL/src/RK4-MR-2_1.c
COMPILING CactusTest/TestReadWrite/src/TestC.cc
COMPILING configs/elliptica/bindings/build/TestSchedule/cctk_ThornBindings.c
Checking status of thorn WaveToyExtra
checking build system type... COMPILING CactusTest/TestMath/src/math_c.c
COMPILING CactusTest/TestMath/src/math_cc.cc
COMPILING CactusNumerical/MoL/src/RK4-RK2.c
COMPILING CactusBase/Fortran/src/paramcheck.F90
COMPILING CactusUtils/Trigger/src/trigger.c
Creating /home/pespino/Cactus/configs/elliptica/lib/libthorn_TestTimers.a
COMPILING CactusTest/TestStrings/src/FCalls.F
COMPILING configs/elliptica/bindings/build/VolumeIntegrals_vacuum/cctk_ThornBindings.c
COMPILING EinsteinBase/TmunuBase/src/ParamWarn.c
COMPILING configs/elliptica/bindings/build/WatchDog/cctk_ThornBindings.c
COMPILING configs/elliptica/bindings/build/WaveToy2DF77/cctk_ThornBindings.c
x86_64-unknown-linux-gnu
checking host system type... x86_64-unknown-linux-gnu
checking for gcc... gcc
COMPILING CactusNumerical/MoL/src/RK3.c
COMPILING configs/elliptica/bindings/build/WaveToy1DF77/cctk_ThornBindings.c
COMPILING CactusNumerical/MoL/src/RK4.c
COMPILING CactusNumerical/TestLocalReduce/src/Reduce_Sum.c
COMPILING configs/elliptica/bindings/build/VolumeIntegrals_GRMHD/cctk_ThornBindings.c
COMPILING CactusNumerical/TestLocalInterp2/src/symmetric.cc
COMPILING configs/elliptica/bindings/build/TestLoop/cctk_ThornBindings.c
COMPILING CactusTest/TestTypes/src/initial.F77
COMPILING CactusBase/Fortran/src/cctk.F90
Creating /home/pespino/Cactus/configs/elliptica/lib/libthorn_TestStrings.a
Creating /home/pespino/Cactus/configs/elliptica/lib/libthorn_TestPar.a
Creating /home/pespino/Cactus/configs/elliptica/lib/libthorn_TestSchedule.a
COMPILING CactusExamples/WaveToy1DF77/src/Evolve.F77
COMPILING CactusExamples/WaveToy1DF77/src/Startup.F77
COMPILING CactusTest/TestReadWrite/src/TestF.F90
Checking status of thorn libjpeg
Creating /home/pespino/Cactus/configs/elliptica/lib/libthorn_TestTypes.a
Checking status of thorn particle_tracerET
Creating /home/pespino/Cactus/configs/elliptica/lib/libthorn_Fortran.a
COMPILING CactusExamples/TimerInfo/src/TimerInfo.c
COMPILING CactusBase/Time/src/Courant.c
COMPILING configs/elliptica/bindings/build/WaveBinarySource/cctk_ThornBindings.c
COMPILING CactusWave/WaveBinarySource/src/WaveBinary.c
COMPILING CactusBase/Time/src/Given.c
COMPILING CactusNumerical/MoL/src/RK45.c
Checking status of thorn smallbPoynET
COMPILING CactusExamples/WaveToy2DF77/src/Evolve.F77
COMPILING CactusExamples/WaveToy1DF77/src/Initial.F77
Checking status of thorn CactusBindings
COMPILING CactusExamples/TimerInfo/src/Custom.c
COMPILING CactusExamples/WaveToy1DF77/src/Coord.F77
checking whether the C compiler works... Creating /home/pespino/Cactus/configs/elliptica/lib/libthorn_TestLoop.a
COMPILING CactusUtils/WatchDog/src/watchdog.c
COMPILING CactusNumerical/TestLocalReduce/src/Reduce_Avg.c
COMPILING CactusExamples/WaveToy1DF77/src/Boundary.F77
COMPILING configs/elliptica/bindings/build/Trigger/cctk_ThornBindings.c
COMPILING CactusExamples/WaveToy2DF77/src/Startup.F77
COMPILING configs/elliptica/bindings/build/TestTable/cctk_ThornBindings.c
COMPILING EinsteinBase/TmunuBase/src/SetStressEnergyState.F90
Creating /home/pespino/Cactus/configs/elliptica/lib/libthorn_WaveToy1DF77.a
COMPILING CactusUtils/Vectors/src/test-vectors-4-AVX_FMA4.cc
COMPILING CactusExamples/WaveToy2DF77/src/Initial.F77
yes
checking for C compiler default output file name... a.out
COMPILING CactusExamples/WaveToy2DF77/src/Coord.F77
COMPILING CactusUtils/Vectors/src/test-vectors-4-Altivec.cc
checking for suffix of executables... Checking status of thorn CartGrid3D
Checking status of thorn hwloc
Checking status of thorn CarpetProlongateTest
Creating /home/pespino/Cactus/configs/elliptica/lib/libthorn_SystemStatistics.a
COMPILING CactusUtils/Vectors/src/test-vectors-4-SSE.cc
COMPILING CactusUtils/Vectors/src/test-vectors-4-SSE_SSE41.cc
COMPILING CactusExamples/WaveToy2DF77/src/Boundary.F77
COMPILING EinsteinBase/TmunuBase/src/ZeroTmunu.F90
COMPILING CactusUtils/Vectors/src/test-vectors-4-SSE_SSE4A.cc
COMPILING CactusNumerical/MoL/src/RK65.c
Creating /home/pespino/Cactus/configs/elliptica/lib/libthorn_Trigger.a
COMPILING configs/elliptica/bindings/build/WaveToyExtra/cctk_ThornBindings.c
COMPILING configs/elliptica/bindings/build/TimerInfo/cctk_ThornBindings.c
COMPILING CactusBase/Time/src/Initialise.c

COMPILING CactusBase/Time/src/Simple.c
COMPILING CactusWave/WaveToyExtra/src/Boundary.c
checking whether we are cross compiling... COMPILING configs/elliptica/bindings/build/TmunuBase/cctk_ThornBindings.c
COMPILING CactusNumerical/MoL/src/RK87.c
Creating /home/pespino/Cactus/configs/elliptica/lib/libthorn_TestTable.a
COMPILING CactusNumerical/MoL/src/Registration.c
COMPILING CactusUtils/Vectors/src/test-vectors-4-SSE_FMA4.cc
Creating /home/pespino/Cactus/configs/elliptica/lib/libthorn_WaveToy2DF77.a
Checking status of thorn TGRtensor
COMPILING CactusUtils/Vectors/src/test-vectors-4-default.cc
COMPILING CactusNumerical/MoL/src/RKCoefficients.c
Creating /home/pespino/Cactus/configs/elliptica/lib/libthorn_WaveBinarySource.a
Creating /home/pespino/Cactus/configs/elliptica/lib/libthorn_TestLocalReduce.a
Checking status of thorn Dissipation
COMPILING CactusNumerical/SummationByParts/src/call_derivs.c
COMPILING CactusNumerical/MoL/src/RHSNaNCheck.c
Checking status of thorn EOS_Polytrope
COMPILING configs/elliptica/bindings/build/libjpeg/cctk_ThornBindings.c
Creating /home/pespino/Cactus/configs/elliptica/lib/libthorn_WatchDog.a
Checking status of thorn Elliptica_BHNS
Creating /home/pespino/Cactus/configs/elliptica/lib/libthorn_TimerInfo.a
Creating /home/pespino/Cactus/configs/elliptica/lib/libthorn_TmunuBase.a
COMPILING configs/elliptica/bindings/build/smallbPoynET/cctk_ThornBindings.c
Creating /home/pespino/Cactus/configs/elliptica/lib/libthorn_AEILocalInterp.a
Checking status of thorn Exact
COMPILING configs/elliptica/bindings/Implementations/ImplementationBindings.c
COMPILING CactusNumerical/MoL/src/SandR.c
no
checking for suffix of object files... Creating /home/pespino/Cactus/configs/elliptica/lib/libthorn_WaveToyExtra.a
COMPILING CactusNumerical/MoL/src/SetTime.c
Checking status of thorn IDAxiBrillBH
Checking status of thorn LORENE2
Checking status of thorn IOASCII
Creating /home/pespino/Cactus/configs/elliptica/lib/libthorn_Time.a
COMPILING CactusNumerical/MoL/src/Startup.c
o
checking whether we are using the GNU C compiler... Creating /home/pespino/Cactus/configs/elliptica/lib/libthorn_libjpeg.a
COMPILING CactusNumerical/SummationByParts/src/call_up_derivs.c
COMPILING CactusNumerical/MoL/src/StepSize.c
COMPILING Proca/TwoPunctures_KerrProca/src/CoordTransf.c
COMPILING EinsteinInitialData/TwoPunctures/src/CoordTransf.c
COMPILING EinsteinInitialData/TwoPunctures/src/Equations.c
COMPILING Carpet/CarpetProlongateTest/src/init.F90
yes
checking whether gcc accepts -g... COMPILING configs/elliptica/bindings/build/CarpetProlongateTest/cctk_ThornBindings.c
Checking status of thorn IOBasic
COMPILING ExternalLibraries/hwloc/src/version.c
COMPILING configs/elliptica/bindings/build/CartGrid3D/cctk_ThornBindings.c
COMPILING EinsteinInitialData/TwoPunctures/src/FuncAndJacobian.c
Checking status of thorn NewRad
COMPILING EinsteinInitialData/TwoPunctures/src/Newton.c
yes
checking for gcc option to accept ISO C89... COMPILING configs/elliptica/bindings/build/TGRtensor/cctk_ThornBindings.c
COMPILING EinsteinInitialData/TwoPunctures/src/TwoPunctures.c
Creating /home/pespino/Cactus/configs/elliptica/lib/libthorn_TestMath.a
Creating /home/pespino/Cactus/configs/elliptica/lib/libthorn_TestReadWrite.a
COMPILING configs/elliptica/bindings/build/Dissipation/cctk_ThornBindings.c
Creating /home/pespino/Cactus/configs/elliptica/lib/libthorn_CarpetProlongateTest.a
COMPILING configs/elliptica/bindings/build/EOS_Polytrope/cctk_ThornBindings.c
COMPILING CactusNumerical/SummationByParts/src/call_derivs2.c
COMPILING CactusNumerical/SummationByParts/src/call_derivs_name.c
none needed
checking for style of include used by make... COMPILING CactusNumerical/SummationByParts/src/All_Coeffs_mod.F90
COMPILING configs/elliptica/bindings/build/Exact/cctk_ThornBindings.c
Creating /home/pespino/Cactus/configs/elliptica/lib/libthorn_TestLocalInterp2.a
GNU
Creating /home/pespino/Cactus/configs/elliptica/lib/libthorn_MoL.a
checking dependency style of gcc... Checking status of thorn NullGrid
COMPILING EinsteinInitialData/TwoPunctures/src/TP_utilities.c
COMPILING CactusUtils/Vectors/src/test-vectors-8-AVX_AVX2.cc
COMPILING CactusNumerical/SummationByParts/src/Derivatives2_mixed.F90
COMPILING CactusNumerical/SummationByParts/src/Get_Coeff.F90
COMPILING CactusUtils/Vectors/src/test-vectors-8-AVX_FMA4.cc
COMPILING CactusUtils/Vectors/src/test-vectors-8-AVX.cc
COMPILING WVUThorns_Diagnostics/VolumeIntegrals_vacuum/src/Initialize_or_Decrement_IntegralCounter.C
COMPILING WVUThorns_Diagnostics/VolumeIntegrals_vacuum/src/evaluate_integrands_local.C
COMPILING configs/elliptica/bindings/build/LORENE2/cctk_ThornBindings.c
COMPILING EinsteinInitialData/TwoPunctures/src/ParamCheck.c
COMPILING Proca/TwoPunctures_KerrProca/src/Equations.c
COMPILING CactusUtils/Vectors/src/test-vectors-8-AVX512.cc
COMPILING CactusUtils/Vectors/src/test-vectors-8-AVX512_AVX512ER.cc
COMPILING EinsteinEOS/EOS_Polytrope/src/EOS_Polytrope_Scalars.F
COMPILING Proca/TwoPunctures_KerrProca/src/FuncAndJacobian.c
COMPILING Proca/TwoPunctures_KerrProca/src/Newton.c
COMPILING CactusUtils/Vectors/src/test-vectors-8-MIC.cc
Checking status of thorn Outflow
COMPILING configs/elliptica/bindings/build/IOASCII/cctk_ThornBindings.c
Checking status of thorn SampleIO
COMPILING Proca/TwoPunctures_KerrProca/src/TwoPunctures.c
/home/pespino/Cactus/arrangements/EinsteinInitialData/TwoPunctures/src/Newton.c: In function 'TestRelax':
/home/pespino/Cactus/arrangements/EinsteinInitialData/TwoPunctures/src/Newton.c:287:37: warning: passing argument 6 of 'resid' from incompatible pointer type [-Wincompatible-pointer-types]
  287 |   resid (res, ntotal, dv, F, ncols, cols, JFD);
      |                                     ^~~~
      |                                     |
      |                                     int **
/home/pespino/Cactus/arrangements/EinsteinInitialData/TwoPunctures/src/Newton.c:80:52: note: expected 'const int * const restrict* const restrict' but argument is of type 'int **'
   80 |        int const * restrict const * restrict const cols,
      |        ~~~~~~~~~~~~~~~~~~~~~~~~~~~~~~~~~~~~~~~~~~~~^~~~
/home/pespino/Cactus/arrangements/EinsteinInitialData/TwoPunctures/src/Newton.c:287:43: warning: passing argument 7 of 'resid' from incompatible pointer type [-Wincompatible-pointer-types]
  287 |   resid (res, ntotal, dv, F, ncols, cols, JFD);
      |                                           ^~~
      |                                           |
      |                                           CCTK_REAL8 ** {aka double **}
/home/pespino/Cactus/arrangements/EinsteinInitialData/TwoPunctures/src/Newton.c:81:58: note: expected 'const CCTK_REAL8 * const restrict* const restrict' {aka 'const double * const restrict* const restrict'} but argument is of type 'CCTK_REAL8 **' {aka 'double **'}
   81 |        CCTK_REAL const * restrict const * restrict const JFD)
/home/pespino/Cactus/arrangements/EinsteinInitialData/TwoPunctures/src/Newton.c:292:44: warning: passing argument 8 of 'relax' from incompatible pointer type [-Wincompatible-pointer-types]
  292 |     relax (dv, nvar, n1, n2, n3, F, ncols, cols, JFD); /* solves JFD*sh = s*/
      |                                            ^~~~
      |                                            |
      |                                            int **
/home/pespino/Cactus/arrangements/EinsteinInitialData/TwoPunctures/src/Newton.c:218:52: note: expected 'const int * const restrict* const restrict' but argument is of type 'int **'
  218 |        int const * restrict const * restrict const cols,
      |        ~~~~~~~~~~~~~~~~~~~~~~~~~~~~~~~~~~~~~~~~~~~~^~~~
/home/pespino/Cactus/arrangements/EinsteinInitialData/TwoPunctures/src/Newton.c:292:50: warning: passing argument 9 of 'relax' from incompatible pointer type [-Wincompatible-pointer-types]
  292 |     relax (dv, nvar, n1, n2, n3, F, ncols, cols, JFD); /* solves JFD*sh = s*/
      |                                                  ^~~
      |                                                  |
      |                                                  CCTK_REAL8 ** {aka double **}
/home/pespino/Cactus/arrangements/EinsteinInitialData/TwoPunctures/src/Newton.c:219:58: note: expected 'const CCTK_REAL8 * const restrict* const restrict' {aka 'const double * const restrict* const restrict'} but argument is of type 'CCTK_REAL8 **' {aka 'double **'}
  219 |        CCTK_REAL const * restrict const * restrict const JFD)
/home/pespino/Cactus/arrangements/EinsteinInitialData/TwoPunctures/src/Newton.c:295:41: warning: passing argument 6 of 'resid' from incompatible pointer type [-Wincompatible-pointer-types]
  295 |       resid (res, ntotal, dv, F, ncols, cols, JFD);
      |                                         ^~~~
      |                                         |
      |                                         int **
/home/pespino/Cactus/arrangements/EinsteinInitialData/TwoPunctures/src/Newton.c:80:52: note: expected 'const int * const restrict* const restrict' but argument is of type 'int **'
   80 |        int const * restrict const * restrict const cols,
      |        ~~~~~~~~~~~~~~~~~~~~~~~~~~~~~~~~~~~~~~~~~~~~^~~~
/home/pespino/Cactus/arrangements/EinsteinInitialData/TwoPunctures/src/Newton.c:295:47: warning: passing argument 7 of 'resid' from incompatible pointer type [-Wincompatible-pointer-types]
  295 |       resid (res, ntotal, dv, F, ncols, cols, JFD);
      |                                               ^~~
      |                                               |
      |                                               CCTK_REAL8 ** {aka double **}
/home/pespino/Cactus/arrangements/EinsteinInitialData/TwoPunctures/src/Newton.c:81:58: note: expected 'const CCTK_REAL8 * const restrict* const restrict' {aka 'const double * const restrict* const restrict'} but argument is of type 'CCTK_REAL8 **' {aka 'double **'}
   81 |        CCTK_REAL const * restrict const * restrict const JFD)
/home/pespino/Cactus/arrangements/EinsteinInitialData/TwoPunctures/src/Newton.c:301:37: warning: passing argument 6 of 'resid' from incompatible pointer type [-Wincompatible-pointer-types]
  301 |   resid (res, ntotal, dv, F, ncols, cols, JFD);
      |                                     ^~~~
      |                                     |
      |                                     int **
/home/pespino/Cactus/arrangements/EinsteinInitialData/TwoPunctures/src/Newton.c:80:52: note: expected 'const int * const restrict* const restrict' but argument is of type 'int **'
   80 |        int const * restrict const * restrict const cols,
      |        ~~~~~~~~~~~~~~~~~~~~~~~~~~~~~~~~~~~~~~~~~~~~^~~~
/home/pespino/Cactus/arrangements/EinsteinInitialData/TwoPunctures/src/Newton.c:301:43: warning: passing argument 7 of 'resid' from incompatible pointer type [-Wincompatible-pointer-types]
  301 |   resid (res, ntotal, dv, F, ncols, cols, JFD);
      |                                           ^~~
      |                                           |
      |                                           CCTK_REAL8 ** {aka double **}
/home/pespino/Cactus/arrangements/EinsteinInitialData/TwoPunctures/src/Newton.c:81:58: note: expected 'const CCTK_REAL8 * const restrict* const restrict' {aka 'const double * const restrict* const restrict'} but argument is of type 'CCTK_REAL8 **' {aka 'double **'}
   81 |        CCTK_REAL const * restrict const * restrict const JFD)
/home/pespino/Cactus/arrangements/EinsteinInitialData/TwoPunctures/src/Newton.c: In function 'bicgstab':
/home/pespino/Cactus/arrangements/EinsteinInitialData/TwoPunctures/src/Newton.c:402:53: warning: passing argument 8 of 'relax' from incompatible pointer type [-Wincompatible-pointer-types]
  402 |           relax (ph.d0, nvar, n1, n2, n3, p, ncols, cols, JFD);
      |                                                     ^~~~
      |                                                     |
      |                                                     int **
/home/pespino/Cactus/arrangements/EinsteinInitialData/TwoPunctures/src/Newton.c:218:52: note: expected 'const int * const restrict* const restrict' but argument is of type 'int **'
  218 |        int const * restrict const * restrict const cols,
      |        ~~~~~~~~~~~~~~~~~~~~~~~~~~~~~~~~~~~~~~~~~~~~^~~~
/home/pespino/Cactus/arrangements/EinsteinInitialData/TwoPunctures/src/Newton.c:402:59: warning: passing argument 9 of 'relax' from incompatible pointer type [-Wincompatible-pointer-types]
  402 |           relax (ph.d0, nvar, n1, n2, n3, p, ncols, cols, JFD);
      |                                                           ^~~
      |                                                           |
      |                                                           CCTK_REAL8 ** {aka double **}
/home/pespino/Cactus/arrangements/EinsteinInitialData/TwoPunctures/src/Newton.c:219:58: note: expected 'const CCTK_REAL8 * const restrict* const restrict' {aka 'const double * const restrict* const restrict'} but argument is of type 'CCTK_REAL8 **' {aka 'double **'}
  219 |        CCTK_REAL const * restrict const * restrict const JFD)
/home/pespino/Cactus/arrangements/EinsteinInitialData/TwoPunctures/src/Newton.c:430:53: warning: passing argument 8 of 'relax' from incompatible pointer type [-Wincompatible-pointer-types]
  430 |           relax (sh.d0, nvar, n1, n2, n3, s, ncols, cols, JFD);
      |                                                     ^~~~
      |                                                     |
      |                                                     int **
/home/pespino/Cactus/arrangements/EinsteinInitialData/TwoPunctures/src/Newton.c:218:52: note: expected 'const int * const restrict* const restrict' but argument is of type 'int **'
  218 |        int const * restrict const * restrict const cols,
      |        ~~~~~~~~~~~~~~~~~~~~~~~~~~~~~~~~~~~~~~~~~~~~^~~~
/home/pespino/Cactus/arrangements/EinsteinInitialData/TwoPunctures/src/Newton.c:430:59: warning: passing argument 9 of 'relax' from incompatible pointer type [-Wincompatible-pointer-types]
  430 |           relax (sh.d0, nvar, n1, n2, n3, s, ncols, cols, JFD);
      |                                                           ^~~
      |                                                           |
      |                                                           CCTK_REAL8 ** {aka double **}
/home/pespino/Cactus/arrangements/EinsteinInitialData/TwoPunctures/src/Newton.c:219:58: note: expected 'const CCTK_REAL8 * const restrict* const restrict' {aka 'const double * const restrict* const restrict'} but argument is of type 'CCTK_REAL8 **' {aka 'double **'}
  219 |        CCTK_REAL const * restrict const * restrict const JFD)
COMPILING CactusNumerical/SummationByParts/src/set_norm_mask.F90
COMPILING CactusNumerical/SummationByParts/src/GetScalProdDiag.F90
COMPILING CactusUtils/Vectors/src/test-vectors-8-SSE2_SSE41.cc
COMPILING CactusUtils/Vectors/src/test-vectors-8-SSE2.cc
COMPILING EinsteinInitialData/TwoPunctures/src/Metadata.cc
COMPILING EinsteinEOS/EOS_Polytrope/src/EOS_Polytrope_Startup.F
COMPILING configs/elliptica/bindings/build/hwloc/cctk_ThornBindings.c
Creating /home/pespino/Cactus/configs/elliptica/lib/libthorn_LORENE2.a
COMPILING CactusUtils/Vectors/src/test-vectors-8-SSE2_SSE4A.cc
COMPILING EinsteinInitialData/IDAxiBrillBH/src/IDAxiBrillBH.F
COMPILING WVUThorns_Diagnostics/smallbPoynET/src/compute_bi_b2_Poyn_fluxET.C
COMPILING CactusNumerical/SummationByParts/src/CheckGridSizes.F90
COMPILING CactusNumerical/Dissipation/src/apply_dissipation.F77
gcc3
checking whether gcc and cc understand -c and -o together... Checking status of thorn TestFortranCrayPointers
COMPILING EinsteinInitialData/IDAxiBrillBH/src/mg59p.F
COMPILING CactusNumerical/SummationByParts/src/dissipation.c
COMPILING EinsteinEOS/EOS_Polytrope/src/EOS_Polytrope.F
Checking status of thorn TestFortranDependencies1
/home/pespino/Cactus/arrangements/EinsteinInitialData/IDAxiBrillBH/src/mg59p.F:66:30:

   66 |    30 np2(m-k+1,jred)=np2(k,2)
      |                              1
Warning: Fortran 2018 deleted feature: DO termination statement which is not END DO or CONTINUE with label 30 at (1)
/home/pespino/Cactus/arrangements/EinsteinInitialData/IDAxiBrillBH/src/mg59p.F:74:29:

   74 |    40 if(k.lt.m) iqi=iqi+ktot
      |                             1
Warning: Fortran 2018 deleted feature: DO termination statement which is not END DO or CONTINUE with label 40 at (1)
/home/pespino/Cactus/arrangements/EinsteinInitialData/IDAxiBrillBH/src/mg59p.F:78:18:

   78 |    50 np2(k,ifd)=9
      |                  1
Warning: Fortran 2018 deleted feature: DO termination statement which is not END DO or CONTINUE with label 50 at (1)
COMPILING Proca/TwoPunctures_KerrProca/src/TP_utilities.c
Creating /home/pespino/Cactus/configs/elliptica/lib/libthorn_hwloc.a
COMPILING configs/elliptica/bindings/build/Elliptica_BHNS/cctk_ThornBindings.c
COMPILING CactusNumerical/Dissipation/src/basegrid.c
COMPILING WVUThorns_Diagnostics/VolumeIntegrals_GRMHD/src/evaluate_integrands_local.C
Creating /home/pespino/Cactus/configs/elliptica/lib/libthorn_EOS_Polytrope.a
COMPILING CactusNumerical/Dissipation/src/dissipation.c
COMPILING Proca/TwoPunctures_KerrProca/src/ParamCheck.c
COMPILING WVUThorns_Diagnostics/VolumeIntegrals_GRMHD/src/Initialize_or_Decrement_IntegralCounter.C
COMPILING CactusNumerical/SummationByParts/src/Dissipation_2_1.F90
COMPILING configs/elliptica/bindings/build/NewRad/cctk_ThornBindings.c
COMPILING EinsteinInitialData/IDAxiBrillBH/src/shmgp.F77
/home/pespino/Cactus/arrangements/EinsteinInitialData/IDAxiBrillBH/src/shmgp.F77:306:55:

  306 |      + im,jm,jmc,ifd,i9,j9,nman,k+1,m,jr,ipc,irc,irurd)
      |                                                       1
Warning: Fortran 2018 deleted feature: DO termination statement which is not END DO or CONTINUE with label 5 at (1)
/home/pespino/Cactus/arrangements/EinsteinInitialData/IDAxiBrillBH/src/shmgp.F77:325:30:

  325 |      + im,jm,jmc,m,k+1,jr,irc)
      |                              1
Warning: Fortran 2018 deleted feature: DO termination statement which is not END DO or CONTINUE with label 6 at (1)
/home/pespino/Cactus/arrangements/EinsteinInitialData/IDAxiBrillBH/src/shmgp.F77:480:30:

  480 |    30 np2(m-k+1,jred)=np2(k,2)
      |                              1
Warning: Fortran 2018 deleted feature: DO termination statement which is not END DO or CONTINUE with label 30 at (1)
/home/pespino/Cactus/arrangements/EinsteinInitialData/IDAxiBrillBH/src/shmgp.F77:488:29:

  488 |    40 if(k.lt.m) iqi=iqi+ktot
      |                             1
Warning: Fortran 2018 deleted feature: DO termination statement which is not END DO or CONTINUE with label 40 at (1)
/home/pespino/Cactus/arrangements/EinsteinInitialData/IDAxiBrillBH/src/shmgp.F77:492:18:

  492 |    50 np2(k,ifd)=9
      |                  1
Warning: Fortran 2018 deleted feature: DO termination statement which is not END DO or CONTINUE with label 50 at (1)
/home/pespino/Cactus/arrangements/EinsteinInitialData/IDAxiBrillBH/src/shmgp.F77:544:19:

  544 |       do 10 i=2,im1
      |                   1
Warning: Fortran 2018 deleted feature: Shared DO termination label 10 at (1)
/home/pespino/Cactus/arrangements/EinsteinInitialData/IDAxiBrillBH/src/shmgp.F77:545:57:

  545 |    10 q(i,j)=q(i,j)+pd(i,jc)*qc(i,jc)+pu(i,jc)*qc(i,jc+1)
      |                                                         1
Warning: Fortran 2018 deleted feature: DO termination statement which is not END DO or CONTINUE with label 10 at (1)
/home/pespino/Cactus/arrangements/EinsteinInitialData/IDAxiBrillBH/src/shmgp.F77:552:19:

  552 |       do 40 i=2,im1
      |                   1
Warning: Fortran 2018 deleted feature: Shared DO termination label 40 at (1)
/home/pespino/Cactus/arrangements/EinsteinInitialData/IDAxiBrillBH/src/shmgp.F77:553:50:

  553 |    40 q(i,j)=pd(i,jc)*qc(i,jc)+pu(i,jc)*qc(i,jc+1)
      |                                                  1
Warning: Fortran 2018 deleted feature: DO termination statement which is not END DO or CONTINUE with label 40 at (1)
/home/pespino/Cactus/arrangements/EinsteinInitialData/IDAxiBrillBH/src/shmgp.F77:571:19:

  571 |       do 10 i=2,im1
      |                   1
Warning: Fortran 2018 deleted feature: Shared DO termination label 10 at (1)
/home/pespino/Cactus/arrangements/EinsteinInitialData/IDAxiBrillBH/src/shmgp.F77:572:20:

  572 |    10 con=con+q(i,j)
      |                    1
Warning: Fortran 2018 deleted feature: DO termination statement which is not END DO or CONTINUE with label 10 at (1)
/home/pespino/Cactus/arrangements/EinsteinInitialData/IDAxiBrillBH/src/shmgp.F77:575:19:

  575 |       do 20 i=2,im1
      |                   1
Warning: Fortran 2018 deleted feature: Shared DO termination label 20 at (1)
/home/pespino/Cactus/arrangements/EinsteinInitialData/IDAxiBrillBH/src/shmgp.F77:576:23:

  576 |    20 q(i,j)=q(i,j)-con
      |                       1
Warning: Fortran 2018 deleted feature: DO termination statement which is not END DO or CONTINUE with label 20 at (1)
/home/pespino/Cactus/arrangements/EinsteinInitialData/IDAxiBrillBH/src/shmgp.F77:634:20:

  634 |       do 110 i=2,im1
      |                    1
Warning: Fortran 2018 deleted feature: Shared DO termination label 110 at (1)
/home/pespino/Cactus/arrangements/EinsteinInitialData/IDAxiBrillBH/src/shmgp.F77:635:53:

  635 |   110 q(i,j)=f(i,j)-as(i,j)*q(i,j-1)-an(i,j)*q(i,j+1)
      |                                                     1
Warning: Fortran 2018 deleted feature: DO termination statement which is not END DO or CONTINUE with label 110 at (1)
/home/pespino/Cactus/arrangements/EinsteinInitialData/IDAxiBrillBH/src/shmgp.F77:638:20:

  638 |       do 120 i=2,im1
      |                    1
Warning: Fortran 2018 deleted feature: Shared DO termination label 120 at (1)
/home/pespino/Cactus/arrangements/EinsteinInitialData/IDAxiBrillBH/src/shmgp.F77:640:46:

  640 |      + anw(i,j)*q(i-1,j+1)-ane(i,j)*q(i+1,j+1)
      |                                              1
Warning: Fortran 2018 deleted feature: DO termination statement which is not END DO or CONTINUE with label 120 at (1)
/home/pespino/Cactus/arrangements/EinsteinInitialData/IDAxiBrillBH/src/shmgp.F77:650:27:

  650 |   129 q(2,j)=q(2,j)/ac(2,j)
      |                           1
Warning: Fortran 2018 deleted feature: DO termination statement which is not END DO or CONTINUE with label 129 at (1)
/home/pespino/Cactus/arrangements/EinsteinInitialData/IDAxiBrillBH/src/shmgp.F77:672:42:

  672 |   140 q(i,j)=(q(i,j)-aw(i,j)*q(i-1,j))*bet
      |                                          1
Warning: Fortran 2018 deleted feature: DO termination statement which is not END DO or CONTINUE with label 140 at (1)
/home/pespino/Cactus/arrangements/EinsteinInitialData/IDAxiBrillBH/src/shmgp.F77:674:37:

  674 |   150 q(i,j)=q(i,j)-gam(i+1)*q(i+1,j)
      |                                     1
Warning: Fortran 2018 deleted feature: DO termination statement which is not END DO or CONTINUE with label 150 at (1)
/home/pespino/Cactus/arrangements/EinsteinInitialData/IDAxiBrillBH/src/shmgp.F77:683:20:

  683 |       do 210 i=2,im1
      |                    1
Warning: Fortran 2018 deleted feature: Shared DO termination label 210 at (1)
/home/pespino/Cactus/arrangements/EinsteinInitialData/IDAxiBrillBH/src/shmgp.F77:684:53:

  684 |   210 q(i,j)=f(i,j)-as(i,j)*q(i,j-1)-an(i,j)*q(i,j+1)
      |                                                     1
Warning: Fortran 2018 deleted feature: DO termination statement which is not END DO or CONTINUE with label 210 at (1)
/home/pespino/Cactus/arrangements/EinsteinInitialData/IDAxiBrillBH/src/shmgp.F77:687:20:

  687 |       do 220 i=2,im1
      |                    1
Warning: Fortran 2018 deleted feature: Shared DO termination label 220 at (1)
/home/pespino/Cactus/arrangements/EinsteinInitialData/IDAxiBrillBH/src/shmgp.F77:689:46:

  689 |      + anw(i,j)*q(i-1,j+1)-ane(i,j)*q(i+1,j+1)
      |                                              1
Warning: Fortran 2018 deleted feature: DO termination statement which is not END DO or CONTINUE with label 220 at (1)
/home/pespino/Cactus/arrangements/EinsteinInitialData/IDAxiBrillBH/src/shmgp.F77:706:27:

  706 |   229 q(2,j)=q(2,j)/ac(2,j)
      |                           1
Warning: Fortran 2018 deleted feature: DO termination statement which is not END DO or CONTINUE with label 229 at (1)
/home/pespino/Cactus/arrangements/EinsteinInitialData/IDAxiBrillBH/src/shmgp.F77:728:42:

  728 |   240 q(i,j)=(q(i,j)-aw(i,j)*q(i-1,j))*bet
      |                                          1
Warning: Fortran 2018 deleted feature: DO termination statement which is not END DO or CONTINUE with label 240 at (1)
/home/pespino/Cactus/arrangements/EinsteinInitialData/IDAxiBrillBH/src/shmgp.F77:730:37:

  730 |   250 q(i,j)=q(i,j)-gam(i+1)*q(i+1,j)
      |                                     1
Warning: Fortran 2018 deleted feature: DO termination statement which is not END DO or CONTINUE with label 250 at (1)
/home/pespino/Cactus/arrangements/EinsteinInitialData/IDAxiBrillBH/src/shmgp.F77:764:19:

  764 |       do 10 i=2,im1
      |                   1
Warning: Fortran 2018 deleted feature: Shared DO termination label 10 at (1)
/home/pespino/Cactus/arrangements/EinsteinInitialData/IDAxiBrillBH/src/shmgp.F77:766:55:

  766 |      + aw(i,j)*q(i-1,j)-ae(i,j)*q(i+1,j)-ac(i,j)*q(i,j)
      |                                                       1
Warning: Fortran 2018 deleted feature: DO termination statement which is not END DO or CONTINUE with label 10 at (1)
/home/pespino/Cactus/arrangements/EinsteinInitialData/IDAxiBrillBH/src/shmgp.F77:771:19:

  771 |       do 20 i=2,im1
      |                   1
Warning: Fortran 2018 deleted feature: Shared DO termination label 20 at (1)
/home/pespino/Cactus/arrangements/EinsteinInitialData/IDAxiBrillBH/src/shmgp.F77:773:46:

  773 |      + ase(i,j)*q(i+1,j-1)-anw(i,j)*q(i-1,j+1)
      |                                              1
Warning: Fortran 2018 deleted feature: DO termination statement which is not END DO or CONTINUE with label 20 at (1)
/home/pespino/Cactus/arrangements/EinsteinInitialData/IDAxiBrillBH/src/shmgp.F77:777:18:

  777 |       do 25 i=1,im
      |                  1
Warning: Fortran 2018 deleted feature: Shared DO termination label 25 at (1)
/home/pespino/Cactus/arrangements/EinsteinInitialData/IDAxiBrillBH/src/shmgp.F77:778:17:

  778 |    25 qc(i,jc)=0.
      |                 1
Warning: Fortran 2018 deleted feature: DO termination statement which is not END DO or CONTINUE with label 25 at (1)
/home/pespino/Cactus/arrangements/EinsteinInitialData/IDAxiBrillBH/src/shmgp.F77:782:19:

  782 |       do 30 i=2,im1
      |                   1
Warning: Fortran 2018 deleted feature: Shared DO termination label 30 at (1)
/home/pespino/Cactus/arrangements/EinsteinInitialData/IDAxiBrillBH/src/shmgp.F77:784:36:

  784 |    30 if(resmax.gt.rmax) rmax=resmax
      |                                    1
Warning: Fortran 2018 deleted feature: DO termination statement which is not END DO or CONTINUE with label 30 at (1)
/home/pespino/Cactus/arrangements/EinsteinInitialData/IDAxiBrillBH/src/shmgp.F77:789:19:

  789 |       do 40 i=2,im1
      |                   1
Warning: Fortran 2018 deleted feature: Shared DO termination label 40 at (1)
/home/pespino/Cactus/arrangements/EinsteinInitialData/IDAxiBrillBH/src/shmgp.F77:790:32:

  790 |    40 fc(i,jc)=rc(i,jc)*fc(i,jc)
      |                                1
Warning: Fortran 2018 deleted feature: DO termination statement which is not END DO or CONTINUE with label 40 at (1)
/home/pespino/Cactus/arrangements/EinsteinInitialData/IDAxiBrillBH/src/shmgp.F77:810:19:

  810 |       do 10 i=2,im1
      |                   1
Warning: Fortran 2018 deleted feature: Shared DO termination label 10 at (1)
/home/pespino/Cactus/arrangements/EinsteinInitialData/IDAxiBrillBH/src/shmgp.F77:811:59:

  811 |    10 fc(i,jc)=ru(i,jc-1)*f(i,j-1)+rd(i,jc)*f(i,j+1)+f(i,j)
      |                                                           1
Warning: Fortran 2018 deleted feature: DO termination statement which is not END DO or CONTINUE with label 10 at (1)
/home/pespino/Cactus/arrangements/EinsteinInitialData/IDAxiBrillBH/src/shmgp.F77:815:19:

  815 |       do 20 i=2,im1
      |                   1
Warning: Fortran 2018 deleted feature: Shared DO termination label 20 at (1)
/home/pespino/Cactus/arrangements/EinsteinInitialData/IDAxiBrillBH/src/shmgp.F77:817:22:

  817 |      + rc(i,jc)*f(i,j)
      |                      1
Warning: Fortran 2018 deleted feature: DO termination statement which is not END DO or CONTINUE with label 20 at (1)
/home/pespino/Cactus/arrangements/EinsteinInitialData/IDAxiBrillBH/src/shmgp.F77:867:16:

  867 |     2 an(i,j)=0.
      |                1
Warning: Fortran 2018 deleted feature: DO termination statement which is not END DO or CONTINUE with label 2 at (1)
/home/pespino/Cactus/arrangements/EinsteinInitialData/IDAxiBrillBH/src/shmgp.F77:869:18:

  869 |     1 ae(im1,j)=0.
      |                  1
Warning: Fortran 2018 deleted feature: DO termination statement which is not END DO or CONTINUE with label 1 at (1)
/home/pespino/Cactus/arrangements/EinsteinInitialData/IDAxiBrillBH/src/shmgp.F77:876:16:

  876 |     4 an(i,j)=0.
      |                1
Warning: Fortran 2018 deleted feature: DO termination statement which is not END DO or CONTINUE with label 4 at (1)
/home/pespino/Cactus/arrangements/EinsteinInitialData/IDAxiBrillBH/src/shmgp.F77:878:18:

  878 |     3 an(i,jm1)=0.
      |                  1
Warning: Fortran 2018 deleted feature: DO termination statement which is not END DO or CONTINUE with label 3 at (1)
/home/pespino/Cactus/arrangements/EinsteinInitialData/IDAxiBrillBH/src/shmgp.F77:885:17:

  885 |     6 anw(i,j)=0.
      |                 1
Warning: Fortran 2018 deleted feature: DO termination statement which is not END DO or CONTINUE with label 6 at (1)
/home/pespino/Cactus/arrangements/EinsteinInitialData/IDAxiBrillBH/src/shmgp.F77:889:19:

  889 |     5 ane(im1,j)=0.
      |                   1
Warning: Fortran 2018 deleted feature: DO termination statement which is not END DO or CONTINUE with label 5 at (1)
/home/pespino/Cactus/arrangements/EinsteinInitialData/IDAxiBrillBH/src/shmgp.F77:895:17:

  895 |     8 anw(i,j)=0.
      |                 1
Warning: Fortran 2018 deleted feature: DO termination statement which is not END DO or CONTINUE with label 8 at (1)
/home/pespino/Cactus/arrangements/EinsteinInitialData/IDAxiBrillBH/src/shmgp.F77:899:19:

  899 |     7 anw(i,jm1)=0.
      |                   1
Warning: Fortran 2018 deleted feature: DO termination statement which is not END DO or CONTINUE with label 7 at (1)
/home/pespino/Cactus/arrangements/EinsteinInitialData/IDAxiBrillBH/src/shmgp.F77:903:17:

  903 |       do 9 i=1,im
      |                 1
Warning: Fortran 2018 deleted feature: Shared DO termination label 9 at (1)
/home/pespino/Cactus/arrangements/EinsteinInitialData/IDAxiBrillBH/src/shmgp.F77:909:17:

  909 |     9 rd(i,jc)=0.
      |                 1
Warning: Fortran 2018 deleted feature: DO termination statement which is not END DO or CONTINUE with label 9 at (1)
/home/pespino/Cactus/arrangements/EinsteinInitialData/IDAxiBrillBH/src/shmgp.F77:917:18:

  917 |       do 20 i=1,im
      |                  1
Warning: Fortran 2018 deleted feature: Shared DO termination label 20 at (1)
/home/pespino/Cactus/arrangements/EinsteinInitialData/IDAxiBrillBH/src/shmgp.F77:919:16:

  919 |    20 qw(i,j)=1.
      |                1
Warning: Fortran 2018 deleted feature: DO termination statement which is not END DO or CONTINUE with label 20 at (1)
/home/pespino/Cactus/arrangements/EinsteinInitialData/IDAxiBrillBH/src/shmgp.F77:928:19:

  928 |       do 40 i=2,im1
      |                   1
Warning: Fortran 2018 deleted feature: Shared DO termination label 40 at (1)
/home/pespino/Cactus/arrangements/EinsteinInitialData/IDAxiBrillBH/src/shmgp.F77:930:35:

  930 |    40 pcmax=max(pcmax,abs(qw(i,j)))
      |                                   1
Warning: Fortran 2018 deleted feature: DO termination statement which is not END DO or CONTINUE with label 40 at (1)
/home/pespino/Cactus/arrangements/EinsteinInitialData/IDAxiBrillBH/src/shmgp.F77:932:19:

  932 |       do 50 i=2,im1
      |                   1
Warning: Fortran 2018 deleted feature: Shared DO termination label 50 at (1)
/home/pespino/Cactus/arrangements/EinsteinInitialData/IDAxiBrillBH/src/shmgp.F77:934:29:

  934 |    50 pc(i,jc)=pc(i,jc)/pcmax
      |                             1
Warning: Fortran 2018 deleted feature: DO termination statement which is not END DO or CONTINUE with label 50 at (1)
/home/pespino/Cactus/arrangements/EinsteinInitialData/IDAxiBrillBH/src/shmgp.F77:938:19:

  938 |       do 55 i=2,im1
      |                   1
Warning: Fortran 2018 deleted feature: Shared DO termination label 55 at (1)
/home/pespino/Cactus/arrangements/EinsteinInitialData/IDAxiBrillBH/src/shmgp.F77:939:17:

  939 |    55 pc(i,jc)=1.
      |                 1
Warning: Fortran 2018 deleted feature: DO termination statement which is not END DO or CONTINUE with label 55 at (1)
/home/pespino/Cactus/arrangements/EinsteinInitialData/IDAxiBrillBH/src/shmgp.F77:948:22:

  948 |    70 qw(i,j)=-an(i,j)
      |                      1
Warning: Fortran 2018 deleted feature: DO termination statement which is not END DO or CONTINUE with label 70 at (1)
/home/pespino/Cactus/arrangements/EinsteinInitialData/IDAxiBrillBH/src/shmgp.F77:951:39:

  951 |    80 qw(i,j)=qw(i,j)-ane(i,j)-anw(i,j)
      |                                       1
Warning: Fortran 2018 deleted feature: DO termination statement which is not END DO or CONTINUE with label 80 at (1)
/home/pespino/Cactus/arrangements/EinsteinInitialData/IDAxiBrillBH/src/shmgp.F77:955:33:

  955 |    90 qw(i,j)=-an(i,j)*pc(i,jc+1)
      |                                 1
Warning: Fortran 2018 deleted feature: DO termination statement which is not END DO or CONTINUE with label 90 at (1)
/home/pespino/Cactus/arrangements/EinsteinInitialData/IDAxiBrillBH/src/shmgp.F77:958:65:

  958 |   100 qw(i,j)=qw(i,j)-ane(i,j)*pc(i+1,jc+1)-anw(i,j)*pc(i-1,jc+1)
      |                                                                 1
Warning: Fortran 2018 deleted feature: DO termination statement which is not END DO or CONTINUE with label 100 at (1)
/home/pespino/Cactus/arrangements/EinsteinInitialData/IDAxiBrillBH/src/shmgp.F77:972:22:

  972 |   103 pu(i,jc)=qw(i,j)
      |                      1
Warning: Fortran 2018 deleted feature: DO termination statement which is not END DO or CONTINUE with label 103 at (1)
/home/pespino/Cactus/arrangements/EinsteinInitialData/IDAxiBrillBH/src/shmgp.F77:982:22:

  982 |   130 qw(i,j)=-as(i,j)
      |                      1
Warning: Fortran 2018 deleted feature: DO termination statement which is not END DO or CONTINUE with label 130 at (1)
/home/pespino/Cactus/arrangements/EinsteinInitialData/IDAxiBrillBH/src/shmgp.F77:985:39:

  985 |   140 qw(i,j)=qw(i,j)-ase(i,j)-asw(i,j)
      |                                       1
Warning: Fortran 2018 deleted feature: DO termination statement which is not END DO or CONTINUE with label 140 at (1)
/home/pespino/Cactus/arrangements/EinsteinInitialData/IDAxiBrillBH/src/shmgp.F77:991:31:

  991 |   150 qw(i,j)=-as(i,j)*pc(i,jc)
      |                               1
Warning: Fortran 2018 deleted feature: DO termination statement which is not END DO or CONTINUE with label 150 at (1)
/home/pespino/Cactus/arrangements/EinsteinInitialData/IDAxiBrillBH/src/shmgp.F77:994:61:

  994 |   160 qw(i,j)=qw(i,j)-ase(i,j)*pc(i+1,jc)-asw(i,j)*pc(i-1,jc)
      |                                                             1
Warning: Fortran 2018 deleted feature: DO termination statement which is not END DO or CONTINUE with label 160 at (1)
/home/pespino/Cactus/arrangements/EinsteinInitialData/IDAxiBrillBH/src/shmgp.F77:1007:22:

 1007 |   104 pd(i,jc)=qw(i,j)
      |                      1
Warning: Fortran 2018 deleted feature: DO termination statement which is not END DO or CONTINUE with label 104 at (1)
/home/pespino/Cactus/arrangements/EinsteinInitialData/IDAxiBrillBH/src/shmgp.F77:1016:20:

 1016 |       do 500 i=2,im1
      |                    1
Warning: Fortran 2018 deleted feature: Shared DO termination label 500 at (1)
/home/pespino/Cactus/arrangements/EinsteinInitialData/IDAxiBrillBH/src/shmgp.F77:1017:23:

 1017 |   500 rc(i,jc)=pc(i,jc)
      |                       1
Warning: Fortran 2018 deleted feature: DO termination statement which is not END DO or CONTINUE with label 500 at (1)
/home/pespino/Cactus/arrangements/EinsteinInitialData/IDAxiBrillBH/src/shmgp.F77:1020:20:

 1020 |       do 502 i=2,im1
      |                    1
Warning: Fortran 2018 deleted feature: Shared DO termination label 502 at (1)
/home/pespino/Cactus/arrangements/EinsteinInitialData/IDAxiBrillBH/src/shmgp.F77:1021:17:

 1021 |   502 rc(i,jc)=1.
      |                 1
Warning: Fortran 2018 deleted feature: DO termination statement which is not END DO or CONTINUE with label 502 at (1)
/home/pespino/Cactus/arrangements/EinsteinInitialData/IDAxiBrillBH/src/shmgp.F77:1030:20:

 1030 |       do 560 i=2,im1
      |                    1
Warning: Fortran 2018 deleted feature: Shared DO termination label 560 at (1)
/home/pespino/Cactus/arrangements/EinsteinInitialData/IDAxiBrillBH/src/shmgp.F77:1031:16:

 1031 |   560 qw(i,j)=1.
      |                1
Warning: Fortran 2018 deleted feature: DO termination statement which is not END DO or CONTINUE with label 560 at (1)
/home/pespino/Cactus/arrangements/EinsteinInitialData/IDAxiBrillBH/src/shmgp.F77:1035:20:

 1035 |       do 561 i=2,im1
      |                    1
Warning: Fortran 2018 deleted feature: Shared DO termination label 561 at (1)
/home/pespino/Cactus/arrangements/EinsteinInitialData/IDAxiBrillBH/src/shmgp.F77:1036:53:

 1036 |   561 qw(i,j)=(pd(i,jc)*pc(i,jc)+pu(i,jc)*pc(i,jc+1))
      |                                                     1
Warning: Fortran 2018 deleted feature: DO termination statement which is not END DO or CONTINUE with label 561 at (1)
/home/pespino/Cactus/arrangements/EinsteinInitialData/IDAxiBrillBH/src/shmgp.F77:1048:33:

 1048 |   570 ru(i,jc)=-as(i,j+1)*qw(i,j)
      |                                 1
Warning: Fortran 2018 deleted feature: DO termination statement which is not END DO or CONTINUE with label 570 at (1)
/home/pespino/Cactus/arrangements/EinsteinInitialData/IDAxiBrillBH/src/shmgp.F77:1051:65:

 1051 |   580 ru(i,jc)=ru(i,jc)-ase(i,j+1)*qw(i+1,j)-asw(i,j+1)*qw(i-1,j)
      |                                                                 1
Warning: Fortran 2018 deleted feature: DO termination statement which is not END DO or CONTINUE with label 580 at (1)
/home/pespino/Cactus/arrangements/EinsteinInitialData/IDAxiBrillBH/src/shmgp.F77:1057:33:

 1057 |   650 rd(i,jc)=-an(i,j-1)*qw(i,j)
      |                                 1
Warning: Fortran 2018 deleted feature: DO termination statement which is not END DO or CONTINUE with label 650 at (1)
/home/pespino/Cactus/arrangements/EinsteinInitialData/IDAxiBrillBH/src/shmgp.F77:1060:65:

 1060 |   660 rd(i,jc)=rd(i,jc)-ane(i,j-1)*qw(i+1,j)-anw(i,j-1)*qw(i-1,j)
      |                                                                 1
Warning: Fortran 2018 deleted feature: DO termination statement which is not END DO or CONTINUE with label 660 at (1)
/home/pespino/Cactus/arrangements/EinsteinInitialData/IDAxiBrillBH/src/shmgp.F77:1070:20:

 1070 |       do 670 i=2,im1
      |                    1
Warning: Fortran 2018 deleted feature: Shared DO termination label 670 at (1)
/home/pespino/Cactus/arrangements/EinsteinInitialData/IDAxiBrillBH/src/shmgp.F77:1072:23:

 1072 |   670 rd(i,jc)=pd(i,jc)
      |                       1
Warning: Fortran 2018 deleted feature: DO termination statement which is not END DO or CONTINUE with label 670 at (1)
/home/pespino/Cactus/arrangements/EinsteinInitialData/IDAxiBrillBH/src/shmgp.F77:1081:20:

 1081 |       do 200 i=2,im1
      |                    1
Warning: Fortran 2018 deleted feature: Shared DO termination label 200 at (1)
/home/pespino/Cactus/arrangements/EinsteinInitialData/IDAxiBrillBH/src/shmgp.F77:1096:46:

 1096 |   200 anwc(i,jc)=pu(i-1,jc)*aw(i,j+1)*pd(i,jc)
      |                                              1
Warning: Fortran 2018 deleted feature: DO termination statement which is not END DO or CONTINUE with label 200 at (1)
/home/pespino/Cactus/arrangements/EinsteinInitialData/IDAxiBrillBH/src/shmgp.F77:1101:20:

 1101 |       do 210 i=2,im1
      |                    1
Warning: Fortran 2018 deleted feature: Shared DO termination label 210 at (1)
/home/pespino/Cactus/arrangements/EinsteinInitialData/IDAxiBrillBH/src/shmgp.F77:1109:67:

 1109 |   210 anwc(i,jc)=anwc(i,jc)+anw(i,j+1)*pd(i,jc)+pu(i-1,jc)*anw(i,j)
      |                                                                   1
Warning: Fortran 2018 deleted feature: DO termination statement which is not END DO or CONTINUE with label 210 at (1)
/home/pespino/Cactus/arrangements/EinsteinInitialData/IDAxiBrillBH/src/shmgp.F77:1117:20:

 1117 |       do 300 i=2,im1
      |                    1
Warning: Fortran 2018 deleted feature: Shared DO termination label 300 at (1)
/home/pespino/Cactus/arrangements/EinsteinInitialData/IDAxiBrillBH/src/shmgp.F77:1140:46:

 1140 |   300 anwc(i,jc)=rd(i,jc)*aw(i,j+1)*pu(i-1,jc)
      |                                              1
Warning: Fortran 2018 deleted feature: DO termination statement which is not END DO or CONTINUE with label 300 at (1)
/home/pespino/Cactus/arrangements/EinsteinInitialData/IDAxiBrillBH/src/shmgp.F77:1145:20:

 1145 |       do 310 i=2,im1
      |                    1
Warning: Fortran 2018 deleted feature: Shared DO termination label 310 at (1)
/home/pespino/Cactus/arrangements/EinsteinInitialData/IDAxiBrillBH/src/shmgp.F77:1161:56:

 1161 |      +                      rc(i,jc)*anw(i,j)*pu(i-1,jc)
      |                                                        1
Warning: Fortran 2018 deleted feature: DO termination statement which is not END DO or CONTINUE with label 310 at (1)
/home/pespino/Cactus/arrangements/EinsteinInitialData/IDAxiBrillBH/src/shmgp.F77:1167:20:

 1167 |       do 111 i=2,im1
      |                    1
Warning: Fortran 2018 deleted feature: Shared DO termination label 111 at (1)
/home/pespino/Cactus/arrangements/EinsteinInitialData/IDAxiBrillBH/src/shmgp.F77:1170:39:

 1170 |   111          write(lout,1011) as(i,j)
      |                                       1
Warning: Fortran 2018 deleted feature: DO termination statement which is not END DO or CONTINUE with label 111 at (1)
/home/pespino/Cactus/arrangements/EinsteinInitialData/IDAxiBrillBH/src/shmgp.F77:1177:20:

 1177 |       do 115 i=2,im1
      |                    1
Warning: Fortran 2018 deleted feature: Shared DO termination label 115 at (1)
/home/pespino/Cactus/arrangements/EinsteinInitialData/IDAxiBrillBH/src/shmgp.F77:1180:57:

 1180 |   115          write(lout,1016) asw(i,j),as(i,j),ase(i,j)
      |                                                         1
Warning: Fortran 2018 deleted feature: DO termination statement which is not END DO or CONTINUE with label 115 at (1)
/home/pespino/Cactus/arrangements/EinsteinInitialData/IDAxiBrillBH/src/shmgp.F77:1188:20:

 1188 |       do 211 i=2,im1
      |                    1
Warning: Fortran 2018 deleted feature: Shared DO termination label 211 at (1)
/home/pespino/Cactus/arrangements/EinsteinInitialData/IDAxiBrillBH/src/shmgp.F77:1195:63:

 1195 |   211 write(lout,*) '                          m, kf-1=',m,kf-1
      |                                                               1
Warning: Fortran 2018 deleted feature: DO termination statement which is not END DO or CONTINUE with label 211 at (1)
/home/pespino/Cactus/arrangements/EinsteinInitialData/IDAxiBrillBH/src/shmgp.F77:1218:40:

 1218 |    10 write(lout,100) j,(q(i,j),i=ib,ie)
      |                                        1
Warning: Fortran 2018 deleted feature: DO termination statement which is not END DO or CONTINUE with label 10 at (1)
/home/pespino/Cactus/arrangements/EinsteinInitialData/IDAxiBrillBH/src/shmgp.F77:1243:21:

 1243 |       do 321 i=lo,nxd
      |                     1
Warning: Fortran 2018 deleted feature: Shared DO termination label 321 at (1)
/home/pespino/Cactus/arrangements/EinsteinInitialData/IDAxiBrillBH/src/shmgp.F77:1248:16:

 1248 |   321 an(i,j)=0.
      |                1
Warning: Fortran 2018 deleted feature: DO termination statement which is not END DO or CONTINUE with label 321 at (1)
/home/pespino/Cactus/arrangements/EinsteinInitialData/IDAxiBrillBH/src/shmgp.F77:1291:29:

 1291 |       do 20 j=jb(irg),jt(irg)
      |                             1
Warning: Fortran 2018 deleted feature: Shared DO termination label 20 at (1)
/home/pespino/Cactus/arrangements/EinsteinInitialData/IDAxiBrillBH/src/shmgp.F77:1295:17:

 1295 |    20 f(i,j)=freg
      |                 1
Warning: Fortran 2018 deleted feature: DO termination statement which is not END DO or CONTINUE with label 20 at (1)
/home/pespino/Cactus/arrangements/EinsteinInitialData/IDAxiBrillBH/src/shmgp.F77:1301:19:

 1301 |       do 30 j=1,ny1
      |                   1
Warning: Fortran 2018 deleted feature: Shared DO termination label 30 at (1)
/home/pespino/Cactus/arrangements/EinsteinInitialData/IDAxiBrillBH/src/shmgp.F77:1314:19:

 1314 |       do 40 i=1,nx1
      |                   1
Warning: Fortran 2018 deleted feature: Shared DO termination label 40 at (1)
/home/pespino/Cactus/arrangements/EinsteinInitialData/IDAxiBrillBH/src/shmgp.F77:1326:18:

 1326 |       do 45 j=0,ny
      |                  1
Warning: Fortran 2018 deleted feature: Shared DO termination label 45 at (1)
/home/pespino/Cactus/arrangements/EinsteinInitialData/IDAxiBrillBH/src/shmgp.F77:1328:23:

 1328 |    45 an(i,j)=as(i,j+1)
      |                       1
Warning: Fortran 2018 deleted feature: DO termination statement which is not END DO or CONTINUE with label 45 at (1)
/home/pespino/Cactus/arrangements/EinsteinInitialData/IDAxiBrillBH/src/shmgp.F77:1330:18:

 1330 |       do 50 j=1,ny
      |                  1
Warning: Fortran 2018 deleted feature: Shared DO termination label 50 at (1)
/home/pespino/Cactus/arrangements/EinsteinInitialData/IDAxiBrillBH/src/shmgp.F77:1333:37:

 1333 |    50 if(ac(i,j).eq.0.) ac(i,j)=dcell
      |                                     1
Warning: Fortran 2018 deleted feature: DO termination statement which is not END DO or CONTINUE with label 50 at (1)
/home/pespino/Cactus/arrangements/EinsteinInitialData/IDAxiBrillBH/src/shmgp.F77:1339:29:

 1339 |       do 52 j=jb(irg),jt(irg)
      |                             1
Warning: Fortran 2018 deleted feature: Shared DO termination label 52 at (1)
/home/pespino/Cactus/arrangements/EinsteinInitialData/IDAxiBrillBH/src/shmgp.F77:1343:28:

 1343 |    52 as(i,j)=as(i,j)-b(irg)
      |                            1
Warning: Fortran 2018 deleted feature: DO termination statement which is not END DO or CONTINUE with label 52 at (1)
/home/pespino/Cactus/arrangements/EinsteinInitialData/IDAxiBrillBH/src/shmgp.F77:1347:29:

 1347 |       do 54 j=jb(irg),jt(irg)
      |                             1
Warning: Fortran 2018 deleted feature: Shared DO termination label 54 at (1)
/home/pespino/Cactus/arrangements/EinsteinInitialData/IDAxiBrillBH/src/shmgp.F77:1351:28:

 1351 |    54 ac(i,j)=ac(i,j)-b(irg)
      |                            1
Warning: Fortran 2018 deleted feature: DO termination statement which is not END DO or CONTINUE with label 54 at (1)
/home/pespino/Cactus/arrangements/EinsteinInitialData/IDAxiBrillBH/src/shmgp.F77:1421:20:

 1421 |    83 an(nx1,j-1)=0.
      |                    1
Warning: Fortran 2018 deleted feature: DO termination statement which is not END DO or CONTINUE with label 83 at (1)
/home/pespino/Cactus/arrangements/EinsteinInitialData/IDAxiBrillBH/src/shmgp.F77:1426:20:

 1426 |    86 ae(i-1,ny1)=0.
      |                    1
Warning: Fortran 2018 deleted feature: DO termination statement which is not END DO or CONTINUE with label 86 at (1)
/home/pespino/Cactus/arrangements/EinsteinInitialData/IDAxiBrillBH/src/shmgp.F77:1430:23:

 1430 |       do 90 i=0,nx1,nx1
      |                       1
Warning: Fortran 2018 deleted feature: Shared DO termination label 90 at (1)
/home/pespino/Cactus/arrangements/EinsteinInitialData/IDAxiBrillBH/src/shmgp.F77:1436:15:

 1436 |    90 f(i,j)=0.
      |               1
Warning: Fortran 2018 deleted feature: DO termination statement which is not END DO or CONTINUE with label 90 at (1)
/home/pespino/Cactus/arrangements/EinsteinInitialData/IDAxiBrillBH/src/shmgp.F77:1454:17:

 1454 |   100 f(nx1,j)=0.
      |                 1
Warning: Fortran 2018 deleted feature: DO termination statement which is not END DO or CONTINUE with label 100 at (1)
/home/pespino/Cactus/arrangements/EinsteinInitialData/IDAxiBrillBH/src/shmgp.F77:1470:17:

 1470 |   110 f(i,ny1)=0.
      |                 1
Warning: Fortran 2018 deleted feature: DO termination statement which is not END DO or CONTINUE with label 110 at (1)
COMPILING Proca/TwoPunctures_KerrProca/src/Metadata.cc
COMPILING CactusNumerical/SummationByParts/src/Dissipation_2_1_alt.F90
Checking status of thorn ID_NrotStar
COMPILING WVUThorns_Diagnostics/VolumeIntegrals_vacuum/src/perform_integration_sum_global.C
COMPILING CactusNumerical/SummationByParts/src/Dissipation_4_2.F90
/home/pespino/Cactus/arrangements/Proca/TwoPunctures_KerrProca/src/Newton.c: In function 'TPKP_TestRelax':
/home/pespino/Cactus/arrangements/Proca/TwoPunctures_KerrProca/src/Newton.c:287:37: warning: passing argument 6 of 'resid' from incompatible pointer type [-Wincompatible-pointer-types]
  287 |   resid (res, ntotal, dv, F, ncols, cols, JFD);
      |                                     ^~~~
      |                                     |
      |                                     int **
/home/pespino/Cactus/arrangements/Proca/TwoPunctures_KerrProca/src/Newton.c:80:52: note: expected 'const int * const restrict* const restrict' but argument is of type 'int **'
   80 |        int const * restrict const * restrict const cols,
      |        ~~~~~~~~~~~~~~~~~~~~~~~~~~~~~~~~~~~~~~~~~~~~^~~~
/home/pespino/Cactus/arrangements/Proca/TwoPunctures_KerrProca/src/Newton.c:287:43: warning: passing argument 7 of 'resid' from incompatible pointer type [-Wincompatible-pointer-types]
  287 |   resid (res, ntotal, dv, F, ncols, cols, JFD);
      |                                           ^~~
      |                                           |
      |                                           CCTK_REAL8 ** {aka double **}
/home/pespino/Cactus/arrangements/Proca/TwoPunctures_KerrProca/src/Newton.c:81:58: note: expected 'const CCTK_REAL8 * const restrict* const restrict' {aka 'const double * const restrict* const restrict'} but argument is of type 'CCTK_REAL8 **' {aka 'double **'}
   81 |        CCTK_REAL const * restrict const * restrict const JFD)
/home/pespino/Cactus/arrangements/Proca/TwoPunctures_KerrProca/src/Newton.c:292:44: warning: passing argument 8 of 'relax' from incompatible pointer type [-Wincompatible-pointer-types]
  292 |     relax (dv, nvar, n1, n2, n3, F, ncols, cols, JFD); /* solves JFD*sh = s*/
      |                                            ^~~~
      |                                            |
      |                                            int **
/home/pespino/Cactus/arrangements/Proca/TwoPunctures_KerrProca/src/Newton.c:218:52: note: expected 'const int * const restrict* const restrict' but argument is of type 'int **'
  218 |        int const * restrict const * restrict const cols,
      |        ~~~~~~~~~~~~~~~~~~~~~~~~~~~~~~~~~~~~~~~~~~~~^~~~
/home/pespino/Cactus/arrangements/Proca/TwoPunctures_KerrProca/src/Newton.c:292:50: warning: passing argument 9 of 'relax' from incompatible pointer type [-Wincompatible-pointer-types]
  292 |     relax (dv, nvar, n1, n2, n3, F, ncols, cols, JFD); /* solves JFD*sh = s*/
      |                                                  ^~~
      |                                                  |
      |                                                  CCTK_REAL8 ** {aka double **}
/home/pespino/Cactus/arrangements/Proca/TwoPunctures_KerrProca/src/Newton.c:219:58: note: expected 'const CCTK_REAL8 * const restrict* const restrict' {aka 'const double * const restrict* const restrict'} but argument is of type 'CCTK_REAL8 **' {aka 'double **'}
  219 |        CCTK_REAL const * restrict const * restrict const JFD)
/home/pespino/Cactus/arrangements/Proca/TwoPunctures_KerrProca/src/Newton.c:295:41: warning: passing argument 6 of 'resid' from incompatible pointer type [-Wincompatible-pointer-types]
  295 |       resid (res, ntotal, dv, F, ncols, cols, JFD);
      |                                         ^~~~
      |                                         |
      |                                         int **
/home/pespino/Cactus/arrangements/Proca/TwoPunctures_KerrProca/src/Newton.c:80:52: note: expected 'const int * const restrict* const restrict' but argument is of type 'int **'
   80 |        int const * restrict const * restrict const cols,
      |        ~~~~~~~~~~~~~~~~~~~~~~~~~~~~~~~~~~~~~~~~~~~~^~~~
/home/pespino/Cactus/arrangements/Proca/TwoPunctures_KerrProca/src/Newton.c:295:47: warning: passing argument 7 of 'resid' from incompatible pointer type [-Wincompatible-pointer-types]
  295 |       resid (res, ntotal, dv, F, ncols, cols, JFD);
      |                                               ^~~
      |                                               |
      |                                               CCTK_REAL8 ** {aka double **}
/home/pespino/Cactus/arrangements/Proca/TwoPunctures_KerrProca/src/Newton.c:81:58: note: expected 'const CCTK_REAL8 * const restrict* const restrict' {aka 'const double * const restrict* const restrict'} but argument is of type 'CCTK_REAL8 **' {aka 'double **'}
   81 |        CCTK_REAL const * restrict const * restrict const JFD)
/home/pespino/Cactus/arrangements/Proca/TwoPunctures_KerrProca/src/Newton.c:301:37: warning: passing argument 6 of 'resid' from incompatible pointer type [-Wincompatible-pointer-types]
  301 |   resid (res, ntotal, dv, F, ncols, cols, JFD);
      |                                     ^~~~
      |                                     |
      |                                     int **
/home/pespino/Cactus/arrangements/Proca/TwoPunctures_KerrProca/src/Newton.c:80:52: note: expected 'const int * const restrict* const restrict' but argument is of type 'int **'
   80 |        int const * restrict const * restrict const cols,
      |        ~~~~~~~~~~~~~~~~~~~~~~~~~~~~~~~~~~~~~~~~~~~~^~~~
/home/pespino/Cactus/arrangements/Proca/TwoPunctures_KerrProca/src/Newton.c:301:43: warning: passing argument 7 of 'resid' from incompatible pointer type [-Wincompatible-pointer-types]
  301 |   resid (res, ntotal, dv, F, ncols, cols, JFD);
      |                                           ^~~
      |                                           |
      |                                           CCTK_REAL8 ** {aka double **}
/home/pespino/Cactus/arrangements/Proca/TwoPunctures_KerrProca/src/Newton.c:81:58: note: expected 'const CCTK_REAL8 * const restrict* const restrict' {aka 'const double * const restrict* const restrict'} but argument is of type 'CCTK_REAL8 **' {aka 'double **'}
   81 |        CCTK_REAL const * restrict const * restrict const JFD)
/home/pespino/Cactus/arrangements/Proca/TwoPunctures_KerrProca/src/Newton.c: In function 'bicgstab':
/home/pespino/Cactus/arrangements/Proca/TwoPunctures_KerrProca/src/Newton.c:403:49: warning: passing argument 8 of 'relax' from incompatible pointer type [-Wincompatible-pointer-types]
  403 |       relax (ph.d0, nvar, n1, n2, n3, p, ncols, cols, JFD);
      |                                                 ^~~~
      |                                                 |
      |                                                 int **
/home/pespino/Cactus/arrangements/Proca/TwoPunctures_KerrProca/src/Newton.c:218:52: note: expected 'const int * const restrict* const restrict' but argument is of type 'int **'
  218 |        int const * restrict const * restrict const cols,
      |        ~~~~~~~~~~~~~~~~~~~~~~~~~~~~~~~~~~~~~~~~~~~~^~~~
/home/pespino/Cactus/arrangements/Proca/TwoPunctures_KerrProca/src/Newton.c:403:55: warning: passing argument 9 of 'relax' from incompatible pointer type [-Wincompatible-pointer-types]
  403 |       relax (ph.d0, nvar, n1, n2, n3, p, ncols, cols, JFD);
      |                                                       ^~~
      |                                                       |
      |                                                       CCTK_REAL8 ** {aka double **}
/home/pespino/Cactus/arrangements/Proca/TwoPunctures_KerrProca/src/Newton.c:219:58: note: expected 'const CCTK_REAL8 * const restrict* const restrict' {aka 'const double * const restrict* const restrict'} but argument is of type 'CCTK_REAL8 **' {aka 'double **'}
  219 |        CCTK_REAL const * restrict const * restrict const JFD)
/home/pespino/Cactus/arrangements/Proca/TwoPunctures_KerrProca/src/Newton.c:431:49: warning: passing argument 8 of 'relax' from incompatible pointer type [-Wincompatible-pointer-types]
  431 |       relax (sh.d0, nvar, n1, n2, n3, s, ncols, cols, JFD);
      |                                                 ^~~~
      |                                                 |
      |                                                 int **
/home/pespino/Cactus/arrangements/Proca/TwoPunctures_KerrProca/src/Newton.c:218:52: note: expected 'const int * const restrict* const restrict' but argument is of type 'int **'
  218 |        int const * restrict const * restrict const cols,
      |        ~~~~~~~~~~~~~~~~~~~~~~~~~~~~~~~~~~~~~~~~~~~~^~~~
/home/pespino/Cactus/arrangements/Proca/TwoPunctures_KerrProca/src/Newton.c:431:55: warning: passing argument 9 of 'relax' from incompatible pointer type [-Wincompatible-pointer-types]
  431 |       relax (sh.d0, nvar, n1, n2, n3, s, ncols, cols, JFD);
      |                                                       ^~~
      |                                                       |
      |                                                       CCTK_REAL8 ** {aka double **}
/home/pespino/Cactus/arrangements/Proca/TwoPunctures_KerrProca/src/Newton.c:219:58: note: expected 'const CCTK_REAL8 * const restrict* const restrict' {aka 'const double * const restrict* const restrict'} but argument is of type 'CCTK_REAL8 **' {aka 'double **'}
  219 |        CCTK_REAL const * restrict const * restrict const JFD)
COMPILING WVUThorns_Diagnostics/VolumeIntegrals_GRMHD/src/perform_integration_sum_global.C
COMPILING configs/elliptica/bindings/build/Outflow/cctk_ThornBindings.c
yes
COMPILING EinsteinInitialData/IDAxiBrillBH/src/ParamCheck.c
COMPILING CactusNumerical/SummationByParts/src/Dissipation_4_2_alt.F90
checking for C compiler vendor... COMPILING WVUThorns_Diagnostics/VolumeIntegrals_vacuum/src/file_output_routines.C
Checking status of thorn Meudon_Bin_BH
COMPILING WVUThorns_Diagnostics/VolumeIntegrals_vacuum/src/number_of_reductions.C
COMPILING WVUThorns_Diagnostics/VolumeIntegrals_GRMHD/src/file_output_routines.C
COMPILING configs/elliptica/bindings/build/NullGrid/cctk_ThornBindings.c
COMPILING CactusNumerical/Dissipation/src/paramcheck.c
COMPILING CactusNumerical/Dissipation/src/setup_epsdis.c
COMPILING configs/elliptica/bindings/build/IDAxiBrillBH/cctk_ThornBindings.c
COMPILING CactusUtils/Vectors/src/test-vectors-8-SSE2_FMA4.cc
COMPILING EllipticaID/Elliptica_BHNS/src/bhns_id.cc
Checking status of thorn Meudon_Bin_NS
COMPILING PITTNullCode/NullGrid/src/NullGrid_InitCoord.F90
COMPILING PITTNullCode/NullGrid/src/NullGrid_Vars.F90
COMPILING EinsteinAnalysis/Outflow/src/outflow.c
COMPILING configs/elliptica/bindings/build/TestFortranCrayPointers/cctk_ThornBindings.c
COMPILING CactusNumerical/SummationByParts/src/Dissipation_6_3.F90
COMPILING CactusNumerical/SummationByParts/src/Dissipation_6_3_alt.F90
COMPILING configs/elliptica/bindings/build/TestFortranDependencies1/cctk_ThornBindings.c
COMPILING CactusExamples/SampleIO/src/Startup.c
COMPILING CactusExamples/SampleIO/src/Output.c
COMPILING CactusTest/TestFortranDependencies1/src/tfd_use_module_far.F90
COMPILING PITTNullCode/NullGrid/src/NullGrid_RegisterRanges.c
COMPILING CactusExamples/SampleIO/src/Write.c
COMPILING CactusUtils/Vectors/src/test-vectors-8-VSX.cc
Checking status of thorn Meudon_Mag_NS
COMPILING CactusNumerical/SummationByParts/src/Dissipation_8_4.F90
COMPILING PITTNullCode/NullGrid/src/NullGrid_Setup.F90
Creating /home/pespino/Cactus/configs/elliptica/lib/libthorn_IDAxiBrillBH.a
COMPILING EinsteinUtils/TGRtensor/src/constants.F90
COMPILING configs/elliptica/bindings/build/SampleIO/cctk_ThornBindings.c
COMPILING CactusTest/TestFortranCrayPointers/src/main.c
COMPILING configs/elliptica/bindings/build/IOBasic/cctk_ThornBindings.c
COMPILING CactusNumerical/SummationByParts/src/Dissipation_8_4_alt.F90
COMPILING configs/elliptica/bindings/build/particle_tracerET/cctk_ThornBindings.c
Creating /home/pespino/Cactus/configs/elliptica/lib/libthorn_TestFortranDependencies1.a
COMPILING CactusNumerical/SummationByParts/src/dissipation_coeff.F90
COMPILING CactusNumerical/SummationByParts/src/get_coeffs.c
COMPILING CactusNumerical/SummationByParts/src/DeltaInitial.F90
COMPILING CactusTest/TestFortranCrayPointers/src/sub.F90
COMPILING CactusBase/IOBasic/src/Startup.c
COMPILING EinsteinInitialData/Exact/src/Startup.c
COMPILING CactusBase/IOBasic/src/OutputScalar.c
COMPILING EinsteinInitialData/Exact/src/ParamCheck.c
COMPILING EinsteinUtils/TGRtensor/src/tensor.F90
COMPILING CactusBase/IOBasic/src/OutputInfo.c
Checking status of thorn MPI
Checking status of thorn EOS_Hybrid
Creating /home/pespino/Cactus/configs/elliptica/lib/libthorn_Dissipation.a
COMPILING CactusBase/IOBasic/src/WriteScalar.c
COMPILING CactusTest/TestFortranCrayPointers/src/calling.F90
COMPILING CactusBase/IOBasic/src/WriteInfo.c
COMPILING EinsteinUtils/TGRtensor/src/classify.c
gnu
checking for gcc option to accept ISO C99... COMPILING EinsteinEvolve/NewRad/src/extrap.cc
COMPILING EinsteinUtils/TGRtensor/src/cactus.F90
Creating /home/pespino/Cactus/configs/elliptica/lib/libthorn_NullGrid.a
COMPILING EinsteinUtils/TGRtensor/src/classify.F90
COMPILING CactusUtils/Vectors/src/test-vectors-8-default.cc
COMPILING EinsteinUtils/TGRtensor/src/covderivs.F90
Creating /home/pespino/Cactus/configs/elliptica/lib/libthorn_Outflow.a
COMPILING EinsteinUtils/TGRtensor/src/conversion.F90
COMPILING EinsteinUtils/TGRtensor/src/covderivs2.F90
COMPILING configs/elliptica/bindings/build/ID_NrotStar/cctk_ThornBindings.c
COMPILING WVUThorns_Diagnostics/particle_tracerET/src/file_output_routines.C
COMPILING CactusNumerical/SummationByParts/src/get_up_coeffs.c
COMPILING configs/elliptica/bindings/build/Meudon_Bin_BH/cctk_ThornBindings.c
COMPILING WVUThorns_Diagnostics/particle_tracerET/src/InitializeParticlePositions.C
Creating /home/pespino/Cactus/configs/elliptica/lib/libthorn_SampleIO.a
COMPILING EinsteinUtils/TGRtensor/src/derivs.F90
COMPILING WVUThorns_Diagnostics/particle_tracerET/src/InitializeRK4IterationCounterToOne.C
COMPILING WVUThorns_Diagnostics/particle_tracerET/src/Interpolate_density_many_pts.C
COMPILING EinsteinUtils/TGRtensor/src/derivs2.F90
Creating /home/pespino/Cactus/configs/elliptica/lib/libthorn_TestFortranCrayPointers.a
COMPILING EinsteinUtils/TGRtensor/src/gram_schmidt.F90
COMPILING CactusNumerical/SummationByParts/src/get_coeffs2.c
COMPILING EinsteinUtils/TGRtensor/src/matdet.F90
COMPILING EinsteinUtils/TGRtensor/src/matexp.F90
COMPILING CactusBase/CartGrid3D/src/Startup.c
Checking status of thorn NullInterp
COMPILING CactusBase/CartGrid3D/src/ParamCheck.c
COMPILING CactusNumerical/SummationByParts/src/Coefficients_2_1.F90
COMPILING EinsteinInitialData/Exact/src/metrics/Minkowski.F
COMPILING EinsteinUtils/TGRtensor/src/ricci.F90
COMPILING EinsteinUtils/TGRtensor/src/matinv.F90
COMPILING CactusBase/CartGrid3D/src/DecodeSymParameters.c
COMPILING EinsteinUtils/TGRtensor/src/ricci2.F90
COMPILING configs/elliptica/bindings/build/Meudon_Mag_NS/cctk_ThornBindings.c
COMPILING CactusBase/IOASCII/src/Startup.c
Creating /home/pespino/Cactus/configs/elliptica/lib/libthorn_TwoPunctures.a
COMPILING EinsteinEvolve/NewRad/src/newrad.cc
COMPILING CactusBase/CartGrid3D/src/CartGrid3D.c
COMPILING CactusNumerical/SummationByParts/src/Coefficients_2.F90
Creating /home/pespino/Cactus/configs/elliptica/lib/libthorn_smallbPoynET.a
COMPILING CactusNumerical/SummationByParts/src/Coefficients2_2_1.F90
COMPILING EinsteinUtils/TGRtensor/src/ricci4.F90
COMPILING EinsteinUtils/TGRtensor/src/rotation.F90
COMPILING configs/elliptica/bindings/build/Meudon_Bin_NS/cctk_ThornBindings.c
COMPILING EinsteinInitialData/Exact/src/decode_pars.F
COMPILING EinsteinInitialData/Exact/src/metrics/Minkowski_funny.F
COMPILING CactusBase/CartGrid3D/src/GetSymmetry.c
COMPILING CactusNumerical/SummationByParts/src/Coefficients2_2.F90
COMPILING WVUThorns_Diagnostics/particle_tracerET/src/DoOneRK4StepForParticleTracer.C
none needed
checking for gcc option to accept ISO Standard C... (cached) none needed
checking whether ln -s works... yes
checking whether make sets $(MAKE)... COMPILING CactusBase/CartGrid3D/src/SetSymmetry.c
COMPILING WVUThorns_Diagnostics/particle_tracerET/src/Interpolate_velocities_at_particle_positions.C
Creating /home/pespino/Cactus/configs/elliptica/lib/libthorn_IOBasic.a
(cached) yes
checking how to print strings... printf
checking for a sed that does not truncate output... COMPILING CactusBase/CartGrid3D/src/Symmetry.c
/usr/bin/sed
COMPILING CactusBase/IOASCII/src/ChooseOutput.c
COMPILING WVUThorns_Diagnostics/particle_tracerET/src/convert_to_MHD_3velocity.C
checking for grep that handles long lines and -e... COMPILING configs/elliptica/bindings/build/EOS_Hybrid/cctk_ThornBindings.c
COMPILING EinsteinInitialData/Exact/src/initialize.F
/usr/bin/grep
checking for egrep... COMPILING EinsteinUtils/TGRtensor/src/tensor2.F90
COMPILING CactusNumerical/SummationByParts/src/Coefficients_4_2.F90
COMPILING CactusBase/IOASCII/src/Output1D.c
COMPILING EinsteinUtils/TGRtensor/src/tensor4.F90
/usr/bin/grep -E
checking for fgrep... COMPILING CactusBase/IOASCII/src/Write1D.c
COMPILING CactusBase/CartGrid3D/src/RegisterSymmetries.c
COMPILING EinsteinInitialData/Exact/src/slice_initialize.F
COMPILING EinsteinInitialData/Exact/src/metrics/Minkowski_shift.F
/usr/bin/grep -F
COMPILING CactusBase/IOASCII/src/Output2D.c
checking for ld used by gcc... COMPILING EinsteinInitialData/Exact/src/slice_evolve.F
COMPILING configs/elliptica/bindings/build/MPI/cctk_ThornBindings.c
g++
checking if the linker (g++) is GNU ld... no
checking for BSD- or MS-compatible name lister (nm)... COMPILING CactusNumerical/SummationByParts/src/Coefficients_4.F90
/usr/bin/nm -B
checking the name lister (/usr/bin/nm -B) interface... COMPILING EinsteinInitialData/Exact/src/metrics/Minkowski_gauge_wave.F
COMPILING CactusBase/IOASCII/src/Write2D.c
COMPILING EinsteinInitialData/Exact/src/metrics/Minkowski_shifted_gauge_wave.F
COMPILING EinsteinUtils/TGRtensor/src/timederivs.F90
COMPILING EinsteinInitialData/Exact/src/tmunu.F90
COMPILING CactusNumerical/SummationByParts/src/Coefficients2_4_2.F90
COMPILING EinsteinInitialData/Exact/src/slice_data.F
COMPILING EinsteinInitialData/Exact/src/metrics/Minkowski_conf_wave.F
Creating /home/pespino/Cactus/configs/elliptica/lib/libthorn_VolumeIntegrals_GRMHD.a
COMPILING EinsteinInitialData/Exact/src/metrics/Schwarzschild_EF.F
COMPILING EinsteinInitialData/Exact/src/gauge.F
COMPILING EinsteinUtils/TGRtensor/src/pointwise.F90
COMPILING CactusBase/IOASCII/src/Output3D.c
In file included from /home/pespino/Cactus/arrangements/CactusBase/CartGrid3D/src/GetSymmetry.c:17:
/home/pespino/Cactus/arrangements/CactusBase/CartGrid3D/src/Symmetry.h:50:1: warning: parameter names (without types) in function declaration
   50 | void CartGrid3D_ApplyBC(CCTK_ARGUMENTS);
      | ^~~~
COMPILING CactusNumerical/SummationByParts/src/Coefficients2_4_2_min_err_coeff.F90
COMPILING CactusBase/IOASCII/src/Write3D.c
COMPILING EinsteinUtils/TGRtensor/src/pointwise2.F90
Creating /home/pespino/Cactus/configs/elliptica/lib/libthorn_TwoPunctures_KerrProca.a
COMPILING CactusNumerical/SummationByParts/src/Coefficients2_4.F90
BSD nm
checking the maximum length of command line arguments... Creating /home/pespino/Cactus/configs/elliptica/lib/libthorn_MPI.a
Creating /home/pespino/Cactus/configs/elliptica/lib/libthorn_VolumeIntegrals_vacuum.a
COMPILING EinsteinInitialData/Exact/src/metrics/Schwarzschild_PG.F
COMPILING EinsteinInitialData/Exact/src/metrics/Schwarzschild_BL.F
COMPILING configs/elliptica/bindings/build/NullInterp/cctk_ThornBindings.c
COMPILING CactusNumerical/SummationByParts/src/Coefficients_6_3.F90
COMPILING EinsteinInitialData/Exact/src/Bona_Masso_data.F
COMPILING EinsteinInitialData/Exact/src/metrics/Kerr_BoyerLindquist.F
3458764513820540925
checking whether the shell understands some XSI constructs... yes
COMPILING EinsteinInitialData/Exact/src/metrics/Schwarzschild_Novikov.F
checking whether the shell understands "+="... COMPILING EinsteinUtils/TGRtensor/src/adm_metric.F90
Creating /home/pespino/Cactus/configs/elliptica/lib/libthorn_Elliptica_BHNS.a
yes
COMPILING EinsteinInitialData/Exact/src/boost.F
COMPILING EinsteinInitialData/Exact/src/metric.F
In file included from /home/pespino/Cactus/arrangements/CactusBase/CartGrid3D/src/SetSymmetry.c:17:
/home/pespino/Cactus/arrangements/CactusBase/CartGrid3D/src/Symmetry.h:50:1: warning: parameter names (without types) in function declaration
   50 | void CartGrid3D_ApplyBC(CCTK_ARGUMENTS);
      | ^~~~
COMPILING EinsteinInitialData/Exact/src/metrics/Kerr_KerrSchild.F
checking how to convert x86_64-unknown-linux-gnu file names to x86_64-unknown-linux-gnu format... func_convert_file_noop
checking how to convert x86_64-unknown-linux-gnu file names to toolchain format... func_convert_file_noop
checking for g++ option to reload object files... -r
checking for objdump... objdump
checking how to recognize dependent libraries... pass_all
checking for dlltool... dlltool
checking how to associate runtime and link libraries... printf %s\n
COMPILING EinsteinInitialData/Exact/src/metrics/Kerr_KerrSchild_spherical.F
checking for archiver @FILE support... COMPILING EinsteinInitialData/Exact/src/metrics/Schwarzschild_Lemaitre.F
COMPILING CactusNumerical/SummationByParts/src/Coefficients2_6_3.F90
COMPILING EinsteinInitialData/Exact/src/metrics/multi_BH.F
COMPILING EinsteinUtils/TGRtensor/src/adm_metric_simple.F90
COMPILING EinsteinInitialData/Exact/src/metrics/Thorne_fakebinary.F
COMPILING CactusNumerical/SummationByParts/src/Coefficients_6_3_min_err_coeff.F90
COMPILING EinsteinInitialData/Exact/src/metrics/Lemaitre.F
COMPILING EinsteinInitialData/Exact/src/boundary.F
COMPILING EinsteinEOS/EOS_Hybrid/src/EOS_Hybrid_Scalars.F
COMPILING EinsteinInitialData/Exact/src/metrics/de_Sitter_Lambda.F
COMPILING EinsteinInitialData/Exact/src/metrics/de_Sitter.F
COMPILING CactusNumerical/SummationByParts/src/Coefficients_6.F90
COMPILING EinsteinInitialData/Exact/src/blended_boundary.F
COMPILING EinsteinInitialData/Exact/src/linear_extrap_one_bndry.F
COMPILING EinsteinInitialData/Exact/src/xyz_blended_boundary.F
Checking status of thorn HDF5
COMPILING EinsteinInitialData/Exact/src/metrics/anti_de_Sitter_Lambda.F
COMPILING CactusNumerical/SummationByParts/src/Coefficients2_6.F90
@
checking for strip... COMPILING EinsteinInitialData/Exact/src/metrics/Bianchi_I.F
strip
checking for ranlib... ranlib
checking command to parse /usr/bin/nm -B output from gcc object... Creating /home/pespino/Cactus/configs/elliptica/lib/libthorn_CartGrid3D.a
COMPILING CactusNumerical/SummationByParts/src/Coefficients_8_4.F90
COMPILING EinsteinInitialData/Exact/src/metrics/Goedel.F
Creating /home/pespino/Cactus/configs/elliptica/lib/libthorn_TGRtensor.a
COMPILING CactusNumerical/SummationByParts/src/Coefficients_8_4_min_err_coeff.F90
COMPILING CactusNumerical/SummationByParts/src/Coefficients_8.F90
COMPILING EinsteinInitialData/Exact/src/metrics/Bertotti.F
COMPILING CactusNumerical/SummationByParts/src/Coefficients2_8_4.F90
COMPILING CactusNumerical/SummationByParts/src/Coefficients2_8.F90
COMPILING EinsteinInitialData/Exact/src/metrics/Kasner_like.F
COMPILING EinsteinEOS/EOS_Hybrid/src/EOS_Hybrid_Analysis.F
COMPILING EinsteinInitialData/Exact/src/metrics/Kasner_axisymmetric.F
COMPILING EinsteinInitialData/Exact/src/metrics/Kasner_generalized.F
COMPILING EinsteinEOS/EOS_Hybrid/src/EOS_Hybrid.F
COMPILING EinsteinInitialData/Exact/src/metrics/Gowdy_wave.F
COMPILING CactusNumerical/SummationByParts/src/Coefficients_4_3.F90
COMPILING EinsteinInitialData/Exact/src/metrics/boost_rotation_symmetric.F
COMPILING EinsteinInitialData/Exact/src/metrics/Milne.F
COMPILING EinsteinInitialData/Exact/src/metrics/bowl.F
Creating /home/pespino/Cactus/configs/elliptica/lib/libthorn_IOASCII.a
COMPILING EinsteinInitialData/Exact/src/metrics/constant_density_star.F
COMPILING CactusNumerical/SummationByParts/src/Coefficients_4_3_min_err_coeff.F90
/home/pespino/Cactus/arrangements/EinsteinInitialData/Exact/src/metrics/Gowdy_wave.F:227:36:

  227 | 45            Q0=Q0+B(K)*X**(-2*K-1)
      |                                    1
Warning: Fortran 2018 deleted feature: DO termination statement which is not END DO or CONTINUE with label 45 at (1)
/home/pespino/Cactus/arrangements/EinsteinInitialData/Exact/src/metrics/Gowdy_wave.F:236:37:

  236 | 50            Q1=Q1+B1(K)*X**(-2*K-1)
      |                                     1
Warning: Fortran 2018 deleted feature: DO termination statement which is not END DO or CONTINUE with label 50 at (1)
COMPILING CactusNumerical/SummationByParts/src/get_offset.c
COMPILING CactusNumerical/SummationByParts/src/Coefficients_6_5.F90
COMPILING CactusNumerical/SummationByParts/src/Poisoning.F90
COMPILING CactusNumerical/SummationByParts/src/Coefficients_6_5_min_err_coeff.F90
COMPILING CactusNumerical/SummationByParts/src/stencil.c
Checking status of thorn HTTPD
Checking status of thorn IDBrillData
COMPILING CactusNumerical/SummationByParts/src/get_boundary_width.c
Checking status of thorn LlamaWaveToy
Creating /home/pespino/Cactus/configs/elliptica/lib/libthorn_Exact.a
COMPILING EinsteinEOS/EOS_Hybrid/src/EOS_Hybrid_Startup.F
COMPILING CactusNumerical/SummationByParts/src/Derivatives_2_1.F90
COMPILING UAThorns/Meudon_Bin_NS/src/Bin_NS.cc
COMPILING CactusNumerical/SummationByParts/src/Derivatives2_2_1.F90
Checking status of thorn ML_BSSN_Helper
COMPILING SpritzCode/ID_NrotStar/src/ID_NrotStar.cc
COMPILING CactusNumerical/SummationByParts/src/Derivatives_4_2.F90
COMPILING CactusNumerical/SummationByParts/src/Derivatives2_4_2.F90
Creating /home/pespino/Cactus/configs/elliptica/lib/libthorn_EOS_Hybrid.a
Checking status of thorn ML_CCZ4_Helper
COMPILING SpritzCode/ID_NrotStar/src/check_parameters.cc
COMPILING CactusNumerical/SummationByParts/src/Derivatives2_4_2_min_err_coeff.F90
COMPILING EinsteinInitialData/Meudon_Bin_BH/src/Bin_BH.cc
Creating /home/pespino/Cactus/configs/elliptica/lib/libthorn_Vectors.a
ok
COMPILING CactusNumerical/SummationByParts/src/Derivatives_6_3.F90
checking for sysroot... no
Checking status of thorn NoMPI
COMPILING CactusNumerical/SummationByParts/src/Derivatives2_6_3.F90
COMPILING CactusNumerical/SummationByParts/src/Derivatives_6_3_min_err_coeff.F90
checking for mt... no
checking if : is a manifest tool... COMPILING CactusNumerical/SummationByParts/src/Derivatives_8_4.F90
Checking status of thorn QuasiLocalMeasures
Creating /home/pespino/Cactus/configs/elliptica/lib/libthorn_NewRad.a
COMPILING CactusNumerical/SummationByParts/src/Derivatives2_8_4.F90
COMPILING EinsteinInitialData/Meudon_Bin_BH/src/check_parameters.cc
COMPILING configs/elliptica/bindings/build/HDF5/cctk_ThornBindings.c
no
checking how to run the C preprocessor... cpp
COMPILING CactusNumerical/SummationByParts/src/Derivatives_8_4_min_err_coeff.F90
Checking status of thorn SystemTopology
Creating /home/pespino/Cactus/configs/elliptica/lib/libthorn_HDF5.a
COMPILING configs/elliptica/bindings/build/HTTPD/cctk_ThornBindings.c
Creating /home/pespino/Cactus/configs/elliptica/lib/libthorn_particle_tracerET.a
COMPILING configs/elliptica/bindings/build/LlamaWaveToy/cctk_ThornBindings.c
checking for ANSI C header files... COMPILING PITTNullCode/NullInterp/src/NullInterp_InterpUtil.F90
COMPILING configs/elliptica/bindings/build/IDBrillData/cctk_ThornBindings.c
COMPILING CactusNumerical/SummationByParts/src/Derivatives_4_3.F90
COMPILING PITTNullCode/NullInterp/src/NullInterp_ParamCheck.F90
COMPILING CactusNumerical/SummationByParts/src/Derivatives_4_3_min_err_coeff.F90
COMPILING configs/elliptica/bindings/build/ML_CCZ4_Helper/cctk_ThornBindings.c
COMPILING CactusNumerical/SummationByParts/src/Derivatives_6_5.F90
COMPILING CactusNumerical/SummationByParts/src/Derivatives_6_5_min_err_coeff.F90
Checking status of thorn TimerReport
COMPILING CactusNumerical/SummationByParts/src/Dissipation_4_3_min_err_coeff.F90
COMPILING PITTNullCode/NullInterp/src/NullInterp_TempInit.F90
Checking status of thorn WaveMoL
Checking status of thorn WaveToyC
COMPILING CactusNumerical/SummationByParts/src/Dissipation_4_3_min_err_coeff_alt.F90
COMPILING EinsteinInitialData/Meudon_Mag_NS/src/Mag_NS.cc
COMPILING EinsteinInitialData/Meudon_Mag_NS/src/check_parameters.cc
COMPILING CactusUtils/NoMPI/src/nompi.c
COMPILING configs/elliptica/bindings/build/ML_BSSN_Helper/cctk_ThornBindings.c
COMPILING PITTNullCode/NullInterp/src/NullInterp_Interp.F90
COMPILING configs/elliptica/bindings/build/QuasiLocalMeasures/cctk_ThornBindings.c
COMPILING EinsteinInitialData/IDBrillData/src/brilldata.F
COMPILING CactusNumerical/SummationByParts/src/Dissipation_6_5_min_err_coeff.F90
COMPILING McLachlan/ML_CCZ4_Helper/src/ADMBase_SelectBCs.c
COMPILING McLachlan/ML_CCZ4_Helper/src/ExtrapolateGammas.c
COMPILING configs/elliptica/bindings/build/SystemTopology/cctk_ThornBindings.c
COMPILING configs/elliptica/bindings/build/NoMPI/cctk_ThornBindings.c
COMPILING CactusNumerical/SummationByParts/src/Dissipation_6_5_min_err_coeff_alt.F90
COMPILING PITTNullCode/NullInterp/src/NullInterp_Eth.F90
COMPILING PITTNullCode/NullInterp/src/NullInterp_MaskInit.F90
COMPILING EinsteinInitialData/IDBrillData/src/setupbrilldata3D.F
COMPILING EinsteinInitialData/IDBrillData/src/setupbrilldata2D.F
Checking status of thorn WaveToyCXX
COMPILING EinsteinInitialData/IDBrillData/src/brillq.F
Checking status of thorn WaveToyF77
COMPILING EinsteinInitialData/IDBrillData/src/phif.F
COMPILING EinsteinInitialData/IDBrillData/src/Startup.c
Creating /home/pespino/Cactus/configs/elliptica/lib/libthorn_NoMPI.a
COMPILING McLachlan/ML_CCZ4_Helper/src/NewRad.c
COMPILING EinsteinInitialData/IDBrillData/src/finishbrilldata.F
COMPILING McLachlan/ML_CCZ4_Helper/src/Parameters.c
COMPILING McLachlan/ML_CCZ4_Helper/src/RegisterConstrained.c
COMPILING configs/elliptica/bindings/build/WaveMoL/cctk_ThornBindings.c
Creating /home/pespino/Cactus/configs/elliptica/lib/libthorn_SummationByParts.a
COMPILING PITTNullCode/NullInterp/src/NullInterp_Deriv.F90
COMPILING McLachlan/ML_CCZ4_Helper/src/RegisterSlicing.c
Creating /home/pespino/Cactus/configs/elliptica/lib/libthorn_Meudon_Bin_NS.a
COMPILING EinsteinInitialData/IDBrillData/src/ParamCheck.c
COMPILING configs/elliptica/bindings/build/WaveToyC/cctk_ThornBindings.c
COMPILING McLachlan/ML_CCZ4_Helper/src/SetGroupTags.c
Checking status of thorn WaveToyF90
Checking status of thorn WaveToyFreeF90
COMPILING McLachlan/ML_BSSN_Helper/src/ADMBase_SelectBCs.c
COMPILING McLachlan/ML_BSSN_Helper/src/ExtrapolateGammas.c
COMPILING CactusWave/WaveToyC/src/WaveToy.c
COMPILING McLachlan/ML_BSSN_Helper/src/NewRad.c
COMPILING McLachlan/ML_BSSN_Helper/src/RegisterConstrained.c
COMPILING McLachlan/ML_BSSN_Helper/src/Parameters.c
COMPILING PITTNullCode/NullInterp/src/NullInterp.F90
Checking status of thorn Cactus
Creating /home/pespino/Cactus/configs/elliptica/lib/libthorn_ID_NrotStar.a
Creating /home/pespino/Cactus/configs/elliptica/lib/libthorn_Meudon_Bin_BH.a
COMPILING McLachlan/ML_BSSN_Helper/src/RegisterSlicing.c
COMPILING McLachlan/ML_BSSN_Helper/src/SetGroupTags.c
yes
Creating /home/pespino/Cactus/configs/elliptica/lib/libthorn_NullInterp.a
checking for sys/types.h... COMPILING configs/elliptica/bindings/build/TimerReport/cctk_ThornBindings.c
Creating /home/pespino/Cactus/configs/elliptica/lib/libthorn_IDBrillData.a
COMPILING Llama/LlamaWaveToy/src/boundaries.F90
COMPILING configs/elliptica/bindings/build/WaveToyF77/cctk_ThornBindings.c
COMPILING configs/elliptica/bindings/build/WaveToyCXX/cctk_ThornBindings.c
COMPILING CactusWave/WaveToyF77/src/InitSymBound.F77
COMPILING CactusWave/WaveToyC/src/InitSymBound.c
COMPILING Llama/LlamaWaveToy/src/cons.F90
COMPILING Llama/LlamaWaveToy/src/energy.F90
COMPILING CactusExamples/WaveMoL/src/WaveMoL.c
Creating /home/pespino/Cactus/configs/elliptica/lib/libthorn_ML_CCZ4_Helper.a
COMPILING CactusWave/WaveToyC/src/Startup.c
Checking status of thorn ADMAnalysis
COMPILING CactusWave/WaveToyF77/src/WaveToy.F77
COMPILING Llama/LlamaWaveToy/src/error.F90
Creating /home/pespino/Cactus/configs/elliptica/lib/libthorn_ML_BSSN_Helper.a
Checking status of thorn ADMBase
Checking status of thorn ADMDerivatives
COMPILING Llama/LlamaWaveToy/src/init.F90
Checking status of thorn AHFinder
Checking status of thorn SpaceMask
COMPILING CactusWave/WaveToyF77/src/Startup.F77
Checking status of thorn LoopControl
Checking status of thorn CalcK
COMPILING Llama/LlamaWaveToy/src/inverse_metric.F90
COMPILING CactusWave/WaveToyFreeF90/src/InitSymBound.F90
yes
COMPILING Llama/LlamaWaveToy/src/init_metric.F90
COMPILING Llama/LlamaWaveToy/src/register.c
COMPILING configs/elliptica/bindings/build/WaveToyFreeF90/cctk_ThornBindings.c
checking for sys/stat.h... COMPILING Llama/LlamaWaveToy/src/sYlm.cc
COMPILING Llama/LlamaWaveToy/src/min_spacing.F90
Creating /home/pespino/Cactus/configs/elliptica/lib/libthorn_WaveToyF77.a
Checking status of thorn EHFinder
COMPILING configs/elliptica/bindings/build/WaveToyF90/cctk_ThornBindings.c
COMPILING Llama/LlamaWaveToy/src/outerboundary.F90
COMPILING CactusWave/WaveToyFreeF90/src/WaveToy.F90
COMPILING CactusExamples/WaveMoL/src/InitSymBound.c
COMPILING CactusWave/WaveToyFreeF90/src/Startup.F90
COMPILING CactusExamples/WaveMoL/src/Startup.c
COMPILING CactusExamples/WaveMoL/src/WaveMoLRegister.c
COMPILING Llama/LlamaWaveToy/src/rhs.F90
Creating /home/pespino/Cactus/configs/elliptica/lib/libthorn_Meudon_Mag_NS.a
COMPILING CactusWave/WaveToyF90/src/InitSymBound.F
Creating /home/pespino/Cactus/configs/elliptica/lib/libthorn_WaveToyC.a
Creating /home/pespino/Cactus/configs/elliptica/lib/libthorn_WaveToyFreeF90.a
COMPILING CactusWave/WaveToyF90/src/WaveToy.F
COMPILING CactusUtils/SystemTopology/src/system_topology.cc
Checking status of thorn EllSOR
COMPILING CactusWave/WaveToyF90/src/Startup.F
yes
checking for stdlib.h... Checking status of thorn GlobalDerivative
COMPILING configs/elliptica/bindings/build/ADMAnalysis/cctk_ThornBindings.c
Creating /home/pespino/Cactus/configs/elliptica/lib/libthorn_WaveToyF90.a
COMPILING CactusUtils/TimerReport/src/Output.cc
Creating /home/pespino/Cactus/configs/elliptica/lib/libthorn_WaveMoL.a
COMPILING configs/elliptica/bindings/build/ADMDerivatives/cctk_ThornBindings.c
COMPILING configs/elliptica/bindings/build/ADMBase/cctk_ThornBindings.c
COMPILING configs/elliptica/bindings/build/LoopControl/cctk_ThornBindings.c
COMPILING configs/elliptica/bindings/build/CalcK/cctk_ThornBindings.c
COMPILING configs/elliptica/bindings/build/AHFinder/cctk_ThornBindings.c
Checking status of thorn PUGH
COMPILING configs/elliptica/bindings/build/EHFinder/cctk_ThornBindings.c
Checking status of thorn UA_EOS_Omni
Checking status of thorn MemSpeed
/home/pespino/Cactus/arrangements/EinsteinAnalysis/QuasiLocalMeasures/src/qlm_import_surface.F90:96:2: warning: #warning "TODO: Ensure that the surface parameters don't change" [-Wcpp]
   96 | #warning "TODO: Ensure that the surface parameters don't change"
      |  ^~~~~~~
COMPILING EinsteinAnalysis/CalcK/src/CalcK.F90
COMPILING EinsteinAnalysis/CalcK/src/copy.F90
yes
checking for string.h... COMPILING EinsteinAnalysis/ADMAnalysis/src/ParamCheck.c
Creating /home/pespino/Cactus/configs/elliptica/lib/libthorn_CalcK.a
COMPILING Cactus/IO/IOMethods.c
COMPILING EinsteinAnalysis/ADMAnalysis/src/Analysis.c
COMPILING EinsteinAnalysis/ADMAnalysis/src/Symmetry.c
COMPILING EinsteinAnalysis/ADMAnalysis/src/CartToSphere.c
COMPILING EinsteinAnalysis/ADMAnalysis/src/Ricci.c
COMPILING CactusConnect/HTTPD/src/Startup.c
COMPILING EinsteinAnalysis/ADMAnalysis/src/Trace.c
COMPILING configs/elliptica/bindings/build/EllSOR/cctk_ThornBindings.c
COMPILING CactusConnect/HTTPD/src/Expression.c
COMPILING CactusConnect/HTTPD/src/Map.cc
Checking status of thorn Multipole
COMPILING CactusWave/WaveToyCXX/src/WaveToy.cc
COMPILING configs/elliptica/bindings/build/SpaceMask/cctk_ThornBindings.c
COMPILING CactusConnect/HTTPD/src/Server.c
COMPILING configs/elliptica/bindings/build/GlobalDerivative/cctk_ThornBindings.c
COMPILING Cactus/IO/OverloadIO.c
COMPILING CactusNumerical/SpaceMask/src/MaskInit.c
COMPILING CactusNumerical/SpaceMask/src/MaskUtils.c
/home/pespino/Cactus/arrangements/EinsteinAnalysis/ADMAnalysis/src/Analysis.c: In function 'ADMAnalysis_EvaltrK':
/home/pespino/Cactus/arrangements/EinsteinAnalysis/ADMAnalysis/src/Analysis.c:84:21: warning: passing argument 8 of 'ADMAnalysis_Trace' discards 'const' qualifier from pointer target type [-Wdiscarded-qualifiers]
   84 |                     kxx,
      |                     ^~~
In file included from /home/pespino/Cactus/configs/elliptica/bindings/include/ADMAnalysis/cctk_Functions.h:23,
                 from /home/pespino/Cactus/src/include/cctk_core.h:171,
                 from /home/pespino/Cactus/configs/elliptica/bindings/include/ADMAnalysis/cctk.h:5,
                 from /home/pespino/Cactus/arrangements/EinsteinAnalysis/ADMAnalysis/src/Analysis.c:11:
/home/pespino/Cactus/configs/elliptica/bindings/include/ADMAnalysis_Prototypes.h:83:13: note: expected 'CCTK_REAL8 *' {aka 'double *'} but argument is of type 'const CCTK_REAL8 * const restrict' {aka 'const double * const restrict'}
   83 |  CCTK_REAL* tensor11 ,
/home/pespino/Cactus/arrangements/EinsteinAnalysis/ADMAnalysis/src/Analysis.c:85:21: warning: passing argument 9 of 'ADMAnalysis_Trace' discards 'const' qualifier from pointer target type [-Wdiscarded-qualifiers]
   85 |                     kxy,
      |                     ^~~
In file included from /home/pespino/Cactus/configs/elliptica/bindings/include/ADMAnalysis/cctk_Functions.h:23,
                 from /home/pespino/Cactus/src/include/cctk_core.h:171,
                 from /home/pespino/Cactus/configs/elliptica/bindings/include/ADMAnalysis/cctk.h:5,
                 from /home/pespino/Cactus/arrangements/EinsteinAnalysis/ADMAnalysis/src/Analysis.c:11:
/home/pespino/Cactus/configs/elliptica/bindings/include/ADMAnalysis_Prototypes.h:84:13: note: expected 'CCTK_REAL8 *' {aka 'double *'} but argument is of type 'const CCTK_REAL8 * const restrict' {aka 'const double * const restrict'}
   84 |  CCTK_REAL* tensor12 ,
/home/pespino/Cactus/arrangements/EinsteinAnalysis/ADMAnalysis/src/Analysis.c:86:21: warning: passing argument 10 of 'ADMAnalysis_Trace' discards 'const' qualifier from pointer target type [-Wdiscarded-qualifiers]
   86 |                     kxz,
      |                     ^~~
In file included from /home/pespino/Cactus/configs/elliptica/bindings/include/ADMAnalysis/cctk_Functions.h:23,
                 from /home/pespino/Cactus/src/include/cctk_core.h:171,
                 from /home/pespino/Cactus/configs/elliptica/bindings/include/ADMAnalysis/cctk.h:5,
                 from /home/pespino/Cactus/arrangements/EinsteinAnalysis/ADMAnalysis/src/Analysis.c:11:
/home/pespino/Cactus/configs/elliptica/bindings/include/ADMAnalysis_Prototypes.h:85:13: note: expected 'CCTK_REAL8 *' {aka 'double *'} but argument is of type 'const CCTK_REAL8 * const restrict' {aka 'const double * const restrict'}
   85 |  CCTK_REAL* tensor13 ,
/home/pespino/Cactus/arrangements/EinsteinAnalysis/ADMAnalysis/src/Analysis.c:87:21: warning: passing argument 11 of 'ADMAnalysis_Trace' discards 'const' qualifier from pointer target type [-Wdiscarded-qualifiers]
   87 |                     kyy,
      |                     ^~~
In file included from /home/pespino/Cactus/configs/elliptica/bindings/include/ADMAnalysis/cctk_Functions.h:23,
                 from /home/pespino/Cactus/src/include/cctk_core.h:171,
                 from /home/pespino/Cactus/configs/elliptica/bindings/include/ADMAnalysis/cctk.h:5,
                 from /home/pespino/Cactus/arrangements/EinsteinAnalysis/ADMAnalysis/src/Analysis.c:11:
/home/pespino/Cactus/configs/elliptica/bindings/include/ADMAnalysis_Prototypes.h:86:13: note: expected 'CCTK_REAL8 *' {aka 'double *'} but argument is of type 'const CCTK_REAL8 * const restrict' {aka 'const double * const restrict'}
   86 |  CCTK_REAL* tensor22 ,
/home/pespino/Cactus/arrangements/EinsteinAnalysis/ADMAnalysis/src/Analysis.c:88:21: warning: passing argument 12 of 'ADMAnalysis_Trace' discards 'const' qualifier from pointer target type [-Wdiscarded-qualifiers]
   88 |                     kyz,
      |                     ^~~
In file included from /home/pespino/Cactus/configs/elliptica/bindings/include/ADMAnalysis/cctk_Functions.h:23,
                 from /home/pespino/Cactus/src/include/cctk_core.h:171,
                 from /home/pespino/Cactus/configs/elliptica/bindings/include/ADMAnalysis/cctk.h:5,
                 from /home/pespino/Cactus/arrangements/EinsteinAnalysis/ADMAnalysis/src/Analysis.c:11:
/home/pespino/Cactus/configs/elliptica/bindings/include/ADMAnalysis_Prototypes.h:87:13: note: expected 'CCTK_REAL8 *' {aka 'double *'} but argument is of type 'const CCTK_REAL8 * const restrict' {aka 'const double * const restrict'}
   87 |  CCTK_REAL* tensor23 ,
/home/pespino/Cactus/arrangements/EinsteinAnalysis/ADMAnalysis/src/Analysis.c:89:21: warning: passing argument 13 of 'ADMAnalysis_Trace' discards 'const' qualifier from pointer target type [-Wdiscarded-qualifiers]
   89 |                     kzz,
      |                     ^~~
In file included from /home/pespino/Cactus/configs/elliptica/bindings/include/ADMAnalysis/cctk_Functions.h:23,
                 from /home/pespino/Cactus/src/include/cctk_core.h:171,
                 from /home/pespino/Cactus/configs/elliptica/bindings/include/ADMAnalysis/cctk.h:5,
                 from /home/pespino/Cactus/arrangements/EinsteinAnalysis/ADMAnalysis/src/Analysis.c:11:
/home/pespino/Cactus/configs/elliptica/bindings/include/ADMAnalysis_Prototypes.h:88:13: note: expected 'CCTK_REAL8 *' {aka 'double *'} but argument is of type 'const CCTK_REAL8 * const restrict' {aka 'const double * const restrict'}
   88 |  CCTK_REAL* tensor33 ,
COMPILING Cactus/IO/FortranBindingsIO.c
yes
COMPILING EinsteinBase/ADMBase/src/ParamCheck.c
COMPILING EinsteinBase/ADMBase/src/Initialisation.c
COMPILING EinsteinBase/ADMBase/src/Static.c
COMPILING CactusWave/WaveToyCXX/src/InitSymBound.cc
COMPILING EinsteinBase/ADMBase/src/InitSymBound.c
checking for memory.h... COMPILING CactusWave/WaveToyCXX/src/Startup.cc
COMPILING Cactus/comm/CactusSync.c
COMPILING configs/elliptica/bindings/build/MemSpeed/cctk_ThornBindings.c
Creating /home/pespino/Cactus/configs/elliptica/lib/libthorn_ADMAnalysis.a
COMPILING EinsteinAnalysis/AHFinder/src/AHFinder_dat.F
COMPILING Cactus/schedule/ScheduleSorter.c
COMPILING EinsteinAnalysis/AHFinder/src/AHFinder_ParamCheck.F90
Creating /home/pespino/Cactus/configs/elliptica/lib/libthorn_LlamaWaveToy.a
COMPILING CactusConnect/HTTPD/src/Sockets.c
COMPILING CactusConnect/HTTPD/src/http.c
COMPILING CactusConnect/HTTPD/src/Content.c
COMPILING configs/elliptica/bindings/build/UA_EOS_Omni/cctk_ThornBindings.c
COMPILING EinsteinAnalysis/AHFinder/src/Startup.c
COMPILING CactusConnect/HTTPD/src/Headers.c
COMPILING Llama/GlobalDerivative/src/deriv.c
COMPILING EinsteinAnalysis/AHFinder/src/Output.c
COMPILING CactusConnect/HTTPD/src/Groups.c
Checking status of thorn NullEvolve
Checking status of thorn SphericalHarmonicDecomp
Creating /home/pespino/Cactus/configs/elliptica/lib/libthorn_SpaceMask.a
Checking status of thorn NullNews
Checking status of thorn SphericalHarmonicReconGen
COMPILING Cactus/comm/CactusDefaultComm.c
COMPILING CactusElliptic/EllSOR/src/Startup.c
Creating /home/pespino/Cactus/configs/elliptica/lib/libthorn_ADMBase.a
yes
checking for strings.h... Checking status of thorn AHFinderDirect
COMPILING Cactus/schedule/ScheduleCreater.c
Checking status of thorn Cartoon2D
COMPILING configs/elliptica/bindings/build/PUGH/cctk_ThornBindings.c
COMPILING configs/elliptica/bindings/build/Multipole/cctk_ThornBindings.c
COMPILING UAThorns/UA_EOS_Omni/src/EOS_Omni_Module.F90
COMPILING EinsteinAnalysis/EHFinder/src/EHFinder_Constants.F90
COMPILING EinsteinAnalysis/AHFinder/src/AHFinder.F
COMPILING Llama/GlobalDerivative/src/dissip.c
COMPILING Llama/GlobalDerivative/src/deriv2.c
Creating /home/pespino/Cactus/configs/elliptica/lib/libthorn_SystemTopology.a
COMPILING EinsteinAnalysis/EHFinder/src/EHFinder_ParamCheck.F90
COMPILING EinsteinAnalysis/AHFinder/src/AHFinder_fun.F
COMPILING CactusElliptic/EllSOR/src/Wrapper.c
Creating /home/pespino/Cactus/configs/elliptica/lib/libthorn_TimerReport.a
COMPILING UAThorns/UA_EOS_Omni/src/EOS_Omni_Handles.c
COMPILING Llama/GlobalDerivative/src/paramcheck.c
COMPILING Cactus/comm/OverloadComm.c
COMPILING Cactus/comm/Interp.c
Checking status of thorn Hydro_RNSID
yes
COMPILING Carpet/LoopControl/src/loopcontrol.cc
COMPILING CactusConnect/HTTPD/src/Parameters.c
COMPILING configs/elliptica/bindings/build/NullNews/cctk_ThornBindings.c
checking for inttypes.h... COMPILING EinsteinAnalysis/EHFinder/src/MoL_Init.F90
COMPILING Cactus/schedule/ScheduleTraverse.c
COMPILING CactusConnect/HTTPD/src/Thorns.c
COMPILING CactusConnect/HTTPD/src/Steer.c
COMPILING Carpet/LoopControl/src/loopcontrol_types.F90
COMPILING configs/elliptica/bindings/build/SphericalHarmonicDecomp/cctk_ThornBindings.c
COMPILING configs/elliptica/bindings/build/SphericalHarmonicReconGen/cctk_ThornBindings.c
COMPILING EinsteinAnalysis/AHFinder/src/AHFinder_exp.F
COMPILING EinsteinAnalysis/EHFinder/src/EHFinder_CarpetSupport.cc
COMPILING EinsteinAnalysis/EHFinder/src/EHFinder_fuzzy.F90
Creating /home/pespino/Cactus/configs/elliptica/lib/libthorn_GlobalDerivative.a
COMPILING configs/elliptica/bindings/build/Cartoon2D/cctk_ThornBindings.c
COMPILING CactusElliptic/EllSOR/src/ConfMetric.c
In file included from /home/pespino/Cactus/src/comm/OverloadComm.c:20:
/home/pespino/Cactus/src/include/CommOverloadables.h: In function 'CCTKi_DummyExit':
/home/pespino/Cactus/src/include/OverloadMacros.h:92:10: warning: function declared 'noreturn' has a 'return' statement
   92 |   return 0;                                                     \
      |          ^
/home/pespino/Cactus/src/include/OverloadMacros.h:84:59: note: in expansion of macro '__OVERLOADABLE_DUMMY'
   84 | #define _OVERLOADABLE_DUMMY(prefix, dummy_prefix, name)   __OVERLOADABLE_DUMMY(prefix, dummy_prefix, name)
      |                                                           ^~~~~~~~~~~~~~~~~~~~
/home/pespino/Cactus/src/include/OverloadMacros.h:83:36: note: in expansion of macro '_OVERLOADABLE_DUMMY'
   83 | #define OVERLOADABLE_DUMMY(name)   _OVERLOADABLE_DUMMY(OVERLOADABLE_PREFIX, OVERLOADABLE_DUMMY_PREFIX, name)
      |                                    ^~~~~~~~~~~~~~~~~~~
/home/pespino/Cactus/src/comm/OverloadComm.c:151:28: note: in expansion of macro 'OVERLOADABLE_DUMMY'
  151 | #define OVERLOADABLE(name) OVERLOADABLE_DUMMY(name)
      |                            ^~~~~~~~~~~~~~~~~~
/home/pespino/Cactus/src/include/CommOverloadables.h:87:1: note: in expansion of macro 'OVERLOADABLE'
   87 | OVERLOADABLE(Exit)
      | ^~~~~~~~~~~~
/home/pespino/Cactus/src/include/CommOverloadables.h: In function 'CCTKi_DummyAbort':
/home/pespino/Cactus/src/include/OverloadMacros.h:92:10: warning: function declared 'noreturn' has a 'return' statement
   92 |   return 0;                                                     \
      |          ^
/home/pespino/Cactus/src/include/OverloadMacros.h:84:59: note: in expansion of macro '__OVERLOADABLE_DUMMY'
   84 | #define _OVERLOADABLE_DUMMY(prefix, dummy_prefix, name)   __OVERLOADABLE_DUMMY(prefix, dummy_prefix, name)
      |                                                           ^~~~~~~~~~~~~~~~~~~~
/home/pespino/Cactus/src/include/OverloadMacros.h:83:36: note: in expansion of macro '_OVERLOADABLE_DUMMY'
   83 | #define OVERLOADABLE_DUMMY(name)   _OVERLOADABLE_DUMMY(OVERLOADABLE_PREFIX, OVERLOADABLE_DUMMY_PREFIX, name)
      |                                    ^~~~~~~~~~~~~~~~~~~
/home/pespino/Cactus/src/comm/OverloadComm.c:151:28: note: in expansion of macro 'OVERLOADABLE_DUMMY'
  151 | #define OVERLOADABLE(name) OVERLOADABLE_DUMMY(name)
      |                            ^~~~~~~~~~~~~~~~~~
/home/pespino/Cactus/src/include/CommOverloadables.h:88:1: note: in expansion of macro 'OVERLOADABLE'
   88 | OVERLOADABLE(Abort)
      | ^~~~~~~~~~~~
/home/pespino/Cactus/src/include/CommOverloadables.h: In function 'CCTKi_DummyExit':
/home/pespino/Cactus/src/include/OverloadMacros.h:92:10: warning: 'noreturn' function does return
   92 |   return 0;                                                     \
      |          ^
/home/pespino/Cactus/src/include/OverloadMacros.h:84:59: note: in expansion of macro '__OVERLOADABLE_DUMMY'
   84 | #define _OVERLOADABLE_DUMMY(prefix, dummy_prefix, name)   __OVERLOADABLE_DUMMY(prefix, dummy_prefix, name)
      |                                                           ^~~~~~~~~~~~~~~~~~~~
/home/pespino/Cactus/src/include/OverloadMacros.h:83:36: note: in expansion of macro '_OVERLOADABLE_DUMMY'
   83 | #define OVERLOADABLE_DUMMY(name)   _OVERLOADABLE_DUMMY(OVERLOADABLE_PREFIX, OVERLOADABLE_DUMMY_PREFIX, name)
      |                                    ^~~~~~~~~~~~~~~~~~~
/home/pespino/Cactus/src/comm/OverloadComm.c:151:28: note: in expansion of macro 'OVERLOADABLE_DUMMY'
  151 | #define OVERLOADABLE(name) OVERLOADABLE_DUMMY(name)
      |                            ^~~~~~~~~~~~~~~~~~
/home/pespino/Cactus/src/include/CommOverloadables.h:87:1: note: in expansion of macro 'OVERLOADABLE'
   87 | OVERLOADABLE(Exit)
      | ^~~~~~~~~~~~
/home/pespino/Cactus/src/include/CommOverloadables.h: In function 'CCTKi_DummyAbort':
/home/pespino/Cactus/src/include/OverloadMacros.h:92:10: warning: 'noreturn' function does return
   92 |   return 0;                                                     \
      |          ^
/home/pespino/Cactus/src/include/OverloadMacros.h:84:59: note: in expansion of macro '__OVERLOADABLE_DUMMY'
   84 | #define _OVERLOADABLE_DUMMY(prefix, dummy_prefix, name)   __OVERLOADABLE_DUMMY(prefix, dummy_prefix, name)
      |                                                           ^~~~~~~~~~~~~~~~~~~~
/home/pespino/Cactus/src/include/OverloadMacros.h:83:36: note: in expansion of macro '_OVERLOADABLE_DUMMY'
   83 | #define OVERLOADABLE_DUMMY(name)   _OVERLOADABLE_DUMMY(OVERLOADABLE_PREFIX, OVERLOADABLE_DUMMY_PREFIX, name)
      |                                    ^~~~~~~~~~~~~~~~~~~
/home/pespino/Cactus/src/comm/OverloadComm.c:151:28: note: in expansion of macro 'OVERLOADABLE_DUMMY'
  151 | #define OVERLOADABLE(name) OVERLOADABLE_DUMMY(name)
      |                            ^~~~~~~~~~~~~~~~~~
/home/pespino/Cactus/src/include/CommOverloadables.h:88:1: note: in expansion of macro 'OVERLOADABLE'
   88 | OVERLOADABLE(Abort)
      | ^~~~~~~~~~~~
COMPILING UAThorns/UA_EOS_Omni/src/EOS_Omni_MultiVarCalls.F90
COMPILING CactusElliptic/EllSOR/src/Flat.c
COMPILING EinsteinAnalysis/AHFinder/src/AHFinder_dis.F
COMPILING UAThorns/UA_EOS_Omni/src/EOS_Omni_ColdEOSReadTable.F90
COMPILING configs/elliptica/bindings/build/NullEvolve/cctk_ThornBindings.c
COMPILING Cactus/comm/Reduction.c
yes
COMPILING configs/elliptica/bindings/build/Cactus/cctk_ThornBindings.c
Creating /home/pespino/Cactus/configs/elliptica/lib/libthorn_WaveToyCXX.a
checking for stdint.h... COMPILING UAThorns/UA_EOS_Omni/src/EOS_Omni_BarotropicReadTable.F90
COMPILING EinsteinAnalysis/AHFinder/src/AHFinder_int.F
COMPILING EinsteinAnalysis/QuasiLocalMeasures/src/qlm_boundary.F90
COMPILING EinsteinAnalysis/AHFinder/src/AHFinder_min.F
COMPILING configs/elliptica/bindings/build/Hydro_RNSID/cctk_ThornBindings.c
COMPILING EinsteinAnalysis/EHFinder/src/EHFinder_mod.F90
COMPILING EinsteinAnalysis/EHFinder/src/IsoSurface_mod.F90
COMPILING CactusConnect/HTTPD/src/Authorisation.c
COMPILING CactusConnect/HTTPD/src/base64.c
COMPILING EinsteinAnalysis/QuasiLocalMeasures/src/qlm_derivs.F90
Checking status of thorn TOVSolver
COMPILING Carpet/LoopControl/src/loopcontrol.F90
COMPILING UAThorns/UA_EOS_Omni/src/EOS_Omni_Startup.F90
COMPILING Llama/ADMDerivatives/src/calc_derivs.cc
COMPILING EinsteinAnalysis/AHFinder/src/AHFinder_pow.F
COMPILING EinsteinAnalysis/EHFinder/src/EHFinder_Init.F90
COMPILING EinsteinAnalysis/EHFinder/src/EHFinder_Sources.F90
COMPILING EinsteinAnalysis/QuasiLocalMeasures/src/qlm_variables.F90
In file included from /home/pespino/Cactus/configs/elliptica/bindings/include/Symmetry.h:4,
                 from /home/pespino/Cactus/arrangements/CactusElliptic/EllSOR/src/Flat.c:21:
/home/pespino/Cactus/arrangements/CactusBase/CartGrid3D/src/Symmetry.h:50:1: warning: parameter names (without types) in function declaration
   50 | void CartGrid3D_ApplyBC(CCTK_ARGUMENTS);
      | ^~~~
Creating /home/pespino/Cactus/configs/elliptica/lib/libthorn_EllSOR.a
COMPILING EinsteinAnalysis/EHFinder/src/EHFinder_SetMask.F90
COMPILING UAThorns/UA_EOS_Omni/src/EOS_Omni_SingleVarCalls.F90
COMPILING Carpet/LoopControl/src/type_sizes.F90
COMPILING EinsteinAnalysis/QuasiLocalMeasures/src/qlm_broadcast.c
COMPILING CactusConnect/HTTPD/src/Cookies.c
COMPILING CactusUtils/MemSpeed/src/memspeed.cc
COMPILING CactusConnect/HTTPD/src/Redirect.c
yes
COMPILING EinsteinAnalysis/EHFinder/src/EHFinder_SetSym.F90
COMPILING EinsteinAnalysis/EHFinder/src/EHFinder_ReadData.F90
checking for unistd.h... COMPILING CactusConnect/HTTPD/src/SString.c
COMPILING UAThorns/UA_EOS_Omni/src/EOS_Omni_SingleVarCalls_harm.F90
COMPILING EinsteinAnalysis/QuasiLocalMeasures/src/qlm_coordinates.F90
COMPILING EinsteinAnalysis/EHFinder/src/EHFinder_Check.F90
COMPILING Llama/ADMDerivatives/src/sync.cc
COMPILING EinsteinAnalysis/AHFinder/src/AHFinder_leg.F
COMPILING EinsteinAnalysis/AHFinderDirect/src/sparse-matrix/ilucg/dilucg.f77
COMPILING Llama/ADMDerivatives/src/grids.cc
COMPILING EinsteinAnalysis/AHFinder/src/AHFinder_flow.F
COMPILING configs/elliptica/bindings/build/TOVSolver/cctk_ThornBindings.c
COMPILING EinsteinAnalysis/QuasiLocalMeasures/src/qlm_gram_schmidt.F90
/home/pespino/Cactus/arrangements/EinsteinAnalysis/QuasiLocalMeasures/src/qlm_import_surface.F90:96:2: warning: #warning "TODO: Ensure that the surface parameters don't change" [-Wcpp]
   96 | #warning "TODO: Ensure that the surface parameters don't change"
      |  ^~~~~~~
COMPILING CactusPUGH/PUGH/src/Startup.c
COMPILING EinsteinAnalysis/QuasiLocalMeasures/src/qlm_init.F90
COMPILING EinsteinAnalysis/QuasiLocalMeasures/src/qlm_import_surface.F90
COMPILING CactusConnect/HTTPD/src/SStringHTML.c
yes
COMPILING EinsteinAnalysis/AHFinder/src/AHFinder_mask.F
checking for dlfcn.h... COMPILING EinsteinInitialData/TOVSolver/src/tov.c
COMPILING PITTNullCode/SphericalHarmonicReconGen/src/get.cc
COMPILING PITTNullCode/SphericalHarmonicReconGen/src/read.cc
COMPILING PITTNullCode/SphericalHarmonicReconGen/src/startup.cc
Creating /home/pespino/Cactus/configs/elliptica/lib/libthorn_HTTPD.a
COMPILING EinsteinAnalysis/QuasiLocalMeasures/src/qlm_killing_axial.F90
COMPILING EinsteinAnalysis/QuasiLocalMeasures/src/qlm_interpolate.F90
COMPILING EinsteinAnalysis/EHFinder/src/EHFinder_Integrate.F90
COMPILING EinsteinAnalysis/AHFinder/src/AHFinder_output.F
COMPILING PITTNullCode/SphericalHarmonicReconGen/src/sph_database.cc
COMPILING EinsteinAnalysis/AHFinder/src/AHFinder_find3.F
Creating /home/pespino/Cactus/configs/elliptica/lib/libthorn_LoopControl.a
COMPILING EinsteinAnalysis/QuasiLocalMeasures/src/qlm_killing_gradient.F90
COMPILING PITTNullCode/SphericalHarmonicReconGen/src/vars.cc
COMPILING CactusPUGH/PUGH/src/GHExtension.c
COMPILING EinsteinAnalysis/EHFinder/src/EHFinder_FindSurface.F90
COMPILING EinsteinAnalysis/QuasiLocalMeasures/src/qlm_killing_normalisation.F90
COMPILING CactusPUGH/PUGH/src/Overloadables.c
COMPILING EinsteinAnalysis/AHFinder/src/AHFinder_calcsigma.F
COMPILING EinsteinAnalysis/EHFinder/src/EHFinder_Generator_Sources.F90
COMPILING EinsteinAnalysis/QuasiLocalMeasures/src/qlm_killing_transportation.F90
COMPILING EinsteinAnalysis/QuasiLocalMeasures/src/qlm_killing_test.F90
COMPILING EinsteinAnalysis/EHFinder/src/EHFinder_IsoSurface_optimized.F90
COMPILING Cactus/util/CactusTimers.c
COMPILING EinsteinAnalysis/AHFinder/src/AHFinder_initguess.F
COMPILING CactusNumerical/Cartoon2D/src/ApplyCartoon.c
/home/pespino/Cactus/arrangements/EinsteinAnalysis/AHFinder/src/AHFinder_calcsigma.F:140:29:

  110 |       do l=1,lmax
      |                 2            
......
  140 |      $           - c3 * zlm0(l-2,m)
      |                             1
Warning: Array reference at (1) out of bounds (-1 < 0) in loop beginning at (2)
/home/pespino/Cactus/arrangements/EinsteinAnalysis/AHFinder/src/AHFinder_calcsigma.F:143:29:

  110 |       do l=1,lmax
      |                 2            
......
  143 |      $           - c3 * zlm1(l-2,m)
      |                             1
Warning: Array reference at (1) out of bounds (-1 < 0) in loop beginning at (2)
COMPILING EinsteinAnalysis/Multipole/src/interpolate.cc
yes
checking for objdir... COMPILING CactusNumerical/Cartoon2D/src/CheckParameters.c
COMPILING CactusPUGH/PUGH/src/PughUtils.c
COMPILING EinsteinAnalysis/EHFinder/src/EHFinder_ReInitialize.F90
f951: Warning: iteration 15 invokes undefined behavior [-Waggressive-loop-optimizations]
/home/pespino/Cactus/arrangements/EinsteinAnalysis/EHFinder/src/EHFinder_IsoSurface_optimized.F90:445:0:

  445 |   do j=241,257
      | 
note: within this loop
COMPILING EinsteinAnalysis/EHFinder/src/EHFinder_Generator_Sources2.F90
COMPILING CactusNumerical/Cartoon2D/src/Cartoon2DBC.c
.libs
COMPILING EinsteinAnalysis/QuasiLocalMeasures/src/qlm_multipoles.F90
COMPILING CactusPUGH/PUGH/src/LoadAware.c
Creating /home/pespino/Cactus/configs/elliptica/lib/libthorn_TOVSolver.a
COMPILING EinsteinAnalysis/AHFinder/src/AHFinder_gau.F
COMPILING EinsteinAnalysis/QuasiLocalMeasures/src/qlm_newman_penrose.F90
COMPILING EinsteinAnalysis/AHFinder/src/SetSym.F
COMPILING EinsteinAnalysis/QuasiLocalMeasures/src/qlm_newman_penrose1.F90
Creating /home/pespino/Cactus/configs/elliptica/lib/libthorn_EHFinder.a
COMPILING EinsteinInitialData/Hydro_RNSID/src/rnsid_rfr.c
Checking status of thorn HTTPDExtra
Checking status of thorn Hydro_Analysis
Checking status of thorn KerrSchild
Creating /home/pespino/Cactus/configs/elliptica/lib/libthorn_AHFinder.a
/home/pespino/Cactus/arrangements/CactusNumerical/Cartoon2D/src/ApplyCartoon.c: In function 'Cartoon_ApplyBoundaries':
/home/pespino/Cactus/arrangements/CactusNumerical/Cartoon2D/src/ApplyCartoon.c:109:14: warning: implicit declaration of function 'Boundary_SelectedGVs' [-Wimplicit-function-declaration]
  109 |   num_vars = Boundary_SelectedGVs(cctkGH, 0, NULL, NULL, NULL, NULL, NULL);
      |              ^~~~~~~~~~~~~~~~~~~~
checking if gcc supports -fno-rtti -fno-exceptions... COMPILING EinsteinAnalysis/QuasiLocalMeasures/src/qlm_output_vtk.F90
COMPILING CactusPUGH/PUGH/src/Evolve.c
COMPILING Cactus/util/File.c
COMPILING EinsteinAnalysis/QuasiLocalMeasures/src/qlm_paramcheck.F90
COMPILING CactusPUGH/PUGH/src/Comm.c
COMPILING EinsteinAnalysis/QuasiLocalMeasures/src/qlm_set_coordinates.F90
COMPILING CactusPUGH/PUGH/src/Storage.c
no
checking for gcc option to produce PIC... -fPIC -DPIC
checking if gcc PIC flag -fPIC -DPIC works... COMPILING CactusPUGH/PUGH/src/SetupPGH.c
COMPILING CactusPUGH/PUGH/src/SetupGroup.c
COMPILING EinsteinAnalysis/QuasiLocalMeasures/src/qlm_tetrad.F90
COMPILING CactusNumerical/Cartoon2D/src/interpolate.c
Creating /home/pespino/Cactus/configs/elliptica/lib/libthorn_ADMDerivatives.a
COMPILING EinsteinAnalysis/QuasiLocalMeasures/src/qlm_tetrad1.F90
COMPILING CactusPUGH/PUGH/src/SetupPGV.c
COMPILING UAThorns/UA_EOS_Omni/src/nuc_eos_cxx/readtable.cc
COMPILING EinsteinInitialData/Hydro_RNSID/src/rnsid.c
COMPILING EinsteinInitialData/Hydro_RNSID/src/rnsid_util.c
COMPILING EinsteinAnalysis/QuasiLocalMeasures/src/qlm_twometric.F90
COMPILING CactusNumerical/Cartoon2D/src/RegisterSym.c
COMPILING CactusNumerical/Cartoon2D/src/SymInterp.c
yes
checking if gcc static flag -static works... COMPILING configs/elliptica/bindings/build/AHFinderDirect/cctk_ThornBindings.c
COMPILING CactusNumerical/Cartoon2D/src/SetGrid.c
no
checking if gcc supports -c -o file.o... Checking status of thorn LapseFinder
COMPILING Cactus/util/ParseFile.c
COMPILING Cactus/util/RegisterKeyedFunction.c
COMPILING CactusPUGH/PUGH/src/PostSendGA.c
COMPILING CactusPUGH/PUGH/src/PostReceiveGA.c
COMPILING CactusPUGH/PUGH/src/FinishReceiveGA.c
Creating /home/pespino/Cactus/configs/elliptica/lib/libthorn_MemSpeed.a
yes
checking if gcc supports -c -o file.o... (cached) yes
checking whether the gcc linker (g++ -m elf_x86_64) supports shared libraries... no
checking dynamic linker characteristics... /home/pespino/Cactus/arrangements/CactusNumerical/Cartoon2D/src/SymInterp.c: In function 'Cartoon2D_SymmetryInterpolate':
/home/pespino/Cactus/arrangements/CactusNumerical/Cartoon2D/src/SymInterp.c:508:43: warning: passing argument 8 of 'SymmetryInterpolateFaces' from incompatible pointer type [-Wincompatible-pointer-types]
  508 |      N_interp_points, interp_coords_type, new_interp_coords,
      |                                           ^~~~~~~~~~~~~~~~~
      |                                           |
      |                                           void **
In file included from /home/pespino/Cactus/configs/elliptica/bindings/include/Cartoon2D/cctk_Functions.h:23,
                 from /home/pespino/Cactus/src/include/cctk_core.h:171,
                 from /home/pespino/Cactus/configs/elliptica/bindings/include/Cartoon2D/cctk.h:5,
                 from /home/pespino/Cactus/arrangements/CactusNumerical/Cartoon2D/src/SymInterp.c:9:
/home/pespino/Cactus/configs/elliptica/bindings/include/Cartoon2D_Prototypes.h:31:31: note: expected 'const void * const*' but argument is of type 'void **'
   31 |  const CCTK_POINTER_TO_CONST* interp_coords ,
      |  ~~~~~~~~~~~~~~~~~~~~~~~~~~~~~^~~~~~~~~~~~~
/home/pespino/Cactus/arrangements/EinsteinInitialData/Hydro_RNSID/src/rnsid.c: In function 'Hydro_rnsid':
/home/pespino/Cactus/arrangements/EinsteinInitialData/Hydro_RNSID/src/rnsid.c:232:19: warning: passing argument 1 of 'load_eos' discards 'const' qualifier from pointer target type [-Wdiscarded-qualifiers]
  232 |         load_eos( eos_file, log_e_tab, log_p_tab, log_h_tab, log_n0_tab, &n_tab );
      |                   ^~~~~~~~
In file included from /home/pespino/Cactus/arrangements/EinsteinInitialData/Hydro_RNSID/src/rnsid.c:26:
/home/pespino/Cactus/arrangements/EinsteinInitialData/Hydro_RNSID/src/include/equil.h:5:21: note: expected 'char *' but argument is of type 'const char * const'
    5 | void load_eos( char eos_file[],
      |                ~~~~~^~~~~~~~~~
/home/pespino/Cactus/arrangements/EinsteinInitialData/Hydro_RNSID/src/rnsid.c:309:20: warning: passing argument 6 of 'make_center' discards 'const' qualifier from pointer target type [-Wdiscarded-qualifiers]
  309 |                    eos_type, eos_k,eos_ideal_fluid_gamma, &p_center, &h_center);
      |                    ^~~~~~~~
In file included from /home/pespino/Cactus/arrangements/EinsteinInitialData/Hydro_RNSID/src/rnsid.c:26:
/home/pespino/Cactus/arrangements/EinsteinInitialData/Hydro_RNSID/src/include/equil.h:52:23: note: expected 'char *' but argument is of type 'const char * const'
   52 |                  char eos_type[],
      |                  ~~~~~^~~~~~~~~~
/home/pespino/Cactus/arrangements/EinsteinInitialData/Hydro_RNSID/src/rnsid.c:353:40: warning: passing argument 3 of 'hdf5_read_var' discards 'const' qualifier from pointer target type [-Wdiscarded-qualifiers]
  353 |              hdf5_read_var(&sdiv,&mdiv,model2D_file,
      |                                        ^~~~~~~~~~~~
In file included from /home/pespino/Cactus/arrangements/EinsteinInitialData/Hydro_RNSID/src/rnsid.c:30:
/home/pespino/Cactus/arrangements/EinsteinInitialData/Hydro_RNSID/src/include/hdf5_save.h:33:11: note: expected 'char *' but argument is of type 'const char * const'
   33 |      char fname[],
      |      ~~~~~^~~~~~~
/home/pespino/Cactus/arrangements/EinsteinInitialData/Hydro_RNSID/src/rnsid.c:354:28: warning: passing argument 4 of 'hdf5_read_var' discards 'const' qualifier from pointer target type [-Wdiscarded-qualifiers]
  354 |                            eos_type,eos_file,&eos_k,&eos_ideal_fluid_gamma,rotation_type,
      |                            ^~~~~~~~
In file included from /home/pespino/Cactus/arrangements/EinsteinInitialData/Hydro_RNSID/src/rnsid.c:30:
/home/pespino/Cactus/arrangements/EinsteinInitialData/Hydro_RNSID/src/include/hdf5_save.h:35:25: note: expected 'char *' but argument is of type 'const char * const'
   35 |                    char eos_type[],
      |                    ~~~~~^~~~~~~~~~
/home/pespino/Cactus/arrangements/EinsteinInitialData/Hydro_RNSID/src/rnsid.c:354:37: warning: passing argument 5 of 'hdf5_read_var' discards 'const' qualifier from pointer target type [-Wdiscarded-qualifiers]
  354 |                            eos_type,eos_file,&eos_k,&eos_ideal_fluid_gamma,rotation_type,
      |                                     ^~~~~~~~
In file included from /home/pespino/Cactus/arrangements/EinsteinInitialData/Hydro_RNSID/src/rnsid.c:30:
/home/pespino/Cactus/arrangements/EinsteinInitialData/Hydro_RNSID/src/include/hdf5_save.h:36:25: note: expected 'char *' but argument is of type 'const char * const'
   36 |                    char eos_file[],
      |                    ~~~~~^~~~~~~~~~
/home/pespino/Cactus/arrangements/EinsteinInitialData/Hydro_RNSID/src/rnsid.c:354:76: warning: passing argument 8 of 'hdf5_read_var' discards 'const' qualifier from pointer target type [-Wdiscarded-qualifiers]
  354 |                            eos_type,eos_file,&eos_k,&eos_ideal_fluid_gamma,rotation_type,
      |                                                                            ^~~~~~~~~~~~~
In file included from /home/pespino/Cactus/arrangements/EinsteinInitialData/Hydro_RNSID/src/rnsid.c:30:
/home/pespino/Cactus/arrangements/EinsteinInitialData/Hydro_RNSID/src/include/hdf5_save.h:40:27: note: expected 'char *' but argument is of type 'const char * const'
   40 |                    char   rotation_type[],
      |                    ~~~~~~~^~~~~~~~~~~~~~~
/home/pespino/Cactus/arrangements/EinsteinInitialData/Hydro_RNSID/src/rnsid.c:355:28: warning: passing argument 9 of 'hdf5_read_var' discards 'const' qualifier from pointer target type [-Wdiscarded-qualifiers]
  355 |                            &A_diff,&axes_ratio,&rho0_center,&r_e,
      |                            ^~~~~~~
In file included from /home/pespino/Cactus/arrangements/EinsteinInitialData/Hydro_RNSID/src/rnsid.c:30:
/home/pespino/Cactus/arrangements/EinsteinInitialData/Hydro_RNSID/src/include/hdf5_save.h:41:28: note: expected 'double *' but argument is of type 'const CCTK_REAL8 *' {aka 'const double *'}
   41 |                    double *A_diff,
      |                    ~~~~~~~~^~~~~~
/home/pespino/Cactus/arrangements/EinsteinInitialData/Hydro_RNSID/src/rnsid.c:355:36: warning: passing argument 10 of 'hdf5_read_var' discards 'const' qualifier from pointer target type [-Wdiscarded-qualifiers]
  355 |                            &A_diff,&axes_ratio,&rho0_center,&r_e,
      |                                    ^~~~~~~~~~~
In file included from /home/pespino/Cactus/arrangements/EinsteinInitialData/Hydro_RNSID/src/rnsid.c:30:
/home/pespino/Cactus/arrangements/EinsteinInitialData/Hydro_RNSID/src/include/hdf5_save.h:43:28: note: expected 'double *' but argument is of type 'const CCTK_REAL8 *' {aka 'const double *'}
   43 |                    double *r_ratio,
      |                    ~~~~~~~~^~~~~~~
/home/pespino/Cactus/arrangements/EinsteinInitialData/Hydro_RNSID/src/rnsid.c:362:24: warning: passing argument 2 of 'guess' discards 'const' qualifier from pointer target type [-Wdiscarded-qualifiers]
  362 |           guess( s_gp, eos_type, eos_k,e_center, p_center, p_surface, e_surface,
      |                        ^~~~~~~~
In file included from /home/pespino/Cactus/arrangements/EinsteinInitialData/Hydro_RNSID/src/rnsid.c:26:
/home/pespino/Cactus/arrangements/EinsteinInitialData/Hydro_RNSID/src/include/equil.h:136:19: note: expected 'char *' but argument is of type 'const char * const'
  136 |            char   eos_type[],
      |            ~~~~~~~^~~~~~~~~~
/home/pespino/Cactus/arrangements/EinsteinInitialData/Hydro_RNSID/src/rnsid.c:384:32: warning: passing argument 3 of 'iterate' discards 'const' qualifier from pointer target type [-Wdiscarded-qualifiers]
  384 |             iterate( s_gp, mu, eos_type, eos_k, log_e_tab, log_p_tab, log_h_tab,
      |                                ^~~~~~~~
In file included from /home/pespino/Cactus/arrangements/EinsteinInitialData/Hydro_RNSID/src/rnsid.c:26:
/home/pespino/Cactus/arrangements/EinsteinInitialData/Hydro_RNSID/src/include/equil.h:155:21: note: expected 'char *' but argument is of type 'const char * const'
  155 |              char   eos_type[],
      |              ~~~~~~~^~~~~~~~~~
/home/pespino/Cactus/arrangements/EinsteinInitialData/Hydro_RNSID/src/rnsid.c:388:21: warning: passing argument 27 of 'iterate' discards 'const' qualifier from pointer target type [-Wdiscarded-qualifiers]
  388 |                     rotation_type, A_diff, &Omega_e, Omega_diff, RNS_lmax);
      |                     ^~~~~~~~~~~~~
In file included from /home/pespino/Cactus/arrangements/EinsteinInitialData/Hydro_RNSID/src/rnsid.c:26:
/home/pespino/Cactus/arrangements/EinsteinInitialData/Hydro_RNSID/src/include/equil.h:179:21: note: expected 'char *' but argument is of type 'const char * const'
  179 |              char   rotation_type[],
      |              ~~~~~~~^~~~~~~~~~~~~~~
/home/pespino/Cactus/arrangements/EinsteinInitialData/Hydro_RNSID/src/rnsid.c:393:30: warning: passing argument 3 of 'iterate' discards 'const' qualifier from pointer target type [-Wdiscarded-qualifiers]
  393 |           iterate( s_gp, mu, eos_type, eos_k, log_e_tab, log_p_tab, log_h_tab,
      |                              ^~~~~~~~
In file included from /home/pespino/Cactus/arrangements/EinsteinInitialData/Hydro_RNSID/src/rnsid.c:26:
/home/pespino/Cactus/arrangements/EinsteinInitialData/Hydro_RNSID/src/include/equil.h:155:21: note: expected 'char *' but argument is of type 'const char * const'
  155 |              char   eos_type[],
      |              ~~~~~~~^~~~~~~~~~
/home/pespino/Cactus/arrangements/EinsteinInitialData/Hydro_RNSID/src/rnsid.c:397:20: warning: passing argument 27 of 'iterate' discards 'const' qualifier from pointer target type [-Wdiscarded-qualifiers]
  397 |                    rotation_type,A_diff,&Omega_e, Omega_diff,RNS_lmax);
      |                    ^~~~~~~~~~~~~
In file included from /home/pespino/Cactus/arrangements/EinsteinInitialData/Hydro_RNSID/src/rnsid.c:26:
/home/pespino/Cactus/arrangements/EinsteinInitialData/Hydro_RNSID/src/include/equil.h:179:21: note: expected 'char *' but argument is of type 'const char * const'
  179 |              char   rotation_type[],
      |              ~~~~~~~^~~~~~~~~~~~~~~
/home/pespino/Cactus/arrangements/EinsteinInitialData/Hydro_RNSID/src/rnsid.c:409:37: warning: passing argument 3 of 'hdf5_save_var' discards 'const' qualifier from pointer target type [-Wdiscarded-qualifiers]
  409 |           hdf5_save_var(&sdiv,&mdiv,model2D_file,
      |                                     ^~~~~~~~~~~~
In file included from /home/pespino/Cactus/arrangements/EinsteinInitialData/Hydro_RNSID/src/rnsid.c:30:
/home/pespino/Cactus/arrangements/EinsteinInitialData/Hydro_RNSID/src/include/hdf5_save.h:3:11: note: expected 'char *' but argument is of type 'const char * const'
    3 |      char fname[],
      |      ~~~~~^~~~~~~
/home/pespino/Cactus/arrangements/EinsteinInitialData/Hydro_RNSID/src/rnsid.c:410:25: warning: passing argument 4 of 'hdf5_save_var' discards 'const' qualifier from pointer target type [-Wdiscarded-qualifiers]
  410 |                         eos_type,eos_file,&eos_k,&eos_ideal_fluid_gamma,rotation_type,
      |                         ^~~~~~~~
In file included from /home/pespino/Cactus/arrangements/EinsteinInitialData/Hydro_RNSID/src/rnsid.c:30:
/home/pespino/Cactus/arrangements/EinsteinInitialData/Hydro_RNSID/src/include/hdf5_save.h:5:25: note: expected 'char *' but argument is of type 'const char * const'
    5 |                    char eos_type[],
      |                    ~~~~~^~~~~~~~~~
/home/pespino/Cactus/arrangements/EinsteinInitialData/Hydro_RNSID/src/rnsid.c:410:34: warning: passing argument 5 of 'hdf5_save_var' discards 'const' qualifier from pointer target type [-Wdiscarded-qualifiers]
  410 |                         eos_type,eos_file,&eos_k,&eos_ideal_fluid_gamma,rotation_type,
      |                                  ^~~~~~~~
In file included from /home/pespino/Cactus/arrangements/EinsteinInitialData/Hydro_RNSID/src/rnsid.c:30:
/home/pespino/Cactus/arrangements/EinsteinInitialData/Hydro_RNSID/src/include/hdf5_save.h:6:25: note: expected 'char *' but argument is of type 'const char * const'
    6 |                    char eos_file[],
      |                    ~~~~~^~~~~~~~~~
/home/pespino/Cactus/arrangements/EinsteinInitialData/Hydro_RNSID/src/rnsid.c:410:73: warning: passing argument 8 of 'hdf5_save_var' discards 'const' qualifier from pointer target type [-Wdiscarded-qualifiers]
  410 |                         eos_type,eos_file,&eos_k,&eos_ideal_fluid_gamma,rotation_type,
      |                                                                         ^~~~~~~~~~~~~
In file included from /home/pespino/Cactus/arrangements/EinsteinInitialData/Hydro_RNSID/src/rnsid.c:30:
/home/pespino/Cactus/arrangements/EinsteinInitialData/Hydro_RNSID/src/include/hdf5_save.h:10:27: note: expected 'char *' but argument is of type 'const char * const'
   10 |                    char   rotation_type[],
      |                    ~~~~~~~^~~~~~~~~~~~~~~
/home/pespino/Cactus/arrangements/EinsteinInitialData/Hydro_RNSID/src/rnsid.c:411:25: warning: passing argument 9 of 'hdf5_save_var' discards 'const' qualifier from pointer target type [-Wdiscarded-qualifiers]
  411 |                         &A_diff,&axes_ratio,&rho0_center,&r_e,
      |                         ^~~~~~~
In file included from /home/pespino/Cactus/arrangements/EinsteinInitialData/Hydro_RNSID/src/rnsid.c:30:
/home/pespino/Cactus/arrangements/EinsteinInitialData/Hydro_RNSID/src/include/hdf5_save.h:11:28: note: expected 'double *' but argument is of type 'const CCTK_REAL8 *' {aka 'const double *'}
   11 |                    double *A_diff,
      |                    ~~~~~~~~^~~~~~
/home/pespino/Cactus/arrangements/EinsteinInitialData/Hydro_RNSID/src/rnsid.c:411:33: warning: passing argument 10 of 'hdf5_save_var' discards 'const' qualifier from pointer target type [-Wdiscarded-qualifiers]
  411 |                         &A_diff,&axes_ratio,&rho0_center,&r_e,
      |                                 ^~~~~~~~~~~
In file included from /home/pespino/Cactus/arrangements/EinsteinInitialData/Hydro_RNSID/src/rnsid.c:30:
/home/pespino/Cactus/arrangements/EinsteinInitialData/Hydro_RNSID/src/include/hdf5_save.h:13:28: note: expected 'double *' but argument is of type 'const CCTK_REAL8 *' {aka 'const double *'}
   13 |                    double *r_ratio,
      |                    ~~~~~~~~^~~~~~~
/home/pespino/Cactus/arrangements/EinsteinInitialData/Hydro_RNSID/src/rnsid.c:425:58: warning: passing argument 6 of 'comp_values' discards 'const' qualifier from pointer target type [-Wdiscarded-qualifiers]
  425 |       comp_values( s_gp, mu, axes_ratio, e_surface, r_e, eos_type, log_e_tab,
      |                                                          ^~~~~~~~
In file included from /home/pespino/Cactus/arrangements/EinsteinInitialData/Hydro_RNSID/src/rnsid.c:26:
/home/pespino/Cactus/arrangements/EinsteinInitialData/Hydro_RNSID/src/include/equil.h:63:25: note: expected 'char *' but argument is of type 'const char * const'
   63 |                  char   eos_type[],
      |                  ~~~~~~~^~~~~~~~~~
/home/pespino/Cactus/arrangements/EinsteinInitialData/Hydro_RNSID/src/rnsid.c:428:53: warning: passing argument 25 of 'comp_values' discards 'const' qualifier from pointer target type [-Wdiscarded-qualifiers]
  428 |                    &Mass_0, &T, &W, &Omega_K, &R_e, rotation_type,Omega_diff,
      |                                                     ^~~~~~~~~~~~~
In file included from /home/pespino/Cactus/arrangements/EinsteinInitialData/Hydro_RNSID/src/rnsid.c:26:
/home/pespino/Cactus/arrangements/EinsteinInitialData/Hydro_RNSID/src/include/equil.h:82:25: note: expected 'char *' but argument is of type 'const char * const'
   82 |                  char   rotation_type[],
      |                  ~~~~~~~^~~~~~~~~~~~~~~
COMPILING EinsteinInitialData/Hydro_RNSID/src/hdf5_save.c
COMPILING EinsteinInitialData/Hydro_RNSID/src/equil_util.c
Creating /home/pespino/Cactus/configs/elliptica/lib/libthorn_Cartoon2D.a
COMPILING EinsteinInitialData/Hydro_RNSID/src/equil.c
COMPILING EinsteinAnalysis/AHFinderDirect/src/jtutil/array.cc
COMPILING EinsteinAnalysis/AHFinderDirect/src/jtutil/cpm_map.cc
COMPILING CactusPUGH/PUGH/src/Registration.c
COMPILING Cactus/util/StoreKeyedData.c
COMPILING CactusPUGH/PUGH/src/P2LMappings.c
Checking status of thorn ML_ADMConstraints
COMPILING CactusPUGH/PUGH/src/Topology.c
GNU/Linux ld.so
checking how to hardcode library paths into programs... COMPILING EinsteinAnalysis/Multipole/src/multipole.cc
unsupported
checking whether stripping libraries is possible... yes
checking if libtool supports shared libraries... Checking status of thorn ML_ADMQuantities
no
checking whether to build shared libraries... no
checking whether to build static libraries... yes
checking for ocamlbuild... no
checking for ANSI C header files... (cached) yes
checking libintl.h usability... COMPILING configs/elliptica/bindings/build/LapseFinder/cctk_ThornBindings.c
COMPILING Cactus/util/StoreNamedData.c
COMPILING CactusPUGH/PUGH/src/Vectors.cc
Creating /home/pespino/Cactus/configs/elliptica/lib/libthorn_SphericalHarmonicReconGen.a
COMPILING EinsteinAnalysis/Hydro_Analysis/src/Hydro_Analysis.c
COMPILING PITTNullCode/NullEvolve/src/NullEvol_Bdry.F90
COMPILING UAThorns/LapseFinder/src/LapseFinder.c
Checking status of thorn ML_BSSN
COMPILING PITTNullCode/NullNews/src/NullNews_Bondi.F90
COMPILING Cactus/util/Misc.c
COMPILING EinsteinAnalysis/Hydro_Analysis/src/GRHydro_Separation.F90
COMPILING PITTNullCode/NullEvolve/src/NullEvol_cfl_test.F90
COMPILING EinsteinAnalysis/Hydro_Analysis/src/CoreCentroid.c
Creating /home/pespino/Cactus/configs/elliptica/lib/libthorn_Hydro_RNSID.a
COMPILING PITTNullCode/NullEvolve/src/NullEvol_Evol.F90
COMPILING EinsteinAnalysis/Hydro_Analysis/src/Hydro_Analysis_Masses.F90
COMPILING PITTNullCode/NullEvolve/src/NullEvol_hyper_beta.F90
COMPILING PITTNullCode/NullEvolve/src/NullEvol_Mask.F90
COMPILING EinsteinAnalysis/Multipole/src/utils.cc
yes
checking libintl.h presence... COMPILING PITTNullCode/NullNews/src/NullNews_ScriUtil.F90
Checking status of thorn ML_CCZ4
COMPILING EinsteinAnalysis/Multipole/src/sphericalharmonic.cc
COMPILING EinsteinAnalysis/Multipole/src/integrate.cc
COMPILING PITTNullCode/SphericalHarmonicDecomp/src/alias.cc
COMPILING EinsteinAnalysis/Multipole/src/tests.cc
COMPILING PITTNullCode/NullNews/src/NullNews_YlmScri.F90
yes
checking for libintl.h... yes
COMPILING PITTNullCode/NullNews/src/NullNews_interp_to_constant_uBondi.cc
checking malloc.h usability... COMPILING configs/elliptica/bindings/build/ML_ADMQuantities/cctk_ThornBindings.c
COMPILING configs/elliptica/bindings/build/KerrSchild/cctk_ThornBindings.c
COMPILING PITTNullCode/SphericalHarmonicDecomp/src/decomp.cc
Creating /home/pespino/Cactus/configs/elliptica/lib/libthorn_LapseFinder.a
COMPILING configs/elliptica/bindings/build/HTTPDExtra/cctk_ThornBindings.c
COMPILING UAThorns/UA_EOS_Omni/src/nuc_eos_cxx/nuc_eos_short.cc
COMPILING UAThorns/UA_EOS_Omni/src/nuc_eos_cxx/nuc_eos_press_cs2.cc
COMPILING PITTNullCode/NullEvolve/src/NullEvol_hyper_q.F90
COMPILING PITTNullCode/SphericalHarmonicDecomp/src/matrix.cc
COMPILING PITTNullCode/NullNews/src/NullNews_Omega.F90
COMPILING configs/elliptica/bindings/build/ML_ADMConstraints/cctk_ThornBindings.c
COMPILING Cactus/util/StoreHandledData.c
COMPILING CactusConnect/HTTPDExtra/src/Groups.c
COMPILING configs/elliptica/bindings/build/ML_BSSN/cctk_ThornBindings.c
COMPILING PITTNullCode/SphericalHarmonicDecomp/src/sYlm.cc
COMPILING EinsteinAnalysis/QuasiLocalMeasures/src/qlm_weyl_scalars.F90
COMPILING PITTNullCode/NullEvolve/src/NullEvol_hyper_w.F90
COMPILING CactusConnect/HTTPDExtra/src/Startup.c
COMPILING PITTNullCode/NullEvolve/src/NullEvol_sYlm.F90
COMPILING CactusConnect/HTTPDExtra/src/IO.c
COMPILING Cactus/util/Hash.c
COMPILING Cactus/util/SKBinTree.c
COMPILING configs/elliptica/bindings/build/ML_CCZ4/cctk_ThornBindings.c
COMPILING Cactus/util/Malloc.c
COMPILING configs/elliptica/bindings/build/Hydro_Analysis/cctk_ThornBindings.c
yes
checking malloc.h presence... COMPILING PITTNullCode/NullEvolve/src/NullEvol_Pulse.F90
COMPILING PITTNullCode/NullEvolve/src/NullEvol_TimeStep.F90
COMPILING EinsteinAnalysis/AHFinderDirect/src/jtutil/fuzzy.cc
COMPILING Cactus/util/Math.c
COMPILING EinsteinAnalysis/AHFinderDirect/src/gr/expansion.cc
COMPILING EinsteinAnalysis/AHFinderDirect/src/elliptic/Jacobian.cc
COMPILING PITTNullCode/NullNews/src/NullNews_CalcPsi4.F90
COMPILING PITTNullCode/SphericalHarmonicDecomp/src/Legendre.cc
COMPILING PITTNullCode/NullEvolve/src/NullEvol_DissipMask.F90
yes
checking for malloc.h... yes
Creating /home/pespino/Cactus/configs/elliptica/lib/libthorn_Hydro_Analysis.a
checking stddef.h usability... COMPILING CactusConnect/HTTPDExtra/src/Processors.c
COMPILING PITTNullCode/SphericalHarmonicDecomp/src/Chebyshev.cc
COMPILING PITTNullCode/NullEvolve/src/NullEvol_DiagMod.F90
COMPILING Cactus/util/String.c
COMPILING Cactus/util/StringList.c
COMPILING PITTNullCode/SphericalHarmonicDecomp/src/h5read.cc
COMPILING PITTNullCode/NullEvolve/src/NullEvol_hyper_u.F90
COMPILING PITTNullCode/SphericalHarmonicDecomp/src/ExtractMetric.cc
COMPILING EinsteinAnalysis/AHFinderDirect/src/jtutil/linear_map.cc
COMPILING CactusConnect/HTTPDExtra/src/HostNames.c
COMPILING EinsteinAnalysis/AHFinderDirect/src/elliptic/dense_Jacobian.cc
COMPILING EinsteinAnalysis/AHFinderDirect/src/jtutil/norm.cc
COMPILING PITTNullCode/NullEvolve/src/NullEvol_InitialData.F90
Checking status of thorn ML_WaveToy
yes
checking stddef.h presence... COMPILING PITTNullCode/NullEvolve/src/NullEvol_Step.F90
Creating /home/pespino/Cactus/configs/elliptica/lib/libthorn_PUGH.a
yes
checking for stddef.h... yes
COMPILING PITTNullCode/NullEvolve/src/NullEvol_InitialSlice.F90
COMPILING PITTNullCode/NullEvolve/src/NullEvol_Diag.F90
COMPILING Cactus/util/Table.c
checking for stdlib.h... (cached) yes
checking for string.h... (cached) yes
COMPILING PITTNullCode/NullNews/src/NullNews_Init.F90
COMPILING Cactus/util/Time.c
checking for strings.h... (cached) yes
Checking status of thorn Minkowski
COMPILING EinsteinAnalysis/AHFinderDirect/src/gr/expansion_Jacobian.cc
checking sys/time.h usability... Creating /home/pespino/Cactus/configs/elliptica/lib/libthorn_NullEvolve.a
COMPILING UAThorns/UA_EOS_Omni/src/nuc_eos_cxx/nuc_eos_press.cc
COMPILING PITTNullCode/NullNews/src/NullNews_ScriVals.F90
COMPILING EinsteinAnalysis/AHFinderDirect/src/gr/Schwarzschild_EF.cc
COMPILING EinsteinAnalysis/AHFinderDirect/src/gr/misc-gr.cc
Creating /home/pespino/Cactus/configs/elliptica/lib/libthorn_Multipole.a
COMPILING CactusConnect/HTTPDExtra/src/PtrList.c
COMPILING UAThorns/UA_EOS_Omni/src/nuc_eos_cxx/nuc_eos_full.cc
COMPILING UAThorns/UA_EOS_Omni/src/nuc_eos_cxx/nuc_eos_dpdrhoe_dpderho.cc
COMPILING CactusConnect/HTTPDExtra/src/HTTPD_FileList.c
COMPILING EinsteinAnalysis/AHFinderDirect/src/jtutil/round.cc
COMPILING UAThorns/UA_EOS_Omni/src/nuc_eos_cxx/readtable_cactus_wrapper.cc
COMPILING UAThorns/UA_EOS_Omni/src/nuc_eos_cxx/dumpASCIItable.cc
COMPILING PITTNullCode/NullNews/src/NullNews_SphHarmDecomp.F90
COMPILING UAThorns/UA_EOS_Omni/src/nuc_eos_cxx/nuc_eos_extra.cc
Checking status of thorn ModifiedSchwarzschildBL
COMPILING Cactus/util/Network.c
COMPILING configs/elliptica/bindings/build/ML_WaveToy/cctk_ThornBindings.c
COMPILING Cactus/util/PointerTo.F90
COMPILING PITTNullCode/NullNews/src/NullNews_GetNews.F90
yes
checking sys/time.h presence... COMPILING CactusConnect/HTTPDExtra/src/TimerInfo.c
COMPILING configs/elliptica/bindings/build/Minkowski/cctk_ThornBindings.c
COMPILING EinsteinAnalysis/QuasiLocalMeasures/src/qlm_weyl_scalars1.F90
Creating /home/pespino/Cactus/configs/elliptica/lib/libthorn_NullNews.a
yes
checking for sys/time.h... yes
checking for unistd.h... (cached) yes
COMPILING EinsteinAnalysis/AHFinderDirect/src/jtutil/miscfp.cc
checking limits.h usability... COMPILING EinsteinAnalysis/QuasiLocalMeasures/src/qlm_3determinant.F90
COMPILING EinsteinAnalysis/AHFinderDirect/src/jtutil/error_exit.cc
Checking status of thorn NullConstr
Checking status of thorn NullExact
COMPILING configs/elliptica/bindings/build/ModifiedSchwarzschildBL/cctk_ThornBindings.c
/home/pespino/Cactus/arrangements/CactusConnect/HTTPDExtra/src/TimerInfo.c: In function 'TI_schedName':
/home/pespino/Cactus/arrangements/CactusConnect/HTTPDExtra/src/TimerInfo.c:706:5: warning: 'strncpy' specified bound depends on the length of the source argument [-Wstringop-overflow=]
  706 |     strncpy(temp, tn, sl);
      |     ^~~~~~~~~~~~~~~~~~~~~
/home/pespino/Cactus/arrangements/CactusConnect/HTTPDExtra/src/TimerInfo.c:693:10: note: length computed here
  693 |   int sl=strlen(tn)+1;
      |          ^~~~~~~~~~
Creating /home/pespino/Cactus/configs/elliptica/lib/libthorn_HTTPDExtra.a
COMPILING McLachlan/ML_ADMQuantities/src/Boundaries.cc
Creating /home/pespino/Cactus/configs/elliptica/lib/libthorn_SphericalHarmonicDecomp.a
COMPILING EinsteinAnalysis/AHFinderDirect/src/elliptic/lapack_wrapper.F77
COMPILING EinsteinExact/KerrSchild/src/Boundaries.cc
COMPILING EinsteinExact/KerrSchild/src/KerrSchild_always.cc
COMPILING EinsteinExact/KerrSchild/src/KerrSchild_exact.cc
COMPILING EinsteinExact/KerrSchild/src/KerrSchild_initial.cc
COMPILING EinsteinAnalysis/AHFinderDirect/src/patch/coords.cc
COMPILING EinsteinAnalysis/AHFinderDirect/src/patch/grid.cc
Checking status of thorn NullPsiInt
COMPILING EinsteinExact/KerrSchild/src/Kranc.cc
COMPILING EinsteinAnalysis/AHFinderDirect/src/elliptic/row_sparse_Jacobian.cc
yes
checking limits.h presence... COMPILING EinsteinExact/KerrSchild/src/ParamCheck.cc
COMPILING EinsteinExact/KerrSchild/src/RegisterMoL.cc
COMPILING EinsteinAnalysis/AHFinderDirect/src/patch/fd_grid.cc
COMPILING configs/elliptica/bindings/build/NullExact/cctk_ThornBindings.c
COMPILING EinsteinExact/KerrSchild/src/RegisterSymmetries.cc
COMPILING Cactus/piraha/AutoGrammar.cc
COMPILING EinsteinAnalysis/AHFinderDirect/src/patch/patch.cc
COMPILING EinsteinAnalysis/AHFinderDirect/src/patch/ghost_zone.cc
yes
checking for limits.h... yes
checking c_asm.h usability... COMPILING EinsteinAnalysis/QuasiLocalMeasures/src/qlm_analyse.F90
COMPILING EinsteinExact/KerrSchild/src/Startup.cc
Checking status of thorn NullSHRExtract
Checking status of thorn PUGHInterp
Checking status of thorn PUGHReduce
Creating /home/pespino/Cactus/configs/elliptica/lib/libthorn_UA_EOS_Omni.a
COMPILING Cactus/main/ActiveThorns.c
COMPILING EinsteinAnalysis/QuasiLocalMeasures/src/qlm_calculate.F90
no
checking c_asm.h presence... COMPILING configs/elliptica/bindings/build/NullConstr/cctk_ThornBindings.c
COMPILING configs/elliptica/bindings/build/NullPsiInt/cctk_ThornBindings.c
no
checking for c_asm.h... no
checking intrinsics.h usability... COMPILING Cactus/main/Banner.c
COMPILING Cactus/main/CactusDefaultInitialise.c
COMPILING configs/elliptica/bindings/build/PUGHReduce/cctk_ThornBindings.c
COMPILING McLachlan/ML_ADMConstraints/src/Boundaries.cc
COMPILING configs/elliptica/bindings/build/NullSHRExtract/cctk_ThornBindings.c
COMPILING PITTNullCode/NullPsiInt/src/NullPsiInt_dotNewsPsi.F90
COMPILING McLachlan/ML_ADMConstraints/src/Kranc.cc
COMPILING McLachlan/ML_ADMQuantities/src/Kranc.cc
COMPILING Cactus/main/CactusDefaultEvolve.c
Checking status of thorn PUGHSlab
COMPILING PITTNullCode/NullPsiInt/src/NullPsiInt_MoLRegister.c
COMPILING Cactus/main/CactusDefaultShutdown.c
COMPILING Cactus/main/CactusDefaultMainLoopIndex.c
COMPILING Cactus/main/CallStartupFunctions.c
COMPILING CactusPUGH/PUGHInterp/src/Startup.c
COMPILING Cactus/main/CommandLine.c
COMPILING EinsteinAnalysis/AHFinderDirect/src/patch/patch_interp.cc
COMPILING CactusPUGH/PUGHInterp/src/InterpGridArrays.c
COMPILING EinsteinAnalysis/QuasiLocalMeasures/src/qlm_killing_normalise.F90
Checking status of thorn Slab
COMPILING EinsteinAnalysis/AHFinderDirect/src/patch/patch_info.cc
COMPILING Cactus/main/Complex.c
COMPILING configs/elliptica/bindings/build/PUGHInterp/cctk_ThornBindings.c
COMPILING EinsteinAnalysis/AHFinderDirect/src/patch/patch_system.cc
COMPILING Cactus/piraha/Bracket.cc
COMPILING Cactus/main/ConfigData.c
no
checking intrinsics.h presence... COMPILING Cactus/main/Coord.c
COMPILING EinsteinAnalysis/QuasiLocalMeasures/src/qlm_killing_transport.F90
COMPILING Cactus/main/DebugDefines.c
COMPILING PITTNullCode/NullConstr/src/NullConstr_AuxConstr.F90
no
checking for intrinsics.h... no
checking for stdint.h... (cached) yes
COMPILING PITTNullCode/NullPsiInt/src/NullPsiInt_InitMoL.F90
COMPILING Cactus/main/DefaultTimers.c
checking mach/mach_time.h usability... Creating /home/pespino/Cactus/configs/elliptica/lib/libthorn_KerrSchild.a
COMPILING PITTNullCode/NullConstr/src/NullConstr_R00.F90
COMPILING PITTNullCode/NullConstr/src/NullConstr_Util.F90
COMPILING PITTNullCode/NullConstr/src/NullConstr_R01.F90
COMPILING McLachlan/ML_ADMConstraints/src/ML_ADMConstraints_evaluate.cc
COMPILING PITTNullCode/NullConstr/src/NullConstr_R0A.F90
Creating /home/pespino/Cactus/configs/elliptica/lib/libthorn_NullPsiInt.a
COMPILING McLachlan/ML_ADMConstraints/src/RegisterMoL.cc
COMPILING Cactus/main/Dummies.c
Creating /home/pespino/Cactus/configs/elliptica/lib/libthorn_PUGHInterp.a
COMPILING Cactus/main/flesh.cc
Checking status of thorn RhoBFinder
Checking status of thorn ShiftedGaugeWave
Checking status of thorn Spritz_SetBeta
COMPILING Cactus/main/FortranWrappers.c
COMPILING configs/elliptica/bindings/build/Slab/cctk_ThornBindings.c
Checking status of thorn TestLoopControl
Checking status of thorn Vaidya2
COMPILING CactusPUGH/PUGHSlab/src/GetHyperslab.c
COMPILING CactusPUGH/PUGHSlab/src/Mapping.c
COMPILING CactusPUGH/PUGHSlab/src/DatatypeConversion.c
no
checking mach/mach_time.h presence... COMPILING PITTNullCode/NullConstr/src/NullConstr_Driver.F90
COMPILING PITTNullCode/NullExact/src/NullExact_MoLRegister.c
no
checking for mach/mach_time.h... no
COMPILING PITTNullCode/NullExact/src/NullExact_Analytic.F90
checking sys/sysctl.h usability... COMPILING PITTNullCode/NullExact/src/NullExact_PreCalcYlm.F90
COMPILING CactusPUGH/PUGHReduce/src/ReductionAvg.c
COMPILING CactusPUGH/PUGHReduce/src/ReductionCount.c
COMPILING CactusPUGH/PUGHReduce/src/ReductionMax.c
COMPILING CactusPUGH/PUGHReduce/src/ReductionMin.c
Creating /home/pespino/Cactus/configs/elliptica/lib/libthorn_NullConstr.a
COMPILING McLachlan/ML_ADMConstraints/src/RegisterSymmetries.cc
COMPILING CactusPUGH/PUGHReduce/src/ReductionNorm1.c
COMPILING McLachlan/ML_ADMConstraints/src/Startup.cc
COMPILING PITTNullCode/NullExact/src/NullExact_Initial.F90
COMPILING configs/elliptica/bindings/build/ShiftedGaugeWave/cctk_ThornBindings.c
COMPILING configs/elliptica/bindings/build/Spritz_SetBeta/cctk_ThornBindings.c
COMPILING CactusPUGH/PUGHReduce/src/ReductionNorm2.c
COMPILING configs/elliptica/bindings/build/TestLoopControl/cctk_ThornBindings.c
COMPILING McLachlan/ML_ADMQuantities/src/ML_ADMQuantities_calculate.cc
COMPILING CactusPUGH/PUGHReduce/src/ReductionNorm3.c
COMPILING PITTNullCode/NullExact/src/NullExact_Boundary.F90
COMPILING McLachlan/ML_ADMQuantities/src/RegisterMoL.cc
Checking status of thorn WeylScal4
COMPILING UAThorns/RhoBFinder/src/RhoBFinder.c
COMPILING configs/elliptica/bindings/build/PUGHSlab/cctk_ThornBindings.c
COMPILING PITTNullCode/NullExact/src/NullExact_Error.F90
yes
checking sys/sysctl.h presence... COMPILING CactusPUGH/PUGHReduce/src/ReductionNorm4.c
COMPILING Cactus/piraha/Dot.cc
Creating /home/pespino/Cactus/configs/elliptica/lib/libthorn_PUGHSlab.a
COMPILING CactusPUGH/PUGHReduce/src/ReductionNormInf.c
COMPILING Cactus/piraha/End.cc
yes
COMPILING PITTNullCode/NullExact/src/NullExact_InitMoL.F90
checking for sys/sysctl.h... yes
Creating /home/pespino/Cactus/configs/elliptica/lib/libthorn_QuasiLocalMeasures.a
checking altivec.h usability... COMPILING configs/elliptica/bindings/build/RhoBFinder/cctk_ThornBindings.c
COMPILING EinsteinExact/ModifiedSchwarzschildBL/src/Boundaries.cc
Checking status of thorn CT_Analytic
COMPILING CactusPUGH/PUGHReduce/src/ReductionSum.c
COMPILING CactusNumerical/Slab/src/slab.cc
COMPILING Cactus/piraha/Grammar.cc
COMPILING PITTNullCode/NullExact/src/NullExact_dotNewsMoL.F90
COMPILING Cactus/piraha/Group.cc
COMPILING Cactus/main/GHExtensions.c
Creating /home/pespino/Cactus/configs/elliptica/lib/libthorn_RhoBFinder.a
COMPILING PITTNullCode/NullExact/src/NullExact_AnaFields.F90
Creating /home/pespino/Cactus/configs/elliptica/lib/libthorn_NullExact.a
COMPILING CactusPUGH/PUGHReduce/src/Startup.c
COMPILING Cactus/main/Groups.c
Checking status of thorn CarpetLib
COMPILING CactusPUGH/PUGHReduce/src/Reduction.c
no
checking altivec.h presence... COMPILING CactusPUGH/PUGHReduce/src/ReduceGA.c
COMPILING CactusPUGH/PUGHReduce/src/ReduceArraysGlobally.c
COMPILING EinsteinExact/Minkowski/src/Boundaries.cc
COMPILING EinsteinExact/Minkowski/src/Kranc.cc
no
checking for altivec.h... no
checking for an ANSI C-conforming const... COMPILING EinsteinExact/Minkowski/src/Minkowski_always.cc
COMPILING EinsteinExact/Minkowski/src/Minkowski_exact.cc
COMPILING configs/elliptica/bindings/build/CT_Analytic/cctk_ThornBindings.c
yes
checking for inline... COMPILING configs/elliptica/bindings/Functions/AliasedFunctions.c
COMPILING EinsteinAnalysis/AHFinderDirect/src/driver/state.cc
COMPILING configs/elliptica/bindings/build/Vaidya2/cctk_ThornBindings.c
inline
checking for size_t... COMPILING configs/elliptica/bindings/Functions/IsFunctionAliased.c
COMPILING Cactus/main/GroupsOnGH.c
Creating /home/pespino/Cactus/configs/elliptica/lib/libthorn_ML_ADMConstraints.a
COMPILING Carpet/TestLoopControl/src/TestLoopPointwise.cc
COMPILING Carpet/TestLoopControl/src/TestLoopC.c
COMPILING Cactus/main/InitialiseCactus.c
COMPILING EinsteinExact/Minkowski/src/Minkowski_initial.cc
COMPILING Carpet/TestLoopControl/src/TestLoopFortran.F90
COMPILING Cactus/main/InitialiseDataStructures.c
Creating /home/pespino/Cactus/configs/elliptica/lib/libthorn_PUGHReduce.a
COMPILING McLachlan/ML_ADMQuantities/src/RegisterSymmetries.cc
COMPILING EinsteinExact/Minkowski/src/ParamCheck.cc
COMPILING EinsteinExact/Minkowski/src/RegisterMoL.cc
COMPILING EinsteinExact/Minkowski/src/RegisterSymmetries.cc
COMPILING EinsteinExact/Minkowski/src/Startup.cc
Checking status of thorn CarpetMask
COMPILING EinsteinAnalysis/AHFinderDirect/src/driver/setup.cc
COMPILING configs/elliptica/bindings/Functions/RegisterThornFunctions.c
COMPILING EinsteinAnalysis/AHFinderDirect/src/sparse-matrix/umfpack/umf_analyze.c
COMPILING SpritzCode/Spritz_SetBeta/src/check_parameters.cc
COMPILING configs/elliptica/bindings/build/WeylScal4/cctk_ThornBindings.c
COMPILING SpritzCode/Spritz_SetBeta/src/SetBetaEquilibrium.cc
COMPILING SpritzCode/Spritz_SetBeta/src/SetPressure.cc
COMPILING Cactus/piraha/ILiteral.cc
COMPILING configs/elliptica/bindings/Functions/ADMAnalysis_Functions.c
COMPILING Cactus/piraha/Literal.cc
COMPILING McLachlan/ML_ADMQuantities/src/Startup.cc
COMPILING Cactus/piraha/Lookup.cc
COMPILING Cactus/piraha/Matcher.cc
COMPILING EinsteinAnalysis/AHFinderDirect/src/sparse-matrix/umfpack/umf_apply_order.c
COMPILING Cactus/main/MainUtils.c
COMPILING PITTNullCode/NullSHRExtract/src/NullSHRE_AnaSchMetricRecon.F90
COMPILING EinsteinExact/ModifiedSchwarzschildBL/src/Kranc.cc
COMPILING PITTNullCode/NullSHRExtract/src/NullSHRE_modGFdef.F90
COMPILING EinsteinExact/ModifiedSchwarzschildBL/src/ModifiedSchwarzschildBL_always.cc
COMPILING EinsteinExact/ModifiedSchwarzschildBL/src/ModifiedSchwarzschildBL_exact.cc
COMPILING PITTNullCode/NullSHRExtract/src/NullSHRE_FullMetricRecon.F90
COMPILING Cactus/piraha/Multi.cc
COMPILING Cactus/main/Names.c
COMPILING Cactus/main/OverloadMain.c
Creating /home/pespino/Cactus/configs/elliptica/lib/libthorn_Slab.a
COMPILING Cactus/piraha/Or.cc
COMPILING PITTNullCode/NullSHRExtract/src/NullSHRE_MetricReconPast.F90
COMPILING EinsteinExact/ModifiedSchwarzschildBL/src/ModifiedSchwarzschildBL_initial.cc
COMPILING configs/elliptica/bindings/Functions/ADMBase_Functions.c
COMPILING McLachlan/ML_CCZ4/src/Boundaries.cc
yes
checking whether time.h and sys/time.h may both be included... Checking status of thorn GaugeWave
COMPILING PITTNullCode/NullSHRExtract/src/NullSHRE_ErrorSch.F90
COMPILING EinsteinAnalysis/AHFinderDirect/src/sparse-matrix/umfpack/umf_assemble.c
COMPILING EinsteinAnalysis/AHFinderDirect/src/sparse-matrix/umfpack/umf_blas3_update.c
COMPILING EinsteinAnalysis/AHFinderDirect/src/sparse-matrix/umfpack/umf_build_tuples.c
COMPILING Cactus/main/Parameters.c
COMPILING PITTNullCode/NullSHRExtract/src/NullSHRE_PreCalcNSYlm.F90
yes
checking for long double... COMPILING configs/elliptica/bindings/Functions/ADMDerivatives_Functions.c
COMPILING Cactus/main/ProcessCommandLine.c
COMPILING PITTNullCode/NullSHRExtract/src/NullSHRE_modSchClm.F90
COMPILING EinsteinExact/ModifiedSchwarzschildBL/src/ParamCheck.cc
COMPILING EinsteinExact/ModifiedSchwarzschildBL/src/RegisterMoL.cc
COMPILING EinsteinExact/ModifiedSchwarzschildBL/src/RegisterSymmetries.cc
COMPILING configs/elliptica/bindings/build/CarpetMask/cctk_ThornBindings.c
Creating /home/pespino/Cactus/configs/elliptica/lib/libthorn_TestLoopControl.a
COMPILING PITTNullCode/NullSHRExtract/src/NullSHRE_modsinSchClm.F90
COMPILING configs/elliptica/bindings/Functions/ADMMass_Functions.c
COMPILING EinsteinExact/Vaidya2/src/Boundaries.cc
COMPILING EinsteinAnalysis/AHFinderDirect/src/sparse-matrix/umfpack/umf_build_tuples_usage.c
COMPILING EinsteinAnalysis/AHFinderDirect/src/sparse-matrix/umfpack/umf_colamd.c
COMPILING EinsteinExact/Vaidya2/src/Kranc.cc
COMPILING EinsteinExact/Vaidya2/src/ParamCheck.cc
Creating /home/pespino/Cactus/configs/elliptica/lib/libthorn_Minkowski.a
COMPILING EinsteinAnalysis/AHFinderDirect/src/sparse-matrix/umfpack/umf_create_element.c
COMPILING PITTNullCode/NullSHRExtract/src/NullSHRE_modvibSchClm.F90
COMPILING configs/elliptica/bindings/Functions/AHFinder_Functions.c
COMPILING Cactus/main/ProcessEnvironment.c
COMPILING PITTNullCode/NullSHRExtract/src/NullSHRE_SchMetricRecon.F90
COMPILING Cactus/main/ProcessParameterDatabase.c
COMPILING EinsteinAnalysis/AHFinderDirect/src/sparse-matrix/umfpack/umf_dump.c
COMPILING EinsteinAnalysis/AHFinderDirect/src/driver/find_horizons.cc
COMPILING configs/elliptica/bindings/build/GaugeWave/cctk_ThornBindings.c
COMPILING Cactus/piraha/ReParse.cc
COMPILING EinsteinAnalysis/AHFinderDirect/src/sparse-matrix/umfpack/umf_extend_front.c
COMPILING EinsteinAnalysis/AHFinderDirect/src/sparse-matrix/umfpack/umf_free.c
Creating /home/pespino/Cactus/configs/elliptica/lib/libthorn_ML_ADMQuantities.a
COMPILING EinsteinAnalysis/AHFinderDirect/src/sparse-matrix/umfpack/umf_garbage_collection.c
COMPILING EinsteinAnalysis/AHFinderDirect/src/driver/initial_guess.cc
Creating /home/pespino/Cactus/configs/elliptica/lib/libthorn_Spritz_SetBeta.a
COMPILING configs/elliptica/bindings/build/CarpetLib/cctk_ThornBindings.c
COMPILING EinsteinAnalysis/AHFinderDirect/src/sparse-matrix/umfpack/umf_get_memory.c
COMPILING configs/elliptica/bindings/Functions/AHFinderDirect_Functions.c
COMPILING PITTNullCode/NullSHRExtract/src/NullSHRE_modSchYlm.F90
COMPILING EinsteinAnalysis/AHFinderDirect/src/sparse-matrix/umfpack/umf_init_front.c
COMPILING EinsteinAnalysis/AHFinderDirect/src/sparse-matrix/umfpack/umf_is_permutation.c
COMPILING configs/elliptica/bindings/Functions/Boundary_Functions.c
Checking status of thorn IOHDF5Util
COMPILING EinsteinExact/ModifiedSchwarzschildBL/src/Startup.cc
COMPILING PITTNullCode/NullSHRExtract/src/NullSHRE_WTSphHarm.F90
COMPILING Carpet/CarpetMask/src/mask_excluded.cc
COMPILING EinsteinExact/Vaidya2/src/RegisterMoL.cc
COMPILING PITTNullCode/NullSHRExtract/src/wt_SphHarmDecomp.F90
COMPILING Cactus/piraha/Seq.cc
COMPILING EinsteinAnalysis/AHFinderDirect/src/sparse-matrix/umfpack/umf_kernel.c
COMPILING Cactus/main/RDWR.cc
Checking status of thorn IllinoisGRMHD
yes
checking for hrtime_t... COMPILING Cactus/main/ScheduleInterface.c
COMPILING Cactus/main/SetParams.c
COMPILING Cactus/main/ShutdownCactus.c
COMPILING McLachlan/ML_CCZ4/src/Kranc.cc
COMPILING McLachlan/ML_CCZ4/src/ML_CCZ4_ADMBaseBoundaryScalar.cc
COMPILING McLachlan/ML_CCZ4/src/ML_CCZ4_ADMBaseEverywhere.cc
COMPILING Carpet/CarpetMask/src/mask_surface.cc
COMPILING PITTNullCode/NullSHRExtract/src/NullSHRE_modVars.F90
COMPILING EinsteinExact/Vaidya2/src/RegisterSymmetries.cc
COMPILING Cactus/main/Subsystems.c
COMPILING PITTNullCode/NullSHRExtract/src/NullSHRE_modAnaCoord.F90
COMPILING McLachlan/ML_CCZ4/src/ML_CCZ4_ADMBaseInterior.cc
COMPILING PITTNullCode/NullSHRExtract/src/NullSHRE_mod4Metric.F90
COMPILING McLachlan/ML_CCZ4/src/ML_CCZ4_ConstraintsEverywhere.cc
no
checking size of int... COMPILING EinsteinAnalysis/AHFinderDirect/src/sparse-matrix/umfpack/umf_kernel_init.c
COMPILING McLachlan/ML_CCZ4/src/ML_CCZ4_ConstraintsInterior.cc
COMPILING configs/elliptica/bindings/Functions/CT_Analytic_Functions.c
COMPILING configs/elliptica/bindings/Functions/CT_MultiLevel_Functions.c
COMPILING PITTNullCode/NullSHRExtract/src/NullSHRE_modInverse.F90
COMPILING PITTNullCode/NullSHRExtract/src/NullSHRE_modNullDir.F90
COMPILING Cactus/main/Termination.c
COMPILING Cactus/main/Traverse.c
COMPILING configs/elliptica/bindings/build/IOHDF5Util/cctk_ThornBindings.c
COMPILING Cactus/main/WarnLevel.c
COMPILING PITTNullCode/NullSHRExtract/src/NullSHRE_modRadius.F90
COMPILING PITTNullCode/NullSHRExtract/src/NullSHRE_modEta.F90
COMPILING EinsteinAnalysis/AHFinderDirect/src/sparse-matrix/umfpack/umf_kernel_init_usage.c
COMPILING PITTNullCode/NullSHRExtract/src/NullSHRE_modBoundary.F90
COMPILING PITTNullCode/NullSHRExtract/src/NullSHRE_Pointing.F90
COMPILING configs/elliptica/bindings/Functions/CalcK_Functions.c
COMPILING configs/elliptica/bindings/Functions/Carpet_Functions.c
COMPILING configs/elliptica/bindings/Functions/CarpetEvolutionMask_Functions.c
COMPILING PITTNullCode/NullSHRExtract/src/NullSHRE_SchReadClm.F90
COMPILING PITTNullCode/NullSHRExtract/src/NullSHRE_SchPreCalc.F90
Checking status of thorn Periodic
COMPILING EinsteinAnalysis/AHFinderDirect/src/sparse-matrix/umfpack/umf_kernel_wrapup.c
COMPILING EinsteinExact/Vaidya2/src/Startup.cc
COMPILING EinsteinAnalysis/AHFinderDirect/src/driver/Newton.cc
COMPILING PITTNullCode/NullSHRExtract/src/NullSHRE_ExtractWT.F90
COMPILING EinsteinAnalysis/WeylScal4/src/Boundaries.cc
COMPILING PITTNullCode/NullSHRExtract/src/NullSHRE_InitialWT.F90
COMPILING EinsteinAnalysis/AHFinderDirect/src/driver/io.cc
COMPILING EinsteinAnalysis/WeylScal4/src/Kranc.cc
4
COMPILING EinsteinAnalysis/AHFinderDirect/src/driver/misc-driver.cc
checking size of unsigned int... COMPILING EinsteinAnalysis/WeylScal4/src/RegisterMoL.cc
COMPILING EinsteinExact/Vaidya2/src/Vaidya2_always.cc
COMPILING EinsteinExact/Vaidya2/src/Vaidya2_exact.cc
COMPILING EinsteinExact/Vaidya2/src/Vaidya2_initial.cc
Checking status of thorn RotatingSymmetry180
COMPILING CactusPUGHIO/IOHDF5Util/src/Startup.c
COMPILING CactusPUGHIO/IOHDF5Util/src/DumpUtils.c
COMPILING CactusPUGHIO/IOHDF5Util/src/DumpVar.c
COMPILING configs/elliptica/bindings/Functions/CarpetIOASCII_Functions.c
COMPILING CactusPUGHIO/IOHDF5Util/src/RecoverVar.c
COMPILING EinsteinAnalysis/WeylScal4/src/RegisterSymmetries.cc
Creating /home/pespino/Cactus/configs/elliptica/lib/libthorn_NullSHRExtract.a
COMPILING EinsteinAnalysis/AHFinderDirect/src/driver/BH_diagnostics.cc
Creating /home/pespino/Cactus/configs/elliptica/lib/libthorn_ModifiedSchwarzschildBL.a
COMPILING EinsteinAnalysis/AHFinderDirect/src/sparse-matrix/umfpack/umf_local_search.c
COMPILING EinsteinAnalysis/AHFinderDirect/src/sparse-matrix/umfpack/umf_lsolve.c
COMPILING Cactus/piraha/Start.cc
COMPILING EinsteinAnalysis/AHFinderDirect/src/sparse-matrix/umfpack/umf_ltsolve.c
4
Checking status of thorn RotatingSymmetry90
checking size of long... COMPILING McLachlan/ML_CCZ4/src/ML_CCZ4_EnforceEverywhere.cc
COMPILING EinsteinAnalysis/WeylScal4/src/Startup.cc
COMPILING CactusNumerical/Periodic/src/periodic.c
COMPILING configs/elliptica/bindings/Functions/CarpetIOBasic_Functions.c
COMPILING EinsteinAnalysis/WeylScal4/src/WeylScal4_invars_calc_2nd.cc
COMPILING McLachlan/ML_CCZ4/src/ML_CCZ4_EvolutionAnalysisInit.cc
COMPILING EinsteinAnalysis/AHFinderDirect/src/sparse-matrix/umfpack/umf_malloc.c
COMPILING EinsteinAnalysis/AHFinderDirect/src/driver/horizon_sequence.cc
Creating /home/pespino/Cactus/configs/elliptica/lib/libthorn_CarpetMask.a
COMPILING EinsteinAnalysis/AHFinderDirect/src/driver/mask.cc
Creating /home/pespino/Cactus/configs/elliptica/lib/libthorn_IOHDF5Util.a
COMPILING EinsteinAnalysis/AHFinderDirect/src/driver/announce.cc
COMPILING EinsteinAnalysis/AHFinderDirect/src/driver/aliased_functions.cc
COMPILING Cactus/piraha/Call.cc
COMPILING configs/elliptica/bindings/build/Periodic/cctk_ThornBindings.c
COMPILING EinsteinAnalysis/AHFinderDirect/src/sparse-matrix/umfpack/umf_mem_alloc_element.c
COMPILING configs/elliptica/bindings/Functions/CarpetIOHDF5_Functions.c
COMPILING EinsteinAnalysis/AHFinderDirect/src/sparse-matrix/umfpack/umf_mem_alloc_head_block.c
COMPILING EinsteinAnalysis/AHFinderDirect/src/sparse-matrix/umfpack/umf_mem_alloc_tail_block.c
Checking status of thorn IOHDF5
8
checking size of unsigned long... COMPILING EinsteinAnalysis/AHFinderDirect/src/sparse-matrix/umfpack/umf_mem_free_tail_block.c
Creating /home/pespino/Cactus/configs/elliptica/lib/libthorn_Periodic.a
COMPILING McLachlan/ML_CCZ4/src/ML_CCZ4_EvolutionAnalysisInterior.cc
COMPILING configs/elliptica/bindings/build/RotatingSymmetry90/cctk_ThornBindings.c
COMPILING McLachlan/ML_CCZ4/src/ML_CCZ4_EvolutionBoundaryScalar.cc
COMPILING EinsteinAnalysis/WeylScal4/src/WeylScal4_invars_calc_4th.cc
COMPILING McLachlan/ML_CCZ4/src/ML_CCZ4_EvolutionInterior.cc
COMPILING McLachlan/ML_CCZ4/src/ML_CCZ4_EvolutionInteriorSplitBy1.cc
COMPILING EinsteinAnalysis/WeylScal4/src/WeylScal4_invars_calc_Nth.cc
COMPILING McLachlan/ML_CCZ4/src/ML_CCZ4_EvolutionInteriorSplitBy2.cc
COMPILING CactusNumerical/RotatingSymmetry180/src/interpolate.c
COMPILING McLachlan/ML_CCZ4/src/ML_CCZ4_EvolutionInteriorSplitBy3.cc
COMPILING McLachlan/ML_CCZ4/src/ML_CCZ4_InitialADMBase1Everywhere.cc
COMPILING Cactus/piraha/smart_ptr.cc
COMPILING Cactus/piraha/Boundary.cc
COMPILING CactusNumerical/RotatingSymmetry90/src/interpolate.c
COMPILING configs/elliptica/bindings/Functions/CarpetIOScalar_Functions.c
COMPILING CactusNumerical/RotatingSymmetry180/src/rotatingsymmetry180.c
COMPILING CactusNumerical/RotatingSymmetry90/src/rotatingsymmetry90.c
COMPILING configs/elliptica/bindings/Functions/CarpetInterp_Functions.c
COMPILING CactusNumerical/RotatingSymmetry90/src/registersymmetry.c
COMPILING configs/elliptica/bindings/Functions/CarpetInterp2_Functions.c
Creating /home/pespino/Cactus/configs/elliptica/lib/libthorn_Vaidya2.a
COMPILING EinsteinAnalysis/AHFinderDirect/src/sparse-matrix/umfpack/umf_mem_init_memoryspace.c
COMPILING EinsteinAnalysis/WeylScal4/src/WeylScal4_psi4_calc_2nd.cc
COMPILING configs/elliptica/bindings/build/RotatingSymmetry180/cctk_ThornBindings.c
8
checking size of long long... /home/pespino/Cactus/arrangements/CactusNumerical/RotatingSymmetry180/src/interpolate.c: In function 'Rot180_SymmetryInterpolate':
/home/pespino/Cactus/arrangements/CactusNumerical/RotatingSymmetry180/src/interpolate.c:209:43: warning: passing argument 8 of 'SymmetryInterpolateFaces' from incompatible pointer type [-Wincompatible-pointer-types]
  209 |      N_interp_points, interp_coords_type, new_interp_coords,
      |                                           ^~~~~~~~~~~~~~~~~
      |                                           |
      |                                           void **
In file included from /home/pespino/Cactus/configs/elliptica/bindings/include/RotatingSymmetry180/cctk_Functions.h:23,
                 from /home/pespino/Cactus/src/include/cctk_core.h:171,
                 from /home/pespino/Cactus/configs/elliptica/bindings/include/RotatingSymmetry180/cctk.h:5,
                 from /home/pespino/Cactus/arrangements/CactusNumerical/RotatingSymmetry180/src/rotatingsymmetry180.h:4,
                 from /home/pespino/Cactus/arrangements/CactusNumerical/RotatingSymmetry180/src/interpolate.c:1:
/home/pespino/Cactus/configs/elliptica/bindings/include/RotatingSymmetry180_Prototypes.h:85:31: note: expected 'const void * const*' but argument is of type 'void **'
   85 |  const CCTK_POINTER_TO_CONST* interp_coords ,
      |  ~~~~~~~~~~~~~~~~~~~~~~~~~~~~~^~~~~~~~~~~~~
/home/pespino/Cactus/arrangements/CactusNumerical/RotatingSymmetry90/src/interpolate.c: In function 'Rot90_SymmetryInterpolate':
/home/pespino/Cactus/arrangements/CactusNumerical/RotatingSymmetry90/src/interpolate.c:510:43: warning: passing argument 8 of 'SymmetryInterpolateFaces' from incompatible pointer type [-Wincompatible-pointer-types]
  510 |      N_interp_points, interp_coords_type, new_interp_coords,
      |                                           ^~~~~~~~~~~~~~~~~
      |                                           |
      |                                           void **
In file included from /home/pespino/Cactus/configs/elliptica/bindings/include/RotatingSymmetry90/cctk_Functions.h:23,
                 from /home/pespino/Cactus/src/include/cctk_core.h:171,
                 from /home/pespino/Cactus/configs/elliptica/bindings/include/RotatingSymmetry90/cctk.h:5,
                 from /home/pespino/Cactus/arrangements/CactusNumerical/RotatingSymmetry90/src/interpolate.c:6:
/home/pespino/Cactus/configs/elliptica/bindings/include/RotatingSymmetry90_Prototypes.h:47:31: note: expected 'const void * const*' but argument is of type 'void **'
   47 |  const CCTK_POINTER_TO_CONST* interp_coords ,
      |  ~~~~~~~~~~~~~~~~~~~~~~~~~~~~~^~~~~~~~~~~~~
COMPILING configs/elliptica/bindings/Functions/CarpetLib_Functions.c
/home/pespino/Cactus/arrangements/CactusNumerical/RotatingSymmetry180/src/rotatingsymmetry180.c: In function 'BndRot180VI':
/home/pespino/Cactus/arrangements/CactusNumerical/RotatingSymmetry180/src/rotatingsymmetry180.c:533:29: warning: passing argument 5 of 'Slab_MultiTransfer_Apply' from incompatible pointer type [-Wincompatible-pointer-types]
  533 |            nvars, vartypes, varptrs, vartypes, varptrs);
      |                             ^~~~~~~
      |                             |
      |                             void * restrict* restrict
In file included from /home/pespino/Cactus/configs/elliptica/bindings/include/Slab.h:4,
                 from /home/pespino/Cactus/arrangements/CactusNumerical/RotatingSymmetry180/src/rotatingsymmetry180.c:8:
/home/pespino/Cactus/arrangements/CactusNumerical/Slab/src/slab.h:111:73: note: expected 'const void * const restrict* const restrict' but argument is of type 'void * restrict* restrict'
  111 |                              void const *restrict const *restrict const srcptrs,
      |                              ~~~~~~~~~~~~~~~~~~~~~~~~~~~~~~~~~~~~~~~~~~~^~~~~~~
/home/pespino/Cactus/arrangements/CactusNumerical/RotatingSymmetry180/src/rotatingsymmetry180.c:540:29: warning: passing argument 7 of 'Slab_MultiTransfer' from incompatible pointer type [-Wincompatible-pointer-types]
  540 |            nvars, vartypes, varptrs, vartypes, varptrs);
      |                             ^~~~~~~
      |                             |
      |                             void * restrict* restrict
In file included from /home/pespino/Cactus/configs/elliptica/bindings/include/Slab.h:4,
                 from /home/pespino/Cactus/arrangements/CactusNumerical/RotatingSymmetry180/src/rotatingsymmetry180.c:8:
/home/pespino/Cactus/arrangements/CactusNumerical/Slab/src/slab.h:122:67: note: expected 'const void * const restrict* const restrict' but argument is of type 'void * restrict* restrict'
  122 |                        void const *restrict const *restrict const srcptrs,
      |                        ~~~~~~~~~~~~~~~~~~~~~~~~~~~~~~~~~~~~~~~~~~~^~~~~~~
/home/pespino/Cactus/arrangements/CactusNumerical/RotatingSymmetry90/src/rotatingsymmetry90.c: In function 'BndRot90VI':
/home/pespino/Cactus/arrangements/CactusNumerical/RotatingSymmetry90/src/rotatingsymmetry90.c:655:30: warning: passing argument 1 of 'free' discards 'restrict' qualifier from pointer target type [-Wdiscarded-qualifiers]
  655 |             free (slab_setups[s]);
      |                   ~~~~~~~~~~~^~~
In file included from /home/pespino/Cactus/arrangements/CactusNumerical/RotatingSymmetry90/src/rotatingsymmetry90.c:14:
/usr/include/stdlib.h:563:25: note: expected 'void *' but argument is of type 'struct slabsetup * restrict* restrict'
  563 | extern void free (void *__ptr) __THROW;
      |                   ~~~~~~^~~~~
/home/pespino/Cactus/arrangements/CactusNumerical/RotatingSymmetry90/src/rotatingsymmetry90.c:846:9: warning: passing argument 1 of 'free' discards 'restrict' qualifier from pointer target type [-Wdiscarded-qualifiers]
  846 |   free (varptrs);
      |         ^~~~~~~
In file included from /home/pespino/Cactus/arrangements/CactusNumerical/RotatingSymmetry90/src/rotatingsymmetry90.c:14:
/usr/include/stdlib.h:563:25: note: expected 'void *' but argument is of type 'void * restrict* restrict'
  563 | extern void free (void *__ptr) __THROW;
      |                   ~~~~~~^~~~~
/home/pespino/Cactus/arrangements/CactusNumerical/RotatingSymmetry90/src/rotatingsymmetry90.c:850:9: warning: passing argument 1 of 'free' discards 'restrict' qualifier from pointer target type [-Wdiscarded-qualifiers]
  850 |   free (srcptrs);
      |         ^~~~~~~
In file included from /home/pespino/Cactus/arrangements/CactusNumerical/RotatingSymmetry90/src/rotatingsymmetry90.c:14:
/usr/include/stdlib.h:563:25: note: expected 'void *' but argument is of type 'const void * restrict* restrict'
  563 | extern void free (void *__ptr) __THROW;
      |                   ~~~~~~^~~~~
COMPILING CactusNumerical/RotatingSymmetry180/src/registersymmetry.c
COMPILING configs/elliptica/bindings/Functions/CarpetRegrid_Functions.c
COMPILING configs/elliptica/bindings/Functions/CarpetReduce_Functions.c
COMPILING Cactus/piraha/NegLookAhead.cc
COMPILING EinsteinExact/ShiftedGaugeWave/src/Boundaries.cc
Creating /home/pespino/Cactus/configs/elliptica/lib/libthorn_RotatingSymmetry90.a
COMPILING EinsteinExact/ShiftedGaugeWave/src/Kranc.cc
COMPILING configs/elliptica/bindings/Functions/CarpetRegrid2_Functions.c
COMPILING EinsteinAnalysis/WeylScal4/src/WeylScal4_psi4_calc_4th.cc
COMPILING McLachlan/ML_BSSN/src/Boundaries.cc
COMPILING configs/elliptica/bindings/Functions/CarpetSlab_Functions.c
COMPILING McLachlan/ML_CCZ4/src/ML_CCZ4_InitialADMBase2BoundaryScalar.cc
COMPILING McLachlan/ML_CCZ4/src/ML_CCZ4_InitialADMBase2Interior.cc
COMPILING McLachlan/ML_CCZ4/src/RegisterMoL.cc
COMPILING EinsteinAnalysis/AHFinderDirect/src/sparse-matrix/umfpack/umf_order_front_tree.c
COMPILING McLachlan/ML_WaveToy/src/Boundaries.cc
COMPILING EinsteinAnalysis/AHFinderDirect/src/sparse-matrix/umfpack/umf_realloc.c
COMPILING McLachlan/ML_CCZ4/src/RegisterSymmetries.cc
COMPILING EinsteinAnalysis/AHFinderDirect/src/sparse-matrix/umfpack/umf_row_search.c
COMPILING McLachlan/ML_WaveToy/src/Kranc.cc
COMPILING McLachlan/ML_WaveToy/src/RegisterMoL.cc
COMPILING McLachlan/ML_WaveToy/src/RegisterSymmetries.cc
COMPILING McLachlan/ML_CCZ4/src/Startup.cc
Creating /home/pespino/Cactus/configs/elliptica/lib/libthorn_RotatingSymmetry180.a
COMPILING EinsteinExact/ShiftedGaugeWave/src/ParamCheck.cc
8
COMPILING configs/elliptica/bindings/Functions/CarpetTracker_Functions.c
checking size of unsigned long long... COMPILING McLachlan/ML_WaveToy/src/Startup.cc
COMPILING configs/elliptica/bindings/Functions/CartGrid3D_Functions.c
COMPILING McLachlan/ML_WaveToy/src/WT_Dirichlet.cc
COMPILING configs/elliptica/bindings/Functions/Cartoon2D_Functions.c
COMPILING McLachlan/ML_WaveToy/src/WT_EnergyBoundary.cc
COMPILING configs/elliptica/bindings/Functions/ConservativeToPrimitive_Functions.c
COMPILING configs/elliptica/bindings/Functions/CoordBase_Functions.c
COMPILING CactusPUGHIO/IOHDF5/src/Startup.c
COMPILING McLachlan/ML_WaveToy/src/WT_Energy.cc
COMPILING configs/elliptica/bindings/Functions/Coordinates_Functions.c
COMPILING EinsteinExact/ShiftedGaugeWave/src/RegisterMoL.cc
COMPILING McLachlan/ML_BSSN/src/Kranc.cc
COMPILING EinsteinAnalysis/WeylScal4/src/WeylScal4_psi4_calc_Nth.cc
COMPILING McLachlan/ML_BSSN/src/ML_BSSN_ADMBaseBoundaryScalar.cc
COMPILING McLachlan/ML_BSSN/src/ML_BSSN_ADMBaseInterior.cc
COMPILING McLachlan/ML_BSSN/src/ML_BSSN_ADMBaseEverywhere.cc
COMPILING McLachlan/ML_BSSN/src/ML_BSSN_ConstraintsEverywhere.cc
COMPILING McLachlan/ML_BSSN/src/ML_BSSN_ConstraintsInterior.cc
COMPILING EinsteinAnalysis/AHFinderDirect/src/sparse-matrix/umfpack/umf_scale_column.c
COMPILING McLachlan/ML_BSSN/src/ML_BSSN_EnforceEverywhere.cc
COMPILING configs/elliptica/bindings/build/IllinoisGRMHD/cctk_ThornBindings.c
COMPILING CTThorns/CT_Analytic/src/Boundaries.cc
COMPILING EinsteinExact/ShiftedGaugeWave/src/RegisterSymmetries.cc
COMPILING EinsteinExact/ShiftedGaugeWave/src/ShiftedGaugeWave_always.cc
COMPILING EinsteinAnalysis/WeylScal4/src/WeylScal4_psis_calc_2nd.cc
COMPILING configs/elliptica/bindings/Functions/CoordinatesSymmetry_Functions.c
8
checking size of size_t... COMPILING EinsteinExact/GaugeWave/src/Boundaries.cc
COMPILING EinsteinExact/GaugeWave/src/GaugeWave_always.cc
COMPILING EinsteinExact/GaugeWave/src/GaugeWave_exact.cc
COMPILING CactusPUGHIO/IOHDF5/src/Output.c
COMPILING EinsteinAnalysis/AHFinderDirect/src/sparse-matrix/umfpack/umf_set_stats.c
COMPILING EinsteinAnalysis/AHFinderDirect/src/sparse-matrix/umfpack/umf_solve.c
COMPILING EinsteinAnalysis/AHFinderDirect/src/sparse-matrix/umfpack/umf_symbolic_usage.c
COMPILING EinsteinExact/ShiftedGaugeWave/src/ShiftedGaugeWave_exact.cc
COMPILING configs/elliptica/bindings/Functions/Dissipation_Functions.c
COMPILING EinsteinAnalysis/WeylScal4/src/WeylScal4_psis_calc_4th.cc
COMPILING EinsteinAnalysis/WeylScal4/src/WeylScal4_psis_calc_Nth.cc
Creating /home/pespino/Cactus/configs/elliptica/lib/libthorn_Cactus.a
COMPILING EinsteinExact/ShiftedGaugeWave/src/ShiftedGaugeWave_initial.cc
COMPILING EinsteinExact/GaugeWave/src/GaugeWave_initial.cc
8
checking size of ptrdiff_t... COMPILING EinsteinExact/GaugeWave/src/Kranc.cc
COMPILING McLachlan/ML_WaveToy/src/WT_Gaussian.cc
COMPILING EinsteinExact/GaugeWave/src/ParamCheck.cc
COMPILING EinsteinExact/ShiftedGaugeWave/src/Startup.cc
COMPILING McLachlan/ML_WaveToy/src/WT_RHS.cc
COMPILING McLachlan/ML_WaveToy/src/WT_Standing.cc
COMPILING configs/elliptica/bindings/Functions/EHFinder_Functions.c
COMPILING CactusPUGHIO/IOHDF5/src/Write.c
COMPILING EinsteinExact/GaugeWave/src/RegisterMoL.cc
COMPILING EinsteinExact/GaugeWave/src/RegisterSymmetries.cc
COMPILING configs/elliptica/bindings/Functions/Elliptica_BHNS_Functions.c
COMPILING EinsteinAnalysis/AHFinderDirect/src/sparse-matrix/umfpack/umf_transpose.c
COMPILING EinsteinExact/GaugeWave/src/Startup.cc
COMPILING configs/elliptica/bindings/Functions/Exact_Functions.c
COMPILING configs/elliptica/bindings/Functions/GaugeWave_Functions.c
COMPILING EinsteinAnalysis/AHFinderDirect/src/sparse-matrix/umfpack/umf_tuple_lengths.c
COMPILING EinsteinAnalysis/AHFinderDirect/src/sparse-matrix/umfpack/umf_usolve.c
COMPILING EinsteinAnalysis/AHFinderDirect/src/sparse-matrix/umfpack/umf_utsolve.c
COMPILING EinsteinAnalysis/AHFinderDirect/src/sparse-matrix/umfpack/umf_valid_numeric.c
COMPILING UAThorns/IllinoisGRMHD/src/InitSymBound.C
COMPILING UAThorns/IllinoisGRMHD/src/MoL_registration.C
COMPILING UAThorns/IllinoisGRMHD/src/postpostinitial__set_symmetries__copy_timelevels.C
COMPILING UAThorns/IllinoisGRMHD/src/convert_ADM_to_BSSN__enforce_detgtij_eq_1__and_compute_gtupij.C
COMPILING UAThorns/IllinoisGRMHD/src/driver_evaluate_MHD_rhs.C
COMPILING McLachlan/ML_BSSN/src/ML_BSSN_EvolutionAnalysisInit.cc
8
COMPILING configs/elliptica/bindings/Functions/GenericFD_Functions.c
checking for uintptr_t... COMPILING configs/elliptica/bindings/Functions/GlobalDerivative_Functions.c
COMPILING configs/elliptica/bindings/Functions/HTTPD_Functions.c
COMPILING configs/elliptica/bindings/Functions/IDAxiBrillBH_Functions.c
COMPILING UAThorns/IllinoisGRMHD/src/compute_B_and_Bstagger_from_A.C
COMPILING CactusPUGHIO/IOHDF5/src/DumpGH.c
COMPILING UAThorns/IllinoisGRMHD/src/driver_conserv_to_prims.C
COMPILING CactusPUGHIO/IOHDF5/src/RecoverGH.c
COMPILING CTThorns/CT_Analytic/src/CT_Analytic_BY_Calc.cc
COMPILING EinsteinAnalysis/AHFinderDirect/src/sparse-matrix/umfpack/umf_valid_symbolic.c
COMPILING UAThorns/IllinoisGRMHD/src/outer_boundaries.C
COMPILING EinsteinAnalysis/AHFinderDirect/src/sparse-matrix/umfpack/umfpack_defaults.c
COMPILING UAThorns/IllinoisGRMHD/src/symmetry__set_gzs_staggered_gfs.C
COMPILING CTThorns/CT_Analytic/src/CT_Analytic_ExactBoundary.cc
COMPILING configs/elliptica/bindings/Functions/ID_converter_ILGRMHD_Functions.c
COMPILING CTThorns/CT_Analytic/src/CT_Analytic_ExpandingLattice_Calc.cc
COMPILING CTThorns/CT_Analytic/src/CT_Analytic_Exact_Calc.cc
COMPILING CTThorns/CT_Analytic/src/CT_Analytic_LumpBoundary.cc
COMPILING CTThorns/CT_Analytic/src/CT_Analytic_Lump_Calc.cc
COMPILING configs/elliptica/bindings/Functions/IOASCII_Functions.c
COMPILING configs/elliptica/bindings/Functions/IOBasic_Functions.c
COMPILING CTThorns/CT_Analytic/src/CT_Analytic_Poisson_Calc.cc
COMPILING configs/elliptica/bindings/Functions/IOHDF5_Functions.c
COMPILING CTThorns/CT_Analytic/src/Kranc.cc
COMPILING EinsteinAnalysis/AHFinderDirect/src/sparse-matrix/umfpack/umfpack_free_numeric.c
COMPILING EinsteinAnalysis/AHFinderDirect/src/sparse-matrix/umfpack/umfpack_free_symbolic.c
COMPILING CTThorns/CT_Analytic/src/RegisterMoL.cc
COMPILING CTThorns/CT_Analytic/src/RegisterSymmetries.cc
COMPILING CTThorns/CT_Analytic/src/Startup.cc
COMPILING McLachlan/ML_BSSN/src/ML_BSSN_EvolutionAnalysisInterior.cc
COMPILING McLachlan/ML_BSSN/src/ML_BSSN_EvolutionBoundaryScalar.cc
COMPILING configs/elliptica/bindings/Functions/IOHDF5Util_Functions.c
COMPILING McLachlan/ML_BSSN/src/ML_BSSN_EvolutionInterior.cc
COMPILING McLachlan/ML_BSSN/src/ML_BSSN_EvolutionInteriorSplitBy1.cc
COMPILING McLachlan/ML_BSSN/src/ML_BSSN_EvolutionInteriorSplitBy2.cc
COMPILING configs/elliptica/bindings/Functions/IOUtil_Functions.c
Creating /home/pespino/Cactus/configs/elliptica/lib/libthorn_ShiftedGaugeWave.a
COMPILING McLachlan/ML_BSSN/src/ML_BSSN_EvolutionInteriorSplitBy3.cc
COMPILING McLachlan/ML_BSSN/src/ML_BSSN_InitialADMBase2BoundaryScalar.cc
COMPILING McLachlan/ML_BSSN/src/ML_BSSN_InitialADMBase1Everywhere.cc
yes
COMPILING McLachlan/ML_BSSN/src/ML_BSSN_InitialADMBase2Interior.cc
COMPILING configs/elliptica/bindings/build/IOHDF5/cctk_ThornBindings.c
checking size of float... Creating /home/pespino/Cactus/configs/elliptica/lib/libthorn_GaugeWave.a
COMPILING EinsteinAnalysis/AHFinderDirect/src/sparse-matrix/umfpack/umfpack_get_lunz.c
COMPILING EinsteinAnalysis/AHFinderDirect/src/sparse-matrix/umfpack/umfpack_get_numeric.c
COMPILING McLachlan/ML_BSSN/src/RegisterMoL.cc
COMPILING McLachlan/ML_BSSN/src/RegisterSymmetries.cc
COMPILING McLachlan/ML_BSSN/src/Startup.cc
Creating /home/pespino/Cactus/configs/elliptica/lib/libthorn_IOHDF5.a
COMPILING configs/elliptica/bindings/Functions/IllinoisGRMHD_Functions.c
COMPILING configs/elliptica/bindings/Functions/InterpToArray_Functions.c
COMPILING configs/elliptica/bindings/Functions/Interpolate2_Functions.c
COMPILING configs/elliptica/bindings/Functions/KerrSchild_Functions.c
Creating /home/pespino/Cactus/configs/elliptica/lib/libthorn_ML_CCZ4.a
COMPILING configs/elliptica/bindings/Functions/LeanBSSNMoL_Functions.c
COMPILING configs/elliptica/bindings/Functions/LlamaWaveToy_Functions.c
COMPILING EinsteinAnalysis/AHFinderDirect/src/sparse-matrix/umfpack/umfpack_get_symbolic.c
COMPILING configs/elliptica/bindings/Functions/LoopControl_Functions.c
4
checking size of double... COMPILING EinsteinAnalysis/AHFinderDirect/src/sparse-matrix/umfpack/umfpack_numeric.c
Creating /home/pespino/Cactus/configs/elliptica/lib/libthorn_ML_WaveToy.a
COMPILING EinsteinAnalysis/AHFinderDirect/src/sparse-matrix/umfpack/umfpack_qsymbolic.c
COMPILING EinsteinAnalysis/AHFinderDirect/src/sparse-matrix/umfpack/umfpack_solve.c
COMPILING configs/elliptica/bindings/Functions/ML_ADMQuantities_Functions.c
COMPILING configs/elliptica/bindings/Functions/ML_ADMConstraints_Functions.c
Creating /home/pespino/Cactus/configs/elliptica/lib/libthorn_IllinoisGRMHD.a
COMPILING configs/elliptica/bindings/Functions/ML_BSSN_Functions.c
COMPILING EinsteinAnalysis/AHFinderDirect/src/sparse-matrix/umfpack/umfpack_symbolic.c
COMPILING configs/elliptica/bindings/Functions/ML_BSSN_Helper_Functions.c
COMPILING configs/elliptica/bindings/Functions/ML_CCZ4_Functions.c
COMPILING EinsteinAnalysis/AHFinderDirect/src/sparse-matrix/umfpack/umfpack_timer.c
COMPILING configs/elliptica/bindings/Functions/ML_CCZ4_Helper_Functions.c
Creating /home/pespino/Cactus/configs/elliptica/lib/libthorn_WeylScal4.a
COMPILING EinsteinAnalysis/AHFinderDirect/src/sparse-matrix/umfpack/umfpack_transpose.c
COMPILING EinsteinAnalysis/AHFinderDirect/src/sparse-matrix/umfpack/wrap_umf_ltsolve.c
COMPILING EinsteinAnalysis/AHFinderDirect/src/sparse-matrix/umfpack/wrap_umfpack_wsolve.c
COMPILING EinsteinAnalysis/AHFinderDirect/src/sparse-matrix/umfpack/wrap_umf_utsolve.c
COMPILING configs/elliptica/bindings/Functions/ML_WaveToy_Functions.c
COMPILING configs/elliptica/bindings/Functions/MemSpeed_Functions.c
COMPILING configs/elliptica/bindings/Functions/Meudon_Bin_BH_Functions.c
COMPILING configs/elliptica/bindings/Functions/Meudon_Bin_NS_Functions.c
COMPILING configs/elliptica/bindings/Functions/Minkowski_Functions.c
COMPILING configs/elliptica/bindings/Functions/MoL_Functions.c
Creating /home/pespino/Cactus/configs/elliptica/lib/libthorn_CT_Analytic.a
COMPILING configs/elliptica/bindings/Functions/ModifiedSchwarzschildBL_Functions.c
8
checking size of fftw_r2r_kind... COMPILING configs/elliptica/bindings/Functions/Multipole_Functions.c
COMPILING configs/elliptica/bindings/Functions/NPScalars_Functions.c
COMPILING configs/elliptica/bindings/Functions/NPScalars_Proca_Functions.c
COMPILING configs/elliptica/bindings/Functions/NaNChecker_Functions.c
COMPILING configs/elliptica/bindings/Functions/NewRad_Functions.c
COMPILING configs/elliptica/bindings/Functions/NoExcision_Functions.c
COMPILING configs/elliptica/bindings/Functions/NullConstr_Functions.c
COMPILING configs/elliptica/bindings/Functions/NullEvolve_Functions.c
COMPILING configs/elliptica/bindings/Functions/NullExact_Functions.c
COMPILING configs/elliptica/bindings/Functions/NullNews_Functions.c
COMPILING configs/elliptica/bindings/Functions/NullPsiInt_Functions.c
COMPILING configs/elliptica/bindings/Functions/NullSHRExtract_Functions.c
Creating /home/pespino/Cactus/configs/elliptica/lib/libthorn_AHFinderDirect.a
COMPILING configs/elliptica/bindings/Functions/Outflow_Functions.c
COMPILING configs/elliptica/bindings/Functions/PUGHInterp_Functions.c
COMPILING configs/elliptica/bindings/Functions/PUGHSlab_Functions.c
COMPILING configs/elliptica/bindings/Functions/Periodic_Functions.c
COMPILING configs/elliptica/bindings/Variables/BindingsVariables.c
COMPILING configs/elliptica/bindings/Functions/PeriodicCarpet_Functions.c
COMPILING configs/elliptica/bindings/Variables/ADMAnalysis.c
COMPILING configs/elliptica/bindings/Functions/Poisson_Functions.c
COMPILING configs/elliptica/bindings/Variables/ADMBase.c
COMPILING configs/elliptica/bindings/Variables/ADMCoupling.c
COMPILING configs/elliptica/bindings/Functions/ProcaEvolve_Functions.c
4
COMPILING configs/elliptica/bindings/Variables/ADMDerivatives.c
checking for working alloca.h... COMPILING configs/elliptica/bindings/Functions/PunctureTracker_Functions.c
COMPILING configs/elliptica/bindings/Functions/QuasiLocalMeasures_Functions.c
COMPILING configs/elliptica/bindings/Functions/ReflectionSymmetry_Functions.c
COMPILING configs/elliptica/bindings/Functions/ReadInterpolate_Functions.c
COMPILING configs/elliptica/bindings/Functions/RotatingSymmetry180_Functions.c
COMPILING configs/elliptica/bindings/Functions/RotatingSymmetry90_Functions.c
COMPILING configs/elliptica/bindings/Functions/SampleBoundary_Functions.c
COMPILING configs/elliptica/bindings/Functions/SampleIO_Functions.c
COMPILING configs/elliptica/bindings/Functions/SetMask_SphericalSurface_Functions.c
COMPILING configs/elliptica/bindings/Functions/ShiftedGaugeWave_Functions.c
COMPILING configs/elliptica/bindings/Functions/Slab_Functions.c
COMPILING configs/elliptica/bindings/Functions/SphericalHarmonicDecomp_Functions.c
COMPILING configs/elliptica/bindings/Functions/Spritz_Functions.c
COMPILING configs/elliptica/bindings/Functions/SphericalHarmonicRecon_Functions.c
COMPILING configs/elliptica/bindings/Functions/SphericalHarmonicReconGen_Functions.c
COMPILING configs/elliptica/bindings/Functions/SphericalSurface_Functions.c
COMPILING configs/elliptica/bindings/Functions/Spritz_InitData_Functions.c
yes
checking for alloca... COMPILING configs/elliptica/bindings/Variables/ADMMacros.c
COMPILING configs/elliptica/bindings/Functions/Spritz_SetBeta_Functions.c
COMPILING configs/elliptica/bindings/Functions/StaticConformal_Functions.c
COMPILING configs/elliptica/bindings/Variables/ADMMass.c
COMPILING configs/elliptica/bindings/Variables/AEILocalInterp.c
COMPILING configs/elliptica/bindings/Variables/AHFinder.c
COMPILING configs/elliptica/bindings/Functions/SummationByParts_Functions.c
COMPILING configs/elliptica/bindings/Variables/AHFinderDirect.c
COMPILING configs/elliptica/bindings/Functions/SymBase_Functions.c
COMPILING configs/elliptica/bindings/Variables/Boundary.c
COMPILING configs/elliptica/bindings/Variables/CT_Analytic.c
COMPILING configs/elliptica/bindings/Variables/CT_MultiLevel.c
yes
checking for working strtod... COMPILING configs/elliptica/bindings/Variables/Cactus.c
COMPILING configs/elliptica/bindings/Functions/SystemTopology_Functions.c
COMPILING configs/elliptica/bindings/Schedule/ScheduleADMAnalysis.c
COMPILING configs/elliptica/bindings/Schedule/ScheduleADMBase.c
COMPILING configs/elliptica/bindings/Schedule/ScheduleADMCoupling.c
COMPILING configs/elliptica/bindings/Functions/TOVSolver_Functions.c
COMPILING configs/elliptica/bindings/Functions/TestLoop_Functions.c
COMPILING configs/elliptica/bindings/Functions/TestMoL_Functions.c
COMPILING configs/elliptica/bindings/Functions/TestLoopControl_Functions.c
COMPILING configs/elliptica/bindings/Schedule/ScheduleADMDerivatives.c
COMPILING configs/elliptica/bindings/Functions/TestReadWrite_Functions.c
COMPILING configs/elliptica/bindings/Variables/Carpet.c
COMPILING configs/elliptica/bindings/Functions/TimerReport_Functions.c
COMPILING configs/elliptica/bindings/Variables/CalcK.c
COMPILING configs/elliptica/bindings/Schedule/ScheduleADMMacros.c
COMPILING configs/elliptica/bindings/Schedule/ScheduleADMMass.c
COMPILING configs/elliptica/bindings/Functions/Timers_Functions.c
COMPILING configs/elliptica/bindings/Schedule/ScheduleAEILocalInterp.c
COMPILING configs/elliptica/bindings/Variables/CarpetEvolutionMask.c
COMPILING configs/elliptica/bindings/Functions/TwoPunctures_Functions.c
COMPILING configs/elliptica/bindings/Variables/CarpetIOASCII.c
COMPILING configs/elliptica/bindings/Functions/TwoPunctures_KerrProca_Functions.c
COMPILING configs/elliptica/bindings/Variables/CarpetIOHDF5.c
COMPILING configs/elliptica/bindings/Variables/CarpetIOBasic.c
COMPILING configs/elliptica/bindings/Variables/CarpetIOScalar.c
COMPILING configs/elliptica/bindings/Variables/CarpetIntegrateTest.c
COMPILING configs/elliptica/bindings/Variables/CarpetInterp.c
COMPILING configs/elliptica/bindings/Variables/CarpetInterp2.c
COMPILING configs/elliptica/bindings/Variables/CarpetLib.c
COMPILING configs/elliptica/bindings/Schedule/ScheduleAHFinder.c
COMPILING configs/elliptica/bindings/Schedule/ScheduleBoundary.c
COMPILING configs/elliptica/bindings/Schedule/ScheduleAHFinderDirect.c
COMPILING configs/elliptica/bindings/Schedule/ScheduleCT_Analytic.c
COMPILING configs/elliptica/bindings/Functions/UA_EOS_Omni_Functions.c
COMPILING configs/elliptica/bindings/Functions/WaveExtractL_Functions.c
COMPILING configs/elliptica/bindings/Schedule/ScheduleCT_MultiLevel.c
COMPILING configs/elliptica/bindings/Functions/Vaidya2_Functions.c
COMPILING configs/elliptica/bindings/Functions/WaveMoL_Functions.c
COMPILING configs/elliptica/bindings/Functions/WaveToy1DF77_Functions.c
COMPILING configs/elliptica/bindings/Functions/WaveToy2DF77_Functions.c
COMPILING configs/elliptica/bindings/Variables/CarpetMask.c
COMPILING configs/elliptica/bindings/Variables/CarpetProlongateTest.c
COMPILING configs/elliptica/bindings/Variables/CarpetReduce.c
COMPILING configs/elliptica/bindings/Functions/WaveToyC_Functions.c
yes
checking for vprintf... COMPILING configs/elliptica/bindings/Functions/WaveToyCXX_Functions.c
COMPILING configs/elliptica/bindings/Variables/CarpetRegrid.c
COMPILING configs/elliptica/bindings/Variables/CarpetRegridTest.c
COMPILING configs/elliptica/bindings/Variables/CarpetRegrid2.c
COMPILING configs/elliptica/bindings/Variables/CarpetSlab.c
COMPILING configs/elliptica/bindings/Variables/CarpetTracker.c
COMPILING configs/elliptica/bindings/Variables/CartGrid3D.c
COMPILING configs/elliptica/bindings/Variables/Cartoon2D.c
COMPILING configs/elliptica/bindings/Functions/WaveToyExtra_Functions.c
COMPILING configs/elliptica/bindings/Variables/ConservativeToPrimitive.c
COMPILING configs/elliptica/bindings/Schedule/ScheduleCactus.c
COMPILING configs/elliptica/bindings/Schedule/ScheduleCalcK.c
COMPILING configs/elliptica/bindings/Variables/Constants.c
COMPILING configs/elliptica/bindings/Variables/Convert_to_HydroBase.c
COMPILING configs/elliptica/bindings/Schedule/ScheduleCarpet.c
COMPILING configs/elliptica/bindings/Schedule/ScheduleCarpetEvolutionMask.c
COMPILING configs/elliptica/bindings/Variables/CookImporter.c
COMPILING configs/elliptica/bindings/Schedule/ScheduleCarpetIOASCII.c
COMPILING configs/elliptica/bindings/Functions/WaveToyF77_Functions.c
COMPILING configs/elliptica/bindings/Schedule/ScheduleCarpetIOBasic.c
COMPILING configs/elliptica/bindings/Schedule/ScheduleCarpetIOHDF5.c
COMPILING configs/elliptica/bindings/Functions/WaveToyF90_Functions.c
yes
COMPILING configs/elliptica/bindings/Schedule/ScheduleCarpetIOScalar.c
COMPILING configs/elliptica/bindings/Variables/CoordBase.c
checking for _doprnt... COMPILING configs/elliptica/bindings/Functions/WaveToyFreeF90_Functions.c
COMPILING configs/elliptica/bindings/Schedule/ScheduleCarpetIntegrateTest.c
COMPILING configs/elliptica/bindings/Variables/CoordGauge.c
COMPILING configs/elliptica/bindings/Functions/WeylScal4_Functions.c
COMPILING configs/elliptica/bindings/Variables/Coordinates.c
COMPILING configs/elliptica/bindings/Variables/CoordinatesSymmetry.c
COMPILING configs/elliptica/bindings/Schedule/ScheduleCarpetInterp.c
COMPILING configs/elliptica/bindings/Schedule/ScheduleCarpetInterp2.c
COMPILING configs/elliptica/bindings/Functions/ZelmaniLeak_Functions.c
COMPILING configs/elliptica/bindings/Variables/CycleClock.c
COMPILING configs/elliptica/bindings/Variables/DemoInterp.c
COMPILING configs/elliptica/bindings/Variables/Dissipation.c
COMPILING configs/elliptica/bindings/Variables/DistortedBHIVP.c
COMPILING configs/elliptica/bindings/Schedule/ScheduleCarpetLib.c
COMPILING configs/elliptica/bindings/Variables/EHFinder.c
COMPILING configs/elliptica/bindings/Variables/EIDR.c
COMPILING configs/elliptica/bindings/Variables/EOS_Base.c
COMPILING configs/elliptica/bindings/Variables/EOS_Hybrid.c
COMPILING configs/elliptica/bindings/Schedule/ScheduleCarpetMask.c
COMPILING configs/elliptica/bindings/Schedule/ScheduleCarpetProlongateTest.c
COMPILING configs/elliptica/bindings/Variables/EOS_IdealFluid.c
COMPILING configs/elliptica/bindings/Variables/EOS_Polytrope.c
COMPILING configs/elliptica/bindings/Schedule/ScheduleCarpetReduce.c
COMPILING configs/elliptica/bindings/Variables/EinsteinExact_Test.c
no
checking for sin in -lm... COMPILING configs/elliptica/bindings/Variables/EllBase.c
COMPILING configs/elliptica/bindings/Schedule/ScheduleCarpetRegrid.c
COMPILING configs/elliptica/bindings/Schedule/ScheduleCarpetRegrid2.c
COMPILING configs/elliptica/bindings/Variables/EllSOR.c
COMPILING configs/elliptica/bindings/Schedule/ScheduleCarpetRegridTest.c
COMPILING configs/elliptica/bindings/Schedule/ScheduleCarpetTracker.c
COMPILING configs/elliptica/bindings/Variables/Elliptica_BHNS.c
COMPILING configs/elliptica/bindings/Schedule/ScheduleCarpetSlab.c
COMPILING configs/elliptica/bindings/Schedule/ScheduleCartGrid3D.c
COMPILING configs/elliptica/bindings/Variables/Extract.c
COMPILING configs/elliptica/bindings/Schedule/ScheduleCartoon2D.c
COMPILING configs/elliptica/bindings/Schedule/ScheduleConservativeToPrimitive.c
COMPILING configs/elliptica/bindings/Variables/Exact.c
COMPILING configs/elliptica/bindings/Schedule/ScheduleConstants.c
COMPILING configs/elliptica/bindings/Variables/FFTW3.c
COMPILING configs/elliptica/bindings/Schedule/ScheduleConvert_to_HydroBase.c
COMPILING configs/elliptica/bindings/Schedule/ScheduleCookImporter.c
COMPILING configs/elliptica/bindings/Variables/FleshInfo.c
COMPILING configs/elliptica/bindings/Variables/Fortran.c
COMPILING configs/elliptica/bindings/Variables/GSL.c
COMPILING configs/elliptica/bindings/Variables/GaugeWave.c
COMPILING configs/elliptica/bindings/Schedule/ScheduleCoordBase.c
yes
COMPILING configs/elliptica/bindings/Schedule/ScheduleCoordGauge.c
COMPILING configs/elliptica/bindings/Variables/GlobalDerivative.c
COMPILING configs/elliptica/bindings/Variables/GenericFD.c
checking for BSDgettimeofday... COMPILING configs/elliptica/bindings/Variables/HDF5.c
COMPILING configs/elliptica/bindings/Variables/HTTPD.c
COMPILING configs/elliptica/bindings/Schedule/ScheduleCoordinates.c
COMPILING configs/elliptica/bindings/Variables/HTTPDExtra.c
COMPILING configs/elliptica/bindings/Variables/HelloWorld.c
COMPILING configs/elliptica/bindings/Schedule/ScheduleCoordinatesSymmetry.c
COMPILING configs/elliptica/bindings/Variables/HighOrderWaveTest.c
COMPILING configs/elliptica/bindings/Schedule/ScheduleCycleClock.c
COMPILING configs/elliptica/bindings/Variables/HydroBase.c
COMPILING configs/elliptica/bindings/Variables/Hydro_Analysis.c
COMPILING configs/elliptica/bindings/Schedule/ScheduleDemoInterp.c
COMPILING configs/elliptica/bindings/Schedule/ScheduleDissipation.c
COMPILING configs/elliptica/bindings/Schedule/ScheduleDistortedBHIVP.c
COMPILING configs/elliptica/bindings/Variables/Hydro_InitExcision.c
COMPILING configs/elliptica/bindings/Variables/Hydro_RNSID.c
COMPILING configs/elliptica/bindings/Schedule/ScheduleEHFinder.c
COMPILING configs/elliptica/bindings/Variables/IDAnalyticBH.c
COMPILING configs/elliptica/bindings/Schedule/ScheduleEIDR.c
COMPILING configs/elliptica/bindings/Variables/IDAxiBrillBH.c
COMPILING configs/elliptica/bindings/Variables/IDAxiOddBrillBH.c
COMPILING configs/elliptica/bindings/Schedule/ScheduleEOS_Base.c
COMPILING configs/elliptica/bindings/Schedule/ScheduleEOS_Hybrid.c
COMPILING configs/elliptica/bindings/Variables/IDBrillData.c
COMPILING configs/elliptica/bindings/Schedule/ScheduleEOS_IdealFluid.c
COMPILING configs/elliptica/bindings/Schedule/ScheduleEOS_Polytrope.c
Creating /home/pespino/Cactus/configs/elliptica/lib/libthorn_ML_BSSN.a
COMPILING configs/elliptica/bindings/Schedule/ScheduleEllBase.c
COMPILING configs/elliptica/bindings/Schedule/ScheduleEinsteinExact_Test.c
COMPILING configs/elliptica/bindings/Schedule/ScheduleElliptica_BHNS.c
COMPILING configs/elliptica/bindings/Schedule/ScheduleEllSOR.c
COMPILING configs/elliptica/bindings/Variables/IDConstraintViolate.c
COMPILING configs/elliptica/bindings/Schedule/ScheduleExtract.c
COMPILING configs/elliptica/bindings/Schedule/ScheduleExact.c
COMPILING configs/elliptica/bindings/Variables/IDLinearWaves.c
COMPILING configs/elliptica/bindings/Variables/IDFileADM.c
COMPILING configs/elliptica/bindings/Schedule/ScheduleFFTW3.c
COMPILING configs/elliptica/bindings/Variables/IDScalarWave.c
no
checking for gettimeofday... COMPILING configs/elliptica/bindings/Schedule/ScheduleFleshInfo.c
COMPILING configs/elliptica/bindings/Variables/IDScalarWaveC.c
COMPILING configs/elliptica/bindings/Variables/IDScalarWaveCXX.c
COMPILING configs/elliptica/bindings/Variables/IDScalarWaveElliptic.c
COMPILING configs/elliptica/bindings/Variables/IDWaveMoL.c
COMPILING configs/elliptica/bindings/Schedule/ScheduleFortran.c
COMPILING configs/elliptica/bindings/Variables/ID_NrotStar.c
COMPILING configs/elliptica/bindings/Variables/ID_converter_ILGRMHD.c
COMPILING configs/elliptica/bindings/Schedule/ScheduleGSL.c
COMPILING configs/elliptica/bindings/Variables/IOASCII.c
COMPILING configs/elliptica/bindings/Variables/IOBasic.c
COMPILING configs/elliptica/bindings/Variables/IOHDF5.c
COMPILING configs/elliptica/bindings/Schedule/ScheduleGaugeWave.c
COMPILING configs/elliptica/bindings/Schedule/ScheduleGlobalDerivative.c
COMPILING configs/elliptica/bindings/Schedule/ScheduleGenericFD.c
COMPILING configs/elliptica/bindings/Variables/IOHDF5Util.c
COMPILING configs/elliptica/bindings/Schedule/ScheduleHDF5.c
COMPILING configs/elliptica/bindings/Variables/IOUtil.c
COMPILING configs/elliptica/bindings/Schedule/ScheduleHTTPDExtra.c
COMPILING configs/elliptica/bindings/Schedule/ScheduleHTTPD.c
COMPILING configs/elliptica/bindings/Schedule/ScheduleHelloWorld.c
yes
COMPILING configs/elliptica/bindings/Variables/IllinoisGRMHD.c
COMPILING configs/elliptica/bindings/Variables/InitBase.c
COMPILING configs/elliptica/bindings/Schedule/ScheduleHighOrderWaveTest.c
COMPILING configs/elliptica/bindings/Schedule/ScheduleHydroBase.c
COMPILING configs/elliptica/bindings/Variables/InterpToArray.c
COMPILING configs/elliptica/bindings/Schedule/ScheduleHydro_Analysis.c
COMPILING configs/elliptica/bindings/Schedule/ScheduleHydro_InitExcision.c
checking for gethrtime... COMPILING configs/elliptica/bindings/Schedule/ScheduleHydro_RNSID.c
COMPILING configs/elliptica/bindings/Schedule/ScheduleIDAnalyticBH.c
COMPILING configs/elliptica/bindings/Variables/Interpolate2.c
COMPILING configs/elliptica/bindings/Schedule/ScheduleIDAxiBrillBH.c
COMPILING configs/elliptica/bindings/Variables/KerrSchild.c
COMPILING configs/elliptica/bindings/Schedule/ScheduleIDAxiOddBrillBH.c
COMPILING configs/elliptica/bindings/Variables/LORENE2.c
COMPILING configs/elliptica/bindings/Variables/LapseFinder.c
COMPILING configs/elliptica/bindings/Schedule/ScheduleIDBrillData.c
COMPILING configs/elliptica/bindings/Variables/LeanBSSNMoL.c
COMPILING configs/elliptica/bindings/Schedule/ScheduleIDConstraintViolate.c
COMPILING configs/elliptica/bindings/Schedule/ScheduleIDFileADM.c
COMPILING configs/elliptica/bindings/Schedule/ScheduleIDScalarWave.c
COMPILING configs/elliptica/bindings/Variables/LlamaWaveToy.c
COMPILING configs/elliptica/bindings/Schedule/ScheduleIDScalarWaveCXX.c
COMPILING configs/elliptica/bindings/Variables/LocalInterp.c
COMPILING configs/elliptica/bindings/Variables/LocalInterp2.c
COMPILING configs/elliptica/bindings/Schedule/ScheduleIDLinearWaves.c
COMPILING configs/elliptica/bindings/Variables/LocalReduce.c
COMPILING configs/elliptica/bindings/Schedule/ScheduleIDScalarWaveC.c
COMPILING configs/elliptica/bindings/Variables/LoopControl.c
COMPILING configs/elliptica/bindings/Schedule/ScheduleIDScalarWaveElliptic.c
COMPILING configs/elliptica/bindings/Schedule/ScheduleIDWaveMoL.c
COMPILING configs/elliptica/bindings/Schedule/ScheduleID_NrotStar.c
COMPILING configs/elliptica/bindings/Variables/ML_ADMConstraints.c
COMPILING configs/elliptica/bindings/Schedule/ScheduleID_converter_ILGRMHD.c
COMPILING configs/elliptica/bindings/Variables/ML_ADMQuantities.c
COMPILING configs/elliptica/bindings/Schedule/ScheduleIOASCII.c
COMPILING configs/elliptica/bindings/Variables/ML_BSSN.c
COMPILING configs/elliptica/bindings/Variables/ML_BSSN_Helper.c
COMPILING configs/elliptica/bindings/Variables/ML_BSSN_Test.c
COMPILING configs/elliptica/bindings/Variables/ML_CCZ4.c
COMPILING configs/elliptica/bindings/Schedule/ScheduleIOBasic.c
COMPILING configs/elliptica/bindings/Variables/ML_CCZ4_Helper.c
COMPILING configs/elliptica/bindings/Schedule/ScheduleIOHDF5.c
COMPILING configs/elliptica/bindings/Schedule/ScheduleIOHDF5Util.c
COMPILING configs/elliptica/bindings/Variables/ML_CCZ4_Test.c
COMPILING configs/elliptica/bindings/Schedule/ScheduleIOUtil.c
COMPILING configs/elliptica/bindings/Variables/ML_WaveToy.c
COMPILING configs/elliptica/bindings/Variables/ML_WaveToy_Test.c
COMPILING configs/elliptica/bindings/Schedule/ScheduleIllinoisGRMHD.c
no
COMPILING configs/elliptica/bindings/Schedule/ScheduleInitBase.c
COMPILING configs/elliptica/bindings/Schedule/ScheduleInterpToArray.c
checking for read_real_time... COMPILING configs/elliptica/bindings/Variables/MPI.c
COMPILING configs/elliptica/bindings/Schedule/ScheduleInterpolate2.c
COMPILING configs/elliptica/bindings/Schedule/ScheduleKerrSchild.c
COMPILING configs/elliptica/bindings/Variables/MemSpeed.c
COMPILING configs/elliptica/bindings/Schedule/ScheduleLORENE2.c
COMPILING configs/elliptica/bindings/Variables/Meudon_Bin_BH.c
COMPILING configs/elliptica/bindings/Schedule/ScheduleLapseFinder.c
COMPILING configs/elliptica/bindings/Schedule/ScheduleLeanBSSNMoL.c
COMPILING configs/elliptica/bindings/Variables/Meudon_Bin_NS.c
COMPILING configs/elliptica/bindings/Schedule/ScheduleLlamaWaveToy.c
COMPILING configs/elliptica/bindings/Variables/Meudon_Mag_NS.c
COMPILING configs/elliptica/bindings/Schedule/ScheduleLocalInterp2.c
COMPILING configs/elliptica/bindings/Variables/Minkowski.c
COMPILING configs/elliptica/bindings/Schedule/ScheduleLocalInterp.c
COMPILING configs/elliptica/bindings/Schedule/ScheduleLocalReduce.c
COMPILING configs/elliptica/bindings/Schedule/ScheduleLoopControl.c
COMPILING configs/elliptica/bindings/Variables/MoL.c
COMPILING configs/elliptica/bindings/Schedule/ScheduleML_ADMConstraints.c
COMPILING configs/elliptica/bindings/Schedule/ScheduleML_ADMQuantities.c
COMPILING configs/elliptica/bindings/Variables/ModifiedSchwarzschildBL.c
COMPILING configs/elliptica/bindings/Schedule/ScheduleML_BSSN.c
COMPILING configs/elliptica/bindings/Variables/NPScalars.c
COMPILING configs/elliptica/bindings/Variables/Multipole.c
COMPILING configs/elliptica/bindings/Variables/NPScalars_Proca.c
COMPILING configs/elliptica/bindings/Variables/NaNCatcher.c
COMPILING configs/elliptica/bindings/Schedule/ScheduleML_BSSN_Helper.c
COMPILING configs/elliptica/bindings/Schedule/ScheduleML_BSSN_Test.c
COMPILING configs/elliptica/bindings/Schedule/ScheduleML_CCZ4.c
COMPILING configs/elliptica/bindings/Schedule/ScheduleML_CCZ4_Helper.c
COMPILING configs/elliptica/bindings/Schedule/ScheduleML_CCZ4_Test.c
COMPILING configs/elliptica/bindings/Variables/NaNChecker.c
COMPILING configs/elliptica/bindings/Schedule/ScheduleML_WaveToy.c
COMPILING configs/elliptica/bindings/Variables/NewRad.c
no
COMPILING configs/elliptica/bindings/Schedule/ScheduleML_WaveToy_Test.c
COMPILING configs/elliptica/bindings/Variables/Nice.c
checking for time_base_to_time... COMPILING configs/elliptica/bindings/Variables/NoExcision.c
COMPILING configs/elliptica/bindings/Schedule/ScheduleMPI.c
COMPILING configs/elliptica/bindings/Schedule/ScheduleMemSpeed.c
COMPILING configs/elliptica/bindings/Variables/NoMPI.c
COMPILING configs/elliptica/bindings/Schedule/ScheduleMeudon_Bin_BH.c
COMPILING configs/elliptica/bindings/Schedule/ScheduleMeudon_Bin_NS.c
COMPILING configs/elliptica/bindings/Variables/Noise.c
COMPILING configs/elliptica/bindings/Schedule/ScheduleMeudon_Mag_NS.c
COMPILING configs/elliptica/bindings/Schedule/ScheduleMinkowski.c
COMPILING configs/elliptica/bindings/Variables/Norms.c
COMPILING configs/elliptica/bindings/Variables/NullConstr.c
COMPILING configs/elliptica/bindings/Variables/NullDecomp.c
COMPILING configs/elliptica/bindings/Variables/NullEvolve.c
COMPILING configs/elliptica/bindings/Schedule/ScheduleMoL.c
COMPILING configs/elliptica/bindings/Schedule/ScheduleModifiedSchwarzschildBL.c
COMPILING configs/elliptica/bindings/Schedule/ScheduleMultipole.c
COMPILING configs/elliptica/bindings/Schedule/ScheduleNPScalars.c
COMPILING configs/elliptica/bindings/Variables/NullGrid.c
COMPILING configs/elliptica/bindings/Variables/NullExact.c
COMPILING configs/elliptica/bindings/Variables/NullNews.c
COMPILING configs/elliptica/bindings/Variables/NullInterp.c
COMPILING configs/elliptica/bindings/Schedule/ScheduleNPScalars_Proca.c
COMPILING configs/elliptica/bindings/Schedule/ScheduleNaNCatcher.c
COMPILING configs/elliptica/bindings/Schedule/ScheduleNaNChecker.c
COMPILING configs/elliptica/bindings/Variables/NullPsiInt.c
COMPILING configs/elliptica/bindings/Variables/NullSHRExtract.c
COMPILING configs/elliptica/bindings/Schedule/ScheduleNewRad.c
COMPILING configs/elliptica/bindings/Variables/OpenBLAS.c
COMPILING configs/elliptica/bindings/Schedule/ScheduleNoExcision.c
COMPILING configs/elliptica/bindings/Schedule/ScheduleNice.c
COMPILING configs/elliptica/bindings/Variables/NullVars.c
COMPILING Carpet/CarpetLib/src/backtrace.cc
COMPILING configs/elliptica/bindings/Schedule/ScheduleNoMPI.c
COMPILING configs/elliptica/bindings/Variables/OpenSSL.c
COMPILING Carpet/CarpetLib/src/balance.cc
COMPILING configs/elliptica/bindings/Schedule/ScheduleNoise.c
COMPILING configs/elliptica/bindings/Schedule/ScheduleNorms.c
COMPILING configs/elliptica/bindings/Schedule/ScheduleNullConstr.c
COMPILING configs/elliptica/bindings/Variables/Outflow.c
COMPILING configs/elliptica/bindings/Variables/PUGH.c
COMPILING configs/elliptica/bindings/Schedule/ScheduleNullDecomp.c
COMPILING configs/elliptica/bindings/Schedule/ScheduleNullEvolve.c
COMPILING configs/elliptica/bindings/Schedule/ScheduleNullExact.c
COMPILING configs/elliptica/bindings/Schedule/ScheduleNullGrid.c
COMPILING Carpet/CarpetLib/src/bbox.cc
COMPILING configs/elliptica/bindings/Variables/PUGHInterp.c
COMPILING configs/elliptica/bindings/Schedule/ScheduleNullNews.c
COMPILING configs/elliptica/bindings/Variables/PUGHReduce.c
COMPILING configs/elliptica/bindings/Schedule/ScheduleNullInterp.c
COMPILING configs/elliptica/bindings/Variables/PUGHSlab.c
COMPILING configs/elliptica/bindings/Schedule/ScheduleNullPsiInt.c
COMPILING configs/elliptica/bindings/Variables/Periodic.c
COMPILING configs/elliptica/bindings/Variables/PeriodicCarpet.c
COMPILING Carpet/CarpetLib/src/bboxset.cc
COMPILING Carpet/CarpetLib/src/bboxset1.cc
COMPILING configs/elliptica/bindings/Schedule/ScheduleNullSHRExtract.c
COMPILING configs/elliptica/bindings/Variables/Poisson.c
no
checking for drand48... COMPILING configs/elliptica/bindings/Schedule/ScheduleNullVars.c
COMPILING configs/elliptica/bindings/Parameters/BindingsParameters.c
COMPILING configs/elliptica/bindings/Variables/ProcaBase.c
COMPILING configs/elliptica/bindings/Variables/ProcaEvolve.c
COMPILING configs/elliptica/bindings/Schedule/ScheduleOpenBLAS.c
COMPILING configs/elliptica/bindings/Variables/Proca_simpleID.c
COMPILING configs/elliptica/bindings/Schedule/ScheduleOpenSSL.c
COMPILING configs/elliptica/bindings/Schedule/ScheduleOutflow.c
COMPILING configs/elliptica/bindings/Schedule/SchedulePUGH.c
COMPILING configs/elliptica/bindings/Variables/PunctureTracker.c
COMPILING configs/elliptica/bindings/Variables/QuasiLocalMeasures.c
COMPILING Carpet/CarpetLib/src/bboxset2.cc
COMPILING configs/elliptica/bindings/Schedule/SchedulePUGHInterp.c
COMPILING configs/elliptica/bindings/Variables/ReadInterpolate.c
COMPILING configs/elliptica/bindings/Schedule/SchedulePUGHReduce.c
COMPILING configs/elliptica/bindings/Variables/Recovery_Util.c
COMPILING configs/elliptica/bindings/Schedule/SchedulePeriodic.c
COMPILING configs/elliptica/bindings/Schedule/SchedulePUGHSlab.c
COMPILING configs/elliptica/bindings/Variables/ReflectionSymmetry.c
COMPILING configs/elliptica/bindings/Variables/RegridSyncTest.c
COMPILING configs/elliptica/bindings/Schedule/SchedulePoisson.c
COMPILING configs/elliptica/bindings/Schedule/SchedulePeriodicCarpet.c
COMPILING configs/elliptica/bindings/Schedule/ScheduleProcaBase.c
COMPILING configs/elliptica/bindings/Schedule/ScheduleProcaEvolve.c
COMPILING configs/elliptica/bindings/Schedule/SchedulePunctureTracker.c
COMPILING configs/elliptica/bindings/Parameters/Global.c
COMPILING configs/elliptica/bindings/Schedule/ScheduleProca_simpleID.c
COMPILING configs/elliptica/bindings/Variables/RhoBFinder.c
COMPILING configs/elliptica/bindings/Variables/RotatingSymmetry180.c
COMPILING configs/elliptica/bindings/Variables/RotatingDBHIVP.c
COMPILING configs/elliptica/bindings/Schedule/ScheduleQuasiLocalMeasures.c
COMPILING configs/elliptica/bindings/Schedule/ScheduleReadInterpolate.c
COMPILING configs/elliptica/bindings/Variables/SampleIO.c
COMPILING configs/elliptica/bindings/Schedule/ScheduleRecovery_Util.c
COMPILING configs/elliptica/bindings/Variables/SampleBoundary.c
COMPILING configs/elliptica/bindings/Variables/RotatingSymmetry90.c
COMPILING configs/elliptica/bindings/Parameters/ADMAnalysis_Parameters.c
COMPILING Carpet/CarpetLib/src/bintree.cc
COMPILING Carpet/CarpetLib/src/cacheinfo.cc
COMPILING Carpet/CarpetLib/src/commstate.cc
COMPILING configs/elliptica/bindings/Schedule/ScheduleReflectionSymmetry.c
COMPILING configs/elliptica/bindings/Variables/Seed_Magnetic_Fields.c
COMPILING configs/elliptica/bindings/Schedule/ScheduleRegridSyncTest.c
COMPILING configs/elliptica/bindings/Schedule/ScheduleRhoBFinder.c
yes
COMPILING configs/elliptica/bindings/Variables/Seed_Magnetic_Fields_BNS.c
COMPILING configs/elliptica/bindings/Parameters/ADMCoupling_Parameters.c
COMPILING configs/elliptica/bindings/Parameters/ADMBase_Parameters.c
COMPILING configs/elliptica/bindings/Schedule/ScheduleRotatingSymmetry180.c
COMPILING configs/elliptica/bindings/Schedule/ScheduleRotatingDBHIVP.c
COMPILING configs/elliptica/bindings/Variables/ShiftedGaugeWave.c
COMPILING configs/elliptica/bindings/Variables/SetMask_SphericalSurface.c
COMPILING configs/elliptica/bindings/Parameters/ADMDerivatives_Parameters.c
checking for sqrt... COMPILING configs/elliptica/bindings/Variables/Slab.c
COMPILING Carpet/CarpetLib/src/data.cc
COMPILING configs/elliptica/bindings/Schedule/ScheduleRotatingSymmetry90.c
COMPILING configs/elliptica/bindings/Variables/SlabTest.c
COMPILING configs/elliptica/bindings/Schedule/ScheduleSampleBoundary.c
COMPILING configs/elliptica/bindings/Schedule/ScheduleSampleIO.c
COMPILING configs/elliptica/bindings/Variables/Socket.c
COMPILING configs/elliptica/bindings/Variables/SpaceMask.c
COMPILING configs/elliptica/bindings/Schedule/ScheduleSeed_Magnetic_Fields.c
COMPILING configs/elliptica/bindings/Parameters/ADMMacros_Parameters.c
COMPILING configs/elliptica/bindings/Parameters/ADMMass_Parameters.c
COMPILING configs/elliptica/bindings/Schedule/ScheduleSeed_Magnetic_Fields_BNS.c
COMPILING configs/elliptica/bindings/Schedule/ScheduleShiftedGaugeWave.c
COMPILING configs/elliptica/bindings/Schedule/ScheduleSetMask_SphericalSurface.c
COMPILING configs/elliptica/bindings/Variables/SphericalHarmonicDecomp.c
COMPILING configs/elliptica/bindings/Schedule/ScheduleSlab.c
COMPILING configs/elliptica/bindings/Variables/SphericalHarmonicRecon.c
COMPILING configs/elliptica/bindings/Variables/SphericalHarmonicReconGen.c
COMPILING configs/elliptica/bindings/Schedule/ScheduleSlabTest.c
COMPILING configs/elliptica/bindings/Variables/SphericalSurface.c
COMPILING configs/elliptica/bindings/Schedule/ScheduleSpaceMask.c
COMPILING configs/elliptica/bindings/Schedule/ScheduleSocket.c
COMPILING Carpet/CarpetLib/src/defs.cc
COMPILING configs/elliptica/bindings/Schedule/ScheduleSphericalHarmonicDecomp.c
COMPILING configs/elliptica/bindings/Variables/Spritz.c
COMPILING Carpet/CarpetLib/src/dh.cc
COMPILING configs/elliptica/bindings/Schedule/ScheduleSphericalHarmonicRecon.c
COMPILING configs/elliptica/bindings/Schedule/ScheduleSphericalHarmonicReconGen.c
COMPILING configs/elliptica/bindings/Variables/Spritz_InitData.c
COMPILING configs/elliptica/bindings/Schedule/ScheduleSphericalSurface.c
COMPILING configs/elliptica/bindings/Variables/Spritz_SetBeta.c
COMPILING Carpet/CarpetLib/src/dist.cc
COMPILING configs/elliptica/bindings/Schedule/ScheduleSpritz.c
COMPILING configs/elliptica/bindings/Variables/StaticConformal.c
COMPILING Carpet/CarpetLib/src/fulltree.cc
COMPILING Carpet/CarpetLib/src/gdata.cc
COMPILING configs/elliptica/bindings/Variables/SummationByParts.c
COMPILING configs/elliptica/bindings/Variables/SystemStatistics.c
COMPILING configs/elliptica/bindings/Variables/SymBase.c
COMPILING Carpet/CarpetLib/src/gf.cc
COMPILING configs/elliptica/bindings/Variables/SystemTopology.c
COMPILING Carpet/CarpetLib/src/ggf.cc
COMPILING configs/elliptica/bindings/Variables/TATelliptic.c
yes
COMPILING configs/elliptica/bindings/Variables/TGRtensor.c
COMPILING configs/elliptica/bindings/Schedule/ScheduleSpritz_SetBeta.c
COMPILING Carpet/CarpetLib/src/gh.cc
COMPILING configs/elliptica/bindings/Parameters/AEILocalInterp_Parameters.c
COMPILING configs/elliptica/bindings/Variables/TOVSolver.c
COMPILING configs/elliptica/bindings/Schedule/ScheduleSpritz_InitData.c
COMPILING configs/elliptica/bindings/Parameters/AHFinder_Parameters.c
COMPILING configs/elliptica/bindings/Parameters/AHFinderDirect_Parameters.c
checking for memset... COMPILING configs/elliptica/bindings/Schedule/ScheduleStaticConformal.c
COMPILING configs/elliptica/bindings/Variables/TensorTypes.c
COMPILING configs/elliptica/bindings/Variables/TerminationTrigger.c
COMPILING configs/elliptica/bindings/Variables/TestArrays.c
COMPILING Carpet/CarpetLib/src/limits.cc
COMPILING configs/elliptica/bindings/Schedule/ScheduleSummationByParts.c
COMPILING configs/elliptica/bindings/Parameters/Boundary_Parameters.c
COMPILING configs/elliptica/bindings/Schedule/ScheduleSymBase.c
COMPILING configs/elliptica/bindings/Schedule/ScheduleSystemStatistics.c
COMPILING configs/elliptica/bindings/Schedule/ScheduleSystemTopology.c
COMPILING configs/elliptica/bindings/Variables/TestCarpetGridInfo.c
COMPILING configs/elliptica/bindings/Schedule/ScheduleTATelliptic.c
COMPILING configs/elliptica/bindings/Schedule/ScheduleTGRtensor.c
COMPILING configs/elliptica/bindings/Parameters/CT_Analytic_Parameters.c
COMPILING configs/elliptica/bindings/Variables/TestComplex.c
COMPILING configs/elliptica/bindings/Parameters/CT_MultiLevel_Parameters.c
COMPILING configs/elliptica/bindings/Variables/TestCoordinates.c
COMPILING configs/elliptica/bindings/Schedule/ScheduleTOVSolver.c
COMPILING configs/elliptica/bindings/Schedule/ScheduleTensorTypes.c
COMPILING configs/elliptica/bindings/Parameters/Cactus_Parameters.c
COMPILING configs/elliptica/bindings/Schedule/ScheduleTerminationTrigger.c
COMPILING configs/elliptica/bindings/Schedule/ScheduleTestArrays.c
COMPILING configs/elliptica/bindings/Schedule/ScheduleTestCarpetGridInfo.c
COMPILING configs/elliptica/bindings/Variables/TestFortranCrayPointers.c
COMPILING configs/elliptica/bindings/Schedule/ScheduleTestComplex.c
COMPILING Carpet/CarpetLib/src/mem.cc
COMPILING configs/elliptica/bindings/Variables/TestFortranDependencies1.c
COMPILING configs/elliptica/bindings/Schedule/ScheduleTestCoordinates.c
COMPILING configs/elliptica/bindings/Schedule/ScheduleTestFortranDependencies1.c
COMPILING configs/elliptica/bindings/Schedule/ScheduleTestFortranCrayPointers.c
COMPILING configs/elliptica/bindings/Variables/TestFpointerNULL.c
COMPILING configs/elliptica/bindings/Variables/TestFortranDependencies2.c
COMPILING configs/elliptica/bindings/Parameters/CalcK_Parameters.c
yes
COMPILING configs/elliptica/bindings/Parameters/Carpet_Parameters.c
COMPILING configs/elliptica/bindings/Variables/TestFreeF90.c
COMPILING configs/elliptica/bindings/Variables/TestInclude1.c
COMPILING configs/elliptica/bindings/Variables/TestGlobalReduce.c
COMPILING configs/elliptica/bindings/Variables/TestInclude2.c
checking for posix_memalign... COMPILING configs/elliptica/bindings/Variables/TestLocalInterp2.c
COMPILING configs/elliptica/bindings/Parameters/CarpetEvolutionMask_Parameters.c
COMPILING configs/elliptica/bindings/Schedule/ScheduleTestFortranDependencies2.c
COMPILING configs/elliptica/bindings/Variables/TestLocalReduce.c
COMPILING configs/elliptica/bindings/Schedule/ScheduleTestFpointerNULL.c
COMPILING configs/elliptica/bindings/Variables/TestLoop.c
COMPILING configs/elliptica/bindings/Variables/TestLoopControl.c
COMPILING configs/elliptica/bindings/Parameters/CarpetIOASCII_Parameters.c
COMPILING configs/elliptica/bindings/Schedule/ScheduleTestFreeF90.c
COMPILING Carpet/CarpetLib/src/memstat.cc
COMPILING configs/elliptica/bindings/Variables/TestMath.c
COMPILING configs/elliptica/bindings/Schedule/ScheduleTestInclude1.c
COMPILING configs/elliptica/bindings/Schedule/ScheduleTestGlobalReduce.c
COMPILING configs/elliptica/bindings/Parameters/CarpetIOBasic_Parameters.c
COMPILING configs/elliptica/bindings/Schedule/ScheduleTestInclude2.c
COMPILING configs/elliptica/bindings/Schedule/ScheduleTestLocalInterp2.c
COMPILING configs/elliptica/bindings/Variables/TestMoL.c
COMPILING configs/elliptica/bindings/Schedule/ScheduleTestLocalReduce.c
COMPILING configs/elliptica/bindings/Schedule/ScheduleTestLoop.c
COMPILING configs/elliptica/bindings/Parameters/CarpetIOHDF5_Parameters.c
COMPILING configs/elliptica/bindings/Parameters/CarpetIntegrateTest_Parameters.c
COMPILING configs/elliptica/bindings/Parameters/CarpetIOScalar_Parameters.c
COMPILING configs/elliptica/bindings/Schedule/ScheduleTestLoopControl.c
COMPILING configs/elliptica/bindings/Variables/TestPar.c
COMPILING configs/elliptica/bindings/Parameters/CarpetInterp_Parameters.c
COMPILING configs/elliptica/bindings/Schedule/ScheduleTestMath.c
COMPILING configs/elliptica/bindings/Variables/TestReadWrite.c
COMPILING configs/elliptica/bindings/Schedule/ScheduleTestPar.c
COMPILING configs/elliptica/bindings/Schedule/ScheduleTestMoL.c
COMPILING configs/elliptica/bindings/Schedule/ScheduleTestReduce.c
COMPILING configs/elliptica/bindings/Schedule/ScheduleTestReadWrite.c
COMPILING configs/elliptica/bindings/Variables/TestReduce.c
COMPILING configs/elliptica/bindings/Schedule/ScheduleTestSchedule.c
COMPILING configs/elliptica/bindings/Schedule/ScheduleTestTable.c
yes
COMPILING configs/elliptica/bindings/Schedule/ScheduleTestStrings.c
COMPILING configs/elliptica/bindings/Variables/TestSchedule.c
COMPILING configs/elliptica/bindings/Variables/TestStrings.c
COMPILING configs/elliptica/bindings/Parameters/CarpetInterp2_Parameters.c
checking for memalign... COMPILING configs/elliptica/bindings/Variables/TestTable.c
COMPILING configs/elliptica/bindings/Variables/TestTypes.c
COMPILING configs/elliptica/bindings/Parameters/CarpetMask_Parameters.c
COMPILING configs/elliptica/bindings/Parameters/CarpetLib_Parameters.c
COMPILING configs/elliptica/bindings/Variables/TestTimers.c
COMPILING configs/elliptica/bindings/Parameters/CarpetProlongateTest_Parameters.c
COMPILING configs/elliptica/bindings/Schedule/ScheduleTestTimers.c
COMPILING Carpet/CarpetLib/src/mpi_string.cc
COMPILING configs/elliptica/bindings/Variables/Time.c
COMPILING configs/elliptica/bindings/Variables/TimerInfo.c
COMPILING configs/elliptica/bindings/Schedule/ScheduleTestTypes.c
COMPILING configs/elliptica/bindings/Variables/TimerReport.c
COMPILING configs/elliptica/bindings/Variables/Timers.c
COMPILING configs/elliptica/bindings/Variables/TmunuBase.c
COMPILING configs/elliptica/bindings/Schedule/ScheduleTime.c
COMPILING configs/elliptica/bindings/Schedule/ScheduleTimerInfo.c
COMPILING configs/elliptica/bindings/Parameters/CarpetReduce_Parameters.c
COMPILING configs/elliptica/bindings/Schedule/ScheduleTimerReport.c
COMPILING Carpet/CarpetLib/src/region.cc
COMPILING Carpet/CarpetLib/src/startup_time.cc
COMPILING configs/elliptica/bindings/Schedule/ScheduleTimers.c
COMPILING configs/elliptica/bindings/Schedule/ScheduleTmunuBase.c
COMPILING configs/elliptica/bindings/Schedule/ScheduleTrigger.c
COMPILING configs/elliptica/bindings/Schedule/ScheduleTwoPunctures.c
COMPILING configs/elliptica/bindings/Schedule/ScheduleTwoPunctures_KerrProca.c
COMPILING configs/elliptica/bindings/Parameters/CarpetRegrid_Parameters.c
COMPILING configs/elliptica/bindings/Schedule/ScheduleUA_EOS_Omni.c
COMPILING configs/elliptica/bindings/Variables/Trigger.c
yes
COMPILING configs/elliptica/bindings/Parameters/CarpetRegridTest_Parameters.c
COMPILING configs/elliptica/bindings/Schedule/ScheduleVectors.c
COMPILING configs/elliptica/bindings/Variables/TwoPunctures.c
COMPILING configs/elliptica/bindings/Parameters/CarpetRegrid2_Parameters.c
COMPILING configs/elliptica/bindings/Schedule/ScheduleVolumeIntegrals_GRMHD.c
COMPILING configs/elliptica/bindings/Parameters/CarpetSlab_Parameters.c
COMPILING configs/elliptica/bindings/Schedule/ScheduleVaidya2.c
COMPILING configs/elliptica/bindings/Schedule/ScheduleVolumeIntegrals_vacuum.c
COMPILING configs/elliptica/bindings/Schedule/ScheduleWatchDog.c
COMPILING configs/elliptica/bindings/Schedule/ScheduleWaveBinarySource.c
COMPILING Carpet/CarpetLib/src/th.cc
checking for _mm_malloc... COMPILING configs/elliptica/bindings/Schedule/ScheduleWaveExtractL.c
COMPILING Carpet/CarpetLib/src/timestat.cc
COMPILING configs/elliptica/bindings/Variables/TwoPunctures_KerrProca.c
COMPILING configs/elliptica/bindings/Schedule/ScheduleWaveMoL.c
COMPILING configs/elliptica/bindings/Variables/UA_EOS_Omni.c
COMPILING Carpet/CarpetLib/src/vect.cc
COMPILING configs/elliptica/bindings/Parameters/CarpetTracker_Parameters.c
COMPILING configs/elliptica/bindings/Schedule/ScheduleWaveToy1DF77.c
COMPILING configs/elliptica/bindings/Variables/Vaidya2.c
COMPILING configs/elliptica/bindings/Parameters/CartGrid3D_Parameters.c
COMPILING configs/elliptica/bindings/Variables/Vectors.c
COMPILING configs/elliptica/bindings/Parameters/Cartoon2D_Parameters.c
COMPILING configs/elliptica/bindings/Parameters/ConservativeToPrimitive_Parameters.c
COMPILING Carpet/CarpetLib/src/copy_3d.cc
COMPILING configs/elliptica/bindings/Schedule/ScheduleWaveToy2DF77.c
COMPILING Carpet/CarpetLib/src/copy_4d.cc
COMPILING configs/elliptica/bindings/Variables/VolumeIntegrals_GRMHD.c
COMPILING configs/elliptica/bindings/Variables/VolumeIntegrals_vacuum.c
COMPILING configs/elliptica/bindings/Variables/WaveBinarySource.c
COMPILING configs/elliptica/bindings/Variables/WaveExtractL.c
COMPILING Carpet/CarpetLib/src/interpolate_3d_2tl.cc
COMPILING configs/elliptica/bindings/Variables/WatchDog.c
COMPILING configs/elliptica/bindings/Schedule/ScheduleWaveToyC.c
COMPILING Carpet/CarpetLib/src/interpolate_3d_3tl.cc
COMPILING configs/elliptica/bindings/Parameters/Constants_Parameters.c
COMPILING configs/elliptica/bindings/Schedule/ScheduleWaveToyCXX.c
COMPILING configs/elliptica/bindings/Schedule/ScheduleWaveToyExtra.c
COMPILING configs/elliptica/bindings/Schedule/ScheduleWaveToyF77.c
COMPILING configs/elliptica/bindings/Schedule/ScheduleWaveToyFreeF90.c
COMPILING configs/elliptica/bindings/Schedule/ScheduleWaveToyF90.c
COMPILING configs/elliptica/bindings/Schedule/ScheduleWeylScal4.c
COMPILING configs/elliptica/bindings/Schedule/ScheduleZelmaniLeak.c
no
COMPILING Carpet/CarpetLib/src/interpolate_3d_4tl.cc
checking for _mm_free... COMPILING configs/elliptica/bindings/Parameters/Convert_to_HydroBase_Parameters.c
COMPILING configs/elliptica/bindings/Variables/WaveMoL.c
COMPILING Carpet/CarpetLib/src/interpolate_3d_5tl.cc
COMPILING Carpet/CarpetLib/src/interpolate_eno_3d_3tl.cc
COMPILING configs/elliptica/bindings/Schedule/Schedulehwloc.c
COMPILING configs/elliptica/bindings/Schedule/Scheduleparticle_tracerET.c
COMPILING configs/elliptica/bindings/Variables/WaveToy1DF77.c
COMPILING configs/elliptica/bindings/Schedule/Schedulelibjpeg.c
COMPILING configs/elliptica/bindings/Schedule/Schedulepthreads.c
COMPILING configs/elliptica/bindings/Variables/WaveToy2DF77.c
COMPILING configs/elliptica/bindings/Parameters/CookImporter_Parameters.c
COMPILING configs/elliptica/bindings/Variables/WaveToyC.c
COMPILING configs/elliptica/bindings/Schedule/SchedulesmallbPoynET.c
COMPILING configs/elliptica/bindings/Schedule/Schedulezlib.c
COMPILING configs/elliptica/bindings/Schedule/BindingsSchedule.c
COMPILING configs/elliptica/bindings/Schedule/BindingsParameterRecovery.c
COMPILING configs/elliptica/bindings/Variables/WaveToyCXX.c
COMPILING configs/elliptica/bindings/Variables/WaveToyExtra.c
COMPILING configs/elliptica/bindings/Parameters/CoordBase_Parameters.c
COMPILING Carpet/CarpetLib/src/restrict_3d_cc_rf2.cc
COMPILING configs/elliptica/bindings/Variables/WaveToyF77.c
COMPILING configs/elliptica/bindings/Parameters/CoordGauge_Parameters.c
COMPILING configs/elliptica/bindings/Variables/WaveToyF90.c
COMPILING configs/elliptica/bindings/Parameters/Coordinates_Parameters.c
COMPILING configs/elliptica/bindings/Parameters/CoordinatesSymmetry_Parameters.c
COMPILING Carpet/CarpetLib/src/restrict_3d_cc_o3_rf2.cc
COMPILING configs/elliptica/bindings/Variables/WaveToyFreeF90.c
COMPILING configs/elliptica/bindings/Variables/WeylScal4.c
COMPILING configs/elliptica/bindings/Parameters/CycleClock_Parameters.c
COMPILING configs/elliptica/bindings/Variables/ZelmaniLeak.c
COMPILING Carpet/CarpetLib/src/restrict_3d_cc_o5_rf2.cc
COMPILING configs/elliptica/bindings/Variables/particle_tracerET.c
COMPILING configs/elliptica/bindings/Variables/hwloc.c
COMPILING configs/elliptica/bindings/Variables/libjpeg.c
COMPILING Carpet/CarpetLib/src/restrict_3d_rf2.cc
COMPILING Carpet/CarpetLib/src/restrict_3d_stagger011.cc
COMPILING configs/elliptica/bindings/Variables/pthreads.c
COMPILING configs/elliptica/bindings/Variables/smallbPoynET.c
COMPILING configs/elliptica/bindings/Variables/zlib.c
COMPILING Carpet/CarpetLib/src/restrict_3d_stagger101.cc
COMPILING Carpet/CarpetLib/src/restrict_3d_stagger110.cc
COMPILING Carpet/CarpetLib/src/restrict_3d_stagger111.cc
COMPILING Carpet/CarpetLib/src/restrict_3d_vc_rf2.cc
no
COMPILING Carpet/CarpetLib/src/restrict_3d_dgfe_rf2.cc
COMPILING Carpet/CarpetLib/src/restrict_4d_rf2.cc
checking for clock_gettime... COMPILING Carpet/CarpetLib/src/prolongate_3d_stagger011.cc
COMPILING configs/elliptica/bindings/Parameters/DemoInterp_Parameters.c
COMPILING configs/elliptica/bindings/Parameters/Dissipation_Parameters.c
COMPILING configs/elliptica/bindings/Parameters/DistortedBHIVP_Parameters.c
COMPILING configs/elliptica/bindings/Parameters/EHFinder_Parameters.c
COMPILING configs/elliptica/bindings/Parameters/EOS_Base_Parameters.c
COMPILING Carpet/CarpetLib/src/prolongate_3d_stagger101.cc
COMPILING configs/elliptica/bindings/Parameters/EOS_Hybrid_Parameters.c
COMPILING configs/elliptica/bindings/Parameters/EOS_IdealFluid_Parameters.c
COMPILING configs/elliptica/bindings/Parameters/EIDR_Parameters.c
COMPILING Carpet/CarpetLib/src/prolongate_3d_stagger110.cc
COMPILING Carpet/CarpetLib/src/prolongate_3d_stagger111.cc
COMPILING configs/elliptica/bindings/Parameters/EOS_Polytrope_Parameters.c
COMPILING configs/elliptica/bindings/Parameters/EinsteinExact_Test_Parameters.c
COMPILING Carpet/CarpetLib/src/prolongate_3d_rf2.cc
COMPILING configs/elliptica/bindings/Parameters/EllBase_Parameters.c
COMPILING configs/elliptica/bindings/Parameters/EllSOR_Parameters.c
COMPILING Carpet/CarpetLib/src/prolongate_3d_cc_rf2.cc
COMPILING Carpet/CarpetLib/src/prolongate_3d_cc_eno_rf2.cc
COMPILING Carpet/CarpetLib/src/prolongate_3d_o5_monotone_rf2.cc
COMPILING configs/elliptica/bindings/Parameters/Elliptica_BHNS_Parameters.c
COMPILING configs/elliptica/bindings/Parameters/Exact_Parameters.c
COMPILING configs/elliptica/bindings/Parameters/Extract_Parameters.c
COMPILING configs/elliptica/bindings/Parameters/FFTW3_Parameters.c
yes
COMPILING configs/elliptica/bindings/Parameters/Fortran_Parameters.c
COMPILING configs/elliptica/bindings/Parameters/FleshInfo_Parameters.c
COMPILING Carpet/CarpetLib/src/prolongate_3d_real8_eno.F90
COMPILING configs/elliptica/bindings/Parameters/GSL_Parameters.c
checking for mach_absolute_time... COMPILING configs/elliptica/bindings/Parameters/GaugeWave_Parameters.c
COMPILING Carpet/CarpetLib/src/prolongate_3d_real8_tvd.F90
COMPILING configs/elliptica/bindings/Parameters/GenericFD_Parameters.c
COMPILING Carpet/CarpetLib/src/prolongate_3d_cc_real8_tvd.F90
COMPILING configs/elliptica/bindings/Parameters/GlobalDerivative_Parameters.c
COMPILING Carpet/CarpetLib/src/prolongate_3d_real8_weno.F90
COMPILING Carpet/CarpetLib/src/prolongate_3d_dgfe_rf2.cc
COMPILING configs/elliptica/bindings/Parameters/HDF5_Parameters.c
COMPILING configs/elliptica/bindings/Parameters/HTTPDExtra_Parameters.c
COMPILING configs/elliptica/bindings/Parameters/HTTPD_Parameters.c
COMPILING configs/elliptica/bindings/Parameters/HelloWorld_Parameters.c
COMPILING Carpet/CarpetLib/src/prolongate_4d_o1_rf2.cc
COMPILING configs/elliptica/bindings/Parameters/HighOrderWaveTest_Parameters.c
COMPILING configs/elliptica/bindings/Parameters/Hydro_InitExcision_Parameters.c
COMPILING configs/elliptica/bindings/Parameters/Hydro_Analysis_Parameters.c
COMPILING configs/elliptica/bindings/Parameters/HydroBase_Parameters.c
COMPILING configs/elliptica/bindings/Parameters/IDAnalyticBH_Parameters.c
COMPILING configs/elliptica/bindings/Parameters/Hydro_RNSID_Parameters.c
COMPILING configs/elliptica/bindings/Parameters/IDAxiOddBrillBH_Parameters.c
COMPILING configs/elliptica/bindings/Parameters/IDAxiBrillBH_Parameters.c
COMPILING configs/elliptica/bindings/Parameters/IDBrillData_Parameters.c
COMPILING configs/elliptica/bindings/Parameters/IDConstraintViolate_Parameters.c
COMPILING configs/elliptica/bindings/Parameters/IDLinearWaves_Parameters.c
COMPILING configs/elliptica/bindings/Parameters/IDFileADM_Parameters.c
COMPILING configs/elliptica/bindings/Parameters/IDScalarWave_Parameters.c
COMPILING configs/elliptica/bindings/Parameters/IDScalarWaveC_Parameters.c
no
COMPILING configs/elliptica/bindings/Parameters/IDScalarWaveCXX_Parameters.c
checking for sysctl... COMPILING configs/elliptica/bindings/Parameters/IDScalarWaveElliptic_Parameters.c
COMPILING configs/elliptica/bindings/Parameters/IDWaveMoL_Parameters.c
COMPILING configs/elliptica/bindings/Parameters/ID_NrotStar_Parameters.c
COMPILING configs/elliptica/bindings/Parameters/ID_converter_ILGRMHD_Parameters.c
COMPILING configs/elliptica/bindings/Parameters/IOASCII_Parameters.c
COMPILING configs/elliptica/bindings/Parameters/IOBasic_Parameters.c
COMPILING configs/elliptica/bindings/Parameters/IOHDF5Util_Parameters.c
COMPILING configs/elliptica/bindings/Parameters/IOHDF5_Parameters.c
COMPILING configs/elliptica/bindings/Parameters/IOUtil_Parameters.c
COMPILING configs/elliptica/bindings/Parameters/IllinoisGRMHD_Parameters.c
COMPILING configs/elliptica/bindings/Parameters/InitBase_Parameters.c
COMPILING configs/elliptica/bindings/Parameters/Interpolate2_Parameters.c
COMPILING configs/elliptica/bindings/Parameters/InterpToArray_Parameters.c
COMPILING configs/elliptica/bindings/Parameters/KerrSchild_Parameters.c
COMPILING configs/elliptica/bindings/Parameters/LapseFinder_Parameters.c
COMPILING configs/elliptica/bindings/Parameters/LORENE2_Parameters.c
COMPILING configs/elliptica/bindings/Parameters/LeanBSSNMoL_Parameters.c
COMPILING configs/elliptica/bindings/Parameters/LlamaWaveToy_Parameters.c
COMPILING configs/elliptica/bindings/Parameters/LocalInterp_Parameters.c
COMPILING configs/elliptica/bindings/Parameters/LocalInterp2_Parameters.c
COMPILING configs/elliptica/bindings/Parameters/LocalReduce_Parameters.c
yes
COMPILING configs/elliptica/bindings/Parameters/LoopControl_Parameters.c
COMPILING configs/elliptica/bindings/Parameters/ML_ADMConstraints_Parameters.c
COMPILING configs/elliptica/bindings/Parameters/ML_BSSN_Parameters.c
COMPILING configs/elliptica/bindings/Parameters/ML_ADMQuantities_Parameters.c
COMPILING configs/elliptica/bindings/Parameters/ML_BSSN_Helper_Parameters.c
checking for abort... COMPILING configs/elliptica/bindings/Parameters/ML_BSSN_Test_Parameters.c
COMPILING configs/elliptica/bindings/Parameters/ML_CCZ4_Parameters.c
COMPILING configs/elliptica/bindings/Parameters/ML_CCZ4_Helper_Parameters.c
COMPILING configs/elliptica/bindings/Parameters/ML_CCZ4_Test_Parameters.c
COMPILING configs/elliptica/bindings/Parameters/ML_WaveToy_Parameters.c
COMPILING configs/elliptica/bindings/Parameters/ML_WaveToy_Test_Parameters.c
COMPILING configs/elliptica/bindings/Parameters/MPI_Parameters.c
COMPILING configs/elliptica/bindings/Parameters/MemSpeed_Parameters.c
COMPILING configs/elliptica/bindings/Parameters/Meudon_Bin_BH_Parameters.c
COMPILING configs/elliptica/bindings/Parameters/Meudon_Bin_NS_Parameters.c
COMPILING configs/elliptica/bindings/Parameters/Meudon_Mag_NS_Parameters.c
COMPILING configs/elliptica/bindings/Parameters/Minkowski_Parameters.c
COMPILING configs/elliptica/bindings/Parameters/MoL_Parameters.c
COMPILING configs/elliptica/bindings/Parameters/Multipole_Parameters.c
COMPILING configs/elliptica/bindings/Parameters/ModifiedSchwarzschildBL_Parameters.c
COMPILING configs/elliptica/bindings/Parameters/NPScalars_Parameters.c
COMPILING configs/elliptica/bindings/Parameters/NPScalars_Proca_Parameters.c
COMPILING configs/elliptica/bindings/Parameters/NaNCatcher_Parameters.c
COMPILING configs/elliptica/bindings/Parameters/NaNChecker_Parameters.c
COMPILING configs/elliptica/bindings/Parameters/NewRad_Parameters.c
COMPILING configs/elliptica/bindings/Parameters/Nice_Parameters.c
COMPILING configs/elliptica/bindings/Parameters/NoExcision_Parameters.c
COMPILING configs/elliptica/bindings/Parameters/NoMPI_Parameters.c
COMPILING configs/elliptica/bindings/Parameters/Norms_Parameters.c
COMPILING configs/elliptica/bindings/Parameters/NullConstr_Parameters.c
COMPILING configs/elliptica/bindings/Parameters/Noise_Parameters.c
COMPILING configs/elliptica/bindings/Parameters/NullEvolve_Parameters.c
yes
COMPILING configs/elliptica/bindings/Parameters/NullDecomp_Parameters.c
COMPILING configs/elliptica/bindings/Parameters/NullGrid_Parameters.c
COMPILING configs/elliptica/bindings/Parameters/NullExact_Parameters.c
COMPILING configs/elliptica/bindings/Parameters/NullInterp_Parameters.c
COMPILING configs/elliptica/bindings/Parameters/NullPsiInt_Parameters.c
COMPILING configs/elliptica/bindings/Parameters/NullNews_Parameters.c
COMPILING configs/elliptica/bindings/Parameters/NullSHRExtract_Parameters.c
checking for sinl... COMPILING configs/elliptica/bindings/Parameters/OpenBLAS_Parameters.c
COMPILING configs/elliptica/bindings/Parameters/NullVars_Parameters.c
COMPILING configs/elliptica/bindings/Parameters/OpenSSL_Parameters.c
COMPILING configs/elliptica/bindings/Parameters/Outflow_Parameters.c
COMPILING configs/elliptica/bindings/Parameters/PUGHInterp_Parameters.c
COMPILING configs/elliptica/bindings/Parameters/PUGH_Parameters.c
COMPILING configs/elliptica/bindings/Parameters/PUGHReduce_Parameters.c
COMPILING configs/elliptica/bindings/Parameters/PUGHSlab_Parameters.c
COMPILING configs/elliptica/bindings/Parameters/Periodic_Parameters.c
COMPILING configs/elliptica/bindings/Parameters/PeriodicCarpet_Parameters.c
COMPILING configs/elliptica/bindings/Parameters/Poisson_Parameters.c
COMPILING configs/elliptica/bindings/Parameters/ProcaEvolve_Parameters.c
COMPILING configs/elliptica/bindings/Parameters/ProcaBase_Parameters.c
COMPILING configs/elliptica/bindings/Parameters/Proca_simpleID_Parameters.c
COMPILING configs/elliptica/bindings/Parameters/PunctureTracker_Parameters.c
COMPILING configs/elliptica/bindings/Parameters/QuasiLocalMeasures_Parameters.c
COMPILING configs/elliptica/bindings/Parameters/ReadInterpolate_Parameters.c
COMPILING configs/elliptica/bindings/Parameters/Recovery_Util_Parameters.c
COMPILING configs/elliptica/bindings/Parameters/ReflectionSymmetry_Parameters.c
COMPILING configs/elliptica/bindings/Parameters/RegridSyncTest_Parameters.c
COMPILING configs/elliptica/bindings/Parameters/RhoBFinder_Parameters.c
COMPILING configs/elliptica/bindings/Parameters/RotatingDBHIVP_Parameters.c
COMPILING configs/elliptica/bindings/Parameters/RotatingSymmetry180_Parameters.c
COMPILING configs/elliptica/bindings/Parameters/RotatingSymmetry90_Parameters.c
COMPILING configs/elliptica/bindings/Parameters/SampleBoundary_Parameters.c
COMPILING configs/elliptica/bindings/Parameters/Seed_Magnetic_Fields_Parameters.c
COMPILING configs/elliptica/bindings/Parameters/SampleIO_Parameters.c
COMPILING configs/elliptica/bindings/Parameters/Seed_Magnetic_Fields_BNS_Parameters.c
COMPILING configs/elliptica/bindings/Parameters/SetMask_SphericalSurface_Parameters.c
COMPILING configs/elliptica/bindings/Parameters/ShiftedGaugeWave_Parameters.c
yes
COMPILING configs/elliptica/bindings/Parameters/Slab_Parameters.c
COMPILING configs/elliptica/bindings/Parameters/SlabTest_Parameters.c
COMPILING configs/elliptica/bindings/Parameters/Socket_Parameters.c
COMPILING configs/elliptica/bindings/Parameters/SphericalHarmonicDecomp_Parameters.c
COMPILING configs/elliptica/bindings/Parameters/SpaceMask_Parameters.c
COMPILING configs/elliptica/bindings/Parameters/SphericalHarmonicRecon_Parameters.c
COMPILING configs/elliptica/bindings/Parameters/SphericalHarmonicReconGen_Parameters.c
COMPILING configs/elliptica/bindings/Parameters/SphericalSurface_Parameters.c
checking for cosl... COMPILING configs/elliptica/bindings/Parameters/Spritz_Parameters.c
COMPILING configs/elliptica/bindings/Parameters/Spritz_InitData_Parameters.c
COMPILING configs/elliptica/bindings/Parameters/Spritz_SetBeta_Parameters.c
COMPILING configs/elliptica/bindings/Parameters/StaticConformal_Parameters.c
COMPILING configs/elliptica/bindings/Parameters/SummationByParts_Parameters.c
COMPILING configs/elliptica/bindings/Parameters/SymBase_Parameters.c
COMPILING configs/elliptica/bindings/Parameters/SystemStatistics_Parameters.c
COMPILING configs/elliptica/bindings/Parameters/SystemTopology_Parameters.c
COMPILING configs/elliptica/bindings/Parameters/TGRtensor_Parameters.c
COMPILING configs/elliptica/bindings/Parameters/TATelliptic_Parameters.c
COMPILING configs/elliptica/bindings/Parameters/TOVSolver_Parameters.c
COMPILING configs/elliptica/bindings/Parameters/TensorTypes_Parameters.c
COMPILING configs/elliptica/bindings/Parameters/TerminationTrigger_Parameters.c
COMPILING configs/elliptica/bindings/Parameters/TestArrays_Parameters.c
COMPILING configs/elliptica/bindings/Parameters/TestCarpetGridInfo_Parameters.c
COMPILING configs/elliptica/bindings/Parameters/TestCoordinates_Parameters.c
COMPILING configs/elliptica/bindings/Parameters/TestComplex_Parameters.c
COMPILING configs/elliptica/bindings/Parameters/TestFortranCrayPointers_Parameters.c
COMPILING configs/elliptica/bindings/Parameters/TestFortranDependencies1_Parameters.c
COMPILING configs/elliptica/bindings/Parameters/TestFpointerNULL_Parameters.c
COMPILING configs/elliptica/bindings/Parameters/TestFortranDependencies2_Parameters.c
COMPILING configs/elliptica/bindings/Parameters/TestFreeF90_Parameters.c
COMPILING configs/elliptica/bindings/Parameters/TestGlobalReduce_Parameters.c
COMPILING configs/elliptica/bindings/Parameters/TestInclude2_Parameters.c
COMPILING configs/elliptica/bindings/Parameters/TestInclude1_Parameters.c
COMPILING configs/elliptica/bindings/Parameters/TestLocalInterp2_Parameters.c
COMPILING configs/elliptica/bindings/Parameters/TestLocalReduce_Parameters.c
COMPILING configs/elliptica/bindings/Parameters/TestLoop_Parameters.c
COMPILING configs/elliptica/bindings/Parameters/TestMath_Parameters.c
COMPILING configs/elliptica/bindings/Parameters/TestReadWrite_Parameters.c
COMPILING configs/elliptica/bindings/Parameters/TestPar_Parameters.c
COMPILING configs/elliptica/bindings/Parameters/TestLoopControl_Parameters.c
COMPILING configs/elliptica/bindings/Parameters/TestMoL_Parameters.c
COMPILING configs/elliptica/bindings/Parameters/TestReduce_Parameters.c
COMPILING configs/elliptica/bindings/Parameters/TestSchedule_Parameters.c
COMPILING configs/elliptica/bindings/Parameters/TestTable_Parameters.c
COMPILING configs/elliptica/bindings/Parameters/TestTimers_Parameters.c
COMPILING configs/elliptica/bindings/Parameters/TestTypes_Parameters.c
COMPILING configs/elliptica/bindings/Parameters/TestStrings_Parameters.c
COMPILING configs/elliptica/bindings/Parameters/Time_Parameters.c
COMPILING configs/elliptica/bindings/Parameters/TimerInfo_Parameters.c
COMPILING configs/elliptica/bindings/Parameters/TimerReport_Parameters.c
COMPILING configs/elliptica/bindings/Parameters/Timers_Parameters.c
COMPILING configs/elliptica/bindings/Parameters/Trigger_Parameters.c
COMPILING configs/elliptica/bindings/Parameters/TmunuBase_Parameters.c
yes
COMPILING configs/elliptica/bindings/Parameters/TwoPunctures_KerrProca_Parameters.c
COMPILING configs/elliptica/bindings/Parameters/TwoPunctures_Parameters.c
COMPILING configs/elliptica/bindings/Parameters/UA_EOS_Omni_Parameters.c
COMPILING configs/elliptica/bindings/Parameters/Vaidya2_Parameters.c
COMPILING configs/elliptica/bindings/Parameters/Vectors_Parameters.c
COMPILING configs/elliptica/bindings/Parameters/VolumeIntegrals_GRMHD_Parameters.c
checking for snprintf... COMPILING configs/elliptica/bindings/Parameters/WaveBinarySource_Parameters.c
COMPILING configs/elliptica/bindings/Parameters/WatchDog_Parameters.c
COMPILING configs/elliptica/bindings/Parameters/VolumeIntegrals_vacuum_Parameters.c
COMPILING configs/elliptica/bindings/Parameters/WaveMoL_Parameters.c
COMPILING configs/elliptica/bindings/Parameters/WaveExtractL_Parameters.c
COMPILING configs/elliptica/bindings/Parameters/WaveToyC_Parameters.c
COMPILING configs/elliptica/bindings/Parameters/WaveToy1DF77_Parameters.c
COMPILING configs/elliptica/bindings/Parameters/WaveToy2DF77_Parameters.c
COMPILING configs/elliptica/bindings/Parameters/WaveToyCXX_Parameters.c
COMPILING configs/elliptica/bindings/Parameters/WaveToyExtra_Parameters.c
COMPILING configs/elliptica/bindings/Parameters/WaveToyF77_Parameters.c
COMPILING configs/elliptica/bindings/Parameters/WaveToyF90_Parameters.c
COMPILING configs/elliptica/bindings/Parameters/WaveToyFreeF90_Parameters.c
COMPILING configs/elliptica/bindings/Parameters/WeylScal4_Parameters.c
COMPILING configs/elliptica/bindings/Parameters/ZelmaniLeak_Parameters.c
COMPILING configs/elliptica/bindings/Parameters/hwloc_Parameters.c
COMPILING configs/elliptica/bindings/Parameters/pthreads_Parameters.c
COMPILING configs/elliptica/bindings/Parameters/libjpeg_Parameters.c
COMPILING configs/elliptica/bindings/Parameters/particle_tracerET_Parameters.c
COMPILING configs/elliptica/bindings/Parameters/smallbPoynET_Parameters.c
COMPILING configs/elliptica/bindings/Parameters/zlib_Parameters.c
yes
checking whether drand48 is declared... yes
Creating /home/pespino/Cactus/configs/elliptica/lib/libthorn_CactusBindings.a
checking whether srand48 is declared... yes
checking whether memalign is declared... no
checking whether posix_memalign is declared... yes
checking whether sinl is declared... no
checking whether cosl is declared... no
checking whether sinq is declared... no
checking whether cosq is declared... no
checking for _rtc intrinsic... no
checking for isnan... yes
checking whether C compiler accepts -mpreferred-stack-boundary=4... yes
checking whether the stack is at least 8-byte aligned by gcc... checking whether C compiler accepts -malign-double... Creating /home/pespino/Cactus/configs/elliptica/lib/libthorn_CarpetLib.a
yes
Checking status of thorn Timers
yes
COMPILING configs/elliptica/bindings/build/Timers/cctk_ThornBindings.c
checking whether we are using the GNU Fortran 77 compiler... yes
checking whether gfortran accepts -g... yes
checking if libtool supports shared libraries... no
checking whether to build shared libraries... no
checking whether to build static libraries... yes
checking for gfortran option to produce PIC... -fPIC
checking if gfortran PIC flag -fPIC works... COMPILING Carpet/Timers/src/CactusTimer.cc
COMPILING Carpet/Timers/src/CactusTimerSet.cc
COMPILING Carpet/Timers/src/Timer.cc
COMPILING Carpet/Timers/src/TimerTree.cc
yes
checking if gfortran static flag -static works... no
checking if gfortran supports -c -o file.o... yes
checking if gfortran supports -c -o file.o... (cached) yes
checking whether the gfortran linker (g++ -m elf_x86_64) supports shared libraries... no
checking dynamic linker characteristics... (cached) GNU/Linux ld.so
checking how to hardcode library paths into programs... unsupported
checking how to get verbose linking output from gfortran... -v
checking for Fortran 77 libraries of gfortran...  -L/cm/shared/apps/spack/cpu/opt/spack/linux-centos8-zen2/gcc-9.2.0/numactl-2.0.12-2pky3yxibr2447l3obmq5ph6ftaoq65k/lib/ -L/home/pespino/Elliptica_ID_Reader/lib -L/home/pespino/Cactus/configs/elliptica/scratch/external/FFTW3/lib -L/home/pespino/Lorene/Lib -L/cm/shared/apps/spack/cpu/opt/spack/linux-centos8-zen2/gcc-9.2.0/openblas-0.3.10-grrcfayp3br6kmcnelbgrepqmadwv43e/lib -L/cm/shared/apps/spack/cpu/opt/spack/linux-centos8-zen2/gcc-9.2.0/hdf5-1.10.6-5q5q4alfsa4or6b25nofmfpixc2vvmg2/lib -L/cm/shared/apps/spack/cpu/opt/spack/linux-centos8-zen2/gcc-9.2.0/libszip-2.1.1-g73rehnp26umitlsxjbucah63xcbkyrg/lib -L/cm/shared/apps/spack/cpu/opt/spack/linux-centos8-zen2/gcc-9.2.0/hwloc-1.11.11-x7dk65u6auponeh3slnell2cbwakqqwi/lib -L/cm/shared/apps/spack/cpu/opt/spack/linux-centos8-zen2/gcc-9.2.0/zlib-1.2.11-tzrethumzcwcxalxislka5penngsyeup/lib -L/cm/shared/apps/slurm/20.02.3/lib64 -L/cm/shared/apps/spack/cpu/opt/spack/linux-centos8-zen2/gcc-9.2.0/openmpi-3.1.6-2kvqbhm5yqjqh3k5pa4dpvqoqyzinxmt/lib -L/cm/shared/apps/spack/cpu/opt/spack/linux-centos8-zen/gcc-8.3.1/gcc-9.2.0-w7xm5ba2an66khz7wjkjnocbdhmou2qb/lib64/../lib64 -L/cm/shared/apps/slurm/current/lib64/../lib64 -L/cm/shared/apps/spack/cpu/opt/spack/linux-centos8-zen/gcc-8.3.1/gcc-9.2.0-w7xm5ba2an66khz7wjkjnocbdhmou2qb/lib/../lib64 -L/cm/shared/apps/spack/cpu/opt/spack/linux-centos8-zen/gcc-8.3.1/gcc-9.2.0-w7xm5ba2an66khz7wjkjnocbdhmou2qb/lib/gcc/x86_64-pc-linux-gnu/9.2.0 -L/cm/shared/apps/spack/cpu/opt/spack/linux-centos8-zen/gcc-8.3.1/gcc-9.2.0-w7xm5ba2an66khz7wjkjnocbdhmou2qb/lib/gcc/x86_64-pc-linux-gnu/9.2.0/../../../../lib64 -L/lib/../lib64 -L/usr/lib/../lib64 -L/cm/shared/apps/slurm/current/lib64/slurm -L/cm/shared/apps/slurm/current/lib64 -L/cm/shared/apps/spack/cpu/opt/spack/linux-centos8-zen2/gcc-9.2.0/gsl-2.5-qxlhysyfkozqtfhsq7qc6yrku2aur3jr/lib -L/cm/shared/apps/spack/cpu/opt/spack/linux-centos8-zen2/gcc-9.2.0/fftw-3.3.8-fjjeijpxg5kgfuv33o3c5wwc33pifw3d/lib -L/cm/shared/apps/spack/cpu/opt/spack/linux-centos8-zen2/gcc-9.2.0/boost-1.74.0-aadesi2ojukhj7nk5qdzr4tcsp7rbwft/lib -L/cm/shared/apps/spack/cpu/opt/spack/linux-centos8-zen/gcc-8.3.1/gcc-9.2.0-w7xm5ba2an66khz7wjkjnocbdhmou2qb/lib64 -L/cm/shared/apps/spack/cpu/opt/spack/linux-centos8-zen/gcc-8.3.1/gcc-9.2.0-w7xm5ba2an66khz7wjkjnocbdhmou2qb/lib -L/cm/shared/apps/spack/cpu/opt/spack/linux-centos8-zen/gcc-8.3.1/gcc-9.2.0-w7xm5ba2an66khz7wjkjnocbdhmou2qb/lib/gcc/x86_64-pc-linux-gnu/9.2.0/../../.. -lelliptica_id_reader -lgfortran -lm -lquadmath
checking for dummy main to link with Fortran 77 libraries... none
checking for Fortran 77 name-mangling scheme... Creating /home/pespino/Cactus/configs/elliptica/lib/libthorn_Timers.a
Checking status of thorn Carpet
lower case, underscore, no extra underscore
checking whether a cycle counter is available... yes
COMPILING configs/elliptica/bindings/build/Carpet/cctk_ThornBindings.c
configure: creating ./config.status
COMPILING Carpet/Carpet/src/LoadBalanceReal/splitregions_recursively.cc
COMPILING Carpet/Carpet/src/LoadBalanceReal/carpet_region.F90
COMPILING Carpet/Carpet/src/LoadBalanceReal/carpet_boxtypes.F90
COMPILING Carpet/Carpet/src/CallFunction.cc
COMPILING Carpet/Carpet/src/CarpetBasegrid.cc
COMPILING Carpet/Carpet/src/CarpetParamCheck.cc
COMPILING Carpet/Carpet/src/CarpetStartup.cc
COMPILING Carpet/Carpet/src/Cycle.cc
COMPILING Carpet/Carpet/src/Checksum.cc
COMPILING Carpet/Carpet/src/Comm.cc
COMPILING Carpet/Carpet/src/Evolve.cc
COMPILING Carpet/Carpet/src/Hosts.cc
COMPILING Carpet/Carpet/src/Initialise.cc
COMPILING Carpet/Carpet/src/MultiModel.cc
COMPILING Carpet/Carpet/src/Poison.cc
COMPILING Carpet/Carpet/src/OutputGH.cc
COMPILING Carpet/Carpet/src/Recompose.cc
COMPILING Carpet/Carpet/src/Restrict.cc
COMPILING Carpet/Carpet/src/ScheduleWrapper.cc
COMPILING Carpet/Carpet/src/SetupGH.cc
COMPILING Carpet/Carpet/src/Shutdown.cc
COMPILING Carpet/Carpet/src/Storage.cc
COMPILING Carpet/Carpet/src/Timing.cc
COMPILING Carpet/Carpet/src/UnusedMask.cc
COMPILING Carpet/Carpet/src/adler32.cc
COMPILING Carpet/Carpet/src/helpers.cc
COMPILING Carpet/Carpet/src/modes.cc
COMPILING Carpet/Carpet/src/variables.cc
COMPILING Carpet/Carpet/src/PreSync.cc
COMPILING Carpet/Carpet/src/LoadBalanceReal/splitregions_recursively.F90
config.status: creating Makefile
config.status: creating support/Makefile
config.status: creating genfft/Makefile
config.status: creating kernel/Makefile
config.status: creating simd-support/Makefile
config.status: creating dft/Makefile
config.status: creating dft/scalar/Makefile
config.status: creating dft/scalar/codelets/Makefile
config.status: creating dft/simd/Makefile
config.status: creating dft/simd/common/Makefile
config.status: creating dft/simd/sse2/Makefile
config.status: creating dft/simd/avx/Makefile
config.status: creating dft/simd/altivec/Makefile
config.status: creating dft/simd/neon/Makefile
config.status: creating rdft/Makefile
config.status: creating rdft/scalar/Makefile
config.status: creating rdft/scalar/r2cf/Makefile
config.status: creating rdft/scalar/r2cb/Makefile
config.status: creating rdft/scalar/r2r/Makefile
config.status: creating rdft/simd/Makefile
config.status: creating rdft/simd/common/Makefile
config.status: creating rdft/simd/sse2/Makefile
config.status: creating rdft/simd/avx/Makefile
config.status: creating rdft/simd/altivec/Makefile
config.status: creating rdft/simd/neon/Makefile
config.status: creating reodft/Makefile
config.status: creating threads/Makefile
config.status: creating api/Makefile
config.status: creating mpi/Makefile
config.status: creating libbench2/Makefile
config.status: creating tests/Makefile
config.status: creating doc/Makefile
config.status: creating doc/FAQ/Makefile
config.status: creating tools/Makefile
config.status: creating tools/fftw_wisdom.1
config.status: creating tools/fftw-wisdom-to-conf
config.status: creating m4/Makefile
config.status: creating fftw.pc
config.status: creating config.h
config.status: executing depfiles commands
Creating /home/pespino/Cactus/configs/elliptica/lib/libthorn_Carpet.a
Checking status of thorn CT_MultiLevel
Checking status of thorn CarpetEvolutionMask
Checking status of thorn CarpetIOASCII
Checking status of thorn CarpetIOBasic
Checking status of thorn CarpetIOHDF5
Checking status of thorn CarpetIOScalar
Checking status of thorn CarpetIntegrateTest
Checking status of thorn CarpetInterp
Checking status of thorn CarpetInterp2
Checking status of thorn CarpetReduce
Checking status of thorn CarpetRegrid
Checking status of thorn CarpetSlab
Checking status of thorn Coordinates
Checking status of thorn NoExcision
Checking status of thorn PeriodicCarpet
Checking status of thorn Poisson
Checking status of thorn ReadInterpolate
Checking status of thorn Spritz
Checking status of thorn Spritz_InitData
Checking status of thorn TestCarpetGridInfo
Checking status of thorn WaveExtractL
Checking status of thorn CarpetRegrid2
COMPILING configs/elliptica/bindings/build/CT_MultiLevel/cctk_ThornBindings.c
COMPILING configs/elliptica/bindings/build/CarpetIOASCII/cctk_ThornBindings.c
COMPILING configs/elliptica/bindings/build/CarpetReduce/cctk_ThornBindings.c
COMPILING configs/elliptica/bindings/build/CarpetRegrid/cctk_ThornBindings.c
COMPILING configs/elliptica/bindings/build/CarpetIOBasic/cctk_ThornBindings.c
COMPILING configs/elliptica/bindings/build/CarpetEvolutionMask/cctk_ThornBindings.c
COMPILING configs/elliptica/bindings/build/CarpetIOHDF5/cctk_ThornBindings.c
COMPILING configs/elliptica/bindings/build/Coordinates/cctk_ThornBindings.c
COMPILING configs/elliptica/bindings/build/Poisson/cctk_ThornBindings.c
COMPILING configs/elliptica/bindings/build/TestCarpetGridInfo/cctk_ThornBindings.c
COMPILING configs/elliptica/bindings/build/NoExcision/cctk_ThornBindings.c
COMPILING configs/elliptica/bindings/build/CarpetSlab/cctk_ThornBindings.c
COMPILING configs/elliptica/bindings/build/CarpetIOScalar/cctk_ThornBindings.c
COMPILING configs/elliptica/bindings/build/CarpetIntegrateTest/cctk_ThornBindings.c
COMPILING configs/elliptica/bindings/build/CarpetInterp2/cctk_ThornBindings.c
COMPILING configs/elliptica/bindings/build/ReadInterpolate/cctk_ThornBindings.c
COMPILING configs/elliptica/bindings/build/CarpetInterp/cctk_ThornBindings.c
COMPILING CactusExamples/Poisson/src/uniform_charge.c
Creating /home/pespino/Cactus/configs/elliptica/lib/libthorn_Poisson.a
COMPILING configs/elliptica/bindings/build/Spritz/cctk_ThornBindings.c
COMPILING Carpet/CarpetInterp/src/interp.cc
COMPILING CTThorns/CT_MultiLevel/src/CT_MultiLevel.cc
COMPILING Carpet/TestCarpetGridInfo/src/test.cc
COMPILING CTThorns/CT_MultiLevel/src/CT_V.cc
COMPILING CTThorns/CT_MultiLevel/src/CT_InitializePsi.cc
COMPILING CTThorns/CT_MultiLevel/src/CT_InitializeError.cc
COMPILING Carpet/CarpetIOBasic/src/iobasic.cc
COMPILING Carpet/CarpetIOASCII/src/ioascii.cc
COMPILING CTThorns/CT_MultiLevel/src/CT_InitializeCoefficients.cc
COMPILING Carpet/CarpetIOScalar/src/ioscalar.cc
COMPILING configs/elliptica/bindings/build/PeriodicCarpet/cctk_ThornBindings.c
COMPILING configs/elliptica/bindings/build/CarpetRegrid2/cctk_ThornBindings.c
COMPILING configs/elliptica/bindings/build/WaveExtractL/cctk_ThornBindings.c
COMPILING configs/elliptica/bindings/build/Spritz_InitData/cctk_ThornBindings.c
COMPILING CTThorns/CT_MultiLevel/src/CT_InitializeResidual.cc
COMPILING Carpet/CarpetEvolutionMask/src/evolution_mask.cc
COMPILING CTThorns/CT_MultiLevel/src/CT_InitializeConstants.cc
COMPILING CTThorns/CT_MultiLevel/src/CT_InitializeAuxiliaries.cc
COMPILING Llama/WaveExtractL/src/AdjustDetector.c
COMPILING EinsteinInitialData/ReadInterpolate/src/interpolate.cc
COMPILING SpritzCode/Spritz_InitData/src/Spritz_ShockTube.F90
COMPILING Carpet/PeriodicCarpet/src/paramcheck.cc
COMPILING Carpet/PeriodicCarpet/src/periodic.cc
COMPILING Carpet/PeriodicCarpet/src/interpolate.c
COMPILING CTThorns/CT_MultiLevel/src/CT_RelaxPsi.cc
COMPILING CTThorns/CT_MultiLevel/src/CT_RelaxError.cc
COMPILING CTThorns/CT_MultiLevel/src/CT_Boundaries.cc
COMPILING SpritzCode/Spritz_InitData/src/Spritz_2DTests_MHD.F90
COMPILING SpritzCode/Spritz_InitData/src/Spritz_Maxpress.cc
COMPILING SpritzCode/Spritz_InitData/src/Spritz_BHevoMHD.F90
COMPILING SpritzCode/Spritz_InitData/src/Spritz_3DTests_MHD.F90
COMPILING SpritzCode/Spritz_InitData/src/Spritz_TOVMHD.F90
COMPILING EinsteinInitialData/ReadInterpolate/src/paramcheck.c
COMPILING CTThorns/CT_MultiLevel/src/CT_SolvePsiEquation.cc
COMPILING SpritzCode/Spritz_InitData/src/Spritz_BNSMHD.F90
COMPILING Carpet/CarpetSlab/src/Get.cc
COMPILING SpritzCode/Spritz_InitData/src/Spritz_SimpleWave.F90
COMPILING SpritzCode/Spritz_InitData/src/Spritz_Initialize_psi.F90
COMPILING Carpet/CarpetSlab/src/GetHyperslab.cc
COMPILING EinsteinInitialData/NoExcision/src/NoExcision_mod.F90
COMPILING Carpet/CarpetSlab/src/mapping.cc
COMPILING Llama/WaveExtractL/src/IO.c
COMPILING Carpet/CarpetSlab/src/slab.cc
COMPILING EinsteinInitialData/ReadInterpolate/src/read.c
COMPILING Carpet/CarpetEvolutionMask/src/evolution_mask_init.c
COMPILING Llama/WaveExtractL/src/SteerableTimeForOutput.c
COMPILING Carpet/CarpetEvolutionMask/src/evolution_mask_enforce.c
COMPILING CTThorns/CT_MultiLevel/src/CT_SolveErrorEquation.cc
COMPILING Llama/WaveExtractL/src/ParamCheck.c
COMPILING EinsteinInitialData/NoExcision/src/overwrite.F90
COMPILING EinsteinInitialData/NoExcision/src/smooth.F90
COMPILING EinsteinInitialData/ReadInterpolate/src/test.c
COMPILING Carpet/CarpetIntegrateTest/src/Local.cc
COMPILING EinsteinInitialData/NoExcision/src/reduce.F90
COMPILING CTThorns/CT_MultiLevel/src/CT_AddErrorToPsi.cc
COMPILING EinsteinInitialData/NoExcision/src/reduce.c
COMPILING Carpet/CarpetIntegrateTest/src/Global.cc
COMPILING EinsteinInitialData/NoExcision/src/getlevelinfo.cc
COMPILING Llama/WaveExtractL/src/ResetCurrDet.c
COMPILING EinsteinInitialData/NoExcision/src/copy_mask.cc
COMPILING Llama/WaveExtractL/src/WavExtrLConstants.F90
COMPILING Llama/WaveExtractL/src/ProjectSphere.cc
COMPILING EinsteinInitialData/NoExcision/src/cg.F90
COMPILING CTThorns/CT_MultiLevel/src/CT_Reset.cc
COMPILING Llama/WaveExtractL/src/SubtractSphericalMetric.F90
COMPILING Llama/WaveExtractL/src/Init.F90
COMPILING Carpet/CarpetReduce/src/mask_allocate.cc
COMPILING Llama/WaveExtractL/src/MoncriefQ.F90
COMPILING Carpet/CarpetReduce/src/mask_init.cc
COMPILING Carpet/CarpetRegrid/src/automatic.cc
COMPILING Carpet/CarpetRegrid/src/baselevel.cc
COMPILING Carpet/CarpetRegrid/src/centre.cc
COMPILING Carpet/CarpetInterp2/src/fasterp.cc
COMPILING Llama/WaveExtractL/src/SchwarzschildMassRadius.F90
COMPILING Carpet/CarpetReduce/src/mask_set.cc
COMPILING CTThorns/CT_MultiLevel/src/CT_EnforceInt.cc
COMPILING Carpet/CarpetReduce/src/mask_test.cc
COMPILING Llama/WaveExtractL/src/SetupSphere.F90
COMPILING Llama/WaveExtractL/src/SetupDetectors.F90
COMPILING Llama/WaveExtractL/src/SphericalSurface.F90
COMPILING Carpet/CarpetReduce/src/mask_carpet.cc
COMPILING Carpet/CarpetReduce/src/mask_coords.cc
COMPILING CTThorns/CT_MultiLevel/src/CT_OutputWalk.cc
Creating /home/pespino/Cactus/configs/elliptica/lib/libthorn_TestCarpetGridInfo.a
COMPILING Carpet/CarpetRegrid/src/manualcoordinatelist.cc
COMPILING CTThorns/CT_MultiLevel/src/CT_RestoreError.cc
COMPILING CTThorns/CT_MultiLevel/src/CT_CalcPsiResidual.cc
COMPILING Carpet/CarpetRegrid/src/manualcoordinates.cc
COMPILING Carpet/CarpetRegrid2/src/amr.cc
Creating /home/pespino/Cactus/configs/elliptica/lib/libthorn_CarpetInterp.a
COMPILING Carpet/CarpetInterp2/src/interp2.cc
COMPILING CTThorns/CT_MultiLevel/src/CT_CalcErrResidual.cc
COMPILING Carpet/CarpetReduce/src/reduce.cc
COMPILING CTThorns/CT_MultiLevel/src/CT_CompareToExact.cc
COMPILING CTThorns/CT_MultiLevel/src/CT_UpdateBoundaries.cc
COMPILING CTThorns/CT_MultiLevel/src/CT_CopyResidual.cc
Creating /home/pespino/Cactus/configs/elliptica/lib/libthorn_CarpetIOBasic.a
Creating /home/pespino/Cactus/configs/elliptica/lib/libthorn_CarpetIOScalar.a
COMPILING SpritzCode/Spritz/src/Interfaces.F90
COMPILING SpritzCode/Spritz/src/Utils.F90
COMPILING Carpet/CarpetRegrid2/src/boundary.cc
COMPILING Carpet/CarpetRegrid2/src/indexing.cc
COMPILING SpritzCode/Spritz/src/nrutil.F90
COMPILING Carpet/CarpetRegrid2/src/initialise.cc
COMPILING CTThorns/CT_MultiLevel/src/CT_PopulatePointerStruct.cc
COMPILING Carpet/CarpetIOHDF5/src/CarpetIOHDF5.cc
COMPILING CTThorns/CT_MultiLevel/src/CT_Utils.cc
COMPILING Carpet/CarpetRegrid/src/manualgridpointlist.cc
COMPILING Carpet/CarpetRegrid2/src/paramcheck.cc
COMPILING SpritzCode/Spritz/src/Spritz_EOS.c
COMPILING SpritzCode/Spritz/src/Spritz_Boundaries.F90
Creating /home/pespino/Cactus/configs/elliptica/lib/libthorn_ReadInterpolate.a
COMPILING SpritzCode/Spritz/src/Spritz_CalcUpdate.F90
COMPILING Carpet/CarpetRegrid2/src/property.cc
Creating /home/pespino/Cactus/configs/elliptica/lib/libthorn_CarpetIOASCII.a
COMPILING Carpet/CarpetRegrid2/src/regrid.cc
COMPILING Carpet/CarpetRegrid/src/manualgridpoints.cc
Creating /home/pespino/Cactus/configs/elliptica/lib/libthorn_CarpetEvolutionMask.a
COMPILING SpritzCode/Spritz/src/Spritz_Flux.F90
COMPILING Carpet/CarpetIOHDF5/src/Input.cc
COMPILING SpritzCode/Spritz/src/Spritz_Loop.F90
COMPILING SpritzCode/Spritz/src/Spritz_Maxima.F90
COMPILING Carpet/CarpetIOHDF5/src/Output.cc
Creating /home/pespino/Cactus/configs/elliptica/lib/libthorn_Spritz_InitData.a
COMPILING Carpet/CarpetRegrid/src/moving.cc
COMPILING Carpet/CarpetIOHDF5/src/OutputSlice.cc
COMPILING Carpet/CarpetRegrid/src/regrid.cc
COMPILING Carpet/CarpetRegrid/src/paramcheck.cc
Creating /home/pespino/Cactus/configs/elliptica/lib/libthorn_PeriodicCarpet.a
COMPILING SpritzCode/Spritz/src/Spritz_Minima.cc
COMPILING SpritzCode/Spritz/src/Spritz_Minima.F90
COMPILING SpritzCode/Spritz/src/Spritz_Scalars.F90
COMPILING SpritzCode/Spritz/src/Spritz_ParamCheck.F90
COMPILING SpritzCode/Spritz/src/Spritz_Prim2Con.F90
COMPILING SpritzCode/Spritz/src/Spritz_Prim2ConInitial.c
COMPILING SpritzCode/Spritz/src/Spritz_Con2PrimM_Noble_pt_EOSOmni.c
COMPILING SpritzCode/Spritz/src/Spritz_RegisterVars.cc
/home/pespino/Cactus/arrangements/SpritzCode/Spritz/src/Spritz_Prim2Con.F90:244:42:

  244 |                alpl,betaxl,betayl,betazl, xtemp, y_e_minus(i,j,k))
      |                                          1
Warning: Rank mismatch in argument 'temp' at (1) (scalar and rank-1) [-Wargument-mismatch]
/home/pespino/Cactus/arrangements/SpritzCode/Spritz/src/Spritz_Prim2Con.F90:256:57:

  256 |                dBzplus(i,j,k),alpr,betaxr,betayr,betazr, xtemp, y_e_plus(i,j,k))
      |                                                         1
Warning: Rank mismatch in argument 'temp' at (1) (scalar and rank-1) [-Wargument-mismatch]
Creating /home/pespino/Cactus/configs/elliptica/lib/libthorn_CarpetSlab.a
COMPILING SpritzCode/Spritz/src/Spritz_Reconstruct.F90
COMPILING SpritzCode/Spritz/src/Spritz_ReconstructPoly.F90
COMPILING SpritzCode/Spritz/src/Spritz_RiemannSolve.F90
COMPILING SpritzCode/Spritz/src/Spritz_Source.F90
COMPILING SpritzCode/Spritz/src/Spritz_HLLE_MHD.F90
COMPILING SpritzCode/Spritz/src/Spritz_Startup.F90
COMPILING SpritzCode/Spritz/src/Spritz_Analysis_MHD.F90
COMPILING SpritzCode/Spritz/src/Spritz_Tmunu.F90
COMPILING SpritzCode/Spritz/src/Spritz_Avec_outer_boundaries.C
COMPILING SpritzCode/Spritz/src/Spritz_InitZeroVar.F90
COMPILING SpritzCode/Spritz/src/Spritz_CheckConstrainT.c
COMPILING SpritzCode/Spritz/src/nrmodule.F90
COMPILING SpritzCode/Spritz/src/Spritz_PPM.F90
COMPILING SpritzCode/Spritz/src/Spritz_MINMOD.F90
Creating /home/pespino/Cactus/configs/elliptica/lib/libthorn_CarpetIntegrateTest.a
COMPILING SpritzCode/Spritz/src/Spritz_PreLoop.F90
COMPILING SpritzCode/Spritz/src/Spritz_WENOZ.F90
Creating /home/pespino/Cactus/configs/elliptica/lib/libthorn_NoExcision.a
COMPILING SpritzCode/Spritz/src/Spritz_SlopeLimiter.F90
Creating /home/pespino/Cactus/configs/elliptica/lib/libthorn_WaveExtractL.a
COMPILING SpritzCode/Spritz/src/zrhqr.F90
COMPILING SpritzCode/Spritz/src/Spritz_Con2Prim_MHD.F90
COMPILING Llama/Coordinates/src/patchsystem.cc
COMPILING Llama/Coordinates/src/interpolate.cc
COMPILING Llama/Coordinates/src/multipatch.cc
COMPILING Llama/Coordinates/src/register.cc
COMPILING Llama/Coordinates/src/cartesian.cc
COMPILING Llama/Coordinates/src/local_to_global.cc
COMPILING Llama/Coordinates/src/cylinderinbox.cc
COMPILING Llama/Coordinates/src/spherecolumn.cc
COMPILING Llama/Coordinates/src/thornburg04nc.cc
COMPILING Llama/Coordinates/src/global_to_local.cc
COMPILING Llama/Coordinates/src/twopatchdistorted.cc
COMPILING Llama/Coordinates/src/twopatchcartesian.cc
COMPILING Llama/Coordinates/src/thornburg13.cc
COMPILING Llama/Coordinates/src/thornburg04.cc
COMPILING Llama/Coordinates/src/param_check.cc
COMPILING Llama/Coordinates/src/cylindercolumn.cc
COMPILING Llama/Coordinates/src/util.cc
COMPILING Llama/Coordinates/src/inverse_jacobian.F90
Creating /home/pespino/Cactus/configs/elliptica/lib/libthorn_CarpetReduce.a
Creating /home/pespino/Cactus/configs/elliptica/lib/libthorn_CT_MultiLevel.a
Creating /home/pespino/Cactus/configs/elliptica/lib/libthorn_CarpetInterp2.a
Checking status of thorn Interpolate2
Creating /home/pespino/Cactus/configs/elliptica/lib/libthorn_CarpetRegrid.a
Creating /home/pespino/Cactus/configs/elliptica/lib/libthorn_Spritz.a
Checking status of thorn ZelmaniLeak
COMPILING configs/elliptica/bindings/build/Interpolate2/cctk_ThornBindings.c
Creating /home/pespino/Cactus/configs/elliptica/lib/libthorn_CarpetRegrid2.a
COMPILING configs/elliptica/bindings/build/ZelmaniLeak/cctk_ThornBindings.c
/home/pespino/Cactus/arrangements/SpritzCode/ZelmaniLeak/src/startup.F90:31: Warning: While tracing module dependencies: Source file for module "yeofrhomod" not found
   Searched in thorn directory and in [/home/pespino/Cactus/configs/elliptica/build/ZelmaniLeak/../Boundary, /home/pespino/Cactus/configs/elliptica/build/ZelmaniLeak/../CartGrid3D, /home/pespino/Cactus/configs/elliptica/build/ZelmaniLeak/../Fortran, /home/pespino/Cactus/configs/elliptica/build/ZelmaniLeak/../MPI, /home/pespino/Cactus/configs/elliptica/build/ZelmaniLeak/../Spritz, /home/pespino/Cactus/configs/elliptica/build/ZelmaniLeak/../UA_EOS_Omni]
COMPILING Llama/Interpolate2/src/init.cc
COMPILING Llama/Interpolate2/src/interpolate.cc
COMPILING Llama/Interpolate2/src/test.cc
COMPILING Llama/Interpolate2/src/calc_inv3.F90
COMPILING SpritzCode/ZelmaniLeak/src/neutrino_pressure.c
COMPILING SpritzCode/ZelmaniLeak/src/tau.cc
COMPILING SpritzCode/ZelmaniLeak/src/calc_grr.cc
COMPILING SpritzCode/ZelmaniLeak/src/helpers.cc
COMPILING SpritzCode/ZelmaniLeak/src/paramcheck.c
COMPILING SpritzCode/ZelmaniLeak/src/output_control.cc
COMPILING SpritzCode/ZelmaniLeak/src/outputsettings.cc
COMPILING SpritzCode/ZelmaniLeak/src/ye_of_rho_from_profile.F90
COMPILING SpritzCode/ZelmaniLeak/src/ye_of_rho.F90
COMPILING SpritzCode/ZelmaniLeak/src/calc_pnu.F90
COMPILING SpritzCode/ZelmaniLeak/src/Tmunu.F90
COMPILING SpritzCode/ZelmaniLeak/src/calc_taus.F90
COMPILING SpritzCode/ZelmaniLeak/src/calc_leak.F90
Creating /home/pespino/Cactus/configs/elliptica/lib/libthorn_CarpetIOHDF5.a
COMPILING SpritzCode/ZelmaniLeak/src/startup.F90
Creating /home/pespino/Cactus/configs/elliptica/lib/libthorn_ZelmaniLeak.a
Creating /home/pespino/Cactus/configs/elliptica/lib/libthorn_Interpolate2.a
config.status: executing libtool commands
FFTW3: Building...
Making all in support
Making all in kernel
libtool: compile:  gcc -DHAVE_CONFIG_H -I. -I.. -I../simd -fopenmp -m128bit-long-double -std=gnu11 -march=znver2 -fomit-frame-pointer -O2 -mavx2 -mfma -fopenmp -MT align.lo -MD -MP -MF .deps/align.Tpo -c align.c -o align.o
libtool: compile:  gcc -DHAVE_CONFIG_H -I. -I.. -I../simd -fopenmp -m128bit-long-double -std=gnu11 -march=znver2 -fomit-frame-pointer -O2 -mavx2 -mfma -fopenmp -MT alloc.lo -MD -MP -MF .deps/alloc.Tpo -c alloc.c -o alloc.o
libtool: compile:  gcc -DHAVE_CONFIG_H -I. -I.. -I../simd -fopenmp -m128bit-long-double -std=gnu11 -march=znver2 -fomit-frame-pointer -O2 -mavx2 -mfma -fopenmp -MT assert.lo -MD -MP -MF .deps/assert.Tpo -c assert.c -o assert.o
libtool: compile:  gcc -DHAVE_CONFIG_H -I. -I.. -I../simd -fopenmp -m128bit-long-double -std=gnu11 -march=znver2 -fomit-frame-pointer -O2 -mavx2 -mfma -fopenmp -MT awake.lo -MD -MP -MF .deps/awake.Tpo -c awake.c -o awake.o
libtool: compile:  gcc -DHAVE_CONFIG_H -I. -I.. -I../simd -fopenmp -m128bit-long-double -std=gnu11 -march=znver2 -fomit-frame-pointer -O2 -mavx2 -mfma -fopenmp -MT buffered.lo -MD -MP -MF .deps/buffered.Tpo -c buffered.c -o buffered.o
libtool: compile:  gcc -DHAVE_CONFIG_H -I. -I.. -I../simd -fopenmp -m128bit-long-double -std=gnu11 -march=znver2 -fomit-frame-pointer -O2 -mavx2 -mfma -fopenmp -MT cpy1d.lo -MD -MP -MF .deps/cpy1d.Tpo -c cpy1d.c -o cpy1d.o
libtool: compile:  gcc -DHAVE_CONFIG_H -I. -I.. -I../simd -fopenmp -m128bit-long-double -std=gnu11 -march=znver2 -fomit-frame-pointer -O2 -mavx2 -mfma -fopenmp -MT cpy2d-pair.lo -MD -MP -MF .deps/cpy2d-pair.Tpo -c cpy2d-pair.c -o cpy2d-pair.o
libtool: compile:  gcc -DHAVE_CONFIG_H -I. -I.. -I../simd -fopenmp -m128bit-long-double -std=gnu11 -march=znver2 -fomit-frame-pointer -O2 -mavx2 -mfma -fopenmp -MT cpy2d.lo -MD -MP -MF .deps/cpy2d.Tpo -c cpy2d.c -o cpy2d.o
libtool: compile:  gcc -DHAVE_CONFIG_H -I. -I.. -I../simd -fopenmp -m128bit-long-double -std=gnu11 -march=znver2 -fomit-frame-pointer -O2 -mavx2 -mfma -fopenmp -MT ct.lo -MD -MP -MF .deps/ct.Tpo -c ct.c -o ct.o
libtool: compile:  gcc -DHAVE_CONFIG_H -I. -I.. -I../simd -fopenmp -m128bit-long-double -std=gnu11 -march=znver2 -fomit-frame-pointer -O2 -mavx2 -mfma -fopenmp -MT debug.lo -MD -MP -MF .deps/debug.Tpo -c debug.c -o debug.o
libtool: compile:  gcc -DHAVE_CONFIG_H -I. -I.. -I../simd -fopenmp -m128bit-long-double -std=gnu11 -march=znver2 -fomit-frame-pointer -O2 -mavx2 -mfma -fopenmp -MT extract-reim.lo -MD -MP -MF .deps/extract-reim.Tpo -c extract-reim.c -o extract-reim.o
libtool: compile:  gcc -DHAVE_CONFIG_H -I. -I.. -I../simd -fopenmp -m128bit-long-double -std=gnu11 -march=znver2 -fomit-frame-pointer -O2 -mavx2 -mfma -fopenmp -MT hash.lo -MD -MP -MF .deps/hash.Tpo -c hash.c -o hash.o
libtool: compile:  gcc -DHAVE_CONFIG_H -I. -I.. -I../simd -fopenmp -m128bit-long-double -std=gnu11 -march=znver2 -fomit-frame-pointer -O2 -mavx2 -mfma -fopenmp -MT iabs.lo -MD -MP -MF .deps/iabs.Tpo -c iabs.c -o iabs.o
libtool: compile:  gcc -DHAVE_CONFIG_H -I. -I.. -I../simd -fopenmp -m128bit-long-double -std=gnu11 -march=znver2 -fomit-frame-pointer -O2 -mavx2 -mfma -fopenmp -MT kalloc.lo -MD -MP -MF .deps/kalloc.Tpo -c kalloc.c -o kalloc.o
libtool: compile:  gcc -DHAVE_CONFIG_H -I. -I.. -I../simd -fopenmp -m128bit-long-double -std=gnu11 -march=znver2 -fomit-frame-pointer -O2 -mavx2 -mfma -fopenmp -MT md5-1.lo -MD -MP -MF .deps/md5-1.Tpo -c md5-1.c -o md5-1.o
libtool: compile:  gcc -DHAVE_CONFIG_H -I. -I.. -I../simd -fopenmp -m128bit-long-double -std=gnu11 -march=znver2 -fomit-frame-pointer -O2 -mavx2 -mfma -fopenmp -MT md5.lo -MD -MP -MF .deps/md5.Tpo -c md5.c -o md5.o
libtool: compile:  gcc -DHAVE_CONFIG_H -I. -I.. -I../simd -fopenmp -m128bit-long-double -std=gnu11 -march=znver2 -fomit-frame-pointer -O2 -mavx2 -mfma -fopenmp -MT minmax.lo -MD -MP -MF .deps/minmax.Tpo -c minmax.c -o minmax.o
libtool: compile:  gcc -DHAVE_CONFIG_H -I. -I.. -I../simd -fopenmp -m128bit-long-double -std=gnu11 -march=znver2 -fomit-frame-pointer -O2 -mavx2 -mfma -fopenmp -MT ops.lo -MD -MP -MF .deps/ops.Tpo -c ops.c -o ops.o
libtool: compile:  gcc -DHAVE_CONFIG_H -I. -I.. -I../simd -fopenmp -m128bit-long-double -std=gnu11 -march=znver2 -fomit-frame-pointer -O2 -mavx2 -mfma -fopenmp -MT pickdim.lo -MD -MP -MF .deps/pickdim.Tpo -c pickdim.c -o pickdim.o
libtool: compile:  gcc -DHAVE_CONFIG_H -I. -I.. -I../simd -fopenmp -m128bit-long-double -std=gnu11 -march=znver2 -fomit-frame-pointer -O2 -mavx2 -mfma -fopenmp -MT plan.lo -MD -MP -MF .deps/plan.Tpo -c plan.c -o plan.o
libtool: compile:  gcc -DHAVE_CONFIG_H -I. -I.. -I../simd -fopenmp -m128bit-long-double -std=gnu11 -march=znver2 -fomit-frame-pointer -O2 -mavx2 -mfma -fopenmp -MT planner.lo -MD -MP -MF .deps/planner.Tpo -c planner.c -o planner.o
libtool: compile:  gcc -DHAVE_CONFIG_H -I. -I.. -I../simd -fopenmp -m128bit-long-double -std=gnu11 -march=znver2 -fomit-frame-pointer -O2 -mavx2 -mfma -fopenmp -MT primes.lo -MD -MP -MF .deps/primes.Tpo -c primes.c -o primes.o
libtool: compile:  gcc -DHAVE_CONFIG_H -I. -I.. -I../simd -fopenmp -m128bit-long-double -std=gnu11 -march=znver2 -fomit-frame-pointer -O2 -mavx2 -mfma -fopenmp -MT print.lo -MD -MP -MF .deps/print.Tpo -c print.c -o print.o
libtool: compile:  gcc -DHAVE_CONFIG_H -I. -I.. -I../simd -fopenmp -m128bit-long-double -std=gnu11 -march=znver2 -fomit-frame-pointer -O2 -mavx2 -mfma -fopenmp -MT problem.lo -MD -MP -MF .deps/problem.Tpo -c problem.c -o problem.o
libtool: compile:  gcc -DHAVE_CONFIG_H -I. -I.. -I../simd -fopenmp -m128bit-long-double -std=gnu11 -march=znver2 -fomit-frame-pointer -O2 -mavx2 -mfma -fopenmp -MT rader.lo -MD -MP -MF .deps/rader.Tpo -c rader.c -o rader.o
libtool: compile:  gcc -DHAVE_CONFIG_H -I. -I.. -I../simd -fopenmp -m128bit-long-double -std=gnu11 -march=znver2 -fomit-frame-pointer -O2 -mavx2 -mfma -fopenmp -MT scan.lo -MD -MP -MF .deps/scan.Tpo -c scan.c -o scan.o
libtool: compile:  gcc -DHAVE_CONFIG_H -I. -I.. -I../simd -fopenmp -m128bit-long-double -std=gnu11 -march=znver2 -fomit-frame-pointer -O2 -mavx2 -mfma -fopenmp -MT solver.lo -MD -MP -MF .deps/solver.Tpo -c solver.c -o solver.o
libtool: compile:  gcc -DHAVE_CONFIG_H -I. -I.. -I../simd -fopenmp -m128bit-long-double -std=gnu11 -march=znver2 -fomit-frame-pointer -O2 -mavx2 -mfma -fopenmp -MT stride.lo -MD -MP -MF .deps/stride.Tpo -c stride.c -o stride.o
libtool: compile:  gcc -DHAVE_CONFIG_H -I. -I.. -I../simd -fopenmp -m128bit-long-double -std=gnu11 -march=znver2 -fomit-frame-pointer -O2 -mavx2 -mfma -fopenmp -MT tensor.lo -MD -MP -MF .deps/tensor.Tpo -c tensor.c -o tensor.o
libtool: compile:  gcc -DHAVE_CONFIG_H -I. -I.. -I../simd -fopenmp -m128bit-long-double -std=gnu11 -march=znver2 -fomit-frame-pointer -O2 -mavx2 -mfma -fopenmp -MT tensor1.lo -MD -MP -MF .deps/tensor1.Tpo -c tensor1.c -o tensor1.o
libtool: compile:  gcc -DHAVE_CONFIG_H -I. -I.. -I../simd -fopenmp -m128bit-long-double -std=gnu11 -march=znver2 -fomit-frame-pointer -O2 -mavx2 -mfma -fopenmp -MT solvtab.lo -MD -MP -MF .deps/solvtab.Tpo -c solvtab.c -o solvtab.o
libtool: compile:  gcc -DHAVE_CONFIG_H -I. -I.. -I../simd -fopenmp -m128bit-long-double -std=gnu11 -march=znver2 -fomit-frame-pointer -O2 -mavx2 -mfma -fopenmp -MT tensor2.lo -MD -MP -MF .deps/tensor2.Tpo -c tensor2.c -o tensor2.o
libtool: compile:  gcc -DHAVE_CONFIG_H -I. -I.. -I../simd -fopenmp -m128bit-long-double -std=gnu11 -march=znver2 -fomit-frame-pointer -O2 -mavx2 -mfma -fopenmp -MT tensor4.lo -MD -MP -MF .deps/tensor4.Tpo -c tensor4.c -o tensor4.o
libtool: compile:  gcc -DHAVE_CONFIG_H -I. -I.. -I../simd -fopenmp -m128bit-long-double -std=gnu11 -march=znver2 -fomit-frame-pointer -O2 -mavx2 -mfma -fopenmp -MT tensor5.lo -MD -MP -MF .deps/tensor5.Tpo -c tensor5.c -o tensor5.o
libtool: compile:  gcc -DHAVE_CONFIG_H -I. -I.. -I../simd -fopenmp -m128bit-long-double -std=gnu11 -march=znver2 -fomit-frame-pointer -O2 -mavx2 -mfma -fopenmp -MT tensor7.lo -MD -MP -MF .deps/tensor7.Tpo -c tensor7.c -o tensor7.o
libtool: compile:  gcc -DHAVE_CONFIG_H -I. -I.. -I../simd -fopenmp -m128bit-long-double -std=gnu11 -march=znver2 -fomit-frame-pointer -O2 -mavx2 -mfma -fopenmp -MT tensor8.lo -MD -MP -MF .deps/tensor8.Tpo -c tensor8.c -o tensor8.o
libtool: compile:  gcc -DHAVE_CONFIG_H -I. -I.. -I../simd -fopenmp -m128bit-long-double -std=gnu11 -march=znver2 -fomit-frame-pointer -O2 -mavx2 -mfma -fopenmp -MT tensor3.lo -MD -MP -MF .deps/tensor3.Tpo -c tensor3.c -o tensor3.o
libtool: compile:  gcc -DHAVE_CONFIG_H -I. -I.. -I../simd -fopenmp -m128bit-long-double -std=gnu11 -march=znver2 -fomit-frame-pointer -O2 -mavx2 -mfma -fopenmp -MT timer.lo -MD -MP -MF .deps/timer.Tpo -c timer.c -o timer.o
libtool: compile:  gcc -DHAVE_CONFIG_H -I. -I.. -I../simd -fopenmp -m128bit-long-double -std=gnu11 -march=znver2 -fomit-frame-pointer -O2 -mavx2 -mfma -fopenmp -MT twiddle.lo -MD -MP -MF .deps/twiddle.Tpo -c twiddle.c -o twiddle.o
libtool: compile:  gcc -DHAVE_CONFIG_H -I. -I.. -I../simd -fopenmp -m128bit-long-double -std=gnu11 -march=znver2 -fomit-frame-pointer -O2 -mavx2 -mfma -fopenmp -MT transpose.lo -MD -MP -MF .deps/transpose.Tpo -c transpose.c -o transpose.o
libtool: compile:  gcc -DHAVE_CONFIG_H -I. -I.. -I../simd -fopenmp -m128bit-long-double -std=gnu11 -march=znver2 -fomit-frame-pointer -O2 -mavx2 -mfma -fopenmp -MT tile2d.lo -MD -MP -MF .deps/tile2d.Tpo -c tile2d.c -o tile2d.o
libtool: compile:  gcc -DHAVE_CONFIG_H -I. -I.. -I../simd -fopenmp -m128bit-long-double -std=gnu11 -march=znver2 -fomit-frame-pointer -O2 -mavx2 -mfma -fopenmp -MT trig.lo -MD -MP -MF .deps/trig.Tpo -c trig.c -o trig.o
libtool: compile:  gcc -DHAVE_CONFIG_H -I. -I.. -I../simd -fopenmp -m128bit-long-double -std=gnu11 -march=znver2 -fomit-frame-pointer -O2 -mavx2 -mfma -fopenmp -MT tensor9.lo -MD -MP -MF .deps/tensor9.Tpo -c tensor9.c -o tensor9.o
Creating /home/pespino/Cactus/configs/elliptica/lib/libthorn_Coordinates.a
libtool: link: ar cru .libs/libkernel.a  align.o alloc.o assert.o awake.o buffered.o cpy1d.o cpy2d-pair.o cpy2d.o ct.o debug.o extract-reim.o hash.o iabs.o kalloc.o md5-1.o md5.o minmax.o ops.o pickdim.o plan.o planner.o primes.o print.o problem.o rader.o scan.o solver.o solvtab.o stride.o tensor.o tensor1.o tensor2.o tensor3.o tensor4.o tensor5.o tensor7.o tensor8.o tensor9.o tile2d.o timer.o transpose.o trig.o twiddle.o
libtool: link: ranlib .libs/libkernel.a
libtool: link: ( cd ".libs" && rm -f "libkernel.la" && ln -s "../libkernel.la" "libkernel.la" )
Making all in simd-support
libtool: compile:  gcc -DHAVE_CONFIG_H -I. -I.. -I../kernel -fopenmp -m128bit-long-double -std=gnu11 -march=znver2 -fomit-frame-pointer -O2 -mavx2 -mfma -fopenmp -MT taint.lo -MD -MP -MF .deps/taint.Tpo -c taint.c -o taint.o
libtool: compile:  gcc -DHAVE_CONFIG_H -I. -I.. -I../kernel -fopenmp -m128bit-long-double -std=gnu11 -march=znver2 -fomit-frame-pointer -O2 -mavx2 -mfma -fopenmp -MT sse2.lo -MD -MP -MF .deps/sse2.Tpo -c sse2.c -o sse2.o
libtool: compile:  gcc -DHAVE_CONFIG_H -I. -I.. -I../kernel -fopenmp -m128bit-long-double -std=gnu11 -march=znver2 -fomit-frame-pointer -O2 -mavx2 -mfma -fopenmp -MT avx.lo -MD -MP -MF .deps/avx.Tpo -c avx.c -o avx.o
libtool: compile:  gcc -DHAVE_CONFIG_H -I. -I.. -I../kernel -fopenmp -m128bit-long-double -std=gnu11 -march=znver2 -fomit-frame-pointer -O2 -mavx2 -mfma -fopenmp -MT altivec.lo -MD -MP -MF .deps/altivec.Tpo -c altivec.c -o altivec.o
libtool: compile:  gcc -DHAVE_CONFIG_H -I. -I.. -I../kernel -fopenmp -m128bit-long-double -std=gnu11 -march=znver2 -fomit-frame-pointer -O2 -mavx2 -mfma -fopenmp -MT neon.lo -MD -MP -MF .deps/neon.Tpo -c neon.c -o neon.o
libtool: compile:  gcc -DHAVE_CONFIG_H -I. -I.. -I../kernel -fopenmp -m128bit-long-double -std=gnu11 -march=znver2 -fomit-frame-pointer -O2 -mavx2 -mfma -fopenmp -MT libsimd_sse2_nonportable_la-sse2-nonportable.lo -MD -MP -MF .deps/libsimd_sse2_nonportable_la-sse2-nonportable.Tpo -c sse2-nonportable.c -o libsimd_sse2_nonportable_la-sse2-nonportable.o
libtool: link: ar cru .libs/libsimd_sse2_nonportable.a  libsimd_sse2_nonportable_la-sse2-nonportable.o
libtool: link: ar cru .libs/libsimd_support.a  taint.o sse2.o avx.o altivec.o neon.o
libtool: link: ranlib .libs/libsimd_sse2_nonportable.a
libtool: link: ranlib .libs/libsimd_support.a
libtool: link: ( cd ".libs" && rm -f "libsimd_sse2_nonportable.la" && ln -s "../libsimd_sse2_nonportable.la" "libsimd_sse2_nonportable.la" )
libtool: link: ( cd ".libs" && rm -f "libsimd_support.la" && ln -s "../libsimd_support.la" "libsimd_support.la" )
Making all in dft
Making all in scalar
Making all in codelets
libtool: compile:  gcc -DHAVE_CONFIG_H -I. -I../../.. -I../../../kernel -I../../../dft -I../../../dft/scalar -fopenmp -m128bit-long-double -std=gnu11 -march=znver2 -fomit-frame-pointer -O2 -mavx2 -mfma -fopenmp -MT n1_2.lo -MD -MP -MF .deps/n1_2.Tpo -c n1_2.c -o n1_2.o
libtool: compile:  gcc -DHAVE_CONFIG_H -I. -I../../.. -I../../../kernel -I../../../dft -I../../../dft/scalar -fopenmp -m128bit-long-double -std=gnu11 -march=znver2 -fomit-frame-pointer -O2 -mavx2 -mfma -fopenmp -MT n1_3.lo -MD -MP -MF .deps/n1_3.Tpo -c n1_3.c -o n1_3.o
libtool: compile:  gcc -DHAVE_CONFIG_H -I. -I../../.. -I../../../kernel -I../../../dft -I../../../dft/scalar -fopenmp -m128bit-long-double -std=gnu11 -march=znver2 -fomit-frame-pointer -O2 -mavx2 -mfma -fopenmp -MT n1_4.lo -MD -MP -MF .deps/n1_4.Tpo -c n1_4.c -o n1_4.o
libtool: compile:  gcc -DHAVE_CONFIG_H -I. -I../../.. -I../../../kernel -I../../../dft -I../../../dft/scalar -fopenmp -m128bit-long-double -std=gnu11 -march=znver2 -fomit-frame-pointer -O2 -mavx2 -mfma -fopenmp -MT n1_5.lo -MD -MP -MF .deps/n1_5.Tpo -c n1_5.c -o n1_5.o
libtool: compile:  gcc -DHAVE_CONFIG_H -I. -I../../.. -I../../../kernel -I../../../dft -I../../../dft/scalar -fopenmp -m128bit-long-double -std=gnu11 -march=znver2 -fomit-frame-pointer -O2 -mavx2 -mfma -fopenmp -MT n1_6.lo -MD -MP -MF .deps/n1_6.Tpo -c n1_6.c -o n1_6.o
libtool: compile:  gcc -DHAVE_CONFIG_H -I. -I../../.. -I../../../kernel -I../../../dft -I../../../dft/scalar -fopenmp -m128bit-long-double -std=gnu11 -march=znver2 -fomit-frame-pointer -O2 -mavx2 -mfma -fopenmp -MT n1_7.lo -MD -MP -MF .deps/n1_7.Tpo -c n1_7.c -o n1_7.o
libtool: compile:  gcc -DHAVE_CONFIG_H -I. -I../../.. -I../../../kernel -I../../../dft -I../../../dft/scalar -fopenmp -m128bit-long-double -std=gnu11 -march=znver2 -fomit-frame-pointer -O2 -mavx2 -mfma -fopenmp -MT n1_9.lo -MD -MP -MF .deps/n1_9.Tpo -c n1_9.c -o n1_9.o
libtool: compile:  gcc -DHAVE_CONFIG_H -I. -I../../.. -I../../../kernel -I../../../dft -I../../../dft/scalar -fopenmp -m128bit-long-double -std=gnu11 -march=znver2 -fomit-frame-pointer -O2 -mavx2 -mfma -fopenmp -MT n1_8.lo -MD -MP -MF .deps/n1_8.Tpo -c n1_8.c -o n1_8.o
libtool: compile:  gcc -DHAVE_CONFIG_H -I. -I../../.. -I../../../kernel -I../../../dft -I../../../dft/scalar -fopenmp -m128bit-long-double -std=gnu11 -march=znver2 -fomit-frame-pointer -O2 -mavx2 -mfma -fopenmp -MT n1_10.lo -MD -MP -MF .deps/n1_10.Tpo -c n1_10.c -o n1_10.o
libtool: compile:  gcc -DHAVE_CONFIG_H -I. -I../../.. -I../../../kernel -I../../../dft -I../../../dft/scalar -fopenmp -m128bit-long-double -std=gnu11 -march=znver2 -fomit-frame-pointer -O2 -mavx2 -mfma -fopenmp -MT n1_11.lo -MD -MP -MF .deps/n1_11.Tpo -c n1_11.c -o n1_11.o
libtool: compile:  gcc -DHAVE_CONFIG_H -I. -I../../.. -I../../../kernel -I../../../dft -I../../../dft/scalar -fopenmp -m128bit-long-double -std=gnu11 -march=znver2 -fomit-frame-pointer -O2 -mavx2 -mfma -fopenmp -MT n1_12.lo -MD -MP -MF .deps/n1_12.Tpo -c n1_12.c -o n1_12.o
libtool: compile:  gcc -DHAVE_CONFIG_H -I. -I../../.. -I../../../kernel -I../../../dft -I../../../dft/scalar -fopenmp -m128bit-long-double -std=gnu11 -march=znver2 -fomit-frame-pointer -O2 -mavx2 -mfma -fopenmp -MT n1_13.lo -MD -MP -MF .deps/n1_13.Tpo -c n1_13.c -o n1_13.o
libtool: compile:  gcc -DHAVE_CONFIG_H -I. -I../../.. -I../../../kernel -I../../../dft -I../../../dft/scalar -fopenmp -m128bit-long-double -std=gnu11 -march=znver2 -fomit-frame-pointer -O2 -mavx2 -mfma -fopenmp -MT n1_14.lo -MD -MP -MF .deps/n1_14.Tpo -c n1_14.c -o n1_14.o
libtool: compile:  gcc -DHAVE_CONFIG_H -I. -I../../.. -I../../../kernel -I../../../dft -I../../../dft/scalar -fopenmp -m128bit-long-double -std=gnu11 -march=znver2 -fomit-frame-pointer -O2 -mavx2 -mfma -fopenmp -MT n1_15.lo -MD -MP -MF .deps/n1_15.Tpo -c n1_15.c -o n1_15.o
libtool: compile:  gcc -DHAVE_CONFIG_H -I. -I../../.. -I../../../kernel -I../../../dft -I../../../dft/scalar -fopenmp -m128bit-long-double -std=gnu11 -march=znver2 -fomit-frame-pointer -O2 -mavx2 -mfma -fopenmp -MT n1_16.lo -MD -MP -MF .deps/n1_16.Tpo -c n1_16.c -o n1_16.o
libtool: compile:  gcc -DHAVE_CONFIG_H -I. -I../../.. -I../../../kernel -I../../../dft -I../../../dft/scalar -fopenmp -m128bit-long-double -std=gnu11 -march=znver2 -fomit-frame-pointer -O2 -mavx2 -mfma -fopenmp -MT n1_32.lo -MD -MP -MF .deps/n1_32.Tpo -c n1_32.c -o n1_32.o
libtool: compile:  gcc -DHAVE_CONFIG_H -I. -I../../.. -I../../../kernel -I../../../dft -I../../../dft/scalar -fopenmp -m128bit-long-double -std=gnu11 -march=znver2 -fomit-frame-pointer -O2 -mavx2 -mfma -fopenmp -MT n1_64.lo -MD -MP -MF .deps/n1_64.Tpo -c n1_64.c -o n1_64.o
libtool: compile:  gcc -DHAVE_CONFIG_H -I. -I../../.. -I../../../kernel -I../../../dft -I../../../dft/scalar -fopenmp -m128bit-long-double -std=gnu11 -march=znver2 -fomit-frame-pointer -O2 -mavx2 -mfma -fopenmp -MT n1_20.lo -MD -MP -MF .deps/n1_20.Tpo -c n1_20.c -o n1_20.o
libtool: compile:  gcc -DHAVE_CONFIG_H -I. -I../../.. -I../../../kernel -I../../../dft -I../../../dft/scalar -fopenmp -m128bit-long-double -std=gnu11 -march=znver2 -fomit-frame-pointer -O2 -mavx2 -mfma -fopenmp -MT n1_25.lo -MD -MP -MF .deps/n1_25.Tpo -c n1_25.c -o n1_25.o
libtool: compile:  gcc -DHAVE_CONFIG_H -I. -I../../.. -I../../../kernel -I../../../dft -I../../../dft/scalar -fopenmp -m128bit-long-double -std=gnu11 -march=znver2 -fomit-frame-pointer -O2 -mavx2 -mfma -fopenmp -MT t1_2.lo -MD -MP -MF .deps/t1_2.Tpo -c t1_2.c -o t1_2.o
libtool: compile:  gcc -DHAVE_CONFIG_H -I. -I../../.. -I../../../kernel -I../../../dft -I../../../dft/scalar -fopenmp -m128bit-long-double -std=gnu11 -march=znver2 -fomit-frame-pointer -O2 -mavx2 -mfma -fopenmp -MT t1_4.lo -MD -MP -MF .deps/t1_4.Tpo -c t1_4.c -o t1_4.o
libtool: compile:  gcc -DHAVE_CONFIG_H -I. -I../../.. -I../../../kernel -I../../../dft -I../../../dft/scalar -fopenmp -m128bit-long-double -std=gnu11 -march=znver2 -fomit-frame-pointer -O2 -mavx2 -mfma -fopenmp -MT t1_3.lo -MD -MP -MF .deps/t1_3.Tpo -c t1_3.c -o t1_3.o
libtool: compile:  gcc -DHAVE_CONFIG_H -I. -I../../.. -I../../../kernel -I../../../dft -I../../../dft/scalar -fopenmp -m128bit-long-double -std=gnu11 -march=znver2 -fomit-frame-pointer -O2 -mavx2 -mfma -fopenmp -MT t1_5.lo -MD -MP -MF .deps/t1_5.Tpo -c t1_5.c -o t1_5.o
libtool: compile:  gcc -DHAVE_CONFIG_H -I. -I../../.. -I../../../kernel -I../../../dft -I../../../dft/scalar -fopenmp -m128bit-long-double -std=gnu11 -march=znver2 -fomit-frame-pointer -O2 -mavx2 -mfma -fopenmp -MT t1_7.lo -MD -MP -MF .deps/t1_7.Tpo -c t1_7.c -o t1_7.o
libtool: compile:  gcc -DHAVE_CONFIG_H -I. -I../../.. -I../../../kernel -I../../../dft -I../../../dft/scalar -fopenmp -m128bit-long-double -std=gnu11 -march=znver2 -fomit-frame-pointer -O2 -mavx2 -mfma -fopenmp -MT t1_6.lo -MD -MP -MF .deps/t1_6.Tpo -c t1_6.c -o t1_6.o
libtool: compile:  gcc -DHAVE_CONFIG_H -I. -I../../.. -I../../../kernel -I../../../dft -I../../../dft/scalar -fopenmp -m128bit-long-double -std=gnu11 -march=znver2 -fomit-frame-pointer -O2 -mavx2 -mfma -fopenmp -MT t1_8.lo -MD -MP -MF .deps/t1_8.Tpo -c t1_8.c -o t1_8.o
libtool: compile:  gcc -DHAVE_CONFIG_H -I. -I../../.. -I../../../kernel -I../../../dft -I../../../dft/scalar -fopenmp -m128bit-long-double -std=gnu11 -march=znver2 -fomit-frame-pointer -O2 -mavx2 -mfma -fopenmp -MT t1_9.lo -MD -MP -MF .deps/t1_9.Tpo -c t1_9.c -o t1_9.o
libtool: compile:  gcc -DHAVE_CONFIG_H -I. -I../../.. -I../../../kernel -I../../../dft -I../../../dft/scalar -fopenmp -m128bit-long-double -std=gnu11 -march=znver2 -fomit-frame-pointer -O2 -mavx2 -mfma -fopenmp -MT t1_12.lo -MD -MP -MF .deps/t1_12.Tpo -c t1_12.c -o t1_12.o
libtool: compile:  gcc -DHAVE_CONFIG_H -I. -I../../.. -I../../../kernel -I../../../dft -I../../../dft/scalar -fopenmp -m128bit-long-double -std=gnu11 -march=znver2 -fomit-frame-pointer -O2 -mavx2 -mfma -fopenmp -MT t1_15.lo -MD -MP -MF .deps/t1_15.Tpo -c t1_15.c -o t1_15.o
libtool: compile:  gcc -DHAVE_CONFIG_H -I. -I../../.. -I../../../kernel -I../../../dft -I../../../dft/scalar -fopenmp -m128bit-long-double -std=gnu11 -march=znver2 -fomit-frame-pointer -O2 -mavx2 -mfma -fopenmp -MT t1_10.lo -MD -MP -MF .deps/t1_10.Tpo -c t1_10.c -o t1_10.o
libtool: compile:  gcc -DHAVE_CONFIG_H -I. -I../../.. -I../../../kernel -I../../../dft -I../../../dft/scalar -fopenmp -m128bit-long-double -std=gnu11 -march=znver2 -fomit-frame-pointer -O2 -mavx2 -mfma -fopenmp -MT t1_16.lo -MD -MP -MF .deps/t1_16.Tpo -c t1_16.c -o t1_16.o
libtool: compile:  gcc -DHAVE_CONFIG_H -I. -I../../.. -I../../../kernel -I../../../dft -I../../../dft/scalar -fopenmp -m128bit-long-double -std=gnu11 -march=znver2 -fomit-frame-pointer -O2 -mavx2 -mfma -fopenmp -MT t1_32.lo -MD -MP -MF .deps/t1_32.Tpo -c t1_32.c -o t1_32.o
libtool: compile:  gcc -DHAVE_CONFIG_H -I. -I../../.. -I../../../kernel -I../../../dft -I../../../dft/scalar -fopenmp -m128bit-long-double -std=gnu11 -march=znver2 -fomit-frame-pointer -O2 -mavx2 -mfma -fopenmp -MT t1_25.lo -MD -MP -MF .deps/t1_25.Tpo -c t1_25.c -o t1_25.o
libtool: compile:  gcc -DHAVE_CONFIG_H -I. -I../../.. -I../../../kernel -I../../../dft -I../../../dft/scalar -fopenmp -m128bit-long-double -std=gnu11 -march=znver2 -fomit-frame-pointer -O2 -mavx2 -mfma -fopenmp -MT t1_64.lo -MD -MP -MF .deps/t1_64.Tpo -c t1_64.c -o t1_64.o
libtool: compile:  gcc -DHAVE_CONFIG_H -I. -I../../.. -I../../../kernel -I../../../dft -I../../../dft/scalar -fopenmp -m128bit-long-double -std=gnu11 -march=znver2 -fomit-frame-pointer -O2 -mavx2 -mfma -fopenmp -MT t1_20.lo -MD -MP -MF .deps/t1_20.Tpo -c t1_20.c -o t1_20.o
libtool: compile:  gcc -DHAVE_CONFIG_H -I. -I../../.. -I../../../kernel -I../../../dft -I../../../dft/scalar -fopenmp -m128bit-long-double -std=gnu11 -march=znver2 -fomit-frame-pointer -O2 -mavx2 -mfma -fopenmp -MT t2_64.lo -MD -MP -MF .deps/t2_64.Tpo -c t2_64.c -o t2_64.o
libtool: compile:  gcc -DHAVE_CONFIG_H -I. -I../../.. -I../../../kernel -I../../../dft -I../../../dft/scalar -fopenmp -m128bit-long-double -std=gnu11 -march=znver2 -fomit-frame-pointer -O2 -mavx2 -mfma -fopenmp -MT t2_20.lo -MD -MP -MF .deps/t2_20.Tpo -c t2_20.c -o t2_20.o
libtool: compile:  gcc -DHAVE_CONFIG_H -I. -I../../.. -I../../../kernel -I../../../dft -I../../../dft/scalar -fopenmp -m128bit-long-double -std=gnu11 -march=znver2 -fomit-frame-pointer -O2 -mavx2 -mfma -fopenmp -MT t2_5.lo -MD -MP -MF .deps/t2_5.Tpo -c t2_5.c -o t2_5.o
libtool: compile:  gcc -DHAVE_CONFIG_H -I. -I../../.. -I../../../kernel -I../../../dft -I../../../dft/scalar -fopenmp -m128bit-long-double -std=gnu11 -march=znver2 -fomit-frame-pointer -O2 -mavx2 -mfma -fopenmp -MT t2_32.lo -MD -MP -MF .deps/t2_32.Tpo -c t2_32.c -o t2_32.o
libtool: compile:  gcc -DHAVE_CONFIG_H -I. -I../../.. -I../../../kernel -I../../../dft -I../../../dft/scalar -fopenmp -m128bit-long-double -std=gnu11 -march=znver2 -fomit-frame-pointer -O2 -mavx2 -mfma -fopenmp -MT t2_25.lo -MD -MP -MF .deps/t2_25.Tpo -c t2_25.c -o t2_25.o
libtool: compile:  gcc -DHAVE_CONFIG_H -I. -I../../.. -I../../../kernel -I../../../dft -I../../../dft/scalar -fopenmp -m128bit-long-double -std=gnu11 -march=znver2 -fomit-frame-pointer -O2 -mavx2 -mfma -fopenmp -MT t2_10.lo -MD -MP -MF .deps/t2_10.Tpo -c t2_10.c -o t2_10.o
libtool: compile:  gcc -DHAVE_CONFIG_H -I. -I../../.. -I../../../kernel -I../../../dft -I../../../dft/scalar -fopenmp -m128bit-long-double -std=gnu11 -march=znver2 -fomit-frame-pointer -O2 -mavx2 -mfma -fopenmp -MT q1_6.lo -MD -MP -MF .deps/q1_6.Tpo -c q1_6.c -o q1_6.o
libtool: compile:  gcc -DHAVE_CONFIG_H -I. -I../../.. -I../../../kernel -I../../../dft -I../../../dft/scalar -fopenmp -m128bit-long-double -std=gnu11 -march=znver2 -fomit-frame-pointer -O2 -mavx2 -mfma -fopenmp -MT q1_4.lo -MD -MP -MF .deps/q1_4.Tpo -c q1_4.c -o q1_4.o
libtool: compile:  gcc -DHAVE_CONFIG_H -I. -I../../.. -I../../../kernel -I../../../dft -I../../../dft/scalar -fopenmp -m128bit-long-double -std=gnu11 -march=znver2 -fomit-frame-pointer -O2 -mavx2 -mfma -fopenmp -MT q1_2.lo -MD -MP -MF .deps/q1_2.Tpo -c q1_2.c -o q1_2.o
libtool: compile:  gcc -DHAVE_CONFIG_H -I. -I../../.. -I../../../kernel -I../../../dft -I../../../dft/scalar -fopenmp -m128bit-long-double -std=gnu11 -march=znver2 -fomit-frame-pointer -O2 -mavx2 -mfma -fopenmp -MT q1_8.lo -MD -MP -MF .deps/q1_8.Tpo -c q1_8.c -o q1_8.o
libtool: compile:  gcc -DHAVE_CONFIG_H -I. -I../../.. -I../../../kernel -I../../../dft -I../../../dft/scalar -fopenmp -m128bit-long-double -std=gnu11 -march=znver2 -fomit-frame-pointer -O2 -mavx2 -mfma -fopenmp -MT t2_16.lo -MD -MP -MF .deps/t2_16.Tpo -c t2_16.c -o t2_16.o
libtool: compile:  gcc -DHAVE_CONFIG_H -I. -I../../.. -I../../../kernel -I../../../dft -I../../../dft/scalar -fopenmp -m128bit-long-double -std=gnu11 -march=znver2 -fomit-frame-pointer -O2 -mavx2 -mfma -fopenmp -MT t2_4.lo -MD -MP -MF .deps/t2_4.Tpo -c t2_4.c -o t2_4.o
libtool: compile:  gcc -DHAVE_CONFIG_H -I. -I../../.. -I../../../kernel -I../../../dft -I../../../dft/scalar -fopenmp -m128bit-long-double -std=gnu11 -march=znver2 -fomit-frame-pointer -O2 -mavx2 -mfma -fopenmp -MT q1_5.lo -MD -MP -MF .deps/q1_5.Tpo -c q1_5.c -o q1_5.o
libtool: compile:  gcc -DHAVE_CONFIG_H -I. -I../../.. -I../../../kernel -I../../../dft -I../../../dft/scalar -fopenmp -m128bit-long-double -std=gnu11 -march=znver2 -fomit-frame-pointer -O2 -mavx2 -mfma -fopenmp -MT codlist.lo -MD -MP -MF .deps/codlist.Tpo -c codlist.c -o codlist.o
libtool: compile:  gcc -DHAVE_CONFIG_H -I. -I../../.. -I../../../kernel -I../../../dft -I../../../dft/scalar -fopenmp -m128bit-long-double -std=gnu11 -march=znver2 -fomit-frame-pointer -O2 -mavx2 -mfma -fopenmp -MT q1_3.lo -MD -MP -MF .deps/q1_3.Tpo -c q1_3.c -o q1_3.o
libtool: compile:  gcc -DHAVE_CONFIG_H -I. -I../../.. -I../../../kernel -I../../../dft -I../../../dft/scalar -fopenmp -m128bit-long-double -std=gnu11 -march=znver2 -fomit-frame-pointer -O2 -mavx2 -mfma -fopenmp -MT t2_8.lo -MD -MP -MF .deps/t2_8.Tpo -c t2_8.c -o t2_8.o
libtool: link: ar cru .libs/libdft_scalar_codelets.a  n1_2.o n1_3.o n1_4.o n1_5.o n1_6.o n1_7.o n1_8.o n1_9.o n1_10.o n1_11.o n1_12.o n1_13.o n1_14.o n1_15.o n1_16.o n1_32.o n1_64.o n1_20.o n1_25.o t1_2.o t1_3.o t1_4.o t1_5.o t1_6.o t1_7.o t1_8.o t1_9.o t1_10.o t1_12.o t1_15.o t1_16.o t1_32.o t1_64.o t1_20.o t1_25.o t2_4.o t2_8.o t2_16.o t2_32.o t2_64.o t2_5.o t2_10.o t2_20.o t2_25.o q1_2.o q1_4.o q1_8.o q1_3.o q1_5.o q1_6.o codlist.o
libtool: link: ranlib .libs/libdft_scalar_codelets.a
libtool: link: ( cd ".libs" && rm -f "libdft_scalar_codelets.la" && ln -s "../libdft_scalar_codelets.la" "libdft_scalar_codelets.la" )
libtool: compile:  gcc -DHAVE_CONFIG_H -I. -I../.. -I../../kernel -I../../dft -fopenmp -m128bit-long-double -std=gnu11 -march=znver2 -fomit-frame-pointer -O2 -mavx2 -mfma -fopenmp -MT n.lo -MD -MP -MF .deps/n.Tpo -c n.c -o n.o
libtool: compile:  gcc -DHAVE_CONFIG_H -I. -I../.. -I../../kernel -I../../dft -fopenmp -m128bit-long-double -std=gnu11 -march=znver2 -fomit-frame-pointer -O2 -mavx2 -mfma -fopenmp -MT t.lo -MD -MP -MF .deps/t.Tpo -c t.c -o t.o
libtool: link: ar cru .libs/libdft_scalar.a  n.o t.o
libtool: link: ranlib .libs/libdft_scalar.a
libtool: link: ( cd ".libs" && rm -f "libdft_scalar.la" && ln -s "../libdft_scalar.la" "libdft_scalar.la" )
Making all in simd
Making all in common
Making all in sse2
Making all in avx
Making all in altivec
Making all in neon
libtool: compile:  gcc -DHAVE_CONFIG_H -I. -I.. -I../kernel -fopenmp -m128bit-long-double -std=gnu11 -march=znver2 -fomit-frame-pointer -O2 -mavx2 -mfma -fopenmp -MT bluestein.lo -MD -MP -MF .deps/bluestein.Tpo -c bluestein.c -o bluestein.o
libtool: compile:  gcc -DHAVE_CONFIG_H -I. -I.. -I../kernel -fopenmp -m128bit-long-double -std=gnu11 -march=znver2 -fomit-frame-pointer -O2 -mavx2 -mfma -fopenmp -MT buffered.lo -MD -MP -MF .deps/buffered.Tpo -c buffered.c -o buffered.o
libtool: compile:  gcc -DHAVE_CONFIG_H -I. -I.. -I../kernel -fopenmp -m128bit-long-double -std=gnu11 -march=znver2 -fomit-frame-pointer -O2 -mavx2 -mfma -fopenmp -MT conf.lo -MD -MP -MF .deps/conf.Tpo -c conf.c -o conf.o
libtool: compile:  gcc -DHAVE_CONFIG_H -I. -I.. -I../kernel -fopenmp -m128bit-long-double -std=gnu11 -march=znver2 -fomit-frame-pointer -O2 -mavx2 -mfma -fopenmp -MT ct.lo -MD -MP -MF .deps/ct.Tpo -c ct.c -o ct.o
libtool: compile:  gcc -DHAVE_CONFIG_H -I. -I.. -I../kernel -fopenmp -m128bit-long-double -std=gnu11 -march=znver2 -fomit-frame-pointer -O2 -mavx2 -mfma -fopenmp -MT dftw-direct.lo -MD -MP -MF .deps/dftw-direct.Tpo -c dftw-direct.c -o dftw-direct.o
libtool: compile:  gcc -DHAVE_CONFIG_H -I. -I.. -I../kernel -fopenmp -m128bit-long-double -std=gnu11 -march=znver2 -fomit-frame-pointer -O2 -mavx2 -mfma -fopenmp -MT dftw-directsq.lo -MD -MP -MF .deps/dftw-directsq.Tpo -c dftw-directsq.c -o dftw-directsq.o
libtool: compile:  gcc -DHAVE_CONFIG_H -I. -I.. -I../kernel -fopenmp -m128bit-long-double -std=gnu11 -march=znver2 -fomit-frame-pointer -O2 -mavx2 -mfma -fopenmp -MT dftw-generic.lo -MD -MP -MF .deps/dftw-generic.Tpo -c dftw-generic.c -o dftw-generic.o
libtool: compile:  gcc -DHAVE_CONFIG_H -I. -I.. -I../kernel -fopenmp -m128bit-long-double -std=gnu11 -march=znver2 -fomit-frame-pointer -O2 -mavx2 -mfma -fopenmp -MT dftw-genericbuf.lo -MD -MP -MF .deps/dftw-genericbuf.Tpo -c dftw-genericbuf.c -o dftw-genericbuf.o
libtool: compile:  gcc -DHAVE_CONFIG_H -I. -I.. -I../kernel -fopenmp -m128bit-long-double -std=gnu11 -march=znver2 -fomit-frame-pointer -O2 -mavx2 -mfma -fopenmp -MT direct.lo -MD -MP -MF .deps/direct.Tpo -c direct.c -o direct.o
libtool: compile:  gcc -DHAVE_CONFIG_H -I. -I.. -I../kernel -fopenmp -m128bit-long-double -std=gnu11 -march=znver2 -fomit-frame-pointer -O2 -mavx2 -mfma -fopenmp -MT generic.lo -MD -MP -MF .deps/generic.Tpo -c generic.c -o generic.o
libtool: compile:  gcc -DHAVE_CONFIG_H -I. -I.. -I../kernel -fopenmp -m128bit-long-double -std=gnu11 -march=znver2 -fomit-frame-pointer -O2 -mavx2 -mfma -fopenmp -MT indirect.lo -MD -MP -MF .deps/indirect.Tpo -c indirect.c -o indirect.o
libtool: compile:  gcc -DHAVE_CONFIG_H -I. -I.. -I../kernel -fopenmp -m128bit-long-double -std=gnu11 -march=znver2 -fomit-frame-pointer -O2 -mavx2 -mfma -fopenmp -MT indirect-transpose.lo -MD -MP -MF .deps/indirect-transpose.Tpo -c indirect-transpose.c -o indirect-transpose.o
libtool: compile:  gcc -DHAVE_CONFIG_H -I. -I.. -I../kernel -fopenmp -m128bit-long-double -std=gnu11 -march=znver2 -fomit-frame-pointer -O2 -mavx2 -mfma -fopenmp -MT kdft-dif.lo -MD -MP -MF .deps/kdft-dif.Tpo -c kdft-dif.c -o kdft-dif.o
libtool: compile:  gcc -DHAVE_CONFIG_H -I. -I.. -I../kernel -fopenmp -m128bit-long-double -std=gnu11 -march=znver2 -fomit-frame-pointer -O2 -mavx2 -mfma -fopenmp -MT kdft-difsq.lo -MD -MP -MF .deps/kdft-difsq.Tpo -c kdft-difsq.c -o kdft-difsq.o
libtool: compile:  gcc -DHAVE_CONFIG_H -I. -I.. -I../kernel -fopenmp -m128bit-long-double -std=gnu11 -march=znver2 -fomit-frame-pointer -O2 -mavx2 -mfma -fopenmp -MT kdft.lo -MD -MP -MF .deps/kdft.Tpo -c kdft.c -o kdft.o
libtool: compile:  gcc -DHAVE_CONFIG_H -I. -I.. -I../kernel -fopenmp -m128bit-long-double -std=gnu11 -march=znver2 -fomit-frame-pointer -O2 -mavx2 -mfma -fopenmp -MT kdft-dit.lo -MD -MP -MF .deps/kdft-dit.Tpo -c kdft-dit.c -o kdft-dit.o
libtool: compile:  gcc -DHAVE_CONFIG_H -I. -I.. -I../kernel -fopenmp -m128bit-long-double -std=gnu11 -march=znver2 -fomit-frame-pointer -O2 -mavx2 -mfma -fopenmp -MT nop.lo -MD -MP -MF .deps/nop.Tpo -c nop.c -o nop.o
libtool: compile:  gcc -DHAVE_CONFIG_H -I. -I.. -I../kernel -fopenmp -m128bit-long-double -std=gnu11 -march=znver2 -fomit-frame-pointer -O2 -mavx2 -mfma -fopenmp -MT problem.lo -MD -MP -MF .deps/problem.Tpo -c problem.c -o problem.o
libtool: compile:  gcc -DHAVE_CONFIG_H -I. -I.. -I../kernel -fopenmp -m128bit-long-double -std=gnu11 -march=znver2 -fomit-frame-pointer -O2 -mavx2 -mfma -fopenmp -MT plan.lo -MD -MP -MF .deps/plan.Tpo -c plan.c -o plan.o
libtool: compile:  gcc -DHAVE_CONFIG_H -I. -I.. -I../kernel -fopenmp -m128bit-long-double -std=gnu11 -march=znver2 -fomit-frame-pointer -O2 -mavx2 -mfma -fopenmp -MT rank-geq2.lo -MD -MP -MF .deps/rank-geq2.Tpo -c rank-geq2.c -o rank-geq2.o
libtool: compile:  gcc -DHAVE_CONFIG_H -I. -I.. -I../kernel -fopenmp -m128bit-long-double -std=gnu11 -march=znver2 -fomit-frame-pointer -O2 -mavx2 -mfma -fopenmp -MT rader.lo -MD -MP -MF .deps/rader.Tpo -c rader.c -o rader.o
libtool: compile:  gcc -DHAVE_CONFIG_H -I. -I.. -I../kernel -fopenmp -m128bit-long-double -std=gnu11 -march=znver2 -fomit-frame-pointer -O2 -mavx2 -mfma -fopenmp -MT zero.lo -MD -MP -MF .deps/zero.Tpo -c zero.c -o zero.o
libtool: compile:  gcc -DHAVE_CONFIG_H -I. -I.. -I../kernel -fopenmp -m128bit-long-double -std=gnu11 -march=znver2 -fomit-frame-pointer -O2 -mavx2 -mfma -fopenmp -MT vrank-geq1.lo -MD -MP -MF .deps/vrank-geq1.Tpo -c vrank-geq1.c -o vrank-geq1.o
libtool: compile:  gcc -DHAVE_CONFIG_H -I. -I.. -I../kernel -fopenmp -m128bit-long-double -std=gnu11 -march=znver2 -fomit-frame-pointer -O2 -mavx2 -mfma -fopenmp -MT solve.lo -MD -MP -MF .deps/solve.Tpo -c solve.c -o solve.o
libtool: link: ar cru .libs/libdft.a  bluestein.o buffered.o conf.o ct.o dftw-direct.o dftw-directsq.o dftw-generic.o dftw-genericbuf.o direct.o generic.o indirect.o indirect-transpose.o kdft-dif.o kdft-difsq.o kdft-dit.o kdft.o nop.o plan.o problem.o rader.o rank-geq2.o solve.o vrank-geq1.o zero.o
libtool: link: ranlib .libs/libdft.a
libtool: link: ( cd ".libs" && rm -f "libdft.la" && ln -s "../libdft.la" "libdft.la" )
Making all in rdft
Making all in scalar
Making all in r2cf
libtool: compile:  gcc -DHAVE_CONFIG_H -I. -I../../.. -I../../../kernel -I../../../rdft -I../../../rdft/scalar -fopenmp -m128bit-long-double -std=gnu11 -march=znver2 -fomit-frame-pointer -O2 -mavx2 -mfma -fopenmp -MT r2cf_2.lo -MD -MP -MF .deps/r2cf_2.Tpo -c r2cf_2.c -o r2cf_2.o
libtool: compile:  gcc -DHAVE_CONFIG_H -I. -I../../.. -I../../../kernel -I../../../rdft -I../../../rdft/scalar -fopenmp -m128bit-long-double -std=gnu11 -march=znver2 -fomit-frame-pointer -O2 -mavx2 -mfma -fopenmp -MT r2cf_3.lo -MD -MP -MF .deps/r2cf_3.Tpo -c r2cf_3.c -o r2cf_3.o
libtool: compile:  gcc -DHAVE_CONFIG_H -I. -I../../.. -I../../../kernel -I../../../rdft -I../../../rdft/scalar -fopenmp -m128bit-long-double -std=gnu11 -march=znver2 -fomit-frame-pointer -O2 -mavx2 -mfma -fopenmp -MT r2cf_4.lo -MD -MP -MF .deps/r2cf_4.Tpo -c r2cf_4.c -o r2cf_4.o
libtool: compile:  gcc -DHAVE_CONFIG_H -I. -I../../.. -I../../../kernel -I../../../rdft -I../../../rdft/scalar -fopenmp -m128bit-long-double -std=gnu11 -march=znver2 -fomit-frame-pointer -O2 -mavx2 -mfma -fopenmp -MT r2cf_6.lo -MD -MP -MF .deps/r2cf_6.Tpo -c r2cf_6.c -o r2cf_6.o
libtool: compile:  gcc -DHAVE_CONFIG_H -I. -I../../.. -I../../../kernel -I../../../rdft -I../../../rdft/scalar -fopenmp -m128bit-long-double -std=gnu11 -march=znver2 -fomit-frame-pointer -O2 -mavx2 -mfma -fopenmp -MT r2cf_7.lo -MD -MP -MF .deps/r2cf_7.Tpo -c r2cf_7.c -o r2cf_7.o
libtool: compile:  gcc -DHAVE_CONFIG_H -I. -I../../.. -I../../../kernel -I../../../rdft -I../../../rdft/scalar -fopenmp -m128bit-long-double -std=gnu11 -march=znver2 -fomit-frame-pointer -O2 -mavx2 -mfma -fopenmp -MT r2cf_8.lo -MD -MP -MF .deps/r2cf_8.Tpo -c r2cf_8.c -o r2cf_8.o
libtool: compile:  gcc -DHAVE_CONFIG_H -I. -I../../.. -I../../../kernel -I../../../rdft -I../../../rdft/scalar -fopenmp -m128bit-long-double -std=gnu11 -march=znver2 -fomit-frame-pointer -O2 -mavx2 -mfma -fopenmp -MT r2cf_5.lo -MD -MP -MF .deps/r2cf_5.Tpo -c r2cf_5.c -o r2cf_5.o
libtool: compile:  gcc -DHAVE_CONFIG_H -I. -I../../.. -I../../../kernel -I../../../rdft -I../../../rdft/scalar -fopenmp -m128bit-long-double -std=gnu11 -march=znver2 -fomit-frame-pointer -O2 -mavx2 -mfma -fopenmp -MT r2cf_9.lo -MD -MP -MF .deps/r2cf_9.Tpo -c r2cf_9.c -o r2cf_9.o
libtool: compile:  gcc -DHAVE_CONFIG_H -I. -I../../.. -I../../../kernel -I../../../rdft -I../../../rdft/scalar -fopenmp -m128bit-long-double -std=gnu11 -march=znver2 -fomit-frame-pointer -O2 -mavx2 -mfma -fopenmp -MT r2cf_10.lo -MD -MP -MF .deps/r2cf_10.Tpo -c r2cf_10.c -o r2cf_10.o
libtool: compile:  gcc -DHAVE_CONFIG_H -I. -I../../.. -I../../../kernel -I../../../rdft -I../../../rdft/scalar -fopenmp -m128bit-long-double -std=gnu11 -march=znver2 -fomit-frame-pointer -O2 -mavx2 -mfma -fopenmp -MT r2cf_11.lo -MD -MP -MF .deps/r2cf_11.Tpo -c r2cf_11.c -o r2cf_11.o
libtool: compile:  gcc -DHAVE_CONFIG_H -I. -I../../.. -I../../../kernel -I../../../rdft -I../../../rdft/scalar -fopenmp -m128bit-long-double -std=gnu11 -march=znver2 -fomit-frame-pointer -O2 -mavx2 -mfma -fopenmp -MT r2cf_12.lo -MD -MP -MF .deps/r2cf_12.Tpo -c r2cf_12.c -o r2cf_12.o
libtool: compile:  gcc -DHAVE_CONFIG_H -I. -I../../.. -I../../../kernel -I../../../rdft -I../../../rdft/scalar -fopenmp -m128bit-long-double -std=gnu11 -march=znver2 -fomit-frame-pointer -O2 -mavx2 -mfma -fopenmp -MT r2cf_13.lo -MD -MP -MF .deps/r2cf_13.Tpo -c r2cf_13.c -o r2cf_13.o
libtool: compile:  gcc -DHAVE_CONFIG_H -I. -I../../.. -I../../../kernel -I../../../rdft -I../../../rdft/scalar -fopenmp -m128bit-long-double -std=gnu11 -march=znver2 -fomit-frame-pointer -O2 -mavx2 -mfma -fopenmp -MT r2cf_15.lo -MD -MP -MF .deps/r2cf_15.Tpo -c r2cf_15.c -o r2cf_15.o
libtool: compile:  gcc -DHAVE_CONFIG_H -I. -I../../.. -I../../../kernel -I../../../rdft -I../../../rdft/scalar -fopenmp -m128bit-long-double -std=gnu11 -march=znver2 -fomit-frame-pointer -O2 -mavx2 -mfma -fopenmp -MT r2cf_14.lo -MD -MP -MF .deps/r2cf_14.Tpo -c r2cf_14.c -o r2cf_14.o
libtool: compile:  gcc -DHAVE_CONFIG_H -I. -I../../.. -I../../../kernel -I../../../rdft -I../../../rdft/scalar -fopenmp -m128bit-long-double -std=gnu11 -march=znver2 -fomit-frame-pointer -O2 -mavx2 -mfma -fopenmp -MT r2cf_128.lo -MD -MP -MF .deps/r2cf_128.Tpo -c r2cf_128.c -o r2cf_128.o
libtool: compile:  gcc -DHAVE_CONFIG_H -I. -I../../.. -I../../../kernel -I../../../rdft -I../../../rdft/scalar -fopenmp -m128bit-long-double -std=gnu11 -march=znver2 -fomit-frame-pointer -O2 -mavx2 -mfma -fopenmp -MT r2cf_64.lo -MD -MP -MF .deps/r2cf_64.Tpo -c r2cf_64.c -o r2cf_64.o
libtool: compile:  gcc -DHAVE_CONFIG_H -I. -I../../.. -I../../../kernel -I../../../rdft -I../../../rdft/scalar -fopenmp -m128bit-long-double -std=gnu11 -march=znver2 -fomit-frame-pointer -O2 -mavx2 -mfma -fopenmp -MT r2cf_25.lo -MD -MP -MF .deps/r2cf_25.Tpo -c r2cf_25.c -o r2cf_25.o
libtool: compile:  gcc -DHAVE_CONFIG_H -I. -I../../.. -I../../../kernel -I../../../rdft -I../../../rdft/scalar -fopenmp -m128bit-long-double -std=gnu11 -march=znver2 -fomit-frame-pointer -O2 -mavx2 -mfma -fopenmp -MT hf_2.lo -MD -MP -MF .deps/hf_2.Tpo -c hf_2.c -o hf_2.o
libtool: compile:  gcc -DHAVE_CONFIG_H -I. -I../../.. -I../../../kernel -I../../../rdft -I../../../rdft/scalar -fopenmp -m128bit-long-double -std=gnu11 -march=znver2 -fomit-frame-pointer -O2 -mavx2 -mfma -fopenmp -MT hf_3.lo -MD -MP -MF .deps/hf_3.Tpo -c hf_3.c -o hf_3.o
libtool: compile:  gcc -DHAVE_CONFIG_H -I. -I../../.. -I../../../kernel -I../../../rdft -I../../../rdft/scalar -fopenmp -m128bit-long-double -std=gnu11 -march=znver2 -fomit-frame-pointer -O2 -mavx2 -mfma -fopenmp -MT hf_5.lo -MD -MP -MF .deps/hf_5.Tpo -c hf_5.c -o hf_5.o
libtool: compile:  gcc -DHAVE_CONFIG_H -I. -I../../.. -I../../../kernel -I../../../rdft -I../../../rdft/scalar -fopenmp -m128bit-long-double -std=gnu11 -march=znver2 -fomit-frame-pointer -O2 -mavx2 -mfma -fopenmp -MT hf_6.lo -MD -MP -MF .deps/hf_6.Tpo -c hf_6.c -o hf_6.o
libtool: compile:  gcc -DHAVE_CONFIG_H -I. -I../../.. -I../../../kernel -I../../../rdft -I../../../rdft/scalar -fopenmp -m128bit-long-double -std=gnu11 -march=znver2 -fomit-frame-pointer -O2 -mavx2 -mfma -fopenmp -MT r2cf_16.lo -MD -MP -MF .deps/r2cf_16.Tpo -c r2cf_16.c -o r2cf_16.o
libtool: compile:  gcc -DHAVE_CONFIG_H -I. -I../../.. -I../../../kernel -I../../../rdft -I../../../rdft/scalar -fopenmp -m128bit-long-double -std=gnu11 -march=znver2 -fomit-frame-pointer -O2 -mavx2 -mfma -fopenmp -MT hf_7.lo -MD -MP -MF .deps/hf_7.Tpo -c hf_7.c -o hf_7.o
libtool: compile:  gcc -DHAVE_CONFIG_H -I. -I../../.. -I../../../kernel -I../../../rdft -I../../../rdft/scalar -fopenmp -m128bit-long-double -std=gnu11 -march=znver2 -fomit-frame-pointer -O2 -mavx2 -mfma -fopenmp -MT r2cf_20.lo -MD -MP -MF .deps/r2cf_20.Tpo -c r2cf_20.c -o r2cf_20.o
libtool: compile:  gcc -DHAVE_CONFIG_H -I. -I../../.. -I../../../kernel -I../../../rdft -I../../../rdft/scalar -fopenmp -m128bit-long-double -std=gnu11 -march=znver2 -fomit-frame-pointer -O2 -mavx2 -mfma -fopenmp -MT hf_10.lo -MD -MP -MF .deps/hf_10.Tpo -c hf_10.c -o hf_10.o
libtool: compile:  gcc -DHAVE_CONFIG_H -I. -I../../.. -I../../../kernel -I../../../rdft -I../../../rdft/scalar -fopenmp -m128bit-long-double -std=gnu11 -march=znver2 -fomit-frame-pointer -O2 -mavx2 -mfma -fopenmp -MT r2cf_32.lo -MD -MP -MF .deps/r2cf_32.Tpo -c r2cf_32.c -o r2cf_32.o
libtool: compile:  gcc -DHAVE_CONFIG_H -I. -I../../.. -I../../../kernel -I../../../rdft -I../../../rdft/scalar -fopenmp -m128bit-long-double -std=gnu11 -march=znver2 -fomit-frame-pointer -O2 -mavx2 -mfma -fopenmp -MT hf_4.lo -MD -MP -MF .deps/hf_4.Tpo -c hf_4.c -o hf_4.o
libtool: compile:  gcc -DHAVE_CONFIG_H -I. -I../../.. -I../../../kernel -I../../../rdft -I../../../rdft/scalar -fopenmp -m128bit-long-double -std=gnu11 -march=znver2 -fomit-frame-pointer -O2 -mavx2 -mfma -fopenmp -MT hf_32.lo -MD -MP -MF .deps/hf_32.Tpo -c hf_32.c -o hf_32.o
libtool: compile:  gcc -DHAVE_CONFIG_H -I. -I../../.. -I../../../kernel -I../../../rdft -I../../../rdft/scalar -fopenmp -m128bit-long-double -std=gnu11 -march=znver2 -fomit-frame-pointer -O2 -mavx2 -mfma -fopenmp -MT hf_16.lo -MD -MP -MF .deps/hf_16.Tpo -c hf_16.c -o hf_16.o
libtool: compile:  gcc -DHAVE_CONFIG_H -I. -I../../.. -I../../../kernel -I../../../rdft -I../../../rdft/scalar -fopenmp -m128bit-long-double -std=gnu11 -march=znver2 -fomit-frame-pointer -O2 -mavx2 -mfma -fopenmp -MT hf_64.lo -MD -MP -MF .deps/hf_64.Tpo -c hf_64.c -o hf_64.o
libtool: compile:  gcc -DHAVE_CONFIG_H -I. -I../../.. -I../../../kernel -I../../../rdft -I../../../rdft/scalar -fopenmp -m128bit-long-double -std=gnu11 -march=znver2 -fomit-frame-pointer -O2 -mavx2 -mfma -fopenmp -MT hf_20.lo -MD -MP -MF .deps/hf_20.Tpo -c hf_20.c -o hf_20.o
libtool: compile:  gcc -DHAVE_CONFIG_H -I. -I../../.. -I../../../kernel -I../../../rdft -I../../../rdft/scalar -fopenmp -m128bit-long-double -std=gnu11 -march=znver2 -fomit-frame-pointer -O2 -mavx2 -mfma -fopenmp -MT hf_9.lo -MD -MP -MF .deps/hf_9.Tpo -c hf_9.c -o hf_9.o
libtool: compile:  gcc -DHAVE_CONFIG_H -I. -I../../.. -I../../../kernel -I../../../rdft -I../../../rdft/scalar -fopenmp -m128bit-long-double -std=gnu11 -march=znver2 -fomit-frame-pointer -O2 -mavx2 -mfma -fopenmp -MT hf2_32.lo -MD -MP -MF .deps/hf2_32.Tpo -c hf2_32.c -o hf2_32.o
libtool: compile:  gcc -DHAVE_CONFIG_H -I. -I../../.. -I../../../kernel -I../../../rdft -I../../../rdft/scalar -fopenmp -m128bit-long-double -std=gnu11 -march=znver2 -fomit-frame-pointer -O2 -mavx2 -mfma -fopenmp -MT hf2_4.lo -MD -MP -MF .deps/hf2_4.Tpo -c hf2_4.c -o hf2_4.o
libtool: compile:  gcc -DHAVE_CONFIG_H -I. -I../../.. -I../../../kernel -I../../../rdft -I../../../rdft/scalar -fopenmp -m128bit-long-double -std=gnu11 -march=znver2 -fomit-frame-pointer -O2 -mavx2 -mfma -fopenmp -MT hf2_20.lo -MD -MP -MF .deps/hf2_20.Tpo -c hf2_20.c -o hf2_20.o
libtool: compile:  gcc -DHAVE_CONFIG_H -I. -I../../.. -I../../../kernel -I../../../rdft -I../../../rdft/scalar -fopenmp -m128bit-long-double -std=gnu11 -march=znver2 -fomit-frame-pointer -O2 -mavx2 -mfma -fopenmp -MT hf2_8.lo -MD -MP -MF .deps/hf2_8.Tpo -c hf2_8.c -o hf2_8.o
libtool: compile:  gcc -DHAVE_CONFIG_H -I. -I../../.. -I../../../kernel -I../../../rdft -I../../../rdft/scalar -fopenmp -m128bit-long-double -std=gnu11 -march=znver2 -fomit-frame-pointer -O2 -mavx2 -mfma -fopenmp -MT hf_8.lo -MD -MP -MF .deps/hf_8.Tpo -c hf_8.c -o hf_8.o
libtool: compile:  gcc -DHAVE_CONFIG_H -I. -I../../.. -I../../../kernel -I../../../rdft -I../../../rdft/scalar -fopenmp -m128bit-long-double -std=gnu11 -march=znver2 -fomit-frame-pointer -O2 -mavx2 -mfma -fopenmp -MT r2cfII_3.lo -MD -MP -MF .deps/r2cfII_3.Tpo -c r2cfII_3.c -o r2cfII_3.o
libtool: compile:  gcc -DHAVE_CONFIG_H -I. -I../../.. -I../../../kernel -I../../../rdft -I../../../rdft/scalar -fopenmp -m128bit-long-double -std=gnu11 -march=znver2 -fomit-frame-pointer -O2 -mavx2 -mfma -fopenmp -MT hf_25.lo -MD -MP -MF .deps/hf_25.Tpo -c hf_25.c -o hf_25.o
libtool: compile:  gcc -DHAVE_CONFIG_H -I. -I../../.. -I../../../kernel -I../../../rdft -I../../../rdft/scalar -fopenmp -m128bit-long-double -std=gnu11 -march=znver2 -fomit-frame-pointer -O2 -mavx2 -mfma -fopenmp -MT r2cfII_8.lo -MD -MP -MF .deps/r2cfII_8.Tpo -c r2cfII_8.c -o r2cfII_8.o
libtool: compile:  gcc -DHAVE_CONFIG_H -I. -I../../.. -I../../../kernel -I../../../rdft -I../../../rdft/scalar -fopenmp -m128bit-long-double -std=gnu11 -march=znver2 -fomit-frame-pointer -O2 -mavx2 -mfma -fopenmp -MT r2cfII_6.lo -MD -MP -MF .deps/r2cfII_6.Tpo -c r2cfII_6.c -o r2cfII_6.o
libtool: compile:  gcc -DHAVE_CONFIG_H -I. -I../../.. -I../../../kernel -I../../../rdft -I../../../rdft/scalar -fopenmp -m128bit-long-double -std=gnu11 -march=znver2 -fomit-frame-pointer -O2 -mavx2 -mfma -fopenmp -MT hf_15.lo -MD -MP -MF .deps/hf_15.Tpo -c hf_15.c -o hf_15.o
libtool: compile:  gcc -DHAVE_CONFIG_H -I. -I../../.. -I../../../kernel -I../../../rdft -I../../../rdft/scalar -fopenmp -m128bit-long-double -std=gnu11 -march=znver2 -fomit-frame-pointer -O2 -mavx2 -mfma -fopenmp -MT r2cfII_4.lo -MD -MP -MF .deps/r2cfII_4.Tpo -c r2cfII_4.c -o r2cfII_4.o
libtool: compile:  gcc -DHAVE_CONFIG_H -I. -I../../.. -I../../../kernel -I../../../rdft -I../../../rdft/scalar -fopenmp -m128bit-long-double -std=gnu11 -march=znver2 -fomit-frame-pointer -O2 -mavx2 -mfma -fopenmp -MT hf2_25.lo -MD -MP -MF .deps/hf2_25.Tpo -c hf2_25.c -o hf2_25.o
libtool: compile:  gcc -DHAVE_CONFIG_H -I. -I../../.. -I../../../kernel -I../../../rdft -I../../../rdft/scalar -fopenmp -m128bit-long-double -std=gnu11 -march=znver2 -fomit-frame-pointer -O2 -mavx2 -mfma -fopenmp -MT r2cfII_9.lo -MD -MP -MF .deps/r2cfII_9.Tpo -c r2cfII_9.c -o r2cfII_9.o
libtool: compile:  gcc -DHAVE_CONFIG_H -I. -I../../.. -I../../../kernel -I../../../rdft -I../../../rdft/scalar -fopenmp -m128bit-long-double -std=gnu11 -march=znver2 -fomit-frame-pointer -O2 -mavx2 -mfma -fopenmp -MT r2cfII_10.lo -MD -MP -MF .deps/r2cfII_10.Tpo -c r2cfII_10.c -o r2cfII_10.o
libtool: compile:  gcc -DHAVE_CONFIG_H -I. -I../../.. -I../../../kernel -I../../../rdft -I../../../rdft/scalar -fopenmp -m128bit-long-double -std=gnu11 -march=znver2 -fomit-frame-pointer -O2 -mavx2 -mfma -fopenmp -MT hf_12.lo -MD -MP -MF .deps/hf_12.Tpo -c hf_12.c -o hf_12.o
libtool: compile:  gcc -DHAVE_CONFIG_H -I. -I../../.. -I../../../kernel -I../../../rdft -I../../../rdft/scalar -fopenmp -m128bit-long-double -std=gnu11 -march=znver2 -fomit-frame-pointer -O2 -mavx2 -mfma -fopenmp -MT r2cfII_7.lo -MD -MP -MF .deps/r2cfII_7.Tpo -c r2cfII_7.c -o r2cfII_7.o
libtool: compile:  gcc -DHAVE_CONFIG_H -I. -I../../.. -I../../../kernel -I../../../rdft -I../../../rdft/scalar -fopenmp -m128bit-long-double -std=gnu11 -march=znver2 -fomit-frame-pointer -O2 -mavx2 -mfma -fopenmp -MT hc2cf_2.lo -MD -MP -MF .deps/hc2cf_2.Tpo -c hc2cf_2.c -o hc2cf_2.o
libtool: compile:  gcc -DHAVE_CONFIG_H -I. -I../../.. -I../../../kernel -I../../../rdft -I../../../rdft/scalar -fopenmp -m128bit-long-double -std=gnu11 -march=znver2 -fomit-frame-pointer -O2 -mavx2 -mfma -fopenmp -MT r2cfII_2.lo -MD -MP -MF .deps/r2cfII_2.Tpo -c r2cfII_2.c -o r2cfII_2.o
libtool: compile:  gcc -DHAVE_CONFIG_H -I. -I../../.. -I../../../kernel -I../../../rdft -I../../../rdft/scalar -fopenmp -m128bit-long-double -std=gnu11 -march=znver2 -fomit-frame-pointer -O2 -mavx2 -mfma -fopenmp -MT r2cfII_16.lo -MD -MP -MF .deps/r2cfII_16.Tpo -c r2cfII_16.c -o r2cfII_16.o
libtool: compile:  gcc -DHAVE_CONFIG_H -I. -I../../.. -I../../../kernel -I../../../rdft -I../../../rdft/scalar -fopenmp -m128bit-long-double -std=gnu11 -march=znver2 -fomit-frame-pointer -O2 -mavx2 -mfma -fopenmp -MT r2cfII_15.lo -MD -MP -MF .deps/r2cfII_15.Tpo -c r2cfII_15.c -o r2cfII_15.o
libtool: compile:  gcc -DHAVE_CONFIG_H -I. -I../../.. -I../../../kernel -I../../../rdft -I../../../rdft/scalar -fopenmp -m128bit-long-double -std=gnu11 -march=znver2 -fomit-frame-pointer -O2 -mavx2 -mfma -fopenmp -MT r2cfII_25.lo -MD -MP -MF .deps/r2cfII_25.Tpo -c r2cfII_25.c -o r2cfII_25.o
libtool: compile:  gcc -DHAVE_CONFIG_H -I. -I../../.. -I../../../kernel -I../../../rdft -I../../../rdft/scalar -fopenmp -m128bit-long-double -std=gnu11 -march=znver2 -fomit-frame-pointer -O2 -mavx2 -mfma -fopenmp -MT r2cfII_12.lo -MD -MP -MF .deps/r2cfII_12.Tpo -c r2cfII_12.c -o r2cfII_12.o
libtool: compile:  gcc -DHAVE_CONFIG_H -I. -I../../.. -I../../../kernel -I../../../rdft -I../../../rdft/scalar -fopenmp -m128bit-long-double -std=gnu11 -march=znver2 -fomit-frame-pointer -O2 -mavx2 -mfma -fopenmp -MT hc2cf_4.lo -MD -MP -MF .deps/hc2cf_4.Tpo -c hc2cf_4.c -o hc2cf_4.o
libtool: compile:  gcc -DHAVE_CONFIG_H -I. -I../../.. -I../../../kernel -I../../../rdft -I../../../rdft/scalar -fopenmp -m128bit-long-double -std=gnu11 -march=znver2 -fomit-frame-pointer -O2 -mavx2 -mfma -fopenmp -MT hf2_5.lo -MD -MP -MF .deps/hf2_5.Tpo -c hf2_5.c -o hf2_5.o
libtool: compile:  gcc -DHAVE_CONFIG_H -I. -I../../.. -I../../../kernel -I../../../rdft -I../../../rdft/scalar -fopenmp -m128bit-long-double -std=gnu11 -march=znver2 -fomit-frame-pointer -O2 -mavx2 -mfma -fopenmp -MT r2cfII_5.lo -MD -MP -MF .deps/r2cfII_5.Tpo -c r2cfII_5.c -o r2cfII_5.o
libtool: compile:  gcc -DHAVE_CONFIG_H -I. -I../../.. -I../../../kernel -I../../../rdft -I../../../rdft/scalar -fopenmp -m128bit-long-double -std=gnu11 -march=znver2 -fomit-frame-pointer -O2 -mavx2 -mfma -fopenmp -MT hc2cf_6.lo -MD -MP -MF .deps/hc2cf_6.Tpo -c hc2cf_6.c -o hc2cf_6.o
libtool: compile:  gcc -DHAVE_CONFIG_H -I. -I../../.. -I../../../kernel -I../../../rdft -I../../../rdft/scalar -fopenmp -m128bit-long-double -std=gnu11 -march=znver2 -fomit-frame-pointer -O2 -mavx2 -mfma -fopenmp -MT hf2_16.lo -MD -MP -MF .deps/hf2_16.Tpo -c hf2_16.c -o hf2_16.o
libtool: compile:  gcc -DHAVE_CONFIG_H -I. -I../../.. -I../../../kernel -I../../../rdft -I../../../rdft/scalar -fopenmp -m128bit-long-double -std=gnu11 -march=znver2 -fomit-frame-pointer -O2 -mavx2 -mfma -fopenmp -MT r2cfII_32.lo -MD -MP -MF .deps/r2cfII_32.Tpo -c r2cfII_32.c -o r2cfII_32.o
libtool: compile:  gcc -DHAVE_CONFIG_H -I. -I../../.. -I../../../kernel -I../../../rdft -I../../../rdft/scalar -fopenmp -m128bit-long-double -std=gnu11 -march=znver2 -fomit-frame-pointer -O2 -mavx2 -mfma -fopenmp -MT hc2cf_8.lo -MD -MP -MF .deps/hc2cf_8.Tpo -c hc2cf_8.c -o hc2cf_8.o
libtool: compile:  gcc -DHAVE_CONFIG_H -I. -I../../.. -I../../../kernel -I../../../rdft -I../../../rdft/scalar -fopenmp -m128bit-long-double -std=gnu11 -march=znver2 -fomit-frame-pointer -O2 -mavx2 -mfma -fopenmp -MT hc2cf_10.lo -MD -MP -MF .deps/hc2cf_10.Tpo -c hc2cf_10.c -o hc2cf_10.o
libtool: compile:  gcc -DHAVE_CONFIG_H -I. -I../../.. -I../../../kernel -I../../../rdft -I../../../rdft/scalar -fopenmp -m128bit-long-double -std=gnu11 -march=znver2 -fomit-frame-pointer -O2 -mavx2 -mfma -fopenmp -MT r2cfII_64.lo -MD -MP -MF .deps/r2cfII_64.Tpo -c r2cfII_64.c -o r2cfII_64.o
libtool: compile:  gcc -DHAVE_CONFIG_H -I. -I../../.. -I../../../kernel -I../../../rdft -I../../../rdft/scalar -fopenmp -m128bit-long-double -std=gnu11 -march=znver2 -fomit-frame-pointer -O2 -mavx2 -mfma -fopenmp -MT r2cfII_20.lo -MD -MP -MF .deps/r2cfII_20.Tpo -c r2cfII_20.c -o r2cfII_20.o
libtool: compile:  gcc -DHAVE_CONFIG_H -I. -I../../.. -I../../../kernel -I../../../rdft -I../../../rdft/scalar -fopenmp -m128bit-long-double -std=gnu11 -march=znver2 -fomit-frame-pointer -O2 -mavx2 -mfma -fopenmp -MT hc2cf_16.lo -MD -MP -MF .deps/hc2cf_16.Tpo -c hc2cf_16.c -o hc2cf_16.o
libtool: compile:  gcc -DHAVE_CONFIG_H -I. -I../../.. -I../../../kernel -I../../../rdft -I../../../rdft/scalar -fopenmp -m128bit-long-double -std=gnu11 -march=znver2 -fomit-frame-pointer -O2 -mavx2 -mfma -fopenmp -MT hc2cf_12.lo -MD -MP -MF .deps/hc2cf_12.Tpo -c hc2cf_12.c -o hc2cf_12.o
libtool: compile:  gcc -DHAVE_CONFIG_H -I. -I../../.. -I../../../kernel -I../../../rdft -I../../../rdft/scalar -fopenmp -m128bit-long-double -std=gnu11 -march=znver2 -fomit-frame-pointer -O2 -mavx2 -mfma -fopenmp -MT hc2cf_32.lo -MD -MP -MF .deps/hc2cf_32.Tpo -c hc2cf_32.c -o hc2cf_32.o
libtool: compile:  gcc -DHAVE_CONFIG_H -I. -I../../.. -I../../../kernel -I../../../rdft -I../../../rdft/scalar -fopenmp -m128bit-long-double -std=gnu11 -march=znver2 -fomit-frame-pointer -O2 -mavx2 -mfma -fopenmp -MT hc2cf_20.lo -MD -MP -MF .deps/hc2cf_20.Tpo -c hc2cf_20.c -o hc2cf_20.o
libtool: compile:  gcc -DHAVE_CONFIG_H -I. -I../../.. -I../../../kernel -I../../../rdft -I../../../rdft/scalar -fopenmp -m128bit-long-double -std=gnu11 -march=znver2 -fomit-frame-pointer -O2 -mavx2 -mfma -fopenmp -MT hc2cf2_4.lo -MD -MP -MF .deps/hc2cf2_4.Tpo -c hc2cf2_4.c -o hc2cf2_4.o
libtool: compile:  gcc -DHAVE_CONFIG_H -I. -I../../.. -I../../../kernel -I../../../rdft -I../../../rdft/scalar -fopenmp -m128bit-long-double -std=gnu11 -march=znver2 -fomit-frame-pointer -O2 -mavx2 -mfma -fopenmp -MT hc2cf2_8.lo -MD -MP -MF .deps/hc2cf2_8.Tpo -c hc2cf2_8.c -o hc2cf2_8.o
libtool: compile:  gcc -DHAVE_CONFIG_H -I. -I../../.. -I../../../kernel -I../../../rdft -I../../../rdft/scalar -fopenmp -m128bit-long-double -std=gnu11 -march=znver2 -fomit-frame-pointer -O2 -mavx2 -mfma -fopenmp -MT hc2cf2_16.lo -MD -MP -MF .deps/hc2cf2_16.Tpo -c hc2cf2_16.c -o hc2cf2_16.o
libtool: compile:  gcc -DHAVE_CONFIG_H -I. -I../../.. -I../../../kernel -I../../../rdft -I../../../rdft/scalar -fopenmp -m128bit-long-double -std=gnu11 -march=znver2 -fomit-frame-pointer -O2 -mavx2 -mfma -fopenmp -MT hc2cf2_32.lo -MD -MP -MF .deps/hc2cf2_32.Tpo -c hc2cf2_32.c -o hc2cf2_32.o
libtool: compile:  gcc -DHAVE_CONFIG_H -I. -I../../.. -I../../../kernel -I../../../rdft -I../../../rdft/scalar -fopenmp -m128bit-long-double -std=gnu11 -march=znver2 -fomit-frame-pointer -O2 -mavx2 -mfma -fopenmp -MT hc2cf2_20.lo -MD -MP -MF .deps/hc2cf2_20.Tpo -c hc2cf2_20.c -o hc2cf2_20.o
libtool: compile:  gcc -DHAVE_CONFIG_H -I. -I../../.. -I../../../kernel -I../../../rdft -I../../../rdft/scalar -fopenmp -m128bit-long-double -std=gnu11 -march=znver2 -fomit-frame-pointer -O2 -mavx2 -mfma -fopenmp -MT hc2cfdft_6.lo -MD -MP -MF .deps/hc2cfdft_6.Tpo -c hc2cfdft_6.c -o hc2cfdft_6.o
libtool: compile:  gcc -DHAVE_CONFIG_H -I. -I../../.. -I../../../kernel -I../../../rdft -I../../../rdft/scalar -fopenmp -m128bit-long-double -std=gnu11 -march=znver2 -fomit-frame-pointer -O2 -mavx2 -mfma -fopenmp -MT hc2cfdft_2.lo -MD -MP -MF .deps/hc2cfdft_2.Tpo -c hc2cfdft_2.c -o hc2cfdft_2.o
libtool: compile:  gcc -DHAVE_CONFIG_H -I. -I../../.. -I../../../kernel -I../../../rdft -I../../../rdft/scalar -fopenmp -m128bit-long-double -std=gnu11 -march=znver2 -fomit-frame-pointer -O2 -mavx2 -mfma -fopenmp -MT hc2cfdft_4.lo -MD -MP -MF .deps/hc2cfdft_4.Tpo -c hc2cfdft_4.c -o hc2cfdft_4.o
libtool: compile:  gcc -DHAVE_CONFIG_H -I. -I../../.. -I../../../kernel -I../../../rdft -I../../../rdft/scalar -fopenmp -m128bit-long-double -std=gnu11 -march=znver2 -fomit-frame-pointer -O2 -mavx2 -mfma -fopenmp -MT hc2cfdft_10.lo -MD -MP -MF .deps/hc2cfdft_10.Tpo -c hc2cfdft_10.c -o hc2cfdft_10.o
libtool: compile:  gcc -DHAVE_CONFIG_H -I. -I../../.. -I../../../kernel -I../../../rdft -I../../../rdft/scalar -fopenmp -m128bit-long-double -std=gnu11 -march=znver2 -fomit-frame-pointer -O2 -mavx2 -mfma -fopenmp -MT hc2cfdft_8.lo -MD -MP -MF .deps/hc2cfdft_8.Tpo -c hc2cfdft_8.c -o hc2cfdft_8.o
libtool: compile:  gcc -DHAVE_CONFIG_H -I. -I../../.. -I../../../kernel -I../../../rdft -I../../../rdft/scalar -fopenmp -m128bit-long-double -std=gnu11 -march=znver2 -fomit-frame-pointer -O2 -mavx2 -mfma -fopenmp -MT hc2cfdft_16.lo -MD -MP -MF .deps/hc2cfdft_16.Tpo -c hc2cfdft_16.c -o hc2cfdft_16.o
libtool: compile:  gcc -DHAVE_CONFIG_H -I. -I../../.. -I../../../kernel -I../../../rdft -I../../../rdft/scalar -fopenmp -m128bit-long-double -std=gnu11 -march=znver2 -fomit-frame-pointer -O2 -mavx2 -mfma -fopenmp -MT hc2cfdft2_8.lo -MD -MP -MF .deps/hc2cfdft2_8.Tpo -c hc2cfdft2_8.c -o hc2cfdft2_8.o
libtool: compile:  gcc -DHAVE_CONFIG_H -I. -I../../.. -I../../../kernel -I../../../rdft -I../../../rdft/scalar -fopenmp -m128bit-long-double -std=gnu11 -march=znver2 -fomit-frame-pointer -O2 -mavx2 -mfma -fopenmp -MT hc2cfdft2_4.lo -MD -MP -MF .deps/hc2cfdft2_4.Tpo -c hc2cfdft2_4.c -o hc2cfdft2_4.o
libtool: compile:  gcc -DHAVE_CONFIG_H -I. -I../../.. -I../../../kernel -I../../../rdft -I../../../rdft/scalar -fopenmp -m128bit-long-double -std=gnu11 -march=znver2 -fomit-frame-pointer -O2 -mavx2 -mfma -fopenmp -MT hc2cfdft_12.lo -MD -MP -MF .deps/hc2cfdft_12.Tpo -c hc2cfdft_12.c -o hc2cfdft_12.o
libtool: compile:  gcc -DHAVE_CONFIG_H -I. -I../../.. -I../../../kernel -I../../../rdft -I../../../rdft/scalar -fopenmp -m128bit-long-double -std=gnu11 -march=znver2 -fomit-frame-pointer -O2 -mavx2 -mfma -fopenmp -MT hc2cfdft_20.lo -MD -MP -MF .deps/hc2cfdft_20.Tpo -c hc2cfdft_20.c -o hc2cfdft_20.o
libtool: compile:  gcc -DHAVE_CONFIG_H -I. -I../../.. -I../../../kernel -I../../../rdft -I../../../rdft/scalar -fopenmp -m128bit-long-double -std=gnu11 -march=znver2 -fomit-frame-pointer -O2 -mavx2 -mfma -fopenmp -MT hc2cfdft2_20.lo -MD -MP -MF .deps/hc2cfdft2_20.Tpo -c hc2cfdft2_20.c -o hc2cfdft2_20.o
libtool: compile:  gcc -DHAVE_CONFIG_H -I. -I../../.. -I../../../kernel -I../../../rdft -I../../../rdft/scalar -fopenmp -m128bit-long-double -std=gnu11 -march=znver2 -fomit-frame-pointer -O2 -mavx2 -mfma -fopenmp -MT codlist.lo -MD -MP -MF .deps/codlist.Tpo -c codlist.c -o codlist.o
libtool: compile:  gcc -DHAVE_CONFIG_H -I. -I../../.. -I../../../kernel -I../../../rdft -I../../../rdft/scalar -fopenmp -m128bit-long-double -std=gnu11 -march=znver2 -fomit-frame-pointer -O2 -mavx2 -mfma -fopenmp -MT hc2cfdft_32.lo -MD -MP -MF .deps/hc2cfdft_32.Tpo -c hc2cfdft_32.c -o hc2cfdft_32.o
libtool: compile:  gcc -DHAVE_CONFIG_H -I. -I../../.. -I../../../kernel -I../../../rdft -I../../../rdft/scalar -fopenmp -m128bit-long-double -std=gnu11 -march=znver2 -fomit-frame-pointer -O2 -mavx2 -mfma -fopenmp -MT hc2cfdft2_16.lo -MD -MP -MF .deps/hc2cfdft2_16.Tpo -c hc2cfdft2_16.c -o hc2cfdft2_16.o
libtool: compile:  gcc -DHAVE_CONFIG_H -I. -I../../.. -I../../../kernel -I../../../rdft -I../../../rdft/scalar -fopenmp -m128bit-long-double -std=gnu11 -march=znver2 -fomit-frame-pointer -O2 -mavx2 -mfma -fopenmp -MT hc2cfdft2_32.lo -MD -MP -MF .deps/hc2cfdft2_32.Tpo -c hc2cfdft2_32.c -o hc2cfdft2_32.o
libtool: link: ar cru .libs/librdft_scalar_r2cf.a  r2cf_2.o r2cf_3.o r2cf_4.o r2cf_5.o r2cf_6.o r2cf_7.o r2cf_8.o r2cf_9.o r2cf_10.o r2cf_11.o r2cf_12.o r2cf_13.o r2cf_14.o r2cf_15.o r2cf_16.o r2cf_32.o r2cf_64.o r2cf_128.o r2cf_20.o r2cf_25.o hf_2.o hf_3.o hf_4.o hf_5.o hf_6.o hf_7.o hf_8.o hf_9.o hf_10.o hf_12.o hf_15.o hf_16.o hf_32.o hf_64.o hf_20.o hf_25.o hf2_4.o hf2_8.o hf2_16.o hf2_32.o hf2_5.o hf2_20.o hf2_25.o r2cfII_2.o r2cfII_3.o r2cfII_4.o r2cfII_5.o r2cfII_6.o r2cfII_7.o r2cfII_8.o r2cfII_9.o r2cfII_10.o r2cfII_12.o r2cfII_15.o r2cfII_16.o r2cfII_32.o r2cfII_64.o r2cfII_20.o r2cfII_25.o hc2cf_2.o hc2cf_4.o hc2cf_6.o hc2cf_8.o hc2cf_10.o hc2cf_12.o hc2cf_16.o hc2cf_32.o hc2cf_20.o hc2cf2_4.o hc2cf2_8.o hc2cf2_16.o hc2cf2_32.o hc2cf2_20.o hc2cfdft_2.o hc2cfdft_4.o hc2cfdft_6.o hc2cfdft_8.o hc2cfdft_10.o hc2cfdft_12.o hc2cfdft_16.o hc2cfdft_32.o hc2cfdft_20.o hc2cfdft2_4.o hc2cfdft2_8.o hc2cfdft2_16.o hc2cfdft2_32.o hc2cfdft2_20.o codlist.o
libtool: link: ranlib .libs/librdft_scalar_r2cf.a
libtool: link: ( cd ".libs" && rm -f "librdft_scalar_r2cf.la" && ln -s "../librdft_scalar_r2cf.la" "librdft_scalar_r2cf.la" )
Making all in r2cb
libtool: compile:  gcc -DHAVE_CONFIG_H -I. -I../../.. -I../../../kernel -I../../../rdft -I../../../rdft/scalar -fopenmp -m128bit-long-double -std=gnu11 -march=znver2 -fomit-frame-pointer -O2 -mavx2 -mfma -fopenmp -MT r2cb_2.lo -MD -MP -MF .deps/r2cb_2.Tpo -c r2cb_2.c -o r2cb_2.o
libtool: compile:  gcc -DHAVE_CONFIG_H -I. -I../../.. -I../../../kernel -I../../../rdft -I../../../rdft/scalar -fopenmp -m128bit-long-double -std=gnu11 -march=znver2 -fomit-frame-pointer -O2 -mavx2 -mfma -fopenmp -MT r2cb_3.lo -MD -MP -MF .deps/r2cb_3.Tpo -c r2cb_3.c -o r2cb_3.o
libtool: compile:  gcc -DHAVE_CONFIG_H -I. -I../../.. -I../../../kernel -I../../../rdft -I../../../rdft/scalar -fopenmp -m128bit-long-double -std=gnu11 -march=znver2 -fomit-frame-pointer -O2 -mavx2 -mfma -fopenmp -MT r2cb_4.lo -MD -MP -MF .deps/r2cb_4.Tpo -c r2cb_4.c -o r2cb_4.o
libtool: compile:  gcc -DHAVE_CONFIG_H -I. -I../../.. -I../../../kernel -I../../../rdft -I../../../rdft/scalar -fopenmp -m128bit-long-double -std=gnu11 -march=znver2 -fomit-frame-pointer -O2 -mavx2 -mfma -fopenmp -MT r2cb_5.lo -MD -MP -MF .deps/r2cb_5.Tpo -c r2cb_5.c -o r2cb_5.o
libtool: compile:  gcc -DHAVE_CONFIG_H -I. -I../../.. -I../../../kernel -I../../../rdft -I../../../rdft/scalar -fopenmp -m128bit-long-double -std=gnu11 -march=znver2 -fomit-frame-pointer -O2 -mavx2 -mfma -fopenmp -MT r2cb_6.lo -MD -MP -MF .deps/r2cb_6.Tpo -c r2cb_6.c -o r2cb_6.o
libtool: compile:  gcc -DHAVE_CONFIG_H -I. -I../../.. -I../../../kernel -I../../../rdft -I../../../rdft/scalar -fopenmp -m128bit-long-double -std=gnu11 -march=znver2 -fomit-frame-pointer -O2 -mavx2 -mfma -fopenmp -MT r2cb_7.lo -MD -MP -MF .deps/r2cb_7.Tpo -c r2cb_7.c -o r2cb_7.o
libtool: compile:  gcc -DHAVE_CONFIG_H -I. -I../../.. -I../../../kernel -I../../../rdft -I../../../rdft/scalar -fopenmp -m128bit-long-double -std=gnu11 -march=znver2 -fomit-frame-pointer -O2 -mavx2 -mfma -fopenmp -MT r2cb_8.lo -MD -MP -MF .deps/r2cb_8.Tpo -c r2cb_8.c -o r2cb_8.o
libtool: compile:  gcc -DHAVE_CONFIG_H -I. -I../../.. -I../../../kernel -I../../../rdft -I../../../rdft/scalar -fopenmp -m128bit-long-double -std=gnu11 -march=znver2 -fomit-frame-pointer -O2 -mavx2 -mfma -fopenmp -MT r2cb_10.lo -MD -MP -MF .deps/r2cb_10.Tpo -c r2cb_10.c -o r2cb_10.o
libtool: compile:  gcc -DHAVE_CONFIG_H -I. -I../../.. -I../../../kernel -I../../../rdft -I../../../rdft/scalar -fopenmp -m128bit-long-double -std=gnu11 -march=znver2 -fomit-frame-pointer -O2 -mavx2 -mfma -fopenmp -MT r2cb_9.lo -MD -MP -MF .deps/r2cb_9.Tpo -c r2cb_9.c -o r2cb_9.o
libtool: compile:  gcc -DHAVE_CONFIG_H -I. -I../../.. -I../../../kernel -I../../../rdft -I../../../rdft/scalar -fopenmp -m128bit-long-double -std=gnu11 -march=znver2 -fomit-frame-pointer -O2 -mavx2 -mfma -fopenmp -MT r2cb_11.lo -MD -MP -MF .deps/r2cb_11.Tpo -c r2cb_11.c -o r2cb_11.o
libtool: compile:  gcc -DHAVE_CONFIG_H -I. -I../../.. -I../../../kernel -I../../../rdft -I../../../rdft/scalar -fopenmp -m128bit-long-double -std=gnu11 -march=znver2 -fomit-frame-pointer -O2 -mavx2 -mfma -fopenmp -MT r2cb_12.lo -MD -MP -MF .deps/r2cb_12.Tpo -c r2cb_12.c -o r2cb_12.o
libtool: compile:  gcc -DHAVE_CONFIG_H -I. -I../../.. -I../../../kernel -I../../../rdft -I../../../rdft/scalar -fopenmp -m128bit-long-double -std=gnu11 -march=znver2 -fomit-frame-pointer -O2 -mavx2 -mfma -fopenmp -MT r2cb_13.lo -MD -MP -MF .deps/r2cb_13.Tpo -c r2cb_13.c -o r2cb_13.o
libtool: compile:  gcc -DHAVE_CONFIG_H -I. -I../../.. -I../../../kernel -I../../../rdft -I../../../rdft/scalar -fopenmp -m128bit-long-double -std=gnu11 -march=znver2 -fomit-frame-pointer -O2 -mavx2 -mfma -fopenmp -MT r2cb_16.lo -MD -MP -MF .deps/r2cb_16.Tpo -c r2cb_16.c -o r2cb_16.o
libtool: compile:  gcc -DHAVE_CONFIG_H -I. -I../../.. -I../../../kernel -I../../../rdft -I../../../rdft/scalar -fopenmp -m128bit-long-double -std=gnu11 -march=znver2 -fomit-frame-pointer -O2 -mavx2 -mfma -fopenmp -MT r2cb_15.lo -MD -MP -MF .deps/r2cb_15.Tpo -c r2cb_15.c -o r2cb_15.o
libtool: compile:  gcc -DHAVE_CONFIG_H -I. -I../../.. -I../../../kernel -I../../../rdft -I../../../rdft/scalar -fopenmp -m128bit-long-double -std=gnu11 -march=znver2 -fomit-frame-pointer -O2 -mavx2 -mfma -fopenmp -MT r2cb_64.lo -MD -MP -MF .deps/r2cb_64.Tpo -c r2cb_64.c -o r2cb_64.o
libtool: compile:  gcc -DHAVE_CONFIG_H -I. -I../../.. -I../../../kernel -I../../../rdft -I../../../rdft/scalar -fopenmp -m128bit-long-double -std=gnu11 -march=znver2 -fomit-frame-pointer -O2 -mavx2 -mfma -fopenmp -MT r2cb_14.lo -MD -MP -MF .deps/r2cb_14.Tpo -c r2cb_14.c -o r2cb_14.o
libtool: compile:  gcc -DHAVE_CONFIG_H -I. -I../../.. -I../../../kernel -I../../../rdft -I../../../rdft/scalar -fopenmp -m128bit-long-double -std=gnu11 -march=znver2 -fomit-frame-pointer -O2 -mavx2 -mfma -fopenmp -MT r2cb_32.lo -MD -MP -MF .deps/r2cb_32.Tpo -c r2cb_32.c -o r2cb_32.o
libtool: compile:  gcc -DHAVE_CONFIG_H -I. -I../../.. -I../../../kernel -I../../../rdft -I../../../rdft/scalar -fopenmp -m128bit-long-double -std=gnu11 -march=znver2 -fomit-frame-pointer -O2 -mavx2 -mfma -fopenmp -MT r2cb_20.lo -MD -MP -MF .deps/r2cb_20.Tpo -c r2cb_20.c -o r2cb_20.o
libtool: compile:  gcc -DHAVE_CONFIG_H -I. -I../../.. -I../../../kernel -I../../../rdft -I../../../rdft/scalar -fopenmp -m128bit-long-double -std=gnu11 -march=znver2 -fomit-frame-pointer -O2 -mavx2 -mfma -fopenmp -MT r2cb_25.lo -MD -MP -MF .deps/r2cb_25.Tpo -c r2cb_25.c -o r2cb_25.o
libtool: compile:  gcc -DHAVE_CONFIG_H -I. -I../../.. -I../../../kernel -I../../../rdft -I../../../rdft/scalar -fopenmp -m128bit-long-double -std=gnu11 -march=znver2 -fomit-frame-pointer -O2 -mavx2 -mfma -fopenmp -MT hb_3.lo -MD -MP -MF .deps/hb_3.Tpo -c hb_3.c -o hb_3.o
libtool: compile:  gcc -DHAVE_CONFIG_H -I. -I../../.. -I../../../kernel -I../../../rdft -I../../../rdft/scalar -fopenmp -m128bit-long-double -std=gnu11 -march=znver2 -fomit-frame-pointer -O2 -mavx2 -mfma -fopenmp -MT hb_6.lo -MD -MP -MF .deps/hb_6.Tpo -c hb_6.c -o hb_6.o
libtool: compile:  gcc -DHAVE_CONFIG_H -I. -I../../.. -I../../../kernel -I../../../rdft -I../../../rdft/scalar -fopenmp -m128bit-long-double -std=gnu11 -march=znver2 -fomit-frame-pointer -O2 -mavx2 -mfma -fopenmp -MT hb_9.lo -MD -MP -MF .deps/hb_9.Tpo -c hb_9.c -o hb_9.o
libtool: compile:  gcc -DHAVE_CONFIG_H -I. -I../../.. -I../../../kernel -I../../../rdft -I../../../rdft/scalar -fopenmp -m128bit-long-double -std=gnu11 -march=znver2 -fomit-frame-pointer -O2 -mavx2 -mfma -fopenmp -MT hb_2.lo -MD -MP -MF .deps/hb_2.Tpo -c hb_2.c -o hb_2.o
libtool: compile:  gcc -DHAVE_CONFIG_H -I. -I../../.. -I../../../kernel -I../../../rdft -I../../../rdft/scalar -fopenmp -m128bit-long-double -std=gnu11 -march=znver2 -fomit-frame-pointer -O2 -mavx2 -mfma -fopenmp -MT hb_7.lo -MD -MP -MF .deps/hb_7.Tpo -c hb_7.c -o hb_7.o
libtool: compile:  gcc -DHAVE_CONFIG_H -I. -I../../.. -I../../../kernel -I../../../rdft -I../../../rdft/scalar -fopenmp -m128bit-long-double -std=gnu11 -march=znver2 -fomit-frame-pointer -O2 -mavx2 -mfma -fopenmp -MT hb_12.lo -MD -MP -MF .deps/hb_12.Tpo -c hb_12.c -o hb_12.o
libtool: compile:  gcc -DHAVE_CONFIG_H -I. -I../../.. -I../../../kernel -I../../../rdft -I../../../rdft/scalar -fopenmp -m128bit-long-double -std=gnu11 -march=znver2 -fomit-frame-pointer -O2 -mavx2 -mfma -fopenmp -MT hb_16.lo -MD -MP -MF .deps/hb_16.Tpo -c hb_16.c -o hb_16.o
libtool: compile:  gcc -DHAVE_CONFIG_H -I. -I../../.. -I../../../kernel -I../../../rdft -I../../../rdft/scalar -fopenmp -m128bit-long-double -std=gnu11 -march=znver2 -fomit-frame-pointer -O2 -mavx2 -mfma -fopenmp -MT r2cb_128.lo -MD -MP -MF .deps/r2cb_128.Tpo -c r2cb_128.c -o r2cb_128.o
libtool: compile:  gcc -DHAVE_CONFIG_H -I. -I../../.. -I../../../kernel -I../../../rdft -I../../../rdft/scalar -fopenmp -m128bit-long-double -std=gnu11 -march=znver2 -fomit-frame-pointer -O2 -mavx2 -mfma -fopenmp -MT hb_4.lo -MD -MP -MF .deps/hb_4.Tpo -c hb_4.c -o hb_4.o
libtool: compile:  gcc -DHAVE_CONFIG_H -I. -I../../.. -I../../../kernel -I../../../rdft -I../../../rdft/scalar -fopenmp -m128bit-long-double -std=gnu11 -march=znver2 -fomit-frame-pointer -O2 -mavx2 -mfma -fopenmp -MT hb2_16.lo -MD -MP -MF .deps/hb2_16.Tpo -c hb2_16.c -o hb2_16.o
libtool: compile:  gcc -DHAVE_CONFIG_H -I. -I../../.. -I../../../kernel -I../../../rdft -I../../../rdft/scalar -fopenmp -m128bit-long-double -std=gnu11 -march=znver2 -fomit-frame-pointer -O2 -mavx2 -mfma -fopenmp -MT hb_25.lo -MD -MP -MF .deps/hb_25.Tpo -c hb_25.c -o hb_25.o
libtool: compile:  gcc -DHAVE_CONFIG_H -I. -I../../.. -I../../../kernel -I../../../rdft -I../../../rdft/scalar -fopenmp -m128bit-long-double -std=gnu11 -march=znver2 -fomit-frame-pointer -O2 -mavx2 -mfma -fopenmp -MT hb2_32.lo -MD -MP -MF .deps/hb2_32.Tpo -c hb2_32.c -o hb2_32.o
libtool: compile:  gcc -DHAVE_CONFIG_H -I. -I../../.. -I../../../kernel -I../../../rdft -I../../../rdft/scalar -fopenmp -m128bit-long-double -std=gnu11 -march=znver2 -fomit-frame-pointer -O2 -mavx2 -mfma -fopenmp -MT hb_64.lo -MD -MP -MF .deps/hb_64.Tpo -c hb_64.c -o hb_64.o
libtool: compile:  gcc -DHAVE_CONFIG_H -I. -I../../.. -I../../../kernel -I../../../rdft -I../../../rdft/scalar -fopenmp -m128bit-long-double -std=gnu11 -march=znver2 -fomit-frame-pointer -O2 -mavx2 -mfma -fopenmp -MT hb2_4.lo -MD -MP -MF .deps/hb2_4.Tpo -c hb2_4.c -o hb2_4.o
libtool: compile:  gcc -DHAVE_CONFIG_H -I. -I../../.. -I../../../kernel -I../../../rdft -I../../../rdft/scalar -fopenmp -m128bit-long-double -std=gnu11 -march=znver2 -fomit-frame-pointer -O2 -mavx2 -mfma -fopenmp -MT hb_10.lo -MD -MP -MF .deps/hb_10.Tpo -c hb_10.c -o hb_10.o
libtool: compile:  gcc -DHAVE_CONFIG_H -I. -I../../.. -I../../../kernel -I../../../rdft -I../../../rdft/scalar -fopenmp -m128bit-long-double -std=gnu11 -march=znver2 -fomit-frame-pointer -O2 -mavx2 -mfma -fopenmp -MT r2cbIII_9.lo -MD -MP -MF .deps/r2cbIII_9.Tpo -c r2cbIII_9.c -o r2cbIII_9.o
libtool: compile:  gcc -DHAVE_CONFIG_H -I. -I../../.. -I../../../kernel -I../../../rdft -I../../../rdft/scalar -fopenmp -m128bit-long-double -std=gnu11 -march=znver2 -fomit-frame-pointer -O2 -mavx2 -mfma -fopenmp -MT hb_20.lo -MD -MP -MF .deps/hb_20.Tpo -c hb_20.c -o hb_20.o
libtool: compile:  gcc -DHAVE_CONFIG_H -I. -I../../.. -I../../../kernel -I../../../rdft -I../../../rdft/scalar -fopenmp -m128bit-long-double -std=gnu11 -march=znver2 -fomit-frame-pointer -O2 -mavx2 -mfma -fopenmp -MT hb2_8.lo -MD -MP -MF .deps/hb2_8.Tpo -c hb2_8.c -o hb2_8.o
libtool: compile:  gcc -DHAVE_CONFIG_H -I. -I../../.. -I../../../kernel -I../../../rdft -I../../../rdft/scalar -fopenmp -m128bit-long-double -std=gnu11 -march=znver2 -fomit-frame-pointer -O2 -mavx2 -mfma -fopenmp -MT r2cbIII_5.lo -MD -MP -MF .deps/r2cbIII_5.Tpo -c r2cbIII_5.c -o r2cbIII_5.o
libtool: compile:  gcc -DHAVE_CONFIG_H -I. -I../../.. -I../../../kernel -I../../../rdft -I../../../rdft/scalar -fopenmp -m128bit-long-double -std=gnu11 -march=znver2 -fomit-frame-pointer -O2 -mavx2 -mfma -fopenmp -MT hb_15.lo -MD -MP -MF .deps/hb_15.Tpo -c hb_15.c -o hb_15.o
libtool: compile:  gcc -DHAVE_CONFIG_H -I. -I../../.. -I../../../kernel -I../../../rdft -I../../../rdft/scalar -fopenmp -m128bit-long-double -std=gnu11 -march=znver2 -fomit-frame-pointer -O2 -mavx2 -mfma -fopenmp -MT hc2cb_4.lo -MD -MP -MF .deps/hc2cb_4.Tpo -c hc2cb_4.c -o hc2cb_4.o
libtool: compile:  gcc -DHAVE_CONFIG_H -I. -I../../.. -I../../../kernel -I../../../rdft -I../../../rdft/scalar -fopenmp -m128bit-long-double -std=gnu11 -march=znver2 -fomit-frame-pointer -O2 -mavx2 -mfma -fopenmp -MT r2cbIII_2.lo -MD -MP -MF .deps/r2cbIII_2.Tpo -c r2cbIII_2.c -o r2cbIII_2.o
libtool: compile:  gcc -DHAVE_CONFIG_H -I. -I../../.. -I../../../kernel -I../../../rdft -I../../../rdft/scalar -fopenmp -m128bit-long-double -std=gnu11 -march=znver2 -fomit-frame-pointer -O2 -mavx2 -mfma -fopenmp -MT hb_8.lo -MD -MP -MF .deps/hb_8.Tpo -c hb_8.c -o hb_8.o
libtool: compile:  gcc -DHAVE_CONFIG_H -I. -I../../.. -I../../../kernel -I../../../rdft -I../../../rdft/scalar -fopenmp -m128bit-long-double -std=gnu11 -march=znver2 -fomit-frame-pointer -O2 -mavx2 -mfma -fopenmp -MT r2cbIII_25.lo -MD -MP -MF .deps/r2cbIII_25.Tpo -c r2cbIII_25.c -o r2cbIII_25.o
libtool: compile:  gcc -DHAVE_CONFIG_H -I. -I../../.. -I../../../kernel -I../../../rdft -I../../../rdft/scalar -fopenmp -m128bit-long-double -std=gnu11 -march=znver2 -fomit-frame-pointer -O2 -mavx2 -mfma -fopenmp -MT hb2_25.lo -MD -MP -MF .deps/hb2_25.Tpo -c hb2_25.c -o hb2_25.o
libtool: compile:  gcc -DHAVE_CONFIG_H -I. -I../../.. -I../../../kernel -I../../../rdft -I../../../rdft/scalar -fopenmp -m128bit-long-double -std=gnu11 -march=znver2 -fomit-frame-pointer -O2 -mavx2 -mfma -fopenmp -MT hb2_20.lo -MD -MP -MF .deps/hb2_20.Tpo -c hb2_20.c -o hb2_20.o
libtool: compile:  gcc -DHAVE_CONFIG_H -I. -I../../.. -I../../../kernel -I../../../rdft -I../../../rdft/scalar -fopenmp -m128bit-long-double -std=gnu11 -march=znver2 -fomit-frame-pointer -O2 -mavx2 -mfma -fopenmp -MT hb2_5.lo -MD -MP -MF .deps/hb2_5.Tpo -c hb2_5.c -o hb2_5.o
libtool: compile:  gcc -DHAVE_CONFIG_H -I. -I../../.. -I../../../kernel -I../../../rdft -I../../../rdft/scalar -fopenmp -m128bit-long-double -std=gnu11 -march=znver2 -fomit-frame-pointer -O2 -mavx2 -mfma -fopenmp -MT r2cbIII_12.lo -MD -MP -MF .deps/r2cbIII_12.Tpo -c r2cbIII_12.c -o r2cbIII_12.o
libtool: compile:  gcc -DHAVE_CONFIG_H -I. -I../../.. -I../../../kernel -I../../../rdft -I../../../rdft/scalar -fopenmp -m128bit-long-double -std=gnu11 -march=znver2 -fomit-frame-pointer -O2 -mavx2 -mfma -fopenmp -MT r2cbIII_20.lo -MD -MP -MF .deps/r2cbIII_20.Tpo -c r2cbIII_20.c -o r2cbIII_20.o
libtool: compile:  gcc -DHAVE_CONFIG_H -I. -I../../.. -I../../../kernel -I../../../rdft -I../../../rdft/scalar -fopenmp -m128bit-long-double -std=gnu11 -march=znver2 -fomit-frame-pointer -O2 -mavx2 -mfma -fopenmp -MT hc2cb_2.lo -MD -MP -MF .deps/hc2cb_2.Tpo -c hc2cb_2.c -o hc2cb_2.o
libtool: compile:  gcc -DHAVE_CONFIG_H -I. -I../../.. -I../../../kernel -I../../../rdft -I../../../rdft/scalar -fopenmp -m128bit-long-double -std=gnu11 -march=znver2 -fomit-frame-pointer -O2 -mavx2 -mfma -fopenmp -MT hb_5.lo -MD -MP -MF .deps/hb_5.Tpo -c hb_5.c -o hb_5.o
libtool: compile:  gcc -DHAVE_CONFIG_H -I. -I../../.. -I../../../kernel -I../../../rdft -I../../../rdft/scalar -fopenmp -m128bit-long-double -std=gnu11 -march=znver2 -fomit-frame-pointer -O2 -mavx2 -mfma -fopenmp -MT hc2cb_8.lo -MD -MP -MF .deps/hc2cb_8.Tpo -c hc2cb_8.c -o hc2cb_8.o
libtool: compile:  gcc -DHAVE_CONFIG_H -I. -I../../.. -I../../../kernel -I../../../rdft -I../../../rdft/scalar -fopenmp -m128bit-long-double -std=gnu11 -march=znver2 -fomit-frame-pointer -O2 -mavx2 -mfma -fopenmp -MT r2cbIII_10.lo -MD -MP -MF .deps/r2cbIII_10.Tpo -c r2cbIII_10.c -o r2cbIII_10.o
libtool: compile:  gcc -DHAVE_CONFIG_H -I. -I../../.. -I../../../kernel -I../../../rdft -I../../../rdft/scalar -fopenmp -m128bit-long-double -std=gnu11 -march=znver2 -fomit-frame-pointer -O2 -mavx2 -mfma -fopenmp -MT r2cbIII_3.lo -MD -MP -MF .deps/r2cbIII_3.Tpo -c r2cbIII_3.c -o r2cbIII_3.o
libtool: compile:  gcc -DHAVE_CONFIG_H -I. -I../../.. -I../../../kernel -I../../../rdft -I../../../rdft/scalar -fopenmp -m128bit-long-double -std=gnu11 -march=znver2 -fomit-frame-pointer -O2 -mavx2 -mfma -fopenmp -MT r2cbIII_8.lo -MD -MP -MF .deps/r2cbIII_8.Tpo -c r2cbIII_8.c -o r2cbIII_8.o
libtool: compile:  gcc -DHAVE_CONFIG_H -I. -I../../.. -I../../../kernel -I../../../rdft -I../../../rdft/scalar -fopenmp -m128bit-long-double -std=gnu11 -march=znver2 -fomit-frame-pointer -O2 -mavx2 -mfma -fopenmp -MT hb_32.lo -MD -MP -MF .deps/hb_32.Tpo -c hb_32.c -o hb_32.o
libtool: compile:  gcc -DHAVE_CONFIG_H -I. -I../../.. -I../../../kernel -I../../../rdft -I../../../rdft/scalar -fopenmp -m128bit-long-double -std=gnu11 -march=znver2 -fomit-frame-pointer -O2 -mavx2 -mfma -fopenmp -MT r2cbIII_4.lo -MD -MP -MF .deps/r2cbIII_4.Tpo -c r2cbIII_4.c -o r2cbIII_4.o
libtool: compile:  gcc -DHAVE_CONFIG_H -I. -I../../.. -I../../../kernel -I../../../rdft -I../../../rdft/scalar -fopenmp -m128bit-long-double -std=gnu11 -march=znver2 -fomit-frame-pointer -O2 -mavx2 -mfma -fopenmp -MT r2cbIII_16.lo -MD -MP -MF .deps/r2cbIII_16.Tpo -c r2cbIII_16.c -o r2cbIII_16.o
libtool: compile:  gcc -DHAVE_CONFIG_H -I. -I../../.. -I../../../kernel -I../../../rdft -I../../../rdft/scalar -fopenmp -m128bit-long-double -std=gnu11 -march=znver2 -fomit-frame-pointer -O2 -mavx2 -mfma -fopenmp -MT r2cbIII_6.lo -MD -MP -MF .deps/r2cbIII_6.Tpo -c r2cbIII_6.c -o r2cbIII_6.o
libtool: compile:  gcc -DHAVE_CONFIG_H -I. -I../../.. -I../../../kernel -I../../../rdft -I../../../rdft/scalar -fopenmp -m128bit-long-double -std=gnu11 -march=znver2 -fomit-frame-pointer -O2 -mavx2 -mfma -fopenmp -MT r2cbIII_32.lo -MD -MP -MF .deps/r2cbIII_32.Tpo -c r2cbIII_32.c -o r2cbIII_32.o
libtool: compile:  gcc -DHAVE_CONFIG_H -I. -I../../.. -I../../../kernel -I../../../rdft -I../../../rdft/scalar -fopenmp -m128bit-long-double -std=gnu11 -march=znver2 -fomit-frame-pointer -O2 -mavx2 -mfma -fopenmp -MT r2cbIII_64.lo -MD -MP -MF .deps/r2cbIII_64.Tpo -c r2cbIII_64.c -o r2cbIII_64.o
libtool: compile:  gcc -DHAVE_CONFIG_H -I. -I../../.. -I../../../kernel -I../../../rdft -I../../../rdft/scalar -fopenmp -m128bit-long-double -std=gnu11 -march=znver2 -fomit-frame-pointer -O2 -mavx2 -mfma -fopenmp -MT r2cbIII_15.lo -MD -MP -MF .deps/r2cbIII_15.Tpo -c r2cbIII_15.c -o r2cbIII_15.o
libtool: compile:  gcc -DHAVE_CONFIG_H -I. -I../../.. -I../../../kernel -I../../../rdft -I../../../rdft/scalar -fopenmp -m128bit-long-double -std=gnu11 -march=znver2 -fomit-frame-pointer -O2 -mavx2 -mfma -fopenmp -MT r2cbIII_7.lo -MD -MP -MF .deps/r2cbIII_7.Tpo -c r2cbIII_7.c -o r2cbIII_7.o
libtool: compile:  gcc -DHAVE_CONFIG_H -I. -I../../.. -I../../../kernel -I../../../rdft -I../../../rdft/scalar -fopenmp -m128bit-long-double -std=gnu11 -march=znver2 -fomit-frame-pointer -O2 -mavx2 -mfma -fopenmp -MT hc2cb_10.lo -MD -MP -MF .deps/hc2cb_10.Tpo -c hc2cb_10.c -o hc2cb_10.o
libtool: compile:  gcc -DHAVE_CONFIG_H -I. -I../../.. -I../../../kernel -I../../../rdft -I../../../rdft/scalar -fopenmp -m128bit-long-double -std=gnu11 -march=znver2 -fomit-frame-pointer -O2 -mavx2 -mfma -fopenmp -MT hc2cb_6.lo -MD -MP -MF .deps/hc2cb_6.Tpo -c hc2cb_6.c -o hc2cb_6.o
libtool: compile:  gcc -DHAVE_CONFIG_H -I. -I../../.. -I../../../kernel -I../../../rdft -I../../../rdft/scalar -fopenmp -m128bit-long-double -std=gnu11 -march=znver2 -fomit-frame-pointer -O2 -mavx2 -mfma -fopenmp -MT hc2cb_12.lo -MD -MP -MF .deps/hc2cb_12.Tpo -c hc2cb_12.c -o hc2cb_12.o
libtool: compile:  gcc -DHAVE_CONFIG_H -I. -I../../.. -I../../../kernel -I../../../rdft -I../../../rdft/scalar -fopenmp -m128bit-long-double -std=gnu11 -march=znver2 -fomit-frame-pointer -O2 -mavx2 -mfma -fopenmp -MT hc2cb_32.lo -MD -MP -MF .deps/hc2cb_32.Tpo -c hc2cb_32.c -o hc2cb_32.o
libtool: compile:  gcc -DHAVE_CONFIG_H -I. -I../../.. -I../../../kernel -I../../../rdft -I../../../rdft/scalar -fopenmp -m128bit-long-double -std=gnu11 -march=znver2 -fomit-frame-pointer -O2 -mavx2 -mfma -fopenmp -MT hc2cb_16.lo -MD -MP -MF .deps/hc2cb_16.Tpo -c hc2cb_16.c -o hc2cb_16.o
libtool: compile:  gcc -DHAVE_CONFIG_H -I. -I../../.. -I../../../kernel -I../../../rdft -I../../../rdft/scalar -fopenmp -m128bit-long-double -std=gnu11 -march=znver2 -fomit-frame-pointer -O2 -mavx2 -mfma -fopenmp -MT hc2cb_20.lo -MD -MP -MF .deps/hc2cb_20.Tpo -c hc2cb_20.c -o hc2cb_20.o
libtool: compile:  gcc -DHAVE_CONFIG_H -I. -I../../.. -I../../../kernel -I../../../rdft -I../../../rdft/scalar -fopenmp -m128bit-long-double -std=gnu11 -march=znver2 -fomit-frame-pointer -O2 -mavx2 -mfma -fopenmp -MT hc2cb2_8.lo -MD -MP -MF .deps/hc2cb2_8.Tpo -c hc2cb2_8.c -o hc2cb2_8.o
libtool: compile:  gcc -DHAVE_CONFIG_H -I. -I../../.. -I../../../kernel -I../../../rdft -I../../../rdft/scalar -fopenmp -m128bit-long-double -std=gnu11 -march=znver2 -fomit-frame-pointer -O2 -mavx2 -mfma -fopenmp -MT hc2cb2_32.lo -MD -MP -MF .deps/hc2cb2_32.Tpo -c hc2cb2_32.c -o hc2cb2_32.o
libtool: compile:  gcc -DHAVE_CONFIG_H -I. -I../../.. -I../../../kernel -I../../../rdft -I../../../rdft/scalar -fopenmp -m128bit-long-double -std=gnu11 -march=znver2 -fomit-frame-pointer -O2 -mavx2 -mfma -fopenmp -MT hc2cb2_16.lo -MD -MP -MF .deps/hc2cb2_16.Tpo -c hc2cb2_16.c -o hc2cb2_16.o
libtool: compile:  gcc -DHAVE_CONFIG_H -I. -I../../.. -I../../../kernel -I../../../rdft -I../../../rdft/scalar -fopenmp -m128bit-long-double -std=gnu11 -march=znver2 -fomit-frame-pointer -O2 -mavx2 -mfma -fopenmp -MT hc2cb2_4.lo -MD -MP -MF .deps/hc2cb2_4.Tpo -c hc2cb2_4.c -o hc2cb2_4.o
libtool: compile:  gcc -DHAVE_CONFIG_H -I. -I../../.. -I../../../kernel -I../../../rdft -I../../../rdft/scalar -fopenmp -m128bit-long-double -std=gnu11 -march=znver2 -fomit-frame-pointer -O2 -mavx2 -mfma -fopenmp -MT hc2cb2_20.lo -MD -MP -MF .deps/hc2cb2_20.Tpo -c hc2cb2_20.c -o hc2cb2_20.o
libtool: compile:  gcc -DHAVE_CONFIG_H -I. -I../../.. -I../../../kernel -I../../../rdft -I../../../rdft/scalar -fopenmp -m128bit-long-double -std=gnu11 -march=znver2 -fomit-frame-pointer -O2 -mavx2 -mfma -fopenmp -MT hc2cbdft_2.lo -MD -MP -MF .deps/hc2cbdft_2.Tpo -c hc2cbdft_2.c -o hc2cbdft_2.o
libtool: compile:  gcc -DHAVE_CONFIG_H -I. -I../../.. -I../../../kernel -I../../../rdft -I../../../rdft/scalar -fopenmp -m128bit-long-double -std=gnu11 -march=znver2 -fomit-frame-pointer -O2 -mavx2 -mfma -fopenmp -MT hc2cbdft_4.lo -MD -MP -MF .deps/hc2cbdft_4.Tpo -c hc2cbdft_4.c -o hc2cbdft_4.o
libtool: compile:  gcc -DHAVE_CONFIG_H -I. -I../../.. -I../../../kernel -I../../../rdft -I../../../rdft/scalar -fopenmp -m128bit-long-double -std=gnu11 -march=znver2 -fomit-frame-pointer -O2 -mavx2 -mfma -fopenmp -MT hc2cbdft_6.lo -MD -MP -MF .deps/hc2cbdft_6.Tpo -c hc2cbdft_6.c -o hc2cbdft_6.o
libtool: compile:  gcc -DHAVE_CONFIG_H -I. -I../../.. -I../../../kernel -I../../../rdft -I../../../rdft/scalar -fopenmp -m128bit-long-double -std=gnu11 -march=znver2 -fomit-frame-pointer -O2 -mavx2 -mfma -fopenmp -MT hc2cbdft_12.lo -MD -MP -MF .deps/hc2cbdft_12.Tpo -c hc2cbdft_12.c -o hc2cbdft_12.o
libtool: compile:  gcc -DHAVE_CONFIG_H -I. -I../../.. -I../../../kernel -I../../../rdft -I../../../rdft/scalar -fopenmp -m128bit-long-double -std=gnu11 -march=znver2 -fomit-frame-pointer -O2 -mavx2 -mfma -fopenmp -MT hc2cbdft_10.lo -MD -MP -MF .deps/hc2cbdft_10.Tpo -c hc2cbdft_10.c -o hc2cbdft_10.o
libtool: compile:  gcc -DHAVE_CONFIG_H -I. -I../../.. -I../../../kernel -I../../../rdft -I../../../rdft/scalar -fopenmp -m128bit-long-double -std=gnu11 -march=znver2 -fomit-frame-pointer -O2 -mavx2 -mfma -fopenmp -MT hc2cbdft_8.lo -MD -MP -MF .deps/hc2cbdft_8.Tpo -c hc2cbdft_8.c -o hc2cbdft_8.o
libtool: compile:  gcc -DHAVE_CONFIG_H -I. -I../../.. -I../../../kernel -I../../../rdft -I../../../rdft/scalar -fopenmp -m128bit-long-double -std=gnu11 -march=znver2 -fomit-frame-pointer -O2 -mavx2 -mfma -fopenmp -MT hc2cbdft_32.lo -MD -MP -MF .deps/hc2cbdft_32.Tpo -c hc2cbdft_32.c -o hc2cbdft_32.o
libtool: compile:  gcc -DHAVE_CONFIG_H -I. -I../../.. -I../../../kernel -I../../../rdft -I../../../rdft/scalar -fopenmp -m128bit-long-double -std=gnu11 -march=znver2 -fomit-frame-pointer -O2 -mavx2 -mfma -fopenmp -MT hc2cbdft2_8.lo -MD -MP -MF .deps/hc2cbdft2_8.Tpo -c hc2cbdft2_8.c -o hc2cbdft2_8.o
libtool: compile:  gcc -DHAVE_CONFIG_H -I. -I../../.. -I../../../kernel -I../../../rdft -I../../../rdft/scalar -fopenmp -m128bit-long-double -std=gnu11 -march=znver2 -fomit-frame-pointer -O2 -mavx2 -mfma -fopenmp -MT hc2cbdft_16.lo -MD -MP -MF .deps/hc2cbdft_16.Tpo -c hc2cbdft_16.c -o hc2cbdft_16.o
libtool: compile:  gcc -DHAVE_CONFIG_H -I. -I../../.. -I../../../kernel -I../../../rdft -I../../../rdft/scalar -fopenmp -m128bit-long-double -std=gnu11 -march=znver2 -fomit-frame-pointer -O2 -mavx2 -mfma -fopenmp -MT hc2cbdft2_32.lo -MD -MP -MF .deps/hc2cbdft2_32.Tpo -c hc2cbdft2_32.c -o hc2cbdft2_32.o
libtool: compile:  gcc -DHAVE_CONFIG_H -I. -I../../.. -I../../../kernel -I../../../rdft -I../../../rdft/scalar -fopenmp -m128bit-long-double -std=gnu11 -march=znver2 -fomit-frame-pointer -O2 -mavx2 -mfma -fopenmp -MT hc2cbdft2_4.lo -MD -MP -MF .deps/hc2cbdft2_4.Tpo -c hc2cbdft2_4.c -o hc2cbdft2_4.o
libtool: compile:  gcc -DHAVE_CONFIG_H -I. -I../../.. -I../../../kernel -I../../../rdft -I../../../rdft/scalar -fopenmp -m128bit-long-double -std=gnu11 -march=znver2 -fomit-frame-pointer -O2 -mavx2 -mfma -fopenmp -MT hc2cbdft2_16.lo -MD -MP -MF .deps/hc2cbdft2_16.Tpo -c hc2cbdft2_16.c -o hc2cbdft2_16.o
libtool: compile:  gcc -DHAVE_CONFIG_H -I. -I../../.. -I../../../kernel -I../../../rdft -I../../../rdft/scalar -fopenmp -m128bit-long-double -std=gnu11 -march=znver2 -fomit-frame-pointer -O2 -mavx2 -mfma -fopenmp -MT hc2cbdft2_20.lo -MD -MP -MF .deps/hc2cbdft2_20.Tpo -c hc2cbdft2_20.c -o hc2cbdft2_20.o
libtool: compile:  gcc -DHAVE_CONFIG_H -I. -I../../.. -I../../../kernel -I../../../rdft -I../../../rdft/scalar -fopenmp -m128bit-long-double -std=gnu11 -march=znver2 -fomit-frame-pointer -O2 -mavx2 -mfma -fopenmp -MT hc2cbdft_20.lo -MD -MP -MF .deps/hc2cbdft_20.Tpo -c hc2cbdft_20.c -o hc2cbdft_20.o
libtool: compile:  gcc -DHAVE_CONFIG_H -I. -I../../.. -I../../../kernel -I../../../rdft -I../../../rdft/scalar -fopenmp -m128bit-long-double -std=gnu11 -march=znver2 -fomit-frame-pointer -O2 -mavx2 -mfma -fopenmp -MT codlist.lo -MD -MP -MF .deps/codlist.Tpo -c codlist.c -o codlist.o
libtool: link: ar cru .libs/librdft_scalar_r2cb.a  r2cb_2.o r2cb_3.o r2cb_4.o r2cb_5.o r2cb_6.o r2cb_7.o r2cb_8.o r2cb_9.o r2cb_10.o r2cb_11.o r2cb_12.o r2cb_13.o r2cb_14.o r2cb_15.o r2cb_16.o r2cb_32.o r2cb_64.o r2cb_128.o r2cb_20.o r2cb_25.o hb_2.o hb_3.o hb_4.o hb_5.o hb_6.o hb_7.o hb_8.o hb_9.o hb_10.o hb_12.o hb_15.o hb_16.o hb_32.o hb_64.o hb_20.o hb_25.o hb2_4.o hb2_8.o hb2_16.o hb2_32.o hb2_5.o hb2_20.o hb2_25.o r2cbIII_2.o r2cbIII_3.o r2cbIII_4.o r2cbIII_5.o r2cbIII_6.o r2cbIII_7.o r2cbIII_8.o r2cbIII_9.o r2cbIII_10.o r2cbIII_12.o r2cbIII_15.o r2cbIII_16.o r2cbIII_32.o r2cbIII_64.o r2cbIII_20.o r2cbIII_25.o hc2cb_2.o hc2cb_4.o hc2cb_6.o hc2cb_8.o hc2cb_10.o hc2cb_12.o hc2cb_16.o hc2cb_32.o hc2cb_20.o hc2cb2_4.o hc2cb2_8.o hc2cb2_16.o hc2cb2_32.o hc2cb2_20.o hc2cbdft_2.o hc2cbdft_4.o hc2cbdft_6.o hc2cbdft_8.o hc2cbdft_10.o hc2cbdft_12.o hc2cbdft_16.o hc2cbdft_32.o hc2cbdft_20.o hc2cbdft2_4.o hc2cbdft2_8.o hc2cbdft2_16.o hc2cbdft2_32.o hc2cbdft2_20.o codlist.o
libtool: link: ranlib .libs/librdft_scalar_r2cb.a
libtool: link: ( cd ".libs" && rm -f "librdft_scalar_r2cb.la" && ln -s "../librdft_scalar_r2cb.la" "librdft_scalar_r2cb.la" )
Making all in r2r
libtool: compile:  gcc -DHAVE_CONFIG_H -I. -I../../.. -I../../../kernel -I../../../rdft -I../../../rdft/scalar -fopenmp -m128bit-long-double -std=gnu11 -march=znver2 -fomit-frame-pointer -O2 -mavx2 -mfma -fopenmp -MT e01_8.lo -MD -MP -MF .deps/e01_8.Tpo -c e01_8.c -o e01_8.o
libtool: compile:  gcc -DHAVE_CONFIG_H -I. -I../../.. -I../../../kernel -I../../../rdft -I../../../rdft/scalar -fopenmp -m128bit-long-double -std=gnu11 -march=znver2 -fomit-frame-pointer -O2 -mavx2 -mfma -fopenmp -MT codlist.lo -MD -MP -MF .deps/codlist.Tpo -c codlist.c -o codlist.o
libtool: compile:  gcc -DHAVE_CONFIG_H -I. -I../../.. -I../../../kernel -I../../../rdft -I../../../rdft/scalar -fopenmp -m128bit-long-double -std=gnu11 -march=znver2 -fomit-frame-pointer -O2 -mavx2 -mfma -fopenmp -MT e10_8.lo -MD -MP -MF .deps/e10_8.Tpo -c e10_8.c -o e10_8.o
libtool: link: ar cru .libs/librdft_scalar_r2r.a  e01_8.o e10_8.o codlist.o
libtool: link: ranlib .libs/librdft_scalar_r2r.a
libtool: link: ( cd ".libs" && rm -f "librdft_scalar_r2r.la" && ln -s "../librdft_scalar_r2r.la" "librdft_scalar_r2r.la" )
libtool: compile:  gcc -DHAVE_CONFIG_H -I. -I../.. -I../../kernel -I../../rdft -fopenmp -m128bit-long-double -std=gnu11 -march=znver2 -fomit-frame-pointer -O2 -mavx2 -mfma -fopenmp -MT hfb.lo -MD -MP -MF .deps/hfb.Tpo -c hfb.c -o hfb.o
libtool: compile:  gcc -DHAVE_CONFIG_H -I. -I../.. -I../../kernel -I../../rdft -fopenmp -m128bit-long-double -std=gnu11 -march=znver2 -fomit-frame-pointer -O2 -mavx2 -mfma -fopenmp -MT r2c.lo -MD -MP -MF .deps/r2c.Tpo -c r2c.c -o r2c.o
libtool: compile:  gcc -DHAVE_CONFIG_H -I. -I../.. -I../../kernel -I../../rdft -fopenmp -m128bit-long-double -std=gnu11 -march=znver2 -fomit-frame-pointer -O2 -mavx2 -mfma -fopenmp -MT hc2c.lo -MD -MP -MF .deps/hc2c.Tpo -c hc2c.c -o hc2c.o
libtool: compile:  gcc -DHAVE_CONFIG_H -I. -I../.. -I../../kernel -I../../rdft -fopenmp -m128bit-long-double -std=gnu11 -march=znver2 -fomit-frame-pointer -O2 -mavx2 -mfma -fopenmp -MT r2r.lo -MD -MP -MF .deps/r2r.Tpo -c r2r.c -o r2r.o
libtool: link: ar cru .libs/librdft_scalar.a  hfb.o r2c.o r2r.o hc2c.o
libtool: link: ranlib .libs/librdft_scalar.a
libtool: link: ( cd ".libs" && rm -f "librdft_scalar.la" && ln -s "../librdft_scalar.la" "librdft_scalar.la" )
Making all in simd
Making all in common
Making all in sse2
Making all in avx
Making all in altivec
Making all in neon
libtool: compile:  gcc -DHAVE_CONFIG_H -I. -I.. -I../kernel -I../dft -fopenmp -m128bit-long-double -std=gnu11 -march=znver2 -fomit-frame-pointer -O2 -mavx2 -mfma -fopenmp -MT hc2hc.lo -MD -MP -MF .deps/hc2hc.Tpo -c hc2hc.c -o hc2hc.o
libtool: compile:  gcc -DHAVE_CONFIG_H -I. -I.. -I../kernel -I../dft -fopenmp -m128bit-long-double -std=gnu11 -march=znver2 -fomit-frame-pointer -O2 -mavx2 -mfma -fopenmp -MT dft-r2hc.lo -MD -MP -MF .deps/dft-r2hc.Tpo -c dft-r2hc.c -o dft-r2hc.o
libtool: compile:  gcc -DHAVE_CONFIG_H -I. -I.. -I../kernel -I../dft -fopenmp -m128bit-long-double -std=gnu11 -march=znver2 -fomit-frame-pointer -O2 -mavx2 -mfma -fopenmp -MT dht-r2hc.lo -MD -MP -MF .deps/dht-r2hc.Tpo -c dht-r2hc.c -o dht-r2hc.o
libtool: compile:  gcc -DHAVE_CONFIG_H -I. -I.. -I../kernel -I../dft -fopenmp -m128bit-long-double -std=gnu11 -march=znver2 -fomit-frame-pointer -O2 -mavx2 -mfma -fopenmp -MT dht-rader.lo -MD -MP -MF .deps/dht-rader.Tpo -c dht-rader.c -o dht-rader.o
libtool: compile:  gcc -DHAVE_CONFIG_H -I. -I.. -I../kernel -I../dft -fopenmp -m128bit-long-double -std=gnu11 -march=znver2 -fomit-frame-pointer -O2 -mavx2 -mfma -fopenmp -MT buffered.lo -MD -MP -MF .deps/buffered.Tpo -c buffered.c -o buffered.o
libtool: compile:  gcc -DHAVE_CONFIG_H -I. -I.. -I../kernel -I../dft -fopenmp -m128bit-long-double -std=gnu11 -march=znver2 -fomit-frame-pointer -O2 -mavx2 -mfma -fopenmp -MT conf.lo -MD -MP -MF .deps/conf.Tpo -c conf.c -o conf.o
libtool: compile:  gcc -DHAVE_CONFIG_H -I. -I.. -I../kernel -I../dft -fopenmp -m128bit-long-double -std=gnu11 -march=znver2 -fomit-frame-pointer -O2 -mavx2 -mfma -fopenmp -MT direct-r2r.lo -MD -MP -MF .deps/direct-r2r.Tpo -c direct-r2r.c -o direct-r2r.o
libtool: compile:  gcc -DHAVE_CONFIG_H -I. -I.. -I../kernel -I../dft -fopenmp -m128bit-long-double -std=gnu11 -march=znver2 -fomit-frame-pointer -O2 -mavx2 -mfma -fopenmp -MT direct-r2c.lo -MD -MP -MF .deps/direct-r2c.Tpo -c direct-r2c.c -o direct-r2c.o
libtool: compile:  gcc -DHAVE_CONFIG_H -I. -I.. -I../kernel -I../dft -fopenmp -m128bit-long-double -std=gnu11 -march=znver2 -fomit-frame-pointer -O2 -mavx2 -mfma -fopenmp -MT generic.lo -MD -MP -MF .deps/generic.Tpo -c generic.c -o generic.o
libtool: compile:  gcc -DHAVE_CONFIG_H -I. -I.. -I../kernel -I../dft -fopenmp -m128bit-long-double -std=gnu11 -march=znver2 -fomit-frame-pointer -O2 -mavx2 -mfma -fopenmp -MT hc2hc-direct.lo -MD -MP -MF .deps/hc2hc-direct.Tpo -c hc2hc-direct.c -o hc2hc-direct.o
libtool: compile:  gcc -DHAVE_CONFIG_H -I. -I.. -I../kernel -I../dft -fopenmp -m128bit-long-double -std=gnu11 -march=znver2 -fomit-frame-pointer -O2 -mavx2 -mfma -fopenmp -MT hc2hc-generic.lo -MD -MP -MF .deps/hc2hc-generic.Tpo -c hc2hc-generic.c -o hc2hc-generic.o
libtool: compile:  gcc -DHAVE_CONFIG_H -I. -I.. -I../kernel -I../dft -fopenmp -m128bit-long-double -std=gnu11 -march=znver2 -fomit-frame-pointer -O2 -mavx2 -mfma -fopenmp -MT khc2hc.lo -MD -MP -MF .deps/khc2hc.Tpo -c khc2hc.c -o khc2hc.o
libtool: compile:  gcc -DHAVE_CONFIG_H -I. -I.. -I../kernel -I../dft -fopenmp -m128bit-long-double -std=gnu11 -march=znver2 -fomit-frame-pointer -O2 -mavx2 -mfma -fopenmp -MT kr2c.lo -MD -MP -MF .deps/kr2c.Tpo -c kr2c.c -o kr2c.o
libtool: compile:  gcc -DHAVE_CONFIG_H -I. -I.. -I../kernel -I../dft -fopenmp -m128bit-long-double -std=gnu11 -march=znver2 -fomit-frame-pointer -O2 -mavx2 -mfma -fopenmp -MT kr2r.lo -MD -MP -MF .deps/kr2r.Tpo -c kr2r.c -o kr2r.o
libtool: compile:  gcc -DHAVE_CONFIG_H -I. -I.. -I../kernel -I../dft -fopenmp -m128bit-long-double -std=gnu11 -march=znver2 -fomit-frame-pointer -O2 -mavx2 -mfma -fopenmp -MT indirect.lo -MD -MP -MF .deps/indirect.Tpo -c indirect.c -o indirect.o
libtool: compile:  gcc -DHAVE_CONFIG_H -I. -I.. -I../kernel -I../dft -fopenmp -m128bit-long-double -std=gnu11 -march=znver2 -fomit-frame-pointer -O2 -mavx2 -mfma -fopenmp -MT nop.lo -MD -MP -MF .deps/nop.Tpo -c nop.c -o nop.o
libtool: compile:  gcc -DHAVE_CONFIG_H -I. -I.. -I../kernel -I../dft -fopenmp -m128bit-long-double -std=gnu11 -march=znver2 -fomit-frame-pointer -O2 -mavx2 -mfma -fopenmp -MT plan.lo -MD -MP -MF .deps/plan.Tpo -c plan.c -o plan.o
libtool: compile:  gcc -DHAVE_CONFIG_H -I. -I.. -I../kernel -I../dft -fopenmp -m128bit-long-double -std=gnu11 -march=znver2 -fomit-frame-pointer -O2 -mavx2 -mfma -fopenmp -MT problem.lo -MD -MP -MF .deps/problem.Tpo -c problem.c -o problem.o
libtool: compile:  gcc -DHAVE_CONFIG_H -I. -I.. -I../kernel -I../dft -fopenmp -m128bit-long-double -std=gnu11 -march=znver2 -fomit-frame-pointer -O2 -mavx2 -mfma -fopenmp -MT rank-geq2.lo -MD -MP -MF .deps/rank-geq2.Tpo -c rank-geq2.c -o rank-geq2.o
libtool: compile:  gcc -DHAVE_CONFIG_H -I. -I.. -I../kernel -I../dft -fopenmp -m128bit-long-double -std=gnu11 -march=znver2 -fomit-frame-pointer -O2 -mavx2 -mfma -fopenmp -MT rank0.lo -MD -MP -MF .deps/rank0.Tpo -c rank0.c -o rank0.o
libtool: compile:  gcc -DHAVE_CONFIG_H -I. -I.. -I../kernel -I../dft -fopenmp -m128bit-long-double -std=gnu11 -march=znver2 -fomit-frame-pointer -O2 -mavx2 -mfma -fopenmp -MT rdft-dht.lo -MD -MP -MF .deps/rdft-dht.Tpo -c rdft-dht.c -o rdft-dht.o
libtool: compile:  gcc -DHAVE_CONFIG_H -I. -I.. -I../kernel -I../dft -fopenmp -m128bit-long-double -std=gnu11 -march=znver2 -fomit-frame-pointer -O2 -mavx2 -mfma -fopenmp -MT solve.lo -MD -MP -MF .deps/solve.Tpo -c solve.c -o solve.o
libtool: compile:  gcc -DHAVE_CONFIG_H -I. -I.. -I../kernel -I../dft -fopenmp -m128bit-long-double -std=gnu11 -march=znver2 -fomit-frame-pointer -O2 -mavx2 -mfma -fopenmp -MT vrank-geq1.lo -MD -MP -MF .deps/vrank-geq1.Tpo -c vrank-geq1.c -o vrank-geq1.o
libtool: compile:  gcc -DHAVE_CONFIG_H -I. -I.. -I../kernel -I../dft -fopenmp -m128bit-long-double -std=gnu11 -march=znver2 -fomit-frame-pointer -O2 -mavx2 -mfma -fopenmp -MT vrank3-transpose.lo -MD -MP -MF .deps/vrank3-transpose.Tpo -c vrank3-transpose.c -o vrank3-transpose.o
libtool: compile:  gcc -DHAVE_CONFIG_H -I. -I.. -I../kernel -I../dft -fopenmp -m128bit-long-double -std=gnu11 -march=znver2 -fomit-frame-pointer -O2 -mavx2 -mfma -fopenmp -MT nop2.lo -MD -MP -MF .deps/nop2.Tpo -c nop2.c -o nop2.o
libtool: compile:  gcc -DHAVE_CONFIG_H -I. -I.. -I../kernel -I../dft -fopenmp -m128bit-long-double -std=gnu11 -march=znver2 -fomit-frame-pointer -O2 -mavx2 -mfma -fopenmp -MT direct2.lo -MD -MP -MF .deps/direct2.Tpo -c direct2.c -o direct2.o
libtool: compile:  gcc -DHAVE_CONFIG_H -I. -I.. -I../kernel -I../dft -fopenmp -m128bit-long-double -std=gnu11 -march=znver2 -fomit-frame-pointer -O2 -mavx2 -mfma -fopenmp -MT buffered2.lo -MD -MP -MF .deps/buffered2.Tpo -c buffered2.c -o buffered2.o
libtool: compile:  gcc -DHAVE_CONFIG_H -I. -I.. -I../kernel -I../dft -fopenmp -m128bit-long-double -std=gnu11 -march=znver2 -fomit-frame-pointer -O2 -mavx2 -mfma -fopenmp -MT rank0-rdft2.lo -MD -MP -MF .deps/rank0-rdft2.Tpo -c rank0-rdft2.c -o rank0-rdft2.o
libtool: compile:  gcc -DHAVE_CONFIG_H -I. -I.. -I../kernel -I../dft -fopenmp -m128bit-long-double -std=gnu11 -march=znver2 -fomit-frame-pointer -O2 -mavx2 -mfma -fopenmp -MT solve2.lo -MD -MP -MF .deps/solve2.Tpo -c solve2.c -o solve2.o
libtool: compile:  gcc -DHAVE_CONFIG_H -I. -I.. -I../kernel -I../dft -fopenmp -m128bit-long-double -std=gnu11 -march=znver2 -fomit-frame-pointer -O2 -mavx2 -mfma -fopenmp -MT problem2.lo -MD -MP -MF .deps/problem2.Tpo -c problem2.c -o problem2.o
libtool: compile:  gcc -DHAVE_CONFIG_H -I. -I.. -I../kernel -I../dft -fopenmp -m128bit-long-double -std=gnu11 -march=znver2 -fomit-frame-pointer -O2 -mavx2 -mfma -fopenmp -MT plan2.lo -MD -MP -MF .deps/plan2.Tpo -c plan2.c -o plan2.o
libtool: compile:  gcc -DHAVE_CONFIG_H -I. -I.. -I../kernel -I../dft -fopenmp -m128bit-long-double -std=gnu11 -march=znver2 -fomit-frame-pointer -O2 -mavx2 -mfma -fopenmp -MT vrank-geq1-rdft2.lo -MD -MP -MF .deps/vrank-geq1-rdft2.Tpo -c vrank-geq1-rdft2.c -o vrank-geq1-rdft2.o
libtool: compile:  gcc -DHAVE_CONFIG_H -I. -I.. -I../kernel -I../dft -fopenmp -m128bit-long-double -std=gnu11 -march=znver2 -fomit-frame-pointer -O2 -mavx2 -mfma -fopenmp -MT rdft2-rdft.lo -MD -MP -MF .deps/rdft2-rdft.Tpo -c rdft2-rdft.c -o rdft2-rdft.o
libtool: compile:  gcc -DHAVE_CONFIG_H -I. -I.. -I../kernel -I../dft -fopenmp -m128bit-long-double -std=gnu11 -march=znver2 -fomit-frame-pointer -O2 -mavx2 -mfma -fopenmp -MT rdft2-inplace-strides.lo -MD -MP -MF .deps/rdft2-inplace-strides.Tpo -c rdft2-inplace-strides.c -o rdft2-inplace-strides.o
libtool: compile:  gcc -DHAVE_CONFIG_H -I. -I.. -I../kernel -I../dft -fopenmp -m128bit-long-double -std=gnu11 -march=znver2 -fomit-frame-pointer -O2 -mavx2 -mfma -fopenmp -MT rank-geq2-rdft2.lo -MD -MP -MF .deps/rank-geq2-rdft2.Tpo -c rank-geq2-rdft2.c -o rank-geq2-rdft2.o
libtool: compile:  gcc -DHAVE_CONFIG_H -I. -I.. -I../kernel -I../dft -fopenmp -m128bit-long-double -std=gnu11 -march=znver2 -fomit-frame-pointer -O2 -mavx2 -mfma -fopenmp -MT rdft2-tensor-max-index.lo -MD -MP -MF .deps/rdft2-tensor-max-index.Tpo -c rdft2-tensor-max-index.c -o rdft2-tensor-max-index.o
libtool: compile:  gcc -DHAVE_CONFIG_H -I. -I.. -I../kernel -I../dft -fopenmp -m128bit-long-double -std=gnu11 -march=znver2 -fomit-frame-pointer -O2 -mavx2 -mfma -fopenmp -MT rdft2-strides.lo -MD -MP -MF .deps/rdft2-strides.Tpo -c rdft2-strides.c -o rdft2-strides.o
libtool: compile:  gcc -DHAVE_CONFIG_H -I. -I.. -I../kernel -I../dft -fopenmp -m128bit-long-double -std=gnu11 -march=znver2 -fomit-frame-pointer -O2 -mavx2 -mfma -fopenmp -MT ct-hc2c-direct.lo -MD -MP -MF .deps/ct-hc2c-direct.Tpo -c ct-hc2c-direct.c -o ct-hc2c-direct.o
libtool: compile:  gcc -DHAVE_CONFIG_H -I. -I.. -I../kernel -I../dft -fopenmp -m128bit-long-double -std=gnu11 -march=znver2 -fomit-frame-pointer -O2 -mavx2 -mfma -fopenmp -MT khc2c.lo -MD -MP -MF .deps/khc2c.Tpo -c khc2c.c -o khc2c.o
libtool: compile:  gcc -DHAVE_CONFIG_H -I. -I.. -I../kernel -I../dft -fopenmp -m128bit-long-double -std=gnu11 -march=znver2 -fomit-frame-pointer -O2 -mavx2 -mfma -fopenmp -MT ct-hc2c.lo -MD -MP -MF .deps/ct-hc2c.Tpo -c ct-hc2c.c -o ct-hc2c.o
libtool: link: ar cru .libs/librdft.a  hc2hc.o dft-r2hc.o dht-r2hc.o dht-rader.o buffered.o conf.o direct-r2r.o direct-r2c.o generic.o hc2hc-direct.o hc2hc-generic.o khc2hc.o kr2c.o kr2r.o indirect.o nop.o plan.o problem.o rank0.o rank-geq2.o rdft-dht.o solve.o vrank-geq1.o vrank3-transpose.o buffered2.o direct2.o nop2.o rank0-rdft2.o rank-geq2-rdft2.o plan2.o problem2.o solve2.o vrank-geq1-rdft2.o rdft2-rdft.o rdft2-tensor-max-index.o rdft2-inplace-strides.o rdft2-strides.o khc2c.o ct-hc2c.o ct-hc2c-direct.o
libtool: link: ranlib .libs/librdft.a
libtool: link: ( cd ".libs" && rm -f "librdft.la" && ln -s "../librdft.la" "librdft.la" )
Making all in reodft
libtool: compile:  gcc -DHAVE_CONFIG_H -I. -I.. -I../kernel -I../rdft -fopenmp -m128bit-long-double -std=gnu11 -march=znver2 -fomit-frame-pointer -O2 -mavx2 -mfma -fopenmp -MT conf.lo -MD -MP -MF .deps/conf.Tpo -c conf.c -o conf.o
libtool: compile:  gcc -DHAVE_CONFIG_H -I. -I.. -I../kernel -I../rdft -fopenmp -m128bit-long-double -std=gnu11 -march=znver2 -fomit-frame-pointer -O2 -mavx2 -mfma -fopenmp -MT reodft010e-r2hc.lo -MD -MP -MF .deps/reodft010e-r2hc.Tpo -c reodft010e-r2hc.c -o reodft010e-r2hc.o
libtool: compile:  gcc -DHAVE_CONFIG_H -I. -I.. -I../kernel -I../rdft -fopenmp -m128bit-long-double -std=gnu11 -march=znver2 -fomit-frame-pointer -O2 -mavx2 -mfma -fopenmp -MT reodft11e-radix2.lo -MD -MP -MF .deps/reodft11e-radix2.Tpo -c reodft11e-radix2.c -o reodft11e-radix2.o
libtool: compile:  gcc -DHAVE_CONFIG_H -I. -I.. -I../kernel -I../rdft -fopenmp -m128bit-long-double -std=gnu11 -march=znver2 -fomit-frame-pointer -O2 -mavx2 -mfma -fopenmp -MT reodft11e-r2hc-odd.lo -MD -MP -MF .deps/reodft11e-r2hc-odd.Tpo -c reodft11e-r2hc-odd.c -o reodft11e-r2hc-odd.o
libtool: compile:  gcc -DHAVE_CONFIG_H -I. -I.. -I../kernel -I../rdft -fopenmp -m128bit-long-double -std=gnu11 -march=znver2 -fomit-frame-pointer -O2 -mavx2 -mfma -fopenmp -MT redft00e-r2hc-pad.lo -MD -MP -MF .deps/redft00e-r2hc-pad.Tpo -c redft00e-r2hc-pad.c -o redft00e-r2hc-pad.o
libtool: compile:  gcc -DHAVE_CONFIG_H -I. -I.. -I../kernel -I../rdft -fopenmp -m128bit-long-double -std=gnu11 -march=znver2 -fomit-frame-pointer -O2 -mavx2 -mfma -fopenmp -MT rodft00e-r2hc-pad.lo -MD -MP -MF .deps/rodft00e-r2hc-pad.Tpo -c rodft00e-r2hc-pad.c -o rodft00e-r2hc-pad.o
libtool: compile:  gcc -DHAVE_CONFIG_H -I. -I.. -I../kernel -I../rdft -fopenmp -m128bit-long-double -std=gnu11 -march=znver2 -fomit-frame-pointer -O2 -mavx2 -mfma -fopenmp -MT reodft00e-splitradix.lo -MD -MP -MF .deps/reodft00e-splitradix.Tpo -c reodft00e-splitradix.c -o reodft00e-splitradix.o
libtool: link: ar cru .libs/libreodft.a  conf.o reodft010e-r2hc.o reodft11e-radix2.o reodft11e-r2hc-odd.o redft00e-r2hc-pad.o rodft00e-r2hc-pad.o reodft00e-splitradix.o
libtool: link: ranlib .libs/libreodft.a
libtool: link: ( cd ".libs" && rm -f "libreodft.la" && ln -s "../libreodft.la" "libreodft.la" )
Making all in api
libtool: compile:  gcc -DHAVE_CONFIG_H -I. -I.. -I../kernel -I../dft -I../rdft -I../reodft -fopenmp -m128bit-long-double -std=gnu11 -march=znver2 -fomit-frame-pointer -O2 -mavx2 -mfma -fopenmp -MT apiplan.lo -MD -MP -MF .deps/apiplan.Tpo -c apiplan.c -o apiplan.o
libtool: compile:  gcc -DHAVE_CONFIG_H -I. -I.. -I../kernel -I../dft -I../rdft -I../reodft -fopenmp -m128bit-long-double -std=gnu11 -march=znver2 -fomit-frame-pointer -O2 -mavx2 -mfma -fopenmp -MT configure.lo -MD -MP -MF .deps/configure.Tpo -c configure.c -o configure.o
libtool: compile:  gcc -DHAVE_CONFIG_H -I. -I.. -I../kernel -I../dft -I../rdft -I../reodft -fopenmp -m128bit-long-double -std=gnu11 -march=znver2 -fomit-frame-pointer -O2 -mavx2 -mfma -fopenmp -MT execute-r2r.lo -MD -MP -MF .deps/execute-r2r.Tpo -c execute-r2r.c -o execute-r2r.o
libtool: compile:  gcc -DHAVE_CONFIG_H -I. -I.. -I../kernel -I../dft -I../rdft -I../reodft -fopenmp -m128bit-long-double -std=gnu11 -march=znver2 -fomit-frame-pointer -O2 -mavx2 -mfma -fopenmp -MT execute-dft-r2c.lo -MD -MP -MF .deps/execute-dft-r2c.Tpo -c execute-dft-r2c.c -o execute-dft-r2c.o
libtool: compile:  gcc -DHAVE_CONFIG_H -I. -I.. -I../kernel -I../dft -I../rdft -I../reodft -fopenmp -m128bit-long-double -std=gnu11 -march=znver2 -fomit-frame-pointer -O2 -mavx2 -mfma -fopenmp -MT execute-dft-c2r.lo -MD -MP -MF .deps/execute-dft-c2r.Tpo -c execute-dft-c2r.c -o execute-dft-c2r.o
libtool: compile:  gcc -DHAVE_CONFIG_H -I. -I.. -I../kernel -I../dft -I../rdft -I../reodft -fopenmp -m128bit-long-double -std=gnu11 -march=znver2 -fomit-frame-pointer -O2 -mavx2 -mfma -fopenmp -MT execute-dft.lo -MD -MP -MF .deps/execute-dft.Tpo -c execute-dft.c -o execute-dft.o
libtool: compile:  gcc -DHAVE_CONFIG_H -I. -I.. -I../kernel -I../dft -I../rdft -I../reodft -fopenmp -m128bit-long-double -std=gnu11 -march=znver2 -fomit-frame-pointer -O2 -mavx2 -mfma -fopenmp -MT execute-split-dft-c2r.lo -MD -MP -MF .deps/execute-split-dft-c2r.Tpo -c execute-split-dft-c2r.c -o execute-split-dft-c2r.o
libtool: compile:  gcc -DHAVE_CONFIG_H -I. -I.. -I../kernel -I../dft -I../rdft -I../reodft -fopenmp -m128bit-long-double -std=gnu11 -march=znver2 -fomit-frame-pointer -O2 -mavx2 -mfma -fopenmp -MT execute-split-dft-r2c.lo -MD -MP -MF .deps/execute-split-dft-r2c.Tpo -c execute-split-dft-r2c.c -o execute-split-dft-r2c.o
libtool: compile:  gcc -DHAVE_CONFIG_H -I. -I.. -I../kernel -I../dft -I../rdft -I../reodft -fopenmp -m128bit-long-double -std=gnu11 -march=znver2 -fomit-frame-pointer -O2 -mavx2 -mfma -fopenmp -MT execute.lo -MD -MP -MF .deps/execute.Tpo -c execute.c -o execute.o
libtool: compile:  gcc -DHAVE_CONFIG_H -I. -I.. -I../kernel -I../dft -I../rdft -I../reodft -fopenmp -m128bit-long-double -std=gnu11 -march=znver2 -fomit-frame-pointer -O2 -mavx2 -mfma -fopenmp -MT export-wisdom-to-file.lo -MD -MP -MF .deps/export-wisdom-to-file.Tpo -c export-wisdom-to-file.c -o export-wisdom-to-file.o
libtool: compile:  gcc -DHAVE_CONFIG_H -I. -I.. -I../kernel -I../dft -I../rdft -I../reodft -fopenmp -m128bit-long-double -std=gnu11 -march=znver2 -fomit-frame-pointer -O2 -mavx2 -mfma -fopenmp -MT execute-split-dft.lo -MD -MP -MF .deps/execute-split-dft.Tpo -c execute-split-dft.c -o execute-split-dft.o
libtool: compile:  gcc -DHAVE_CONFIG_H -I. -I.. -I../kernel -I../dft -I../rdft -I../reodft -fopenmp -m128bit-long-double -std=gnu11 -march=znver2 -fomit-frame-pointer -O2 -mavx2 -mfma -fopenmp -MT f77api.lo -MD -MP -MF .deps/f77api.Tpo -c f77api.c -o f77api.o
libtool: compile:  gcc -DHAVE_CONFIG_H -I. -I.. -I../kernel -I../dft -I../rdft -I../reodft -fopenmp -m128bit-long-double -std=gnu11 -march=znver2 -fomit-frame-pointer -O2 -mavx2 -mfma -fopenmp -MT export-wisdom.lo -MD -MP -MF .deps/export-wisdom.Tpo -c export-wisdom.c -o export-wisdom.o
libtool: compile:  gcc -DHAVE_CONFIG_H -I. -I.. -I../kernel -I../dft -I../rdft -I../reodft -fopenmp -m128bit-long-double -std=gnu11 -march=znver2 -fomit-frame-pointer -O2 -mavx2 -mfma -fopenmp -MT forget-wisdom.lo -MD -MP -MF .deps/forget-wisdom.Tpo -c forget-wisdom.c -o forget-wisdom.o
libtool: compile:  gcc -DHAVE_CONFIG_H -I. -I.. -I../kernel -I../dft -I../rdft -I../reodft -fopenmp -m128bit-long-double -std=gnu11 -march=znver2 -fomit-frame-pointer -O2 -mavx2 -mfma -fopenmp -MT import-system-wisdom.lo -MD -MP -MF .deps/import-system-wisdom.Tpo -c import-system-wisdom.c -o import-system-wisdom.o
libtool: compile:  gcc -DHAVE_CONFIG_H -I. -I.. -I../kernel -I../dft -I../rdft -I../reodft -fopenmp -m128bit-long-double -std=gnu11 -march=znver2 -fomit-frame-pointer -O2 -mavx2 -mfma -fopenmp -MT flops.lo -MD -MP -MF .deps/flops.Tpo -c flops.c -o flops.o
libtool: compile:  gcc -DHAVE_CONFIG_H -I. -I.. -I../kernel -I../dft -I../rdft -I../reodft -fopenmp -m128bit-long-double -std=gnu11 -march=znver2 -fomit-frame-pointer -O2 -mavx2 -mfma -fopenmp -MT import-wisdom-from-file.lo -MD -MP -MF .deps/import-wisdom-from-file.Tpo -c import-wisdom-from-file.c -o import-wisdom-from-file.o
libtool: compile:  gcc -DHAVE_CONFIG_H -I. -I.. -I../kernel -I../dft -I../rdft -I../reodft -fopenmp -m128bit-long-double -std=gnu11 -march=znver2 -fomit-frame-pointer -O2 -mavx2 -mfma -fopenmp -MT export-wisdom-to-string.lo -MD -MP -MF .deps/export-wisdom-to-string.Tpo -c export-wisdom-to-string.c -o export-wisdom-to-string.o
libtool: compile:  gcc -DHAVE_CONFIG_H -I. -I.. -I../kernel -I../dft -I../rdft -I../reodft -fopenmp -m128bit-long-double -std=gnu11 -march=znver2 -fomit-frame-pointer -O2 -mavx2 -mfma -fopenmp -MT map-r2r-kind.lo -MD -MP -MF .deps/map-r2r-kind.Tpo -c map-r2r-kind.c -o map-r2r-kind.o
libtool: compile:  gcc -DHAVE_CONFIG_H -I. -I.. -I../kernel -I../dft -I../rdft -I../reodft -fopenmp -m128bit-long-double -std=gnu11 -march=znver2 -fomit-frame-pointer -O2 -mavx2 -mfma -fopenmp -MT import-wisdom.lo -MD -MP -MF .deps/import-wisdom.Tpo -c import-wisdom.c -o import-wisdom.o
libtool: compile:  gcc -DHAVE_CONFIG_H -I. -I.. -I../kernel -I../dft -I../rdft -I../reodft -fopenmp -m128bit-long-double -std=gnu11 -march=znver2 -fomit-frame-pointer -O2 -mavx2 -mfma -fopenmp -MT malloc.lo -MD -MP -MF .deps/malloc.Tpo -c malloc.c -o malloc.o
libtool: compile:  gcc -DHAVE_CONFIG_H -I. -I.. -I../kernel -I../dft -I../rdft -I../reodft -fopenmp -m128bit-long-double -std=gnu11 -march=znver2 -fomit-frame-pointer -O2 -mavx2 -mfma -fopenmp -MT mktensor-iodims.lo -MD -MP -MF .deps/mktensor-iodims.Tpo -c mktensor-iodims.c -o mktensor-iodims.o
libtool: compile:  gcc -DHAVE_CONFIG_H -I. -I.. -I../kernel -I../dft -I../rdft -I../reodft -fopenmp -m128bit-long-double -std=gnu11 -march=znver2 -fomit-frame-pointer -O2 -mavx2 -mfma -fopenmp -MT plan-dft-2d.lo -MD -MP -MF .deps/plan-dft-2d.Tpo -c plan-dft-2d.c -o plan-dft-2d.o
libtool: compile:  gcc -DHAVE_CONFIG_H -I. -I.. -I../kernel -I../dft -I../rdft -I../reodft -fopenmp -m128bit-long-double -std=gnu11 -march=znver2 -fomit-frame-pointer -O2 -mavx2 -mfma -fopenmp -MT plan-dft-c2r-3d.lo -MD -MP -MF .deps/plan-dft-c2r-3d.Tpo -c plan-dft-c2r-3d.c -o plan-dft-c2r-3d.o
libtool: compile:  gcc -DHAVE_CONFIG_H -I. -I.. -I../kernel -I../dft -I../rdft -I../reodft -fopenmp -m128bit-long-double -std=gnu11 -march=znver2 -fomit-frame-pointer -O2 -mavx2 -mfma -fopenmp -MT mkprinter-file.lo -MD -MP -MF .deps/mkprinter-file.Tpo -c mkprinter-file.c -o mkprinter-file.o
libtool: compile:  gcc -DHAVE_CONFIG_H -I. -I.. -I../kernel -I../dft -I../rdft -I../reodft -fopenmp -m128bit-long-double -std=gnu11 -march=znver2 -fomit-frame-pointer -O2 -mavx2 -mfma -fopenmp -MT mktensor-rowmajor.lo -MD -MP -MF .deps/mktensor-rowmajor.Tpo -c mktensor-rowmajor.c -o mktensor-rowmajor.o
libtool: compile:  gcc -DHAVE_CONFIG_H -I. -I.. -I../kernel -I../dft -I../rdft -I../reodft -fopenmp -m128bit-long-double -std=gnu11 -march=znver2 -fomit-frame-pointer -O2 -mavx2 -mfma -fopenmp -MT plan-dft-c2r-1d.lo -MD -MP -MF .deps/plan-dft-c2r-1d.Tpo -c plan-dft-c2r-1d.c -o plan-dft-c2r-1d.o
libtool: compile:  gcc -DHAVE_CONFIG_H -I. -I.. -I../kernel -I../dft -I../rdft -I../reodft -fopenmp -m128bit-long-double -std=gnu11 -march=znver2 -fomit-frame-pointer -O2 -mavx2 -mfma -fopenmp -MT mapflags.lo -MD -MP -MF .deps/mapflags.Tpo -c mapflags.c -o mapflags.o
libtool: compile:  gcc -DHAVE_CONFIG_H -I. -I.. -I../kernel -I../dft -I../rdft -I../reodft -fopenmp -m128bit-long-double -std=gnu11 -march=znver2 -fomit-frame-pointer -O2 -mavx2 -mfma -fopenmp -MT plan-dft-r2c-2d.lo -MD -MP -MF .deps/plan-dft-r2c-2d.Tpo -c plan-dft-r2c-2d.c -o plan-dft-r2c-2d.o
libtool: compile:  gcc -DHAVE_CONFIG_H -I. -I.. -I../kernel -I../dft -I../rdft -I../reodft -fopenmp -m128bit-long-double -std=gnu11 -march=znver2 -fomit-frame-pointer -O2 -mavx2 -mfma -fopenmp -MT plan-guru-dft-c2r.lo -MD -MP -MF .deps/plan-guru-dft-c2r.Tpo -c plan-guru-dft-c2r.c -o plan-guru-dft-c2r.o
libtool: compile:  gcc -DHAVE_CONFIG_H -I. -I.. -I../kernel -I../dft -I../rdft -I../reodft -fopenmp -m128bit-long-double -std=gnu11 -march=znver2 -fomit-frame-pointer -O2 -mavx2 -mfma -fopenmp -MT import-wisdom-from-string.lo -MD -MP -MF .deps/import-wisdom-from-string.Tpo -c import-wisdom-from-string.c -o import-wisdom-from-string.o
libtool: compile:  gcc -DHAVE_CONFIG_H -I. -I.. -I../kernel -I../dft -I../rdft -I../reodft -fopenmp -m128bit-long-double -std=gnu11 -march=znver2 -fomit-frame-pointer -O2 -mavx2 -mfma -fopenmp -MT plan-dft-c2r.lo -MD -MP -MF .deps/plan-dft-c2r.Tpo -c plan-dft-c2r.c -o plan-dft-c2r.o
libtool: compile:  gcc -DHAVE_CONFIG_H -I. -I.. -I../kernel -I../dft -I../rdft -I../reodft -fopenmp -m128bit-long-double -std=gnu11 -march=znver2 -fomit-frame-pointer -O2 -mavx2 -mfma -fopenmp -MT the-planner.lo -MD -MP -MF .deps/the-planner.Tpo -c the-planner.c -o the-planner.o
libtool: compile:  gcc -DHAVE_CONFIG_H -I. -I.. -I../kernel -I../dft -I../rdft -I../reodft -fopenmp -m128bit-long-double -std=gnu11 -march=znver2 -fomit-frame-pointer -O2 -mavx2 -mfma -fopenmp -MT plan-dft-r2c.lo -MD -MP -MF .deps/plan-dft-r2c.Tpo -c plan-dft-r2c.c -o plan-dft-r2c.o
libtool: compile:  gcc -DHAVE_CONFIG_H -I. -I.. -I../kernel -I../dft -I../rdft -I../reodft -fopenmp -m128bit-long-double -std=gnu11 -march=znver2 -fomit-frame-pointer -O2 -mavx2 -mfma -fopenmp -MT plan-guru-dft-r2c.lo -MD -MP -MF .deps/plan-guru-dft-r2c.Tpo -c plan-guru-dft-r2c.c -o plan-guru-dft-r2c.o
libtool: compile:  gcc -DHAVE_CONFIG_H -I. -I.. -I../kernel -I../dft -I../rdft -I../reodft -fopenmp -m128bit-long-double -std=gnu11 -march=znver2 -fomit-frame-pointer -O2 -mavx2 -mfma -fopenmp -MT plan-dft-c2r-2d.lo -MD -MP -MF .deps/plan-dft-c2r-2d.Tpo -c plan-dft-c2r-2d.c -o plan-dft-c2r-2d.o
libtool: compile:  gcc -DHAVE_CONFIG_H -I. -I.. -I../kernel -I../dft -I../rdft -I../reodft -fopenmp -m128bit-long-double -std=gnu11 -march=znver2 -fomit-frame-pointer -O2 -mavx2 -mfma -fopenmp -MT plan-many-dft-c2r.lo -MD -MP -MF .deps/plan-many-dft-c2r.Tpo -c plan-many-dft-c2r.c -o plan-many-dft-c2r.o
libtool: compile:  gcc -DHAVE_CONFIG_H -I. -I.. -I../kernel -I../dft -I../rdft -I../reodft -fopenmp -m128bit-long-double -std=gnu11 -march=znver2 -fomit-frame-pointer -O2 -mavx2 -mfma -fopenmp -MT plan-dft-1d.lo -MD -MP -MF .deps/plan-dft-1d.Tpo -c plan-dft-1d.c -o plan-dft-1d.o
libtool: compile:  gcc -DHAVE_CONFIG_H -I. -I.. -I../kernel -I../dft -I../rdft -I../reodft -fopenmp -m128bit-long-double -std=gnu11 -march=znver2 -fomit-frame-pointer -O2 -mavx2 -mfma -fopenmp -MT plan-guru-split-dft.lo -MD -MP -MF .deps/plan-guru-split-dft.Tpo -c plan-guru-split-dft.c -o plan-guru-split-dft.o
libtool: compile:  gcc -DHAVE_CONFIG_H -I. -I.. -I../kernel -I../dft -I../rdft -I../reodft -fopenmp -m128bit-long-double -std=gnu11 -march=znver2 -fomit-frame-pointer -O2 -mavx2 -mfma -fopenmp -MT plan-guru-split-dft-r2c.lo -MD -MP -MF .deps/plan-guru-split-dft-r2c.Tpo -c plan-guru-split-dft-r2c.c -o plan-guru-split-dft-r2c.o
libtool: compile:  gcc -DHAVE_CONFIG_H -I. -I.. -I../kernel -I../dft -I../rdft -I../reodft -fopenmp -m128bit-long-double -std=gnu11 -march=znver2 -fomit-frame-pointer -O2 -mavx2 -mfma -fopenmp -MT plan-many-dft.lo -MD -MP -MF .deps/plan-many-dft.Tpo -c plan-many-dft.c -o plan-many-dft.o
libtool: compile:  gcc -DHAVE_CONFIG_H -I. -I.. -I../kernel -I../dft -I../rdft -I../reodft -fopenmp -m128bit-long-double -std=gnu11 -march=znver2 -fomit-frame-pointer -O2 -mavx2 -mfma -fopenmp -MT plan-r2r-1d.lo -MD -MP -MF .deps/plan-r2r-1d.Tpo -c plan-r2r-1d.c -o plan-r2r-1d.o
libtool: compile:  gcc -DHAVE_CONFIG_H -I. -I.. -I../kernel -I../dft -I../rdft -I../reodft -fopenmp -m128bit-long-double -std=gnu11 -march=znver2 -fomit-frame-pointer -O2 -mavx2 -mfma -fopenmp -MT plan-r2r.lo -MD -MP -MF .deps/plan-r2r.Tpo -c plan-r2r.c -o plan-r2r.o
libtool: compile:  gcc -DHAVE_CONFIG_H -I. -I.. -I../kernel -I../dft -I../rdft -I../reodft -fopenmp -m128bit-long-double -std=gnu11 -march=znver2 -fomit-frame-pointer -O2 -mavx2 -mfma -fopenmp -MT plan-r2r-2d.lo -MD -MP -MF .deps/plan-r2r-2d.Tpo -c plan-r2r-2d.c -o plan-r2r-2d.o
libtool: compile:  gcc -DHAVE_CONFIG_H -I. -I.. -I../kernel -I../dft -I../rdft -I../reodft -fopenmp -m128bit-long-double -std=gnu11 -march=znver2 -fomit-frame-pointer -O2 -mavx2 -mfma -fopenmp -MT plan-r2r-3d.lo -MD -MP -MF .deps/plan-r2r-3d.Tpo -c plan-r2r-3d.c -o plan-r2r-3d.o
libtool: compile:  gcc -DHAVE_CONFIG_H -I. -I.. -I../kernel -I../dft -I../rdft -I../reodft -fopenmp -m128bit-long-double -std=gnu11 -march=znver2 -fomit-frame-pointer -O2 -mavx2 -mfma -fopenmp -MT plan-dft-r2c-3d.lo -MD -MP -MF .deps/plan-dft-r2c-3d.Tpo -c plan-dft-r2c-3d.c -o plan-dft-r2c-3d.o
libtool: compile:  gcc -DHAVE_CONFIG_H -I. -I.. -I../kernel -I../dft -I../rdft -I../reodft -fopenmp -m128bit-long-double -std=gnu11 -march=znver2 -fomit-frame-pointer -O2 -mavx2 -mfma -fopenmp -MT rdft2-pad.lo -MD -MP -MF .deps/rdft2-pad.Tpo -c rdft2-pad.c -o rdft2-pad.o
libtool: compile:  gcc -DHAVE_CONFIG_H -I. -I.. -I../kernel -I../dft -I../rdft -I../reodft -fopenmp -m128bit-long-double -std=gnu11 -march=znver2 -fomit-frame-pointer -O2 -mavx2 -mfma -fopenmp -MT plan-guru64-r2r.lo -MD -MP -MF .deps/plan-guru64-r2r.Tpo -c plan-guru64-r2r.c -o plan-guru64-r2r.o
libtool: compile:  gcc -DHAVE_CONFIG_H -I. -I.. -I../kernel -I../dft -I../rdft -I../reodft -fopenmp -m128bit-long-double -std=gnu11 -march=znver2 -fomit-frame-pointer -O2 -mavx2 -mfma -fopenmp -MT plan-guru64-dft-r2c.lo -MD -MP -MF .deps/plan-guru64-dft-r2c.Tpo -c plan-guru64-dft-r2c.c -o plan-guru64-dft-r2c.o
libtool: compile:  gcc -DHAVE_CONFIG_H -I. -I.. -I../kernel -I../dft -I../rdft -I../reodft -fopenmp -m128bit-long-double -std=gnu11 -march=znver2 -fomit-frame-pointer -O2 -mavx2 -mfma -fopenmp -MT plan-guru-r2r.lo -MD -MP -MF .deps/plan-guru-r2r.Tpo -c plan-guru-r2r.c -o plan-guru-r2r.o
libtool: compile:  gcc -DHAVE_CONFIG_H -I. -I.. -I../kernel -I../dft -I../rdft -I../reodft -fopenmp -m128bit-long-double -std=gnu11 -march=znver2 -fomit-frame-pointer -O2 -mavx2 -mfma -fopenmp -MT plan-guru64-split-dft.lo -MD -MP -MF .deps/plan-guru64-split-dft.Tpo -c plan-guru64-split-dft.c -o plan-guru64-split-dft.o
libtool: compile:  gcc -DHAVE_CONFIG_H -I. -I.. -I../kernel -I../dft -I../rdft -I../reodft -fopenmp -m128bit-long-double -std=gnu11 -march=znver2 -fomit-frame-pointer -O2 -mavx2 -mfma -fopenmp -MT plan-many-r2r.lo -MD -MP -MF .deps/plan-many-r2r.Tpo -c plan-many-r2r.c -o plan-many-r2r.o
libtool: compile:  gcc -DHAVE_CONFIG_H -I. -I.. -I../kernel -I../dft -I../rdft -I../reodft -fopenmp -m128bit-long-double -std=gnu11 -march=znver2 -fomit-frame-pointer -O2 -mavx2 -mfma -fopenmp -MT plan-dft-r2c-1d.lo -MD -MP -MF .deps/plan-dft-r2c-1d.Tpo -c plan-dft-r2c-1d.c -o plan-dft-r2c-1d.o
libtool: compile:  gcc -DHAVE_CONFIG_H -I. -I.. -I../kernel -I../dft -I../rdft -I../reodft -fopenmp -m128bit-long-double -std=gnu11 -march=znver2 -fomit-frame-pointer -O2 -mavx2 -mfma -fopenmp -MT plan-dft-3d.lo -MD -MP -MF .deps/plan-dft-3d.Tpo -c plan-dft-3d.c -o plan-dft-3d.o
libtool: compile:  gcc -DHAVE_CONFIG_H -I. -I.. -I../kernel -I../dft -I../rdft -I../reodft -fopenmp -m128bit-long-double -std=gnu11 -march=znver2 -fomit-frame-pointer -O2 -mavx2 -mfma -fopenmp -MT plan-guru-dft.lo -MD -MP -MF .deps/plan-guru-dft.Tpo -c plan-guru-dft.c -o plan-guru-dft.o
libtool: compile:  gcc -DHAVE_CONFIG_H -I. -I.. -I../kernel -I../dft -I../rdft -I../reodft -fopenmp -m128bit-long-double -std=gnu11 -march=znver2 -fomit-frame-pointer -O2 -mavx2 -mfma -fopenmp -MT plan-many-dft-r2c.lo -MD -MP -MF .deps/plan-many-dft-r2c.Tpo -c plan-many-dft-r2c.c -o plan-many-dft-r2c.o
libtool: compile:  gcc -DHAVE_CONFIG_H -I. -I.. -I../kernel -I../dft -I../rdft -I../reodft -fopenmp -m128bit-long-double -std=gnu11 -march=znver2 -fomit-frame-pointer -O2 -mavx2 -mfma -fopenmp -MT plan-guru-split-dft-c2r.lo -MD -MP -MF .deps/plan-guru-split-dft-c2r.Tpo -c plan-guru-split-dft-c2r.c -o plan-guru-split-dft-c2r.o
libtool: compile:  gcc -DHAVE_CONFIG_H -I. -I.. -I../kernel -I../dft -I../rdft -I../reodft -fopenmp -m128bit-long-double -std=gnu11 -march=znver2 -fomit-frame-pointer -O2 -mavx2 -mfma -fopenmp -MT plan-guru64-split-dft-c2r.lo -MD -MP -MF .deps/plan-guru64-split-dft-c2r.Tpo -c plan-guru64-split-dft-c2r.c -o plan-guru64-split-dft-c2r.o
libtool: compile:  gcc -DHAVE_CONFIG_H -I. -I.. -I../kernel -I../dft -I../rdft -I../reodft -fopenmp -m128bit-long-double -std=gnu11 -march=znver2 -fomit-frame-pointer -O2 -mavx2 -mfma -fopenmp -MT version.lo -MD -MP -MF .deps/version.Tpo -c version.c -o version.o
libtool: compile:  gcc -DHAVE_CONFIG_H -I. -I.. -I../kernel -I../dft -I../rdft -I../reodft -fopenmp -m128bit-long-double -std=gnu11 -march=znver2 -fomit-frame-pointer -O2 -mavx2 -mfma -fopenmp -MT plan-dft.lo -MD -MP -MF .deps/plan-dft.Tpo -c plan-dft.c -o plan-dft.o
libtool: compile:  gcc -DHAVE_CONFIG_H -I. -I.. -I../kernel -I../dft -I../rdft -I../reodft -fopenmp -m128bit-long-double -std=gnu11 -march=znver2 -fomit-frame-pointer -O2 -mavx2 -mfma -fopenmp -MT plan-guru64-dft-c2r.lo -MD -MP -MF .deps/plan-guru64-dft-c2r.Tpo -c plan-guru64-dft-c2r.c -o plan-guru64-dft-c2r.o
libtool: compile:  gcc -DHAVE_CONFIG_H -I. -I.. -I../kernel -I../dft -I../rdft -I../reodft -fopenmp -m128bit-long-double -std=gnu11 -march=znver2 -fomit-frame-pointer -O2 -mavx2 -mfma -fopenmp -MT plan-guru64-dft.lo -MD -MP -MF .deps/plan-guru64-dft.Tpo -c plan-guru64-dft.c -o plan-guru64-dft.o
libtool: compile:  gcc -DHAVE_CONFIG_H -I. -I.. -I../kernel -I../dft -I../rdft -I../reodft -fopenmp -m128bit-long-double -std=gnu11 -march=znver2 -fomit-frame-pointer -O2 -mavx2 -mfma -fopenmp -MT plan-guru64-split-dft-r2c.lo -MD -MP -MF .deps/plan-guru64-split-dft-r2c.Tpo -c plan-guru64-split-dft-r2c.c -o plan-guru64-split-dft-r2c.o
libtool: compile:  gcc -DHAVE_CONFIG_H -I. -I.. -I../kernel -I../dft -I../rdft -I../reodft -fopenmp -m128bit-long-double -std=gnu11 -march=znver2 -fomit-frame-pointer -O2 -mavx2 -mfma -fopenmp -MT print-plan.lo -MD -MP -MF .deps/print-plan.Tpo -c print-plan.c -o print-plan.o
libtool: compile:  gcc -DHAVE_CONFIG_H -I. -I.. -I../kernel -I../dft -I../rdft -I../reodft -fopenmp -m128bit-long-double -std=gnu11 -march=znver2 -fomit-frame-pointer -O2 -mavx2 -mfma -fopenmp -MT mktensor-iodims64.lo -MD -MP -MF .deps/mktensor-iodims64.Tpo -c mktensor-iodims64.c -o mktensor-iodims64.o
libtool: link: ar cru .libs/libapi.a  apiplan.o configure.o execute-dft-c2r.o execute-dft-r2c.o execute-dft.o execute-r2r.o execute-split-dft-c2r.o execute-split-dft-r2c.o execute-split-dft.o execute.o export-wisdom-to-file.o export-wisdom-to-string.o export-wisdom.o f77api.o flops.o forget-wisdom.o import-system-wisdom.o import-wisdom-from-file.o import-wisdom-from-string.o import-wisdom.o malloc.o map-r2r-kind.o mapflags.o mkprinter-file.o mktensor-iodims.o mktensor-rowmajor.o plan-dft-1d.o plan-dft-2d.o plan-dft-3d.o plan-dft-c2r-1d.o plan-dft-c2r-2d.o plan-dft-c2r-3d.o plan-dft-c2r.o plan-dft-r2c-1d.o plan-dft-r2c-2d.o plan-dft-r2c-3d.o plan-dft-r2c.o plan-dft.o plan-guru-dft-c2r.o plan-guru-dft-r2c.o plan-guru-dft.o plan-guru-r2r.o plan-guru-split-dft-c2r.o plan-guru-split-dft-r2c.o plan-guru-split-dft.o plan-many-dft-c2r.o plan-many-dft-r2c.o plan-many-dft.o plan-many-r2r.o plan-r2r-1d.o plan-r2r-2d.o plan-r2r-3d.o plan-r2r.o print-plan.o rdft2-pad.o the-planner.o version.o plan-guru64-dft-c2r.o plan-guru64-dft-r2c.o plan-guru64-dft.o plan-guru64-r2r.o plan-guru64-split-dft-c2r.o plan-guru64-split-dft-r2c.o plan-guru64-split-dft.o mktensor-iodims64.o
libtool: link: ranlib .libs/libapi.a
libtool: link: ( cd ".libs" && rm -f "libapi.la" && ln -s "../libapi.la" "libapi.la" )
Making all in libbench2
Making all in .
libtool: link: (cd .libs/libfftw3.lax/libkernel.a && ar x "/home/pespino/Cactus/configs/elliptica/scratch/build/FFTW3/fftw-3.3.3/kernel/.libs/libkernel.a")
libtool: link: (cd .libs/libfftw3.lax/libdft.a && ar x "/home/pespino/Cactus/configs/elliptica/scratch/build/FFTW3/fftw-3.3.3/dft/.libs/libdft.a")
libtool: link: (cd .libs/libfftw3.lax/libdft_scalar.a && ar x "/home/pespino/Cactus/configs/elliptica/scratch/build/FFTW3/fftw-3.3.3/dft/scalar/.libs/libdft_scalar.a")
libtool: link: (cd .libs/libfftw3.lax/libdft_scalar_codelets.a && ar x "/home/pespino/Cactus/configs/elliptica/scratch/build/FFTW3/fftw-3.3.3/dft/scalar/codelets/.libs/libdft_scalar_codelets.a")
libtool: link: (cd .libs/libfftw3.lax/librdft.a && ar x "/home/pespino/Cactus/configs/elliptica/scratch/build/FFTW3/fftw-3.3.3/rdft/.libs/librdft.a")
libtool: link: (cd .libs/libfftw3.lax/librdft_scalar.a && ar x "/home/pespino/Cactus/configs/elliptica/scratch/build/FFTW3/fftw-3.3.3/rdft/scalar/.libs/librdft_scalar.a")
libtool: link: (cd .libs/libfftw3.lax/librdft_scalar_r2cf.a && ar x "/home/pespino/Cactus/configs/elliptica/scratch/build/FFTW3/fftw-3.3.3/rdft/scalar/r2cf/.libs/librdft_scalar_r2cf.a")
libtool: link: (cd .libs/libfftw3.lax/librdft_scalar_r2cb.a && ar x "/home/pespino/Cactus/configs/elliptica/scratch/build/FFTW3/fftw-3.3.3/rdft/scalar/r2cb/.libs/librdft_scalar_r2cb.a")
libtool: link: (cd .libs/libfftw3.lax/librdft_scalar_r2r.a && ar x "/home/pespino/Cactus/configs/elliptica/scratch/build/FFTW3/fftw-3.3.3/rdft/scalar/r2r/.libs/librdft_scalar_r2r.a")
libtool: link: (cd .libs/libfftw3.lax/libreodft.a && ar x "/home/pespino/Cactus/configs/elliptica/scratch/build/FFTW3/fftw-3.3.3/reodft/.libs/libreodft.a")
libtool: link: (cd .libs/libfftw3.lax/libapi.a && ar x "/home/pespino/Cactus/configs/elliptica/scratch/build/FFTW3/fftw-3.3.3/api/.libs/libapi.a")
libtool: link: (cd .libs/libfftw3.lax/libsimd_support.a && ar x "/home/pespino/Cactus/configs/elliptica/scratch/build/FFTW3/fftw-3.3.3/simd-support/.libs/libsimd_support.a")
libtool: link: (cd .libs/libfftw3.lax/libsimd_sse2_nonportable.a && ar x "/home/pespino/Cactus/configs/elliptica/scratch/build/FFTW3/fftw-3.3.3/simd-support/.libs/libsimd_sse2_nonportable.a")
copying selected object files to avoid basename conflicts...
libtool: link: ln .libs/libfftw3.lax/libdft.a/buffered.o .libs/libfftw3.lax/lt1-buffered.o || cp .libs/libfftw3.lax/libdft.a/buffered.o .libs/libfftw3.lax/lt1-buffered.o
libtool: link: ln .libs/libfftw3.lax/libdft.a/ct.o .libs/libfftw3.lax/lt2-ct.o || cp .libs/libfftw3.lax/libdft.a/ct.o .libs/libfftw3.lax/lt2-ct.o
libtool: link: ln .libs/libfftw3.lax/libdft.a/plan.o .libs/libfftw3.lax/lt3-plan.o || cp .libs/libfftw3.lax/libdft.a/plan.o .libs/libfftw3.lax/lt3-plan.o
libtool: link: ln .libs/libfftw3.lax/libdft.a/problem.o .libs/libfftw3.lax/lt4-problem.o || cp .libs/libfftw3.lax/libdft.a/problem.o .libs/libfftw3.lax/lt4-problem.o
libtool: link: ln .libs/libfftw3.lax/libdft.a/rader.o .libs/libfftw3.lax/lt5-rader.o || cp .libs/libfftw3.lax/libdft.a/rader.o .libs/libfftw3.lax/lt5-rader.o
libtool: link: ln .libs/libfftw3.lax/librdft.a/buffered.o .libs/libfftw3.lax/lt6-buffered.o || cp .libs/libfftw3.lax/librdft.a/buffered.o .libs/libfftw3.lax/lt6-buffered.o
libtool: link: ln .libs/libfftw3.lax/librdft.a/conf.o .libs/libfftw3.lax/lt7-conf.o || cp .libs/libfftw3.lax/librdft.a/conf.o .libs/libfftw3.lax/lt7-conf.o
libtool: link: ln .libs/libfftw3.lax/librdft.a/generic.o .libs/libfftw3.lax/lt8-generic.o || cp .libs/libfftw3.lax/librdft.a/generic.o .libs/libfftw3.lax/lt8-generic.o
libtool: link: ln .libs/libfftw3.lax/librdft.a/indirect.o .libs/libfftw3.lax/lt9-indirect.o || cp .libs/libfftw3.lax/librdft.a/indirect.o .libs/libfftw3.lax/lt9-indirect.o
libtool: link: ln .libs/libfftw3.lax/librdft.a/nop.o .libs/libfftw3.lax/lt10-nop.o || cp .libs/libfftw3.lax/librdft.a/nop.o .libs/libfftw3.lax/lt10-nop.o
libtool: link: ln .libs/libfftw3.lax/librdft.a/plan.o .libs/libfftw3.lax/lt11-plan.o || cp .libs/libfftw3.lax/librdft.a/plan.o .libs/libfftw3.lax/lt11-plan.o
libtool: link: ln .libs/libfftw3.lax/librdft.a/problem.o .libs/libfftw3.lax/lt12-problem.o || cp .libs/libfftw3.lax/librdft.a/problem.o .libs/libfftw3.lax/lt12-problem.o
libtool: link: ln .libs/libfftw3.lax/librdft.a/rank-geq2.o .libs/libfftw3.lax/lt13-rank-geq2.o || cp .libs/libfftw3.lax/librdft.a/rank-geq2.o .libs/libfftw3.lax/lt13-rank-geq2.o
libtool: link: ln .libs/libfftw3.lax/librdft.a/solve.o .libs/libfftw3.lax/lt14-solve.o || cp .libs/libfftw3.lax/librdft.a/solve.o .libs/libfftw3.lax/lt14-solve.o
libtool: link: ln .libs/libfftw3.lax/librdft.a/vrank-geq1.o .libs/libfftw3.lax/lt15-vrank-geq1.o || cp .libs/libfftw3.lax/librdft.a/vrank-geq1.o .libs/libfftw3.lax/lt15-vrank-geq1.o
libtool: link: ln .libs/libfftw3.lax/librdft_scalar_r2cf.a/codlist.o .libs/libfftw3.lax/lt16-codlist.o || cp .libs/libfftw3.lax/librdft_scalar_r2cf.a/codlist.o .libs/libfftw3.lax/lt16-codlist.o
libtool: link: ln .libs/libfftw3.lax/librdft_scalar_r2cb.a/codlist.o .libs/libfftw3.lax/lt17-codlist.o || cp .libs/libfftw3.lax/librdft_scalar_r2cb.a/codlist.o .libs/libfftw3.lax/lt17-codlist.o
libtool: link: ln .libs/libfftw3.lax/librdft_scalar_r2r.a/codlist.o .libs/libfftw3.lax/lt18-codlist.o || cp .libs/libfftw3.lax/librdft_scalar_r2r.a/codlist.o .libs/libfftw3.lax/lt18-codlist.o
libtool: link: ln .libs/libfftw3.lax/libreodft.a/conf.o .libs/libfftw3.lax/lt19-conf.o || cp .libs/libfftw3.lax/libreodft.a/conf.o .libs/libfftw3.lax/lt19-conf.o
libtool: link: ar cru .libs/libfftw3.a .libs/libfftw3.lax/libkernel.a/align.o .libs/libfftw3.lax/libkernel.a/alloc.o .libs/libfftw3.lax/libkernel.a/assert.o .libs/libfftw3.lax/libkernel.a/awake.o .libs/libfftw3.lax/libkernel.a/buffered.o .libs/libfftw3.lax/libkernel.a/cpy1d.o .libs/libfftw3.lax/libkernel.a/cpy2d-pair.o .libs/libfftw3.lax/libkernel.a/cpy2d.o .libs/libfftw3.lax/libkernel.a/ct.o .libs/libfftw3.lax/libkernel.a/debug.o .libs/libfftw3.lax/libkernel.a/extract-reim.o .libs/libfftw3.lax/libkernel.a/hash.o .libs/libfftw3.lax/libkernel.a/iabs.o .libs/libfftw3.lax/libkernel.a/kalloc.o .libs/libfftw3.lax/libkernel.a/md5-1.o .libs/libfftw3.lax/libkernel.a/md5.o .libs/libfftw3.lax/libkernel.a/minmax.o .libs/libfftw3.lax/libkernel.a/ops.o .libs/libfftw3.lax/libkernel.a/pickdim.o .libs/libfftw3.lax/libkernel.a/plan.o .libs/libfftw3.lax/libkernel.a/planner.o .libs/libfftw3.lax/libkernel.a/primes.o .libs/libfftw3.lax/libkernel.a/print.o .libs/libfftw3.lax/libkernel.a/problem.o .libs/libfftw3.lax/libkernel.a/rader.o .libs/libfftw3.lax/libkernel.a/scan.o .libs/libfftw3.lax/libkernel.a/solver.o .libs/libfftw3.lax/libkernel.a/solvtab.o .libs/libfftw3.lax/libkernel.a/stride.o .libs/libfftw3.lax/libkernel.a/tensor.o .libs/libfftw3.lax/libkernel.a/tensor1.o .libs/libfftw3.lax/libkernel.a/tensor2.o .libs/libfftw3.lax/libkernel.a/tensor3.o .libs/libfftw3.lax/libkernel.a/tensor4.o .libs/libfftw3.lax/libkernel.a/tensor5.o .libs/libfftw3.lax/libkernel.a/tensor7.o .libs/libfftw3.lax/libkernel.a/tensor8.o .libs/libfftw3.lax/libkernel.a/tensor9.o .libs/libfftw3.lax/libkernel.a/tile2d.o .libs/libfftw3.lax/libkernel.a/timer.o .libs/libfftw3.lax/libkernel.a/transpose.o .libs/libfftw3.lax/libkernel.a/trig.o .libs/libfftw3.lax/libkernel.a/twiddle.o .libs/libfftw3.lax/libdft.a/bluestein.o .libs/libfftw3.lax/lt1-buffered.o .libs/libfftw3.lax/libdft.a/conf.o .libs/libfftw3.lax/lt2-ct.o .libs/libfftw3.lax/libdft.a/dftw-direct.o .libs/libfftw3.lax/libdft.a/dftw-directsq.o .libs/libfftw3.lax/libdft.a/dftw-generic.o .libs/libfftw3.lax/libdft.a/dftw-genericbuf.o .libs/libfftw3.lax/libdft.a/direct.o .libs/libfftw3.lax/libdft.a/generic.o .libs/libfftw3.lax/libdft.a/indirect-transpose.o .libs/libfftw3.lax/libdft.a/indirect.o .libs/libfftw3.lax/libdft.a/kdft-dif.o .libs/libfftw3.lax/libdft.a/kdft-difsq.o .libs/libfftw3.lax/libdft.a/kdft-dit.o .libs/libfftw3.lax/libdft.a/kdft.o .libs/libfftw3.lax/libdft.a/nop.o .libs/libfftw3.lax/lt3-plan.o .libs/libfftw3.lax/lt4-problem.o .libs/libfftw3.lax/lt5-rader.o .libs/libfftw3.lax/libdft.a/rank-geq2.o .libs/libfftw3.lax/libdft.a/solve.o .libs/libfftw3.lax/libdft.a/vrank-geq1.o .libs/libfftw3.lax/libdft.a/zero.o .libs/libfftw3.lax/libdft_scalar.a/n.o .libs/libfftw3.lax/libdft_scalar.a/t.o .libs/libfftw3.lax/libdft_scalar_codelets.a/codlist.o .libs/libfftw3.lax/libdft_scalar_codelets.a/n1_10.o .libs/libfftw3.lax/libdft_scalar_codelets.a/n1_11.o .libs/libfftw3.lax/libdft_scalar_codelets.a/n1_12.o .libs/libfftw3.lax/libdft_scalar_codelets.a/n1_13.o .libs/libfftw3.lax/libdft_scalar_codelets.a/n1_14.o .libs/libfftw3.lax/libdft_scalar_codelets.a/n1_15.o .libs/libfftw3.lax/libdft_scalar_codelets.a/n1_16.o .libs/libfftw3.lax/libdft_scalar_codelets.a/n1_2.o .libs/libfftw3.lax/libdft_scalar_codelets.a/n1_20.o .libs/libfftw3.lax/libdft_scalar_codelets.a/n1_25.o .libs/libfftw3.lax/libdft_scalar_codelets.a/n1_3.o .libs/libfftw3.lax/libdft_scalar_codelets.a/n1_32.o .libs/libfftw3.lax/libdft_scalar_codelets.a/n1_4.o .libs/libfftw3.lax/libdft_scalar_codelets.a/n1_5.o .libs/libfftw3.lax/libdft_scalar_codelets.a/n1_6.o .libs/libfftw3.lax/libdft_scalar_codelets.a/n1_64.o .libs/libfftw3.lax/libdft_scalar_codelets.a/n1_7.o .libs/libfftw3.lax/libdft_scalar_codelets.a/n1_8.o .libs/libfftw3.lax/libdft_scalar_codelets.a/n1_9.o .libs/libfftw3.lax/libdft_scalar_codelets.a/q1_2.o .libs/libfftw3.lax/libdft_scalar_codelets.a/q1_3.o .libs/libfftw3.lax/libdft_scalar_codelets.a/q1_4.o .libs/libfftw3.lax/libdft_scalar_codelets.a/q1_5.o .libs/libfftw3.lax/libdft_scalar_codelets.a/q1_6.o .libs/libfftw3.lax/libdft_scalar_codelets.a/q1_8.o .libs/libfftw3.lax/libdft_scalar_codelets.a/t1_10.o .libs/libfftw3.lax/libdft_scalar_codelets.a/t1_12.o .libs/libfftw3.lax/libdft_scalar_codelets.a/t1_15.o .libs/libfftw3.lax/libdft_scalar_codelets.a/t1_16.o .libs/libfftw3.lax/libdft_scalar_codelets.a/t1_2.o .libs/libfftw3.lax/libdft_scalar_codelets.a/t1_20.o .libs/libfftw3.lax/libdft_scalar_codelets.a/t1_25.o .libs/libfftw3.lax/libdft_scalar_codelets.a/t1_3.o .libs/libfftw3.lax/libdft_scalar_codelets.a/t1_32.o .libs/libfftw3.lax/libdft_scalar_codelets.a/t1_4.o .libs/libfftw3.lax/libdft_scalar_codelets.a/t1_5.o .libs/libfftw3.lax/libdft_scalar_codelets.a/t1_6.o .libs/libfftw3.lax/libdft_scalar_codelets.a/t1_64.o .libs/libfftw3.lax/libdft_scalar_codelets.a/t1_7.o .libs/libfftw3.lax/libdft_scalar_codelets.a/t1_8.o .libs/libfftw3.lax/libdft_scalar_codelets.a/t1_9.o .libs/libfftw3.lax/libdft_scalar_codelets.a/t2_10.o .libs/libfftw3.lax/libdft_scalar_codelets.a/t2_16.o .libs/libfftw3.lax/libdft_scalar_codelets.a/t2_20.o .libs/libfftw3.lax/libdft_scalar_codelets.a/t2_25.o .libs/libfftw3.lax/libdft_scalar_codelets.a/t2_32.o .libs/libfftw3.lax/libdft_scalar_codelets.a/t2_4.o .libs/libfftw3.lax/libdft_scalar_codelets.a/t2_5.o .libs/libfftw3.lax/libdft_scalar_codelets.a/t2_64.o .libs/libfftw3.lax/libdft_scalar_codelets.a/t2_8.o .libs/libfftw3.lax/lt6-buffered.o .libs/libfftw3.lax/librdft.a/buffered2.o .libs/libfftw3.lax/lt7-conf.o .libs/libfftw3.lax/librdft.a/ct-hc2c-direct.o .libs/libfftw3.lax/librdft.a/ct-hc2c.o .libs/libfftw3.lax/librdft.a/dft-r2hc.o .libs/libfftw3.lax/librdft.a/dht-r2hc.o .libs/libfftw3.lax/librdft.a/dht-rader.o .libs/libfftw3.lax/librdft.a/direct-r2c.o .libs/libfftw3.lax/librdft.a/direct-r2r.o .libs/libfftw3.lax/librdft.a/direct2.o .libs/libfftw3.lax/lt8-generic.o .libs/libfftw3.lax/librdft.a/hc2hc-direct.o .libs/libfftw3.lax/librdft.a/hc2hc-generic.o .libs/libfftw3.lax/librdft.a/hc2hc.o .libs/libfftw3.lax/lt9-indirect.o .libs/libfftw3.lax/librdft.a/khc2c.o .libs/libfftw3.lax/librdft.a/khc2hc.o .libs/libfftw3.lax/librdft.a/kr2c.o .libs/libfftw3.lax/librdft.a/kr2r.o .libs/libfftw3.lax/lt10-nop.o .libs/libfftw3.lax/librdft.a/nop2.o .libs/libfftw3.lax/lt11-plan.o .libs/libfftw3.lax/librdft.a/plan2.o .libs/libfftw3.lax/lt12-problem.o .libs/libfftw3.lax/librdft.a/problem2.o .libs/libfftw3.lax/librdft.a/rank-geq2-rdft2.o .libs/libfftw3.lax/lt13-rank-geq2.o .libs/libfftw3.lax/librdft.a/rank0-rdft2.o .libs/libfftw3.lax/librdft.a/rank0.o .libs/libfftw3.lax/librdft.a/rdft-dht.o .libs/libfftw3.lax/librdft.a/rdft2-inplace-strides.o .libs/libfftw3.lax/librdft.a/rdft2-rdft.o .libs/libfftw3.lax/librdft.a/rdft2-strides.o .libs/libfftw3.lax/librdft.a/rdft2-tensor-max-index.o .libs/libfftw3.lax/lt14-solve.o .libs/libfftw3.lax/librdft.a/solve2.o .libs/libfftw3.lax/librdft.a/vrank-geq1-rdft2.o .libs/libfftw3.lax/lt15-vrank-geq1.o .libs/libfftw3.lax/librdft.a/vrank3-transpose.o .libs/libfftw3.lax/librdft_scalar.a/hc2c.o .libs/libfftw3.lax/librdft_scalar.a/hfb.o .libs/libfftw3.lax/librdft_scalar.a/r2c.o .libs/libfftw3.lax/librdft_scalar.a/r2r.o .libs/libfftw3.lax/lt16-codlist.o .libs/libfftw3.lax/librdft_scalar_r2cf.a/hc2cf2_16.o .libs/libfftw3.lax/librdft_scalar_r2cf.a/hc2cf2_20.o .libs/libfftw3.lax/librdft_scalar_r2cf.a/hc2cf2_32.o .libs/libfftw3.lax/librdft_scalar_r2cf.a/hc2cf2_4.o .libs/libfftw3.lax/librdft_scalar_r2cf.a/hc2cf2_8.o .libs/libfftw3.lax/librdft_scalar_r2cf.a/hc2cf_10.o .libs/libfftw3.lax/librdft_scalar_r2cf.a/hc2cf_12.o .libs/libfftw3.lax/librdft_scalar_r2cf.a/hc2cf_16.o .libs/libfftw3.lax/librdft_scalar_r2cf.a/hc2cf_2.o .libs/libfftw3.lax/librdft_scalar_r2cf.a/hc2cf_20.o .libs/libfftw3.lax/librdft_scalar_r2cf.a/hc2cf_32.o .libs/libfftw3.lax/librdft_scalar_r2cf.a/hc2cf_4.o .libs/libfftw3.lax/librdft_scalar_r2cf.a/hc2cf_6.o .libs/libfftw3.lax/librdft_scalar_r2cf.a/hc2cf_8.o .libs/libfftw3.lax/librdft_scalar_r2cf.a/hc2cfdft2_16.o .libs/libfftw3.lax/librdft_scalar_r2cf.a/hc2cfdft2_20.o .libs/libfftw3.lax/librdft_scalar_r2cf.a/hc2cfdft2_32.o .libs/libfftw3.lax/librdft_scalar_r2cf.a/hc2cfdft2_4.o .libs/libfftw3.lax/librdft_scalar_r2cf.a/hc2cfdft2_8.o .libs/libfftw3.lax/librdft_scalar_r2cf.a/hc2cfdft_10.o .libs/libfftw3.lax/librdft_scalar_r2cf.a/hc2cfdft_12.o .libs/libfftw3.lax/librdft_scalar_r2cf.a/hc2cfdft_16.o .libs/libfftw3.lax/librdft_scalar_r2cf.a/hc2cfdft_2.o .libs/libfftw3.lax/librdft_scalar_r2cf.a/hc2cfdft_20.o .libs/libfftw3.lax/librdft_scalar_r2cf.a/hc2cfdft_32.o .libs/libfftw3.lax/librdft_scalar_r2cf.a/hc2cfdft_4.o .libs/libfftw3.lax/librdft_scalar_r2cf.a/hc2cfdft_6.o .libs/libfftw3.lax/librdft_scalar_r2cf.a/hc2cfdft_8.o .libs/libfftw3.lax/librdft_scalar_r2cf.a/hf2_16.o .libs/libfftw3.lax/librdft_scalar_r2cf.a/hf2_20.o .libs/libfftw3.lax/librdft_scalar_r2cf.a/hf2_25.o .libs/libfftw3.lax/librdft_scalar_r2cf.a/hf2_32.o .libs/libfftw3.lax/librdft_scalar_r2cf.a/hf2_4.o .libs/libfftw3.lax/librdft_scalar_r2cf.a/hf2_5.o .libs/libfftw3.lax/librdft_scalar_r2cf.a/hf2_8.o .libs/libfftw3.lax/librdft_scalar_r2cf.a/hf_10.o .libs/libfftw3.lax/librdft_scalar_r2cf.a/hf_12.o .libs/libfftw3.lax/librdft_scalar_r2cf.a/hf_15.o .libs/libfftw3.lax/librdft_scalar_r2cf.a/hf_16.o .libs/libfftw3.lax/librdft_scalar_r2cf.a/hf_2.o .libs/libfftw3.lax/librdft_scalar_r2cf.a/hf_20.o .libs/libfftw3.lax/librdft_scalar_r2cf.a/hf_25.o .libs/libfftw3.lax/librdft_scalar_r2cf.a/hf_3.o .libs/libfftw3.lax/librdft_scalar_r2cf.a/hf_32.o .libs/libfftw3.lax/librdft_scalar_r2cf.a/hf_4.o .libs/libfftw3.lax/librdft_scalar_r2cf.a/hf_5.o .libs/libfftw3.lax/librdft_scalar_r2cf.a/hf_6.o .libs/libfftw3.lax/librdft_scalar_r2cf.a/hf_64.o .libs/libfftw3.lax/librdft_scalar_r2cf.a/hf_7.o .libs/libfftw3.lax/librdft_scalar_r2cf.a/hf_8.o .libs/libfftw3.lax/librdft_scalar_r2cf.a/hf_9.o .libs/libfftw3.lax/librdft_scalar_r2cf.a/r2cfII_10.o .libs/libfftw3.lax/librdft_scalar_r2cf.a/r2cfII_12.o .libs/libfftw3.lax/librdft_scalar_r2cf.a/r2cfII_15.o .libs/libfftw3.lax/librdft_scalar_r2cf.a/r2cfII_16.o .libs/libfftw3.lax/librdft_scalar_r2cf.a/r2cfII_2.o .libs/libfftw3.lax/librdft_scalar_r2cf.a/r2cfII_20.o .libs/libfftw3.lax/librdft_scalar_r2cf.a/r2cfII_25.o .libs/libfftw3.lax/librdft_scalar_r2cf.a/r2cfII_3.o .libs/libfftw3.lax/librdft_scalar_r2cf.a/r2cfII_32.o .libs/libfftw3.lax/librdft_scalar_r2cf.a/r2cfII_4.o .libs/libfftw3.lax/librdft_scalar_r2cf.a/r2cfII_5.o .libs/libfftw3.lax/librdft_scalar_r2cf.a/r2cfII_6.o .libs/libfftw3.lax/librdft_scalar_r2cf.a/r2cfII_64.o .libs/libfftw3.lax/librdft_scalar_r2cf.a/r2cfII_7.o .libs/libfftw3.lax/librdft_scalar_r2cf.a/r2cfII_8.o .libs/libfftw3.lax/librdft_scalar_r2cf.a/r2cfII_9.o .libs/libfftw3.lax/librdft_scalar_r2cf.a/r2cf_10.o .libs/libfftw3.lax/librdft_scalar_r2cf.a/r2cf_11.o .libs/libfftw3.lax/librdft_scalar_r2cf.a/r2cf_12.o .libs/libfftw3.lax/librdft_scalar_r2cf.a/r2cf_128.o .libs/libfftw3.lax/librdft_scalar_r2cf.a/r2cf_13.o .libs/libfftw3.lax/librdft_scalar_r2cf.a/r2cf_14.o .libs/libfftw3.lax/librdft_scalar_r2cf.a/r2cf_15.o .libs/libfftw3.lax/librdft_scalar_r2cf.a/r2cf_16.o .libs/libfftw3.lax/librdft_scalar_r2cf.a/r2cf_2.o .libs/libfftw3.lax/librdft_scalar_r2cf.a/r2cf_20.o .libs/libfftw3.lax/librdft_scalar_r2cf.a/r2cf_25.o .libs/libfftw3.lax/librdft_scalar_r2cf.a/r2cf_3.o .libs/libfftw3.lax/librdft_scalar_r2cf.a/r2cf_32.o .libs/libfftw3.lax/librdft_scalar_r2cf.a/r2cf_4.o .libs/libfftw3.lax/librdft_scalar_r2cf.a/r2cf_5.o .libs/libfftw3.lax/librdft_scalar_r2cf.a/r2cf_6.o .libs/libfftw3.lax/librdft_scalar_r2cf.a/r2cf_64.o .libs/libfftw3.lax/librdft_scalar_r2cf.a/r2cf_7.o .libs/libfftw3.lax/librdft_scalar_r2cf.a/r2cf_8.o .libs/libfftw3.lax/librdft_scalar_r2cf.a/r2cf_9.o .libs/libfftw3.lax/lt17-codlist.o .libs/libfftw3.lax/librdft_scalar_r2cb.a/hb2_16.o .libs/libfftw3.lax/librdft_scalar_r2cb.a/hb2_20.o .libs/libfftw3.lax/librdft_scalar_r2cb.a/hb2_25.o .libs/libfftw3.lax/librdft_scalar_r2cb.a/hb2_32.o .libs/libfftw3.lax/librdft_scalar_r2cb.a/hb2_4.o .libs/libfftw3.lax/librdft_scalar_r2cb.a/hb2_5.o .libs/libfftw3.lax/librdft_scalar_r2cb.a/hb2_8.o .libs/libfftw3.lax/librdft_scalar_r2cb.a/hb_10.o .libs/libfftw3.lax/librdft_scalar_r2cb.a/hb_12.o .libs/libfftw3.lax/librdft_scalar_r2cb.a/hb_15.o .libs/libfftw3.lax/librdft_scalar_r2cb.a/hb_16.o .libs/libfftw3.lax/librdft_scalar_r2cb.a/hb_2.o .libs/libfftw3.lax/librdft_scalar_r2cb.a/hb_20.o .libs/libfftw3.lax/librdft_scalar_r2cb.a/hb_25.o .libs/libfftw3.lax/librdft_scalar_r2cb.a/hb_3.o .libs/libfftw3.lax/librdft_scalar_r2cb.a/hb_32.o .libs/libfftw3.lax/librdft_scalar_r2cb.a/hb_4.o .libs/libfftw3.lax/librdft_scalar_r2cb.a/hb_5.o .libs/libfftw3.lax/librdft_scalar_r2cb.a/hb_6.o .libs/libfftw3.lax/librdft_scalar_r2cb.a/hb_64.o .libs/libfftw3.lax/librdft_scalar_r2cb.a/hb_7.o .libs/libfftw3.lax/librdft_scalar_r2cb.a/hb_8.o .libs/libfftw3.lax/librdft_scalar_r2cb.a/hb_9.o .libs/libfftw3.lax/librdft_scalar_r2cb.a/hc2cb2_16.o .libs/libfftw3.lax/librdft_scalar_r2cb.a/hc2cb2_20.o .libs/libfftw3.lax/librdft_scalar_r2cb.a/hc2cb2_32.o .libs/libfftw3.lax/librdft_scalar_r2cb.a/hc2cb2_4.o .libs/libfftw3.lax/librdft_scalar_r2cb.a/hc2cb2_8.o .libs/libfftw3.lax/librdft_scalar_r2cb.a/hc2cb_10.o .libs/libfftw3.lax/librdft_scalar_r2cb.a/hc2cb_12.o .libs/libfftw3.lax/librdft_scalar_r2cb.a/hc2cb_16.o .libs/libfftw3.lax/librdft_scalar_r2cb.a/hc2cb_2.o .libs/libfftw3.lax/librdft_scalar_r2cb.a/hc2cb_20.o .libs/libfftw3.lax/librdft_scalar_r2cb.a/hc2cb_32.o .libs/libfftw3.lax/librdft_scalar_r2cb.a/hc2cb_4.o .libs/libfftw3.lax/librdft_scalar_r2cb.a/hc2cb_6.o .libs/libfftw3.lax/librdft_scalar_r2cb.a/hc2cb_8.o .libs/libfftw3.lax/librdft_scalar_r2cb.a/hc2cbdft2_16.o .libs/libfftw3.lax/librdft_scalar_r2cb.a/hc2cbdft2_20.o .libs/libfftw3.lax/librdft_scalar_r2cb.a/hc2cbdft2_32.o .libs/libfftw3.lax/librdft_scalar_r2cb.a/hc2cbdft2_4.o .libs/libfftw3.lax/librdft_scalar_r2cb.a/hc2cbdft2_8.o .libs/libfftw3.lax/librdft_scalar_r2cb.a/hc2cbdft_10.o .libs/libfftw3.lax/librdft_scalar_r2cb.a/hc2cbdft_12.o .libs/libfftw3.lax/librdft_scalar_r2cb.a/hc2cbdft_16.o .libs/libfftw3.lax/librdft_scalar_r2cb.a/hc2cbdft_2.o .libs/libfftw3.lax/librdft_scalar_r2cb.a/hc2cbdft_20.o .libs/libfftw3.lax/librdft_scalar_r2cb.a/hc2cbdft_32.o .libs/libfftw3.lax/librdft_scalar_r2cb.a/hc2cbdft_4.o .libs/libfftw3.lax/librdft_scalar_r2cb.a/hc2cbdft_6.o .libs/libfftw3.lax/librdft_scalar_r2cb.a/hc2cbdft_8.o .libs/libfftw3.lax/librdft_scalar_r2cb.a/r2cbIII_10.o .libs/libfftw3.lax/librdft_scalar_r2cb.a/r2cbIII_12.o .libs/libfftw3.lax/librdft_scalar_r2cb.a/r2cbIII_15.o .libs/libfftw3.lax/librdft_scalar_r2cb.a/r2cbIII_16.o .libs/libfftw3.lax/librdft_scalar_r2cb.a/r2cbIII_2.o .libs/libfftw3.lax/librdft_scalar_r2cb.a/r2cbIII_20.o .libs/libfftw3.lax/librdft_scalar_r2cb.a/r2cbIII_25.o .libs/libfftw3.lax/librdft_scalar_r2cb.a/r2cbIII_3.o .libs/libfftw3.lax/librdft_scalar_r2cb.a/r2cbIII_32.o .libs/libfftw3.lax/librdft_scalar_r2cb.a/r2cbIII_4.o .libs/libfftw3.lax/librdft_scalar_r2cb.a/r2cbIII_5.o .libs/libfftw3.lax/librdft_scalar_r2cb.a/r2cbIII_6.o .libs/libfftw3.lax/librdft_scalar_r2cb.a/r2cbIII_64.o .libs/libfftw3.lax/librdft_scalar_r2cb.a/r2cbIII_7.o .libs/libfftw3.lax/librdft_scalar_r2cb.a/r2cbIII_8.o .libs/libfftw3.lax/librdft_scalar_r2cb.a/r2cbIII_9.o .libs/libfftw3.lax/librdft_scalar_r2cb.a/r2cb_10.o .libs/libfftw3.lax/librdft_scalar_r2cb.a/r2cb_11.o .libs/libfftw3.lax/librdft_scalar_r2cb.a/r2cb_12.o .libs/libfftw3.lax/librdft_scalar_r2cb.a/r2cb_128.o .libs/libfftw3.lax/librdft_scalar_r2cb.a/r2cb_13.o .libs/libfftw3.lax/librdft_scalar_r2cb.a/r2cb_14.o .libs/libfftw3.lax/librdft_scalar_r2cb.a/r2cb_15.o .libs/libfftw3.lax/librdft_scalar_r2cb.a/r2cb_16.o .libs/libfftw3.lax/librdft_scalar_r2cb.a/r2cb_2.o .libs/libfftw3.lax/librdft_scalar_r2cb.a/r2cb_20.o .libs/libfftw3.lax/librdft_scalar_r2cb.a/r2cb_25.o .libs/libfftw3.lax/librdft_scalar_r2cb.a/r2cb_3.o .libs/libfftw3.lax/librdft_scalar_r2cb.a/r2cb_32.o .libs/libfftw3.lax/librdft_scalar_r2cb.a/r2cb_4.o .libs/libfftw3.lax/librdft_scalar_r2cb.a/r2cb_5.o .libs/libfftw3.lax/librdft_scalar_r2cb.a/r2cb_6.o .libs/libfftw3.lax/librdft_scalar_r2cb.a/r2cb_64.o .libs/libfftw3.lax/librdft_scalar_r2cb.a/r2cb_7.o .libs/libfftw3.lax/librdft_scalar_r2cb.a/r2cb_8.o .libs/libfftw3.lax/librdft_scalar_r2cb.a/r2cb_9.o .libs/libfftw3.lax/lt18-codlist.o .libs/libfftw3.lax/librdft_scalar_r2r.a/e01_8.o .libs/libfftw3.lax/librdft_scalar_r2r.a/e10_8.o .libs/libfftw3.lax/lt19-conf.o .libs/libfftw3.lax/libreodft.a/redft00e-r2hc-pad.o .libs/libfftw3.lax/libreodft.a/reodft00e-splitradix.o .libs/libfftw3.lax/libreodft.a/reodft010e-r2hc.o .libs/libfftw3.lax/libreodft.a/reodft11e-r2hc-odd.o .libs/libfftw3.lax/libreodft.a/reodft11e-radix2.o .libs/libfftw3.lax/libreodft.a/rodft00e-r2hc-pad.o .libs/libfftw3.lax/libapi.a/apiplan.o .libs/libfftw3.lax/libapi.a/configure.o .libs/libfftw3.lax/libapi.a/execute-dft-c2r.o .libs/libfftw3.lax/libapi.a/execute-dft-r2c.o .libs/libfftw3.lax/libapi.a/execute-dft.o .libs/libfftw3.lax/libapi.a/execute-r2r.o .libs/libfftw3.lax/libapi.a/execute-split-dft-c2r.o .libs/libfftw3.lax/libapi.a/execute-split-dft-r2c.o .libs/libfftw3.lax/libapi.a/execute-split-dft.o .libs/libfftw3.lax/libapi.a/execute.o .libs/libfftw3.lax/libapi.a/export-wisdom-to-file.o .libs/libfftw3.lax/libapi.a/export-wisdom-to-string.o .libs/libfftw3.lax/libapi.a/export-wisdom.o .libs/libfftw3.lax/libapi.a/f77api.o .libs/libfftw3.lax/libapi.a/flops.o .libs/libfftw3.lax/libapi.a/forget-wisdom.o .libs/libfftw3.lax/libapi.a/import-system-wisdom.o .libs/libfftw3.lax/libapi.a/import-wisdom-from-file.o .libs/libfftw3.lax/libapi.a/import-wisdom-from-string.o .libs/libfftw3.lax/libapi.a/import-wisdom.o .libs/libfftw3.lax/libapi.a/malloc.o .libs/libfftw3.lax/libapi.a/map-r2r-kind.o .libs/libfftw3.lax/libapi.a/mapflags.o .libs/libfftw3.lax/libapi.a/mkprinter-file.o .libs/libfftw3.lax/libapi.a/mktensor-iodims.o .libs/libfftw3.lax/libapi.a/mktensor-iodims64.o .libs/libfftw3.lax/libapi.a/mktensor-rowmajor.o .libs/libfftw3.lax/libapi.a/plan-dft-1d.o .libs/libfftw3.lax/libapi.a/plan-dft-2d.o .libs/libfftw3.lax/libapi.a/plan-dft-3d.o .libs/libfftw3.lax/libapi.a/plan-dft-c2r-1d.o .libs/libfftw3.lax/libapi.a/plan-dft-c2r-2d.o .libs/libfftw3.lax/libapi.a/plan-dft-c2r-3d.o .libs/libfftw3.lax/libapi.a/plan-dft-c2r.o .libs/libfftw3.lax/libapi.a/plan-dft-r2c-1d.o .libs/libfftw3.lax/libapi.a/plan-dft-r2c-2d.o .libs/libfftw3.lax/libapi.a/plan-dft-r2c-3d.o .libs/libfftw3.lax/libapi.a/plan-dft-r2c.o .libs/libfftw3.lax/libapi.a/plan-dft.o .libs/libfftw3.lax/libapi.a/plan-guru-dft-c2r.o .libs/libfftw3.lax/libapi.a/plan-guru-dft-r2c.o .libs/libfftw3.lax/libapi.a/plan-guru-dft.o .libs/libfftw3.lax/libapi.a/plan-guru-r2r.o .libs/libfftw3.lax/libapi.a/plan-guru-split-dft-c2r.o .libs/libfftw3.lax/libapi.a/plan-guru-split-dft-r2c.o .libs/libfftw3.lax/libapi.a/plan-guru-split-dft.o .libs/libfftw3.lax/libapi.a/plan-guru64-dft-c2r.o .libs/libfftw3.lax/libapi.a/plan-guru64-dft-r2c.o .libs/libfftw3.lax/libapi.a/plan-guru64-dft.o .libs/libfftw3.lax/libapi.a/plan-guru64-r2r.o .libs/libfftw3.lax/libapi.a/plan-guru64-split-dft-c2r.o .libs/libfftw3.lax/libapi.a/plan-guru64-split-dft-r2c.o .libs/libfftw3.lax/libapi.a/plan-guru64-split-dft.o .libs/libfftw3.lax/libapi.a/plan-many-dft-c2r.o .libs/libfftw3.lax/libapi.a/plan-many-dft-r2c.o .libs/libfftw3.lax/libapi.a/plan-many-dft.o .libs/libfftw3.lax/libapi.a/plan-many-r2r.o .libs/libfftw3.lax/libapi.a/plan-r2r-1d.o .libs/libfftw3.lax/libapi.a/plan-r2r-2d.o .libs/libfftw3.lax/libapi.a/plan-r2r-3d.o .libs/libfftw3.lax/libapi.a/plan-r2r.o .libs/libfftw3.lax/libapi.a/print-plan.o .libs/libfftw3.lax/libapi.a/rdft2-pad.o .libs/libfftw3.lax/libapi.a/the-planner.o .libs/libfftw3.lax/libapi.a/version.o .libs/libfftw3.lax/libsimd_support.a/altivec.o .libs/libfftw3.lax/libsimd_support.a/avx.o .libs/libfftw3.lax/libsimd_support.a/neon.o .libs/libfftw3.lax/libsimd_support.a/sse2.o .libs/libfftw3.lax/libsimd_support.a/taint.o .libs/libfftw3.lax/libsimd_sse2_nonportable.a/libsimd_sse2_nonportable_la-sse2-nonportable.o
libtool: link: ranlib .libs/libfftw3.a
libtool: link: rm -fr .libs/libfftw3.lax .libs/libfftw3.lax
libtool: link: ( cd ".libs" && rm -f "libfftw3.la" && ln -s "../libfftw3.la" "libfftw3.la" )
Making all in threads
Making all in tests
libtool: link: gcc -m128bit-long-double -std=gnu11 -march=znver2 -fomit-frame-pointer -O2 -mavx2 -mfma -fopenmp -I/home/pespino/Elliptica_ID_Reader/include -Wl,-rpath -Wl,/home/pespino/Elliptica_ID_Reader/lib -Wl,-rpath -Wl,/home/pespino/Cactus/configs/elliptica/scratch/external/FFTW3/lib -Wl,-rpath -Wl,/home/pespino/Lorene/Lib -Wl,-rpath -Wl,/home/pespino/Elliptica_ID_Reader/lib -Wl,-rpath -Wl,/cm/shared/apps/spack/cpu/opt/spack/linux-centos8-zen2/gcc-9.2.0/openblas-0.3.10-grrcfayp3br6kmcnelbgrepqmadwv43e/lib -Wl,-rpath -Wl,/cm/shared/apps/spack/cpu/opt/spack/linux-centos8-zen2/gcc-9.2.0/hdf5-1.10.6-5q5q4alfsa4or6b25nofmfpixc2vvmg2/lib -Wl,-rpath -Wl,/cm/shared/apps/spack/cpu/opt/spack/linux-centos8-zen2/gcc-9.2.0/libszip-2.1.1-g73rehnp26umitlsxjbucah63xcbkyrg/lib -Wl,-rpath -Wl,/cm/shared/apps/spack/cpu/opt/spack/linux-centos8-zen2/gcc-9.2.0/hwloc-1.11.11-x7dk65u6auponeh3slnell2cbwakqqwi/lib -Wl,-rpath -Wl,/cm/shared/apps/spack/cpu/opt/spack/linux-centos8-zen2/gcc-9.2.0/zlib-1.2.11-tzrethumzcwcxalxislka5penngsyeup/lib -Wl,-rpath -Wl,/cm/shared/apps/slurm/20.02.3/lib64 -Wl,-rpath -Wl,/cm/shared/apps/spack/cpu/opt/spack/linux-centos8-zen2/gcc-9.2.0/openmpi-3.1.6-2kvqbhm5yqjqh3k5pa4dpvqoqyzinxmt/lib -Wl,-rpath -Wl,/cm/shared/apps/spack/cpu/opt/spack/linux-centos8-zen2/gcc-9.2.0/zlib-1.2.11-tzrethumzcwcxalxislka5penngsyeup/lib -Wl,-rpath -Wl,/cm/shared/apps/spack/cpu/opt/spack/linux-centos8-zen2/gcc-9.2.0/hwloc-1.11.11-x7dk65u6auponeh3slnell2cbwakqqwi/lib -Wl,-rpath -Wl,/cm/shared/apps/spack/cpu/opt/spack/linux-centos8-zen2/gcc-9.2.0/zlib-1.2.11-tzrethumzcwcxalxislka5penngsyeup/lib -Wl,-rpath -Wl,/cm/shared/apps/slurm/20.02.3/lib64 -Wl,-rpath -Wl,/cm/shared/apps/spack/cpu/opt/spack/linux-centos8-zen2/gcc-9.2.0/openmpi-3.1.6-2kvqbhm5yqjqh3k5pa4dpvqoqyzinxmt/lib -Wl,-rpath -Wl,/cm/shared/apps/spack/cpu/opt/spack/linux-centos8-zen2/gcc-9.2.0/hwloc-1.11.11-x7dk65u6auponeh3slnell2cbwakqqwi/lib -Wl,-rpath -Wl,/cm/shared/apps/spack/cpu/opt/spack/linux-centos8-zen2/gcc-9.2.0/zlib-1.2.11-tzrethumzcwcxalxislka5penngsyeup/lib -Wl,-rpath -Wl,/cm/shared/apps/spack/cpu/opt/spack/linux-centos8-zen/gcc-8.3.1/gcc-9.2.0-w7xm5ba2an66khz7wjkjnocbdhmou2qb/lib64/../lib64 -Wl,-rpath -Wl,/home/pespino/Cactus/configs/elliptica/scratch/external/FFTW3/lib -Wl,-rpath -Wl,/cm/shared/apps/spack/cpu/opt/spack/linux-centos8-zen/gcc-8.3.1/gcc-9.2.0-w7xm5ba2an66khz7wjkjnocbdhmou2qb/lib64/../lib64 -Wl,-rpath -Wl,/home/pespino/Cactus/configs/elliptica/scratch/external/FFTW3/lib -Wl,-rpath -Wl,/cm/shared/apps/spack/cpu/opt/spack/linux-centos8-zen/gcc-8.3.1/gcc-9.2.0-w7xm5ba2an66khz7wjkjnocbdhmou2qb/lib64/../lib64 -o bench bench-bench.o bench-hook.o bench-fftw-bench.o  -L/cm/shared/apps/spack/cpu/opt/spack/linux-centos8-zen2/gcc-9.2.0/numactl-2.0.12-2pky3yxibr2447l3obmq5ph6ftaoq65k/lib/ -L/home/pespino/Elliptica_ID_Reader/lib -L/home/pespino/Cactus/configs/elliptica/scratch/external/FFTW3/lib -L/home/pespino/Lorene/Lib -L/cm/shared/apps/spack/cpu/opt/spack/linux-centos8-zen2/gcc-9.2.0/openblas-0.3.10-grrcfayp3br6kmcnelbgrepqmadwv43e/lib -L/cm/shared/apps/spack/cpu/opt/spack/linux-centos8-zen2/gcc-9.2.0/hdf5-1.10.6-5q5q4alfsa4or6b25nofmfpixc2vvmg2/lib -L/cm/shared/apps/spack/cpu/opt/spack/linux-centos8-zen2/gcc-9.2.0/libszip-2.1.1-g73rehnp26umitlsxjbucah63xcbkyrg/lib -L/cm/shared/apps/spack/cpu/opt/spack/linux-centos8-zen2/gcc-9.2.0/hwloc-1.11.11-x7dk65u6auponeh3slnell2cbwakqqwi/lib -L/cm/shared/apps/spack/cpu/opt/spack/linux-centos8-zen2/gcc-9.2.0/zlib-1.2.11-tzrethumzcwcxalxislka5penngsyeup/lib -L/cm/shared/apps/slurm/20.02.3/lib64 -L/cm/shared/apps/spack/cpu/opt/spack/linux-centos8-zen2/gcc-9.2.0/openmpi-3.1.6-2kvqbhm5yqjqh3k5pa4dpvqoqyzinxmt/lib -L/cm/shared/apps/spack/cpu/opt/spack/linux-centos8-zen/gcc-8.3.1/gcc-9.2.0-w7xm5ba2an66khz7wjkjnocbdhmou2qb/lib64/../lib64 ../.libs/libfftw3.a -lelliptica_id_reader ../libbench2/libbench2.a -lm -fopenmp
Making all in mpi
Making all in doc
Making all in FAQ
Making all in tools
libtool: link: gcc -m128bit-long-double -std=gnu11 -march=znver2 -fomit-frame-pointer -O2 -mavx2 -mfma -fopenmp -I/home/pespino/Elliptica_ID_Reader/include -Wl,-rpath -Wl,/home/pespino/Elliptica_ID_Reader/lib -Wl,-rpath -Wl,/home/pespino/Cactus/configs/elliptica/scratch/external/FFTW3/lib -Wl,-rpath -Wl,/home/pespino/Lorene/Lib -Wl,-rpath -Wl,/home/pespino/Elliptica_ID_Reader/lib -Wl,-rpath -Wl,/cm/shared/apps/spack/cpu/opt/spack/linux-centos8-zen2/gcc-9.2.0/openblas-0.3.10-grrcfayp3br6kmcnelbgrepqmadwv43e/lib -Wl,-rpath -Wl,/cm/shared/apps/spack/cpu/opt/spack/linux-centos8-zen2/gcc-9.2.0/hdf5-1.10.6-5q5q4alfsa4or6b25nofmfpixc2vvmg2/lib -Wl,-rpath -Wl,/cm/shared/apps/spack/cpu/opt/spack/linux-centos8-zen2/gcc-9.2.0/libszip-2.1.1-g73rehnp26umitlsxjbucah63xcbkyrg/lib -Wl,-rpath -Wl,/cm/shared/apps/spack/cpu/opt/spack/linux-centos8-zen2/gcc-9.2.0/hwloc-1.11.11-x7dk65u6auponeh3slnell2cbwakqqwi/lib -Wl,-rpath -Wl,/cm/shared/apps/spack/cpu/opt/spack/linux-centos8-zen2/gcc-9.2.0/zlib-1.2.11-tzrethumzcwcxalxislka5penngsyeup/lib -Wl,-rpath -Wl,/cm/shared/apps/slurm/20.02.3/lib64 -Wl,-rpath -Wl,/cm/shared/apps/spack/cpu/opt/spack/linux-centos8-zen2/gcc-9.2.0/openmpi-3.1.6-2kvqbhm5yqjqh3k5pa4dpvqoqyzinxmt/lib -Wl,-rpath -Wl,/cm/shared/apps/spack/cpu/opt/spack/linux-centos8-zen2/gcc-9.2.0/zlib-1.2.11-tzrethumzcwcxalxislka5penngsyeup/lib -Wl,-rpath -Wl,/cm/shared/apps/spack/cpu/opt/spack/linux-centos8-zen2/gcc-9.2.0/hwloc-1.11.11-x7dk65u6auponeh3slnell2cbwakqqwi/lib -Wl,-rpath -Wl,/cm/shared/apps/spack/cpu/opt/spack/linux-centos8-zen2/gcc-9.2.0/zlib-1.2.11-tzrethumzcwcxalxislka5penngsyeup/lib -Wl,-rpath -Wl,/cm/shared/apps/slurm/20.02.3/lib64 -Wl,-rpath -Wl,/cm/shared/apps/spack/cpu/opt/spack/linux-centos8-zen2/gcc-9.2.0/openmpi-3.1.6-2kvqbhm5yqjqh3k5pa4dpvqoqyzinxmt/lib -Wl,-rpath -Wl,/cm/shared/apps/spack/cpu/opt/spack/linux-centos8-zen2/gcc-9.2.0/hwloc-1.11.11-x7dk65u6auponeh3slnell2cbwakqqwi/lib -Wl,-rpath -Wl,/cm/shared/apps/spack/cpu/opt/spack/linux-centos8-zen2/gcc-9.2.0/zlib-1.2.11-tzrethumzcwcxalxislka5penngsyeup/lib -Wl,-rpath -Wl,/cm/shared/apps/spack/cpu/opt/spack/linux-centos8-zen/gcc-8.3.1/gcc-9.2.0-w7xm5ba2an66khz7wjkjnocbdhmou2qb/lib64/../lib64 -Wl,-rpath -Wl,/home/pespino/Cactus/configs/elliptica/scratch/external/FFTW3/lib -Wl,-rpath -Wl,/cm/shared/apps/spack/cpu/opt/spack/linux-centos8-zen/gcc-8.3.1/gcc-9.2.0-w7xm5ba2an66khz7wjkjnocbdhmou2qb/lib64/../lib64 -Wl,-rpath -Wl,/home/pespino/Cactus/configs/elliptica/scratch/external/FFTW3/lib -Wl,-rpath -Wl,/cm/shared/apps/spack/cpu/opt/spack/linux-centos8-zen/gcc-8.3.1/gcc-9.2.0-w7xm5ba2an66khz7wjkjnocbdhmou2qb/lib64/../lib64 -o fftw-wisdom fftw_wisdom-fftw-wisdom.o ../tests/bench-bench.o ../tests/bench-fftw-bench.o  -L/cm/shared/apps/spack/cpu/opt/spack/linux-centos8-zen2/gcc-9.2.0/numactl-2.0.12-2pky3yxibr2447l3obmq5ph6ftaoq65k/lib/ -L/home/pespino/Elliptica_ID_Reader/lib -L/home/pespino/Cactus/configs/elliptica/scratch/external/FFTW3/lib -L/home/pespino/Lorene/Lib -L/cm/shared/apps/spack/cpu/opt/spack/linux-centos8-zen2/gcc-9.2.0/openblas-0.3.10-grrcfayp3br6kmcnelbgrepqmadwv43e/lib -L/cm/shared/apps/spack/cpu/opt/spack/linux-centos8-zen2/gcc-9.2.0/hdf5-1.10.6-5q5q4alfsa4or6b25nofmfpixc2vvmg2/lib -L/cm/shared/apps/spack/cpu/opt/spack/linux-centos8-zen2/gcc-9.2.0/libszip-2.1.1-g73rehnp26umitlsxjbucah63xcbkyrg/lib -L/cm/shared/apps/spack/cpu/opt/spack/linux-centos8-zen2/gcc-9.2.0/hwloc-1.11.11-x7dk65u6auponeh3slnell2cbwakqqwi/lib -L/cm/shared/apps/spack/cpu/opt/spack/linux-centos8-zen2/gcc-9.2.0/zlib-1.2.11-tzrethumzcwcxalxislka5penngsyeup/lib -L/cm/shared/apps/slurm/20.02.3/lib64 -L/cm/shared/apps/spack/cpu/opt/spack/linux-centos8-zen2/gcc-9.2.0/openmpi-3.1.6-2kvqbhm5yqjqh3k5pa4dpvqoqyzinxmt/lib -L/cm/shared/apps/spack/cpu/opt/spack/linux-centos8-zen/gcc-8.3.1/gcc-9.2.0-w7xm5ba2an66khz7wjkjnocbdhmou2qb/lib64/../lib64 ../.libs/libfftw3.a -lelliptica_id_reader ../libbench2/libbench2.a -lm -fopenmp
Making all in m4
FFTW3: Installing...
Making install in support
Making install in kernel
Making install in simd-support
Making install in dft
Making install in scalar
Making install in codelets
Making install in simd
Making install in common
Making install in sse2
Making install in avx
Making install in altivec
Making install in neon
Making install in rdft
Making install in scalar
Making install in r2cf
Making install in r2cb
Making install in r2r
Making install in simd
Making install in common
Making install in sse2
Making install in avx
Making install in altivec
Making install in neon
Making install in reodft
Making install in api
 /usr/bin/mkdir -p '/home/pespino/Cactus/configs/elliptica/scratch/external/FFTW3/include'
 /usr/bin/mkdir -p '/home/pespino/Cactus/configs/elliptica/scratch/external/FFTW3/include'
 /usr/bin/install -c -m 644 fftw3.h fftw3.f fftw3l.f03 fftw3q.f03 '/home/pespino/Cactus/configs/elliptica/scratch/external/FFTW3/include'
 /usr/bin/install -c -m 644 fftw3.f03 '/home/pespino/Cactus/configs/elliptica/scratch/external/FFTW3/include'
Making install in libbench2
Making install in .
 /usr/bin/mkdir -p '/home/pespino/Cactus/configs/elliptica/scratch/external/FFTW3/lib'
 /usr/bin/mkdir -p '/home/pespino/Cactus/configs/elliptica/scratch/external/FFTW3/lib/pkgconfig'
 /bin/sh ./libtool   --mode=install /usr/bin/install -c   libfftw3.la '/home/pespino/Cactus/configs/elliptica/scratch/external/FFTW3/lib'
libtool: install: /usr/bin/install -c .libs/libfftw3.lai /home/pespino/Cactus/configs/elliptica/scratch/external/FFTW3/lib/libfftw3.la
 /usr/bin/install -c -m 644 fftw3.pc '/home/pespino/Cactus/configs/elliptica/scratch/external/FFTW3/lib/pkgconfig'
libtool: install: /usr/bin/install -c .libs/libfftw3.a /home/pespino/Cactus/configs/elliptica/scratch/external/FFTW3/lib/libfftw3.a
libtool: install: chmod 644 /home/pespino/Cactus/configs/elliptica/scratch/external/FFTW3/lib/libfftw3.a
libtool: install: ranlib /home/pespino/Cactus/configs/elliptica/scratch/external/FFTW3/lib/libfftw3.a
libtool: finish: PATH="/cm/shared/apps/sdsc/1.0/bin:/cm/shared/apps/sdsc/1.0/sbin:/cm/shared/apps/slurm/current/sbin:/cm/shared/apps/slurm/current/bin:/cm/shared/apps/spack/cpu/opt/spack/linux-centos8-zen2/gcc-9.2.0/gsl-2.5-qxlhysyfkozqtfhsq7qc6yrku2aur3jr/bin:/cm/shared/apps/spack/cpu/opt/spack/linux-centos8-zen2/gcc-9.2.0/fftw-3.3.8-fjjeijpxg5kgfuv33o3c5wwc33pifw3d/bin:/cm/shared/apps/spack/cpu/opt/spack/linux-centos8-zen2/gcc-9.2.0/openblas-0.3.10-grrcfayp3br6kmcnelbgrepqmadwv43e/bin:/cm/shared/apps/spack/cpu/opt/spack/linux-centos8-zen2/gcc-9.2.0/hdf5-1.10.6-5q5q4alfsa4or6b25nofmfpixc2vvmg2/bin:/cm/shared/apps/spack/cpu/opt/spack/linux-centos8-zen2/gcc-9.2.0/openmpi-3.1.6-2kvqbhm5yqjqh3k5pa4dpvqoqyzinxmt/bin:/cm/shared/apps/spack/cpu/opt/spack/linux-centos8-zen/gcc-8.3.1/gcc-9.2.0-w7xm5ba2an66khz7wjkjnocbdhmou2qb/bin:/home/pespino/.local/bin:/home/pespino/bin:/usr/local/bin:/usr/bin:/usr/local/sbin:/usr/sbin:/home/pespino/runs-thc-ba/Cactus/batchtools/bin:/home/pespino/runs-thc-ba/scripts:/sbin" ldconfig -n /home/pespino/Cactus/configs/elliptica/scratch/external/FFTW3/lib
----------------------------------------------------------------------
Libraries have been installed in:
   /home/pespino/Cactus/configs/elliptica/scratch/external/FFTW3/lib

If you ever happen to want to link against installed libraries
in a given directory, LIBDIR, you must either use libtool, and
specify the full pathname of the library, or use the `-LLIBDIR'
flag during linking and do at least one of the following:
   - add LIBDIR to the `LD_LIBRARY_PATH' environment variable
     during execution
   - have your system administrator add LIBDIR to `/etc/ld.so.conf'

See any operating system documentation about shared libraries for
more information, such as the ld(1) and ld.so(8) manual pages.
----------------------------------------------------------------------
Making install in threads
Making install in tests
Making install in mpi
Making install in doc
Making install in FAQ
 /usr/bin/mkdir -p '/home/pespino/Cactus/configs/elliptica/scratch/external/FFTW3/share/info'
 /usr/bin/install -c -m 644 ./fftw3.info ./fftw3.info-1 ./fftw3.info-2 '/home/pespino/Cactus/configs/elliptica/scratch/external/FFTW3/share/info'
 install-info --info-dir='/home/pespino/Cactus/configs/elliptica/scratch/external/FFTW3/share/info' '/home/pespino/Cactus/configs/elliptica/scratch/external/FFTW3/share/info/fftw3.info'
Making install in tools
 /usr/bin/mkdir -p '/home/pespino/Cactus/configs/elliptica/scratch/external/FFTW3/bin'
 /usr/bin/mkdir -p '/home/pespino/Cactus/configs/elliptica/scratch/external/FFTW3/bin'
 /usr/bin/mkdir -p '/home/pespino/Cactus/configs/elliptica/scratch/external/FFTW3/share/man/man1'
  /bin/sh ../libtool   --mode=install /usr/bin/install -c fftw-wisdom '/home/pespino/Cactus/configs/elliptica/scratch/external/FFTW3/bin'
 /usr/bin/install -c fftw-wisdom-to-conf '/home/pespino/Cactus/configs/elliptica/scratch/external/FFTW3/bin'
libtool: install: /usr/bin/install -c fftw-wisdom /home/pespino/Cactus/configs/elliptica/scratch/external/FFTW3/bin/fftw-wisdom
 /usr/bin/install -c -m 644 fftw-wisdom-to-conf.1 fftw-wisdom.1 '/home/pespino/Cactus/configs/elliptica/scratch/external/FFTW3/share/man/man1'
Making install in m4
~/Cactus/configs/elliptica/scratch
FFTW3: Cleaning up...
FFTW3: Done.
Creating /home/pespino/Cactus/configs/elliptica/lib/libthorn_FFTW3.a
Checking status of thorn SphericalHarmonicRecon
COMPILING configs/elliptica/bindings/build/SphericalHarmonicRecon/cctk_ThornBindings.c
COMPILING PITTNullCode/SphericalHarmonicRecon/src/Chebyshev.cc
COMPILING PITTNullCode/SphericalHarmonicRecon/src/Recon.cc
Creating /home/pespino/Cactus/configs/elliptica/lib/libthorn_SphericalHarmonicRecon.a
Creating cactus_elliptica in /home/pespino/Cactus/exe from EinsteinAnalysis/ADMAnalysis EinsteinBase/ADMBase EinsteinBase/ADMCoupling Llama/ADMDerivatives EinsteinBase/ADMMacros EinsteinAnalysis/ADMMass Numerical/AEILocalInterp EinsteinAnalysis/AHFinder EinsteinAnalysis/AHFinderDirect CactusBase/Boundary CTThorns/CT_Analytic CTThorns/CT_MultiLevel EinsteinAnalysis/CalcK Carpet/Carpet Carpet/CarpetEvolutionMask Carpet/CarpetIOASCII Carpet/CarpetIOBasic Carpet/CarpetIOHDF5 Carpet/CarpetIOScalar Carpet/CarpetIntegrateTest Carpet/CarpetInterp Carpet/CarpetInterp2 Carpet/CarpetLib Carpet/CarpetMask Carpet/CarpetProlongateTest Carpet/CarpetReduce Carpet/CarpetRegrid Carpet/CarpetRegrid2 Carpet/CarpetRegridTest Carpet/CarpetSlab Carpet/CarpetTracker CactusBase/CartGrid3D CactusNumerical/Cartoon2D UAThorns/ConservativeToPrimitive EinsteinBase/Constants WVUThorns/Convert_to_HydroBase UAThorns/CookImporter CactusBase/CoordBase EinsteinBase/CoordGauge Llama/Coordinates Llama/CoordinatesSymmetry Carpet/CycleClock CactusExamples/DemoInterp CactusNumerical/Dissipation EinsteinInitialData/DistortedBHIVP EinsteinAnalysis/EHFinder ExternalLibraries/EIDR EinsteinBase/EOS_Base EinsteinEOS/EOS_Hybrid EinsteinEOS/EOS_IdealFluid EinsteinEOS/EOS_Polytrope EinsteinExact/EinsteinExact_Test CactusElliptic/EllBase CactusElliptic/EllSOR EllipticaID/Elliptica_BHNS EinsteinInitialData/Exact EinsteinAnalysis/Extract ExternalLibraries/FFTW3 CactusExamples/FleshInfo CactusBase/Fortran ExternalLibraries/GSL EinsteinExact/GaugeWave KrancNumericalTools/GenericFD Llama/GlobalDerivative ExternalLibraries/HDF5 CactusConnect/HTTPD CactusConnect/HTTPDExtra CactusExamples/HelloWorld Carpet/HighOrderWaveTest EinsteinBase/HydroBase EinsteinAnalysis/Hydro_Analysis EinsteinInitialData/Hydro_InitExcision EinsteinInitialData/Hydro_RNSID EinsteinInitialData/IDAnalyticBH EinsteinInitialData/IDAxiBrillBH EinsteinInitialData/IDAxiOddBrillBH EinsteinInitialData/IDBrillData EinsteinInitialData/IDConstraintViolate EinsteinInitialData/IDFileADM EinsteinInitialData/IDLinearWaves CactusWave/IDScalarWave CactusWave/IDScalarWaveC CactusWave/IDScalarWaveCXX CactusWave/IDScalarWaveElliptic CactusExamples/IDWaveMoL SpritzCode/ID_NrotStar UAThorns/ID_converter_ILGRMHD CactusBase/IOASCII CactusBase/IOBasic CactusPUGHIO/IOHDF5 CactusPUGHIO/IOHDF5Util CactusBase/IOUtil UAThorns/IllinoisGRMHD CactusBase/InitBase CactusNumerical/InterpToArray Llama/Interpolate2 EinsteinExact/KerrSchild ExternalLibraries/LORENE2 UAThorns/LapseFinder Lean/LeanBSSNMoL Llama/LlamaWaveToy CactusNumerical/LocalInterp CactusNumerical/LocalInterp2 CactusNumerical/LocalReduce Carpet/LoopControl McLachlan/ML_ADMConstraints McLachlan/ML_ADMQuantities McLachlan/ML_BSSN McLachlan/ML_BSSN_Helper McLachlan/ML_BSSN_Test McLachlan/ML_CCZ4 McLachlan/ML_CCZ4_Helper McLachlan/ML_CCZ4_Test McLachlan/ML_WaveToy McLachlan/ML_WaveToy_Test ExternalLibraries/MPI CactusUtils/MemSpeed EinsteinInitialData/Meudon_Bin_BH UAThorns/Meudon_Bin_NS EinsteinInitialData/Meudon_Mag_NS EinsteinExact/Minkowski CactusNumerical/MoL EinsteinExact/ModifiedSchwarzschildBL EinsteinAnalysis/Multipole Lean/NPScalars Proca/NPScalars_Proca CactusUtils/NaNCatcher CactusUtils/NaNChecker EinsteinEvolve/NewRad CactusUtils/Nice EinsteinInitialData/NoExcision CactusUtils/NoMPI CactusNumerical/Noise CactusNumerical/Norms PITTNullCode/NullConstr PITTNullCode/NullDecomp PITTNullCode/NullEvolve PITTNullCode/NullExact PITTNullCode/NullGrid PITTNullCode/NullInterp PITTNullCode/NullNews PITTNullCode/NullPsiInt PITTNullCode/NullSHRExtract PITTNullCode/NullVars ExternalLibraries/OpenBLAS ExternalLibraries/OpenSSL EinsteinAnalysis/Outflow CactusPUGH/PUGH CactusPUGH/PUGHInterp CactusPUGH/PUGHReduce CactusPUGH/PUGHSlab CactusNumerical/Periodic Carpet/PeriodicCarpet CactusExamples/Poisson Proca/ProcaBase Proca/ProcaEvolve Proca/Proca_simpleID EinsteinAnalysis/PunctureTracker EinsteinAnalysis/QuasiLocalMeasures EinsteinInitialData/ReadInterpolate SpritzCode/Recovery_Util CactusNumerical/ReflectionSymmetry Carpet/RegridSyncTest UAThorns/RhoBFinder EinsteinInitialData/RotatingDBHIVP CactusNumerical/RotatingSymmetry180 CactusNumerical/RotatingSymmetry90 CactusExamples/SampleBoundary CactusExamples/SampleIO WVUThorns/Seed_Magnetic_Fields WVUThorns_Diagnostics/Seed_Magnetic_Fields_BNS EinsteinUtils/SetMask_SphericalSurface EinsteinExact/ShiftedGaugeWave CactusNumerical/Slab CactusNumerical/SlabTest CactusConnect/Socket CactusNumerical/SpaceMask PITTNullCode/SphericalHarmonicDecomp PITTNullCode/SphericalHarmonicRecon PITTNullCode/SphericalHarmonicReconGen CactusNumerical/SphericalSurface SpritzCode/Spritz SpritzCode/Spritz_InitData SpritzCode/Spritz_SetBeta EinsteinBase/StaticConformal CactusNumerical/SummationByParts CactusBase/SymBase CactusUtils/SystemStatistics CactusUtils/SystemTopology CactusElliptic/TATelliptic EinsteinUtils/TGRtensor EinsteinInitialData/TOVSolver CactusNumerical/TensorTypes CactusUtils/TerminationTrigger CactusTest/TestArrays Carpet/TestCarpetGridInfo CactusTest/TestComplex CactusTest/TestCoordinates CactusTest/TestFortranCrayPointers CactusTest/TestFortranDependencies1 CactusTest/TestFortranDependencies2 CactusTest/TestFpointerNULL CactusTest/TestFreeF90 CactusTest/TestGlobalReduce CactusTest/TestInclude1 CactusTest/TestInclude2 CactusNumerical/TestLocalInterp2 CactusNumerical/TestLocalReduce CactusTest/TestLoop Carpet/TestLoopControl CactusTest/TestMath CactusTest/TestMoL CactusTest/TestPar CactusTest/TestReadWrite CactusTest/TestReduce CactusTest/TestSchedule CactusTest/TestStrings CactusTest/TestTable CactusTest/TestTimers CactusTest/TestTypes CactusBase/Time CactusExamples/TimerInfo CactusUtils/TimerReport Carpet/Timers EinsteinBase/TmunuBase CactusUtils/Trigger EinsteinInitialData/TwoPunctures Proca/TwoPunctures_KerrProca UAThorns/UA_EOS_Omni EinsteinExact/Vaidya2 CactusUtils/Vectors WVUThorns_Diagnostics/VolumeIntegrals_GRMHD WVUThorns_Diagnostics/VolumeIntegrals_vacuum CactusUtils/WatchDog CactusWave/WaveBinarySource Llama/WaveExtractL CactusExamples/WaveMoL CactusExamples/WaveToy1DF77 CactusExamples/WaveToy2DF77 CactusWave/WaveToyC CactusWave/WaveToyCXX CactusWave/WaveToyExtra CactusWave/WaveToyF77 CactusWave/WaveToyF90 CactusWave/WaveToyFreeF90 EinsteinAnalysis/WeylScal4 SpritzCode/ZelmaniLeak ExternalLibraries/hwloc ExternalLibraries/libjpeg WVUThorns_Diagnostics/particle_tracerET ExternalLibraries/pthreads WVUThorns_Diagnostics/smallbPoynET ExternalLibraries/zlib
/home/pespino/Cactus/configs/elliptica/lib/libthorn_Elliptica_BHNS.a(bhns_id.cc.o): In function `Elliptica_BHNS_initialize':
bhns_id.cc:(.text+0xb): undefined reference to `elliptica_id_reader_init(char const*, char const*)'
collect2: error: ld returned 1 exit status
make[1]: *** [/home/pespino/Cactus/lib/make/make.configuration:150: /home/pespino/Cactus/exe/cactus_elliptica] Error 1
make: *** [Makefile:265: elliptica] Error 2
