--------------------------------------------------------------------------------

       10                                  
  1   0101       ************************  
  01  1010 10      The Cactus Code V4.2.3    
 1010 1101 011      www.cactuscode.org     
  1001 100101    ************************  
    00010101                               
     100011     (c) Copyright The Authors  
      0100      GNU Licensed. No Warranty  
      0101                                 
--------------------------------------------------------------------------------

Cactus version:    4.2.3
Compile date:      Feb 04 2018 (21:13:07)
Run date:          Feb 05 2018 (14:10:27-0600)
Run host:          ekohaes8.ncsa.illinois.edu (pid=6246)
Working directory: /home/rhaas/runs/devel
Executable:        /home/rhaas/postdoc/gr/cactus/ET_vanilla/exe/cactus_sim
Parameter file:    tov.par
--------------------------------------------------------------------------------

Activating thorn Cactus...Success -> active implementation Cactus
Activation requested for 
--->Time MoL Coordbase CartGrid3d Boundary StaticConformal SymBase ADMBase TmunuBase HydroBase InitBase ADMCoupling ADMMacros IOUtil Formaline SpaceMask CoordGauge Constants LocalReduce aeilocalinterp LoopControl Carpet CarpetLib CarpetReduce CarpetRegrid2 CarpetInterp CarpetIOASCII CarpetIOScalar CarpetIOHDF5 CarpetIOBasic TerminationTrigger ReflectionSymmetry NaNChecker EOS_Omni GRHydro GenericFD NewRad ML_BSSN ML_BSSN_Helper SphericalSurface Dissipation TOVSolver <---
Thorn Carpet requests automatic activation of MPI
Thorn Carpet requests automatic activation of Timers
Thorn CarpetIOHDF5 requests automatic activation of HDF5
Thorn CarpetLib requests automatic activation of Vectors
Thorn CarpetLib requests automatic activation of CycleClock
Thorn GRHydro requests automatic activation of EOS_Polytrope
Thorn LoopControl requests automatic activation of hwloc
Thorn EOS_Polytrope requests automatic activation of EOS_Base
Thorn HDF5 requests automatic activation of zlib
Activating thorn ADMBase...Success -> active implementation ADMBase
Activating thorn ADMCoupling...Success -> active implementation ADMCoupling
Activating thorn ADMMacros...Success -> active implementation ADMMacros
Activating thorn aeilocalinterp...Success -> active implementation AEILocalInterp
Activating thorn Boundary...Success -> active implementation boundary
Activating thorn Carpet...Success -> active implementation Driver
Activating thorn CarpetInterp...Success -> active implementation interp
Activating thorn CarpetIOASCII...Success -> active implementation IOASCII
Activating thorn CarpetIOBasic...Success -> active implementation IOBasic
Activating thorn CarpetIOHDF5...Success -> active implementation IOHDF5
Activating thorn CarpetIOScalar...Success -> active implementation IOScalar
Activating thorn CarpetLib...Success -> active implementation CarpetLib
Activating thorn CarpetReduce...Success -> active implementation reduce
Activating thorn CarpetRegrid2...Success -> active implementation CarpetRegrid2
Activating thorn CartGrid3d...Success -> active implementation grid
Activating thorn Constants...Success -> active implementation Constants
Activating thorn Coordbase...Success -> active implementation CoordBase
Activating thorn CoordGauge...Success -> active implementation CoordGauge
Activating thorn CycleClock...Success -> active implementation CycleClock
Activating thorn Dissipation...Success -> active implementation Dissipation
Activating thorn EOS_Base...Success -> active implementation EOS_Base
Activating thorn EOS_Omni...Success -> active implementation EOS_Omni
Activating thorn EOS_Polytrope...Success -> active implementation EOS_2d_Polytrope
Activating thorn Formaline...Success -> active implementation Formaline
Activating thorn GenericFD...Success -> active implementation GenericFD
Activating thorn GRHydro...Success -> active implementation GRHydro
Activating thorn HDF5...Success -> active implementation HDF5
Activating thorn hwloc...Success -> active implementation hwloc
Activating thorn HydroBase...Success -> active implementation HydroBase
Activating thorn InitBase...Success -> active implementation InitBase
Activating thorn IOUtil...Success -> active implementation IO
Activating thorn LocalReduce...Success -> active implementation LocalReduce
Activating thorn LoopControl...Success -> active implementation LoopControl
Activating thorn ML_BSSN...Success -> active implementation ML_BSSN
Activating thorn ML_BSSN_Helper...Success -> active implementation ML_BSSN_Helper
Activating thorn MoL...Success -> active implementation MethodOfLines
Activating thorn MPI...Success -> active implementation MPI
Activating thorn NaNChecker...Success -> active implementation NaNChecker
Activating thorn NewRad...Success -> active implementation NewRad
Activating thorn ReflectionSymmetry...Success -> active implementation ReflectionSymmetry
Activating thorn SpaceMask...Success -> active implementation SpaceMask
Activating thorn SphericalSurface...Success -> active implementation SphericalSurface
Activating thorn StaticConformal...Success -> active implementation StaticConformal
Activating thorn SymBase...Success -> active implementation SymBase
Activating thorn TerminationTrigger...Success -> active implementation TerminationTrigger
Activating thorn Time...Success -> active implementation time
Activating thorn Timers...Success -> active implementation Timers
Activating thorn TmunuBase...Success -> active implementation TmunuBase
Activating thorn TOVSolver...Success -> active implementation TOVSolver
Activating thorn Vectors...Success -> active implementation Vectors
Activating thorn zlib...Success -> active implementation zlib
INFO (IOUtil): Recovery directory 'tov' doesn't exist
--------------------------------------------------------------------------------
  if (recover initial data)
    Recover parameters
  endif

  Startup routines
    [CCTK_STARTUP]
      Carpet::MultiModel_Startup: Multi-model Startup routine
      CycleClock::CycleClock_Setup: Set up CycleClock
      LoopControl::lc_setup: Set up LoopControl
      ML_BSSN_Helper::ML_BSSN_SetGroupTags: [meta] Set checkpointing and prolongation group tags
      Timers::Timer_Startup: Prepare hierarchical timers
      Carpet::Driver_Startup: Startup routine
      IOUtil::IOUtil_Startup: Startup routine
      CarpetInterp::CarpetInterpStartup: Startup routine
      CarpetReduce::CarpetReduceStartup: Startup routine
      CartGrid3D::SymmetryStartup: Register GH Extension for GridSymmetry
      CoordBase::CoordBase_Startup: Register a GH extension to store the coordinate system handles
      AEILocalInterp::AEILocalInterp_U_Startup: register CCTK_InterpLocalUniform() interpolation operators
      EOS_Polytrope::EOS_Polytrope_Startup: Setup the polytropic EOS
      Formaline::Formaline_PrintIDs: [meta] Print the build and simulation ids
      GRHydro::GRHydro_RegisterMask: Register the hydro masks
      HydroBase::HydroBase_StartUp: Startup banner
      CarpetIOASCII::CarpetIOASCIIStartup: [global] Startup routine
      LocalReduce::LocalReduce_Startup: Startup routine
      CarpetIOBasic::CarpetIOBasicStartup: [global] Startup routine
      ML_BSSN::ML_BSSN_Startup: [meta] create banner
      ML_BSSN_Helper::ML_BSSN_RegisterSlicing: [meta] Register slicing
      CarpetIOHDF5::CarpetIOHDF5_Startup: Startup routine
      MoL::MoL_Startup: Startup banner
      SymBase::SymBase_Startup: Register GH Extension for SymBase
      TerminationTrigger::TerminationTrigger_StartSignalHandler: Start signal handler
      CarpetIOScalar::CarpetIOScalarStartup: [global] Startup routine
      Vectors::Vectors_Startup: Print startup message

  Startup routines which need an existing grid hierarchy
    [CCTK_WRAGH]
      ADMBase::Einstein_InitSymBound: [global] Set up GF symmetries
      Boundary::Boundary_RegisterBCs: [global] Register boundary conditions that this thorn provides
      CarpetRegrid2::CarpetRegrid2_Initialise: [global] Initialise locations of refined regions
      CartGrid3D::RegisterCartGrid3DCoords: [meta] Register coordinates for the Cartesian grid
      CoordGauge::Einstein_ActivateSlicing: Initialize slicing, setup priorities for mixed slicings
      CoordGauge::Einstein_SetNextSlicing: Identify the slicing for the next iteration
      EOS_Omni::EOS_Omni_Startup: [global] Set up conversion factors and other fun stuff
      Formaline::Formaline_OutputSource: Output Cactus source tree
      Formaline::Formaline_RegisterWarnings: [meta] Register to receive warnings and info messages from the flesh
      Formaline::Formaline_AnnounceInitial: [global] Put some meta information about the current run into permanent storage
      GRHydro::GRHydro_Startup: Startup banner
      GRHydro::GRHydro_ClearLastMoLPostStep: [global] Initialize InLastMoLPostStep to zero
      ML_BSSN_Helper::ML_BSSN_ParamCompat: [meta] Handle parameter backward compatibility
      MoL::MoL_SetupIndexArrays: Set up the MoL bookkeeping index arrays
      MoL::MoL_SetScheduleStatus: [global] Set the flag so it is ok to register with MoL
      TmunuBase::TmunuBase_SetStressEnergyState: [global] Set the stress_energy_state variable
      GROUP MoL_Register: The group where physics thorns register variables with MoL
        GRHydro::GRHydro_Register: Register variables for MoL
        ML_BSSN::ML_BSSN_RegisterVars: [meta] Register Variables for MoL
        ML_BSSN_Helper::ML_BSSN_RegisterConstrained: [meta] Register ADMBase variables as constrained
      SpaceMask::MaskSym: [global] Set grid symmetries for mask
      SpaceMask::MaskSym_emask: [global] Set grid symmetries for emask (compatibility mode)
      GROUP SymBase_Wrapper: Wrapper group for SymBase
        GROUP SymmetryRegister: Register your symmetries here
          CartGrid3D::RegisterSymmetryBoundaries: [meta] Register symmetry boundaries
          ML_BSSN::ML_BSSN_RegisterSymmetries: [meta] register symmetries
          ReflectionSymmetry::ReflectionSymmetry_Register: Register reflection symmetry boundaries
        SymBase::SymBase_Statistics: Print symmetry boundary face descriptions
      TOVSolver::TOV_C_AllocateMemory: [global] Allocate memory for TOVSolver_C
      MoL::MoL_ReportNumberVariables: [meta] Report how many of each type of variable there are
  Parameter checking routines
    [CCTK_PARAMCHECK]
      ADMBase::ADMBase_ParamCheck: [global] Check consistency of parameters
      Boundary::Boundary_Check: Check dimension of grid variables
      Carpet::CarpetParamCheck: Parameter checking routine
      CarpetLib::CarpetLib_test_prolongate_3d_rf2: [global] Test prolongation operators
      CarpetRegrid2::CarpetRegrid2_ParamCheck: Check parameters
      CartGrid3D::ParamCheck_CartGrid3D: Check coordinates for CartGrid3D
      Dissipation::dissipation_paramcheck: Check dissipation parameters for consistency
      GRHydro::GRHydro_ParamCheck: Check parameters
      ML_BSSN_Helper::ML_BSSN_ParamCheck: [meta] Check parameters
      MoL::MoL_ParamCheck: Basic parameter checking
      TOVSolver::TOV_C_ParamCheck: [global] Check parameters
      Vectors::Vectors_Test: Run correctness tests.

  Initialisation
    if (NOT (recover initial data AND recovery_mode is 'strict'))
      [CCTK_PREREGRIDINITIAL]
      Set up grid hierarchy
      [CCTK_POSTREGRIDINITIAL]
        CartGrid3D::SpatialCoordinates: Set Coordinates after regridding
        GROUP MaskBase_SetupMask: Set up the weight function
          GROUP MaskBase_SetupMaskAll: Set up the weight function
            CarpetReduce::MaskBase_AllocateMask: [global] Allocate the weight function
            CarpetReduce::MaskBase_InitMask: [global] [loop-local] Initialise the weight function
            GROUP SetupIMaskInternal: Set up the integer weight function (schedule other routines in here)
              CarpetReduce::CoordBase_SetupMask: [global] [loop-local] Set up the outer boundaries of the weight function
              CarpetReduce::CarpetMaskSetup: [global] [loop-singlemap] Set up the weight function for the restriction regions
            GROUP SetupIMask: Set up the integer weight function (schedule other routines in here)
            CarpetReduce::MaskBase_SetMask: [global] [loop-local] Set the weight function
            GROUP SetupMask: Set up the real weight function (schedule other routines in here)
            CarpetReduce::MaskBase_TestMask: [global] Test the weight function
        Dissipation::setup_epsdis: Setup spatially varying dissipation
        SpaceMask::MaskZero: Initialise mask to zero
        GRHydro::GRHydro_RefinementLevel: Calculate current refinement level
        GROUP HydroBase_ExcisionMaskSetup: Set up hydro excision mask
          HydroBase::HydroBase_InitExcisionMask: Initialize hydro excision mask to 'no excision everywhere'
        GROUP MoL_PseudoEvolutionBoundaries: Apply boundary conditions to pseudo-evolved quantities
          GROUP ML_BSSN_ConstraintsEverywhere_bc_group: ML_BSSN_ConstraintsEverywhere
            ML_BSSN::ML_BSSN_ConstraintsEverywhere_SelectBCs: [level] ML_BSSN_ConstraintsEverywhere_SelectBCs
            GROUP ML_BSSN_ConstraintsEverywhere_ApplyBCs: Apply BCs for groups set in ML_BSSN_ConstraintsEverywhere
              GROUP BoundaryConditions: Execute all boundary conditions
                Boundary::Boundary_ApplyPhysicalBCs: Apply all requested local physical boundary conditions
                CartGrid3D::CartGrid3D_ApplyBC: Apply symmetry boundary conditions
                ReflectionSymmetry::ReflectionSymmetry_Apply: Apply reflection symmetries
              Boundary::Boundary_ClearSelection: [level] Unselect all grid variables for boundary conditions
          GROUP ML_BSSN_ConstraintsInterior_bc_group: ML_BSSN_ConstraintsInterior
            ML_BSSN::ML_BSSN_ConstraintsInterior_SelectBCs: [level] ML_BSSN_ConstraintsInterior_SelectBCs
            GROUP ML_BSSN_ConstraintsInterior_ApplyBCs: Apply BCs for groups set in ML_BSSN_ConstraintsInterior
              GROUP BoundaryConditions: Execute all boundary conditions
                Boundary::Boundary_ApplyPhysicalBCs: Apply all requested local physical boundary conditions
                CartGrid3D::CartGrid3D_ApplyBC: Apply symmetry boundary conditions
                ReflectionSymmetry::ReflectionSymmetry_Apply: Apply reflection symmetries
              Boundary::Boundary_ClearSelection: [level] Unselect all grid variables for boundary conditions
        SpaceMask::MaskOne: Set mask to one
        GRHydro::GRHydro_SetupMask: Initialize the atmosphere mask
      [CCTK_BASEGRID]
        ADMBase::ADMBase_SetShiftStateOn: Set the shift_state variable to 1
        ADMBase::ADMBase_SetDtLapseStateOn: Set the dtlapse_state variable to 1
        ADMBase::ADMBase_SetDtShiftStateOn: Set the dtshift_state variable to 1
        ADMMacros::ADMMacros_SetLocalSpatialOrder: Initialize the local_spatial_order
        CartGrid3D::SpatialSpacings: Set up ranges for spatial 3D Cartesian coordinates (on all grids)
        CartGrid3D::SpatialCoordinates: Set up spatial 3D Cartesian coordinates on the GH
        SphericalSurface::SphericalSurface_SetupRes: [global] [loop-local] Set surface resolution automatically
        Dissipation::dissipation_basegrid: Ensure that there are enough ghost zones
        GRHydro::GRHydro_Reset_Execution_Flags: [global] Initially set execution flags to 'YEAH, Execute'!
        GRHydro::GRHydro_InitSymBound: Schedule symmetries and check shift state
        GRHydro::reset_GRHydro_C2P_failed: Initialise the mask function that contains the points where C2P has failed (at BASEGRID)
        ML_BSSN::ML_BSSN_CheckBoundaries: [meta] check boundaries treatment
        NaNChecker::NaNChecker_ResetCounter: [global] Reset the NaNChecker::NaNsFound counter
        SpaceMask::MaskZero: Initialise mask to zero
        SpaceMask::MaskOne: Set old style mask to one
        SphericalSurface::SphericalSurface_Setup: [global] Calculate surface coordinate descriptors
        GROUP MaskBase_SetupMask: Set up the weight function
          GROUP MaskBase_SetupMaskAll: Set up the weight function
            CarpetReduce::MaskBase_AllocateMask: [global] Allocate the weight function
            CarpetReduce::MaskBase_InitMask: [global] [loop-local] Initialise the weight function
            GROUP SetupIMaskInternal: Set up the integer weight function (schedule other routines in here)
              CarpetReduce::CoordBase_SetupMask: [global] [loop-local] Set up the outer boundaries of the weight function
              CarpetReduce::CarpetMaskSetup: [global] [loop-singlemap] Set up the weight function for the restriction regions
            GROUP SetupIMask: Set up the integer weight function (schedule other routines in here)
            CarpetReduce::MaskBase_SetMask: [global] [loop-local] Set the weight function
            GROUP SetupMask: Set up the real weight function (schedule other routines in here)
            CarpetReduce::MaskBase_TestMask: [global] Test the weight function
        SphericalSurface::SphericalSurface_Set: [global] Set surface radii to be used for initial setup in other thorns
        GROUP SphericalSurface_HasBeenSet: Set the spherical surfaces before this group, and use it afterwards
          SphericalSurface::SphericalSurface_CheckState: [global] Test the state of the spherical surfaces
        SymBase::SymBase_Check: Check whether the driver set up the grid consistently
        TerminationTrigger::TerminationTrigger_ResetTrigger: Clear trigger state
        TerminationTrigger::TerminationTrigger_StartTimer: Start timer
        TerminationTrigger::TerminationTrigger_CreateFile: Create termination file
        Time::Time_Initialise: [global] Initialise Time variables
        Time::TemporalSpacings: [singlemap] Set timestep based on Courant condition (courant_static)
      [CCTK_INITIAL]
        StaticConformal::StaticConformal_InitialiseState: Set the conformal_state variable to 0
        GROUP ADMBase_InitialData: Schedule group for calculating ADM initial data
        GRHydro::GRHydro_EOSHandle: [global] Set the EOS number
        CarpetIOASCII::CarpetIOASCIIInit: [global] Initialisation routine
        CarpetIOBasic::CarpetIOBasicInit: [global] Initialisation routine
        CarpetIOHDF5::CarpetIOHDF5_Init: [global] Initialisation routine
        CarpetIOScalar::CarpetIOScalarInit: [global] Initialisation routine
        GRHydro::GRHydro_Rho_Minima_Setup: Set up minimum for the rest-mass density in the atmosphere (before intial data)
        GRHydro::GRHydro_SetupMask: Initialize the atmosphere mask
        GRHydro::GRHydro_RefinementLevel: Calculate current refinement level
        GROUP ADMBase_InitialGauge: Schedule group for the ADM initial gauge condition
          ADMBase::ADMBase_DtLapseZero: Set the dtlapse to 0 at all points
          ADMBase::ADMBase_DtShiftZero: Set the dtshift to 0 at all points
        GROUP HydroBase_Initial: HydroBase initial data group
          GROUP GRHydro_Initial: GRHydro initial data group
          GROUP HydroBase_ExcisionMaskSetup: Set up hydro excision mask
            HydroBase::HydroBase_InitExcisionMask: Initialize hydro excision mask to 'no excision everywhere'
          GROUP TOV_Initial_Data: Group for the TOV initial data
            TOVSolver::TOV_C_Integrate_RHS: [global] Integrate the 1d equations for the TOV star
            TOVSolver::TOV_C_Exact: Set up the 3d quantities for the TOV star
        GROUP ADMBase_PostInitial: Schedule group for modifying the ADM initial data, such as e.g. adding noise
        GRHydro::GRHydro_SqrtSpatialDeterminant: Calculate sdetg
        GRHydro::GRHydro_InitialAtmosphereReset: Use mask to enforce atmosphere at initial time
        ML_BSSN::ML_BSSN_InitialADMBase1Everywhere: ML_BSSN_InitialADMBase1Everywhere
        ML_BSSN::ML_BSSN_InitialADMBase2Interior: ML_BSSN_InitialADMBase2Interior
        ML_BSSN::ML_BSSN_InitialADMBase2BoundaryScalar: ML_BSSN_InitialADMBase2BoundaryScalar
        ML_BSSN_Helper::ML_BSSN_ExtrapolateGammas: Extrapolate Gammas and time derivatives of lapse and shift
        MoL::MoL_StartLoop: [level] Initialise the step size control
        GROUP HydroBase_Prim2ConInitial: Recover the conservative variables from the primitive variables
          GRHydro::Primitive2ConservativeCells: Convert initial data given in primive variables to conserved variables
        GROUP SetTmunu: Calculate the stress-energy tensor
          TmunuBase::TmunuBase_ZeroTmunu: Initialise the stress-energy tensor to zero
          GROUP AddToTmunu: Add to the stress-energy tensor here
            GRHydro::GRHydro_Tmunu: Compute the energy-momentum tensor
      [CCTK_POSTINITIAL]
        CarpetIOHDF5::CarpetIOHDF5_CloseFiles: [global] Close all filereader input files
        GRHydro::GRHydro_Scalar_Setup: Set up and check scalars for efficiency
        GROUP MoL_PostStepModify: The group for physics thorns to schedule enforcing constraints
          ML_BSSN::ML_BSSN_EnforceEverywhere: ML_BSSN_EnforceEverywhere
        GROUP MoL_PostStep: Ensure that everything is correct after the initial data have been set up
          ML_BSSN::ML_BSSN_SelectBoundConds: [level] select boundary conditions
          GRHydro::GRHydro_RefinementLevel: Calculate current refinement level
          GRHydro::GRHydro_SetLastMoLPostStep: [level] Set grid scalar InLastMoLPostStep if this is the last MoL PostStep call
          GROUP ML_BSSN_ApplyBCs: Apply boundary conditions controlled by thorn Boundary
            GROUP BoundaryConditions: Execute all boundary conditions
              Boundary::Boundary_ApplyPhysicalBCs: Apply all requested local physical boundary conditions
              CartGrid3D::CartGrid3D_ApplyBC: Apply symmetry boundary conditions
              ReflectionSymmetry::ReflectionSymmetry_Apply: Apply reflection symmetries
            Boundary::Boundary_ClearSelection: [level] Unselect all grid variables for boundary conditions
          ML_BSSN::ML_BSSN_ADMBaseInterior: ML_BSSN_ADMBaseInterior
          ML_BSSN::ML_BSSN_ADMBaseBoundaryScalar: ML_BSSN_ADMBaseBoundaryScalar
          ML_BSSN::ML_BSSN_ADMBaseEverywhere: ML_BSSN_ADMBaseEverywhere
          ML_BSSN_Helper::ML_BSSN_ADMBase_SelectBCs: [level] Select boundary conditions for ADMBase variables
          GROUP ML_BSSN_ADMBase_ApplyBCs: Apply boundary conditions to ADMBase variables
            GROUP BoundaryConditions: Execute all boundary conditions
              Boundary::Boundary_ApplyPhysicalBCs: Apply all requested local physical boundary conditions
              CartGrid3D::CartGrid3D_ApplyBC: Apply symmetry boundary conditions
              ReflectionSymmetry::ReflectionSymmetry_Apply: Apply reflection symmetries
            Boundary::Boundary_ClearSelection: [level] Unselect all grid variables for boundary conditions
          GROUP ADMBase_SetADMVars: Set the ADM variables before this group, and use them afterwards
          GROUP HydroBase_PostStep: Post step tasks for hydro thorns
            GROUP GRHydro_PostStep: Post step tasks for GRHydro
            GROUP GRHydro_AtmosphereMaskBoundaries: Apply boundary conditions to primitives
              GRHydro::GRHydro_SelectAtmosphereMaskBoundaries: [level] Select atmosphere mask for boundary conditions
              GROUP GRHydro_ApplyAtmosphereMaskBCs: Apply boundary conditions to real-valued atmosphere mask
                GROUP BoundaryConditions: Execute all boundary conditions
                  Boundary::Boundary_ApplyPhysicalBCs: Apply all requested local physical boundary conditions
                  CartGrid3D::CartGrid3D_ApplyBC: Apply symmetry boundary conditions
                  ReflectionSymmetry::ReflectionSymmetry_Apply: Apply reflection symmetries
                Boundary::Boundary_ClearSelection: [level] Unselect all grid variables for boundary conditions
            GRHydro::GRHydroPostSyncAtmosphereMask: Set integer atmosphere mask from synchronized real atmosphere mask
            if (GRHydro::InLastMoLPostStep)
              GRHydro::GRHydro_AtmosphereReset: Reset the atmosphere
            GROUP HydroBase_Boundaries: HydroBase-internal Boundary conditions group
              GROUP Do_GRHydro_Boundaries: GRHydro Boundary conditions group
              GROUP HydroBase_Select_Boundaries: Group to schedule the boundary condition functions
                if (GRHydro::execute_MoL_PostStep)
                  GRHydro::GRHydro_Bound: [level] Select GRHydro boundary conditions
              GROUP HydroBase_ApplyBCs: Apply the boundary conditions of HydroBase
                GROUP BoundaryConditions: Execute all boundary conditions
                  Boundary::Boundary_ApplyPhysicalBCs: Apply all requested local physical boundary conditions
                  CartGrid3D::CartGrid3D_ApplyBC: Apply symmetry boundary conditions
                  ReflectionSymmetry::ReflectionSymmetry_Apply: Apply reflection symmetries
                Boundary::Boundary_ClearSelection: [level] Unselect all grid variables for boundary conditions
            GROUP HydroBase_Con2Prim: Convert from conservative to primitive variables
              if (GRHydro::execute_MoL_Step)
                GRHydro::GRHydro_SqrtSpatialDeterminant: Calculate sdetg
              if (GRHydro::execute_MoL_PostStep)
                GRHydro::Con2Prim: Convert back to primitive variables (general)
          GROUP SetTmunu: Group for calculating the stress-energy tensor
            TmunuBase::TmunuBase_ZeroTmunu: Initialise the stress-energy tensor to zero
            GROUP AddToTmunu: Add to the stress-energy tensor here
              GRHydro::GRHydro_Tmunu: Compute the energy-momentum tensor
        GROUP MoL_PseudoEvolution: Calculate pseudo-evolved quantities
          GROUP ADMBase_SetADMVars: Set the ADM variables before this group, and use them afterwards
          GROUP ML_BSSN_ConstraintsEverywhere_group: ML_BSSN_ConstraintsEverywhere
            ML_BSSN::ML_BSSN_ConstraintsEverywhere: ML_BSSN_ConstraintsEverywhere
            GROUP ML_BSSN_ConstraintsEverywhere_bc_group: ML_BSSN_ConstraintsEverywhere
              ML_BSSN::ML_BSSN_ConstraintsEverywhere_SelectBCs: [level] ML_BSSN_ConstraintsEverywhere_SelectBCs
              GROUP ML_BSSN_ConstraintsEverywhere_ApplyBCs: Apply BCs for groups set in ML_BSSN_ConstraintsEverywhere
                GROUP BoundaryConditions: Execute all boundary conditions
                  Boundary::Boundary_ApplyPhysicalBCs: Apply all requested local physical boundary conditions
                  CartGrid3D::CartGrid3D_ApplyBC: Apply symmetry boundary conditions
                  ReflectionSymmetry::ReflectionSymmetry_Apply: Apply reflection symmetries
                Boundary::Boundary_ClearSelection: [level] Unselect all grid variables for boundary conditions
          GROUP ML_BSSN_ConstraintsInterior_group: ML_BSSN_ConstraintsInterior
            ML_BSSN::ML_BSSN_ConstraintsInterior: ML_BSSN_ConstraintsInterior
            GROUP ML_BSSN_ConstraintsInterior_bc_group: ML_BSSN_ConstraintsInterior
              ML_BSSN::ML_BSSN_ConstraintsInterior_SelectBCs: [level] ML_BSSN_ConstraintsInterior_SelectBCs
              GROUP ML_BSSN_ConstraintsInterior_ApplyBCs: Apply BCs for groups set in ML_BSSN_ConstraintsInterior
                GROUP BoundaryConditions: Execute all boundary conditions
                  Boundary::Boundary_ApplyPhysicalBCs: Apply all requested local physical boundary conditions
                  CartGrid3D::CartGrid3D_ApplyBC: Apply symmetry boundary conditions
                  ReflectionSymmetry::ReflectionSymmetry_Apply: Apply reflection symmetries
                Boundary::Boundary_ClearSelection: [level] Unselect all grid variables for boundary conditions
      Initialise finer grids recursively
      Restrict from finer grids
      [CCTK_POSTRESTRICTINITIAL]
        GROUP MoL_PostStep: Ensure that everything is correct after restriction
          ML_BSSN::ML_BSSN_SelectBoundConds: [level] select boundary conditions
          GRHydro::GRHydro_RefinementLevel: Calculate current refinement level
          GRHydro::GRHydro_SetLastMoLPostStep: [level] Set grid scalar InLastMoLPostStep if this is the last MoL PostStep call
          GROUP ML_BSSN_ApplyBCs: Apply boundary conditions controlled by thorn Boundary
            GROUP BoundaryConditions: Execute all boundary conditions
              Boundary::Boundary_ApplyPhysicalBCs: Apply all requested local physical boundary conditions
              CartGrid3D::CartGrid3D_ApplyBC: Apply symmetry boundary conditions
              ReflectionSymmetry::ReflectionSymmetry_Apply: Apply reflection symmetries
            Boundary::Boundary_ClearSelection: [level] Unselect all grid variables for boundary conditions
          ML_BSSN::ML_BSSN_ADMBaseInterior: ML_BSSN_ADMBaseInterior
          ML_BSSN::ML_BSSN_ADMBaseBoundaryScalar: ML_BSSN_ADMBaseBoundaryScalar
          ML_BSSN::ML_BSSN_ADMBaseEverywhere: ML_BSSN_ADMBaseEverywhere
          ML_BSSN_Helper::ML_BSSN_ADMBase_SelectBCs: [level] Select boundary conditions for ADMBase variables
          GROUP ML_BSSN_ADMBase_ApplyBCs: Apply boundary conditions to ADMBase variables
            GROUP BoundaryConditions: Execute all boundary conditions
              Boundary::Boundary_ApplyPhysicalBCs: Apply all requested local physical boundary conditions
              CartGrid3D::CartGrid3D_ApplyBC: Apply symmetry boundary conditions
              ReflectionSymmetry::ReflectionSymmetry_Apply: Apply reflection symmetries
            Boundary::Boundary_ClearSelection: [level] Unselect all grid variables for boundary conditions
          GROUP ADMBase_SetADMVars: Set the ADM variables before this group, and use them afterwards
          GROUP HydroBase_PostStep: Post step tasks for hydro thorns
            GROUP GRHydro_PostStep: Post step tasks for GRHydro
            GROUP GRHydro_AtmosphereMaskBoundaries: Apply boundary conditions to primitives
              GRHydro::GRHydro_SelectAtmosphereMaskBoundaries: [level] Select atmosphere mask for boundary conditions
              GROUP GRHydro_ApplyAtmosphereMaskBCs: Apply boundary conditions to real-valued atmosphere mask
                GROUP BoundaryConditions: Execute all boundary conditions
                  Boundary::Boundary_ApplyPhysicalBCs: Apply all requested local physical boundary conditions
                  CartGrid3D::CartGrid3D_ApplyBC: Apply symmetry boundary conditions
                  ReflectionSymmetry::ReflectionSymmetry_Apply: Apply reflection symmetries
                Boundary::Boundary_ClearSelection: [level] Unselect all grid variables for boundary conditions
            GRHydro::GRHydroPostSyncAtmosphereMask: Set integer atmosphere mask from synchronized real atmosphere mask
            if (GRHydro::InLastMoLPostStep)
              GRHydro::GRHydro_AtmosphereReset: Reset the atmosphere
            GROUP HydroBase_Boundaries: HydroBase-internal Boundary conditions group
              GROUP Do_GRHydro_Boundaries: GRHydro Boundary conditions group
              GROUP HydroBase_Select_Boundaries: Group to schedule the boundary condition functions
                if (GRHydro::execute_MoL_PostStep)
                  GRHydro::GRHydro_Bound: [level] Select GRHydro boundary conditions
              GROUP HydroBase_ApplyBCs: Apply the boundary conditions of HydroBase
                GROUP BoundaryConditions: Execute all boundary conditions
                  Boundary::Boundary_ApplyPhysicalBCs: Apply all requested local physical boundary conditions
                  CartGrid3D::CartGrid3D_ApplyBC: Apply symmetry boundary conditions
                  ReflectionSymmetry::ReflectionSymmetry_Apply: Apply reflection symmetries
                Boundary::Boundary_ClearSelection: [level] Unselect all grid variables for boundary conditions
            GROUP HydroBase_Con2Prim: Convert from conservative to primitive variables
              if (GRHydro::execute_MoL_Step)
                GRHydro::GRHydro_SqrtSpatialDeterminant: Calculate sdetg
              if (GRHydro::execute_MoL_PostStep)
                GRHydro::Con2Prim: Convert back to primitive variables (general)
          GROUP SetTmunu: Group for calculating the stress-energy tensor
            TmunuBase::TmunuBase_ZeroTmunu: Initialise the stress-energy tensor to zero
            GROUP AddToTmunu: Add to the stress-energy tensor here
              GRHydro::GRHydro_Tmunu: Compute the energy-momentum tensor
        GROUP MoL_PseudoEvolutionBoundaries: Apply boundary conditions to pseudo-evolved quantities
          GROUP ML_BSSN_ConstraintsEverywhere_bc_group: ML_BSSN_ConstraintsEverywhere
            ML_BSSN::ML_BSSN_ConstraintsEverywhere_SelectBCs: [level] ML_BSSN_ConstraintsEverywhere_SelectBCs
            GROUP ML_BSSN_ConstraintsEverywhere_ApplyBCs: Apply BCs for groups set in ML_BSSN_ConstraintsEverywhere
              GROUP BoundaryConditions: Execute all boundary conditions
                Boundary::Boundary_ApplyPhysicalBCs: Apply all requested local physical boundary conditions
                CartGrid3D::CartGrid3D_ApplyBC: Apply symmetry boundary conditions
                ReflectionSymmetry::ReflectionSymmetry_Apply: Apply reflection symmetries
              Boundary::Boundary_ClearSelection: [level] Unselect all grid variables for boundary conditions
          GROUP ML_BSSN_ConstraintsInterior_bc_group: ML_BSSN_ConstraintsInterior
            ML_BSSN::ML_BSSN_ConstraintsInterior_SelectBCs: [level] ML_BSSN_ConstraintsInterior_SelectBCs
            GROUP ML_BSSN_ConstraintsInterior_ApplyBCs: Apply BCs for groups set in ML_BSSN_ConstraintsInterior
              GROUP BoundaryConditions: Execute all boundary conditions
                Boundary::Boundary_ApplyPhysicalBCs: Apply all requested local physical boundary conditions
                CartGrid3D::CartGrid3D_ApplyBC: Apply symmetry boundary conditions
                ReflectionSymmetry::ReflectionSymmetry_Apply: Apply reflection symmetries
              Boundary::Boundary_ClearSelection: [level] Unselect all grid variables for boundary conditions
      [CCTK_POSTPOSTINITIAL]
        GRHydro::GRHydro_Rho_Minima_Setup_Final: Set the value of the rest-mass density of the atmosphere which will be used during the evolution
        GRHydro::GRHydro_InitialAtmosphereReset: Use mask to enforce atmosphere at initial time
        GROUP Con2Prim: Convert from conservative to primitive variables (might be redundant)
          if (GRHydro::execute_MoL_Step)
            GRHydro::GRHydro_SqrtSpatialDeterminant: Calculate sdetg
          if (GRHydro::execute_MoL_PostStep)
            GRHydro::Con2Prim: Convert back to primitive variables (general)
        GROUP SetTmunu: Calculate the stress-energy tensor
          TmunuBase::TmunuBase_ZeroTmunu: Initialise the stress-energy tensor to zero
          GROUP AddToTmunu: Add to the stress-energy tensor here
            GRHydro::GRHydro_Tmunu: Compute the energy-momentum tensor
        GROUP ADMConstraintsGroup: Evaluate ADM constraints, and perform symmetry boundary conditions
        TOVSolver::TOV_C_FreeMemory: [global] Free memory from TOVSolver_C
      [CCTK_POSTSTEP]
        SphericalSurface::SphericalSurface_Set: [global] Set surface radii
        GRHydro::GRHydro_RefinementLevel: Calculate current refinement level (for the check of the C2P mask)
        GRHydro::check_GRHydro_C2P_failed: Check the mask function that contains the points where C2P has failed and report an error in case a failure is found
        GROUP HydroBase_ExcisionHasBeenSet: Group to schedule thorns changing the mask before and thorns using the mask after
        GROUP zzz_NaNChecker_NaNCheck: Check for NaNs and count them in NaNChecker::NaNsFound
          NaNChecker::NaNChecker_NaNCheck_Prepare: [level] Prepare data structures to check for NaNs
          NaNChecker::NaNChecker_NaNCheck_Check: [local] Check for NaNs
          NaNChecker::NaNChecker_NaNCheck_Finish: [level] Count NaNs in NaNChecker::NaNsFound
        NaNChecker::NaNChecker_TakeAction: [global] [loop-level] Output NaNChecker::NaNmask and take action according to NaNChecker::action_if_found
        SpaceMask::CheckMask: Ensure that all mask values are legal
        GROUP SphericalSurface_HasBeenSet: Set the spherical surfaces before this group, and use it afterwards
          SphericalSurface::SphericalSurface_CheckState: [global] Test the state of the spherical surfaces
        Dissipation::setup_epsdis: Setup spatially varying dissipation
    endif
    if (recover initial data)
      [CCTK_BASEGRID]
        ADMBase::ADMBase_SetShiftStateOn: Set the shift_state variable to 1
        ADMBase::ADMBase_SetDtLapseStateOn: Set the dtlapse_state variable to 1
        ADMBase::ADMBase_SetDtShiftStateOn: Set the dtshift_state variable to 1
        ADMMacros::ADMMacros_SetLocalSpatialOrder: Initialize the local_spatial_order
        CartGrid3D::SpatialSpacings: Set up ranges for spatial 3D Cartesian coordinates (on all grids)
        CartGrid3D::SpatialCoordinates: Set up spatial 3D Cartesian coordinates on the GH
        SphericalSurface::SphericalSurface_SetupRes: [global] [loop-local] Set surface resolution automatically
        Dissipation::dissipation_basegrid: Ensure that there are enough ghost zones
        GRHydro::GRHydro_Reset_Execution_Flags: [global] Initially set execution flags to 'YEAH, Execute'!
        GRHydro::GRHydro_InitSymBound: Schedule symmetries and check shift state
        GRHydro::reset_GRHydro_C2P_failed: Initialise the mask function that contains the points where C2P has failed (at BASEGRID)
        ML_BSSN::ML_BSSN_CheckBoundaries: [meta] check boundaries treatment
        NaNChecker::NaNChecker_ResetCounter: [global] Reset the NaNChecker::NaNsFound counter
        SpaceMask::MaskZero: Initialise mask to zero
        SpaceMask::MaskOne: Set old style mask to one
        SphericalSurface::SphericalSurface_Setup: [global] Calculate surface coordinate descriptors
        GROUP MaskBase_SetupMask: Set up the weight function
          GROUP MaskBase_SetupMaskAll: Set up the weight function
            CarpetReduce::MaskBase_AllocateMask: [global] Allocate the weight function
            CarpetReduce::MaskBase_InitMask: [global] [loop-local] Initialise the weight function
            GROUP SetupIMaskInternal: Set up the integer weight function (schedule other routines in here)
              CarpetReduce::CoordBase_SetupMask: [global] [loop-local] Set up the outer boundaries of the weight function
              CarpetReduce::CarpetMaskSetup: [global] [loop-singlemap] Set up the weight function for the restriction regions
            GROUP SetupIMask: Set up the integer weight function (schedule other routines in here)
            CarpetReduce::MaskBase_SetMask: [global] [loop-local] Set the weight function
            GROUP SetupMask: Set up the real weight function (schedule other routines in here)
            CarpetReduce::MaskBase_TestMask: [global] Test the weight function
        SphericalSurface::SphericalSurface_Set: [global] Set surface radii to be used for initial setup in other thorns
        GROUP SphericalSurface_HasBeenSet: Set the spherical surfaces before this group, and use it afterwards
          SphericalSurface::SphericalSurface_CheckState: [global] Test the state of the spherical surfaces
        SymBase::SymBase_Check: Check whether the driver set up the grid consistently
        TerminationTrigger::TerminationTrigger_ResetTrigger: Clear trigger state
        TerminationTrigger::TerminationTrigger_StartTimer: Start timer
        TerminationTrigger::TerminationTrigger_CreateFile: Create termination file
        Time::Time_Initialise: [global] Initialise Time variables
        Time::TemporalSpacings: [singlemap] Set timestep based on Courant condition (courant_static)
      [CCTK_RECOVER_VARIABLES]
        IOUtil::IOUtil_RecoverGH: [level] Checkpoint recovery routine
      [CCTK_POST_RECOVER_VARIABLES]
        CarpetIOHDF5::CarpetIOHDF5_InitCheckpointingIntervals: [global] Initialisation of checkpointing intervals after recovery
        CarpetIOHDF5::CarpetIOHDF5_CloseFiles: [meta] Close all initial data checkpoint files after recovery
        GROUP MaskBase_SetupMask: Set up the weight function
          GROUP MaskBase_SetupMaskAll: Set up the weight function
            CarpetReduce::MaskBase_AllocateMask: [global] Allocate the weight function
            CarpetReduce::MaskBase_InitMask: [global] [loop-local] Initialise the weight function
            GROUP SetupIMaskInternal: Set up the integer weight function (schedule other routines in here)
              CarpetReduce::CoordBase_SetupMask: [global] [loop-local] Set up the outer boundaries of the weight function
              CarpetReduce::CarpetMaskSetup: [global] [loop-singlemap] Set up the weight function for the restriction regions
            GROUP SetupIMask: Set up the integer weight function (schedule other routines in here)
            CarpetReduce::MaskBase_SetMask: [global] [loop-local] Set the weight function
            GROUP SetupMask: Set up the real weight function (schedule other routines in here)
            CarpetReduce::MaskBase_TestMask: [global] Test the weight function
        GRHydro::GRHydro_EOSHandle: [global] Set the EOS number
        GRHydro::GRHydroCopyIntegerMask: Initialize the real valued atmosphere mask after checkpoint recovery
        GRHydro::GRHydro_SqrtSpatialDeterminant: Calculate sdetg
        GROUP HydroBase_ExcisionMaskSetup: Set up hydro excision mask
          HydroBase::HydroBase_InitExcisionMask: Initialize hydro excision mask to 'no excision everywhere'
        GROUP MoL_PostStep: Ensure that everything is correct after recovery
          ML_BSSN::ML_BSSN_SelectBoundConds: [level] select boundary conditions
          GRHydro::GRHydro_RefinementLevel: Calculate current refinement level
          GRHydro::GRHydro_SetLastMoLPostStep: [level] Set grid scalar InLastMoLPostStep if this is the last MoL PostStep call
          GROUP ML_BSSN_ApplyBCs: Apply boundary conditions controlled by thorn Boundary
            GROUP BoundaryConditions: Execute all boundary conditions
              Boundary::Boundary_ApplyPhysicalBCs: Apply all requested local physical boundary conditions
              CartGrid3D::CartGrid3D_ApplyBC: Apply symmetry boundary conditions
              ReflectionSymmetry::ReflectionSymmetry_Apply: Apply reflection symmetries
            Boundary::Boundary_ClearSelection: [level] Unselect all grid variables for boundary conditions
          ML_BSSN::ML_BSSN_ADMBaseInterior: ML_BSSN_ADMBaseInterior
          ML_BSSN::ML_BSSN_ADMBaseBoundaryScalar: ML_BSSN_ADMBaseBoundaryScalar
          ML_BSSN::ML_BSSN_ADMBaseEverywhere: ML_BSSN_ADMBaseEverywhere
          ML_BSSN_Helper::ML_BSSN_ADMBase_SelectBCs: [level] Select boundary conditions for ADMBase variables
          GROUP ML_BSSN_ADMBase_ApplyBCs: Apply boundary conditions to ADMBase variables
            GROUP BoundaryConditions: Execute all boundary conditions
              Boundary::Boundary_ApplyPhysicalBCs: Apply all requested local physical boundary conditions
              CartGrid3D::CartGrid3D_ApplyBC: Apply symmetry boundary conditions
              ReflectionSymmetry::ReflectionSymmetry_Apply: Apply reflection symmetries
            Boundary::Boundary_ClearSelection: [level] Unselect all grid variables for boundary conditions
          GROUP ADMBase_SetADMVars: Set the ADM variables before this group, and use them afterwards
          GROUP HydroBase_PostStep: Post step tasks for hydro thorns
            GROUP GRHydro_PostStep: Post step tasks for GRHydro
            GROUP GRHydro_AtmosphereMaskBoundaries: Apply boundary conditions to primitives
              GRHydro::GRHydro_SelectAtmosphereMaskBoundaries: [level] Select atmosphere mask for boundary conditions
              GROUP GRHydro_ApplyAtmosphereMaskBCs: Apply boundary conditions to real-valued atmosphere mask
                GROUP BoundaryConditions: Execute all boundary conditions
                  Boundary::Boundary_ApplyPhysicalBCs: Apply all requested local physical boundary conditions
                  CartGrid3D::CartGrid3D_ApplyBC: Apply symmetry boundary conditions
                  ReflectionSymmetry::ReflectionSymmetry_Apply: Apply reflection symmetries
                Boundary::Boundary_ClearSelection: [level] Unselect all grid variables for boundary conditions
            GRHydro::GRHydroPostSyncAtmosphereMask: Set integer atmosphere mask from synchronized real atmosphere mask
            if (GRHydro::InLastMoLPostStep)
              GRHydro::GRHydro_AtmosphereReset: Reset the atmosphere
            GROUP HydroBase_Boundaries: HydroBase-internal Boundary conditions group
              GROUP Do_GRHydro_Boundaries: GRHydro Boundary conditions group
              GROUP HydroBase_Select_Boundaries: Group to schedule the boundary condition functions
                if (GRHydro::execute_MoL_PostStep)
                  GRHydro::GRHydro_Bound: [level] Select GRHydro boundary conditions
              GROUP HydroBase_ApplyBCs: Apply the boundary conditions of HydroBase
                GROUP BoundaryConditions: Execute all boundary conditions
                  Boundary::Boundary_ApplyPhysicalBCs: Apply all requested local physical boundary conditions
                  CartGrid3D::CartGrid3D_ApplyBC: Apply symmetry boundary conditions
                  ReflectionSymmetry::ReflectionSymmetry_Apply: Apply reflection symmetries
                Boundary::Boundary_ClearSelection: [level] Unselect all grid variables for boundary conditions
            GROUP HydroBase_Con2Prim: Convert from conservative to primitive variables
              if (GRHydro::execute_MoL_Step)
                GRHydro::GRHydro_SqrtSpatialDeterminant: Calculate sdetg
              if (GRHydro::execute_MoL_PostStep)
                GRHydro::Con2Prim: Convert back to primitive variables (general)
          GROUP SetTmunu: Group for calculating the stress-energy tensor
            TmunuBase::TmunuBase_ZeroTmunu: Initialise the stress-energy tensor to zero
            GROUP AddToTmunu: Add to the stress-energy tensor here
              GRHydro::GRHydro_Tmunu: Compute the energy-momentum tensor
        GROUP zzz_NaNChecker_NaNCheck: Check for NaNs and count them in NaNChecker::NaNsFound
          NaNChecker::NaNChecker_NaNCheck_Prepare: [level] Prepare data structures to check for NaNs
          NaNChecker::NaNChecker_NaNCheck_Check: [local] Check for NaNs
          NaNChecker::NaNChecker_NaNCheck_Finish: [level] Count NaNs in NaNChecker::NaNsFound
        NaNChecker::NaNChecker_TakeAction: [global] [loop-level] Output NaNChecker::NaNmask and take action according to NaNChecker::action_if_found
        TerminationTrigger::TerminationTrigger_ResetMinutes: [global] Reset Watchtime
    endif
    if (checkpoint initial data)
      [CCTK_CPINITIAL]
        CarpetIOHDF5::CarpetIOHDF5_InitialDataCheckpoint: [meta] Initial data checkpoint routine
    endif
    if (analysis)
      [CCTK_ANALYSIS]
        CarpetLib::CarpetLib_printtimestats: [global] Print timing statistics if desired
        CarpetLib::CarpetLib_printmemstats: [global] Print memory statistics if desired
        Formaline::Formaline_AnnounceUpdate: [global] Put some meta information about the current run into permanent storage
        LoopControl::lc_statistics_analysis: [meta] Output LoopControl statistics
        GROUP ML_BSSN_EvolutionAnalysis: Calculate RHS at analysis
          ML_BSSN::ML_BSSN_EvolutionAnalysisInit: ML_BSSN_EvolutionAnalysisInit
          ML_BSSN::ML_BSSN_EvolutionAnalysisInterior: ML_BSSN_EvolutionAnalysisInterior
          ML_BSSN_Helper::ML_BSSN_NewRad: Apply NewRad boundary conditions to RHS
        TerminationTrigger::TerminationTrigger_CheckWalltime: Check elapsed job walltime
        TerminationTrigger::TerminationTrigger_CheckSignal: Check if we received a termination signal
        TerminationTrigger::TerminationTrigger_CheckFile: Check termination file
  endif
  Output grid variables

  do loop over timesteps
    [CCTK_PREREGRID]
    Change grid hierarchy
    [CCTK_POSTREGRID]
      CartGrid3D::SpatialCoordinates: Set Coordinates after regridding
      GROUP MaskBase_SetupMask: Set up the weight function
        GROUP MaskBase_SetupMaskAll: Set up the weight function
          CarpetReduce::MaskBase_AllocateMask: [global] Allocate the weight function
          CarpetReduce::MaskBase_InitMask: [global] [loop-local] Initialise the weight function
          GROUP SetupIMaskInternal: Set up the integer weight function (schedule other routines in here)
            CarpetReduce::CoordBase_SetupMask: [global] [loop-local] Set up the outer boundaries of the weight function
            CarpetReduce::CarpetMaskSetup: [global] [loop-singlemap] Set up the weight function for the restriction regions
          GROUP SetupIMask: Set up the integer weight function (schedule other routines in here)
          CarpetReduce::MaskBase_SetMask: [global] [loop-local] Set the weight function
          GROUP SetupMask: Set up the real weight function (schedule other routines in here)
          CarpetReduce::MaskBase_TestMask: [global] Test the weight function
      Dissipation::setup_epsdis: Setup spatially varying dissipation
      SpaceMask::MaskZero: Initialise mask to zero
      GROUP HydroBase_ExcisionMaskSetup: Set up hydro excision mask
        HydroBase::HydroBase_InitExcisionMask: Initialize hydro excision mask to 'no excision everywhere'
      SpaceMask::MaskOne: Set mask to one
      GRHydro::GRHydro_SetupMask: Initialize the atmosphere mask
      GROUP MoL_PostStep: Ensure that everything is correct after regridding
        ML_BSSN::ML_BSSN_SelectBoundConds: [level] select boundary conditions
        GRHydro::GRHydro_RefinementLevel: Calculate current refinement level
        GRHydro::GRHydro_SetLastMoLPostStep: [level] Set grid scalar InLastMoLPostStep if this is the last MoL PostStep call
        GROUP ML_BSSN_ApplyBCs: Apply boundary conditions controlled by thorn Boundary
          GROUP BoundaryConditions: Execute all boundary conditions
            Boundary::Boundary_ApplyPhysicalBCs: Apply all requested local physical boundary conditions
            CartGrid3D::CartGrid3D_ApplyBC: Apply symmetry boundary conditions
            ReflectionSymmetry::ReflectionSymmetry_Apply: Apply reflection symmetries
          Boundary::Boundary_ClearSelection: [level] Unselect all grid variables for boundary conditions
        ML_BSSN::ML_BSSN_ADMBaseInterior: ML_BSSN_ADMBaseInterior
        ML_BSSN::ML_BSSN_ADMBaseBoundaryScalar: ML_BSSN_ADMBaseBoundaryScalar
        ML_BSSN::ML_BSSN_ADMBaseEverywhere: ML_BSSN_ADMBaseEverywhere
        ML_BSSN_Helper::ML_BSSN_ADMBase_SelectBCs: [level] Select boundary conditions for ADMBase variables
        GROUP ML_BSSN_ADMBase_ApplyBCs: Apply boundary conditions to ADMBase variables
          GROUP BoundaryConditions: Execute all boundary conditions
            Boundary::Boundary_ApplyPhysicalBCs: Apply all requested local physical boundary conditions
            CartGrid3D::CartGrid3D_ApplyBC: Apply symmetry boundary conditions
            ReflectionSymmetry::ReflectionSymmetry_Apply: Apply reflection symmetries
          Boundary::Boundary_ClearSelection: [level] Unselect all grid variables for boundary conditions
        GROUP ADMBase_SetADMVars: Set the ADM variables before this group, and use them afterwards
        GROUP HydroBase_PostStep: Post step tasks for hydro thorns
          GROUP GRHydro_PostStep: Post step tasks for GRHydro
          GROUP GRHydro_AtmosphereMaskBoundaries: Apply boundary conditions to primitives
            GRHydro::GRHydro_SelectAtmosphereMaskBoundaries: [level] Select atmosphere mask for boundary conditions
            GROUP GRHydro_ApplyAtmosphereMaskBCs: Apply boundary conditions to real-valued atmosphere mask
              GROUP BoundaryConditions: Execute all boundary conditions
                Boundary::Boundary_ApplyPhysicalBCs: Apply all requested local physical boundary conditions
                CartGrid3D::CartGrid3D_ApplyBC: Apply symmetry boundary conditions
                ReflectionSymmetry::ReflectionSymmetry_Apply: Apply reflection symmetries
              Boundary::Boundary_ClearSelection: [level] Unselect all grid variables for boundary conditions
          GRHydro::GRHydroPostSyncAtmosphereMask: Set integer atmosphere mask from synchronized real atmosphere mask
          if (GRHydro::InLastMoLPostStep)
            GRHydro::GRHydro_AtmosphereReset: Reset the atmosphere
          GROUP HydroBase_Boundaries: HydroBase-internal Boundary conditions group
            GROUP Do_GRHydro_Boundaries: GRHydro Boundary conditions group
            GROUP HydroBase_Select_Boundaries: Group to schedule the boundary condition functions
              if (GRHydro::execute_MoL_PostStep)
                GRHydro::GRHydro_Bound: [level] Select GRHydro boundary conditions
            GROUP HydroBase_ApplyBCs: Apply the boundary conditions of HydroBase
              GROUP BoundaryConditions: Execute all boundary conditions
                Boundary::Boundary_ApplyPhysicalBCs: Apply all requested local physical boundary conditions
                CartGrid3D::CartGrid3D_ApplyBC: Apply symmetry boundary conditions
                ReflectionSymmetry::ReflectionSymmetry_Apply: Apply reflection symmetries
              Boundary::Boundary_ClearSelection: [level] Unselect all grid variables for boundary conditions
          GROUP HydroBase_Con2Prim: Convert from conservative to primitive variables
            if (GRHydro::execute_MoL_Step)
              GRHydro::GRHydro_SqrtSpatialDeterminant: Calculate sdetg
            if (GRHydro::execute_MoL_PostStep)
              GRHydro::Con2Prim: Convert back to primitive variables (general)
        GROUP SetTmunu: Group for calculating the stress-energy tensor
          TmunuBase::TmunuBase_ZeroTmunu: Initialise the stress-energy tensor to zero
          GROUP AddToTmunu: Add to the stress-energy tensor here
            GRHydro::GRHydro_Tmunu: Compute the energy-momentum tensor
      GROUP MoL_PseudoEvolutionBoundaries: Apply boundary conditions to pseudo-evolved quantities
        GROUP ML_BSSN_ConstraintsEverywhere_bc_group: ML_BSSN_ConstraintsEverywhere
          ML_BSSN::ML_BSSN_ConstraintsEverywhere_SelectBCs: [level] ML_BSSN_ConstraintsEverywhere_SelectBCs
          GROUP ML_BSSN_ConstraintsEverywhere_ApplyBCs: Apply BCs for groups set in ML_BSSN_ConstraintsEverywhere
            GROUP BoundaryConditions: Execute all boundary conditions
              Boundary::Boundary_ApplyPhysicalBCs: Apply all requested local physical boundary conditions
              CartGrid3D::CartGrid3D_ApplyBC: Apply symmetry boundary conditions
              ReflectionSymmetry::ReflectionSymmetry_Apply: Apply reflection symmetries
            Boundary::Boundary_ClearSelection: [level] Unselect all grid variables for boundary conditions
        GROUP ML_BSSN_ConstraintsInterior_bc_group: ML_BSSN_ConstraintsInterior
          ML_BSSN::ML_BSSN_ConstraintsInterior_SelectBCs: [level] ML_BSSN_ConstraintsInterior_SelectBCs
          GROUP ML_BSSN_ConstraintsInterior_ApplyBCs: Apply BCs for groups set in ML_BSSN_ConstraintsInterior
            GROUP BoundaryConditions: Execute all boundary conditions
              Boundary::Boundary_ApplyPhysicalBCs: Apply all requested local physical boundary conditions
              CartGrid3D::CartGrid3D_ApplyBC: Apply symmetry boundary conditions
              ReflectionSymmetry::ReflectionSymmetry_Apply: Apply reflection symmetries
            Boundary::Boundary_ClearSelection: [level] Unselect all grid variables for boundary conditions
    Rotate timelevels
    iteration = iteration+1
    t = t+dt
    [CCTK_PRESTEP]
      CoordGauge::Einstein_SetNextSlicing: Identify the slicing for the next iteration
      GRHydro::reset_GRHydro_C2P_failed: Reset the mask function that contains the points where C2P has failed (at PRESTEP)
      LoopControl::lc_steer: [meta] Update LoopControl algorithm preferences
      NaNChecker::NaNChecker_ResetCounter: [global] Reset the NaNChecker::NaNsFound counter
    [CCTK_EVOL]
      MoL::MoL_StartLoop: [level] Initialise the step size control
      while (MoL::MoL_Stepsize_Bad)
        GROUP MoL_Evolution: A single Cactus evolution step using MoL
          GROUP MoL_StartStep: MoL internal setup for the evolution step
            MoL::MoL_SetCounter: [level] Set the counter for the ODE method to loop over
            MoL::MoL_SetTime: [level] Ensure the correct time and timestep are used
            MoL::MoL_AllocateScratchSpace: [level] Allocate storage for scratch levels
          GROUP MoL_PreStep: Physics thorns can schedule preloop setup routines in here
            GRHydro::GRHydro_Scalar_Setup: Set up and check scalars for efficiency
          MoL::MoL_AllocateScratch: Allocate sufficient space for array scratch variables
          MoL::MoL_InitialCopy: Ensure the data is in the correct timelevel
          while (MoL::MoL_Intermediate_Step)
            GROUP MoL_Step: The loop over the intermediate steps for the ODE integrator
              MoL::MoL_InitRHS: Initialise the RHS functions
              GROUP MoL_CalcRHS: Physics thorns schedule the calculation of the discrete spatial operator in here
                GROUP HydroBase_RHS: Groups for scheduling tasks for calculating RHS of hydro variables
                  if (GRHydro::execute_MoL_Step)
                    GROUP GRHydroRHS: Calculate the update terms
                      GRHydro::SourceTerms: Source term calculation
                      GRHydro::GRHydroStartLoop: [level] Set the flux_direction variable
                      while (GRHydro::flux_direction)
                        GROUP FluxTerms: Calculation of intercell fluxes
                          GRHydro::GRHydro_RefinementLevel: Calculate current refinement level
                          GRHydro::Reconstruct: Reconstruct the functions at the cell boundaries
                          GRHydro::Riemann: Solve the local Riemann problems
                          GRHydro::UpdateCalcul: Calculate the update term from the fluxes
                          GRHydro::GRHydroAdvanceLoop: [level] Decrement the flux_direction variable
                      end while
                      GRHydro::GRHydroUpdateAtmosphereMask: Alter the update terms if inside the atmosphere region
                ML_BSSN::ML_BSSN_EvolutionBoundaryScalar: ML_BSSN_EvolutionBoundaryScalar
                GROUP ML_BSSN_EvolutionInteriorSplitBy: 
                  ML_BSSN::ML_BSSN_EvolutionInteriorSplitBy1: ML_BSSN_EvolutionInteriorSplitBy1
                  ML_BSSN::ML_BSSN_EvolutionInteriorSplitBy2: ML_BSSN_EvolutionInteriorSplitBy2
                  ML_BSSN::ML_BSSN_EvolutionInteriorSplitBy3: ML_BSSN_EvolutionInteriorSplitBy3
                ML_BSSN_Helper::ML_BSSN_NewRad: Apply NewRad boundary conditions to RHS
              GROUP MoL_PostRHS: Modify RHS functions
                Dissipation::dissipation_add: Add Kreiss-Oliger dissipation to the right hand sides
              GROUP MoL_RHSBoundaries: Any 'final' modifications to the RHS functions (boundaries etc.)
              MoL::MoL_Add: Updates calculated with the efficient Runge-Kutta 4 method
              MoL::MoL_DecrementCounter: [level] Alter the counter number
              MoL::MoL_ResetTime: [level] If necessary, change the time
              GROUP MoL_PostStepModify: The group for physics thorns to schedule enforcing constraints
                ML_BSSN::ML_BSSN_EnforceEverywhere: ML_BSSN_EnforceEverywhere
              GROUP MoL_PostStep: The group for physics thorns to schedule boundary calls etc.
                ML_BSSN::ML_BSSN_SelectBoundConds: [level] select boundary conditions
                GRHydro::GRHydro_RefinementLevel: Calculate current refinement level
                GRHydro::GRHydro_SetLastMoLPostStep: [level] Set grid scalar InLastMoLPostStep if this is the last MoL PostStep call
                GROUP ML_BSSN_ApplyBCs: Apply boundary conditions controlled by thorn Boundary
                  GROUP BoundaryConditions: Execute all boundary conditions
                    Boundary::Boundary_ApplyPhysicalBCs: Apply all requested local physical boundary conditions
                    CartGrid3D::CartGrid3D_ApplyBC: Apply symmetry boundary conditions
                    ReflectionSymmetry::ReflectionSymmetry_Apply: Apply reflection symmetries
                  Boundary::Boundary_ClearSelection: [level] Unselect all grid variables for boundary conditions
                ML_BSSN::ML_BSSN_ADMBaseInterior: ML_BSSN_ADMBaseInterior
                ML_BSSN::ML_BSSN_ADMBaseBoundaryScalar: ML_BSSN_ADMBaseBoundaryScalar
                ML_BSSN::ML_BSSN_ADMBaseEverywhere: ML_BSSN_ADMBaseEverywhere
                ML_BSSN_Helper::ML_BSSN_ADMBase_SelectBCs: [level] Select boundary conditions for ADMBase variables
                GROUP ML_BSSN_ADMBase_ApplyBCs: Apply boundary conditions to ADMBase variables
                  GROUP BoundaryConditions: Execute all boundary conditions
                    Boundary::Boundary_ApplyPhysicalBCs: Apply all requested local physical boundary conditions
                    CartGrid3D::CartGrid3D_ApplyBC: Apply symmetry boundary conditions
                    ReflectionSymmetry::ReflectionSymmetry_Apply: Apply reflection symmetries
                  Boundary::Boundary_ClearSelection: [level] Unselect all grid variables for boundary conditions
                GROUP ADMBase_SetADMVars: Set the ADM variables before this group, and use them afterwards
                GROUP HydroBase_PostStep: Post step tasks for hydro thorns
                  GROUP GRHydro_PostStep: Post step tasks for GRHydro
                  GROUP GRHydro_AtmosphereMaskBoundaries: Apply boundary conditions to primitives
                    GRHydro::GRHydro_SelectAtmosphereMaskBoundaries: [level] Select atmosphere mask for boundary conditions
                    GROUP GRHydro_ApplyAtmosphereMaskBCs: Apply boundary conditions to real-valued atmosphere mask
                      GROUP BoundaryConditions: Execute all boundary conditions
                        Boundary::Boundary_ApplyPhysicalBCs: Apply all requested local physical boundary conditions
                        CartGrid3D::CartGrid3D_ApplyBC: Apply symmetry boundary conditions
                        ReflectionSymmetry::ReflectionSymmetry_Apply: Apply reflection symmetries
                      Boundary::Boundary_ClearSelection: [level] Unselect all grid variables for boundary conditions
                  GRHydro::GRHydroPostSyncAtmosphereMask: Set integer atmosphere mask from synchronized real atmosphere mask
                  if (GRHydro::InLastMoLPostStep)
                    GRHydro::GRHydro_AtmosphereReset: Reset the atmosphere
                  GROUP HydroBase_Boundaries: HydroBase-internal Boundary conditions group
                    GROUP Do_GRHydro_Boundaries: GRHydro Boundary conditions group
                    GROUP HydroBase_Select_Boundaries: Group to schedule the boundary condition functions
                      if (GRHydro::execute_MoL_PostStep)
                        GRHydro::GRHydro_Bound: [level] Select GRHydro boundary conditions
                    GROUP HydroBase_ApplyBCs: Apply the boundary conditions of HydroBase
                      GROUP BoundaryConditions: Execute all boundary conditions
                        Boundary::Boundary_ApplyPhysicalBCs: Apply all requested local physical boundary conditions
                        CartGrid3D::CartGrid3D_ApplyBC: Apply symmetry boundary conditions
                        ReflectionSymmetry::ReflectionSymmetry_Apply: Apply reflection symmetries
                      Boundary::Boundary_ClearSelection: [level] Unselect all grid variables for boundary conditions
                  GROUP HydroBase_Con2Prim: Convert from conservative to primitive variables
                    if (GRHydro::execute_MoL_Step)
                      GRHydro::GRHydro_SqrtSpatialDeterminant: Calculate sdetg
                    if (GRHydro::execute_MoL_PostStep)
                      GRHydro::Con2Prim: Convert back to primitive variables (general)
                GROUP SetTmunu: Group for calculating the stress-energy tensor
                  TmunuBase::TmunuBase_ZeroTmunu: Initialise the stress-energy tensor to zero
                  GROUP AddToTmunu: Add to the stress-energy tensor here
                    GRHydro::GRHydro_Tmunu: Compute the energy-momentum tensor
              GRHydro::GRHydro_ClearLastMoLPostStep: [level] Reset InLastMoLPostStep to zero
              MoL::MoL_ResetDeltaTime: [level] If necessary, change the timestep
          end while
          MoL::MoL_FinishLoop: [level] Control the step size
          MoL::MoL_RestoreSandR: Restoring the Save and Restore variables to the original state
          MoL::MoL_FreeScratchSpace: [level] Free storage for scratch levels
      end while
      GRHydro::sync_GRHydro_C2P_failed: Syncronise the mask function that contains the points where C2P has failed
      GROUP MoL_PseudoEvolution: Calculate pseudo-evolved quantities
        GROUP ADMBase_SetADMVars: Set the ADM variables before this group, and use them afterwards
        GROUP ML_BSSN_ConstraintsEverywhere_group: ML_BSSN_ConstraintsEverywhere
          ML_BSSN::ML_BSSN_ConstraintsEverywhere: ML_BSSN_ConstraintsEverywhere
          GROUP ML_BSSN_ConstraintsEverywhere_bc_group: ML_BSSN_ConstraintsEverywhere
            ML_BSSN::ML_BSSN_ConstraintsEverywhere_SelectBCs: [level] ML_BSSN_ConstraintsEverywhere_SelectBCs
            GROUP ML_BSSN_ConstraintsEverywhere_ApplyBCs: Apply BCs for groups set in ML_BSSN_ConstraintsEverywhere
              GROUP BoundaryConditions: Execute all boundary conditions
                Boundary::Boundary_ApplyPhysicalBCs: Apply all requested local physical boundary conditions
                CartGrid3D::CartGrid3D_ApplyBC: Apply symmetry boundary conditions
                ReflectionSymmetry::ReflectionSymmetry_Apply: Apply reflection symmetries
              Boundary::Boundary_ClearSelection: [level] Unselect all grid variables for boundary conditions
        GROUP ML_BSSN_ConstraintsInterior_group: ML_BSSN_ConstraintsInterior
          ML_BSSN::ML_BSSN_ConstraintsInterior: ML_BSSN_ConstraintsInterior
          GROUP ML_BSSN_ConstraintsInterior_bc_group: ML_BSSN_ConstraintsInterior
            ML_BSSN::ML_BSSN_ConstraintsInterior_SelectBCs: [level] ML_BSSN_ConstraintsInterior_SelectBCs
            GROUP ML_BSSN_ConstraintsInterior_ApplyBCs: Apply BCs for groups set in ML_BSSN_ConstraintsInterior
              GROUP BoundaryConditions: Execute all boundary conditions
                Boundary::Boundary_ApplyPhysicalBCs: Apply all requested local physical boundary conditions
                CartGrid3D::CartGrid3D_ApplyBC: Apply symmetry boundary conditions
                ReflectionSymmetry::ReflectionSymmetry_Apply: Apply reflection symmetries
              Boundary::Boundary_ClearSelection: [level] Unselect all grid variables for boundary conditions
    Evolve finer grids recursively
    Restrict from finer grids
    [CCTK_POSTRESTRICT]
      GROUP MoL_PostStep: Ensure that everything is correct after restriction
        ML_BSSN::ML_BSSN_SelectBoundConds: [level] select boundary conditions
        GRHydro::GRHydro_RefinementLevel: Calculate current refinement level
        GRHydro::GRHydro_SetLastMoLPostStep: [level] Set grid scalar InLastMoLPostStep if this is the last MoL PostStep call
        GROUP ML_BSSN_ApplyBCs: Apply boundary conditions controlled by thorn Boundary
          GROUP BoundaryConditions: Execute all boundary conditions
            Boundary::Boundary_ApplyPhysicalBCs: Apply all requested local physical boundary conditions
            CartGrid3D::CartGrid3D_ApplyBC: Apply symmetry boundary conditions
            ReflectionSymmetry::ReflectionSymmetry_Apply: Apply reflection symmetries
          Boundary::Boundary_ClearSelection: [level] Unselect all grid variables for boundary conditions
        ML_BSSN::ML_BSSN_ADMBaseInterior: ML_BSSN_ADMBaseInterior
        ML_BSSN::ML_BSSN_ADMBaseBoundaryScalar: ML_BSSN_ADMBaseBoundaryScalar
        ML_BSSN::ML_BSSN_ADMBaseEverywhere: ML_BSSN_ADMBaseEverywhere
        ML_BSSN_Helper::ML_BSSN_ADMBase_SelectBCs: [level] Select boundary conditions for ADMBase variables
        GROUP ML_BSSN_ADMBase_ApplyBCs: Apply boundary conditions to ADMBase variables
          GROUP BoundaryConditions: Execute all boundary conditions
            Boundary::Boundary_ApplyPhysicalBCs: Apply all requested local physical boundary conditions
            CartGrid3D::CartGrid3D_ApplyBC: Apply symmetry boundary conditions
            ReflectionSymmetry::ReflectionSymmetry_Apply: Apply reflection symmetries
          Boundary::Boundary_ClearSelection: [level] Unselect all grid variables for boundary conditions
        GROUP ADMBase_SetADMVars: Set the ADM variables before this group, and use them afterwards
        GROUP HydroBase_PostStep: Post step tasks for hydro thorns
          GROUP GRHydro_PostStep: Post step tasks for GRHydro
          GROUP GRHydro_AtmosphereMaskBoundaries: Apply boundary conditions to primitives
            GRHydro::GRHydro_SelectAtmosphereMaskBoundaries: [level] Select atmosphere mask for boundary conditions
            GROUP GRHydro_ApplyAtmosphereMaskBCs: Apply boundary conditions to real-valued atmosphere mask
              GROUP BoundaryConditions: Execute all boundary conditions
                Boundary::Boundary_ApplyPhysicalBCs: Apply all requested local physical boundary conditions
                CartGrid3D::CartGrid3D_ApplyBC: Apply symmetry boundary conditions
                ReflectionSymmetry::ReflectionSymmetry_Apply: Apply reflection symmetries
              Boundary::Boundary_ClearSelection: [level] Unselect all grid variables for boundary conditions
          GRHydro::GRHydroPostSyncAtmosphereMask: Set integer atmosphere mask from synchronized real atmosphere mask
          if (GRHydro::InLastMoLPostStep)
            GRHydro::GRHydro_AtmosphereReset: Reset the atmosphere
          GROUP HydroBase_Boundaries: HydroBase-internal Boundary conditions group
            GROUP Do_GRHydro_Boundaries: GRHydro Boundary conditions group
            GROUP HydroBase_Select_Boundaries: Group to schedule the boundary condition functions
              if (GRHydro::execute_MoL_PostStep)
                GRHydro::GRHydro_Bound: [level] Select GRHydro boundary conditions
            GROUP HydroBase_ApplyBCs: Apply the boundary conditions of HydroBase
              GROUP BoundaryConditions: Execute all boundary conditions
                Boundary::Boundary_ApplyPhysicalBCs: Apply all requested local physical boundary conditions
                CartGrid3D::CartGrid3D_ApplyBC: Apply symmetry boundary conditions
                ReflectionSymmetry::ReflectionSymmetry_Apply: Apply reflection symmetries
              Boundary::Boundary_ClearSelection: [level] Unselect all grid variables for boundary conditions
          GROUP HydroBase_Con2Prim: Convert from conservative to primitive variables
            if (GRHydro::execute_MoL_Step)
              GRHydro::GRHydro_SqrtSpatialDeterminant: Calculate sdetg
            if (GRHydro::execute_MoL_PostStep)
              GRHydro::Con2Prim: Convert back to primitive variables (general)
        GROUP SetTmunu: Group for calculating the stress-energy tensor
          TmunuBase::TmunuBase_ZeroTmunu: Initialise the stress-energy tensor to zero
          GROUP AddToTmunu: Add to the stress-energy tensor here
            GRHydro::GRHydro_Tmunu: Compute the energy-momentum tensor
      GROUP MoL_PseudoEvolutionBoundaries: Apply boundary conditions to pseudo-evolved quantities
        GROUP ML_BSSN_ConstraintsEverywhere_bc_group: ML_BSSN_ConstraintsEverywhere
          ML_BSSN::ML_BSSN_ConstraintsEverywhere_SelectBCs: [level] ML_BSSN_ConstraintsEverywhere_SelectBCs
          GROUP ML_BSSN_ConstraintsEverywhere_ApplyBCs: Apply BCs for groups set in ML_BSSN_ConstraintsEverywhere
            GROUP BoundaryConditions: Execute all boundary conditions
              Boundary::Boundary_ApplyPhysicalBCs: Apply all requested local physical boundary conditions
              CartGrid3D::CartGrid3D_ApplyBC: Apply symmetry boundary conditions
              ReflectionSymmetry::ReflectionSymmetry_Apply: Apply reflection symmetries
            Boundary::Boundary_ClearSelection: [level] Unselect all grid variables for boundary conditions
        GROUP ML_BSSN_ConstraintsInterior_bc_group: ML_BSSN_ConstraintsInterior
          ML_BSSN::ML_BSSN_ConstraintsInterior_SelectBCs: [level] ML_BSSN_ConstraintsInterior_SelectBCs
          GROUP ML_BSSN_ConstraintsInterior_ApplyBCs: Apply BCs for groups set in ML_BSSN_ConstraintsInterior
            GROUP BoundaryConditions: Execute all boundary conditions
              Boundary::Boundary_ApplyPhysicalBCs: Apply all requested local physical boundary conditions
              CartGrid3D::CartGrid3D_ApplyBC: Apply symmetry boundary conditions
              ReflectionSymmetry::ReflectionSymmetry_Apply: Apply reflection symmetries
            Boundary::Boundary_ClearSelection: [level] Unselect all grid variables for boundary conditions
    [CCTK_POSTSTEP]
      SphericalSurface::SphericalSurface_Set: [global] Set surface radii
      GRHydro::GRHydro_RefinementLevel: Calculate current refinement level (for the check of the C2P mask)
      GRHydro::check_GRHydro_C2P_failed: Check the mask function that contains the points where C2P has failed and report an error in case a failure is found
      GROUP HydroBase_ExcisionHasBeenSet: Group to schedule thorns changing the mask before and thorns using the mask after
      GROUP zzz_NaNChecker_NaNCheck: Check for NaNs and count them in NaNChecker::NaNsFound
        NaNChecker::NaNChecker_NaNCheck_Prepare: [level] Prepare data structures to check for NaNs
        NaNChecker::NaNChecker_NaNCheck_Check: [local] Check for NaNs
        NaNChecker::NaNChecker_NaNCheck_Finish: [level] Count NaNs in NaNChecker::NaNsFound
      NaNChecker::NaNChecker_TakeAction: [global] [loop-level] Output NaNChecker::NaNmask and take action according to NaNChecker::action_if_found
      SpaceMask::CheckMask: Ensure that all mask values are legal
      GROUP SphericalSurface_HasBeenSet: Set the spherical surfaces before this group, and use it afterwards
        SphericalSurface::SphericalSurface_CheckState: [global] Test the state of the spherical surfaces
      Dissipation::setup_epsdis: Setup spatially varying dissipation
    if (checkpoint)
      [CCTK_CHECKPOINT]
      CarpetIOHDF5::CarpetIOHDF5_EvolutionCheckpoint: [meta] Evolution checkpoint routine
    endif
    if (analysis)
      [CCTK_ANALYSIS]
      CarpetLib::CarpetLib_printtimestats: [global] Print timing statistics if desired
      CarpetLib::CarpetLib_printmemstats: [global] Print memory statistics if desired
      Formaline::Formaline_AnnounceUpdate: [global] Put some meta information about the current run into permanent storage
      LoopControl::lc_statistics_analysis: [meta] Output LoopControl statistics
      GROUP ML_BSSN_EvolutionAnalysis: Calculate RHS at analysis
        ML_BSSN::ML_BSSN_EvolutionAnalysisInit: ML_BSSN_EvolutionAnalysisInit
        ML_BSSN::ML_BSSN_EvolutionAnalysisInterior: ML_BSSN_EvolutionAnalysisInterior
        ML_BSSN_Helper::ML_BSSN_NewRad: Apply NewRad boundary conditions to RHS
      TerminationTrigger::TerminationTrigger_CheckWalltime: Check elapsed job walltime
      TerminationTrigger::TerminationTrigger_CheckSignal: Check if we received a termination signal
      TerminationTrigger::TerminationTrigger_CheckFile: Check termination file
    endif
    Output grid variables
    enddo

  Termination routines
    [CCTK_TERMINATE]
      CarpetIOHDF5::CarpetIOHDF5_TerminationCheckpoint: [meta] Termination checkpoint routine
      Formaline::Formaline_AnnounceFinal: [global] Put some meta information about the current run into permanent storage
      LoopControl::lc_statistics_terminate: [meta] Output LoopControl statistics
      MoL::MoL_FreeIndexArrays: Free the MoL bookkeeping index arrays

  Shutdown routines
    [CCTK_SHUTDOWN]
      Timers::Timer_Shutdown: Prepare hierarchical timers

  Routines run after changing the grid hierarchy:
    [CCTK_POSTREGRID]
      CartGrid3D::SpatialCoordinates: Set Coordinates after regridding
      GROUP MaskBase_SetupMask: Set up the weight function
        GROUP MaskBase_SetupMaskAll: Set up the weight function
          CarpetReduce::MaskBase_AllocateMask: [global] Allocate the weight function
          CarpetReduce::MaskBase_InitMask: [global] [loop-local] Initialise the weight function
          GROUP SetupIMaskInternal: Set up the integer weight function (schedule other routines in here)
            CarpetReduce::CoordBase_SetupMask: [global] [loop-local] Set up the outer boundaries of the weight function
            CarpetReduce::CarpetMaskSetup: [global] [loop-singlemap] Set up the weight function for the restriction regions
          GROUP SetupIMask: Set up the integer weight function (schedule other routines in here)
          CarpetReduce::MaskBase_SetMask: [global] [loop-local] Set the weight function
          GROUP SetupMask: Set up the real weight function (schedule other routines in here)
          CarpetReduce::MaskBase_TestMask: [global] Test the weight function
      Dissipation::setup_epsdis: Setup spatially varying dissipation
      SpaceMask::MaskZero: Initialise mask to zero
      GROUP HydroBase_ExcisionMaskSetup: Set up hydro excision mask
        HydroBase::HydroBase_InitExcisionMask: Initialize hydro excision mask to 'no excision everywhere'
      SpaceMask::MaskOne: Set mask to one
      GRHydro::GRHydro_SetupMask: Initialize the atmosphere mask
      GROUP MoL_PostStep: Ensure that everything is correct after regridding
        ML_BSSN::ML_BSSN_SelectBoundConds: [level] select boundary conditions
        GRHydro::GRHydro_RefinementLevel: Calculate current refinement level
        GRHydro::GRHydro_SetLastMoLPostStep: [level] Set grid scalar InLastMoLPostStep if this is the last MoL PostStep call
        GROUP ML_BSSN_ApplyBCs: Apply boundary conditions controlled by thorn Boundary
          GROUP BoundaryConditions: Execute all boundary conditions
            Boundary::Boundary_ApplyPhysicalBCs: Apply all requested local physical boundary conditions
            CartGrid3D::CartGrid3D_ApplyBC: Apply symmetry boundary conditions
            ReflectionSymmetry::ReflectionSymmetry_Apply: Apply reflection symmetries
          Boundary::Boundary_ClearSelection: [level] Unselect all grid variables for boundary conditions
        ML_BSSN::ML_BSSN_ADMBaseInterior: ML_BSSN_ADMBaseInterior
        ML_BSSN::ML_BSSN_ADMBaseBoundaryScalar: ML_BSSN_ADMBaseBoundaryScalar
        ML_BSSN::ML_BSSN_ADMBaseEverywhere: ML_BSSN_ADMBaseEverywhere
        ML_BSSN_Helper::ML_BSSN_ADMBase_SelectBCs: [level] Select boundary conditions for ADMBase variables
        GROUP ML_BSSN_ADMBase_ApplyBCs: Apply boundary conditions to ADMBase variables
          GROUP BoundaryConditions: Execute all boundary conditions
            Boundary::Boundary_ApplyPhysicalBCs: Apply all requested local physical boundary conditions
            CartGrid3D::CartGrid3D_ApplyBC: Apply symmetry boundary conditions
            ReflectionSymmetry::ReflectionSymmetry_Apply: Apply reflection symmetries
          Boundary::Boundary_ClearSelection: [level] Unselect all grid variables for boundary conditions
        GROUP ADMBase_SetADMVars: Set the ADM variables before this group, and use them afterwards
        GROUP HydroBase_PostStep: Post step tasks for hydro thorns
          GROUP GRHydro_PostStep: Post step tasks for GRHydro
          GROUP GRHydro_AtmosphereMaskBoundaries: Apply boundary conditions to primitives
            GRHydro::GRHydro_SelectAtmosphereMaskBoundaries: [level] Select atmosphere mask for boundary conditions
            GROUP GRHydro_ApplyAtmosphereMaskBCs: Apply boundary conditions to real-valued atmosphere mask
              GROUP BoundaryConditions: Execute all boundary conditions
                Boundary::Boundary_ApplyPhysicalBCs: Apply all requested local physical boundary conditions
                CartGrid3D::CartGrid3D_ApplyBC: Apply symmetry boundary conditions
                ReflectionSymmetry::ReflectionSymmetry_Apply: Apply reflection symmetries
              Boundary::Boundary_ClearSelection: [level] Unselect all grid variables for boundary conditions
          GRHydro::GRHydroPostSyncAtmosphereMask: Set integer atmosphere mask from synchronized real atmosphere mask
          if (GRHydro::InLastMoLPostStep)
            GRHydro::GRHydro_AtmosphereReset: Reset the atmosphere
          GROUP HydroBase_Boundaries: HydroBase-internal Boundary conditions group
            GROUP Do_GRHydro_Boundaries: GRHydro Boundary conditions group
            GROUP HydroBase_Select_Boundaries: Group to schedule the boundary condition functions
              if (GRHydro::execute_MoL_PostStep)
                GRHydro::GRHydro_Bound: [level] Select GRHydro boundary conditions
            GROUP HydroBase_ApplyBCs: Apply the boundary conditions of HydroBase
              GROUP BoundaryConditions: Execute all boundary conditions
                Boundary::Boundary_ApplyPhysicalBCs: Apply all requested local physical boundary conditions
                CartGrid3D::CartGrid3D_ApplyBC: Apply symmetry boundary conditions
                ReflectionSymmetry::ReflectionSymmetry_Apply: Apply reflection symmetries
              Boundary::Boundary_ClearSelection: [level] Unselect all grid variables for boundary conditions
          GROUP HydroBase_Con2Prim: Convert from conservative to primitive variables
            if (GRHydro::execute_MoL_Step)
              GRHydro::GRHydro_SqrtSpatialDeterminant: Calculate sdetg
            if (GRHydro::execute_MoL_PostStep)
              GRHydro::Con2Prim: Convert back to primitive variables (general)
        GROUP SetTmunu: Group for calculating the stress-energy tensor
          TmunuBase::TmunuBase_ZeroTmunu: Initialise the stress-energy tensor to zero
          GROUP AddToTmunu: Add to the stress-energy tensor here
            GRHydro::GRHydro_Tmunu: Compute the energy-momentum tensor
      GROUP MoL_PseudoEvolutionBoundaries: Apply boundary conditions to pseudo-evolved quantities
        GROUP ML_BSSN_ConstraintsEverywhere_bc_group: ML_BSSN_ConstraintsEverywhere
          ML_BSSN::ML_BSSN_ConstraintsEverywhere_SelectBCs: [level] ML_BSSN_ConstraintsEverywhere_SelectBCs
          GROUP ML_BSSN_ConstraintsEverywhere_ApplyBCs: Apply BCs for groups set in ML_BSSN_ConstraintsEverywhere
            GROUP BoundaryConditions: Execute all boundary conditions
              Boundary::Boundary_ApplyPhysicalBCs: Apply all requested local physical boundary conditions
              CartGrid3D::CartGrid3D_ApplyBC: Apply symmetry boundary conditions
              ReflectionSymmetry::ReflectionSymmetry_Apply: Apply reflection symmetries
            Boundary::Boundary_ClearSelection: [level] Unselect all grid variables for boundary conditions
        GROUP ML_BSSN_ConstraintsInterior_bc_group: ML_BSSN_ConstraintsInterior
          ML_BSSN::ML_BSSN_ConstraintsInterior_SelectBCs: [level] ML_BSSN_ConstraintsInterior_SelectBCs
          GROUP ML_BSSN_ConstraintsInterior_ApplyBCs: Apply BCs for groups set in ML_BSSN_ConstraintsInterior
            GROUP BoundaryConditions: Execute all boundary conditions
              Boundary::Boundary_ApplyPhysicalBCs: Apply all requested local physical boundary conditions
              CartGrid3D::CartGrid3D_ApplyBC: Apply symmetry boundary conditions
              ReflectionSymmetry::ReflectionSymmetry_Apply: Apply reflection symmetries
            Boundary::Boundary_ClearSelection: [level] Unselect all grid variables for boundary conditions
--------------------------------------------------------------------------------
INFO (Carpet): Multi-Model listing:
   model 0: "world"
INFO (Carpet): Multi-Model process distribution:
   process 0: model 0 "world"
INFO (Carpet): Multi-Model: This is process 0, model 0 "world"
Current core file size limit: hard=[unlimited], soft=0 MB
Current memory size limit: hard=14648.4375 MB, soft=14648.4375 MB
INFO (CycleClock): Measuring CycleClock tick via OpenMP...
INFO (CycleClock): Calibrated CycleClock: 0.375922 ns per clock tick (2.66013 GHz)
INFO (Formaline): Configuration id: config-sim-ekohaes8.ncsa.illinois.edu-data-rhaas-postdoc-gr-cactus-ET_vanilla
INFO (Formaline): Build id: build-sim-ekohaes8.ncsa.illinois.edu-rhaas-2018.02.05-03.09.30-62672
INFO (Formaline): Simulation id: run-tov-ekohaes8.ncsa.illinois.edu-rhaas-2018.02.05-20.10.27-6246
INFO (Formaline): Run id: run-tov-ekohaes8.ncsa.illinois.edu-rhaas-2018.02.05-20.10.27-6246
INFO (Vectors): Using vector size 2 for architecture SSE2 (64-bit precision)
--------------------------------------------------------------------------------
AMR driver provided by Carpet
--------------------------------------------------------------------------------
HydroBase: Let it flow.
--------------------------------------------------------------------------------
AMR 0D ASCII I/O provided by CarpetIOASCII
--------------------------------------------------------------------------------
AMR 1D ASCII I/O provided by CarpetIOASCII
--------------------------------------------------------------------------------
AMR 2D ASCII I/O provided by CarpetIOASCII
--------------------------------------------------------------------------------
AMR 3D ASCII I/O provided by CarpetIOASCII
--------------------------------------------------------------------------------
AMR info I/O provided by CarpetIOBasic
--------------------------------------------------------------------------------
ML_BSSN
--------------------------------------------------------------------------------
AMR HDF5 I/O provided by CarpetIOHDF5
--------------------------------------------------------------------------------
AMR 0D HDF5 I/O provided by CarpetIOHDF5
--------------------------------------------------------------------------------
AMR 1D HDF5 I/O provided by CarpetIOHDF5
--------------------------------------------------------------------------------
AMR 2D HDF5 I/O provided by CarpetIOHDF5
--------------------------------------------------------------------------------
AMR 3D HDF5 I/O provided by CarpetIOHDF5
--------------------------------------------------------------------------------
MoL: Generalized time integration.
--------------------------------------------------------------------------------
AMR scalar I/O provided by CarpetIOScalar
--------------------------------------------------------------------------------

INFO (Carpet): MPI is enabled
INFO (Carpet): Carpet is running on 1 processes
INFO (Carpet): This is process 0
INFO (Carpet): OpenMP is enabled
INFO (Carpet): This process contains 6 threads, this is thread 0
INFO (Carpet): There are 6 threads in total
INFO (Carpet): There are 6 threads per process
INFO (Carpet): This process runs on host ekohaes8, pid=6246
INFO (Carpet): This process runs on 24 cores: 0-23
INFO (Carpet): Thread 0 runs on 24 cores: 0-23
INFO (Carpet): Thread 1 runs on 24 cores: 0-23
INFO (Carpet): Thread 2 runs on 24 cores: 0-23
INFO (Carpet): Thread 3 runs on 24 cores: 0-23
INFO (Carpet): Thread 4 runs on 24 cores: 0-23
INFO (Carpet): Thread 5 runs on 24 cores: 0-23
INFO (Carpet): This simulation is running in 3 dimensions
INFO (Carpet): Boundary specification for map 0:
   nboundaryzones: [[3,3,3],[3,3,3]]
   is_internal   : [[0,0,0],[0,0,0]]
   is_staggered  : [[0,0,0],[0,0,0]]
   shiftout      : [[1,1,1],[0,0,0]]
INFO (Carpet): CoordBase domain specification for map 0:
   physical extent: [0,0,0] : [48,48,48]   ([48,48,48])
   interior extent: [0,0,0] : [44,44,44]   ([44,44,44])
   exterior extent: [-12,-12,-12] : [56,56,56]   ([68,68,68])
   base_spacing   : [4,4,4]
INFO (Carpet): Adapted domain specification for map 0:
   convergence factor: 2
   convergence level : 0
   physical extent   : [0,0,0] : [48,48,48]   ([48,48,48])
   interior extent   : [0,0,0] : [44,44,44]   ([44,44,44])
   exterior extent   : [-12,-12,-12] : [56,56,56]   ([68,68,68])
   spacing           : [4,4,4]
INFO (Carpet): Base grid specification for map 0:
   number of grid points             : [18,18,18]
   number of coarse grid ghost points: [[3,3,3],[3,3,3]]
INFO (Carpet): Buffer zone counts (excluding ghosts):
   [0]: [[0,0,0],[0,0,0]]
   [1]: [[9,9,9],[9,9,9]]
   [2]: [[9,9,9],[9,9,9]]
   [3]: [[9,9,9],[9,9,9]]
   [4]: [[9,9,9],[9,9,9]]
   [5]: [[9,9,9],[9,9,9]]
   [6]: [[9,9,9],[9,9,9]]
   [7]: [[9,9,9],[9,9,9]]
   [8]: [[9,9,9],[9,9,9]]
   [9]: [[9,9,9],[9,9,9]]
INFO (Carpet): Overlap zone counts:
   [0]: [[0,0,0],[0,0,0]]
   [1]: [[0,0,0],[0,0,0]]
   [2]: [[0,0,0],[0,0,0]]
   [3]: [[0,0,0],[0,0,0]]
   [4]: [[0,0,0],[0,0,0]]
   [5]: [[0,0,0],[0,0,0]]
   [6]: [[0,0,0],[0,0,0]]
   [7]: [[0,0,0],[0,0,0]]
   [8]: [[0,0,0],[0,0,0]]
   [9]: [[0,0,0],[0,0,0]]
INFO (Carpet): Group and variable statistics:
INFO (Carpet):    There are 1076 grid functions in 136 groups
INFO (Carpet):    There are 228 grid scalars in 71 groups
INFO (Carpet):    There are 100 1-dimensional grid arrays in 10 groups
INFO (Carpet):    There are 1 2-dimensional grid arrays in 2 groups
INFO (Carpet):    There are 0 3-dimensional grid arrays in 0 groups
INFO (Carpet):    (The number of variables counts all time levels)
INFO (CarpetIOASCII): I/O Method 'IOASCII_0D' registered: 0D AMR output of grid variables to ASCII files
INFO (CarpetIOASCII): I/O Method 'IOASCII_1D' registered: 1D AMR output of grid variables to ASCII files
INFO (CarpetIOASCII): Periodic 1D AMR output requested for:
   ADMBASE::gxx
   ADMBASE::gxy
   ADMBASE::gxz
   ADMBASE::gyy
   ADMBASE::gyz
   ADMBASE::gzz
   ADMBASE::kxx
   ADMBASE::kxy
   ADMBASE::kxz
   ADMBASE::kyy
   ADMBASE::kyz
   ADMBASE::kzz
   ADMBASE::alp
   HYDROBASE::rho
   HYDROBASE::press
   HYDROBASE::eps
   HYDROBASE::vel[0]
   HYDROBASE::vel[1]
   HYDROBASE::vel[2]
   ML_BSSN::H
   ML_BSSN::M1
   ML_BSSN::M2
   ML_BSSN::M3
INFO (CarpetIOASCII): I/O Method 'IOASCII_2D' registered: 2D AMR output of grid variables to ASCII files
INFO (CarpetIOASCII): I/O Method 'IOASCII_3D' registered: 3D AMR output of grid variables to ASCII files
INFO (CarpetIOHDF5): I/O Method 'IOHDF5' registered: AMR output of grid variables to HDF5 files
INFO (CarpetIOHDF5): I/O Method 'IOHDF5_0D' registered: 0D AMR output of grid variables to HDF5 files
INFO (CarpetIOHDF5): I/O Method 'IOHDF5_1D' registered: 1D AMR output of grid variables to HDF5 files
INFO (CarpetIOHDF5): I/O Method 'IOHDF5_2D' registered: 2D AMR output of grid variables to HDF5 files
INFO (CarpetIOHDF5): Periodic 2D AMR output requested for:
   ADMBASE::gxx
   ADMBASE::gxy
   ADMBASE::gxz
   ADMBASE::gyy
   ADMBASE::gyz
   ADMBASE::gzz
   ADMBASE::alp
   ADMBASE::betax
   ADMBASE::betay
   ADMBASE::betaz
   HYDROBASE::rho
   HYDROBASE::eps
   HYDROBASE::vel[0]
   HYDROBASE::vel[1]
   HYDROBASE::vel[2]
   HYDROBASE::w_lorentz
   ML_BSSN::H
   ML_BSSN::M1
   ML_BSSN::M2
   ML_BSSN::M3
INFO (CarpetIOHDF5): I/O Method 'IOHDF5_3D' registered: 3D AMR output of grid variables to HDF5 files
INFO (CarpetIOScalar): Periodic scalar output requested for:
   ADMBASE::alp
   ADMBASE::betax
   ADMBASE::betay
   ADMBASE::betaz
   CARPET::physical_time_per_hour
   CARPET::current_physical_time_per_hour
   CARPET::time_total
   CARPET::time_evolution
   CARPET::time_computing
   CARPET::time_communicating
   CARPET::time_io
   CARPET::evolution_steps_count
   CARPET::local_grid_points_per_second
   CARPET::total_grid_points_per_second
   CARPET::local_grid_point_updates_count
   CARPET::total_grid_point_updates_count
   CARPET::local_interior_points_per_second
   CARPET::total_interior_points_per_second
   CARPET::local_interior_point_updates_count
   CARPET::total_interior_point_updates_count
   CARPET::io_per_second
   CARPET::io_bytes_per_second
   CARPET::io_bytes_ascii_per_second
   CARPET::io_bytes_binary_per_second
   CARPET::io_count
   CARPET::io_bytes_count
   CARPET::io_bytes_ascii_count
   CARPET::io_bytes_binary_count
   CARPET::comm_per_second
   CARPET::comm_bytes_per_second
   CARPET::comm_count
   CARPET::comm_bytes_count
   CARPET::time_levels
   GRHYDRO::dens
   HYDROBASE::rho
   HYDROBASE::press
   HYDROBASE::eps
   HYDROBASE::vel[0]
   HYDROBASE::vel[1]
   HYDROBASE::vel[2]
   HYDROBASE::w_lorentz
   ML_BSSN::H
   ML_BSSN::M1
   ML_BSSN::M2
   ML_BSSN::M3
--------------------------------------------------------------------------------
INFO (Formaline): Writing tarballs with the Cactus sources into the directory "tov/cactus-source"
INFO (MoL): Using Runge-Kutta 4 as the time integrator.
INFO (SymBase): Symmetry on lower x-face: reflection_symmetry
INFO (SymBase): Symmetry on lower y-face: reflection_symmetry
INFO (SymBase): Symmetry on lower z-face: reflection_symmetry
INFO (MoL): The maximum number of evolved variables is 672. 30 are registered.
INFO (MoL): The maximum number of slow evolved variables is 672. 0 are registered.
INFO (MoL): The maximum number of constrained variables is 672. 37 are registered.
INFO (MoL): The maximum number of SandR variables is 672. 0 are registered.
INFO (MoL): The maximum number of evolved array variables is 672. 0 are registered.
INFO (MoL): The maximum number of constrained array variables is 672. 0 are registered.
INFO (MoL): The maximum number of SandR array variables is 672. 0 are registered.
INFO (MoL): The maximum size of any array variables is 0.
INFO (Vectors): Testing vectorisation... [errors may result in segfaults]
INFO (Vectors): 373/373 tests passed 
INFO (CarpetRegrid2): Enforcing grid structure properties, iteration 0
INFO (CarpetRegrid2): Enforcing grid structure properties, iteration 1
INFO (CarpetRegrid2): Enforcing grid structure properties, iteration 0
INFO (CarpetRegrid2): Enforcing grid structure properties, iteration 1
INFO (Carpet): Grid structure (superregions, grid points):
   [0][0][0]   exterior: [0,0,0] : [17,17,17]   ([18,18,18] + PADDING) 5832
   [1][0][0]   exterior: [3,3,3] : [32,32,32]   ([30,30,30] + PADDING) 27000
   [2][0][0]   exterior: [9,9,9] : [33,33,33]   ([25,25,25] + PADDING) 15625
INFO (Carpet): Grid structure (superregions, coordinates):
   [0][0][0]   exterior: [-12.000000000000000,-12.000000000000000,-12.000000000000000] : [56.000000000000000,56.000000000000000,56.000000000000000] : [4.000000000000000,4.000000000000000,4.000000000000000]
   [1][0][0]   exterior: [-6.000000000000000,-6.000000000000000,-6.000000000000000] : [52.000000000000000,52.000000000000000,52.000000000000000] : [2.000000000000000,2.000000000000000,2.000000000000000]
   [2][0][0]   exterior: [-3.000000000000000,-3.000000000000000,-3.000000000000000] : [21.000000000000000,21.000000000000000,21.000000000000000] : [1.000000000000000,1.000000000000000,1.000000000000000]
INFO (Carpet): Global grid structure statistics:
INFO (Carpet): GF: rhs: 5k active, 10k owned (+89%), 21k total (+105%), 7 steps/time
INFO (Carpet): GF: vars: 252, pts: 4M active, 7M owned (+48%), 14M total (+109%), 1.0 comp/proc
INFO (Carpet): GA: vars: 287, pts: 0M active, 0M total (+0%)
INFO (Carpet): Total required memory: 0.110 GByte (for GAs and currently active GFs)
INFO (Carpet): Load balance:  min     avg     max     sdv     max/avg-1
INFO (Carpet): Level  0:       0M      0M      0M      0M owned      0%
INFO (Carpet): Level  1:       3M      3M      3M      0M owned      0%
INFO (Carpet): Level  2:       3M      3M      3M      0M owned      0%
INFO (CartGrid3D): Grid Spacings:
INFO (CartGrid3D): dx=>4.0000000e+00  dy=>4.0000000e+00  dz=>4.0000000e+00
INFO (CartGrid3D): Computational Coordinates:
INFO (CartGrid3D): x=>[-12.000,56.000]  y=>[-12.000,56.000]  z=>[-12.000,56.000]
INFO (CartGrid3D): Indices of Physical Coordinates:
INFO (CartGrid3D): x=>[0,17]  y=>[0,17]  z=>[0,17]
INFO (TerminationTrigger): Reminding you every 60 minutes about remaining walltime
INFO (Time): Timestep set to 1 (courant_static)
INFO (GRHydro): Trying to get EOS handles
INFO (GRHydro): Trying to get EOS handles
INFO (GRHydro): GRHydro will use the Ideal_Fluid equation of state.
INFO (GRHydro): Setting up the atmosphere mask: all points are not_atmosphere
INFO (TOVSolver): Integrated TOV equation
INFO (TOVSolver): Information about the TOVs used:
INFO (): TOV    radius    mass  bary_mass mass(g) cent.rho rho(cgi)        K   K(cgi)    Gamma
INFO ():   1   8.12502  1.40016  1.50618 2.78e+33  0.00128 7.92e+14      100 1.45e+05        2
INFO (TOVSolver): Not using old matter initial data
INFO (TOVSolver): Done interpolation.
INFO (TerminationTrigger): Reminding you every 60 minutes about remaining walltime
INFO (Time): Timestep set to 0.5 (courant_static)
INFO (GRHydro): Setting up the atmosphere mask: all points are not_atmosphere
INFO (TOVSolver): Not using old matter initial data
INFO (TOVSolver): Done interpolation.
INFO (TerminationTrigger): Reminding you every 60 minutes about remaining walltime
INFO (Time): Timestep set to 0.25 (courant_static)
INFO (GRHydro): Setting up the atmosphere mask: all points are not_atmosphere
INFO (TOVSolver): Not using old matter initial data
INFO (TOVSolver): Done interpolation.
INFO (CarpetIOHDF5): ---------------------------------------------------------
INFO (CarpetIOHDF5): Dumping initial checkpoint at iteration 0, simulation time 0
INFO (CarpetIOHDF5): ---------------------------------------------------------
-------------------------------------------------
Iteration      Time | *me_per_hour | *ROBASE::rho
                    |              |      maximum
-------------------------------------------------
        0     0.000 |    0.0000000 |    0.0012800
      128     0.250 | 1.538882e+03 |    0.0012785
      256     0.500 | 2.230096e+03 |    0.0012769
      384     0.750 | 2.154459e+03 |    0.0012754
      512     1.000 | 2.395047e+03 |    0.0012738
      640     1.250 | 2.201873e+03 |    0.0012722
      768     1.500 | 2.361568e+03 |    0.0012707
      896     1.750 | 2.303947e+03 |    0.0012691
     1024     2.000 | 2.424430e+03 |    0.0012675
     1152     2.250 | 2.287946e+03 |    0.0012661
     1280     2.500 | 2.377915e+03 |    0.0012647
     1408     2.750 | 2.309144e+03 |    0.0012633
     1536     3.000 | 2.366422e+03 |    0.0012620
     1664     3.250 | 2.272026e+03 |    0.0012607
     1792     3.500 | 2.343149e+03 |    0.0012594
     1920     3.750 | 2.305424e+03 |    0.0012583
     2048     4.000 | 2.358199e+03 |    0.0012571
     2176     4.250 | 2.298776e+03 |    0.0012560
     2304     4.500 | 2.345224e+03 |    0.0012549
     2432     4.750 | 2.318752e+03 |    0.0012539
-------------------------------------------------
Iteration      Time | *me_per_hour | *ROBASE::rho
                    |              |      maximum
-------------------------------------------------
     2560     5.000 | 2.352326e+03 |    0.0012529
     2688     5.250 | 2.294477e+03 |    0.0012519
     2816     5.500 | 2.343354e+03 |    0.0012510
     2944     5.750 | 2.330072e+03 |    0.0012502
     3072     6.000 | 2.363085e+03 |    0.0012494
     3200     6.250 | 2.326984e+03 |    0.0012487
     3328     6.500 | 2.370483e+03 |    0.0012480
     3456     6.750 | 2.364663e+03 |    0.0012474
     3584     7.000 | 2.398519e+03 |    0.0012469
     3712     7.250 | 2.365081e+03 |    0.0012464
     3840     7.500 | 2.397726e+03 |    0.0012459
     3968     7.750 | 2.366491e+03 |    0.0012455
     4096     8.000 | 2.387214e+03 |    0.0012452
     4224     8.250 | 2.351451e+03 |    0.0012448
     4352     8.500 | 2.374890e+03 |    0.0012445
     4480     8.750 | 2.358057e+03 |    0.0012443
     4608     9.000 | 2.382848e+03 |    0.0012440
     4736     9.250 | 2.354530e+03 |    0.0012438
     4864     9.500 | 2.376915e+03 |    0.0012436
     4992     9.750 | 2.358446e+03 |    0.0012435
-------------------------------------------------
Iteration      Time | *me_per_hour | *ROBASE::rho
                    |              |      maximum
-------------------------------------------------
     5120    10.000 | 2.373971e+03 |    0.0012433
     5248    10.250 | 2.353686e+03 |    0.0012432
     5376    10.500 | 2.378519e+03 |    0.0012430
     5504    10.750 | 2.369055e+03 |    0.0012429
     5632    11.000 | 2.388132e+03 |    0.0012428
     5760    11.250 | 2.371679e+03 |    0.0012426
     5888    11.500 | 2.395656e+03 |    0.0012425
     6016    11.750 | 2.389847e+03 |    0.0012423
     6144    12.000 | 2.411231e+03 |    0.0012422
     6272    12.250 | 2.394280e+03 |    0.0012420
     6400    12.500 | 2.414140e+03 |    0.0012418
     6528    12.750 | 2.402549e+03 |    0.0012416
     6656    13.000 | 2.418611e+03 |    0.0012414
     6784    13.250 | 2.394450e+03 |    0.0012411
     6912    13.500 | 2.409856e+03 |    0.0012408
     7040    13.750 | 2.398268e+03 |    0.0012405
     7168    14.000 | 2.409459e+03 |    0.0012402
     7296    14.250 | 2.384346e+03 |    0.0012399
     7424    14.500 | 2.400141e+03 |    0.0012395
     7552    14.750 | 2.389489e+03 |    0.0012391
-------------------------------------------------
Iteration      Time | *me_per_hour | *ROBASE::rho
                    |              |      maximum
-------------------------------------------------
     7680    15.000 | 2.403249e+03 |    0.0012387
     7808    15.250 | 2.384499e+03 |    0.0012383
     7936    15.500 | 2.398181e+03 |    0.0012378
     8064    15.750 | 2.392899e+03 |    0.0012374
     8192    16.000 | 2.404503e+03 |    0.0012369
     8320    16.250 | 2.390323e+03 |    0.0012363
     8448    16.500 | 2.406405e+03 |    0.0012358
     8576    16.750 | 2.397481e+03 |    0.0012352
     8704    17.000 | 2.409596e+03 |    0.0012346
     8832    17.250 | 2.389940e+03 |    0.0012340
     8960    17.500 | 2.403252e+03 |    0.0012334
     9088    17.750 | 2.395794e+03 |    0.0012327
     9216    18.000 | 2.404740e+03 |    0.0012320
     9344    18.250 | 2.382407e+03 |    0.0012314
     9472    18.500 | 2.395520e+03 |    0.0012307
     9600    18.750 | 2.383014e+03 |    0.0012300
     9728    19.000 | 2.393734e+03 |    0.0012293
     9856    19.250 | 2.378344e+03 |    0.0012286
     9984    19.500 | 2.391877e+03 |    0.0012278
    10112    19.750 | 2.387852e+03 |    0.0012271
-------------------------------------------------
Iteration      Time | *me_per_hour | *ROBASE::rho
                    |              |      maximum
-------------------------------------------------
    10240    20.000 | 2.398258e+03 |    0.0012263
    10368    20.250 | 2.385658e+03 |    0.0012256
    10496    20.500 | 2.398152e+03 |    0.0012248
    10624    20.750 | 2.389879e+03 |    0.0012241
    10752    21.000 | 2.398896e+03 |    0.0012233
    10880    21.250 | 2.382110e+03 |    0.0012225
    11008    21.500 | 2.391913e+03 |    0.0012218
    11136    21.750 | 2.383085e+03 |    0.0012210
    11264    22.000 | 2.388576e+03 |    0.0012202
    11392    22.250 | 2.367027e+03 |    0.0012195
    11520    22.500 | 2.376925e+03 |    0.0012187
    11648    22.750 | 2.369740e+03 |    0.0012180
    11776    23.000 | 2.377293e+03 |    0.0012172
    11904    23.250 | 2.364216e+03 |    0.0012164
    12032    23.500 | 2.373070e+03 |    0.0012157
    12160    23.750 | 2.363388e+03 |    0.0012149
    12288    24.000 | 2.368969e+03 |    0.0012142
    12416    24.250 | 2.350666e+03 |    0.0012134
    12544    24.500 | 2.359737e+03 |    0.0012126
    12672    24.750 | 2.355450e+03 |    0.0012119
-------------------------------------------------
Iteration      Time | *me_per_hour | *ROBASE::rho
                    |              |      maximum
-------------------------------------------------
    12800    25.000 | 2.363815e+03 |    0.0012111
    12928    25.250 | 2.349116e+03 |    0.0012104
    13056    25.500 | 2.355529e+03 |    0.0012096
    13184    25.750 | 2.344796e+03 |    0.0012089
    13312    26.000 | 2.349647e+03 |    0.0012081
    13440    26.250 | 2.339703e+03 |    0.0012073
    13568    26.500 | 2.346517e+03 |    0.0012066
    13696    26.750 | 2.339197e+03 |    0.0012058
    13824    27.000 | 2.345360e+03 |    0.0012050
    13952    27.250 | 2.332215e+03 |    0.0012042
    14080    27.500 | 2.341257e+03 |    0.0012035
    14208    27.750 | 2.339018e+03 |    0.0012027
    14336    28.000 | 2.347324e+03 |    0.0012019
    14464    28.250 | 2.336103e+03 |    0.0012011
    14592    28.500 | 2.344648e+03 |    0.0012003
    14720    28.750 | 2.339842e+03 |    0.0011995
    14848    29.000 | 2.345435e+03 |    0.0011987
    14976    29.250 | 2.336050e+03 |    0.0011979
    15104    29.500 | 2.344228e+03 |    0.0011971
    15232    29.750 | 2.341653e+03 |    0.0011962
-------------------------------------------------
Iteration      Time | *me_per_hour | *ROBASE::rho
                    |              |      maximum
-------------------------------------------------
    15360    30.000 | 2.348981e+03 |    0.0011954
    15488    30.250 | 2.342586e+03 |    0.0011946
    15616    30.500 | 2.350557e+03 |    0.0011937
    15744    30.750 | 2.349140e+03 |    0.0011929
    15872    31.000 | 2.356626e+03 |    0.0011921
    16000    31.250 | 2.349605e+03 |    0.0011912
    16128    31.500 | 2.357427e+03 |    0.0011904
    16256    31.750 | 2.355496e+03 |    0.0011895
    16384    32.000 | 2.359804e+03 |    0.0011887
    16512    32.250 | 2.352381e+03 |    0.0011878
    16640    32.500 | 2.359934e+03 |    0.0011869
    16768    32.750 | 2.358406e+03 |    0.0011861
    16896    33.000 | 2.365407e+03 |    0.0011852
    17024    33.250 | 2.358955e+03 |    0.0011843
    17152    33.500 | 2.365699e+03 |    0.0011834
    17280    33.750 | 2.362964e+03 |    0.0011825
    17408    34.000 | 2.367562e+03 |    0.0011816
    17536    34.250 | 2.360825e+03 |    0.0011807
    17664    34.500 | 2.367501e+03 |    0.0011799
    17792    34.750 | 2.363760e+03 |    0.0011790
-------------------------------------------------
Iteration      Time | *me_per_hour | *ROBASE::rho
                    |              |      maximum
-------------------------------------------------
    17920    35.000 | 2.368401e+03 |    0.0011781
    18048    35.250 | 2.358912e+03 |    0.0011772
    18176    35.500 | 2.364491e+03 |    0.0011763
    18304    35.750 | 2.360478e+03 |    0.0011754
    18432    36.000 | 2.365682e+03 |    0.0011745
    18560    36.250 | 2.358347e+03 |    0.0011736
    18688    36.500 | 2.363409e+03 |    0.0011727
    18816    36.750 | 2.358797e+03 |    0.0011717
    18944    37.000 | 2.364367e+03 |    0.0011708
    19072    37.250 | 2.356522e+03 |    0.0011699
    19200    37.500 | 2.362527e+03 |    0.0011690
    19328    37.750 | 2.358036e+03 |    0.0011680
    19456    38.000 | 2.363882e+03 |    0.0011671
    19584    38.250 | 2.358207e+03 |    0.0011662
    19712    38.500 | 2.364580e+03 |    0.0011653
    19840    38.750 | 2.361612e+03 |    0.0011643
    19968    39.000 | 2.366420e+03 |    0.0011634
    20096    39.250 | 2.358512e+03 |    0.0011625
    20224    39.500 | 2.364673e+03 |    0.0011615
    20352    39.750 | 2.362290e+03 |    0.0011606
-------------------------------------------------
Iteration      Time | *me_per_hour | *ROBASE::rho
                    |              |      maximum
-------------------------------------------------
    20480    40.000 | 2.367524e+03 |    0.0011597
    20608    40.250 | 2.360419e+03 |    0.0011587
    20736    40.500 | 2.366631e+03 |    0.0011578
    20864    40.750 | 2.362024e+03 |    0.0011568
    20992    41.000 | 2.366475e+03 |    0.0011559
    21120    41.250 | 2.360784e+03 |    0.0011550
    21248    41.500 | 2.366876e+03 |    0.0011541
    21376    41.750 | 2.364865e+03 |    0.0011531
    21504    42.000 | 2.369514e+03 |    0.0011522
    21632    42.250 | 2.363779e+03 |    0.0011513
    21760    42.500 | 2.368383e+03 |    0.0011504
    21888    42.750 | 2.366853e+03 |    0.0011495
    22016    43.000 | 2.372196e+03 |    0.0011486
    22144    43.250 | 2.366853e+03 |    0.0011477
    22272    43.500 | 2.372859e+03 |    0.0011468
    22400    43.750 | 2.370610e+03 |    0.0011459
    22528    44.000 | 2.375516e+03 |    0.0011450
    22656    44.250 | 2.368906e+03 |    0.0011442
    22784    44.500 | 2.374589e+03 |    0.0011433
    22912    44.750 | 2.370886e+03 |    0.0011424
-------------------------------------------------
Iteration      Time | *me_per_hour | *ROBASE::rho
                    |              |      maximum
-------------------------------------------------
    23040    45.000 | 2.375022e+03 |    0.0011416
    23168    45.250 | 2.368410e+03 |    0.0011407
    23296    45.500 | 2.373955e+03 |    0.0011399
    23424    45.750 | 2.371066e+03 |    0.0011391
    23552    46.000 | 2.374394e+03 |    0.0011383
    23680    46.250 | 2.368157e+03 |    0.0011375
    23808    46.500 | 2.373524e+03 |    0.0011367
    23936    46.750 | 2.370720e+03 |    0.0011359
    24064    47.000 | 2.373747e+03 |    0.0011352
    24192    47.250 | 2.365702e+03 |    0.0011344
    24320    47.500 | 2.370891e+03 |    0.0011337
    24448    47.750 | 2.365528e+03 |    0.0011330
    24576    48.000 | 2.369617e+03 |    0.0011324
    24704    48.250 | 2.363398e+03 |    0.0011317
    24832    48.500 | 2.367061e+03 |    0.0011311
    24960    48.750 | 2.364868e+03 |    0.0011305
    25088    49.000 | 2.369434e+03 |    0.0011300
    25216    49.250 | 2.365356e+03 |    0.0011294
    25344    49.500 | 2.370277e+03 |    0.0011289
    25472    49.750 | 2.368809e+03 |    0.0011284
-------------------------------------------------
Iteration      Time | *me_per_hour | *ROBASE::rho
                    |              |      maximum
-------------------------------------------------
    25600    50.000 | 2.373464e+03 |    0.0011279
    25728    50.250 | 2.369711e+03 |    0.0011274
    25856    50.500 | 2.374361e+03 |    0.0011270
    25984    50.750 | 2.372787e+03 |    0.0011266
    26112    51.000 | 2.377639e+03 |    0.0011262
    26240    51.250 | 2.372328e+03 |    0.0011258
    26368    51.500 | 2.374940e+03 |    0.0011254
    26496    51.750 | 2.372755e+03 |    0.0011251
    26624    52.000 | 2.376776e+03 |    0.0011247
    26752    52.250 | 2.371077e+03 |    0.0011244
    26880    52.500 | 2.375590e+03 |    0.0011241
    27008    52.750 | 2.373504e+03 |    0.0011238
    27136    53.000 | 2.377068e+03 |    0.0011236
    27264    53.250 | 2.369123e+03 |    0.0011233
    27392    53.500 | 2.373443e+03 |    0.0011231
    27520    53.750 | 2.369978e+03 |    0.0011228
    27648    54.000 | 2.373981e+03 |    0.0011226
    27776    54.250 | 2.368497e+03 |    0.0011224
    27904    54.500 | 2.373110e+03 |    0.0011222
    28032    54.750 | 2.370254e+03 |    0.0011220
-------------------------------------------------
Iteration      Time | *me_per_hour | *ROBASE::rho
                    |              |      maximum
-------------------------------------------------
    28160    55.000 | 2.373542e+03 |    0.0011219
    28288    55.250 | 2.368567e+03 |    0.0011217
    28416    55.500 | 2.373162e+03 |    0.0011215
    28544    55.750 | 2.371463e+03 |    0.0011214
    28672    56.000 | 2.375371e+03 |    0.0011212
    28800    56.250 | 2.369557e+03 |    0.0011211
    28928    56.500 | 2.373147e+03 |    0.0011210
    29056    56.750 | 2.371067e+03 |    0.0011208
    29184    57.000 | 2.374241e+03 |    0.0011207
    29312    57.250 | 2.368062e+03 |    0.0011206
    29440    57.500 | 2.371049e+03 |    0.0011205
    29568    57.750 | 2.368562e+03 |    0.0011203
    29696    58.000 | 2.371359e+03 |    0.0011202
    29824    58.250 | 2.365290e+03 |    0.0011201
    29952    58.500 | 2.368895e+03 |    0.0011200
    30080    58.750 | 2.365410e+03 |    0.0011199
    30208    59.000 | 2.366942e+03 |    0.0011199
    30336    59.250 | 2.361233e+03 |    0.0011198
    30464    59.500 | 2.365574e+03 |    0.0011197
    30592    59.750 | 2.364209e+03 |    0.0011196
-------------------------------------------------
Iteration      Time | *me_per_hour | *ROBASE::rho
                    |              |      maximum
-------------------------------------------------
    30720    60.000 | 2.367237e+03 |    0.0011195
    30848    60.250 | 2.363340e+03 |    0.0011195
    30976    60.500 | 2.367390e+03 |    0.0011194
    31104    60.750 | 2.365811e+03 |    0.0011193
    31232    61.000 | 2.368804e+03 |    0.0011193
    31360    61.250 | 2.364212e+03 |    0.0011192
    31488    61.500 | 2.368071e+03 |    0.0011192
    31616    61.750 | 2.364186e+03 |    0.0011191
    31744    62.000 | 2.366081e+03 |    0.0011191
    31872    62.250 | 2.360806e+03 |    0.0011190
    32000    62.500 | 2.364307e+03 |    0.0011190
    32128    62.750 | 2.361249e+03 |    0.0011189
    32256    63.000 | 2.364166e+03 |    0.0011189
    32384    63.250 | 2.360032e+03 |    0.0011189
    32512    63.500 | 2.362758e+03 |    0.0011189
    32640    63.750 | 2.360648e+03 |    0.0011189
    32768    64.000 | 2.357204e+03 |    0.0011189
    32896    64.250 | 2.349626e+03 |    0.0011189
    33024    64.500 | 2.353628e+03 |    0.0011189
    33152    64.750 | 2.351995e+03 |    0.0011189
-------------------------------------------------
Iteration      Time | *me_per_hour | *ROBASE::rho
                    |              |      maximum
-------------------------------------------------
    33280    65.000 | 2.354961e+03 |    0.0011189
    33408    65.250 | 2.350731e+03 |    0.0011189
    33536    65.500 | 2.354205e+03 |    0.0011189
    33664    65.750 | 2.352670e+03 |    0.0011189
    33792    66.000 | 2.354784e+03 |    0.0011189
    33920    66.250 | 2.350323e+03 |    0.0011190
    34048    66.500 | 2.354040e+03 |    0.0011190
    34176    66.750 | 2.352810e+03 |    0.0011190
    34304    67.000 | 2.355146e+03 |    0.0011191
    34432    67.250 | 2.350672e+03 |    0.0011191
    34560    67.500 | 2.354105e+03 |    0.0011192
    34688    67.750 | 2.351096e+03 |    0.0011192
    34816    68.000 | 2.352810e+03 |    0.0011193
    34944    68.250 | 2.348785e+03 |    0.0011194
    35072    68.500 | 2.350643e+03 |    0.0011194
    35200    68.750 | 2.347717e+03 |    0.0011195
    35328    69.000 | 2.350798e+03 |    0.0011196
    35456    69.250 | 2.345462e+03 |    0.0011197
    35584    69.500 | 2.348932e+03 |    0.0011198
    35712    69.750 | 2.347900e+03 |    0.0011199
-------------------------------------------------
Iteration      Time | *me_per_hour | *ROBASE::rho
                    |              |      maximum
-------------------------------------------------
    35840    70.000 | 2.351223e+03 |    0.0011199
    35968    70.250 | 2.348487e+03 |    0.0011200
    36096    70.500 | 2.351496e+03 |    0.0011202
    36224    70.750 | 2.349508e+03 |    0.0011203
    36352    71.000 | 2.352281e+03 |    0.0011204
    36480    71.250 | 2.347112e+03 |    0.0011205
    36608    71.500 | 2.350276e+03 |    0.0011206
    36736    71.750 | 2.349580e+03 |    0.0011207
    36864    72.000 | 2.352568e+03 |    0.0011208
    36992    72.250 | 2.349031e+03 |    0.0011210
    37120    72.500 | 2.352667e+03 |    0.0011211
    37248    72.750 | 2.351136e+03 |    0.0011212
    37376    73.000 | 2.353124e+03 |    0.0011214
    37504    73.250 | 2.349546e+03 |    0.0011215
    37632    73.500 | 2.352449e+03 |    0.0011217
    37760    73.750 | 2.351077e+03 |    0.0011218
    37888    74.000 | 2.353324e+03 |    0.0011220
    38016    74.250 | 2.348650e+03 |    0.0011221
    38144    74.500 | 2.351510e+03 |    0.0011223
    38272    74.750 | 2.349775e+03 |    0.0011225
-------------------------------------------------
Iteration      Time | *me_per_hour | *ROBASE::rho
                    |              |      maximum
-------------------------------------------------
    38400    75.000 | 2.352569e+03 |    0.0011226
    38528    75.250 | 2.349798e+03 |    0.0011228
    38656    75.500 | 2.353085e+03 |    0.0011230
    38784    75.750 | 2.351681e+03 |    0.0011232
    38912    76.000 | 2.354802e+03 |    0.0011233
    39040    76.250 | 2.351387e+03 |    0.0011235
    39168    76.500 | 2.354743e+03 |    0.0011237
    39296    76.750 | 2.353564e+03 |    0.0011239
    39424    77.000 | 2.355986e+03 |    0.0011241
    39552    77.250 | 2.352563e+03 |    0.0011243
    39680    77.500 | 2.355475e+03 |    0.0011245
    39808    77.750 | 2.354246e+03 |    0.0011247
    39936    78.000 | 2.356677e+03 |    0.0011249
    40064    78.250 | 2.353225e+03 |    0.0011252
    40192    78.500 | 2.356250e+03 |    0.0011254
    40320    78.750 | 2.354936e+03 |    0.0011256
    40448    79.000 | 2.357652e+03 |    0.0011259
    40576    79.250 | 2.352925e+03 |    0.0011261
    40704    79.500 | 2.355872e+03 |    0.0011263
    40832    79.750 | 2.354610e+03 |    0.0011266
-------------------------------------------------
Iteration      Time | *me_per_hour | *ROBASE::rho
                    |              |      maximum
-------------------------------------------------
    40960    80.000 | 2.357450e+03 |    0.0011268
    41088    80.250 | 2.354305e+03 |    0.0011271
    41216    80.500 | 2.357686e+03 |    0.0011273
    41344    80.750 | 2.356786e+03 |    0.0011276
    41472    81.000 | 2.359666e+03 |    0.0011279
    41600    81.250 | 2.355825e+03 |    0.0011281
    41728    81.500 | 2.358535e+03 |    0.0011284
    41856    81.750 | 2.357828e+03 |    0.0011287
    41984    82.000 | 2.360262e+03 |    0.0011290
    42112    82.250 | 2.356193e+03 |    0.0011293
    42240    82.500 | 2.358479e+03 |    0.0011296
    42368    82.750 | 2.356808e+03 |    0.0011299
    42496    83.000 | 2.358877e+03 |    0.0011302
    42624    83.250 | 2.354691e+03 |    0.0011305
    42752    83.500 | 2.357230e+03 |    0.0011308
    42880    83.750 | 2.355200e+03 |    0.0011311
    43008    84.000 | 2.356874e+03 |    0.0011314
    43136    84.250 | 2.353592e+03 |    0.0011317
    43264    84.500 | 2.356134e+03 |    0.0011321
    43392    84.750 | 2.353562e+03 |    0.0011324
-------------------------------------------------
Iteration      Time | *me_per_hour | *ROBASE::rho
                    |              |      maximum
-------------------------------------------------
    43520    85.000 | 2.355833e+03 |    0.0011327
    43648    85.250 | 2.352542e+03 |    0.0011331
    43776    85.500 | 2.355163e+03 |    0.0011334
    43904    85.750 | 2.354141e+03 |    0.0011338
    44032    86.000 | 2.356466e+03 |    0.0011341
    44160    86.250 | 2.354186e+03 |    0.0011345
    44288    86.500 | 2.357193e+03 |    0.0011349
    44416    86.750 | 2.356178e+03 |    0.0011352
    44544    87.000 | 2.358008e+03 |    0.0011356
    44672    87.250 | 2.355449e+03 |    0.0011360
    44800    87.500 | 2.358316e+03 |    0.0011364
    44928    87.750 | 2.357395e+03 |    0.0011367
    45056    88.000 | 2.359848e+03 |    0.0011371
    45184    88.250 | 2.357305e+03 |    0.0011375
    45312    88.500 | 2.360007e+03 |    0.0011379
    45440    88.750 | 2.359255e+03 |    0.0011383
    45568    89.000 | 2.361592e+03 |    0.0011387
    45696    89.250 | 2.359141e+03 |    0.0011392
    45824    89.500 | 2.361657e+03 |    0.0011396
    45952    89.750 | 2.358970e+03 |    0.0011400
-------------------------------------------------
Iteration      Time | *me_per_hour | *ROBASE::rho
                    |              |      maximum
-------------------------------------------------
    46080    90.000 | 2.360089e+03 |    0.0011404
    46208    90.250 | 2.356450e+03 |    0.0011409
    46336    90.500 | 2.358326e+03 |    0.0011413
    46464    90.750 | 2.357797e+03 |    0.0011417
    46592    91.000 | 2.360141e+03 |    0.0011422
    46720    91.250 | 2.357297e+03 |    0.0011426
    46848    91.500 | 2.360216e+03 |    0.0011431
    46976    91.750 | 2.359193e+03 |    0.0011435
    47104    92.000 | 2.361512e+03 |    0.0011440
    47232    92.250 | 2.359063e+03 |    0.0011444
    47360    92.500 | 2.361182e+03 |    0.0011449
    47488    92.750 | 2.360336e+03 |    0.0011454
    47616    93.000 | 2.362957e+03 |    0.0011458
    47744    93.250 | 2.360525e+03 |    0.0011463
    47872    93.500 | 2.363331e+03 |    0.0011468
    48000    93.750 | 2.362745e+03 |    0.0011473
    48128    94.000 | 2.365164e+03 |    0.0011478
    48256    94.250 | 2.362588e+03 |    0.0011482
    48384    94.500 | 2.365061e+03 |    0.0011487
    48512    94.750 | 2.363840e+03 |    0.0011492
-------------------------------------------------
Iteration      Time | *me_per_hour | *ROBASE::rho
                    |              |      maximum
-------------------------------------------------
    48640    95.000 | 2.365815e+03 |    0.0011497
    48768    95.250 | 2.362860e+03 |    0.0011502
    48896    95.500 | 2.364400e+03 |    0.0011507
    49024    95.750 | 2.363620e+03 |    0.0011512
    49152    96.000 | 2.365095e+03 |    0.0011517
    49280    96.250 | 2.362701e+03 |    0.0011523
    49408    96.500 | 2.365370e+03 |    0.0011528
    49536    96.750 | 2.364577e+03 |    0.0011533
    49664    97.000 | 2.367087e+03 |    0.0011538
    49792    97.250 | 2.365405e+03 |    0.0011543
    49920    97.500 | 2.368203e+03 |    0.0011548
    50048    97.750 | 2.367423e+03 |    0.0011554
    50176    98.000 | 2.369230e+03 |    0.0011559
    50304    98.250 | 2.366708e+03 |    0.0011564
    50432    98.500 | 2.369179e+03 |    0.0011570
    50560    98.750 | 2.369047e+03 |    0.0011575
    50688    99.000 | 2.371493e+03 |    0.0011580
    50816    99.250 | 2.368904e+03 |    0.0011586
    50944    99.500 | 2.371196e+03 |    0.0011591
    51072    99.750 | 2.370060e+03 |    0.0011596
-------------------------------------------------
Iteration      Time | *me_per_hour | *ROBASE::rho
                    |              |      maximum
-------------------------------------------------
    51200   100.000 | 2.372132e+03 |    0.0011602
    51328   100.250 | 2.370102e+03 |    0.0011607
    51456   100.500 | 2.372401e+03 |    0.0011612
    51584   100.750 | 2.371793e+03 |    0.0011618
    51712   101.000 | 2.374026e+03 |    0.0011623
    51840   101.250 | 2.371198e+03 |    0.0011629
    51968   101.500 | 2.373762e+03 |    0.0011634
    52096   101.750 | 2.372529e+03 |    0.0011640
    52224   102.000 | 2.374809e+03 |    0.0011645
    52352   102.250 | 2.372441e+03 |    0.0011651
    52480   102.500 | 2.374938e+03 |    0.0011656
    52608   102.750 | 2.374274e+03 |    0.0011662
    52736   103.000 | 2.376411e+03 |    0.0011667
    52864   103.250 | 2.373445e+03 |    0.0011673
    52992   103.500 | 2.375664e+03 |    0.0011678
    53120   103.750 | 2.374498e+03 |    0.0011683
    53248   104.000 | 2.376600e+03 |    0.0011689
    53376   104.250 | 2.374350e+03 |    0.0011694
    53504   104.500 | 2.376829e+03 |    0.0011700
    53632   104.750 | 2.376029e+03 |    0.0011705
-------------------------------------------------
Iteration      Time | *me_per_hour | *ROBASE::rho
                    |              |      maximum
-------------------------------------------------
    53760   105.000 | 2.377837e+03 |    0.0011711
    53888   105.250 | 2.375432e+03 |    0.0011716
    54016   105.500 | 2.377934e+03 |    0.0011722
    54144   105.750 | 2.377304e+03 |    0.0011727
    54272   106.000 | 2.379143e+03 |    0.0011733
    54400   106.250 | 2.376524e+03 |    0.0011738
    54528   106.500 | 2.378438e+03 |    0.0011744
    54656   106.750 | 2.376785e+03 |    0.0011750
    54784   107.000 | 2.378873e+03 |    0.0011755
    54912   107.250 | 2.376261e+03 |    0.0011761
    55040   107.500 | 2.378606e+03 |    0.0011767
    55168   107.750 | 2.377690e+03 |    0.0011772
    55296   108.000 | 2.379596e+03 |    0.0011778
    55424   108.250 | 2.377404e+03 |    0.0011784
    55552   108.500 | 2.379693e+03 |    0.0011790
    55680   108.750 | 2.378184e+03 |    0.0011795
    55808   109.000 | 2.380277e+03 |    0.0011801
    55936   109.250 | 2.377517e+03 |    0.0011807
    56064   109.500 | 2.379982e+03 |    0.0011813
    56192   109.750 | 2.379574e+03 |    0.0011818
-------------------------------------------------
Iteration      Time | *me_per_hour | *ROBASE::rho
                    |              |      maximum
-------------------------------------------------
    56320   110.000 | 2.381696e+03 |    0.0011824
    56448   110.250 | 2.379736e+03 |    0.0011830
    56576   110.500 | 2.382133e+03 |    0.0011836
    56704   110.750 | 2.381788e+03 |    0.0011842
    56832   111.000 | 2.383933e+03 |    0.0011847
    56960   111.250 | 2.382085e+03 |    0.0011853
    57088   111.500 | 2.384401e+03 |    0.0011859
    57216   111.750 | 2.383755e+03 |    0.0011865
    57344   112.000 | 2.385743e+03 |    0.0011871
    57472   112.250 | 2.383194e+03 |    0.0011876
    57600   112.500 | 2.384965e+03 |    0.0011882
    57728   112.750 | 2.383861e+03 |    0.0011888
    57856   113.000 | 2.385569e+03 |    0.0011894
    57984   113.250 | 2.382800e+03 |    0.0011899
    58112   113.500 | 2.384692e+03 |    0.0011905
    58240   113.750 | 2.383453e+03 |    0.0011911
    58368   114.000 | 2.384851e+03 |    0.0011916
    58496   114.250 | 2.381730e+03 |    0.0011922
    58624   114.500 | 2.383520e+03 |    0.0011927
    58752   114.750 | 2.382323e+03 |    0.0011933
-------------------------------------------------
Iteration      Time | *me_per_hour | *ROBASE::rho
                    |              |      maximum
-------------------------------------------------
    58880   115.000 | 2.384337e+03 |    0.0011938
    59008   115.250 | 2.382555e+03 |    0.0011944
    59136   115.500 | 2.384765e+03 |    0.0011949
    59264   115.750 | 2.383965e+03 |    0.0011955
    59392   116.000 | 2.385956e+03 |    0.0011960
    59520   116.250 | 2.383914e+03 |    0.0011965
    59648   116.500 | 2.385723e+03 |    0.0011970
    59776   116.750 | 2.384145e+03 |    0.0011976
    59904   117.000 | 2.385502e+03 |    0.0011981
    60032   117.250 | 2.382631e+03 |    0.0011986
    60160   117.500 | 2.384201e+03 |    0.0011991
    60288   117.750 | 2.382530e+03 |    0.0011996
    60416   118.000 | 2.384229e+03 |    0.0012001
    60544   118.250 | 2.380519e+03 |    0.0012006
    60672   118.500 | 2.382048e+03 |    0.0012011
    60800   118.750 | 2.380183e+03 |    0.0012015
    60928   119.000 | 2.381663e+03 |    0.0012020
    61056   119.250 | 2.379072e+03 |    0.0012025
    61184   119.500 | 2.380891e+03 |    0.0012029
    61312   119.750 | 2.379455e+03 |    0.0012034
-------------------------------------------------
Iteration      Time | *me_per_hour | *ROBASE::rho
                    |              |      maximum
-------------------------------------------------
    61440   120.000 | 2.380856e+03 |    0.0012038
    61568   120.250 | 2.377558e+03 |    0.0012043
    61696   120.500 | 2.379214e+03 |    0.0012047
    61824   120.750 | 2.378018e+03 |    0.0012051
    61952   121.000 | 2.379589e+03 |    0.0012056
    62080   121.250 | 2.377265e+03 |    0.0012060
    62208   121.500 | 2.379248e+03 |    0.0012064
    62336   121.750 | 2.378242e+03 |    0.0012068
    62464   122.000 | 2.380006e+03 |    0.0012072
    62592   122.250 | 2.377688e+03 |    0.0012076
    62720   122.500 | 2.379570e+03 |    0.0012080
    62848   122.750 | 2.377965e+03 |    0.0012083
    62976   123.000 | 2.379265e+03 |    0.0012087
    63104   123.250 | 2.376036e+03 |    0.0012091
    63232   123.500 | 2.377848e+03 |    0.0012094
    63360   123.750 | 2.376506e+03 |    0.0012098
    63488   124.000 | 2.378070e+03 |    0.0012101
    63616   124.250 | 2.375419e+03 |    0.0012104
    63744   124.500 | 2.377251e+03 |    0.0012108
    63872   124.750 | 2.375809e+03 |    0.0012111
-------------------------------------------------
Iteration      Time | *me_per_hour | *ROBASE::rho
                    |              |      maximum
-------------------------------------------------
    64000   125.000 | 2.376679e+03 |    0.0012114
    64128   125.250 | 2.374081e+03 |    0.0012117
    64256   125.500 | 2.375615e+03 |    0.0012120
    64384   125.750 | 2.374325e+03 |    0.0012123
    64512   126.000 | 2.375437e+03 |    0.0012126
    64640   126.250 | 2.372473e+03 |    0.0012128
    64768   126.500 | 2.374167e+03 |    0.0012131
    64896   126.750 | 2.372606e+03 |    0.0012134
    65024   127.000 | 2.373624e+03 |    0.0012137
    65152   127.250 | 2.371153e+03 |    0.0012139
    65280   127.500 | 2.372684e+03 |    0.0012141
    65408   127.750 | 2.371016e+03 |    0.0012144
    65536   128.000 | 2.369925e+03 |    0.0012146
    65664   128.250 | 2.365496e+03 |    0.0012148
    65792   128.500 | 2.367219e+03 |    0.0012151
    65920   128.750 | 2.366324e+03 |    0.0012153
    66048   129.000 | 2.367720e+03 |    0.0012155
    66176   129.250 | 2.365378e+03 |    0.0012157
    66304   129.500 | 2.366801e+03 |    0.0012159
    66432   129.750 | 2.365590e+03 |    0.0012160
-------------------------------------------------
Iteration      Time | *me_per_hour | *ROBASE::rho
                    |              |      maximum
-------------------------------------------------
    66560   130.000 | 2.366926e+03 |    0.0012162
    66688   130.250 | 2.364491e+03 |    0.0012164
    66816   130.500 | 2.365929e+03 |    0.0012166
    66944   130.750 | 2.364833e+03 |    0.0012167
    67072   131.000 | 2.366296e+03 |    0.0012169
    67200   131.250 | 2.364056e+03 |    0.0012170
    67328   131.500 | 2.365447e+03 |    0.0012171
    67456   131.750 | 2.363871e+03 |    0.0012173
    67584   132.000 | 2.365034e+03 |    0.0012174
    67712   132.250 | 2.363076e+03 |    0.0012175
    67840   132.500 | 2.364993e+03 |    0.0012176
    67968   132.750 | 2.363834e+03 |    0.0012177
    68096   133.000 | 2.365373e+03 |    0.0012178
    68224   133.250 | 2.363336e+03 |    0.0012179
    68352   133.500 | 2.364740e+03 |    0.0012179
    68480   133.750 | 2.363766e+03 |    0.0012180
    68608   134.000 | 2.365270e+03 |    0.0012181
    68736   134.250 | 2.363506e+03 |    0.0012181
    68864   134.500 | 2.365334e+03 |    0.0012182
    68992   134.750 | 2.364654e+03 |    0.0012182
-------------------------------------------------
Iteration      Time | *me_per_hour | *ROBASE::rho
                    |              |      maximum
-------------------------------------------------
    69120   135.000 | 2.366089e+03 |    0.0012183
    69248   135.250 | 2.363795e+03 |    0.0012183
    69376   135.500 | 2.365467e+03 |    0.0012183
    69504   135.750 | 2.364768e+03 |    0.0012183
    69632   136.000 | 2.366090e+03 |    0.0012183
    69760   136.250 | 2.364279e+03 |    0.0012183
    69888   136.500 | 2.365991e+03 |    0.0012183
    70016   136.750 | 2.365252e+03 |    0.0012183
    70144   137.000 | 2.366713e+03 |    0.0012183
    70272   137.250 | 2.365008e+03 |    0.0012182
    70400   137.500 | 2.366910e+03 |    0.0012182
    70528   137.750 | 2.366130e+03 |    0.0012181
    70656   138.000 | 2.367753e+03 |    0.0012181
    70784   138.250 | 2.365220e+03 |    0.0012180
    70912   138.500 | 2.367037e+03 |    0.0012180
    71040   138.750 | 2.366175e+03 |    0.0012179
    71168   139.000 | 2.367614e+03 |    0.0012178
    71296   139.250 | 2.365847e+03 |    0.0012177
    71424   139.500 | 2.367578e+03 |    0.0012176
    71552   139.750 | 2.366749e+03 |    0.0012175
-------------------------------------------------
Iteration      Time | *me_per_hour | *ROBASE::rho
                    |              |      maximum
-------------------------------------------------
    71680   140.000 | 2.368391e+03 |    0.0012174
    71808   140.250 | 2.366804e+03 |    0.0012173
    71936   140.500 | 2.368642e+03 |    0.0012172
    72064   140.750 | 2.367436e+03 |    0.0012171
    72192   141.000 | 2.368630e+03 |    0.0012169
    72320   141.250 | 2.366744e+03 |    0.0012168
    72448   141.500 | 2.368204e+03 |    0.0012167
    72576   141.750 | 2.366928e+03 |    0.0012165
    72704   142.000 | 2.368282e+03 |    0.0012163
    72832   142.250 | 2.366319e+03 |    0.0012162
    72960   142.500 | 2.368038e+03 |    0.0012160
    73088   142.750 | 2.367143e+03 |    0.0012158
    73216   143.000 | 2.368526e+03 |    0.0012156
    73344   143.250 | 2.366849e+03 |    0.0012155
    73472   143.500 | 2.368156e+03 |    0.0012153
    73600   143.750 | 2.367388e+03 |    0.0012151
    73728   144.000 | 2.368805e+03 |    0.0012149
    73856   144.250 | 2.366863e+03 |    0.0012147
    73984   144.500 | 2.368471e+03 |    0.0012144
    74112   144.750 | 2.368037e+03 |    0.0012142
-------------------------------------------------
Iteration      Time | *me_per_hour | *ROBASE::rho
                    |              |      maximum
-------------------------------------------------
    74240   145.000 | 2.369445e+03 |    0.0012140
    74368   145.250 | 2.367758e+03 |    0.0012138
    74496   145.500 | 2.369125e+03 |    0.0012135
    74624   145.750 | 2.367155e+03 |    0.0012133
    74752   146.000 | 2.368174e+03 |    0.0012130
    74880   146.250 | 2.366178e+03 |    0.0012128
    75008   146.500 | 2.367774e+03 |    0.0012125
    75136   146.750 | 2.366466e+03 |    0.0012123
    75264   147.000 | 2.367705e+03 |    0.0012120
    75392   147.250 | 2.365529e+03 |    0.0012117
    75520   147.500 | 2.366997e+03 |    0.0012115
    75648   147.750 | 2.366066e+03 |    0.0012112
    75776   148.000 | 2.367552e+03 |    0.0012109
    75904   148.250 | 2.365259e+03 |    0.0012106
    76032   148.500 | 2.366756e+03 |    0.0012103
    76160   148.750 | 2.366131e+03 |    0.0012100
    76288   149.000 | 2.367513e+03 |    0.0012097
    76416   149.250 | 2.364990e+03 |    0.0012094
    76544   149.500 | 2.366256e+03 |    0.0012091
    76672   149.750 | 2.365352e+03 |    0.0012088
-------------------------------------------------
Iteration      Time | *me_per_hour | *ROBASE::rho
                    |              |      maximum
-------------------------------------------------
    76800   150.000 | 2.366755e+03 |    0.0012085
    76928   150.250 | 2.364357e+03 |    0.0012081
    77056   150.500 | 2.366020e+03 |    0.0012078
    77184   150.750 | 2.365468e+03 |    0.0012075
    77312   151.000 | 2.366931e+03 |    0.0012071
    77440   151.250 | 2.365232e+03 |    0.0012068
    77568   151.500 | 2.366920e+03 |    0.0012065
    77696   151.750 | 2.365895e+03 |    0.0012061
    77824   152.000 | 2.366726e+03 |    0.0012058
    77952   152.250 | 2.363661e+03 |    0.0012054
    78080   152.500 | 2.365108e+03 |    0.0012051
    78208   152.750 | 2.364382e+03 |    0.0012047
    78336   153.000 | 2.365573e+03 |    0.0012044
    78464   153.250 | 2.363832e+03 |    0.0012040
    78592   153.500 | 2.365303e+03 |    0.0012036
    78720   153.750 | 2.364446e+03 |    0.0012033
    78848   154.000 | 2.365692e+03 |    0.0012029
    78976   154.250 | 2.364501e+03 |    0.0012025
    79104   154.500 | 2.366187e+03 |    0.0012022
    79232   154.750 | 2.365545e+03 |    0.0012018
-------------------------------------------------
Iteration      Time | *me_per_hour | *ROBASE::rho
                    |              |      maximum
-------------------------------------------------
    79360   155.000 | 2.366662e+03 |    0.0012014
    79488   155.250 | 2.365376e+03 |    0.0012010
    79616   155.500 | 2.366994e+03 |    0.0012006
    79744   155.750 | 2.366561e+03 |    0.0012002
    79872   156.000 | 2.368005e+03 |    0.0011999
    80000   156.250 | 2.366874e+03 |    0.0011995
    80128   156.500 | 2.368400e+03 |    0.0011991
    80256   156.750 | 2.367904e+03 |    0.0011987
    80384   157.000 | 2.369287e+03 |    0.0011983
    80512   157.250 | 2.367631e+03 |    0.0011979
    80640   157.500 | 2.369266e+03 |    0.0011975
    80768   157.750 | 2.368324e+03 |    0.0011971
    80896   158.000 | 2.369550e+03 |    0.0011967
    81024   158.250 | 2.367861e+03 |    0.0011963
    81152   158.500 | 2.369419e+03 |    0.0011959
    81280   158.750 | 2.368933e+03 |    0.0011955
    81408   159.000 | 2.370220e+03 |    0.0011951
    81536   159.250 | 2.368769e+03 |    0.0011947
    81664   159.500 | 2.370260e+03 |    0.0011942
    81792   159.750 | 2.369688e+03 |    0.0011938
-------------------------------------------------
Iteration      Time | *me_per_hour | *ROBASE::rho
                    |              |      maximum
-------------------------------------------------
    81920   160.000 | 2.370630e+03 |    0.0011934
    82048   160.250 | 2.367931e+03 |    0.0011930
    82176   160.500 | 2.369377e+03 |    0.0011926
    82304   160.750 | 2.368335e+03 |    0.0011922
    82432   161.000 | 2.369675e+03 |    0.0011918
    82560   161.250 | 2.367634e+03 |    0.0011913
    82688   161.500 | 2.369145e+03 |    0.0011909
    82816   161.750 | 2.368827e+03 |    0.0011905
    82944   162.000 | 2.370475e+03 |    0.0011901
    83072   162.250 | 2.369215e+03 |    0.0011897
    83200   162.500 | 2.370695e+03 |    0.0011892
    83328   162.750 | 2.370122e+03 |    0.0011888
    83456   163.000 | 2.371415e+03 |    0.0011884
    83584   163.250 | 2.369553e+03 |    0.0011880
    83712   163.500 | 2.371256e+03 |    0.0011876
    83840   163.750 | 2.370782e+03 |    0.0011871
    83968   164.000 | 2.371097e+03 |    0.0011867
    84096   164.250 | 2.368064e+03 |    0.0011863
    84224   164.500 | 2.369415e+03 |    0.0011859
    84352   164.750 | 2.368332e+03 |    0.0011854
-------------------------------------------------
Iteration      Time | *me_per_hour | *ROBASE::rho
                    |              |      maximum
-------------------------------------------------
    84480   165.000 | 2.369159e+03 |    0.0011850
    84608   165.250 | 2.366838e+03 |    0.0011846
    84736   165.500 | 2.367721e+03 |    0.0011842
    84864   165.750 | 2.366434e+03 |    0.0011837
    84992   166.000 | 2.367401e+03 |    0.0011833
    85120   166.250 | 2.365691e+03 |    0.0011829
    85248   166.500 | 2.367016e+03 |    0.0011825
    85376   166.750 | 2.366303e+03 |    0.0011820
    85504   167.000 | 2.367499e+03 |    0.0011816
    85632   167.250 | 2.365843e+03 |    0.0011812
    85760   167.500 | 2.367136e+03 |    0.0011808
    85888   167.750 | 2.365951e+03 |    0.0011803
    86016   168.000 | 2.366733e+03 |    0.0011799
    86144   168.250 | 2.364169e+03 |    0.0011795
    86272   168.500 | 2.364940e+03 |    0.0011791
    86400   168.750 | 2.363483e+03 |    0.0011787
    86528   169.000 | 2.364360e+03 |    0.0011782
    86656   169.250 | 2.362547e+03 |    0.0011778
    86784   169.500 | 2.363779e+03 |    0.0011774
    86912   169.750 | 2.362683e+03 |    0.0011770
-------------------------------------------------
Iteration      Time | *me_per_hour | *ROBASE::rho
                    |              |      maximum
-------------------------------------------------
    87040   170.000 | 2.363752e+03 |    0.0011766
    87168   170.250 | 2.361850e+03 |    0.0011761
    87296   170.500 | 2.363182e+03 |    0.0011757
    87424   170.750 | 2.362550e+03 |    0.0011753
    87552   171.000 | 2.363872e+03 |    0.0011749
    87680   171.250 | 2.362667e+03 |    0.0011745
    87808   171.500 | 2.364186e+03 |    0.0011741
    87936   171.750 | 2.363474e+03 |    0.0011736
    88064   172.000 | 2.364702e+03 |    0.0011732
    88192   172.250 | 2.363371e+03 |    0.0011728
    88320   172.500 | 2.364963e+03 |    0.0011724
    88448   172.750 | 2.364648e+03 |    0.0011720
    88576   173.000 | 2.365967e+03 |    0.0011716
    88704   173.250 | 2.364547e+03 |    0.0011712
    88832   173.500 | 2.365969e+03 |    0.0011708
    88960   173.750 | 2.364999e+03 |    0.0011704
    89088   174.000 | 2.366101e+03 |    0.0011700
    89216   174.250 | 2.364346e+03 |    0.0011696
    89344   174.500 | 2.365606e+03 |    0.0011692
    89472   174.750 | 2.364969e+03 |    0.0011688
-------------------------------------------------
Iteration      Time | *me_per_hour | *ROBASE::rho
                    |              |      maximum
-------------------------------------------------
    89600   175.000 | 2.366131e+03 |    0.0011684
    89728   175.250 | 2.364494e+03 |    0.0011680
    89856   175.500 | 2.365732e+03 |    0.0011676
    89984   175.750 | 2.364904e+03 |    0.0011672
    90112   176.000 | 2.365789e+03 |    0.0011668
    90240   176.250 | 2.363864e+03 |    0.0011664
    90368   176.500 | 2.365307e+03 |    0.0011660
    90496   176.750 | 2.365062e+03 |    0.0011656
    90624   177.000 | 2.366335e+03 |    0.0011652
    90752   177.250 | 2.365416e+03 |    0.0011648
    90880   177.500 | 2.366912e+03 |    0.0011644
    91008   177.750 | 2.366366e+03 |    0.0011640
    91136   178.000 | 2.367343e+03 |    0.0011636
    91264   178.250 | 2.366052e+03 |    0.0011633
    91392   178.500 | 2.367482e+03 |    0.0011629
    91520   178.750 | 2.367047e+03 |    0.0011625
    91648   179.000 | 2.368405e+03 |    0.0011621
    91776   179.250 | 2.366292e+03 |    0.0011617
    91904   179.500 | 2.367365e+03 |    0.0011613
    92032   179.750 | 2.366475e+03 |    0.0011609
-------------------------------------------------
Iteration      Time | *me_per_hour | *ROBASE::rho
                    |              |      maximum
-------------------------------------------------
    92160   180.000 | 2.367196e+03 |    0.0011606
    92288   180.250 | 2.365437e+03 |    0.0011602
    92416   180.500 | 2.366520e+03 |    0.0011598
    92544   180.750 | 2.365705e+03 |    0.0011594
    92672   181.000 | 2.366797e+03 |    0.0011590
    92800   181.250 | 2.364749e+03 |    0.0011587
    92928   181.500 | 2.366009e+03 |    0.0011583
    93056   181.750 | 2.365245e+03 |    0.0011579
    93184   182.000 | 2.366243e+03 |    0.0011575
    93312   182.250 | 2.364963e+03 |    0.0011572
    93440   182.500 | 2.366086e+03 |    0.0011568
    93568   182.750 | 2.365440e+03 |    0.0011564
    93696   183.000 | 2.366645e+03 |    0.0011561
    93824   183.250 | 2.365377e+03 |    0.0011557
    93952   183.500 | 2.366597e+03 |    0.0011553
    94080   183.750 | 2.365947e+03 |    0.0011550
    94208   184.000 | 2.366652e+03 |    0.0011546
    94336   184.250 | 2.365530e+03 |    0.0011543
    94464   184.500 | 2.366804e+03 |    0.0011539
    94592   184.750 | 2.365960e+03 |    0.0011536
-------------------------------------------------
Iteration      Time | *me_per_hour | *ROBASE::rho
                    |              |      maximum
-------------------------------------------------
    94720   185.000 | 2.366758e+03 |    0.0011532
    94848   185.250 | 2.365310e+03 |    0.0011529
    94976   185.500 | 2.366648e+03 |    0.0011525
    95104   185.750 | 2.365972e+03 |    0.0011522
    95232   186.000 | 2.367192e+03 |    0.0011518
    95360   186.250 | 2.365507e+03 |    0.0011515
    95488   186.500 | 2.366895e+03 |    0.0011511
    95616   186.750 | 2.366358e+03 |    0.0011508
    95744   187.000 | 2.367429e+03 |    0.0011505
    95872   187.250 | 2.366315e+03 |    0.0011501
    96000   187.500 | 2.367518e+03 |    0.0011498
    96128   187.750 | 2.367221e+03 |    0.0011495
    96256   188.000 | 2.368442e+03 |    0.0011492
    96384   188.250 | 2.367235e+03 |    0.0011489
    96512   188.500 | 2.368420e+03 |    0.0011485
    96640   188.750 | 2.367642e+03 |    0.0011482
    96768   189.000 | 2.368669e+03 |    0.0011479
    96896   189.250 | 2.366133e+03 |    0.0011476
    97024   189.500 | 2.367349e+03 |    0.0011473
    97152   189.750 | 2.366406e+03 |    0.0011470
-------------------------------------------------
Iteration      Time | *me_per_hour | *ROBASE::rho
                    |              |      maximum
-------------------------------------------------
    97280   190.000 | 2.367384e+03 |    0.0011467
    97408   190.250 | 2.365825e+03 |    0.0011464
    97536   190.500 | 2.367144e+03 |    0.0011461
    97664   190.750 | 2.366746e+03 |    0.0011459
    97792   191.000 | 2.367757e+03 |    0.0011456
    97920   191.250 | 2.366283e+03 |    0.0011453
    98048   191.500 | 2.367608e+03 |    0.0011450
    98176   191.750 | 2.366846e+03 |    0.0011448
    98304   192.000 | 2.365905e+03 |    0.0011445
    98432   192.250 | 2.362495e+03 |    0.0011442
    98560   192.500 | 2.363729e+03 |    0.0011440
    98688   192.750 | 2.363372e+03 |    0.0011437
    98816   193.000 | 2.364081e+03 |    0.0011435
    98944   193.250 | 2.362462e+03 |    0.0011432
    99072   193.500 | 2.363457e+03 |    0.0011430
    99200   193.750 | 2.362677e+03 |    0.0011427
    99328   194.000 | 2.363800e+03 |    0.0011425
    99456   194.250 | 2.362583e+03 |    0.0011423
    99584   194.500 | 2.363807e+03 |    0.0011420
    99712   194.750 | 2.363316e+03 |    0.0011418
-------------------------------------------------
Iteration      Time | *me_per_hour | *ROBASE::rho
                    |              |      maximum
-------------------------------------------------
    99840   195.000 | 2.364359e+03 |    0.0011416
    99968   195.250 | 2.363002e+03 |    0.0011414
   100096   195.500 | 2.364241e+03 |    0.0011412
   100224   195.750 | 2.363480e+03 |    0.0011410
   100352   196.000 | 2.364357e+03 |    0.0011408
   100480   196.250 | 2.362972e+03 |    0.0011406
   100608   196.500 | 2.364100e+03 |    0.0011404
   100736   196.750 | 2.363586e+03 |    0.0011402
   100864   197.000 | 2.364544e+03 |    0.0011400
   100992   197.250 | 2.363012e+03 |    0.0011398
   101120   197.500 | 2.364254e+03 |    0.0011397
   101248   197.750 | 2.363575e+03 |    0.0011395
   101376   198.000 | 2.364693e+03 |    0.0011393
   101504   198.250 | 2.363379e+03 |    0.0011392
   101632   198.500 | 2.364634e+03 |    0.0011390
   101760   198.750 | 2.364247e+03 |    0.0011389
   101888   199.000 | 2.365373e+03 |    0.0011387
   102016   199.250 | 2.363973e+03 |    0.0011386
   102144   199.500 | 2.365213e+03 |    0.0011384
   102272   199.750 | 2.364771e+03 |    0.0011383
-------------------------------------------------
Iteration      Time | *me_per_hour | *ROBASE::rho
                    |              |      maximum
-------------------------------------------------
   102400   200.000 | 2.365832e+03 |    0.0011382
   102528   200.250 | 2.364230e+03 |    0.0011381
   102656   200.500 | 2.365492e+03 |    0.0011379
   102784   200.750 | 2.364992e+03 |    0.0011378
   102912   201.000 | 2.365986e+03 |    0.0011377
   103040   201.250 | 2.364821e+03 |    0.0011376
   103168   201.500 | 2.366065e+03 |    0.0011375
   103296   201.750 | 2.365302e+03 |    0.0011374
   103424   202.000 | 2.366412e+03 |    0.0011373
   103552   202.250 | 2.364733e+03 |    0.0011372
   103680   202.500 | 2.365903e+03 |    0.0011371
   103808   202.750 | 2.365206e+03 |    0.0011370
   103936   203.000 | 2.366276e+03 |    0.0011370
   104064   203.250 | 2.364832e+03 |    0.0011369
   104192   203.500 | 2.366078e+03 |    0.0011368
   104320   203.750 | 2.365615e+03 |    0.0011368
   104448   204.000 | 2.366662e+03 |    0.0011367
   104576   204.250 | 2.365566e+03 |    0.0011367
   104704   204.500 | 2.366772e+03 |    0.0011366
   104832   204.750 | 2.365937e+03 |    0.0011366
-------------------------------------------------
Iteration      Time | *me_per_hour | *ROBASE::rho
                    |              |      maximum
-------------------------------------------------
   104960   205.000 | 2.366862e+03 |    0.0011365
   105088   205.250 | 2.365555e+03 |    0.0011365
   105216   205.500 | 2.366656e+03 |    0.0011365
   105344   205.750 | 2.365842e+03 |    0.0011365
   105472   206.000 | 2.366992e+03 |    0.0011364
   105600   206.250 | 2.366131e+03 |    0.0011364
   105728   206.500 | 2.367361e+03 |    0.0011364
   105856   206.750 | 2.366603e+03 |    0.0011364
   105984   207.000 | 2.367609e+03 |    0.0011364
   106112   207.250 | 2.366473e+03 |    0.0011364
   106240   207.500 | 2.367618e+03 |    0.0011364
   106368   207.750 | 2.367005e+03 |    0.0011364
   106496   208.000 | 2.368108e+03 |    0.0011364
   106624   208.250 | 2.366997e+03 |    0.0011365
   106752   208.500 | 2.368073e+03 |    0.0011365
   106880   208.750 | 2.367635e+03 |    0.0011365
   107008   209.000 | 2.368573e+03 |    0.0011366
   107136   209.250 | 2.367456e+03 |    0.0011366
   107264   209.500 | 2.368670e+03 |    0.0011366
   107392   209.750 | 2.368385e+03 |    0.0011367
-------------------------------------------------
Iteration      Time | *me_per_hour | *ROBASE::rho
                    |              |      maximum
-------------------------------------------------
   107520   210.000 | 2.369466e+03 |    0.0011367
   107648   210.250 | 2.368602e+03 |    0.0011368
   107776   210.500 | 2.369799e+03 |    0.0011369
   107904   210.750 | 2.369413e+03 |    0.0011369
   108032   211.000 | 2.370393e+03 |    0.0011370
   108160   211.250 | 2.369361e+03 |    0.0011371
   108288   211.500 | 2.370100e+03 |    0.0011371
   108416   211.750 | 2.369506e+03 |    0.0011372
   108544   212.000 | 2.370080e+03 |    0.0011373
   108672   212.250 | 2.368748e+03 |    0.0011374
   108800   212.500 | 2.369713e+03 |    0.0011375
   108928   212.750 | 2.369128e+03 |    0.0011376
   109056   213.000 | 2.369999e+03 |    0.0011377
   109184   213.250 | 2.369058e+03 |    0.0011378
   109312   213.500 | 2.370255e+03 |    0.0011379
   109440   213.750 | 2.369731e+03 |    0.0011380
   109568   214.000 | 2.370655e+03 |    0.0011382
   109696   214.250 | 2.369444e+03 |    0.0011383
   109824   214.500 | 2.370577e+03 |    0.0011384
   109952   214.750 | 2.370048e+03 |    0.0011385
-------------------------------------------------
Iteration      Time | *me_per_hour | *ROBASE::rho
                    |              |      maximum
-------------------------------------------------
   110080   215.000 | 2.370801e+03 |    0.0011387
   110208   215.250 | 2.369603e+03 |    0.0011388
   110336   215.500 | 2.370742e+03 |    0.0011389
   110464   215.750 | 2.370254e+03 |    0.0011391
   110592   216.000 | 2.371222e+03 |    0.0011392
   110720   216.250 | 2.370150e+03 |    0.0011394
   110848   216.500 | 2.371358e+03 |    0.0011395
   110976   216.750 | 2.370950e+03 |    0.0011397
   111104   217.000 | 2.371849e+03 |    0.0011399
   111232   217.250 | 2.370086e+03 |    0.0011400
   111360   217.500 | 2.371137e+03 |    0.0011402
   111488   217.750 | 2.370508e+03 |    0.0011404
   111616   218.000 | 2.371508e+03 |    0.0011405
   111744   218.250 | 2.370221e+03 |    0.0011407
   111872   218.500 | 2.371270e+03 |    0.0011409
   112000   218.750 | 2.370750e+03 |    0.0011411
   112128   219.000 | 2.371779e+03 |    0.0011413
   112256   219.250 | 2.370732e+03 |    0.0011415
   112384   219.500 | 2.371925e+03 |    0.0011417
   112512   219.750 | 2.371558e+03 |    0.0011419
-------------------------------------------------
Iteration      Time | *me_per_hour | *ROBASE::rho
                    |              |      maximum
-------------------------------------------------
   112640   220.000 | 2.372519e+03 |    0.0011421
   112768   220.250 | 2.371046e+03 |    0.0011423
   112896   220.500 | 2.372082e+03 |    0.0011425
   113024   220.750 | 2.371490e+03 |    0.0011427
   113152   221.000 | 2.372518e+03 |    0.0011429
   113280   221.250 | 2.371340e+03 |    0.0011431
   113408   221.500 | 2.372462e+03 |    0.0011433
   113536   221.750 | 2.371449e+03 |    0.0011436
   113664   222.000 | 2.372216e+03 |    0.0011438
   113792   222.250 | 2.370902e+03 |    0.0011440
   113920   222.500 | 2.371913e+03 |    0.0011443
   114048   222.750 | 2.371086e+03 |    0.0011445
   114176   223.000 | 2.371852e+03 |    0.0011447
   114304   223.250 | 2.370710e+03 |    0.0011450
   114432   223.500 | 2.371151e+03 |    0.0011452
   114560   223.750 | 2.369650e+03 |    0.0011455
   114688   224.000 | 2.369976e+03 |    0.0011457
   114816   224.250 | 2.368577e+03 |    0.0011460
   114944   224.500 | 2.369526e+03 |    0.0011462
   115072   224.750 | 2.368921e+03 |    0.0011465
-------------------------------------------------
Iteration      Time | *me_per_hour | *ROBASE::rho
                    |              |      maximum
-------------------------------------------------
   115200   225.000 | 2.369850e+03 |    0.0011467
   115328   225.250 | 2.368646e+03 |    0.0011470
   115456   225.500 | 2.369519e+03 |    0.0011473
   115584   225.750 | 2.368858e+03 |    0.0011475
   115712   226.000 | 2.369727e+03 |    0.0011478
   115840   226.250 | 2.368500e+03 |    0.0011481
   115968   226.500 | 2.369490e+03 |    0.0011483
   116096   226.750 | 2.368710e+03 |    0.0011486
   116224   227.000 | 2.369413e+03 |    0.0011489
   116352   227.250 | 2.367717e+03 |    0.0011492
   116480   227.500 | 2.368493e+03 |    0.0011495
   116608   227.750 | 2.367777e+03 |    0.0011497
   116736   228.000 | 2.368566e+03 |    0.0011500
   116864   228.250 | 2.367088e+03 |    0.0011503
   116992   228.500 | 2.367934e+03 |    0.0011506
   117120   228.750 | 2.367416e+03 |    0.0011509
   117248   229.000 | 2.368148e+03 |    0.0011512
   117376   229.250 | 2.366789e+03 |    0.0011515
   117504   229.500 | 2.367591e+03 |    0.0011518
   117632   229.750 | 2.366850e+03 |    0.0011521
-------------------------------------------------
Iteration      Time | *me_per_hour | *ROBASE::rho
                    |              |      maximum
-------------------------------------------------
   117760   230.000 | 2.367831e+03 |    0.0011524
   117888   230.250 | 2.366248e+03 |    0.0011527
   118016   230.500 | 2.367155e+03 |    0.0011530
   118144   230.750 | 2.365951e+03 |    0.0011533
   118272   231.000 | 2.366554e+03 |    0.0011536
   118400   231.250 | 2.365096e+03 |    0.0011539
   118528   231.500 | 2.365994e+03 |    0.0011542
   118656   231.750 | 2.365098e+03 |    0.0011545
   118784   232.000 | 2.365980e+03 |    0.0011548
   118912   232.250 | 2.364800e+03 |    0.0011551
   119040   232.500 | 2.365794e+03 |    0.0011555
   119168   232.750 | 2.364997e+03 |    0.0011558
   119296   233.000 | 2.365632e+03 |    0.0011561
   119424   233.250 | 2.364615e+03 |    0.0011564
   119552   233.500 | 2.365581e+03 |    0.0011567
   119680   233.750 | 2.364954e+03 |    0.0011570
   119808   234.000 | 2.365648e+03 |    0.0011574
   119936   234.250 | 2.363923e+03 |    0.0011577
   120064   234.500 | 2.364700e+03 |    0.0011580
   120192   234.750 | 2.363952e+03 |    0.0011583
-------------------------------------------------
Iteration      Time | *me_per_hour | *ROBASE::rho
                    |              |      maximum
-------------------------------------------------
   120320   235.000 | 2.364916e+03 |    0.0011587
   120448   235.250 | 2.363307e+03 |    0.0011590
   120576   235.500 | 2.364319e+03 |    0.0011593
   120704   235.750 | 2.363825e+03 |    0.0011596
   120832   236.000 | 2.364678e+03 |    0.0011600
   120960   236.250 | 2.363119e+03 |    0.0011603
   121088   236.500 | 2.363890e+03 |    0.0011606
   121216   236.750 | 2.363471e+03 |    0.0011609
   121344   237.000 | 2.363847e+03 |    0.0011613
   121472   237.250 | 2.361212e+03 |    0.0011616
   121600   237.500 | 2.362082e+03 |    0.0011619
   121728   237.750 | 2.361688e+03 |    0.0011623
   121856   238.000 | 2.362569e+03 |    0.0011626
   121984   238.250 | 2.361432e+03 |    0.0011629
   122112   238.500 | 2.362656e+03 |    0.0011633
   122240   238.750 | 2.362496e+03 |    0.0011636
   122368   239.000 | 2.363549e+03 |    0.0011639
   122496   239.250 | 2.362956e+03 |    0.0011643
   122624   239.500 | 2.364148e+03 |    0.0011646
   122752   239.750 | 2.364049e+03 |    0.0011650
-------------------------------------------------
Iteration      Time | *me_per_hour | *ROBASE::rho
                    |              |      maximum
-------------------------------------------------
   122880   240.000 | 2.364992e+03 |    0.0011653
   123008   240.250 | 2.364251e+03 |    0.0011656
   123136   240.500 | 2.365451e+03 |    0.0011660
   123264   240.750 | 2.365264e+03 |    0.0011663
   123392   241.000 | 2.366243e+03 |    0.0011667
   123520   241.250 | 2.365055e+03 |    0.0011670
   123648   241.500 | 2.366145e+03 |    0.0011674
   123776   241.750 | 2.365893e+03 |    0.0011677
   123904   242.000 | 2.366861e+03 |    0.0011680
   124032   242.250 | 2.366135e+03 |    0.0011684
   124160   242.500 | 2.367300e+03 |    0.0011687
   124288   242.750 | 2.367353e+03 |    0.0011691
   124416   243.000 | 2.368504e+03 |    0.0011694
   124544   243.250 | 2.367978e+03 |    0.0011698
   124672   243.500 | 2.369244e+03 |    0.0011701
   124800   243.750 | 2.369201e+03 |    0.0011704
   124928   244.000 | 2.370332e+03 |    0.0011708
   125056   244.250 | 2.369829e+03 |    0.0011711
   125184   244.500 | 2.370758e+03 |    0.0011715
   125312   244.750 | 2.370268e+03 |    0.0011718
-------------------------------------------------
Iteration      Time | *me_per_hour | *ROBASE::rho
                    |              |      maximum
-------------------------------------------------
   125440   245.000 | 2.371244e+03 |    0.0011722
   125568   245.250 | 2.370330e+03 |    0.0011725
   125696   245.500 | 2.371360e+03 |    0.0011728
   125824   245.750 | 2.370965e+03 |    0.0011732
   125952   246.000 | 2.371855e+03 |    0.0011735
   126080   246.250 | 2.371053e+03 |    0.0011739
   126208   246.500 | 2.372023e+03 |    0.0011742
   126336   246.750 | 2.371628e+03 |    0.0011745
   126464   247.000 | 2.372634e+03 |    0.0011749
   126592   247.250 | 2.371795e+03 |    0.0011752
   126720   247.500 | 2.373014e+03 |    0.0011755
   126848   247.750 | 2.372913e+03 |    0.0011759
   126976   248.000 | 2.373725e+03 |    0.0011762
   127104   248.250 | 2.372763e+03 |    0.0011765
   127232   248.500 | 2.373947e+03 |    0.0011769
   127360   248.750 | 2.374022e+03 |    0.0011772
   127488   249.000 | 2.375125e+03 |    0.0011775
   127616   249.250 | 2.374657e+03 |    0.0011778
   127744   249.500 | 2.375788e+03 |    0.0011781
   127872   249.750 | 2.375465e+03 |    0.0011785
-------------------------------------------------
Iteration      Time | *me_per_hour | *ROBASE::rho
                    |              |      maximum
-------------------------------------------------
   128000   250.000 | 2.376173e+03 |    0.0011788
   128128   250.250 | 2.375066e+03 |    0.0011791
   128256   250.500 | 2.375824e+03 |    0.0011794
   128384   250.750 | 2.374889e+03 |    0.0011797
   128512   251.000 | 2.375242e+03 |    0.0011800
   128640   251.250 | 2.373767e+03 |    0.0011803
   128768   251.500 | 2.374732e+03 |    0.0011807
   128896   251.750 | 2.374485e+03 |    0.0011810
   129024   252.000 | 2.375307e+03 |    0.0011813
   129152   252.250 | 2.374502e+03 |    0.0011816
   129280   252.500 | 2.375501e+03 |    0.0011819
   129408   252.750 | 2.375161e+03 |    0.0011822
   129536   253.000 | 2.376043e+03 |    0.0011824
   129664   253.250 | 2.375086e+03 |    0.0011827
   129792   253.500 | 2.376121e+03 |    0.0011830
   129920   253.750 | 2.375848e+03 |    0.0011833
   130048   254.000 | 2.376697e+03 |    0.0011836
   130176   254.250 | 2.375585e+03 |    0.0011839
   130304   254.500 | 2.376486e+03 |    0.0011842
   130432   254.750 | 2.375725e+03 |    0.0011844
-------------------------------------------------
Iteration      Time | *me_per_hour | *ROBASE::rho
                    |              |      maximum
-------------------------------------------------
   130560   255.000 | 2.376436e+03 |    0.0011847
   130688   255.250 | 2.375061e+03 |    0.0011850
   130816   255.500 | 2.376056e+03 |    0.0011853
   130944   255.750 | 2.375463e+03 |    0.0011855
   131072   256.000 | 2.374738e+03 |    0.0011858
   131200   256.250 | 2.372310e+03 |    0.0011861
   131328   256.500 | 2.373244e+03 |    0.0011863
   131456   256.750 | 2.372664e+03 |    0.0011866
   131584   257.000 | 2.373453e+03 |    0.0011868
   131712   257.250 | 2.372499e+03 |    0.0011871
   131840   257.500 | 2.373503e+03 |    0.0011873
   131968   257.750 | 2.373225e+03 |    0.0011876
   132096   258.000 | 2.374091e+03 |    0.0011878
   132224   258.250 | 2.373227e+03 |    0.0011881
   132352   258.500 | 2.374224e+03 |    0.0011883
   132480   258.750 | 2.373795e+03 |    0.0011886
   132608   259.000 | 2.374659e+03 |    0.0011888
   132736   259.250 | 2.373399e+03 |    0.0011890
   132864   259.500 | 2.374205e+03 |    0.0011893
   132992   259.750 | 2.373729e+03 |    0.0011895
-------------------------------------------------
Iteration      Time | *me_per_hour | *ROBASE::rho
                    |              |      maximum
-------------------------------------------------
   133120   260.000 | 2.374380e+03 |    0.0011897
   133248   260.250 | 2.373558e+03 |    0.0011899
   133376   260.500 | 2.374367e+03 |    0.0011901
   133504   260.750 | 2.373821e+03 |    0.0011904
   133632   261.000 | 2.374535e+03 |    0.0011906
   133760   261.250 | 2.373611e+03 |    0.0011908
   133888   261.500 | 2.374553e+03 |    0.0011910
   134016   261.750 | 2.374095e+03 |    0.0011912
   134144   262.000 | 2.374908e+03 |    0.0011914
   134272   262.250 | 2.373985e+03 |    0.0011916
   134400   262.500 | 2.374786e+03 |    0.0011918
   134528   262.750 | 2.374152e+03 |    0.0011920
   134656   263.000 | 2.375005e+03 |    0.0011922
   134784   263.250 | 2.373826e+03 |    0.0011924
   134912   263.500 | 2.374741e+03 |    0.0011925
   135040   263.750 | 2.374206e+03 |    0.0011927
   135168   264.000 | 2.374880e+03 |    0.0011929
   135296   264.250 | 2.373972e+03 |    0.0011931
   135424   264.500 | 2.374935e+03 |    0.0011932
   135552   264.750 | 2.374540e+03 |    0.0011934
-------------------------------------------------
Iteration      Time | *me_per_hour | *ROBASE::rho
                    |              |      maximum
-------------------------------------------------
   135680   265.000 | 2.375275e+03 |    0.0011936
   135808   265.250 | 2.373890e+03 |    0.0011937
   135936   265.500 | 2.374764e+03 |    0.0011939
   136064   265.750 | 2.374105e+03 |    0.0011940
   136192   266.000 | 2.374796e+03 |    0.0011942
   136320   266.250 | 2.373639e+03 |    0.0011943
   136448   266.500 | 2.374403e+03 |    0.0011945
   136576   266.750 | 2.373736e+03 |    0.0011946
   136704   267.000 | 2.374273e+03 |    0.0011948
   136832   267.250 | 2.373399e+03 |    0.0011949
   136960   267.500 | 2.374339e+03 |    0.0011950
   137088   267.750 | 2.373738e+03 |    0.0011952
   137216   268.000 | 2.374478e+03 |    0.0011953
   137344   268.250 | 2.373496e+03 |    0.0011954
   137472   268.500 | 2.374408e+03 |    0.0011955
   137600   268.750 | 2.373580e+03 |    0.0011956
   137728   269.000 | 2.374365e+03 |    0.0011957
   137856   269.250 | 2.373488e+03 |    0.0011958
   137984   269.500 | 2.374180e+03 |    0.0011960
   138112   269.750 | 2.373836e+03 |    0.0011961
-------------------------------------------------
Iteration      Time | *me_per_hour | *ROBASE::rho
                    |              |      maximum
-------------------------------------------------
   138240   270.000 | 2.374584e+03 |    0.0011961
   138368   270.250 | 2.373748e+03 |    0.0011962
   138496   270.500 | 2.374615e+03 |    0.0011963
   138624   270.750 | 2.374168e+03 |    0.0011964
   138752   271.000 | 2.374906e+03 |    0.0011965
   138880   271.250 | 2.373795e+03 |    0.0011966
   139008   271.500 | 2.374506e+03 |    0.0011966
   139136   271.750 | 2.373739e+03 |    0.0011967
   139264   272.000 | 2.374524e+03 |    0.0011968
   139392   272.250 | 2.373723e+03 |    0.0011968
   139520   272.500 | 2.374712e+03 |    0.0011969
   139648   272.750 | 2.374482e+03 |    0.0011970
   139776   273.000 | 2.375350e+03 |    0.0011970
   139904   273.250 | 2.374686e+03 |    0.0011971
   140032   273.500 | 2.375408e+03 |    0.0011971
   140160   273.750 | 2.375158e+03 |    0.0011971
   140288   274.000 | 2.375978e+03 |    0.0011972
   140416   274.250 | 2.375232e+03 |    0.0011972
   140544   274.500 | 2.376051e+03 |    0.0011972
   140672   274.750 | 2.375480e+03 |    0.0011973
-------------------------------------------------
Iteration      Time | *me_per_hour | *ROBASE::rho
                    |              |      maximum
-------------------------------------------------
   140800   275.000 | 2.376115e+03 |    0.0011973
   140928   275.250 | 2.375311e+03 |    0.0011973
   141056   275.500 | 2.376191e+03 |    0.0011973
   141184   275.750 | 2.375727e+03 |    0.0011973
   141312   276.000 | 2.376097e+03 |    0.0011973
   141440   276.250 | 2.374422e+03 |    0.0011974
   141568   276.500 | 2.375138e+03 |    0.0011974
   141696   276.750 | 2.374808e+03 |    0.0011973
   141824   277.000 | 2.375435e+03 |    0.0011973
   141952   277.250 | 2.374445e+03 |    0.0011973
   142080   277.500 | 2.375284e+03 |    0.0011973
   142208   277.750 | 2.374830e+03 |    0.0011973
   142336   278.000 | 2.375632e+03 |    0.0011973
   142464   278.250 | 2.374882e+03 |    0.0011973
   142592   278.500 | 2.375904e+03 |    0.0011972
   142720   278.750 | 2.375479e+03 |    0.0011972
   142848   279.000 | 2.376232e+03 |    0.0011972
   142976   279.250 | 2.375415e+03 |    0.0011971
   143104   279.500 | 2.376327e+03 |    0.0011971
   143232   279.750 | 2.376291e+03 |    0.0011970
-------------------------------------------------
Iteration      Time | *me_per_hour | *ROBASE::rho
                    |              |      maximum
-------------------------------------------------
   143360   280.000 | 2.377349e+03 |    0.0011970
   143488   280.250 | 2.377136e+03 |    0.0011970
   143616   280.500 | 2.378293e+03 |    0.0011969
   143744   280.750 | 2.378511e+03 |    0.0011968
   143872   281.000 | 2.379564e+03 |    0.0011968
   144000   281.250 | 2.379353e+03 |    0.0011967
   144128   281.500 | 2.380495e+03 |    0.0011966
   144256   281.750 | 2.380681e+03 |    0.0011966
   144384   282.000 | 2.381725e+03 |    0.0011965
   144512   282.250 | 2.381484e+03 |    0.0011964
   144640   282.500 | 2.382613e+03 |    0.0011963
   144768   282.750 | 2.382719e+03 |    0.0011963
   144896   283.000 | 2.383702e+03 |    0.0011962
   145024   283.250 | 2.383211e+03 |    0.0011961
   145152   283.500 | 2.384252e+03 |    0.0011960
   145280   283.750 | 2.384243e+03 |    0.0011959
   145408   284.000 | 2.385200e+03 |    0.0011958
   145536   284.250 | 2.384769e+03 |    0.0011957
   145664   284.500 | 2.385827e+03 |    0.0011956
   145792   284.750 | 2.385880e+03 |    0.0011955
-------------------------------------------------
Iteration      Time | *me_per_hour | *ROBASE::rho
                    |              |      maximum
-------------------------------------------------
   145920   285.000 | 2.386830e+03 |    0.0011954
   146048   285.250 | 2.386428e+03 |    0.0011952
   146176   285.500 | 2.387514e+03 |    0.0011951
   146304   285.750 | 2.387580e+03 |    0.0011950
   146432   286.000 | 2.388492e+03 |    0.0011949
   146560   286.250 | 2.388043e+03 |    0.0011948
   146688   286.500 | 2.389089e+03 |    0.0011946
   146816   286.750 | 2.389101e+03 |    0.0011945
   146944   287.000 | 2.390017e+03 |    0.0011943
   147072   287.250 | 2.389610e+03 |    0.0011942
   147200   287.500 | 2.390672e+03 |    0.0011941
   147328   287.750 | 2.390749e+03 |    0.0011939
   147456   288.000 | 2.391430e+03 |    0.0011938
   147584   288.250 | 2.390830e+03 |    0.0011936
   147712   288.500 | 2.391794e+03 |    0.0011935
   147840   288.750 | 2.391693e+03 |    0.0011933
   147968   289.000 | 2.392385e+03 |    0.0011931
   148096   289.250 | 2.391291e+03 |    0.0011930
   148224   289.500 | 2.392072e+03 |    0.0011928
   148352   289.750 | 2.391690e+03 |    0.0011926
-------------------------------------------------
Iteration      Time | *me_per_hour | *ROBASE::rho
                    |              |      maximum
-------------------------------------------------
   148480   290.000 | 2.392462e+03 |    0.0011925
   148608   290.250 | 2.391388e+03 |    0.0011923
   148736   290.500 | 2.392243e+03 |    0.0011921
   148864   290.750 | 2.391880e+03 |    0.0011919
   148992   291.000 | 2.392548e+03 |    0.0011918
   149120   291.250 | 2.391666e+03 |    0.0011916
   149248   291.500 | 2.392465e+03 |    0.0011914
   149376   291.750 | 2.391836e+03 |    0.0011912
   149504   292.000 | 2.392507e+03 |    0.0011910
   149632   292.250 | 2.391390e+03 |    0.0011908
   149760   292.500 | 2.392232e+03 |    0.0011906
   149888   292.750 | 2.391989e+03 |    0.0011904
   150016   293.000 | 2.392744e+03 |    0.0011902
   150144   293.250 | 2.392042e+03 |    0.0011900
   150272   293.500 | 2.392899e+03 |    0.0011898
   150400   293.750 | 2.392632e+03 |    0.0011896
   150528   294.000 | 2.393379e+03 |    0.0011894
   150656   294.250 | 2.392462e+03 |    0.0011892
   150784   294.500 | 2.393348e+03 |    0.0011889
   150912   294.750 | 2.393170e+03 |    0.0011887
-------------------------------------------------
Iteration      Time | *me_per_hour | *ROBASE::rho
                    |              |      maximum
-------------------------------------------------
   151040   295.000 | 2.393985e+03 |    0.0011885
   151168   295.250 | 2.393357e+03 |    0.0011883
   151296   295.500 | 2.394250e+03 |    0.0011881
   151424   295.750 | 2.394290e+03 |    0.0011878
   151552   296.000 | 2.395228e+03 |    0.0011876
   151680   296.250 | 2.394958e+03 |    0.0011874
   151808   296.500 | 2.395806e+03 |    0.0011871
   151936   296.750 | 2.395561e+03 |    0.0011869
   152064   297.000 | 2.396325e+03 |    0.0011867
   152192   297.250 | 2.395602e+03 |    0.0011864
   152320   297.500 | 2.396453e+03 |    0.0011862
   152448   297.750 | 2.396211e+03 |    0.0011859
   152576   298.000 | 2.396922e+03 |    0.0011857
   152704   298.250 | 2.395821e+03 |    0.0011855
   152832   298.500 | 2.396510e+03 |    0.0011852
   152960   298.750 | 2.396092e+03 |    0.0011850
   153088   299.000 | 2.396798e+03 |    0.0011847
   153216   299.250 | 2.395842e+03 |    0.0011845
   153344   299.500 | 2.396751e+03 |    0.0011842
   153472   299.750 | 2.396714e+03 |    0.0011840
-------------------------------------------------
Iteration      Time | *me_per_hour | *ROBASE::rho
                    |              |      maximum
-------------------------------------------------
   153600   300.000 | 2.397405e+03 |    0.0011837
   153728   300.250 | 2.396871e+03 |    0.0011835
   153856   300.500 | 2.397781e+03 |    0.0011832
   153984   300.750 | 2.397485e+03 |    0.0011829
   154112   301.000 | 2.398177e+03 |    0.0011827
   154240   301.250 | 2.397382e+03 |    0.0011824
   154368   301.500 | 2.398221e+03 |    0.0011822
   154496   301.750 | 2.397909e+03 |    0.0011819
   154624   302.000 | 2.398616e+03 |    0.0011816
   154752   302.250 | 2.397845e+03 |    0.0011814
   154880   302.500 | 2.398617e+03 |    0.0011811
   155008   302.750 | 2.398419e+03 |    0.0011809
   155136   303.000 | 2.399203e+03 |    0.0011806
   155264   303.250 | 2.398584e+03 |    0.0011803
   155392   303.500 | 2.399538e+03 |    0.0011800
   155520   303.750 | 2.399378e+03 |    0.0011798
   155648   304.000 | 2.399862e+03 |    0.0011795
   155776   304.250 | 2.398852e+03 |    0.0011792
   155904   304.500 | 2.399634e+03 |    0.0011790
   156032   304.750 | 2.399211e+03 |    0.0011787
-------------------------------------------------
Iteration      Time | *me_per_hour | *ROBASE::rho
                    |              |      maximum
-------------------------------------------------
   156160   305.000 | 2.399870e+03 |    0.0011784
   156288   305.250 | 2.399099e+03 |    0.0011782
   156416   305.500 | 2.399747e+03 |    0.0011779
   156544   305.750 | 2.398941e+03 |    0.0011776
   156672   306.000 | 2.399399e+03 |    0.0011773
   156800   306.250 | 2.398238e+03 |    0.0011771
   156928   306.500 | 2.398950e+03 |    0.0011768
   157056   306.750 | 2.398224e+03 |    0.0011765
   157184   307.000 | 2.398499e+03 |    0.0011762
   157312   307.250 | 2.397479e+03 |    0.0011760
   157440   307.500 | 2.398215e+03 |    0.0011757
   157568   307.750 | 2.397565e+03 |    0.0011754
   157696   308.000 | 2.398062e+03 |    0.0011751
   157824   308.250 | 2.396842e+03 |    0.0011749
   157952   308.500 | 2.397558e+03 |    0.0011746
   158080   308.750 | 2.397030e+03 |    0.0011743
   158208   309.000 | 2.397459e+03 |    0.0011741
   158336   309.250 | 2.396235e+03 |    0.0011738
   158464   309.500 | 2.396669e+03 |    0.0011735
   158592   309.750 | 2.396174e+03 |    0.0011732
-------------------------------------------------
Iteration      Time | *me_per_hour | *ROBASE::rho
                    |              |      maximum
-------------------------------------------------
   158720   310.000 | 2.396813e+03 |    0.0011730
   158848   310.250 | 2.396100e+03 |    0.0011727
   158976   310.500 | 2.396953e+03 |    0.0011724
   159104   310.750 | 2.396694e+03 |    0.0011721
   159232   311.000 | 2.397500e+03 |    0.0011719
   159360   311.250 | 2.396598e+03 |    0.0011716
   159488   311.500 | 2.397527e+03 |    0.0011713
   159616   311.750 | 2.397082e+03 |    0.0011710
   159744   312.000 | 2.397847e+03 |    0.0011708
   159872   312.250 | 2.397114e+03 |    0.0011705
   160000   312.500 | 2.397810e+03 |    0.0011702
   160128   312.750 | 2.397643e+03 |    0.0011700
   160256   313.000 | 2.398325e+03 |    0.0011697
   160384   313.250 | 2.397405e+03 |    0.0011694
   160512   313.500 | 2.398271e+03 |    0.0011692
   160640   313.750 | 2.398087e+03 |    0.0011689
   160768   314.000 | 2.398545e+03 |    0.0011686
   160896   314.250 | 2.397572e+03 |    0.0011684
   161024   314.500 | 2.398252e+03 |    0.0011681
   161152   314.750 | 2.397866e+03 |    0.0011678
-------------------------------------------------
Iteration      Time | *me_per_hour | *ROBASE::rho
                    |              |      maximum
-------------------------------------------------
   161280   315.000 | 2.398619e+03 |    0.0011676
   161408   315.250 | 2.397792e+03 |    0.0011673
   161536   315.500 | 2.398501e+03 |    0.0011671
   161664   315.750 | 2.398287e+03 |    0.0011668
   161792   316.000 | 2.398991e+03 |    0.0011665
   161920   316.250 | 2.398404e+03 |    0.0011663
   162048   316.500 | 2.399227e+03 |    0.0011660
   162176   316.750 | 2.398726e+03 |    0.0011658
   162304   317.000 | 2.399362e+03 |    0.0011655
   162432   317.250 | 2.398387e+03 |    0.0011653
   162560   317.500 | 2.399095e+03 |    0.0011650
   162688   317.750 | 2.398936e+03 |    0.0011648
   162816   318.000 | 2.399756e+03 |    0.0011645
   162944   318.250 | 2.399268e+03 |    0.0011643
   163072   318.500 | 2.400122e+03 |    0.0011640
   163200   318.750 | 2.400013e+03 |    0.0011638
   163328   319.000 | 2.400796e+03 |    0.0011635
   163456   319.250 | 2.400265e+03 |    0.0011633
   163584   319.500 | 2.401110e+03 |    0.0011631
   163712   319.750 | 2.400818e+03 |    0.0011628
-------------------------------------------------
Iteration      Time | *me_per_hour | *ROBASE::rho
                    |              |      maximum
-------------------------------------------------
   163840   320.000 | 2.400387e+03 |    0.0011626
   163968   320.250 | 2.398710e+03 |    0.0011623
   164096   320.500 | 2.399504e+03 |    0.0011621
   164224   320.750 | 2.399154e+03 |    0.0011619
   164352   321.000 | 2.399868e+03 |    0.0011616
   164480   321.250 | 2.399159e+03 |    0.0011614
   164608   321.500 | 2.400041e+03 |    0.0011612
   164736   321.750 | 2.399981e+03 |    0.0011609
   164864   322.000 | 2.400771e+03 |    0.0011607
   164992   322.250 | 2.400053e+03 |    0.0011605
   165120   322.500 | 2.400696e+03 |    0.0011603
   165248   322.750 | 2.400487e+03 |    0.0011601
   165376   323.000 | 2.401192e+03 |    0.0011598
   165504   323.250 | 2.400350e+03 |    0.0011596
   165632   323.500 | 2.401176e+03 |    0.0011594
   165760   323.750 | 2.400928e+03 |    0.0011592
   165888   324.000 | 2.401688e+03 |    0.0011590
   166016   324.250 | 2.401107e+03 |    0.0011588
   166144   324.500 | 2.401952e+03 |    0.0011586
   166272   324.750 | 2.401746e+03 |    0.0011584
-------------------------------------------------
Iteration      Time | *me_per_hour | *ROBASE::rho
                    |              |      maximum
-------------------------------------------------
   166400   325.000 | 2.402497e+03 |    0.0011582
   166528   325.250 | 2.401834e+03 |    0.0011579
   166656   325.500 | 2.402717e+03 |    0.0011577
   166784   325.750 | 2.402579e+03 |    0.0011576
   166912   326.000 | 2.403319e+03 |    0.0011574
   167040   326.250 | 2.402599e+03 |    0.0011572
   167168   326.500 | 2.403453e+03 |    0.0011570
   167296   326.750 | 2.403143e+03 |    0.0011568
   167424   327.000 | 2.403745e+03 |    0.0011566
   167552   327.250 | 2.403051e+03 |    0.0011564
   167680   327.500 | 2.403854e+03 |    0.0011562
   167808   327.750 | 2.403625e+03 |    0.0011560
   167936   328.000 | 2.404320e+03 |    0.0011559
   168064   328.250 | 2.403725e+03 |    0.0011557
   168192   328.500 | 2.404431e+03 |    0.0011555
   168320   328.750 | 2.404171e+03 |    0.0011553
   168448   329.000 | 2.404878e+03 |    0.0011551
   168576   329.250 | 2.404162e+03 |    0.0011550
   168704   329.500 | 2.405030e+03 |    0.0011548
   168832   329.750 | 2.404902e+03 |    0.0011546
-------------------------------------------------
Iteration      Time | *me_per_hour | *ROBASE::rho
                    |              |      maximum
-------------------------------------------------
   168960   330.000 | 2.405652e+03 |    0.0011545
   169088   330.250 | 2.405182e+03 |    0.0011543
   169216   330.500 | 2.406158e+03 |    0.0011542
   169344   330.750 | 2.406175e+03 |    0.0011540
   169472   331.000 | 2.406884e+03 |    0.0011538
   169600   331.250 | 2.406480e+03 |    0.0011537
   169728   331.500 | 2.407335e+03 |    0.0011535
   169856   331.750 | 2.407275e+03 |    0.0011534
   169984   332.000 | 2.408039e+03 |    0.0011532
   170112   332.250 | 2.407625e+03 |    0.0011531
   170240   332.500 | 2.408464e+03 |    0.0011529
   170368   332.750 | 2.408436e+03 |    0.0011528
   170496   333.000 | 2.409222e+03 |    0.0011527
   170624   333.250 | 2.408888e+03 |    0.0011525
   170752   333.500 | 2.409802e+03 |    0.0011524
   170880   333.750 | 2.409857e+03 |    0.0011523
   171008   334.000 | 2.410689e+03 |    0.0011521
   171136   334.250 | 2.410367e+03 |    0.0011520
   171264   334.500 | 2.411277e+03 |    0.0011519
   171392   334.750 | 2.411320e+03 |    0.0011517
-------------------------------------------------
Iteration      Time | *me_per_hour | *ROBASE::rho
                    |              |      maximum
-------------------------------------------------
   171520   335.000 | 2.412137e+03 |    0.0011516
   171648   335.250 | 2.411815e+03 |    0.0011515
   171776   335.500 | 2.412717e+03 |    0.0011514
   171904   335.750 | 2.412758e+03 |    0.0011513
   172032   336.000 | 2.413570e+03 |    0.0011512
   172160   336.250 | 2.413189e+03 |    0.0011511
   172288   336.500 | 2.414092e+03 |    0.0011509
   172416   336.750 | 2.414133e+03 |    0.0011508
   172544   337.000 | 2.414895e+03 |    0.0011507
   172672   337.250 | 2.414466e+03 |    0.0011506
   172800   337.500 | 2.415330e+03 |    0.0011505
   172928   337.750 | 2.415331e+03 |    0.0011505
   173056   338.000 | 2.416144e+03 |    0.0011504
   173184   338.250 | 2.415820e+03 |    0.0011503
   173312   338.500 | 2.416722e+03 |    0.0011502
   173440   338.750 | 2.416439e+03 |    0.0011501
   173568   339.000 | 2.416926e+03 |    0.0011500
   173696   339.250 | 2.416078e+03 |    0.0011499
   173824   339.500 | 2.416728e+03 |    0.0011499
   173952   339.750 | 2.416024e+03 |    0.0011498
-------------------------------------------------
Iteration      Time | *me_per_hour | *ROBASE::rho
                    |              |      maximum
-------------------------------------------------
   174080   340.000 | 2.416451e+03 |    0.0011497
   174208   340.250 | 2.414829e+03 |    0.0011496
   174336   340.500 | 2.415249e+03 |    0.0011496
   174464   340.750 | 2.414141e+03 |    0.0011495
   174592   341.000 | 2.414536e+03 |    0.0011495
   174720   341.250 | 2.413210e+03 |    0.0011494
   174848   341.500 | 2.413588e+03 |    0.0011493
   174976   341.750 | 2.412748e+03 |    0.0011493
   175104   342.000 | 2.412976e+03 |    0.0011492
   175232   342.250 | 2.411768e+03 |    0.0011492
   175360   342.500 | 2.412320e+03 |    0.0011492
   175488   342.750 | 2.412000e+03 |    0.0011491
   175616   343.000 | 2.412551e+03 |    0.0011491
   175744   343.250 | 2.411830e+03 |    0.0011490
   175872   343.500 | 2.412490e+03 |    0.0011490
   176000   343.750 | 2.412094e+03 |    0.0011490
   176128   344.000 | 2.412711e+03 |    0.0011489
   176256   344.250 | 2.412044e+03 |    0.0011489
   176384   344.500 | 2.412804e+03 |    0.0011489
   176512   344.750 | 2.412511e+03 |    0.0011489
-------------------------------------------------
Iteration      Time | *me_per_hour | *ROBASE::rho
                    |              |      maximum
-------------------------------------------------
   176640   345.000 | 2.413051e+03 |    0.0011489
   176768   345.250 | 2.412120e+03 |    0.0011489
   176896   345.500 | 2.412826e+03 |    0.0011488
   177024   345.750 | 2.412544e+03 |    0.0011488
   177152   346.000 | 2.413156e+03 |    0.0011488
   177280   346.250 | 2.412266e+03 |    0.0011488
   177408   346.500 | 2.412868e+03 |    0.0011488
   177536   346.750 | 2.412369e+03 |    0.0011488
   177664   347.000 | 2.412921e+03 |    0.0011488
   177792   347.250 | 2.412178e+03 |    0.0011488
   177920   347.500 | 2.412865e+03 |    0.0011489
   178048   347.750 | 2.412490e+03 |    0.0011489
   178176   348.000 | 2.412942e+03 |    0.0011489
   178304   348.250 | 2.412306e+03 |    0.0011489
   178432   348.500 | 2.412995e+03 |    0.0011489
   178560   348.750 | 2.412429e+03 |    0.0011489
   178688   349.000 | 2.412922e+03 |    0.0011490
   178816   349.250 | 2.412168e+03 |    0.0011490
   178944   349.500 | 2.412873e+03 |    0.0011490
   179072   349.750 | 2.412513e+03 |    0.0011491
-------------------------------------------------
Iteration      Time | *me_per_hour | *ROBASE::rho
                    |              |      maximum
-------------------------------------------------
   179200   350.000 | 2.413085e+03 |    0.0011491
   179328   350.250 | 2.412353e+03 |    0.0011491
   179456   350.500 | 2.413026e+03 |    0.0011492
   179584   350.750 | 2.412524e+03 |    0.0011492
   179712   351.000 | 2.413139e+03 |    0.0011493
   179840   351.250 | 2.412382e+03 |    0.0011493
   179968   351.500 | 2.413018e+03 |    0.0011494
   180096   351.750 | 2.412656e+03 |    0.0011494
   180224   352.000 | 2.412936e+03 |    0.0011495
   180352   352.250 | 2.411782e+03 |    0.0011495
   180480   352.500 | 2.412420e+03 |    0.0011496
   180608   352.750 | 2.411949e+03 |    0.0011497
   180736   353.000 | 2.412532e+03 |    0.0011497
   180864   353.250 | 2.411865e+03 |    0.0011498
   180992   353.500 | 2.412610e+03 |    0.0011499
   181120   353.750 | 2.412238e+03 |    0.0011499
   181248   354.000 | 2.412837e+03 |    0.0011500
   181376   354.250 | 2.412097e+03 |    0.0011501
   181504   354.500 | 2.412763e+03 |    0.0011502
   181632   354.750 | 2.412445e+03 |    0.0011502
-------------------------------------------------
Iteration      Time | *me_per_hour | *ROBASE::rho
                    |              |      maximum
-------------------------------------------------
   181760   355.000 | 2.412873e+03 |    0.0011503
   181888   355.250 | 2.412177e+03 |    0.0011504
   182016   355.500 | 2.412827e+03 |    0.0011505
   182144   355.750 | 2.412487e+03 |    0.0011506
   182272   356.000 | 2.413038e+03 |    0.0011507
   182400   356.250 | 2.412174e+03 |    0.0011508
   182528   356.500 | 2.412876e+03 |    0.0011509
   182656   356.750 | 2.412383e+03 |    0.0011510
   182784   357.000 | 2.412967e+03 |    0.0011511
   182912   357.250 | 2.412206e+03 |    0.0011512
   183040   357.500 | 2.412824e+03 |    0.0011513
   183168   357.750 | 2.412242e+03 |    0.0011514
   183296   358.000 | 2.412675e+03 |    0.0011515
   183424   358.250 | 2.411586e+03 |    0.0011516
   183552   358.500 | 2.412140e+03 |    0.0011517
   183680   358.750 | 2.411855e+03 |    0.0011518
   183808   359.000 | 2.412432e+03 |    0.0011519
   183936   359.250 | 2.411672e+03 |    0.0011521
   184064   359.500 | 2.412281e+03 |    0.0011522
   184192   359.750 | 2.411963e+03 |    0.0011523
-------------------------------------------------
Iteration      Time | *me_per_hour | *ROBASE::rho
                    |              |      maximum
-------------------------------------------------
   184320   360.000 | 2.412464e+03 |    0.0011524
   184448   360.250 | 2.411521e+03 |    0.0011525
   184576   360.500 | 2.412227e+03 |    0.0011527
   184704   360.750 | 2.411926e+03 |    0.0011528
   184832   361.000 | 2.412554e+03 |    0.0011529
   184960   361.250 | 2.411769e+03 |    0.0011531
   185088   361.500 | 2.412431e+03 |    0.0011532
   185216   361.750 | 2.412043e+03 |    0.0011533
   185344   362.000 | 2.412646e+03 |    0.0011535
   185472   362.250 | 2.411877e+03 |    0.0011536
   185600   362.500 | 2.412558e+03 |    0.0011538
   185728   362.750 | 2.412193e+03 |    0.0011539
   185856   363.000 | 2.412753e+03 |    0.0011540
   185984   363.250 | 2.411892e+03 |    0.0011542
   186112   363.500 | 2.412438e+03 |    0.0011543
   186240   363.750 | 2.411978e+03 |    0.0011545
   186368   364.000 | 2.412548e+03 |    0.0011546
   186496   364.250 | 2.411641e+03 |    0.0011548
   186624   364.500 | 2.412302e+03 |    0.0011549
   186752   364.750 | 2.411983e+03 |    0.0011551
-------------------------------------------------
Iteration      Time | *me_per_hour | *ROBASE::rho
                    |              |      maximum
-------------------------------------------------
   186880   365.000 | 2.412376e+03 |    0.0011552
   187008   365.250 | 2.411659e+03 |    0.0011554
   187136   365.500 | 2.412248e+03 |    0.0011555
   187264   365.750 | 2.411568e+03 |    0.0011557
   187392   366.000 | 2.411978e+03 |    0.0011559
   187520   366.250 | 2.410948e+03 |    0.0011560
   187648   366.500 | 2.411396e+03 |    0.0011562
   187776   366.750 | 2.410693e+03 |    0.0011564
   187904   367.000 | 2.411116e+03 |    0.0011565
   188032   367.250 | 2.410148e+03 |    0.0011567
   188160   367.500 | 2.410757e+03 |    0.0011569
   188288   367.750 | 2.410346e+03 |    0.0011570
   188416   368.000 | 2.410764e+03 |    0.0011572
   188544   368.250 | 2.409594e+03 |    0.0011574
   188672   368.500 | 2.410175e+03 |    0.0011575
   188800   368.750 | 2.409771e+03 |    0.0011577
   188928   369.000 | 2.410209e+03 |    0.0011579
   189056   369.250 | 2.409213e+03 |    0.0011581
   189184   369.500 | 2.409832e+03 |    0.0011583
   189312   369.750 | 2.409566e+03 |    0.0011584
-------------------------------------------------
Iteration      Time | *me_per_hour | *ROBASE::rho
                    |              |      maximum
-------------------------------------------------
   189440   370.000 | 2.409927e+03 |    0.0011586
   189568   370.250 | 2.408888e+03 |    0.0011588
   189696   370.500 | 2.409583e+03 |    0.0011590
   189824   370.750 | 2.409144e+03 |    0.0011592
   189952   371.000 | 2.409628e+03 |    0.0011594
   190080   371.250 | 2.408913e+03 |    0.0011595
   190208   371.500 | 2.409484e+03 |    0.0011597
   190336   371.750 | 2.409010e+03 |    0.0011599
   190464   372.000 | 2.409557e+03 |    0.0011601
   190592   372.250 | 2.408683e+03 |    0.0011603
   190720   372.500 | 2.409062e+03 |    0.0011605
   190848   372.750 | 2.408213e+03 |    0.0011607
   190976   373.000 | 2.408627e+03 |    0.0011609
   191104   373.250 | 2.407880e+03 |    0.0011611
   191232   373.500 | 2.408479e+03 |    0.0011613
   191360   373.750 | 2.408031e+03 |    0.0011615
   191488   374.000 | 2.408544e+03 |    0.0011616
   191616   374.250 | 2.407771e+03 |    0.0011618
   191744   374.500 | 2.408407e+03 |    0.0011620
   191872   374.750 | 2.408146e+03 |    0.0011622
-------------------------------------------------
Iteration      Time | *me_per_hour | *ROBASE::rho
                    |              |      maximum
-------------------------------------------------
   192000   375.000 | 2.408618e+03 |    0.0011624
   192128   375.250 | 2.407954e+03 |    0.0011626
   192256   375.500 | 2.408613e+03 |    0.0011628
   192384   375.750 | 2.408360e+03 |    0.0011630
   192512   376.000 | 2.408751e+03 |    0.0011632
   192640   376.250 | 2.407865e+03 |    0.0011634
   192768   376.500 | 2.408428e+03 |    0.0011636
   192896   376.750 | 2.407681e+03 |    0.0011638
   193024   377.000 | 2.408121e+03 |    0.0011640
   193152   377.250 | 2.407176e+03 |    0.0011642
   193280   377.500 | 2.407551e+03 |    0.0011644
   193408   377.750 | 2.406826e+03 |    0.0011646
   193536   378.000 | 2.407147e+03 |    0.0011648
   193664   378.250 | 2.405959e+03 |    0.0011650
   193792   378.500 | 2.406321e+03 |    0.0011652
   193920   378.750 | 2.405563e+03 |    0.0011654
   194048   379.000 | 2.405923e+03 |    0.0011656
   194176   379.250 | 2.404872e+03 |    0.0011658
   194304   379.500 | 2.405428e+03 |    0.0011660
   194432   379.750 | 2.404929e+03 |    0.0011662
-------------------------------------------------
Iteration      Time | *me_per_hour | *ROBASE::rho
                    |              |      maximum
-------------------------------------------------
   194560   380.000 | 2.405460e+03 |    0.0011664
   194688   380.250 | 2.404767e+03 |    0.0011666
   194816   380.500 | 2.405425e+03 |    0.0011668
   194944   380.750 | 2.404919e+03 |    0.0011670
   195072   381.000 | 2.405343e+03 |    0.0011672
   195200   381.250 | 2.404226e+03 |    0.0011674
   195328   381.500 | 2.404719e+03 |    0.0011677
   195456   381.750 | 2.404009e+03 |    0.0011679
   195584   382.000 | 2.404295e+03 |    0.0011681
   195712   382.250 | 2.403216e+03 |    0.0011683
   195840   382.500 | 2.403735e+03 |    0.0011685
   195968   382.750 | 2.403315e+03 |    0.0011687
   196096   383.000 | 2.403818e+03 |    0.0011689
   196224   383.250 | 2.402749e+03 |    0.0011691
   196352   383.500 | 2.403333e+03 |    0.0011693
   196480   383.750 | 2.402879e+03 |    0.0011695
   196608   384.000 | 2.402437e+03 |    0.0011697
   196736   384.250 | 2.400767e+03 |    0.0011699
   196864   384.500 | 2.401437e+03 |    0.0011701
   196992   384.750 | 2.401220e+03 |    0.0011703
-------------------------------------------------
Iteration      Time | *me_per_hour | *ROBASE::rho
                    |              |      maximum
-------------------------------------------------
   197120   385.000 | 2.401764e+03 |    0.0011705
   197248   385.250 | 2.401055e+03 |    0.0011707
   197376   385.500 | 2.401621e+03 |    0.0011709
   197504   385.750 | 2.401200e+03 |    0.0011711
   197632   386.000 | 2.401535e+03 |    0.0011713
   197760   386.250 | 2.400635e+03 |    0.0011715
   197888   386.500 | 2.401089e+03 |    0.0011717
   198016   386.750 | 2.400573e+03 |    0.0011719
   198144   387.000 | 2.401041e+03 |    0.0011721
   198272   387.250 | 2.400179e+03 |    0.0011723
   198400   387.500 | 2.400673e+03 |    0.0011725
   198528   387.750 | 2.400081e+03 |    0.0011727
   198656   388.000 | 2.400458e+03 |    0.0011729
   198784   388.250 | 2.399630e+03 |    0.0011731
   198912   388.500 | 2.399993e+03 |    0.0011733
   199040   388.750 | 2.399707e+03 |    0.0011735
   199168   389.000 | 2.400196e+03 |    0.0011737
   199296   389.250 | 2.399486e+03 |    0.0011739
   199424   389.500 | 2.400059e+03 |    0.0011741
   199552   389.750 | 2.399644e+03 |    0.0011743
-------------------------------------------------
Iteration      Time | *me_per_hour | *ROBASE::rho
                    |              |      maximum
-------------------------------------------------
   199680   390.000 | 2.400121e+03 |    0.0011745
   199808   390.250 | 2.399363e+03 |    0.0011746
   199936   390.500 | 2.399834e+03 |    0.0011748
   200064   390.750 | 2.399605e+03 |    0.0011750
   200192   391.000 | 2.400156e+03 |    0.0011752
   200320   391.250 | 2.399561e+03 |    0.0011754
   200448   391.500 | 2.400201e+03 |    0.0011756
   200576   391.750 | 2.399802e+03 |    0.0011757
   200704   392.000 | 2.400320e+03 |    0.0011759
   200832   392.250 | 2.399508e+03 |    0.0011761
   200960   392.500 | 2.399929e+03 |    0.0011763
   201088   392.750 | 2.399550e+03 |    0.0011765
   201216   393.000 | 2.399857e+03 |    0.0011766
   201344   393.250 | 2.398811e+03 |    0.0011768
   201472   393.500 | 2.399322e+03 |    0.0011770
   201600   393.750 | 2.398612e+03 |    0.0011772
   201728   394.000 | 2.399132e+03 |    0.0011773
   201856   394.250 | 2.398454e+03 |    0.0011775
   201984   394.500 | 2.398987e+03 |    0.0011777
   202112   394.750 | 2.398653e+03 |    0.0011778
-------------------------------------------------
Iteration      Time | *me_per_hour | *ROBASE::rho
                    |              |      maximum
-------------------------------------------------
   202240   395.000 | 2.399092e+03 |    0.0011780
   202368   395.250 | 2.398289e+03 |    0.0011782
   202496   395.500 | 2.398769e+03 |    0.0011783
   202624   395.750 | 2.398173e+03 |    0.0011785
   202752   396.000 | 2.398668e+03 |    0.0011787
   202880   396.250 | 2.398194e+03 |    0.0011788
   203008   396.500 | 2.398748e+03 |    0.0011790
   203136   396.750 | 2.398510e+03 |    0.0011791
   203264   397.000 | 2.399067e+03 |    0.0011793
   203392   397.250 | 2.398372e+03 |    0.0011794
   203520   397.500 | 2.398918e+03 |    0.0011796
   203648   397.750 | 2.398664e+03 |    0.0011798
   203776   398.000 | 2.399069e+03 |    0.0011799
   203904   398.250 | 2.398049e+03 |    0.0011800
   204032   398.500 | 2.398667e+03 |    0.0011802
   204160   398.750 | 2.398280e+03 |    0.0011803
   204288   399.000 | 2.398854e+03 |    0.0011805
   204416   399.250 | 2.398221e+03 |    0.0011806
   204544   399.500 | 2.398805e+03 |    0.0011808
   204672   399.750 | 2.398491e+03 |    0.0011809
-------------------------------------------------
Iteration      Time | *me_per_hour | *ROBASE::rho
                    |              |      maximum
-------------------------------------------------
   204800   400.000 | 2.398952e+03 |    0.0011810
   204928   400.250 | 2.398446e+03 |    0.0011812
   205056   400.500 | 2.399116e+03 |    0.0011813
   205184   400.750 | 2.398956e+03 |    0.0011814
   205312   401.000 | 2.399464e+03 |    0.0011816
   205440   401.250 | 2.398772e+03 |    0.0011817
   205568   401.500 | 2.399329e+03 |    0.0011818
   205696   401.750 | 2.398999e+03 |    0.0011819
   205824   402.000 | 2.399544e+03 |    0.0011821
   205952   402.250 | 2.398684e+03 |    0.0011822
   206080   402.500 | 2.399259e+03 |    0.0011823
   206208   402.750 | 2.398919e+03 |    0.0011824
   206336   403.000 | 2.399444e+03 |    0.0011825
   206464   403.250 | 2.398668e+03 |    0.0011826
   206592   403.500 | 2.399174e+03 |    0.0011828
   206720   403.750 | 2.398786e+03 |    0.0011829
   206848   404.000 | 2.399296e+03 |    0.0011830
   206976   404.250 | 2.398533e+03 |    0.0011831
   207104   404.500 | 2.398988e+03 |    0.0011832
   207232   404.750 | 2.398562e+03 |    0.0011833
-------------------------------------------------
Iteration      Time | *me_per_hour | *ROBASE::rho
                    |              |      maximum
-------------------------------------------------
   207360   405.000 | 2.399074e+03 |    0.0011834
   207488   405.250 | 2.398461e+03 |    0.0011835
   207616   405.500 | 2.399139e+03 |    0.0011836
   207744   405.750 | 2.399004e+03 |    0.0011837
   207872   406.000 | 2.399569e+03 |    0.0011838
   208000   406.250 | 2.398905e+03 |    0.0011838
   208128   406.500 | 2.399426e+03 |    0.0011839
   208256   406.750 | 2.399258e+03 |    0.0011840
   208384   407.000 | 2.399819e+03 |    0.0011841
   208512   407.250 | 2.399262e+03 |    0.0011842
   208640   407.500 | 2.399862e+03 |    0.0011843
   208768   407.750 | 2.399619e+03 |    0.0011843
   208896   408.000 | 2.400162e+03 |    0.0011844
   209024   408.250 | 2.399320e+03 |    0.0011845
   209152   408.500 | 2.399900e+03 |    0.0011845
   209280   408.750 | 2.399535e+03 |    0.0011846
   209408   409.000 | 2.399940e+03 |    0.0011847
   209536   409.250 | 2.399192e+03 |    0.0011847
   209664   409.500 | 2.399753e+03 |    0.0011848
   209792   409.750 | 2.399544e+03 |    0.0011849
-------------------------------------------------
Iteration      Time | *me_per_hour | *ROBASE::rho
                    |              |      maximum
-------------------------------------------------
   209920   410.000 | 2.400070e+03 |    0.0011849
   210048   410.250 | 2.399383e+03 |    0.0011850
   210176   410.500 | 2.399987e+03 |    0.0011850
   210304   410.750 | 2.399743e+03 |    0.0011851
   210432   411.000 | 2.400332e+03 |    0.0011851
   210560   411.250 | 2.399876e+03 |    0.0011852
   210688   411.500 | 2.400499e+03 |    0.0011852
   210816   411.750 | 2.400277e+03 |    0.0011852
   210944   412.000 | 2.400825e+03 |    0.0011853
   211072   412.250 | 2.400085e+03 |    0.0011853
   211200   412.500 | 2.400649e+03 |    0.0011853
   211328   412.750 | 2.400395e+03 |    0.0011854
   211456   413.000 | 2.400922e+03 |    0.0011854
   211584   413.250 | 2.400279e+03 |    0.0011854
   211712   413.500 | 2.400801e+03 |    0.0011854
   211840   413.750 | 2.400540e+03 |    0.0011855
   211968   414.000 | 2.401061e+03 |    0.0011855
   212096   414.250 | 2.400243e+03 |    0.0011855
   212224   414.500 | 2.400697e+03 |    0.0011855
   212352   414.750 | 2.400470e+03 |    0.0011855
-------------------------------------------------
Iteration      Time | *me_per_hour | *ROBASE::rho
                    |              |      maximum
-------------------------------------------------
   212480   415.000 | 2.400882e+03 |    0.0011855
   212608   415.250 | 2.400354e+03 |    0.0011855
   212736   415.500 | 2.400923e+03 |    0.0011856
   212864   415.750 | 2.400632e+03 |    0.0011856
   212992   416.000 | 2.400924e+03 |    0.0011856
   213120   416.250 | 2.400361e+03 |    0.0011856
   213248   416.500 | 2.400952e+03 |    0.0011856
   213376   416.750 | 2.400382e+03 |    0.0011855
   213504   417.000 | 2.400691e+03 |    0.0011855
   213632   417.250 | 2.400201e+03 |    0.0011855
   213760   417.500 | 2.400927e+03 |    0.0011855
   213888   417.750 | 2.400975e+03 |    0.0011855
   214016   418.000 | 2.401636e+03 |    0.0011855
   214144   418.250 | 2.401385e+03 |    0.0011855
   214272   418.500 | 2.402110e+03 |    0.0011854
   214400   418.750 | 2.402144e+03 |    0.0011854
   214528   419.000 | 2.402797e+03 |    0.0011854
   214656   419.250 | 2.402547e+03 |    0.0011854
   214784   419.500 | 2.403277e+03 |    0.0011853
   214912   419.750 | 2.403341e+03 |    0.0011853
-------------------------------------------------
Iteration      Time | *me_per_hour | *ROBASE::rho
                    |              |      maximum
-------------------------------------------------
   215040   420.000 | 2.404002e+03 |    0.0011853
   215168   420.250 | 2.403750e+03 |    0.0011853
   215296   420.500 | 2.404473e+03 |    0.0011852
   215424   420.750 | 2.404501e+03 |    0.0011852
   215552   421.000 | 2.405150e+03 |    0.0011851
   215680   421.250 | 2.404894e+03 |    0.0011851
   215808   421.500 | 2.405631e+03 |    0.0011851
   215936   421.750 | 2.405676e+03 |    0.0011850
   216064   422.000 | 2.406342e+03 |    0.0011850
   216192   422.250 | 2.406099e+03 |    0.0011849
   216320   422.500 | 2.406828e+03 |    0.0011849
   216448   422.750 | 2.406836e+03 |    0.0011848
   216576   423.000 | 2.407482e+03 |    0.0011847
   216704   423.250 | 2.407149e+03 |    0.0011847
   216832   423.500 | 2.407869e+03 |    0.0011846
   216960   423.750 | 2.407899e+03 |    0.0011846
   217088   424.000 | 2.408541e+03 |    0.0011845
   217216   424.250 | 2.408265e+03 |    0.0011844
   217344   424.500 | 2.408982e+03 |    0.0011844
   217472   424.750 | 2.409016e+03 |    0.0011843
-------------------------------------------------
Iteration      Time | *me_per_hour | *ROBASE::rho
                    |              |      maximum
-------------------------------------------------
   217600   425.000 | 2.409642e+03 |    0.0011842
   217728   425.250 | 2.409420e+03 |    0.0011842
   217856   425.500 | 2.410145e+03 |    0.0011841
   217984   425.750 | 2.410072e+03 |    0.0011840
   218112   426.000 | 2.410702e+03 |    0.0011839
   218240   426.250 | 2.410197e+03 |    0.0011838
   218368   426.500 | 2.410767e+03 |    0.0011838
   218496   426.750 | 2.410477e+03 |    0.0011837
   218624   427.000 | 2.410961e+03 |    0.0011836
   218752   427.250 | 2.410322e+03 |    0.0011835
   218880   427.500 | 2.410837e+03 |    0.0011834
   219008   427.750 | 2.410486e+03 |    0.0011833
   219136   428.000 | 2.410918e+03 |    0.0011832
   219264   428.250 | 2.410309e+03 |    0.0011831
   219392   428.500 | 2.410779e+03 |    0.0011830
   219520   428.750 | 2.410550e+03 |    0.0011829
   219648   429.000 | 2.411065e+03 |    0.0011828
   219776   429.250 | 2.410549e+03 |    0.0011827
   219904   429.500 | 2.411132e+03 |    0.0011826
   220032   429.750 | 2.410864e+03 |    0.0011825
-------------------------------------------------
Iteration      Time | *me_per_hour | *ROBASE::rho
                    |              |      maximum
-------------------------------------------------
   220160   430.000 | 2.411372e+03 |    0.0011824
   220288   430.250 | 2.410702e+03 |    0.0011823
   220416   430.500 | 2.411014e+03 |    0.0011822
   220544   430.750 | 2.410351e+03 |    0.0011821
   220672   431.000 | 2.410761e+03 |    0.0011820
   220800   431.250 | 2.410167e+03 |    0.0011818
   220928   431.500 | 2.410693e+03 |    0.0011817
   221056   431.750 | 2.410224e+03 |    0.0011816
   221184   432.000 | 2.410704e+03 |    0.0011815
   221312   432.250 | 2.410004e+03 |    0.0011814
   221440   432.500 | 2.410430e+03 |    0.0011813
   221568   432.750 | 2.410146e+03 |    0.0011811
   221696   433.000 | 2.410603e+03 |    0.0011810
   221824   433.250 | 2.409850e+03 |    0.0011809
   221952   433.500 | 2.410330e+03 |    0.0011808
   222080   433.750 | 2.409969e+03 |    0.0011806
   222208   434.000 | 2.410363e+03 |    0.0011805
   222336   434.250 | 2.409553e+03 |    0.0011804
   222464   434.500 | 2.410086e+03 |    0.0011802
   222592   434.750 | 2.409827e+03 |    0.0011801
-------------------------------------------------
Iteration      Time | *me_per_hour | *ROBASE::rho
                    |              |      maximum
-------------------------------------------------
   222720   435.000 | 2.410355e+03 |    0.0011800
   222848   435.250 | 2.409804e+03 |    0.0011799
   222976   435.500 | 2.410353e+03 |    0.0011797
   223104   435.750 | 2.410093e+03 |    0.0011796
   223232   436.000 | 2.410558e+03 |    0.0011794
   223360   436.250 | 2.409586e+03 |    0.0011793
   223488   436.500 | 2.409959e+03 |    0.0011792
   223616   436.750 | 2.409332e+03 |    0.0011790
   223744   437.000 | 2.409695e+03 |    0.0011789
   223872   437.250 | 2.408720e+03 |    0.0011787
   224000   437.500 | 2.409268e+03 |    0.0011786
   224128   437.750 | 2.409077e+03 |    0.0011785
   224256   438.000 | 2.409528e+03 |    0.0011783
   224384   438.250 | 2.408856e+03 |    0.0011782
   224512   438.500 | 2.409376e+03 |    0.0011780
   224640   438.750 | 2.409164e+03 |    0.0011779
   224768   439.000 | 2.409426e+03 |    0.0011777
   224896   439.250 | 2.408299e+03 |    0.0011776
   225024   439.500 | 2.408818e+03 |    0.0011774
   225152   439.750 | 2.408495e+03 |    0.0011773
-------------------------------------------------
Iteration      Time | *me_per_hour | *ROBASE::rho
                    |              |      maximum
-------------------------------------------------
   225280   440.000 | 2.408867e+03 |    0.0011771
   225408   440.250 | 2.408005e+03 |    0.0011770
   225536   440.500 | 2.408451e+03 |    0.0011768
   225664   440.750 | 2.407926e+03 |    0.0011767
   225792   441.000 | 2.408276e+03 |    0.0011765
   225920   441.250 | 2.407339e+03 |    0.0011764
   226048   441.500 | 2.407884e+03 |    0.0011762
   226176   441.750 | 2.407561e+03 |    0.0011760
   226304   442.000 | 2.407944e+03 |    0.0011759
   226432   442.250 | 2.407125e+03 |    0.0011757
   226560   442.500 | 2.407548e+03 |    0.0011756
   226688   442.750 | 2.407114e+03 |    0.0011754
   226816   443.000 | 2.407438e+03 |    0.0011752
   226944   443.250 | 2.406897e+03 |    0.0011751
   227072   443.500 | 2.407359e+03 |    0.0011749
   227200   443.750 | 2.406986e+03 |    0.0011748
   227328   444.000 | 2.407453e+03 |    0.0011746
   227456   444.250 | 2.406713e+03 |    0.0011744
   227584   444.500 | 2.407173e+03 |    0.0011743
   227712   444.750 | 2.406676e+03 |    0.0011741
-------------------------------------------------
Iteration      Time | *me_per_hour | *ROBASE::rho
                    |              |      maximum
-------------------------------------------------
   227840   445.000 | 2.406970e+03 |    0.0011739
   227968   445.250 | 2.405937e+03 |    0.0011738
   228096   445.500 | 2.406425e+03 |    0.0011736
   228224   445.750 | 2.405916e+03 |    0.0011734
   228352   446.000 | 2.406333e+03 |    0.0011733
   228480   446.250 | 2.405624e+03 |    0.0011731
   228608   446.500 | 2.406177e+03 |    0.0011729
   228736   446.750 | 2.405981e+03 |    0.0011728
   228864   447.000 | 2.406427e+03 |    0.0011726
   228992   447.250 | 2.405809e+03 |    0.0011724
   229120   447.500 | 2.406330e+03 |    0.0011723
   229248   447.750 | 2.406060e+03 |    0.0011721
   229376   448.000 | 2.405624e+03 |    0.0011719
   229504   448.250 | 2.404324e+03 |    0.0011717
   229632   448.500 | 2.404783e+03 |    0.0011716
   229760   448.750 | 2.404508e+03 |    0.0011714
   229888   449.000 | 2.404933e+03 |    0.0011712
   230016   449.250 | 2.404382e+03 |    0.0011711
   230144   449.500 | 2.404930e+03 |    0.0011709
   230272   449.750 | 2.404657e+03 |    0.0011707
-------------------------------------------------
Iteration      Time | *me_per_hour | *ROBASE::rho
                    |              |      maximum
-------------------------------------------------
   230400   450.000 | 2.405103e+03 |    0.0011706
   230528   450.250 | 2.404413e+03 |    0.0011704
   230656   450.500 | 2.404956e+03 |    0.0011702
   230784   450.750 | 2.404753e+03 |    0.0011700
   230912   451.000 | 2.405162e+03 |    0.0011699
   231040   451.250 | 2.404544e+03 |    0.0011697
   231168   451.500 | 2.405108e+03 |    0.0011695
   231296   451.750 | 2.404875e+03 |    0.0011694
   231424   452.000 | 2.405161e+03 |    0.0011692
   231552   452.250 | 2.404551e+03 |    0.0011690
   231680   452.500 | 2.405086e+03 |    0.0011689
   231808   452.750 | 2.404824e+03 |    0.0011687
   231936   453.000 | 2.405256e+03 |    0.0011685
   232064   453.250 | 2.404669e+03 |    0.0011684
   232192   453.500 | 2.405202e+03 |    0.0011682
   232320   453.750 | 2.404983e+03 |    0.0011680
   232448   454.000 | 2.405312e+03 |    0.0011679
   232576   454.250 | 2.404845e+03 |    0.0011677
   232704   454.500 | 2.405439e+03 |    0.0011675
   232832   454.750 | 2.405295e+03 |    0.0011674
-------------------------------------------------
Iteration      Time | *me_per_hour | *ROBASE::rho
                    |              |      maximum
-------------------------------------------------
   232960   455.000 | 2.405847e+03 |    0.0011672
   233088   455.250 | 2.405338e+03 |    0.0011670
   233216   455.500 | 2.405880e+03 |    0.0011669
   233344   455.750 | 2.405579e+03 |    0.0011667
   233472   456.000 | 2.406039e+03 |    0.0011666
   233600   456.250 | 2.405541e+03 |    0.0011664
   233728   456.500 | 2.406049e+03 |    0.0011662
   233856   456.750 | 2.405829e+03 |    0.0011661
   233984   457.000 | 2.406157e+03 |    0.0011659
   234112   457.250 | 2.405640e+03 |    0.0011658
   234240   457.500 | 2.406179e+03 |    0.0011656
   234368   457.750 | 2.405843e+03 |    0.0011655
   234496   458.000 | 2.406327e+03 |    0.0011653
   234624   458.250 | 2.405859e+03 |    0.0011651
   234752   458.500 | 2.406378e+03 |    0.0011650
   234880   458.750 | 2.406155e+03 |    0.0011648
   235008   459.000 | 2.406623e+03 |    0.0011647
   235136   459.250 | 2.406139e+03 |    0.0011645
   235264   459.500 | 2.406670e+03 |    0.0011644
   235392   459.750 | 2.406450e+03 |    0.0011642
-------------------------------------------------
Iteration      Time | *me_per_hour | *ROBASE::rho
                    |              |      maximum
-------------------------------------------------
   235520   460.000 | 2.406845e+03 |    0.0011641
   235648   460.250 | 2.406355e+03 |    0.0011639
   235776   460.500 | 2.406880e+03 |    0.0011638
   235904   460.750 | 2.406689e+03 |    0.0011636
   236032   461.000 | 2.407041e+03 |    0.0011635
   236160   461.250 | 2.406521e+03 |    0.0011633
   236288   461.500 | 2.407048e+03 |    0.0011632
   236416   461.750 | 2.406851e+03 |    0.0011631
   236544   462.000 | 2.407321e+03 |    0.0011629
   236672   462.250 | 2.406746e+03 |    0.0011628
   236800   462.500 | 2.407221e+03 |    0.0011626
   236928   462.750 | 2.407027e+03 |    0.0011625
   237056   463.000 | 2.407463e+03 |    0.0011624
   237184   463.250 | 2.407018e+03 |    0.0011622
   237312   463.500 | 2.407566e+03 |    0.0011621
   237440   463.750 | 2.407400e+03 |    0.0011619
   237568   464.000 | 2.407792e+03 |    0.0011618
   237696   464.250 | 2.407245e+03 |    0.0011617
   237824   464.500 | 2.407766e+03 |    0.0011615
   237952   464.750 | 2.407517e+03 |    0.0011614
-------------------------------------------------
Iteration      Time | *me_per_hour | *ROBASE::rho
                    |              |      maximum
-------------------------------------------------
   238080   465.000 | 2.407913e+03 |    0.0011613
   238208   465.250 | 2.406908e+03 |    0.0011612
   238336   465.500 | 2.407320e+03 |    0.0011610
   238464   465.750 | 2.407021e+03 |    0.0011609
   238592   466.000 | 2.407497e+03 |    0.0011608
   238720   466.250 | 2.406904e+03 |    0.0011607
   238848   466.500 | 2.407387e+03 |    0.0011605
   238976   466.750 | 2.407096e+03 |    0.0011604
   239104   467.000 | 2.407509e+03 |    0.0011603
   239232   467.250 | 2.407008e+03 |    0.0011602
   239360   467.500 | 2.407299e+03 |    0.0011601
   239488   467.750 | 2.406776e+03 |    0.0011599
   239616   468.000 | 2.406929e+03 |    0.0011598
   239744   468.250 | 2.405925e+03 |    0.0011597
   239872   468.500 | 2.406360e+03 |    0.0011596
   240000   468.750 | 2.405886e+03 |    0.0011595
   240128   469.000 | 2.406219e+03 |    0.0011594
   240256   469.250 | 2.405613e+03 |    0.0011593
   240384   469.500 | 2.406039e+03 |    0.0011592
   240512   469.750 | 2.405742e+03 |    0.0011590
-------------------------------------------------
Iteration      Time | *me_per_hour | *ROBASE::rho
                    |              |      maximum
-------------------------------------------------
   240640   470.000 | 2.406181e+03 |    0.0011589
   240768   470.250 | 2.405581e+03 |    0.0011588
   240896   470.500 | 2.406013e+03 |    0.0011587
   241024   470.750 | 2.405675e+03 |    0.0011586
   241152   471.000 | 2.405872e+03 |    0.0011585
   241280   471.250 | 2.404990e+03 |    0.0011584
   241408   471.500 | 2.405341e+03 |    0.0011583
   241536   471.750 | 2.404920e+03 |    0.0011582
   241664   472.000 | 2.405343e+03 |    0.0011581
   241792   472.250 | 2.404653e+03 |    0.0011581
   241920   472.500 | 2.405139e+03 |    0.0011580
   242048   472.750 | 2.404887e+03 |    0.0011579
   242176   473.000 | 2.405251e+03 |    0.0011578
   242304   473.250 | 2.404615e+03 |    0.0011577
   242432   473.500 | 2.405156e+03 |    0.0011576
   242560   473.750 | 2.404917e+03 |    0.0011575
   242688   474.000 | 2.405279e+03 |    0.0011574
   242816   474.250 | 2.404591e+03 |    0.0011574
   242944   474.500 | 2.405030e+03 |    0.0011573
   243072   474.750 | 2.404834e+03 |    0.0011572
-------------------------------------------------
Iteration      Time | *me_per_hour | *ROBASE::rho
                    |              |      maximum
-------------------------------------------------
   243200   475.000 | 2.405339e+03 |    0.0011571
   243328   475.250 | 2.404629e+03 |    0.0011570
   243456   475.500 | 2.405063e+03 |    0.0011570
   243584   475.750 | 2.404790e+03 |    0.0011569
   243712   476.000 | 2.405195e+03 |    0.0011568
   243840   476.250 | 2.404590e+03 |    0.0011567
   243968   476.500 | 2.405095e+03 |    0.0011567
   244096   476.750 | 2.404876e+03 |    0.0011566
   244224   477.000 | 2.405344e+03 |    0.0011565
   244352   477.250 | 2.404780e+03 |    0.0011565
   244480   477.500 | 2.405238e+03 |    0.0011564
   244608   477.750 | 2.404784e+03 |    0.0011564
   244736   478.000 | 2.405105e+03 |    0.0011563
   244864   478.250 | 2.404573e+03 |    0.0011562
   244992   478.500 | 2.405050e+03 |    0.0011562
   245120   478.750 | 2.404821e+03 |    0.0011561
   245248   479.000 | 2.405225e+03 |    0.0011561
   245376   479.250 | 2.404613e+03 |    0.0011560
   245504   479.500 | 2.405014e+03 |    0.0011560
   245632   479.750 | 2.404660e+03 |    0.0011559
-------------------------------------------------
Iteration      Time | *me_per_hour | *ROBASE::rho
                    |              |      maximum
-------------------------------------------------
   245760   480.000 | 2.404863e+03 |    0.0011559
   245888   480.250 | 2.404092e+03 |    0.0011558
   246016   480.500 | 2.404456e+03 |    0.0011558
   246144   480.750 | 2.403841e+03 |    0.0011557
   246272   481.000 | 2.404193e+03 |    0.0011557
   246400   481.250 | 2.403403e+03 |    0.0011557
   246528   481.500 | 2.403680e+03 |    0.0011556
   246656   481.750 | 2.402896e+03 |    0.0011556
   246784   482.000 | 2.403172e+03 |    0.0011555
   246912   482.250 | 2.401971e+03 |    0.0011555
   247040   482.500 | 2.402230e+03 |    0.0011555
   247168   482.750 | 2.401592e+03 |    0.0011555
   247296   483.000 | 2.401771e+03 |    0.0011554
   247424   483.250 | 2.400983e+03 |    0.0011554
   247552   483.500 | 2.401287e+03 |    0.0011554
   247680   483.750 | 2.400846e+03 |    0.0011554
   247808   484.000 | 2.401037e+03 |    0.0011553
   247936   484.250 | 2.400469e+03 |    0.0011553
   248064   484.500 | 2.400891e+03 |    0.0011553
   248192   484.750 | 2.400684e+03 |    0.0011553
-------------------------------------------------
Iteration      Time | *me_per_hour | *ROBASE::rho
                    |              |      maximum
-------------------------------------------------
   248320   485.000 | 2.401082e+03 |    0.0011553
   248448   485.250 | 2.400316e+03 |    0.0011553
   248576   485.500 | 2.400713e+03 |    0.0011552
   248704   485.750 | 2.400375e+03 |    0.0011552
   248832   486.000 | 2.400689e+03 |    0.0011552
   248960   486.250 | 2.400088e+03 |    0.0011552
   249088   486.500 | 2.400529e+03 |    0.0011552
   249216   486.750 | 2.400219e+03 |    0.0011552
   249344   487.000 | 2.400658e+03 |    0.0011552
   249472   487.250 | 2.400148e+03 |    0.0011552
   249600   487.500 | 2.400661e+03 |    0.0011552
   249728   487.750 | 2.400445e+03 |    0.0011552
   249856   488.000 | 2.400891e+03 |    0.0011552
   249984   488.250 | 2.400274e+03 |    0.0011552
   250112   488.500 | 2.400660e+03 |    0.0011552
   250240   488.750 | 2.400232e+03 |    0.0011552
   250368   489.000 | 2.400444e+03 |    0.0011553
   250496   489.250 | 2.399747e+03 |    0.0011553
   250624   489.500 | 2.400181e+03 |    0.0011553
   250752   489.750 | 2.399849e+03 |    0.0011553
-------------------------------------------------
Iteration      Time | *me_per_hour | *ROBASE::rho
                    |              |      maximum
-------------------------------------------------
   250880   490.000 | 2.400177e+03 |    0.0011553
   251008   490.250 | 2.399748e+03 |    0.0011553
   251136   490.500 | 2.400259e+03 |    0.0011554
   251264   490.750 | 2.400109e+03 |    0.0011554
   251392   491.000 | 2.400427e+03 |    0.0011554
   251520   491.250 | 2.399751e+03 |    0.0011554
   251648   491.500 | 2.400246e+03 |    0.0011555
   251776   491.750 | 2.399850e+03 |    0.0011555
   251904   492.000 | 2.400223e+03 |    0.0011555
   252032   492.250 | 2.399618e+03 |    0.0011556
   252160   492.500 | 2.400032e+03 |    0.0011556
   252288   492.750 | 2.399631e+03 |    0.0011556
   252416   493.000 | 2.400027e+03 |    0.0011557
   252544   493.250 | 2.399387e+03 |    0.0011557
   252672   493.500 | 2.399831e+03 |    0.0011557
   252800   493.750 | 2.399564e+03 |    0.0011558
   252928   494.000 | 2.399958e+03 |    0.0011558
   253056   494.250 | 2.399260e+03 |    0.0011559
   253184   494.500 | 2.399671e+03 |    0.0011559
   253312   494.750 | 2.399088e+03 |    0.0011560
-------------------------------------------------
Iteration      Time | *me_per_hour | *ROBASE::rho
                    |              |      maximum
-------------------------------------------------
   253440   495.000 | 2.399375e+03 |    0.0011560
   253568   495.250 | 2.398625e+03 |    0.0011560
   253696   495.500 | 2.399020e+03 |    0.0011561
   253824   495.750 | 2.398792e+03 |    0.0011562
   253952   496.000 | 2.399206e+03 |    0.0011562
   254080   496.250 | 2.398612e+03 |    0.0011563
   254208   496.500 | 2.399074e+03 |    0.0011563
   254336   496.750 | 2.398650e+03 |    0.0011564
   254464   497.000 | 2.398998e+03 |    0.0011564
   254592   497.250 | 2.398235e+03 |    0.0011565
   254720   497.500 | 2.398591e+03 |    0.0011565
   254848   497.750 | 2.398154e+03 |    0.0011566
   254976   498.000 | 2.398591e+03 |    0.0011567
   255104   498.250 | 2.397992e+03 |    0.0011567
   255232   498.500 | 2.398456e+03 |    0.0011568
   255360   498.750 | 2.398132e+03 |    0.0011569
   255488   499.000 | 2.398388e+03 |    0.0011569
   255616   499.250 | 2.397626e+03 |    0.0011570
   255744   499.500 | 2.398021e+03 |    0.0011571
   255872   499.750 | 2.397549e+03 |    0.0011572
-------------------------------------------------
Iteration      Time | *me_per_hour | *ROBASE::rho
                    |              |      maximum
-------------------------------------------------
   256000   500.000 | 2.397915e+03 |    0.0011572
   256128   500.250 | 2.397105e+03 |    0.0011573
   256256   500.500 | 2.397543e+03 |    0.0011574
   256384   500.750 | 2.397151e+03 |    0.0011575
   256512   501.000 | 2.397489e+03 |    0.0011575
   256640   501.250 | 2.396950e+03 |    0.0011576
   256768   501.500 | 2.397428e+03 |    0.0011577
   256896   501.750 | 2.397200e+03 |    0.0011578
   257024   502.000 | 2.397510e+03 |    0.0011579
   257152   502.250 | 2.396932e+03 |    0.0011580
   257280   502.500 | 2.397287e+03 |    0.0011580
   257408   502.750 | 2.396908e+03 |    0.0011581
   257536   503.000 | 2.397206e+03 |    0.0011582
   257664   503.250 | 2.396511e+03 |    0.0011583
   257792   503.500 | 2.396920e+03 |    0.0011584
   257920   503.750 | 2.396613e+03 |    0.0011585
   258048   504.000 | 2.396998e+03 |    0.0011586
   258176   504.250 | 2.396327e+03 |    0.0011587
   258304   504.500 | 2.396734e+03 |    0.0011588
   258432   504.750 | 2.396194e+03 |    0.0011589
-------------------------------------------------
Iteration      Time | *me_per_hour | *ROBASE::rho
                    |              |      maximum
-------------------------------------------------
   258560   505.000 | 2.396565e+03 |    0.0011590
   258688   505.250 | 2.395516e+03 |    0.0011591
   258816   505.500 | 2.395863e+03 |    0.0011592
   258944   505.750 | 2.395496e+03 |    0.0011593
   259072   506.000 | 2.395886e+03 |    0.0011594
   259200   506.250 | 2.395398e+03 |    0.0011595
   259328   506.500 | 2.395871e+03 |    0.0011596
   259456   506.750 | 2.395584e+03 |    0.0011597
   259584   507.000 | 2.396092e+03 |    0.0011598
   259712   507.250 | 2.395418e+03 |    0.0011599
   259840   507.500 | 2.395738e+03 |    0.0011600
   259968   507.750 | 2.395318e+03 |    0.0011601
   260096   508.000 | 2.395578e+03 |    0.0011602
   260224   508.250 | 2.394675e+03 |    0.0011603
   260352   508.500 | 2.394943e+03 |    0.0011604
   260480   508.750 | 2.394437e+03 |    0.0011605
   260608   509.000 | 2.394817e+03 |    0.0011606
   260736   509.250 | 2.393910e+03 |    0.0011607
   260864   509.500 | 2.394355e+03 |    0.0011608
   260992   509.750 | 2.394189e+03 |    0.0011609
-------------------------------------------------
Iteration      Time | *me_per_hour | *ROBASE::rho
                    |              |      maximum
-------------------------------------------------
   261120   510.000 | 2.394605e+03 |    0.0011610
   261248   510.250 | 2.393809e+03 |    0.0011612
   261376   510.500 | 2.394334e+03 |    0.0011613
   261504   510.750 | 2.394108e+03 |    0.0011614
   261632   511.000 | 2.394593e+03 |    0.0011615
   261760   511.250 | 2.394179e+03 |    0.0011616
   261888   511.500 | 2.394643e+03 |    0.0011617
   262016   511.750 | 2.394545e+03 |    0.0011618
   262144   512.000 | 2.394469e+03 |    0.0011619
   262272   512.250 | 2.393670e+03 |    0.0011621
   262400   512.500 | 2.394272e+03 |    0.0011622
   262528   512.750 | 2.394064e+03 |    0.0011623
   262656   513.000 | 2.394560e+03 |    0.0011624
   262784   513.250 | 2.393568e+03 |    0.0011625
   262912   513.500 | 2.394027e+03 |    0.0011626
   263040   513.750 | 2.393546e+03 |    0.0011628
   263168   514.000 | 2.393698e+03 |    0.0011629
   263296   514.250 | 2.392534e+03 |    0.0011630
   263424   514.500 | 2.392763e+03 |    0.0011631
   263552   514.750 | 2.392302e+03 |    0.0011632
-------------------------------------------------
Iteration      Time | *me_per_hour | *ROBASE::rho
                    |              |      maximum
-------------------------------------------------
   263680   515.000 | 2.392465e+03 |    0.0011634
   263808   515.250 | 2.391653e+03 |    0.0011635
   263936   515.500 | 2.391976e+03 |    0.0011636
   264064   515.750 | 2.391271e+03 |    0.0011637
   264192   516.000 | 2.391447e+03 |    0.0011638
   264320   516.250 | 2.390560e+03 |    0.0011640
   264448   516.500 | 2.390856e+03 |    0.0011641
   264576   516.750 | 2.390255e+03 |    0.0011642
   264704   517.000 | 2.390490e+03 |    0.0011643
   264832   517.250 | 2.389468e+03 |    0.0011645
   264960   517.500 | 2.389706e+03 |    0.0011646
   265088   517.750 | 2.389154e+03 |    0.0011647
   265216   518.000 | 2.389396e+03 |    0.0011648
   265344   518.250 | 2.388480e+03 |    0.0011650
   265472   518.500 | 2.388811e+03 |    0.0011651
   265600   518.750 | 2.388302e+03 |    0.0011652
   265728   519.000 | 2.388668e+03 |    0.0011653
   265856   519.250 | 2.388153e+03 |    0.0011655
   265984   519.500 | 2.388555e+03 |    0.0011656
   266112   519.750 | 2.388177e+03 |    0.0011657
-------------------------------------------------
Iteration      Time | *me_per_hour | *ROBASE::rho
                    |              |      maximum
-------------------------------------------------
   266240   520.000 | 2.388564e+03 |    0.0011658
   266368   520.250 | 2.387879e+03 |    0.0011660
   266496   520.500 | 2.388210e+03 |    0.0011661
   266624   520.750 | 2.387728e+03 |    0.0011662
   266752   521.000 | 2.387843e+03 |    0.0011663
   266880   521.250 | 2.386871e+03 |    0.0011665
   267008   521.500 | 2.387262e+03 |    0.0011666
   267136   521.750 | 2.386983e+03 |    0.0011667
   267264   522.000 | 2.387346e+03 |    0.0011669
   267392   522.250 | 2.386610e+03 |    0.0011670
   267520   522.500 | 2.387019e+03 |    0.0011671
   267648   522.750 | 2.386560e+03 |    0.0011672
   267776   523.000 | 2.386876e+03 |    0.0011674
   267904   523.250 | 2.386266e+03 |    0.0011675
   268032   523.500 | 2.386678e+03 |    0.0011676
   268160   523.750 | 2.386487e+03 |    0.0011677
   268288   524.000 | 2.386881e+03 |    0.0011679
   268416   524.250 | 2.386396e+03 |    0.0011680
   268544   524.500 | 2.386777e+03 |    0.0011681
   268672   524.750 | 2.386503e+03 |    0.0011683
-------------------------------------------------
Iteration      Time | *me_per_hour | *ROBASE::rho
                    |              |      maximum
-------------------------------------------------
   268800   525.000 | 2.386907e+03 |    0.0011684
   268928   525.250 | 2.386283e+03 |    0.0011685
   269056   525.500 | 2.386702e+03 |    0.0011686
   269184   525.750 | 2.386349e+03 |    0.0011688
   269312   526.000 | 2.386767e+03 |    0.0011689
   269440   526.250 | 2.386087e+03 |    0.0011690
   269568   526.500 | 2.386473e+03 |    0.0011691
   269696   526.750 | 2.386168e+03 |    0.0011693
   269824   527.000 | 2.386533e+03 |    0.0011694
   269952   527.250 | 2.385975e+03 |    0.0011695
   270080   527.500 | 2.386418e+03 |    0.0011696
   270208   527.750 | 2.386239e+03 |    0.0011697
   270336   528.000 | 2.386656e+03 |    0.0011699
   270464   528.250 | 2.386233e+03 |    0.0011700
   270592   528.500 | 2.386722e+03 |    0.0011701
   270720   528.750 | 2.386381e+03 |    0.0011702
   270848   529.000 | 2.386740e+03 |    0.0011703
   270976   529.250 | 2.386265e+03 |    0.0011705
   271104   529.500 | 2.386685e+03 |    0.0011706
   271232   529.750 | 2.386445e+03 |    0.0011707
-------------------------------------------------
Iteration      Time | *me_per_hour | *ROBASE::rho
                    |              |      maximum
-------------------------------------------------
   271360   530.000 | 2.386716e+03 |    0.0011708
   271488   530.250 | 2.386016e+03 |    0.0011709
   271616   530.500 | 2.386411e+03 |    0.0011710
   271744   530.750 | 2.386068e+03 |    0.0011712
   271872   531.000 | 2.386375e+03 |    0.0011713
   272000   531.250 | 2.385717e+03 |    0.0011714
   272128   531.500 | 2.385944e+03 |    0.0011715
   272256   531.750 | 2.385368e+03 |    0.0011716
   272384   532.000 | 2.385638e+03 |    0.0011717
   272512   532.250 | 2.385093e+03 |    0.0011718
   272640   532.500 | 2.385527e+03 |    0.0011719
   272768   532.750 | 2.385268e+03 |    0.0011720
   272896   533.000 | 2.385651e+03 |    0.0011722
   273024   533.250 | 2.385119e+03 |    0.0011723
   273152   533.500 | 2.385545e+03 |    0.0011724
   273280   533.750 | 2.385124e+03 |    0.0011725
   273408   534.000 | 2.385397e+03 |    0.0011726
   273536   534.250 | 2.384743e+03 |    0.0011727
   273664   534.500 | 2.385059e+03 |    0.0011728
   273792   534.750 | 2.384605e+03 |    0.0011729
-------------------------------------------------
Iteration      Time | *me_per_hour | *ROBASE::rho
                    |              |      maximum
-------------------------------------------------
   273920   535.000 | 2.384935e+03 |    0.0011730
   274048   535.250 | 2.384394e+03 |    0.0011731
   274176   535.500 | 2.384725e+03 |    0.0011732
   274304   535.750 | 2.384378e+03 |    0.0011733
   274432   536.000 | 2.384775e+03 |    0.0011734
   274560   536.250 | 2.384282e+03 |    0.0011735
   274688   536.500 | 2.384664e+03 |    0.0011736
   274816   536.750 | 2.384314e+03 |    0.0011737
   274944   537.000 | 2.384472e+03 |    0.0011737
   275072   537.250 | 2.383859e+03 |    0.0011738
   275200   537.500 | 2.384299e+03 |    0.0011739
   275328   537.750 | 2.383994e+03 |    0.0011740
   275456   538.000 | 2.384394e+03 |    0.0011741
   275584   538.250 | 2.383822e+03 |    0.0011742
   275712   538.500 | 2.384200e+03 |    0.0011743
   275840   538.750 | 2.383967e+03 |    0.0011744
   275968   539.000 | 2.384316e+03 |    0.0011744
   276096   539.250 | 2.383660e+03 |    0.0011745
   276224   539.500 | 2.383952e+03 |    0.0011746
   276352   539.750 | 2.383583e+03 |    0.0011747
-------------------------------------------------
Iteration      Time | *me_per_hour | *ROBASE::rho
                    |              |      maximum
-------------------------------------------------
   276480   540.000 | 2.383894e+03 |    0.0011748
   276608   540.250 | 2.383403e+03 |    0.0011749
   276736   540.500 | 2.383861e+03 |    0.0011749
   276864   540.750 | 2.383687e+03 |    0.0011750
   276992   541.000 | 2.383988e+03 |    0.0011751
   277120   541.250 | 2.383491e+03 |    0.0011752
   277248   541.500 | 2.383924e+03 |    0.0011752
   277376   541.750 | 2.383624e+03 |    0.0011753
   277504   542.000 | 2.383990e+03 |    0.0011754
   277632   542.250 | 2.383548e+03 |    0.0011755
   277760   542.500 | 2.383976e+03 |    0.0011755
   277888   542.750 | 2.383636e+03 |    0.0011756
   278016   543.000 | 2.384005e+03 |    0.0011757
   278144   543.250 | 2.383544e+03 |    0.0011757
   278272   543.500 | 2.383970e+03 |    0.0011758
   278400   543.750 | 2.383633e+03 |    0.0011759
   278528   544.000 | 2.383855e+03 |    0.0011759
   278656   544.250 | 2.383238e+03 |    0.0011760
   278784   544.500 | 2.383571e+03 |    0.0011761
   278912   544.750 | 2.383126e+03 |    0.0011761
-------------------------------------------------
Iteration      Time | *me_per_hour | *ROBASE::rho
                    |              |      maximum
-------------------------------------------------
   279040   545.000 | 2.383425e+03 |    0.0011762
   279168   545.250 | 2.382771e+03 |    0.0011762
   279296   545.500 | 2.383159e+03 |    0.0011763
   279424   545.750 | 2.382798e+03 |    0.0011763
   279552   546.000 | 2.383198e+03 |    0.0011764
   279680   546.250 | 2.382821e+03 |    0.0011764
   279808   546.500 | 2.383283e+03 |    0.0011765
   279936   546.750 | 2.383092e+03 |    0.0011765
   280064   547.000 | 2.383481e+03 |    0.0011766
   280192   547.250 | 2.383067e+03 |    0.0011766
   280320   547.500 | 2.383424e+03 |    0.0011767
   280448   547.750 | 2.383246e+03 |    0.0011767
   280576   548.000 | 2.383632e+03 |    0.0011768
   280704   548.250 | 2.383110e+03 |    0.0011768
   280832   548.500 | 2.383485e+03 |    0.0011769
   280960   548.750 | 2.383238e+03 |    0.0011769
   281088   549.000 | 2.383502e+03 |    0.0011769
   281216   549.250 | 2.382981e+03 |    0.0011770
   281344   549.500 | 2.383383e+03 |    0.0011770
   281472   549.750 | 2.383144e+03 |    0.0011770
-------------------------------------------------
Iteration      Time | *me_per_hour | *ROBASE::rho
                    |              |      maximum
-------------------------------------------------
   281600   550.000 | 2.383528e+03 |    0.0011771
   281728   550.250 | 2.382813e+03 |    0.0011771
   281856   550.500 | 2.383087e+03 |    0.0011771
   281984   550.750 | 2.382809e+03 |    0.0011772
   282112   551.000 | 2.383147e+03 |    0.0011772
   282240   551.250 | 2.382549e+03 |    0.0011772
   282368   551.500 | 2.382986e+03 |    0.0011772
   282496   551.750 | 2.382901e+03 |    0.0011773
   282624   552.000 | 2.383225e+03 |    0.0011773
   282752   552.250 | 2.382849e+03 |    0.0011773
   282880   552.500 | 2.383282e+03 |    0.0011773
   283008   552.750 | 2.383083e+03 |    0.0011773
   283136   553.000 | 2.383455e+03 |    0.0011773
   283264   553.250 | 2.382838e+03 |    0.0011774
   283392   553.500 | 2.383213e+03 |    0.0011774
   283520   553.750 | 2.382686e+03 |    0.0011774
   283648   554.000 | 2.382962e+03 |    0.0011774
   283776   554.250 | 2.382281e+03 |    0.0011774
   283904   554.500 | 2.382670e+03 |    0.0011774
   284032   554.750 | 2.382285e+03 |    0.0011774
-------------------------------------------------
Iteration      Time | *me_per_hour | *ROBASE::rho
                    |              |      maximum
-------------------------------------------------
   284160   555.000 | 2.382550e+03 |    0.0011774
   284288   555.250 | 2.381910e+03 |    0.0011774
   284416   555.500 | 2.382246e+03 |    0.0011774
   284544   555.750 | 2.381898e+03 |    0.0011774
   284672   556.000 | 2.382108e+03 |    0.0011774
   284800   556.250 | 2.381528e+03 |    0.0011774
   284928   556.500 | 2.381981e+03 |    0.0011774
   285056   556.750 | 2.381725e+03 |    0.0011774
   285184   557.000 | 2.382005e+03 |    0.0011774
   285312   557.250 | 2.381484e+03 |    0.0011774
   285440   557.500 | 2.381951e+03 |    0.0011774
   285568   557.750 | 2.381850e+03 |    0.0011774
   285696   558.000 | 2.382255e+03 |    0.0011774
   285824   558.250 | 2.381864e+03 |    0.0011774
   285952   558.500 | 2.382292e+03 |    0.0011774
   286080   558.750 | 2.381858e+03 |    0.0011774
   286208   559.000 | 2.382192e+03 |    0.0011774
   286336   559.250 | 2.381650e+03 |    0.0011774
   286464   559.500 | 2.382013e+03 |    0.0011773
   286592   559.750 | 2.381647e+03 |    0.0011773
-------------------------------------------------
Iteration      Time | *me_per_hour | *ROBASE::rho
                    |              |      maximum
-------------------------------------------------
   286720   560.000 | 2.381839e+03 |    0.0011773
   286848   560.250 | 2.381100e+03 |    0.0011773
   286976   560.500 | 2.381519e+03 |    0.0011773
   287104   560.750 | 2.381332e+03 |    0.0011772
   287232   561.000 | 2.381724e+03 |    0.0011772
   287360   561.250 | 2.381302e+03 |    0.0011772
   287488   561.500 | 2.381718e+03 |    0.0011772
   287616   561.750 | 2.381499e+03 |    0.0011771
   287744   562.000 | 2.381852e+03 |    0.0011771
   287872   562.250 | 2.381372e+03 |    0.0011771
   288000   562.500 | 2.381775e+03 |    0.0011770
   288128   562.750 | 2.381418e+03 |    0.0011770
   288256   563.000 | 2.381776e+03 |    0.0011770
   288384   563.250 | 2.381273e+03 |    0.0011769
   288512   563.500 | 2.381680e+03 |    0.0011769
   288640   563.750 | 2.381438e+03 |    0.0011769
   288768   564.000 | 2.381694e+03 |    0.0011768
   288896   564.250 | 2.380950e+03 |    0.0011768
   289024   564.500 | 2.381339e+03 |    0.0011767
   289152   564.750 | 2.381006e+03 |    0.0011767
-------------------------------------------------
Iteration      Time | *me_per_hour | *ROBASE::rho
                    |              |      maximum
-------------------------------------------------
   289280   565.000 | 2.381189e+03 |    0.0011766
   289408   565.250 | 2.380629e+03 |    0.0011766
   289536   565.500 | 2.380988e+03 |    0.0011765
   289664   565.750 | 2.380723e+03 |    0.0011765
   289792   566.000 | 2.381036e+03 |    0.0011764
   289920   566.250 | 2.380488e+03 |    0.0011764
   290048   566.500 | 2.380768e+03 |    0.0011763
   290176   566.750 | 2.380349e+03 |    0.0011763
   290304   567.000 | 2.380616e+03 |    0.0011762
   290432   567.250 | 2.380058e+03 |    0.0011762
   290560   567.500 | 2.380490e+03 |    0.0011761
   290688   567.750 | 2.380139e+03 |    0.0011761
   290816   568.000 | 2.380377e+03 |    0.0011760
   290944   568.250 | 2.379712e+03 |    0.0011759
   291072   568.500 | 2.379992e+03 |    0.0011759
   291200   568.750 | 2.379594e+03 |    0.0011758
   291328   569.000 | 2.379822e+03 |    0.0011758
   291456   569.250 | 2.379079e+03 |    0.0011757
   291584   569.500 | 2.379471e+03 |    0.0011756
   291712   569.750 | 2.379172e+03 |    0.0011756
-------------------------------------------------
Iteration      Time | *me_per_hour | *ROBASE::rho
                    |              |      maximum
-------------------------------------------------
   291840   570.000 | 2.379502e+03 |    0.0011755
   291968   570.250 | 2.378908e+03 |    0.0011754
   292096   570.500 | 2.379248e+03 |    0.0011754
   292224   570.750 | 2.378956e+03 |    0.0011753
   292352   571.000 | 2.379294e+03 |    0.0011752
   292480   571.250 | 2.378719e+03 |    0.0011751
   292608   571.500 | 2.379114e+03 |    0.0011751
   292736   571.750 | 2.378875e+03 |    0.0011750
   292864   572.000 | 2.379132e+03 |    0.0011749
   292992   572.250 | 2.378488e+03 |    0.0011749
   293120   572.500 | 2.378783e+03 |    0.0011748
   293248   572.750 | 2.378413e+03 |    0.0011747
   293376   573.000 | 2.378622e+03 |    0.0011746
   293504   573.250 | 2.377977e+03 |    0.0011745
   293632   573.500 | 2.378260e+03 |    0.0011745
   293760   573.750 | 2.377859e+03 |    0.0011744
   293888   574.000 | 2.378188e+03 |    0.0011743
   294016   574.250 | 2.377634e+03 |    0.0011742
   294144   574.500 | 2.378003e+03 |    0.0011741
   294272   574.750 | 2.377689e+03 |    0.0011741
-------------------------------------------------
Iteration      Time | *me_per_hour | *ROBASE::rho
                    |              |      maximum
-------------------------------------------------
   294400   575.000 | 2.377913e+03 |    0.0011740
   294528   575.250 | 2.377329e+03 |    0.0011739
   294656   575.500 | 2.377735e+03 |    0.0011738
   294784   575.750 | 2.377405e+03 |    0.0011737
   294912   576.000 | 2.377046e+03 |    0.0011736
   295040   576.250 | 2.375915e+03 |    0.0011735
   295168   576.500 | 2.376206e+03 |    0.0011735
   295296   576.750 | 2.375815e+03 |    0.0011734
   295424   577.000 | 2.376082e+03 |    0.0011733
   295552   577.250 | 2.375300e+03 |    0.0011732
   295680   577.500 | 2.375647e+03 |    0.0011731
   295808   577.750 | 2.375450e+03 |    0.0011730
   295936   578.000 | 2.375745e+03 |    0.0011729
   296064   578.250 | 2.375176e+03 |    0.0011728
   296192   578.500 | 2.375604e+03 |    0.0011727
   296320   578.750 | 2.375306e+03 |    0.0011726
   296448   579.000 | 2.375542e+03 |    0.0011725
   296576   579.250 | 2.374957e+03 |    0.0011724
   296704   579.500 | 2.375360e+03 |    0.0011724
   296832   579.750 | 2.375017e+03 |    0.0011723
-------------------------------------------------
Iteration      Time | *me_per_hour | *ROBASE::rho
                    |              |      maximum
-------------------------------------------------
   296960   580.000 | 2.375224e+03 |    0.0011722
   297088   580.250 | 2.374510e+03 |    0.0011721
   297216   580.500 | 2.374878e+03 |    0.0011720
   297344   580.750 | 2.374502e+03 |    0.0011719
   297472   581.000 | 2.374749e+03 |    0.0011718
   297600   581.250 | 2.374155e+03 |    0.0011717
   297728   581.500 | 2.374502e+03 |    0.0011716
   297856   581.750 | 2.374201e+03 |    0.0011715
   297984   582.000 | 2.374552e+03 |    0.0011714
   298112   582.250 | 2.374155e+03 |    0.0011713
   298240   582.500 | 2.374486e+03 |    0.0011712
   298368   582.750 | 2.374343e+03 |    0.0011711
   298496   583.000 | 2.374726e+03 |    0.0011710
   298624   583.250 | 2.374080e+03 |    0.0011709
   298752   583.500 | 2.374480e+03 |    0.0011708
   298880   583.750 | 2.374298e+03 |    0.0011707
   299008   584.000 | 2.374631e+03 |    0.0011706
   299136   584.250 | 2.374169e+03 |    0.0011705
   299264   584.500 | 2.374576e+03 |    0.0011704
   299392   584.750 | 2.374433e+03 |    0.0011703
-------------------------------------------------
Iteration      Time | *me_per_hour | *ROBASE::rho
                    |              |      maximum
-------------------------------------------------
   299520   585.000 | 2.374786e+03 |    0.0011701
   299648   585.250 | 2.374320e+03 |    0.0011700
   299776   585.500 | 2.374768e+03 |    0.0011699
   299904   585.750 | 2.374447e+03 |    0.0011698
   300032   586.000 | 2.374717e+03 |    0.0011697
   300160   586.250 | 2.373957e+03 |    0.0011696
   300288   586.500 | 2.374351e+03 |    0.0011695
   300416   586.750 | 2.374132e+03 |    0.0011694
   300544   587.000 | 2.374511e+03 |    0.0011693
   300672   587.250 | 2.374063e+03 |    0.0011692
   300800   587.500 | 2.374455e+03 |    0.0011691
   300928   587.750 | 2.374245e+03 |    0.0011690
   301056   588.000 | 2.374519e+03 |    0.0011689
   301184   588.250 | 2.374139e+03 |    0.0011688
   301312   588.500 | 2.374555e+03 |    0.0011687
   301440   588.750 | 2.374447e+03 |    0.0011686
   301568   589.000 | 2.374818e+03 |    0.0011685
   301696   589.250 | 2.374358e+03 |    0.0011684
   301824   589.500 | 2.374781e+03 |    0.0011682
   301952   589.750 | 2.374634e+03 |    0.0011681
-------------------------------------------------
Iteration      Time | *me_per_hour | *ROBASE::rho
                    |              |      maximum
-------------------------------------------------
   302080   590.000 | 2.374952e+03 |    0.0011680
   302208   590.250 | 2.374579e+03 |    0.0011679
   302336   590.500 | 2.374996e+03 |    0.0011678
   302464   590.750 | 2.374857e+03 |    0.0011677
   302592   591.000 | 2.375270e+03 |    0.0011676
   302720   591.250 | 2.374871e+03 |    0.0011675
   302848   591.500 | 2.375232e+03 |    0.0011674
   302976   591.750 | 2.375091e+03 |    0.0011673
   303104   592.000 | 2.375465e+03 |    0.0011672
   303232   592.250 | 2.375136e+03 |    0.0011671
   303360   592.500 | 2.375580e+03 |    0.0011670
   303488   592.750 | 2.375472e+03 |    0.0011669
   303616   593.000 | 2.375875e+03 |    0.0011668
   303744   593.250 | 2.375490e+03 |    0.0011667
   303872   593.500 | 2.375920e+03 |    0.0011666
   304000   593.750 | 2.375654e+03 |    0.0011665
   304128   594.000 | 2.375999e+03 |    0.0011663
   304256   594.250 | 2.375625e+03 |    0.0011662
   304384   594.500 | 2.375947e+03 |    0.0011661
   304512   594.750 | 2.375648e+03 |    0.0011660
-------------------------------------------------
Iteration      Time | *me_per_hour | *ROBASE::rho
                    |              |      maximum
-------------------------------------------------
   304640   595.000 | 2.375879e+03 |    0.0011659
   304768   595.250 | 2.375397e+03 |    0.0011658
   304896   595.500 | 2.375767e+03 |    0.0011657
   305024   595.750 | 2.375551e+03 |    0.0011656
   305152   596.000 | 2.375729e+03 |    0.0011655
   305280   596.250 | 2.375101e+03 |    0.0011654
   305408   596.500 | 2.375435e+03 |    0.0011653
   305536   596.750 | 2.375201e+03 |    0.0011652
   305664   597.000 | 2.375526e+03 |    0.0011651
   305792   597.250 | 2.375000e+03 |    0.0011650
   305920   597.500 | 2.375400e+03 |    0.0011649
   306048   597.750 | 2.375203e+03 |    0.0011648
   306176   598.000 | 2.375445e+03 |    0.0011647
   306304   598.250 | 2.374653e+03 |    0.0011646
   306432   598.500 | 2.375027e+03 |    0.0011645
   306560   598.750 | 2.374902e+03 |    0.0011644
   306688   599.000 | 2.375266e+03 |    0.0011643
   306816   599.250 | 2.374813e+03 |    0.0011642
   306944   599.500 | 2.375229e+03 |    0.0011641
   307072   599.750 | 2.375084e+03 |    0.0011640
-------------------------------------------------
Iteration      Time | *me_per_hour | *ROBASE::rho
                    |              |      maximum
-------------------------------------------------
   307200   600.000 | 2.375416e+03 |    0.0011639
   307328   600.250 | 2.375075e+03 |    0.0011638
   307456   600.500 | 2.375377e+03 |    0.0011637
   307584   600.750 | 2.375135e+03 |    0.0011636
   307712   601.000 | 2.375450e+03 |    0.0011635
   307840   601.250 | 2.374978e+03 |    0.0011634
   307968   601.500 | 2.375297e+03 |    0.0011633
   308096   601.750 | 2.375100e+03 |    0.0011632
   308224   602.000 | 2.375420e+03 |    0.0011631
   308352   602.250 | 2.375045e+03 |    0.0011630
   308480   602.500 | 2.375468e+03 |    0.0011629
   308608   602.750 | 2.375256e+03 |    0.0011629
   308736   603.000 | 2.375589e+03 |    0.0011628
   308864   603.250 | 2.375122e+03 |    0.0011627
   308992   603.500 | 2.375441e+03 |    0.0011626
   309120   603.750 | 2.375217e+03 |    0.0011625
   309248   604.000 | 2.375436e+03 |    0.0011624
   309376   604.250 | 2.374840e+03 |    0.0011623
   309504   604.500 | 2.375201e+03 |    0.0011622
   309632   604.750 | 2.374915e+03 |    0.0011621
-------------------------------------------------
Iteration      Time | *me_per_hour | *ROBASE::rho
                    |              |      maximum
-------------------------------------------------
   309760   605.000 | 2.375147e+03 |    0.0011620
   309888   605.250 | 2.374404e+03 |    0.0011620
   310016   605.500 | 2.374782e+03 |    0.0011619
   310144   605.750 | 2.374488e+03 |    0.0011618
   310272   606.000 | 2.374819e+03 |    0.0011617
   310400   606.250 | 2.374403e+03 |    0.0011616
   310528   606.500 | 2.374797e+03 |    0.0011615
   310656   606.750 | 2.374650e+03 |    0.0011614
   310784   607.000 | 2.374970e+03 |    0.0011614
   310912   607.250 | 2.374481e+03 |    0.0011613
   311040   607.500 | 2.374850e+03 |    0.0011612
   311168   607.750 | 2.374594e+03 |    0.0011611
   311296   608.000 | 2.374785e+03 |    0.0011610
   311424   608.250 | 2.374289e+03 |    0.0011609
   311552   608.500 | 2.374666e+03 |    0.0011609
   311680   608.750 | 2.374516e+03 |    0.0011608
   311808   609.000 | 2.374868e+03 |    0.0011607
   311936   609.250 | 2.374506e+03 |    0.0011606
   312064   609.500 | 2.374846e+03 |    0.0011606
   312192   609.750 | 2.374561e+03 |    0.0011605
-------------------------------------------------
Iteration      Time | *me_per_hour | *ROBASE::rho
                    |              |      maximum
-------------------------------------------------
   312320   610.000 | 2.374896e+03 |    0.0011604
   312448   610.250 | 2.374496e+03 |    0.0011603
   312576   610.500 | 2.374837e+03 |    0.0011603
   312704   610.750 | 2.374559e+03 |    0.0011602
   312832   611.000 | 2.374790e+03 |    0.0011601
   312960   611.250 | 2.374257e+03 |    0.0011601
   313088   611.500 | 2.374596e+03 |    0.0011600
   313216   611.750 | 2.374338e+03 |    0.0011599
   313344   612.000 | 2.374615e+03 |    0.0011599
   313472   612.250 | 2.374102e+03 |    0.0011598
   313600   612.500 | 2.374463e+03 |    0.0011597
   313728   612.750 | 2.374192e+03 |    0.0011597
   313856   613.000 | 2.374501e+03 |    0.0011596
   313984   613.250 | 2.374101e+03 |    0.0011595
   314112   613.500 | 2.374474e+03 |    0.0011595
   314240   613.750 | 2.374256e+03 |    0.0011594
   314368   614.000 | 2.374543e+03 |    0.0011594
   314496   614.250 | 2.374099e+03 |    0.0011593
   314624   614.500 | 2.374429e+03 |    0.0011592
   314752   614.750 | 2.374172e+03 |    0.0011592
-------------------------------------------------
Iteration      Time | *me_per_hour | *ROBASE::rho
                    |              |      maximum
-------------------------------------------------
   314880   615.000 | 2.374441e+03 |    0.0011591
   315008   615.250 | 2.373838e+03 |    0.0011591
   315136   615.500 | 2.374064e+03 |    0.0011590
   315264   615.750 | 2.373670e+03 |    0.0011590
   315392   616.000 | 2.373917e+03 |    0.0011589
   315520   616.250 | 2.373360e+03 |    0.0011589
   315648   616.500 | 2.373630e+03 |    0.0011588
   315776   616.750 | 2.373378e+03 |    0.0011588
   315904   617.000 | 2.373691e+03 |    0.0011587
   316032   617.250 | 2.373189e+03 |    0.0011587
   316160   617.500 | 2.373567e+03 |    0.0011586
   316288   617.750 | 2.373326e+03 |    0.0011586
   316416   618.000 | 2.373568e+03 |    0.0011586
   316544   618.250 | 2.372840e+03 |    0.0011585
   316672   618.500 | 2.373150e+03 |    0.0011585
   316800   618.750 | 2.372905e+03 |    0.0011584
   316928   619.000 | 2.373115e+03 |    0.0011584
   317056   619.250 | 2.372586e+03 |    0.0011584
   317184   619.500 | 2.372896e+03 |    0.0011583
   317312   619.750 | 2.372723e+03 |    0.0011583
-------------------------------------------------
Iteration      Time | *me_per_hour | *ROBASE::rho
                    |              |      maximum
-------------------------------------------------
   317440   620.000 | 2.373022e+03 |    0.0011583
   317568   620.250 | 2.372434e+03 |    0.0011582
   317696   620.500 | 2.372769e+03 |    0.0011582
   317824   620.750 | 2.372570e+03 |    0.0011582
   317952   621.000 | 2.372790e+03 |    0.0011581
   318080   621.250 | 2.372295e+03 |    0.0011581
   318208   621.500 | 2.372646e+03 |    0.0011581
   318336   621.750 | 2.372401e+03 |    0.0011581
   318464   622.000 | 2.372509e+03 |    0.0011580
   318592   622.250 | 2.372007e+03 |    0.0011580
   318720   622.500 | 2.372344e+03 |    0.0011580
   318848   622.750 | 2.372125e+03 |    0.0011580
   318976   623.000 | 2.372339e+03 |    0.0011579
   319104   623.250 | 2.371772e+03 |    0.0011579
   319232   623.500 | 2.372113e+03 |    0.0011579
   319360   623.750 | 2.371875e+03 |    0.0011579
   319488   624.000 | 2.372195e+03 |    0.0011579
   319616   624.250 | 2.371706e+03 |    0.0011578
   319744   624.500 | 2.372029e+03 |    0.0011578
   319872   624.750 | 2.371900e+03 |    0.0011578
-------------------------------------------------
Iteration      Time | *me_per_hour | *ROBASE::rho
                    |              |      maximum
-------------------------------------------------
   320000   625.000 | 2.372198e+03 |    0.0011578
   320128   625.250 | 2.371810e+03 |    0.0011578
   320256   625.500 | 2.372160e+03 |    0.0011578
   320384   625.750 | 2.371851e+03 |    0.0011578
   320512   626.000 | 2.372180e+03 |    0.0011578
   320640   626.250 | 2.371680e+03 |    0.0011577
   320768   626.500 | 2.372008e+03 |    0.0011577
   320896   626.750 | 2.371774e+03 |    0.0011577
   321024   627.000 | 2.372021e+03 |    0.0011577
   321152   627.250 | 2.371651e+03 |    0.0011577
   321280   627.500 | 2.372039e+03 |    0.0011577
   321408   627.750 | 2.371795e+03 |    0.0011577
   321536   628.000 | 2.372094e+03 |    0.0011577
   321664   628.250 | 2.371733e+03 |    0.0011577
   321792   628.500 | 2.372096e+03 |    0.0011577
   321920   628.750 | 2.371881e+03 |    0.0011577
   322048   629.000 | 2.372206e+03 |    0.0011577
   322176   629.250 | 2.371732e+03 |    0.0011577
   322304   629.500 | 2.372085e+03 |    0.0011577
   322432   629.750 | 2.371931e+03 |    0.0011577
-------------------------------------------------
Iteration      Time | *me_per_hour | *ROBASE::rho
                    |              |      maximum
-------------------------------------------------
   322560   630.000 | 2.372203e+03 |    0.0011577
   322688   630.250 | 2.371824e+03 |    0.0011577
   322816   630.500 | 2.372155e+03 |    0.0011577
   322944   630.750 | 2.371902e+03 |    0.0011578
   323072   631.000 | 2.372244e+03 |    0.0011578
   323200   631.250 | 2.371921e+03 |    0.0011578
   323328   631.500 | 2.372284e+03 |    0.0011578
   323456   631.750 | 2.372142e+03 |    0.0011578
   323584   632.000 | 2.372502e+03 |    0.0011578
   323712   632.250 | 2.371884e+03 |    0.0011578
   323840   632.500 | 2.372211e+03 |    0.0011578
   323968   632.750 | 2.371797e+03 |    0.0011579
   324096   633.000 | 2.372090e+03 |    0.0011579
   324224   633.250 | 2.371595e+03 |    0.0011579
   324352   633.500 | 2.371914e+03 |    0.0011579
   324480   633.750 | 2.371724e+03 |    0.0011579
   324608   634.000 | 2.371934e+03 |    0.0011580
   324736   634.250 | 2.371489e+03 |    0.0011580
   324864   634.500 | 2.371784e+03 |    0.0011580
   324992   634.750 | 2.371487e+03 |    0.0011580
-------------------------------------------------
Iteration      Time | *me_per_hour | *ROBASE::rho
                    |              |      maximum
-------------------------------------------------
   325120   635.000 | 2.371809e+03 |    0.0011581
   325248   635.250 | 2.371183e+03 |    0.0011581
   325376   635.500 | 2.371514e+03 |    0.0011581
   325504   635.750 | 2.371375e+03 |    0.0011581
   325632   636.000 | 2.371657e+03 |    0.0011582
   325760   636.250 | 2.371158e+03 |    0.0011582
   325888   636.500 | 2.371467e+03 |    0.0011582
   326016   636.750 | 2.371187e+03 |    0.0011583
   326144   637.000 | 2.371388e+03 |    0.0011583
   326272   637.250 | 2.370957e+03 |    0.0011583
   326400   637.500 | 2.371353e+03 |    0.0011584
   326528   637.750 | 2.371133e+03 |    0.0011584
   326656   638.000 | 2.371446e+03 |    0.0011584
   326784   638.250 | 2.370847e+03 |    0.0011585
   326912   638.500 | 2.371198e+03 |    0.0011585
   327040   638.750 | 2.370889e+03 |    0.0011585
   327168   639.000 | 2.371170e+03 |    0.0011586
   327296   639.250 | 2.370775e+03 |    0.0011586
   327424   639.500 | 2.371116e+03 |    0.0011587
   327552   639.750 | 2.370895e+03 |    0.0011587
-------------------------------------------------
Iteration      Time | *me_per_hour | *ROBASE::rho
                    |              |      maximum
-------------------------------------------------
   327680   640.000 | 2.370356e+03 |    0.0011588
   327808   640.250 | 2.369255e+03 |    0.0011588
   327936   640.500 | 2.369587e+03 |    0.0011588
   328064   640.750 | 2.369439e+03 |    0.0011589
   328192   641.000 | 2.369770e+03 |    0.0011589
   328320   641.250 | 2.369383e+03 |    0.0011590
   328448   641.500 | 2.369739e+03 |    0.0011590
   328576   641.750 | 2.369583e+03 |    0.0011591
   328704   642.000 | 2.369913e+03 |    0.0011591
   328832   642.250 | 2.369426e+03 |    0.0011592
   328960   642.500 | 2.369746e+03 |    0.0011592
   329088   642.750 | 2.369464e+03 |    0.0011593
   329216   643.000 | 2.369780e+03 |    0.0011593
   329344   643.250 | 2.369351e+03 |    0.0011594
   329472   643.500 | 2.369664e+03 |    0.0011594
   329600   643.750 | 2.369363e+03 |    0.0011595
   329728   644.000 | 2.369679e+03 |    0.0011595
   329856   644.250 | 2.369248e+03 |    0.0011596
   329984   644.500 | 2.369624e+03 |    0.0011596
   330112   644.750 | 2.369389e+03 |    0.0011597
-------------------------------------------------
Iteration      Time | *me_per_hour | *ROBASE::rho
                    |              |      maximum
-------------------------------------------------
   330240   645.000 | 2.369637e+03 |    0.0011597
   330368   645.250 | 2.369172e+03 |    0.0011598
   330496   645.500 | 2.369520e+03 |    0.0011598
   330624   645.750 | 2.369335e+03 |    0.0011599
   330752   646.000 | 2.369604e+03 |    0.0011599
   330880   646.250 | 2.369098e+03 |    0.0011600
   331008   646.500 | 2.369411e+03 |    0.0011601
   331136   646.750 | 2.369300e+03 |    0.0011601
   331264   647.000 | 2.369632e+03 |    0.0011602
   331392   647.250 | 2.369213e+03 |    0.0011602
   331520   647.500 | 2.369587e+03 |    0.0011603
   331648   647.750 | 2.369417e+03 |    0.0011604
   331776   648.000 | 2.369730e+03 |    0.0011604
   331904   648.250 | 2.369337e+03 |    0.0011605
   332032   648.500 | 2.369718e+03 |    0.0011605
   332160   648.750 | 2.369510e+03 |    0.0011606
   332288   649.000 | 2.369784e+03 |    0.0011607
   332416   649.250 | 2.369315e+03 |    0.0011607
   332544   649.500 | 2.369629e+03 |    0.0011608
   332672   649.750 | 2.369363e+03 |    0.0011609
-------------------------------------------------
Iteration      Time | *me_per_hour | *ROBASE::rho
                    |              |      maximum
-------------------------------------------------
   332800   650.000 | 2.369617e+03 |    0.0011609
   332928   650.250 | 2.369141e+03 |    0.0011610
   333056   650.500 | 2.369509e+03 |    0.0011611
   333184   650.750 | 2.369366e+03 |    0.0011611
   333312   651.000 | 2.369677e+03 |    0.0011612
   333440   651.250 | 2.369175e+03 |    0.0011613
   333568   651.500 | 2.369550e+03 |    0.0011613
   333696   651.750 | 2.369367e+03 |    0.0011614
   333824   652.000 | 2.369678e+03 |    0.0011615
   333952   652.250 | 2.369200e+03 |    0.0011616
   334080   652.500 | 2.369553e+03 |    0.0011616
   334208   652.750 | 2.369243e+03 |    0.0011617
   334336   653.000 | 2.369524e+03 |    0.0011618
   334464   653.250 | 2.369125e+03 |    0.0011619
   334592   653.500 | 2.369421e+03 |    0.0011619
   334720   653.750 | 2.369186e+03 |    0.0011620
   334848   654.000 | 2.369464e+03 |    0.0011621
   334976   654.250 | 2.368812e+03 |    0.0011622
   335104   654.500 | 2.369161e+03 |    0.0011622
   335232   654.750 | 2.368951e+03 |    0.0011623
-------------------------------------------------
Iteration      Time | *me_per_hour | *ROBASE::rho
                    |              |      maximum
-------------------------------------------------
   335360   655.000 | 2.369157e+03 |    0.0011624
   335488   655.250 | 2.368732e+03 |    0.0011625
   335616   655.500 | 2.369107e+03 |    0.0011625
   335744   655.750 | 2.368947e+03 |    0.0011626
   335872   656.000 | 2.369218e+03 |    0.0011627
   336000   656.250 | 2.368931e+03 |    0.0011628
   336128   656.500 | 2.369320e+03 |    0.0011629
   336256   656.750 | 2.369217e+03 |    0.0011629
   336384   657.000 | 2.369520e+03 |    0.0011630
   336512   657.250 | 2.369069e+03 |    0.0011631
   336640   657.500 | 2.369364e+03 |    0.0011632
   336768   657.750 | 2.369121e+03 |    0.0011633
   336896   658.000 | 2.369351e+03 |    0.0011633
   337024   658.250 | 2.368966e+03 |    0.0011634
   337152   658.500 | 2.369282e+03 |    0.0011635
   337280   658.750 | 2.368987e+03 |    0.0011636
   337408   659.000 | 2.369248e+03 |    0.0011637
   337536   659.250 | 2.368659e+03 |    0.0011637
   337664   659.500 | 2.369005e+03 |    0.0011638
   337792   659.750 | 2.368802e+03 |    0.0011639
-------------------------------------------------
Iteration      Time | *me_per_hour | *ROBASE::rho
                    |              |      maximum
-------------------------------------------------
   337920   660.000 | 2.369075e+03 |    0.0011640
   338048   660.250 | 2.368611e+03 |    0.0011641
   338176   660.500 | 2.368932e+03 |    0.0011641
   338304   660.750 | 2.368517e+03 |    0.0011642
   338432   661.000 | 2.368809e+03 |    0.0011643
   338560   661.250 | 2.368445e+03 |    0.0011644
   338688   661.500 | 2.368788e+03 |    0.0011645
   338816   661.750 | 2.368656e+03 |    0.0011645
   338944   662.000 | 2.368978e+03 |    0.0011646
   339072   662.250 | 2.368633e+03 |    0.0011647
   339200   662.500 | 2.369030e+03 |    0.0011648
   339328   662.750 | 2.368808e+03 |    0.0011649
   339456   663.000 | 2.369099e+03 |    0.0011649
   339584   663.250 | 2.368713e+03 |    0.0011650
   339712   663.500 | 2.369046e+03 |    0.0011651
   339840   663.750 | 2.368918e+03 |    0.0011652
   339968   664.000 | 2.369216e+03 |    0.0011653
   340096   664.250 | 2.368838e+03 |    0.0011653
   340224   664.500 | 2.369191e+03 |    0.0011654
   340352   664.750 | 2.368987e+03 |    0.0011655
-------------------------------------------------
Iteration      Time | *me_per_hour | *ROBASE::rho
                    |              |      maximum
-------------------------------------------------
   340480   665.000 | 2.369285e+03 |    0.0011656
   340608   665.250 | 2.368787e+03 |    0.0011657
   340736   665.500 | 2.369043e+03 |    0.0011657
   340864   665.750 | 2.368713e+03 |    0.0011658
   340992   666.000 | 2.368965e+03 |    0.0011659
   341120   666.250 | 2.368566e+03 |    0.0011660
   341248   666.500 | 2.368937e+03 |    0.0011660
   341376   666.750 | 2.368568e+03 |    0.0011661
   341504   667.000 | 2.368848e+03 |    0.0011662
   341632   667.250 | 2.368492e+03 |    0.0011663
   341760   667.500 | 2.368750e+03 |    0.0011664
   341888   667.750 | 2.368457e+03 |    0.0011664
   342016   668.000 | 2.368734e+03 |    0.0011665
   342144   668.250 | 2.368289e+03 |    0.0011666
   342272   668.500 | 2.368641e+03 |    0.0011667
   342400   668.750 | 2.368530e+03 |    0.0011667
   342528   669.000 | 2.368815e+03 |    0.0011668
   342656   669.250 | 2.368326e+03 |    0.0011669
   342784   669.500 | 2.368609e+03 |    0.0011670
   342912   669.750 | 2.368482e+03 |    0.0011670
-------------------------------------------------
Iteration      Time | *me_per_hour | *ROBASE::rho
                    |              |      maximum
-------------------------------------------------
   343040   670.000 | 2.368719e+03 |    0.0011671
   343168   670.250 | 2.368367e+03 |    0.0011672
   343296   670.500 | 2.368619e+03 |    0.0011672
   343424   670.750 | 2.368463e+03 |    0.0011673
   343552   671.000 | 2.368727e+03 |    0.0011674
   343680   671.250 | 2.368318e+03 |    0.0011675
   343808   671.500 | 2.368645e+03 |    0.0011675
   343936   671.750 | 2.368376e+03 |    0.0011676
   344064   672.000 | 2.368593e+03 |    0.0011677
   344192   672.250 | 2.368166e+03 |    0.0011677
   344320   672.500 | 2.368459e+03 |    0.0011678
   344448   672.750 | 2.368286e+03 |    0.0011679
   344576   673.000 | 2.368584e+03 |    0.0011679
   344704   673.250 | 2.368125e+03 |    0.0011680
   344832   673.500 | 2.368448e+03 |    0.0011681
   344960   673.750 | 2.368059e+03 |    0.0011681
   345088   674.000 | 2.368353e+03 |    0.0011682
   345216   674.250 | 2.367821e+03 |    0.0011683
   345344   674.500 | 2.368152e+03 |    0.0011683
   345472   674.750 | 2.367886e+03 |    0.0011684
-------------------------------------------------
Iteration      Time | *me_per_hour | *ROBASE::rho
                    |              |      maximum
-------------------------------------------------
   345600   675.000 | 2.368148e+03 |    0.0011684
   345728   675.250 | 2.367744e+03 |    0.0011685
   345856   675.500 | 2.368085e+03 |    0.0011686
   345984   675.750 | 2.367898e+03 |    0.0011686
   346112   676.000 | 2.368159e+03 |    0.0011687
   346240   676.250 | 2.367634e+03 |    0.0011688
   346368   676.500 | 2.367982e+03 |    0.0011688
   346496   676.750 | 2.367834e+03 |    0.0011689
   346624   677.000 | 2.368030e+03 |    0.0011689
   346752   677.250 | 2.367627e+03 |    0.0011690
   346880   677.500 | 2.367983e+03 |    0.0011691
   347008   677.750 | 2.367745e+03 |    0.0011691
   347136   678.000 | 2.368060e+03 |    0.0011692
   347264   678.250 | 2.367730e+03 |    0.0011692
   347392   678.500 | 2.368095e+03 |    0.0011693
   347520   678.750 | 2.367893e+03 |    0.0011693
   347648   679.000 | 2.368206e+03 |    0.0011694
   347776   679.250 | 2.367627e+03 |    0.0011694
   347904   679.500 | 2.367899e+03 |    0.0011695
   348032   679.750 | 2.367604e+03 |    0.0011695
-------------------------------------------------
Iteration      Time | *me_per_hour | *ROBASE::rho
                    |              |      maximum
-------------------------------------------------
   348160   680.000 | 2.367846e+03 |    0.0011696
   348288   680.250 | 2.367288e+03 |    0.0011696
   348416   680.500 | 2.367517e+03 |    0.0011697
   348544   680.750 | 2.367225e+03 |    0.0011697
   348672   681.000 | 2.367459e+03 |    0.0011698
   348800   681.250 | 2.366950e+03 |    0.0011698
   348928   681.500 | 2.367271e+03 |    0.0011699
   349056   681.750 | 2.367090e+03 |    0.0011699
   349184   682.000 | 2.367362e+03 |    0.0011700
   349312   682.250 | 2.366925e+03 |    0.0011700
   349440   682.500 | 2.367265e+03 |    0.0011701
   349568   682.750 | 2.367078e+03 |    0.0011701
   349696   683.000 | 2.367256e+03 |    0.0011702
   349824   683.250 | 2.366800e+03 |    0.0011702
   349952   683.500 | 2.367140e+03 |    0.0011702
   350080   683.750 | 2.366960e+03 |    0.0011703
   350208   684.000 | 2.367192e+03 |    0.0011703
   350336   684.250 | 2.366840e+03 |    0.0011704
   350464   684.500 | 2.367206e+03 |    0.0011704
   350592   684.750 | 2.366937e+03 |    0.0011704
-------------------------------------------------
Iteration      Time | *me_per_hour | *ROBASE::rho
                    |              |      maximum
-------------------------------------------------
   350720   685.000 | 2.367151e+03 |    0.0011705
   350848   685.250 | 2.366549e+03 |    0.0011705
   350976   685.500 | 2.366855e+03 |    0.0011705
   351104   685.750 | 2.366625e+03 |    0.0011706
   351232   686.000 | 2.366838e+03 |    0.0011706
   351360   686.250 | 2.366402e+03 |    0.0011706
   351488   686.500 | 2.366749e+03 |    0.0011707
   351616   686.750 | 2.366456e+03 |    0.0011707
   351744   687.000 | 2.366723e+03 |    0.0011707
   351872   687.250 | 2.366099e+03 |    0.0011708
   352000   687.500 | 2.366379e+03 |    0.0011708
   352128   687.750 | 2.366254e+03 |    0.0011708
   352256   688.000 | 2.366593e+03 |    0.0011709
   352384   688.250 | 2.366313e+03 |    0.0011709
   352512   688.500 | 2.366660e+03 |    0.0011709
   352640   688.750 | 2.366287e+03 |    0.0011709
   352768   689.000 | 2.366567e+03 |    0.0011710
   352896   689.250 | 2.366135e+03 |    0.0011710
   353024   689.500 | 2.366384e+03 |    0.0011710
   353152   689.750 | 2.366121e+03 |    0.0011710
-------------------------------------------------
Iteration      Time | *me_per_hour | *ROBASE::rho
                    |              |      maximum
-------------------------------------------------
   353280   690.000 | 2.366333e+03 |    0.0011710
   353408   690.250 | 2.365638e+03 |    0.0011711
   353536   690.500 | 2.365975e+03 |    0.0011711
   353664   690.750 | 2.365628e+03 |    0.0011711
   353792   691.000 | 2.365839e+03 |    0.0011711
   353920   691.250 | 2.365069e+03 |    0.0011711
   354048   691.500 | 2.365314e+03 |    0.0011712
   354176   691.750 | 2.365065e+03 |    0.0011712
   354304   692.000 | 2.365349e+03 |    0.0011712
   354432   692.250 | 2.364916e+03 |    0.0011712
   354560   692.500 | 2.365229e+03 |    0.0011712
   354688   692.750 | 2.364948e+03 |    0.0011712
   354816   693.000 | 2.365244e+03 |    0.0011712
   354944   693.250 | 2.364921e+03 |    0.0011713
   355072   693.500 | 2.365252e+03 |    0.0011713
   355200   693.750 | 2.364987e+03 |    0.0011713
   355328   694.000 | 2.365196e+03 |    0.0011713
   355456   694.250 | 2.364798e+03 |    0.0011713
   355584   694.500 | 2.365118e+03 |    0.0011713
   355712   694.750 | 2.364928e+03 |    0.0011713
-------------------------------------------------
Iteration      Time | *me_per_hour | *ROBASE::rho
                    |              |      maximum
-------------------------------------------------
   355840   695.000 | 2.365181e+03 |    0.0011713
   355968   695.250 | 2.364695e+03 |    0.0011713
   356096   695.500 | 2.364844e+03 |    0.0011713
   356224   695.750 | 2.364437e+03 |    0.0011713
   356352   696.000 | 2.364600e+03 |    0.0011713
   356480   696.250 | 2.363905e+03 |    0.0011713
   356608   696.500 | 2.364077e+03 |    0.0011713
   356736   696.750 | 2.363863e+03 |    0.0011713
   356864   697.000 | 2.364121e+03 |    0.0011713
   356992   697.250 | 2.363673e+03 |    0.0011713
   357120   697.500 | 2.363967e+03 |    0.0011713
   357248   697.750 | 2.363613e+03 |    0.0011713
   357376   698.000 | 2.363820e+03 |    0.0011713
   357504   698.250 | 2.363450e+03 |    0.0011713
   357632   698.500 | 2.363733e+03 |    0.0011713
   357760   698.750 | 2.363466e+03 |    0.0011712
   357888   699.000 | 2.363779e+03 |    0.0011712
   358016   699.250 | 2.363429e+03 |    0.0011712
   358144   699.500 | 2.363768e+03 |    0.0011712
   358272   699.750 | 2.363656e+03 |    0.0011712
-------------------------------------------------
Iteration      Time | *me_per_hour | *ROBASE::rho
                    |              |      maximum
-------------------------------------------------
   358400   700.000 | 2.363941e+03 |    0.0011712
   358528   700.250 | 2.363487e+03 |    0.0011712
   358656   700.500 | 2.363800e+03 |    0.0011712
   358784   700.750 | 2.363679e+03 |    0.0011711
   358912   701.000 | 2.363947e+03 |    0.0011711
   359040   701.250 | 2.363568e+03 |    0.0011711
   359168   701.500 | 2.363895e+03 |    0.0011711
   359296   701.750 | 2.363738e+03 |    0.0011711
   359424   702.000 | 2.364004e+03 |    0.0011710
   359552   702.250 | 2.363541e+03 |    0.0011710
   359680   702.500 | 2.363816e+03 |    0.0011710
   359808   702.750 | 2.363650e+03 |    0.0011710
   359936   703.000 | 2.363858e+03 |    0.0011709
   360064   703.250 | 2.363396e+03 |    0.0011709
   360192   703.500 | 2.363708e+03 |    0.0011709
   360320   703.750 | 2.363537e+03 |    0.0011709
   360448   704.000 | 2.363307e+03 |    0.0011708
   360576   704.250 | 2.362467e+03 |    0.0011708
   360704   704.500 | 2.362827e+03 |    0.0011708
   360832   704.750 | 2.362664e+03 |    0.0011708
-------------------------------------------------
Iteration      Time | *me_per_hour | *ROBASE::rho
                    |              |      maximum
-------------------------------------------------
   360960   705.000 | 2.362939e+03 |    0.0011707
   361088   705.250 | 2.362577e+03 |    0.0011707
   361216   705.500 | 2.362875e+03 |    0.0011707
   361344   705.750 | 2.362619e+03 |    0.0011706
   361472   706.000 | 2.362856e+03 |    0.0011706
   361600   706.250 | 2.362542e+03 |    0.0011706
   361728   706.500 | 2.362830e+03 |    0.0011705
   361856   706.750 | 2.362591e+03 |    0.0011705
   361984   707.000 | 2.362744e+03 |    0.0011705
   362112   707.250 | 2.362354e+03 |    0.0011704
   362240   707.500 | 2.362546e+03 |    0.0011704
   362368   707.750 | 2.362360e+03 |    0.0011703
   362496   708.000 | 2.362684e+03 |    0.0011703
   362624   708.250 | 2.362394e+03 |    0.0011703
   362752   708.500 | 2.362732e+03 |    0.0011702
   362880   708.750 | 2.362619e+03 |    0.0011702
   363008   709.000 | 2.362937e+03 |    0.0011701
   363136   709.250 | 2.362617e+03 |    0.0011701
   363264   709.500 | 2.362907e+03 |    0.0011701
   363392   709.750 | 2.362751e+03 |    0.0011700
-------------------------------------------------
Iteration      Time | *me_per_hour | *ROBASE::rho
                    |              |      maximum
-------------------------------------------------
   363520   710.000 | 2.363050e+03 |    0.0011700
   363648   710.250 | 2.362757e+03 |    0.0011699
   363776   710.500 | 2.363026e+03 |    0.0011699
   363904   710.750 | 2.362713e+03 |    0.0011698
   364032   711.000 | 2.362970e+03 |    0.0011698
   364160   711.250 | 2.362519e+03 |    0.0011697
   364288   711.500 | 2.362793e+03 |    0.0011697
   364416   711.750 | 2.362566e+03 |    0.0011696
   364544   712.000 | 2.362870e+03 |    0.0011696
   364672   712.250 | 2.362423e+03 |    0.0011695
   364800   712.500 | 2.362745e+03 |    0.0011695
   364928   712.750 | 2.362537e+03 |    0.0011694
   365056   713.000 | 2.362758e+03 |    0.0011694
   365184   713.250 | 2.362240e+03 |    0.0011693
   365312   713.500 | 2.362483e+03 |    0.0011693
   365440   713.750 | 2.362300e+03 |    0.0011692
   365568   714.000 | 2.362578e+03 |    0.0011692
   365696   714.250 | 2.362242e+03 |    0.0011691
   365824   714.500 | 2.362580e+03 |    0.0011691
   365952   714.750 | 2.362423e+03 |    0.0011690
-------------------------------------------------
Iteration      Time | *me_per_hour | *ROBASE::rho
                    |              |      maximum
-------------------------------------------------
   366080   715.000 | 2.362666e+03 |    0.0011689
   366208   715.250 | 2.362368e+03 |    0.0011689
   366336   715.500 | 2.362661e+03 |    0.0011688
   366464   715.750 | 2.362382e+03 |    0.0011688
   366592   716.000 | 2.362560e+03 |    0.0011687
   366720   716.250 | 2.361931e+03 |    0.0011686
   366848   716.500 | 2.362136e+03 |    0.0011686
   366976   716.750 | 2.361724e+03 |    0.0011685
   367104   717.000 | 2.361927e+03 |    0.0011685
   367232   717.250 | 2.361471e+03 |    0.0011684
   367360   717.500 | 2.361724e+03 |    0.0011683
   367488   717.750 | 2.361461e+03 |    0.0011683
   367616   718.000 | 2.361666e+03 |    0.0011682
   367744   718.250 | 2.361086e+03 |    0.0011681
   367872   718.500 | 2.361331e+03 |    0.0011681
   368000   718.750 | 2.361037e+03 |    0.0011680
   368128   719.000 | 2.361289e+03 |    0.0011679
   368256   719.250 | 2.360789e+03 |    0.0011679
   368384   719.500 | 2.361063e+03 |    0.0011678
   368512   719.750 | 2.360755e+03 |    0.0011677
-------------------------------------------------
Iteration      Time | *me_per_hour | *ROBASE::rho
                    |              |      maximum
-------------------------------------------------
   368640   720.000 | 2.361000e+03 |    0.0011677
   368768   720.250 | 2.360590e+03 |    0.0011676
   368896   720.500 | 2.360849e+03 |    0.0011675
   369024   720.750 | 2.360639e+03 |    0.0011675
   369152   721.000 | 2.360891e+03 |    0.0011674
   369280   721.250 | 2.360348e+03 |    0.0011673
   369408   721.500 | 2.360604e+03 |    0.0011673
   369536   721.750 | 2.360400e+03 |    0.0011672
   369664   722.000 | 2.360759e+03 |    0.0011671
   369792   722.250 | 2.360577e+03 |    0.0011671
   369920   722.500 | 2.360979e+03 |    0.0011670
   370048   722.750 | 2.360984e+03 |    0.0011669
   370176   723.000 | 2.361342e+03 |    0.0011668
   370304   723.250 | 2.361143e+03 |    0.0011668
   370432   723.500 | 2.361540e+03 |    0.0011667
   370560   723.750 | 2.361536e+03 |    0.0011666
   370688   724.000 | 2.361884e+03 |    0.0011665
   370816   724.250 | 2.361708e+03 |    0.0011665
   370944   724.500 | 2.362107e+03 |    0.0011664
   371072   724.750 | 2.362106e+03 |    0.0011663
-------------------------------------------------
Iteration      Time | *me_per_hour | *ROBASE::rho
                    |              |      maximum
-------------------------------------------------
   371200   725.000 | 2.362481e+03 |    0.0011663
   371328   725.250 | 2.362350e+03 |    0.0011662
   371456   725.500 | 2.362765e+03 |    0.0011661
   371584   725.750 | 2.362800e+03 |    0.0011660
   371712   726.000 | 2.363180e+03 |    0.0011660
   371840   726.250 | 2.363046e+03 |    0.0011659
   371968   726.500 | 2.363461e+03 |    0.0011658
   372096   726.750 | 2.363498e+03 |    0.0011657
   372224   727.000 | 2.363874e+03 |    0.0011656
   372352   727.250 | 2.363747e+03 |    0.0011656
   372480   727.500 | 2.364167e+03 |    0.0011655
   372608   727.750 | 2.364208e+03 |    0.0011654
   372736   728.000 | 2.364583e+03 |    0.0011653
   372864   728.250 | 2.364447e+03 |    0.0011653
   372992   728.500 | 2.364865e+03 |    0.0011652
   373120   728.750 | 2.364908e+03 |    0.0011651
   373248   729.000 | 2.365283e+03 |    0.0011650
   373376   729.250 | 2.365159e+03 |    0.0011650
   373504   729.500 | 2.365570e+03 |    0.0011649
   373632   729.750 | 2.365600e+03 |    0.0011648
-------------------------------------------------
Iteration      Time | *me_per_hour | *ROBASE::rho
                    |              |      maximum
-------------------------------------------------
   373760   730.000 | 2.365951e+03 |    0.0011647
   373888   730.250 | 2.365582e+03 |    0.0011646
   374016   730.500 | 2.365856e+03 |    0.0011646
   374144   730.750 | 2.365582e+03 |    0.0011645
   374272   731.000 | 2.365828e+03 |    0.0011644
   374400   731.250 | 2.365456e+03 |    0.0011643
   374528   731.500 | 2.365762e+03 |    0.0011643
   374656   731.750 | 2.365545e+03 |    0.0011642
   374784   732.000 | 2.365768e+03 |    0.0011641
   374912   732.250 | 2.365314e+03 |    0.0011640
   375040   732.500 | 2.365645e+03 |    0.0011639
   375168   732.750 | 2.365465e+03 |    0.0011639
   375296   733.000 | 2.365725e+03 |    0.0011638
   375424   733.250 | 2.365215e+03 |    0.0011637
   375552   733.500 | 2.365461e+03 |    0.0011636
   375680   733.750 | 2.365291e+03 |    0.0011636
   375808   734.000 | 2.365554e+03 |    0.0011635
   375936   734.250 | 2.365207e+03 |    0.0011634
   376064   734.500 | 2.365517e+03 |    0.0011633
   376192   734.750 | 2.365408e+03 |    0.0011633
-------------------------------------------------
Iteration      Time | *me_per_hour | *ROBASE::rho
                    |              |      maximum
-------------------------------------------------
   376320   735.000 | 2.365635e+03 |    0.0011632
   376448   735.250 | 2.365144e+03 |    0.0011631
   376576   735.500 | 2.365418e+03 |    0.0011630
   376704   735.750 | 2.365236e+03 |    0.0011630
   376832   736.000 | 2.365419e+03 |    0.0011629
   376960   736.250 | 2.364822e+03 |    0.0011628
   377088   736.500 | 2.365123e+03 |    0.0011627
   377216   736.750 | 2.364786e+03 |    0.0011627
   377344   737.000 | 2.365028e+03 |    0.0011626
   377472   737.250 | 2.364649e+03 |    0.0011625
   377600   737.500 | 2.364936e+03 |    0.0011624
   377728   737.750 | 2.364533e+03 |    0.0011624
   377856   738.000 | 2.364773e+03 |    0.0011623
   377984   738.250 | 2.364424e+03 |    0.0011622
   378112   738.500 | 2.364725e+03 |    0.0011621
   378240   738.750 | 2.364540e+03 |    0.0011621
   378368   739.000 | 2.364785e+03 |    0.0011620
   378496   739.250 | 2.364454e+03 |    0.0011619
   378624   739.500 | 2.364766e+03 |    0.0011618
   378752   739.750 | 2.364541e+03 |    0.0011618
-------------------------------------------------
Iteration      Time | *me_per_hour | *ROBASE::rho
                    |              |      maximum
-------------------------------------------------
   378880   740.000 | 2.364792e+03 |    0.0011617
   379008   740.250 | 2.364224e+03 |    0.0011616
   379136   740.500 | 2.364439e+03 |    0.0011616
   379264   740.750 | 2.364187e+03 |    0.0011615
   379392   741.000 | 2.364447e+03 |    0.0011614
   379520   741.250 | 2.364083e+03 |    0.0011613
   379648   741.500 | 2.364398e+03 |    0.0011613
   379776   741.750 | 2.364087e+03 |    0.0011612
   379904   742.000 | 2.364260e+03 |    0.0011611
   380032   742.250 | 2.363783e+03 |    0.0011611
   380160   742.500 | 2.364058e+03 |    0.0011610
   380288   742.750 | 2.363787e+03 |    0.0011609
   380416   743.000 | 2.363950e+03 |    0.0011609
   380544   743.250 | 2.363294e+03 |    0.0011608
   380672   743.500 | 2.363567e+03 |    0.0011607
   380800   743.750 | 2.363220e+03 |    0.0011607
   380928   744.000 | 2.363392e+03 |    0.0011606
   381056   744.250 | 2.362990e+03 |    0.0011605
   381184   744.500 | 2.363288e+03 |    0.0011605
   381312   744.750 | 2.363105e+03 |    0.0011604
-------------------------------------------------
Iteration      Time | *me_per_hour | *ROBASE::rho
                    |              |      maximum
-------------------------------------------------
   381440   745.000 | 2.363366e+03 |    0.0011603
   381568   745.250 | 2.362808e+03 |    0.0011603
   381696   745.500 | 2.363005e+03 |    0.0011602
   381824   745.750 | 2.362725e+03 |    0.0011601
   381952   746.000 | 2.362873e+03 |    0.0011601
   382080   746.250 | 2.362271e+03 |    0.0011600
   382208   746.500 | 2.362500e+03 |    0.0011600
   382336   746.750 | 2.362291e+03 |    0.0011599
   382464   747.000 | 2.362544e+03 |    0.0011598
   382592   747.250 | 2.362082e+03 |    0.0011598
   382720   747.500 | 2.362395e+03 |    0.0011597
   382848   747.750 | 2.362199e+03 |    0.0011597
   382976   748.000 | 2.362439e+03 |    0.0011596
   383104   748.250 | 2.362103e+03 |    0.0011595
   383232   748.500 | 2.362373e+03 |    0.0011595
   383360   748.750 | 2.362169e+03 |    0.0011594
   383488   749.000 | 2.362455e+03 |    0.0011594
   383616   749.250 | 2.362220e+03 |    0.0011593
   383744   749.500 | 2.362493e+03 |    0.0011593
   383872   749.750 | 2.362321e+03 |    0.0011592
-------------------------------------------------
Iteration      Time | *me_per_hour | *ROBASE::rho
                    |              |      maximum
-------------------------------------------------
   384000   750.000 | 2.362588e+03 |    0.0011592
   384128   750.250 | 2.362269e+03 |    0.0011591
   384256   750.500 | 2.362540e+03 |    0.0011591
   384384   750.750 | 2.362370e+03 |    0.0011590
   384512   751.000 | 2.362651e+03 |    0.0011590
   384640   751.250 | 2.362296e+03 |    0.0011589
   384768   751.500 | 2.362550e+03 |    0.0011589
   384896   751.750 | 2.362388e+03 |    0.0011588
   385024   752.000 | 2.362687e+03 |    0.0011588
   385152   752.250 | 2.362237e+03 |    0.0011587
   385280   752.500 | 2.362563e+03 |    0.0011587
   385408   752.750 | 2.362416e+03 |    0.0011586
   385536   753.000 | 2.362619e+03 |    0.0011586
   385664   753.250 | 2.362098e+03 |    0.0011585
   385792   753.500 | 2.362408e+03 |    0.0011585
   385920   753.750 | 2.362297e+03 |    0.0011584
   386048   754.000 | 2.362526e+03 |    0.0011584
   386176   754.250 | 2.362115e+03 |    0.0011583
   386304   754.500 | 2.362438e+03 |    0.0011583
   386432   754.750 | 2.362333e+03 |    0.0011582
-------------------------------------------------
Iteration      Time | *me_per_hour | *ROBASE::rho
                    |              |      maximum
-------------------------------------------------
   386560   755.000 | 2.362637e+03 |    0.0011582
   386688   755.250 | 2.362362e+03 |    0.0011582
   386816   755.500 | 2.362692e+03 |    0.0011581
   386944   755.750 | 2.362574e+03 |    0.0011581
   387072   756.000 | 2.362832e+03 |    0.0011580
   387200   756.250 | 2.362571e+03 |    0.0011580
   387328   756.500 | 2.362893e+03 |    0.0011580
   387456   756.750 | 2.362796e+03 |    0.0011579
   387584   757.000 | 2.363085e+03 |    0.0011579
   387712   757.250 | 2.362803e+03 |    0.0011578
   387840   757.500 | 2.363135e+03 |    0.0011578
   387968   757.750 | 2.363053e+03 |    0.0011578
   388096   758.000 | 2.363330e+03 |    0.0011577
   388224   758.250 | 2.363011e+03 |    0.0011577
   388352   758.500 | 2.363317e+03 |    0.0011577
   388480   758.750 | 2.363151e+03 |    0.0011576
   388608   759.000 | 2.363391e+03 |    0.0011576
   388736   759.250 | 2.363068e+03 |    0.0011576
   388864   759.500 | 2.363330e+03 |    0.0011575
   388992   759.750 | 2.363200e+03 |    0.0011575
-------------------------------------------------
Iteration      Time | *me_per_hour | *ROBASE::rho
                    |              |      maximum
-------------------------------------------------
   389120   760.000 | 2.363474e+03 |    0.0011575
   389248   760.250 | 2.363044e+03 |    0.0011575
   389376   760.500 | 2.363357e+03 |    0.0011574
   389504   760.750 | 2.363227e+03 |    0.0011574
   389632   761.000 | 2.363506e+03 |    0.0011574
   389760   761.250 | 2.362974e+03 |    0.0011573
   389888   761.500 | 2.363254e+03 |    0.0011573
   390016   761.750 | 2.363090e+03 |    0.0011573
   390144   762.000 | 2.363346e+03 |    0.0011573
   390272   762.250 | 2.363040e+03 |    0.0011572
   390400   762.500 | 2.363358e+03 |    0.0011572
   390528   762.750 | 2.363247e+03 |    0.0011572
   390656   763.000 | 2.363532e+03 |    0.0011572
   390784   763.250 | 2.363169e+03 |    0.0011572
   390912   763.500 | 2.363472e+03 |    0.0011572
   391040   763.750 | 2.363308e+03 |    0.0011571
   391168   764.000 | 2.363589e+03 |    0.0011571
   391296   764.250 | 2.363308e+03 |    0.0011571
   391424   764.500 | 2.363649e+03 |    0.0011571
   391552   764.750 | 2.363507e+03 |    0.0011571
-------------------------------------------------
Iteration      Time | *me_per_hour | *ROBASE::rho
                    |              |      maximum
-------------------------------------------------
   391680   765.000 | 2.363772e+03 |    0.0011571
   391808   765.250 | 2.363461e+03 |    0.0011570
   391936   765.500 | 2.363777e+03 |    0.0011570
   392064   765.750 | 2.363658e+03 |    0.0011570
   392192   766.000 | 2.363938e+03 |    0.0011570
   392320   766.250 | 2.363630e+03 |    0.0011570
   392448   766.500 | 2.363925e+03 |    0.0011570
   392576   766.750 | 2.363741e+03 |    0.0011570
   392704   767.000 | 2.364019e+03 |    0.0011570
   392832   767.250 | 2.363740e+03 |    0.0011570
   392960   767.500 | 2.364097e+03 |    0.0011570
   393088   767.750 | 2.364021e+03 |    0.0011570
   393216   768.000 | 2.363892e+03 |    0.0011570
   393344   768.250 | 2.363333e+03 |    0.0011570
   393472   768.500 | 2.363670e+03 |    0.0011570
   393600   768.750 | 2.363530e+03 |    0.0011570
   393728   769.000 | 2.363836e+03 |    0.0011570
   393856   769.250 | 2.363590e+03 |    0.0011570
   393984   769.500 | 2.363911e+03 |    0.0011570
   394112   769.750 | 2.363784e+03 |    0.0011570
-------------------------------------------------
Iteration      Time | *me_per_hour | *ROBASE::rho
                    |              |      maximum
-------------------------------------------------
   394240   770.000 | 2.364064e+03 |    0.0011570
   394368   770.250 | 2.363779e+03 |    0.0011570
   394496   770.500 | 2.364085e+03 |    0.0011570
   394624   770.750 | 2.363967e+03 |    0.0011570
   394752   771.000 | 2.364230e+03 |    0.0011570
   394880   771.250 | 2.363949e+03 |    0.0011570
   395008   771.500 | 2.364190e+03 |    0.0011570
   395136   771.750 | 2.363887e+03 |    0.0011570
   395264   772.000 | 2.364157e+03 |    0.0011570
   395392   772.250 | 2.363763e+03 |    0.0011570
   395520   772.500 | 2.364086e+03 |    0.0011570
   395648   772.750 | 2.363979e+03 |    0.0011570
   395776   773.000 | 2.364246e+03 |    0.0011571
   395904   773.250 | 2.363912e+03 |    0.0011571
   396032   773.500 | 2.364263e+03 |    0.0011571
   396160   773.750 | 2.364141e+03 |    0.0011571
   396288   774.000 | 2.364358e+03 |    0.0011571
   396416   774.250 | 2.363987e+03 |    0.0011571
   396544   774.500 | 2.364288e+03 |    0.0011571
   396672   774.750 | 2.364195e+03 |    0.0011571
-------------------------------------------------
Iteration      Time | *me_per_hour | *ROBASE::rho
                    |              |      maximum
-------------------------------------------------
   396800   775.000 | 2.364443e+03 |    0.0011572
   396928   775.250 | 2.364140e+03 |    0.0011572
   397056   775.500 | 2.364466e+03 |    0.0011572
   397184   775.750 | 2.364305e+03 |    0.0011572
   397312   776.000 | 2.364576e+03 |    0.0011572
   397440   776.250 | 2.364283e+03 |    0.0011573
   397568   776.500 | 2.364556e+03 |    0.0011573
   397696   776.750 | 2.364377e+03 |    0.0011573
   397824   777.000 | 2.364552e+03 |    0.0011573
   397952   777.250 | 2.364117e+03 |    0.0011573
   398080   777.500 | 2.364371e+03 |    0.0011574
   398208   777.750 | 2.364135e+03 |    0.0011574
   398336   778.000 | 2.364389e+03 |    0.0011574
   398464   778.250 | 2.364036e+03 |    0.0011574
   398592   778.500 | 2.364306e+03 |    0.0011574
   398720   778.750 | 2.364099e+03 |    0.0011575
   398848   779.000 | 2.364416e+03 |    0.0011575
   398976   779.250 | 2.364090e+03 |    0.0011575
   399104   779.500 | 2.364417e+03 |    0.0011575
   399232   779.750 | 2.364128e+03 |    0.0011576
-------------------------------------------------
Iteration      Time | *me_per_hour | *ROBASE::rho
                    |              |      maximum
-------------------------------------------------
   399360   780.000 | 2.364387e+03 |    0.0011576
   399488   780.250 | 2.364124e+03 |    0.0011576
   399616   780.500 | 2.364436e+03 |    0.0011576
   399744   780.750 | 2.364338e+03 |    0.0011577
   399872   781.000 | 2.364589e+03 |    0.0011577
   400000   781.250 | 2.364228e+03 |    0.0011577
   400128   781.500 | 2.364564e+03 |    0.0011577
   400256   781.750 | 2.364405e+03 |    0.0011578
   400384   782.000 | 2.364604e+03 |    0.0011578
   400512   782.250 | 2.364069e+03 |    0.0011578
   400640   782.500 | 2.364265e+03 |    0.0011579
   400768   782.750 | 2.364054e+03 |    0.0011579
   400896   783.000 | 2.364262e+03 |    0.0011579
   401024   783.250 | 2.363929e+03 |    0.0011579
   401152   783.500 | 2.364222e+03 |    0.0011580
   401280   783.750 | 2.364028e+03 |    0.0011580
   401408   784.000 | 2.364190e+03 |    0.0011580
   401536   784.250 | 2.363847e+03 |    0.0011581
   401664   784.500 | 2.364169e+03 |    0.0011581
   401792   784.750 | 2.363880e+03 |    0.0011581
-------------------------------------------------
Iteration      Time | *me_per_hour | *ROBASE::rho
                    |              |      maximum
-------------------------------------------------
   401920   785.000 | 2.364072e+03 |    0.0011582
   402048   785.250 | 2.363683e+03 |    0.0011582
   402176   785.500 | 2.363972e+03 |    0.0011582
   402304   785.750 | 2.363880e+03 |    0.0011583
   402432   786.000 | 2.364132e+03 |    0.0011583
   402560   786.250 | 2.363706e+03 |    0.0011583
   402688   786.500 | 2.363951e+03 |    0.0011584
   402816   786.750 | 2.363724e+03 |    0.0011584
   402944   787.000 | 2.363982e+03 |    0.0011585
   403072   787.250 | 2.363592e+03 |    0.0011585
   403200   787.500 | 2.363871e+03 |    0.0011585
   403328   787.750 | 2.363710e+03 |    0.0011586
   403456   788.000 | 2.363839e+03 |    0.0011586
   403584   788.250 | 2.363383e+03 |    0.0011587
   403712   788.500 | 2.363666e+03 |    0.0011587
   403840   788.750 | 2.363482e+03 |    0.0011588
   403968   789.000 | 2.363730e+03 |    0.0011588
   404096   789.250 | 2.363269e+03 |    0.0011588
   404224   789.500 | 2.363539e+03 |    0.0011589
   404352   789.750 | 2.363384e+03 |    0.0011589
-------------------------------------------------
Iteration      Time | *me_per_hour | *ROBASE::rho
                    |              |      maximum
-------------------------------------------------
   404480   790.000 | 2.363661e+03 |    0.0011590
   404608   790.250 | 2.363364e+03 |    0.0011590
   404736   790.500 | 2.363627e+03 |    0.0011591
   404864   790.750 | 2.363480e+03 |    0.0011591
   404992   791.000 | 2.363750e+03 |    0.0011592
   405120   791.250 | 2.363446e+03 |    0.0011592
   405248   791.500 | 2.363746e+03 |    0.0011593
   405376   791.750 | 2.363614e+03 |    0.0011593
   405504   792.000 | 2.363877e+03 |    0.0011594
   405632   792.250 | 2.363607e+03 |    0.0011594
   405760   792.500 | 2.363892e+03 |    0.0011595
   405888   792.750 | 2.363789e+03 |    0.0011595
   406016   793.000 | 2.364039e+03 |    0.0011596
   406144   793.250 | 2.363612e+03 |    0.0011596
   406272   793.500 | 2.363863e+03 |    0.0011597
   406400   793.750 | 2.363709e+03 |    0.0011598
   406528   794.000 | 2.363991e+03 |    0.0011598
   406656   794.250 | 2.363624e+03 |    0.0011599
   406784   794.500 | 2.363878e+03 |    0.0011599
   406912   794.750 | 2.363637e+03 |    0.0011600
-------------------------------------------------
Iteration      Time | *me_per_hour | *ROBASE::rho
                    |              |      maximum
-------------------------------------------------
   407040   795.000 | 2.363803e+03 |    0.0011600
   407168   795.250 | 2.363406e+03 |    0.0011601
   407296   795.500 | 2.363684e+03 |    0.0011601
   407424   795.750 | 2.363609e+03 |    0.0011602
   407552   796.000 | 2.363827e+03 |    0.0011602
   407680   796.250 | 2.363483e+03 |    0.0011603
   407808   796.500 | 2.363797e+03 |    0.0011604
   407936   796.750 | 2.363683e+03 |    0.0011604
   408064   797.000 | 2.363918e+03 |    0.0011605
   408192   797.250 | 2.363556e+03 |    0.0011605
   408320   797.500 | 2.363831e+03 |    0.0011606
   408448   797.750 | 2.363678e+03 |    0.0011606
   408576   798.000 | 2.363810e+03 |    0.0011607
   408704   798.250 | 2.363355e+03 |    0.0011608
   408832   798.500 | 2.363597e+03 |    0.0011608
   408960   798.750 | 2.363361e+03 |    0.0011609
   409088   799.000 | 2.363556e+03 |    0.0011609
   409216   799.250 | 2.363139e+03 |    0.0011610
   409344   799.500 | 2.363415e+03 |    0.0011610
   409472   799.750 | 2.363178e+03 |    0.0011611
-------------------------------------------------
Iteration      Time | *me_per_hour | *ROBASE::rho
                    |              |      maximum
-------------------------------------------------
   409600   800.000 | 2.363315e+03 |    0.0011611
INFO (Carpet): Terminating due to cctk_final_time at t = 800.000000
INFO (CarpetIOHDF5): ---------------------------------------------------------
INFO (CarpetIOHDF5): Dumping termination checkpoint at iteration 409600, simulation time 800
INFO (CarpetIOHDF5): ---------------------------------------------------------
==================================================================================================================================================================================================
Thorn           | Scheduled routine in time bin           | gettimeofday [secs] | getrusage [secs] | cycle [secs] | cycle[avg] [secs] | cycle[sdv] [secs] | cycle[min] [secs] | cycle[max] [secs] 
==================================================================================================================================================================================================
Carpet          | Multi-model Startup routine             |          0.00059600 |       0.00000000 |   0.00000000 |        0.00000000 |        0.00000000 |        0.00000000 |        0.00000000 
CycleClock      | Set up CycleClock                       |          0.10005700 |       0.10564800 |   0.00000937 |        0.00000937 |        0.00000000 |        0.00000937 |        0.00000937 
LoopControl     | Set up LoopControl                      |          0.00000200 |       0.00000200 |   0.00000141 |        0.00000141 |        0.00000000 |        0.00000141 |        0.00000141 
ML_BSSN_Helper  | Set checkpointing and prolongation group|          0.00006400 |       0.00006100 |   0.00006325 |        0.00006325 |        0.00000000 |        0.00006325 |        0.00006325 
Timers          | Prepare hierarchical timers             |          0.00001000 |       0.00000900 |   0.00000941 |        0.00000941 |        0.00000000 |        0.00000941 |        0.00000941 
Carpet          | Startup routine                         |          0.00000600 |       0.00000600 |   0.00000612 |        0.00000612 |        0.00000000 |        0.00000612 |        0.00000612 
IOUtil          | Startup routine                         |          0.00000300 |       0.00000300 |   0.00000294 |        0.00000294 |        0.00000000 |        0.00000294 |        0.00000294 
CarpetInterp    | Startup routine                         |          0.00000000 |       0.00000100 |   0.00000066 |        0.00000066 |        0.00000000 |        0.00000066 |        0.00000066 
CarpetReduce    | Startup routine                         |          0.00003000 |       0.00002900 |   0.00002943 |        0.00002943 |        0.00000000 |        0.00002943 |        0.00002943 
CartGrid3D      | Register GH Extension for GridSymmetry  |          0.00000200 |       0.00000100 |   0.00000122 |        0.00000122 |        0.00000000 |        0.00000122 |        0.00000122 
CoordBase       | Register a GH extension to store the coo|          0.00000100 |       0.00000200 |   0.00000103 |        0.00000103 |        0.00000000 |        0.00000103 |        0.00000103 
AEILocalInterp  | register CCTK_InterpLocalUniform() inter|          0.00000300 |       0.00000300 |   0.00000301 |        0.00000301 |        0.00000000 |        0.00000301 |        0.00000301 
EOS_Polytrope   | Setup the polytropic EOS                |          0.00000300 |       0.00000300 |   0.00000313 |        0.00000313 |        0.00000000 |        0.00000313 |        0.00000313 
Formaline       | Print the build and simulation ids      |          0.00012100 |       0.00011900 |   0.00012232 |        0.00012232 |        0.00000000 |        0.00012232 |        0.00012232 
GRHydro         | Register the hydro masks                |          0.00001300 |       0.00001200 |   0.00001228 |        0.00001228 |        0.00000000 |        0.00001228 |        0.00001228 
HydroBase       | Startup banner                          |          0.00000100 |       0.00000100 |   0.00000131 |        0.00000131 |        0.00000000 |        0.00000131 |        0.00000131 
CarpetIOASCII   | Startup routine                         |          0.00002900 |       0.00003000 |   0.00003012 |        0.00003012 |        0.00000000 |        0.00003012 |        0.00003012 
LocalReduce     | Startup routine                         |          0.00002200 |       0.00002100 |   0.00002192 |        0.00002192 |        0.00000000 |        0.00002192 |        0.00002192 
CarpetIOBasic   | Startup routine                         |          0.00000300 |       0.00000400 |   0.00000337 |        0.00000337 |        0.00000000 |        0.00000337 |        0.00000337 
ML_BSSN         | create banner                           |          0.00000100 |       0.00000100 |   0.00000088 |        0.00000088 |        0.00000000 |        0.00000088 |        0.00000088 
ML_BSSN_Helper  | Register slicing                        |          0.00000100 |       0.00000100 |   0.00000123 |        0.00000123 |        0.00000000 |        0.00000123 |        0.00000123 
CarpetIOHDF5    | Startup routine                         |          0.00003300 |       0.00003300 |   0.00003323 |        0.00003323 |        0.00000000 |        0.00003323 |        0.00003323 
MoL             | Startup banner                          |          0.00000500 |       0.00000500 |   0.00000522 |        0.00000522 |        0.00000000 |        0.00000522 |        0.00000522 
SymBase         | Register GH Extension for SymBase       |          0.00000300 |       0.00000200 |   0.00000242 |        0.00000242 |        0.00000000 |        0.00000242 |        0.00000242 
TerminationTrigg| Start signal handler                    |          0.00002300 |       0.00002200 |   0.00002310 |        0.00002310 |        0.00000000 |        0.00002310 |        0.00002310 
CarpetIOScalar  | Startup routine                         |          0.00000600 |       0.00000600 |   0.00000640 |        0.00000640 |        0.00000000 |        0.00000640 |        0.00000640 
Vectors         | Print startup message                   |          0.00000300 |       0.00000200 |   0.00000203 |        0.00000203 |        0.00000000 |        0.00000203 |        0.00000203 
--------------------------------------------------------------------------------------------------------------------------------------------------------------------------------------------------
                | Total time for CCTK_STARTUP             |          0.10104100 |       0.10602700 |   0.00039679 |        0.00039679 |        0.00000000 |        0.00039679 |        0.00039679 
==================================================================================================================================================================================================
ADMBase         | Set up GF symmetries                    |          0.00005900 |       0.00000000 |   0.00005870 |        0.00005870 |        0.00000000 |        0.00005870 |        0.00005870 
Boundary        | Register boundary conditions that this t|          0.00001400 |       0.00000000 |   0.00001406 |        0.00001406 |        0.00000000 |        0.00001406 |        0.00001406 
CarpetRegrid2   | Initialise locations of refined regions |          0.00006000 |       0.00000000 |   0.00005974 |        0.00005974 |        0.00000000 |        0.00005974 |        0.00005974 
CartGrid3D      | Register coordinates for the Cartesian g|          0.00010700 |       0.00000000 |   0.00010666 |        0.00010666 |        0.00000000 |        0.00010666 |        0.00010666 
CoordGauge      | Initialize slicing, setup priorities for|          0.00001400 |       0.00000000 |   0.00001358 |        0.00001358 |        0.00000000 |        0.00001358 |        0.00001358 
CoordGauge      | Identify the slicing for the next iterat|          0.00000800 |       0.00000000 |   0.00000853 |        0.00000853 |        0.00000000 |        0.00000853 |        0.00000853 
EOS_Omni        | Set up conversion factors and other fun |          0.00001500 |       0.00000000 |   0.00001423 |        0.00001423 |        0.00000000 |        0.00001423 |        0.00001423 
Formaline       | Output Cactus source tree               |          0.08224400 |       0.00000000 |   0.08223917 |        0.08223917 |        0.00000000 |        0.08223917 |        0.08223917 
Formaline       | Register to receive warnings and info me|          0.00016100 |       0.00000000 |   0.00016047 |        0.00016047 |        0.00000000 |        0.00016047 |        0.00016047 
Formaline       | Put some meta information about the curr|          0.67920500 |       0.67522000 |   0.67915794 |        0.67915794 |        0.00000000 |        0.67915794 |        0.67915794 
GRHydro         | Startup banner                          |          0.00125300 |       0.00117100 |   0.00125270 |        0.00125270 |        0.00000000 |        0.00125270 |        0.00125270 
GRHydro         | Initialize InLastMoLPostStep to zero    |          0.00096000 |       0.00089600 |   0.00095900 |        0.00095900 |        0.00000000 |        0.00095900 |        0.00095900 
ML_BSSN_Helper  | Handle parameter backward compatibility |          0.00072800 |       0.00067900 |   0.00072736 |        0.00072736 |        0.00000000 |        0.00072736 |        0.00072736 
MoL             | Set up the MoL bookkeeping index arrays |          0.00007500 |       0.00007000 |   0.00007474 |        0.00007474 |        0.00000000 |        0.00007474 |        0.00007474 
MoL             | Set the flag so it is ok to register wit|          0.00005000 |       0.00004700 |   0.00005011 |        0.00005011 |        0.00000000 |        0.00005011 |        0.00005011 
TmunuBase       | Set the stress_energy_state variable    |          0.00018100 |       0.00016900 |   0.00018088 |        0.00018088 |        0.00000000 |        0.00018088 |        0.00018088 
GRHydro         | Register variables for MoL              |          0.00103300 |       0.00102500 |   0.00103346 |        0.00103346 |        0.00000000 |        0.00103346 |        0.00103346 
ML_BSSN         | Register Variables for MoL              |          0.00041800 |       0.00041800 |   0.00041818 |        0.00041818 |        0.00000000 |        0.00041818 |        0.00041818 
ML_BSSN_Helper  | Register ADMBase variables as constraine|          0.00027900 |       0.00027900 |   0.00027921 |        0.00027921 |        0.00000000 |        0.00027921 |        0.00027921 
SpaceMask       | Set grid symmetries for mask            |          0.00003200 |       0.00003200 |   0.00003140 |        0.00003140 |        0.00000000 |        0.00003140 |        0.00003140 
SpaceMask       | Set grid symmetries for emask (compatibi|          0.00002000 |       0.00002000 |   0.00001957 |        0.00001957 |        0.00000000 |        0.00001957 |        0.00001957 
CartGrid3D      | Register symmetry boundaries            |          0.00007000 |       0.00006900 |   0.00006954 |        0.00006954 |        0.00000000 |        0.00006954 |        0.00006954 
ML_BSSN         | register symmetries                     |          0.00034100 |       0.00034000 |   0.00034040 |        0.00034040 |        0.00000000 |        0.00034040 |        0.00034040 
ReflectionSymmet| Register reflection symmetry boundaries |          0.00001500 |       0.00001500 |   0.00001484 |        0.00001484 |        0.00000000 |        0.00001484 |        0.00001484 
SymBase         | Print symmetry boundary face description|          0.00001400 |       0.00001400 |   0.00001384 |        0.00001384 |        0.00000000 |        0.00001384 |        0.00001384 
TOVSolver       | Allocate memory for TOVSolver_C         |          0.00012400 |       0.00012400 |   0.00012397 |        0.00012397 |        0.00000000 |        0.00012397 |        0.00012397 
MoL             | Report how many of each type of variable|          0.00011700 |       0.00011600 |   0.00011641 |        0.00011641 |        0.00000000 |        0.00011641 |        0.00011641 
--------------------------------------------------------------------------------------------------------------------------------------------------------------------------------------------------
                | Total time for CCTK_WRAGH               |          0.76759700 |       0.68070400 |   0.76753870 |        0.76753870 |        0.00000000 |        0.76753870 |        0.76753870 
==================================================================================================================================================================================================
ADMBase         | Check consistency of parameters         |          0.00003400 |       0.00003500 |   0.00003412 |        0.00003412 |        0.00000000 |        0.00003412 |        0.00003412 
Boundary        | Check dimension of grid variables       |          0.00000800 |       0.00000800 |   0.00000759 |        0.00000759 |        0.00000000 |        0.00000759 |        0.00000759 
Carpet          | Parameter checking routine              |          0.00005300 |       0.00005300 |   0.00005285 |        0.00005285 |        0.00000000 |        0.00005285 |        0.00005285 
CarpetLib       | Test prolongation operators             |          0.00001900 |       0.00001900 |   0.00001896 |        0.00001896 |        0.00000000 |        0.00001896 |        0.00001896 
CarpetRegrid2   | Check parameters                        |          0.00006400 |       0.00006400 |   0.00006378 |        0.00006378 |        0.00000000 |        0.00006378 |        0.00006378 
CartGrid3D      | Check coordinates for CartGrid3D        |          0.00001600 |       0.00001600 |   0.00001590 |        0.00001590 |        0.00000000 |        0.00001590 |        0.00001590 
Dissipation     | Check dissipation parameters for consist|          0.00011300 |       0.00011400 |   0.00011358 |        0.00011358 |        0.00000000 |        0.00011358 |        0.00011358 
GRHydro         | Check parameters                        |          0.00012800 |       0.00012800 |   0.00012726 |        0.00012726 |        0.00000000 |        0.00012726 |        0.00012726 
ML_BSSN_Helper  | Check parameters                        |          0.00039100 |       0.00039000 |   0.00039047 |        0.00039047 |        0.00000000 |        0.00039047 |        0.00039047 
MoL             | Basic parameter checking                |          0.00005400 |       0.00005400 |   0.00005407 |        0.00005407 |        0.00000000 |        0.00005407 |        0.00005407 
TOVSolver       | Check parameters                        |          0.00009100 |       0.00009100 |   0.00009081 |        0.00009081 |        0.00000000 |        0.00009081 |        0.00009081 
Vectors         | Run correctness tests.                  |          0.00018300 |       0.00018200 |   0.00018224 |        0.00018224 |        0.00000000 |        0.00018224 |        0.00018224 
--------------------------------------------------------------------------------------------------------------------------------------------------------------------------------------------------
                | Total time for CCTK_PARAMCHECK          |          0.00115400 |       0.00115400 |   0.00115162 |        0.00115162 |        0.00000000 |        0.00115162 |        0.00115162 
==================================================================================================================================================================================================
ADMBase         | Set the shift_state variable to 1       |          0.00037700 |       0.01649700 |   0.00037574 |        0.00012525 |        0.00002498 |        0.00011278 |        0.00011278 
ADMBase         | Set the dtlapse_state variable to 1     |          0.00018000 |       0.00017900 |   0.00017955 |        0.00005985 |        0.00002938 |        0.00004651 |        0.00004926 
ADMBase         | Set the dtshift_state variable to 1     |          0.00016600 |       0.00016600 |   0.00016540 |        0.00005513 |        0.00002500 |        0.00004492 |        0.00004492 
ADMMacros       | Initialize the local_spatial_order      |          0.00016100 |       0.00036800 |   0.00016077 |        0.00005359 |        0.00001073 |        0.00004484 |        0.00005836 
CartGrid3D      | Set up ranges for spatial 3D Cartesian c|          0.00022000 |       0.00049300 |   0.00021942 |        0.00007314 |        0.00005720 |        0.00004868 |        0.00004868 
CartGrid3D      | Set up spatial 3D Cartesian coordinates |          0.00175600 |       0.00302400 |   0.00175597 |        0.00058532 |        0.00043669 |        0.00023556 |        0.00070023 
SphericalSurface| Set surface resolution automatically    |          0.00034100 |       0.00034000 |   0.00034080 |        0.00011360 |        0.00027412 |        0.00000169 |        0.00000169 
Dissipation     | Ensure that there are enough ghost zones|          0.00034800 |       0.00034800 |   0.00034773 |        0.00011591 |        0.00009400 |        0.00007437 |        0.00007437 
GRHydro         | Initially set execution flags to 'YEAH, |          0.00098000 |       0.00097900 |   0.00097844 |        0.00032615 |        0.00079536 |        0.00000144 |        0.00000144 
GRHydro         | Schedule symmetries and check shift stat|          0.00066100 |       0.00065800 |   0.00065938 |        0.00021979 |        0.00001409 |        0.00021369 |        0.00021369 
GRHydro         | Initialise the mask function that contai|          0.00057900 |       0.00057800 |   0.00057859 |        0.00019286 |        0.00001320 |        0.00018449 |        0.00020292 
ML_BSSN         | check boundaries treatment              |          0.00031700 |       0.00031700 |   0.00031687 |        0.00010562 |        0.00025506 |        0.00000144 |        0.00000154 
NaNChecker      | Reset the NaNChecker::NaNsFound counter |          0.00003800 |       0.00004000 |   0.00003886 |        0.00001295 |        0.00002804 |        0.00000148 |        0.00000154 
SpaceMask       | Initialise mask to zero                 |          0.00024500 |       0.00024400 |   0.00024391 |        0.00008130 |        0.00000935 |        0.00007614 |        0.00007614 
SpaceMask       | Set old style mask to one               |          0.00024100 |       0.00024000 |   0.00024061 |        0.00008020 |        0.00001959 |        0.00007014 |        0.00007014 
SphericalSurface| Calculate surface coordinate descriptors|          0.00012700 |       0.00012700 |   0.00012631 |        0.00004210 |        0.00009954 |        0.00000145 |        0.00000145 
CarpetReduce    | Allocate the weight function            |          0.00040900 |       0.00040600 |   0.00041023 |        0.00013674 |        0.00033159 |        0.00000135 |        0.00000135 
CarpetReduce    | Initialise the weight function          |          0.00026800 |       0.00026900 |   0.00026807 |        0.00008936 |        0.00021544 |        0.00000138 |        0.00000143 
CarpetReduce    | Set up the outer boundaries of the weigh|          0.00037100 |       0.00059500 |   0.00037149 |        0.00012383 |        0.00030009 |        0.00000132 |        0.00000132 
CarpetReduce    | Set up the weight function for the restr|          0.00058100 |       0.00058200 |   0.00058090 |        0.00019363 |        0.00047082 |        0.00000141 |        0.00000141 
CarpetReduce    | Set the weight function                 |          0.00034600 |       0.00034400 |   0.00034417 |        0.00011472 |        0.00027755 |        0.00000140 |        0.00000140 
CarpetReduce    | Test the weight function                |          0.00038900 |       0.00038800 |   0.00038886 |        0.00012962 |        0.00031417 |        0.00000135 |        0.00000135 
SphericalSurface| Set surface radii to be used for initial|          0.00013400 |       0.00013500 |   0.00013424 |        0.00004475 |        0.00010641 |        0.00000130 |        0.00000130 
SphericalSurface| Test the state of the spherical surfaces|          0.00012500 |       0.00012300 |   0.00012310 |        0.00004103 |        0.00009690 |        0.00000147 |        0.00000147 
SymBase         | Check whether the driver set up the grid|          0.00017000 |       0.00016900 |   0.00016913 |        0.00005638 |        0.00001235 |        0.00005029 |        0.00005029 
TerminationTrigg| Clear trigger state                     |          0.00015500 |       0.00015600 |   0.00015460 |        0.00005153 |        0.00001777 |        0.00004408 |        0.00004408 
TerminationTrigg| Start timer                             |          0.00017700 |       0.00017600 |   0.00017598 |        0.00005866 |        0.00000971 |        0.00005454 |        0.00005485 
TerminationTrigg| Create termination file                 |          0.00035600 |       0.00035600 |   0.00035539 |        0.00011846 |        0.00003073 |        0.00010425 |        0.00010425 
Time            | Initialise Time variables               |          0.00004800 |       0.00004800 |   0.00004706 |        0.00001569 |        0.00003470 |        0.00000150 |        0.00000150 
Time            | Set timestep based on Courant condition |          0.00006300 |       0.00006100 |   0.00006222 |        0.00002074 |        0.00001239 |        0.00001553 |        0.00001553 
--------------------------------------------------------------------------------------------------------------------------------------------------------------------------------------------------
                | Total time for CCTK_BASEGRID            |          0.01032900 |       0.02840600 |   0.01031378 |        0.00343793 |        0.00441696 |        0.00144077 |        0.00194068 
==================================================================================================================================================================================================
StaticConformal | Set the conformal_state variable to 0   |          0.00020300 |       0.00020300 |   0.00020232 |        0.00006744 |        0.00004190 |        0.00005024 |        0.00005043 
GRHydro         | Set the EOS number                      |          0.00099700 |       0.01865100 |   0.00099762 |        0.00033254 |        0.00081074 |        0.00000147 |        0.00000147 
CarpetIOASCII   | Initialisation routine                  |          0.00002800 |       0.00002800 |   0.00002784 |        0.00000928 |        0.00001941 |        0.00000133 |        0.00000138 
CarpetIOBasic   | Initialisation routine                  |          0.00002700 |       0.00026600 |   0.00002685 |        0.00000895 |        0.00001843 |        0.00000142 |        0.00000142 
CarpetIOHDF5    | Initialisation routine                  |          0.00003000 |       0.00003000 |   0.00003018 |        0.00001006 |        0.00002125 |        0.00000136 |        0.00000140 
CarpetIOScalar  | Initialisation routine                  |          0.00002600 |       0.00002600 |   0.00002576 |        0.00000859 |        0.00001780 |        0.00000132 |        0.00000132 
GRHydro         | Set up minimum for the rest-mass density|          0.00047400 |       0.00085900 |   0.00047410 |        0.00015803 |        0.00001430 |        0.00015192 |        0.00015192 
GRHydro         | Initialize the atmosphere mask          |          0.00058600 |       0.00058600 |   0.00058597 |        0.00019532 |        0.00001579 |        0.00018374 |        0.00019620 
GRHydro         | Calculate current refinement level      |          0.00049400 |       0.00049400 |   0.00049342 |        0.00016447 |        0.00001589 |        0.00015647 |        0.00015647 
ADMBase         | Set the dtlapse to 0 at all points      |          0.00044100 |       0.00043900 |   0.00044018 |        0.00014673 |        0.00007738 |        0.00010451 |        0.00012713 
ADMBase         | Set the dtshift to 0 at all points      |          0.00108400 |       0.00108400 |   0.00108453 |        0.00036151 |        0.00019448 |        0.00021432 |        0.00038351 
HydroBase       | Initialize hydro excision mask to 'no ex|          0.00029700 |       0.00029600 |   0.00029589 |        0.00009863 |        0.00001645 |        0.00009043 |        0.00009352 
TOVSolver       | Integrate the 1d equations for the TOV s|          0.03301900 |       0.04204400 |   0.03301689 |        0.01100563 |        0.02695430 |        0.00000154 |        0.00000163 
TOVSolver       | Set up the 3d quantities for the TOV sta|          0.02556300 |       0.04439100 |   0.02556087 |        0.00852029 |        0.00752952 |        0.00243122 |        0.01083049 
GRHydro         | Calculate sdetg                         |          0.00104300 |       0.00104400 |   0.00104316 |        0.00034772 |        0.00012768 |        0.00024477 |        0.00038500 
GRHydro         | Use mask to enforce atmosphere at initia|          0.00495400 |       0.00534700 |   0.00495333 |        0.00165111 |        0.00138865 |        0.00061348 |        0.00177410 
ML_BSSN         | ML_BSSN_InitialADMBase1Everywhere       |          0.00345900 |       0.02444200 |   0.00345832 |        0.00115277 |        0.00012109 |        0.00107176 |        0.00107176 
ML_BSSN         | ML_BSSN_InitialADMBase2Interior         |          0.00400300 |       0.03560900 |   0.00400392 |        0.00133464 |        0.00027113 |        0.00120724 |        0.00124155 
ML_BSSN         | ML_BSSN_InitialADMBase2BoundaryScalar   |          0.00107000 |       0.00107100 |   0.00106981 |        0.00035660 |        0.00054253 |        0.00008364 |        0.00008364 
ML_BSSN_Helper  | Extrapolate Gammas and time derivatives |          0.00110900 |       0.00110800 |   0.00110794 |        0.00036931 |        0.00034035 |        0.00009330 |        0.00009330 
MoL             | Initialise the step size control        |          0.00008600 |       0.00008500 |   0.00008419 |        0.00002806 |        0.00003455 |        0.00001389 |        0.00001389 
GRHydro         | Convert initial data given in primive va|          0.00207400 |       0.00386600 |   0.00207413 |        0.00069138 |        0.00046929 |        0.00031885 |        0.00079994 
TmunuBase       | Initialise the stress-energy tensor to z|          0.00108800 |       0.00313300 |   0.00108674 |        0.00036225 |        0.00015858 |        0.00023460 |        0.00040724 
GRHydro         | Compute the energy-momentum tensor      |          0.00213400 |       0.02192100 |   0.00213210 |        0.00071070 |        0.00012911 |        0.00063896 |        0.00067968 
--------------------------------------------------------------------------------------------------------------------------------------------------------------------------------------------------
                | Total time for CCTK_INITIAL             |          0.08428900 |       0.20702300 |   0.08427608 |        0.02809203 |        0.03933060 |        0.00791178 |        0.01854840 
==================================================================================================================================================================================================
CarpetIOHDF5    | Close all filereader input files        |          0.00006800 |       0.00006600 |   0.00006630 |        0.00002210 |        0.00004892 |        0.00000200 |        0.00000226 
GRHydro         | Set up and check scalars for efficiency |          0.00049900 |       0.00049900 |   0.00049916 |        0.00016639 |        0.00001057 |        0.00015781 |        0.00017155 
ML_BSSN         | ML_BSSN_EnforceEverywhere               |          0.00135900 |       0.00135700 |   0.00135680 |        0.00045227 |        0.00024913 |        0.00033029 |        0.00033029 
ML_BSSN         | select boundary conditions              |          0.00361500 |       0.03568100 |   0.00361434 |        0.00120478 |        0.00222792 |        0.00019587 |        0.00302011 
GRHydro         | Calculate current refinement level      |          0.00053000 |       0.00051700 |   0.00053015 |        0.00017672 |        0.00001293 |        0.00017030 |        0.00018718 
GRHydro         | Set grid scalar InLastMoLPostStep if thi|          0.00100100 |       0.00188900 |   0.00100085 |        0.00033362 |        0.00075884 |        0.00001903 |        0.00001903 
Boundary        | Apply all requested local physical bound|          0.00194800 |       0.00837700 |   0.00194622 |        0.00010812 |        0.00049025 |        0.00005128 |        0.00008169 
CartGrid3D      | Apply symmetry boundary conditions      |          0.00094000 |       0.00393600 |   0.00093801 |        0.00005211 |        0.00005160 |        0.00004385 |        0.00004709 
ReflectionSymmet| Apply reflection symmetries             |          0.00575700 |       0.02465700 |   0.00575794 |        0.00031989 |        0.00114391 |        0.00006087 |        0.00017690 
Boundary        | Unselect all grid variables for boundary|          0.00010200 |       0.00010400 |   0.00010101 |        0.00000561 |        0.00000867 |        0.00000417 |        0.00000472 
ML_BSSN         | ML_BSSN_ADMBaseInterior                 |          0.00355300 |       0.03739600 |   0.00355134 |        0.00118378 |        0.00057029 |        0.00077138 |        0.00120273 
ML_BSSN         | ML_BSSN_ADMBaseBoundaryScalar           |          0.00135800 |       0.00393400 |   0.00135760 |        0.00045253 |        0.00030506 |        0.00020471 |        0.00055477 
ML_BSSN         | ML_BSSN_ADMBaseEverywhere               |          0.00263000 |       0.02010700 |   0.00262882 |        0.00087627 |        0.00014170 |        0.00076805 |        0.00076805 
ML_BSSN_Helper  | Select boundary conditions for ADMBase v|          0.00030100 |       0.00030200 |   0.00030007 |        0.00010002 |        0.00019240 |        0.00002054 |        0.00002241 
GRHydro         | Select atmosphere mask for boundary cond|          0.00045200 |       0.00045200 |   0.00045120 |        0.00015040 |        0.00000817 |        0.00014473 |        0.00015020 
GRHydro         | Set integer atmosphere mask from synchro|          0.00057000 |       0.00057100 |   0.00057042 |        0.00019014 |        0.00004452 |        0.00017184 |        0.00017210 
GRHydro         | Reset the atmosphere                    |          0.00062000 |       0.00061900 |   0.00061898 |        0.00020633 |        0.00003051 |        0.00018159 |        0.00022127 
GRHydro         | Select GRHydro boundary conditions      |          0.01580600 |       0.09465400 |   0.01580480 |        0.00526827 |        0.01249878 |        0.00016188 |        0.01547347 
GRHydro         | Calculate sdetg                         |          0.00074600 |       0.02123100 |   0.00074463 |        0.00024821 |        0.00007559 |        0.00019045 |        0.00029591 
GRHydro         | Convert back to primitive variables (gen|          0.00377900 |       0.02334900 |   0.00377833 |        0.00125944 |        0.00087038 |        0.00055128 |        0.00156193 
TmunuBase       | Initialise the stress-energy tensor to z|          0.00093000 |       0.00092700 |   0.00092749 |        0.00030916 |        0.00016763 |        0.00017482 |        0.00035369 
GRHydro         | Compute the energy-momentum tensor      |          0.00188500 |       0.00614800 |   0.00188426 |        0.00062809 |        0.00043017 |        0.00027836 |        0.00077486 
ML_BSSN         | ML_BSSN_ConstraintsEverywhere           |          0.00106500 |       0.00106500 |   0.00106488 |        0.00035496 |        0.00024185 |        0.00025336 |        0.00025912 
ML_BSSN         | ML_BSSN_ConstraintsEverywhere_SelectBCs |          0.00071500 |       0.01864400 |   0.00071347 |        0.00023782 |        0.00021962 |        0.00006019 |        0.00034789 
ML_BSSN         | ML_BSSN_ConstraintsInterior             |          0.00747200 |       0.04422300 |   0.00747120 |        0.00249040 |        0.00179766 |        0.00105247 |        0.00295432 
ML_BSSN         | ML_BSSN_ConstraintsInterior_SelectBCs   |          0.00119200 |       0.00119100 |   0.00119138 |        0.00039713 |        0.00057126 |        0.00007550 |        0.00085049 
--------------------------------------------------------------------------------------------------------------------------------------------------------------------------------------------------
                | Total time for CCTK_POSTINITIAL         |          0.05889300 |       0.35189600 |   0.05886965 |        0.01719455 |        0.02316830 |        0.00609662 |        0.03000402 
==================================================================================================================================================================================================
ML_BSSN         | select boundary conditions              |          0.00394500 |       0.01242200 |   0.00394315 |        0.00131438 |        0.00256136 |        0.00024341 |        0.00340552 
GRHydro         | Calculate current refinement level      |          0.00074000 |       0.00309000 |   0.00073880 |        0.00024627 |        0.00007600 |        0.00019909 |        0.00030477 
GRHydro         | Set grid scalar InLastMoLPostStep if thi|          0.00007200 |       0.00007000 |   0.00007193 |        0.00002398 |        0.00000798 |        0.00001830 |        0.00002404 
Boundary        | Apply all requested local physical bound|          0.00230500 |       0.01587400 |   0.00230344 |        0.00012797 |        0.00062441 |        0.00005264 |        0.00006162 
CartGrid3D      | Apply symmetry boundary conditions      |          0.00108500 |       0.00202700 |   0.00108573 |        0.00006032 |        0.00006841 |        0.00004564 |        0.00004909 
ReflectionSymmet| Apply reflection symmetries             |          0.00558600 |       0.04474500 |   0.00558619 |        0.00031034 |        0.00095962 |        0.00006049 |        0.00022261 
Boundary        | Unselect all grid variables for boundary|          0.00010700 |       0.00011000 |   0.00010820 |        0.00000601 |        0.00001089 |        0.00000423 |        0.00000483 
ML_BSSN         | ML_BSSN_ADMBaseInterior                 |          0.00314400 |       0.02406500 |   0.00314392 |        0.00104797 |        0.00087099 |        0.00035286 |        0.00126544 
ML_BSSN         | ML_BSSN_ADMBaseBoundaryScalar           |          0.00098700 |       0.00098900 |   0.00098812 |        0.00032937 |        0.00033253 |        0.00018740 |        0.00060078 
ML_BSSN         | ML_BSSN_ADMBaseEverywhere               |          0.00252900 |       0.00401000 |   0.00252842 |        0.00084281 |        0.00057608 |        0.00040513 |        0.00091243 
ML_BSSN_Helper  | Select boundary conditions for ADMBase v|          0.00007700 |       0.00090100 |   0.00007642 |        0.00002547 |        0.00000833 |        0.00002024 |        0.00002432 
GRHydro         | Select atmosphere mask for boundary cond|          0.00048900 |       0.00048800 |   0.00048790 |        0.00016263 |        0.00003273 |        0.00014262 |        0.00018798 
GRHydro         | Set integer atmosphere mask from synchro|          0.00054500 |       0.00054300 |   0.00054351 |        0.00018117 |        0.00001331 |        0.00017063 |        0.00018872 
GRHydro         | Reset the atmosphere                    |          0.00055400 |       0.00055400 |   0.00055363 |        0.00018454 |        0.00000291 |        0.00018293 |        0.00018686 
GRHydro         | Select GRHydro boundary conditions      |          0.01556500 |       0.10720800 |   0.01556339 |        0.00518780 |        0.01226461 |        0.00016410 |        0.01520179 
GRHydro         | Calculate sdetg                         |          0.00078200 |       0.00076400 |   0.00078058 |        0.00026019 |        0.00009484 |        0.00019483 |        0.00032884 
GRHydro         | Convert back to primitive variables (gen|          0.00399600 |       0.00389800 |   0.00399554 |        0.00133185 |        0.00097092 |        0.00054188 |        0.00178440 
TmunuBase       | Initialise the stress-energy tensor to z|          0.00128500 |       0.00125100 |   0.00128402 |        0.00042801 |        0.00030972 |        0.00017575 |        0.00053871 
GRHydro         | Compute the energy-momentum tensor      |          0.00213000 |       0.02266000 |   0.00212943 |        0.00070981 |        0.00051399 |        0.00029162 |        0.00094938 
ML_BSSN         | ML_BSSN_ConstraintsEverywhere_SelectBCs |          0.00050800 |       0.02045800 |   0.00050787 |        0.00016929 |        0.00022707 |        0.00005817 |        0.00035338 
ML_BSSN         | ML_BSSN_ConstraintsInterior_SelectBCs   |          0.00107500 |       0.00107200 |   0.00107461 |        0.00035820 |        0.00069885 |        0.00005755 |        0.00092853 
--------------------------------------------------------------------------------------------------------------------------------------------------------------------------------------------------
                | Total time for CCTK_POSTRESTRICTINITIAL |          0.04750600 |       0.26719900 |   0.04749479 |        0.01330839 |        0.02122556 |        0.00356953 |        0.02752404 
==================================================================================================================================================================================================
GRHydro         | Set the value of the rest-mass density o|          0.00128800 |       0.00384200 |   0.00128720 |        0.00042907 |        0.00083214 |        0.00008318 |        0.00008318 
GRHydro         | Use mask to enforce atmosphere at initia|          0.01519400 |       0.07521700 |   0.01519321 |        0.00506440 |        0.00392621 |        0.00191952 |        0.00609847 
GRHydro         | Calculate sdetg                         |          0.00102400 |       0.00307500 |   0.00102199 |        0.00034066 |        0.00014014 |        0.00024207 |        0.00033967 
GRHydro         | Convert back to primitive variables (gen|          0.00390400 |       0.03349000 |   0.00390419 |        0.00130140 |        0.00095989 |        0.00053173 |        0.00155816 
TmunuBase       | Initialise the stress-energy tensor to z|          0.00151300 |       0.00149000 |   0.00150977 |        0.00050326 |        0.00033446 |        0.00023918 |        0.00057506 
GRHydro         | Compute the energy-momentum tensor      |          0.00223800 |       0.01852500 |   0.00223768 |        0.00074589 |        0.00043605 |        0.00041301 |        0.00080297 
TOVSolver       | Free memory from TOVSolver_C            |          0.00063000 |       0.00063000 |   0.00062899 |        0.00020966 |        0.00050896 |        0.00000175 |        0.00062523 
--------------------------------------------------------------------------------------------------------------------------------------------------------------------------------------------------
                | Total time for CCTK_POSTPOSTINITIAL     |          0.02579100 |       0.13626900 |   0.02578305 |        0.00859435 |        0.00713784 |        0.00343044 |        0.01008274 
==================================================================================================================================================================================================
CarpetIOHDF5    | Initial data checkpoint routine         |          0.59300700 |       2.44267400 |   0.59296542 |        0.19765514 |        0.48413524 |        0.00000275 |        0.59294991 
--------------------------------------------------------------------------------------------------------------------------------------------------------------------------------------------------
                | Total time for CCTK_CPINITIAL           |          0.59300700 |       2.44267400 |   0.59296542 |        0.19765514 |        0.48413524 |        0.00000275 |        0.59294991 
==================================================================================================================================================================================================
CoordGauge      | Identify the slicing for the next iterat|          0.39123100 |       0.37806900 |   0.38938350 |        0.00006953 |        0.00106648 |        0.00005430 |        0.00008173 
GRHydro         | Reset the mask function that contains th|          1.25417200 |       1.21191000 |   1.25370530 |        0.00022388 |        0.00288008 |        0.00016228 |        0.00021288 
LoopControl     | Update LoopControl algorithm preferences|          0.53163200 |       0.51359400 |   0.53171047 |        0.00009495 |        0.00666314 |        0.00000154 |        0.00020265 
NaNChecker      | Reset the NaNChecker::NaNsFound counter |          0.05827400 |       0.05589500 |   0.05790315 |        0.00001034 |        0.00059281 |        0.00000157 |        0.00001493 
--------------------------------------------------------------------------------------------------------------------------------------------------------------------------------------------------
                | Total time for CCTK_PRESTEP             |          2.23530900 |       2.15946800 |   2.23270242 |        0.00039870 |        0.01120251 |        0.00021968 |        0.00051218 
==================================================================================================================================================================================================
MoL             | Initialise the step size control        |          0.09965000 |       0.09498700 |   0.09831259 |        0.00001756 |        0.00051376 |        0.00001484 |        0.00001629 
MoL             | Set the counter for the ODE method to lo|          0.09957000 |       0.09514600 |   0.09839624 |        0.00001757 |        0.00029178 |        0.00001481 |        0.00001615 
MoL             | Ensure the correct time and timestep are|          0.08201200 |       0.07874100 |   0.08168285 |        0.00001459 |        0.00022634 |        0.00001245 |        0.00001327 
MoL             | Allocate storage for scratch levels     |          5.45787700 |       5.25722300 |   5.45745197 |        0.00097454 |        0.02864364 |        0.00020707 |        0.00113915 
GRHydro         | Set up and check scalars for efficiency |          1.22573800 |       1.18019000 |   1.22502166 |        0.00021875 |        0.00399112 |        0.00015759 |        0.00023130 
MoL             | Allocate sufficient space for array scra|          0.37408700 |       0.35982300 |   0.37359416 |        0.00006671 |        0.00106420 |        0.00005608 |        0.00005917 
MoL             | Ensure the data is in the correct timele|         19.36836700 |      18.94724500 |  19.36724364 |        0.00345844 |        0.10578266 |        0.00049555 |        0.00410876 
MoL             | Initialise the RHS functions            |         21.28059800 |     103.59392000 |  21.27571752 |        0.00094981 |        0.05597358 |        0.00016178 |        0.00104741 
GRHydro         | Source term calculation                 |         23.02931000 |     103.40803600 |  23.02238808 |        0.00102779 |        0.05934449 |        0.00014668 |        0.00110916 
GRHydro         | Set the flux_direction variable         |          3.12039500 |      14.35803200 |   3.11908984 |        0.00013925 |        0.00455898 |        0.00010417 |        0.00011809 
GRHydro         | Calculate current refinement level      |         13.97373600 |     104.45663100 |  13.89881333 |        0.00020683 |        0.01351158 |        0.00015162 |        0.00017329 
GRHydro         | Reconstruct the functions at the cell bo|        120.99470900 |     657.46565800 | 120.98738021 |        0.00180041 |        0.20113587 |        0.00032760 |        0.00162863 
GRHydro         | Solve the local Riemann problems        |         50.12586500 |     289.22578500 |  50.05654300 |        0.00074489 |        0.06470775 |        0.00024043 |        0.00070914 
GRHydro         | Calculate the update term from the fluxe|         18.35396700 |     106.75037400 |  18.33882159 |        0.00027290 |        0.01939537 |        0.00016880 |        0.00022984 
GRHydro         | Decrement the flux_direction variable   |          8.56585600 |      51.23635100 |   8.56678682 |        0.00012748 |        0.00815916 |        0.00010331 |        0.00010860 
GRHydro         | Alter the update terms if inside the atm|          5.08848500 |      30.63718700 |   5.07358358 |        0.00022650 |        0.00763679 |        0.00016179 |        0.00019110 
ML_BSSN         | ML_BSSN_EvolutionBoundaryScalar         |          5.19928700 |      30.49102400 |   5.19379958 |        0.00023187 |        0.02245780 |        0.00009480 |        0.00009961 
ML_BSSN         | ML_BSSN_EvolutionInteriorSplitBy1       |         42.69902100 |     253.88060500 |  42.69671532 |        0.00190610 |        0.10647088 |        0.00026003 |        0.00203517 
ML_BSSN         | ML_BSSN_EvolutionInteriorSplitBy2       |         61.03255200 |     370.74787600 |  61.02812466 |        0.00272447 |        0.16245618 |        0.00036618 |        0.00279112 
ML_BSSN         | ML_BSSN_EvolutionInteriorSplitBy3       |         73.67698000 |     444.61011100 |  73.67103865 |        0.00328889 |        0.19617466 |        0.00041892 |        0.00340518 
ML_BSSN_Helper  | Apply NewRad boundary conditions to RHS |         55.13598700 |     220.82083000 |  55.13238869 |        0.00246127 |        0.44665185 |        0.00019251 |        0.00022634 
Dissipation     | Add Kreiss-Oliger dissipation to the rig|         68.86265200 |     262.24987300 |  68.85858038 |        0.00307404 |        0.20554069 |        0.00050511 |        0.00288339 
MoL             | Updates calculated with the efficient Ru|         89.07789900 |      88.47693800 |  89.07203780 |        0.00397643 |        0.24727899 |        0.00052067 |        0.00464902 
MoL             | Alter the counter number                |          0.46156000 |       0.45509500 |   0.45869848 |        0.00002048 |        0.00062865 |        0.00001310 |        0.00002038 
MoL             | If necessary, change the time           |          0.35690900 |       0.35074500 |   0.35596199 |        0.00001589 |        0.00109523 |        0.00001213 |        0.00001374 
ML_BSSN         | ML_BSSN_EnforceEverywhere               |         10.46315600 |      12.12799700 |  10.46063250 |        0.00046699 |        0.02189423 |        0.00013461 |        0.00037375 
ML_BSSN         | select boundary conditions              |         23.37757000 |     103.27680900 |  23.37485390 |        0.00104352 |        0.39497281 |        0.00008331 |        0.00292514 
GRHydro         | Calculate current refinement level      |          4.82191000 |      11.77135200 |   4.82038807 |        0.00021520 |        0.00725775 |        0.00015578 |        0.00025905 
GRHydro         | Set grid scalar InLastMoLPostStep if thi|          0.52781600 |       1.27077300 |   0.52662517 |        0.00002351 |        0.00083311 |        0.00001708 |        0.00002185 
Boundary        | Apply all requested local physical bound|          8.32519500 |      41.90795800 |   8.31723198 |        0.00008251 |        0.02576078 |        0.00005034 |        0.00011338 
CartGrid3D      | Apply symmetry boundary conditions      |          5.72223800 |      28.65320100 |   5.71941816 |        0.00005674 |        0.00594445 |        0.00004421 |        0.00005027 
ReflectionSymmet| Apply reflection symmetries             |         33.59701800 |     158.44201500 |  33.59347165 |        0.00033327 |        0.06436358 |        0.00005610 |        0.00018612 
Boundary        | Unselect all grid variables for boundary|          0.66130900 |       3.21630200 |   0.66306152 |        0.00000658 |        0.00087539 |        0.00000439 |        0.00000577 
ML_BSSN         | ML_BSSN_ADMBaseInterior                 |         26.53463000 |     107.77097000 |  26.53176243 |        0.00118445 |        0.06420059 |        0.00023715 |        0.00113636 
ML_BSSN         | ML_BSSN_ADMBaseBoundaryScalar           |          7.14059100 |      37.19539000 |   7.13861468 |        0.00031869 |        0.06398677 |        0.00009309 |        0.00060232 
ML_BSSN         | ML_BSSN_ADMBaseEverywhere               |         17.00092100 |      86.92983900 |  16.99838768 |        0.00075886 |        0.03246107 |        0.00023835 |        0.00073755 
ML_BSSN_Helper  | Select boundary conditions for ADMBase v|          0.60924200 |       3.29772700 |   0.60747129 |        0.00002712 |        0.00121381 |        0.00002011 |        0.00002561 
GRHydro         | Select atmosphere mask for boundary cond|          3.79705900 |      21.48447000 |   3.79690144 |        0.00016950 |        0.00542703 |        0.00012571 |        0.00017194 
GRHydro         | Set integer atmosphere mask from synchro|          4.37813500 |      25.24970300 |   4.37631206 |        0.00019537 |        0.00639852 |        0.00015763 |        0.00016700 
GRHydro         | Reset the atmosphere                    |          1.18194400 |       7.44963800 |   1.18087895 |        0.00021087 |        0.00352660 |        0.00016461 |        0.00018116 
GRHydro         | Select GRHydro boundary conditions      |         92.65519100 |     552.89751400 |  92.64437340 |        0.00413591 |        1.66962853 |        0.00014583 |        0.01517574 
GRHydro         | Calculate sdetg                         |          6.07474700 |      33.96244000 |   6.06936082 |        0.00027095 |        0.00975200 |        0.00017182 |        0.00029256 
GRHydro         | Convert back to primitive variables (gen|         46.35806900 |     286.74147300 |  46.35072608 |        0.00206923 |        0.11303327 |        0.00035741 |        0.00287100 
TmunuBase       | Initialise the stress-energy tensor to z|          9.58391300 |      55.17660400 |   9.57771854 |        0.00042758 |        0.02030547 |        0.00015394 |        0.00043308 
GRHydro         | Compute the energy-momentum tensor      |         16.35448800 |      93.13856900 |  16.35170762 |        0.00072999 |        0.03999182 |        0.00020992 |        0.00076217 
GRHydro         | Reset InLastMoLPostStep to zero         |          0.44429100 |       2.51194000 |   0.44478750 |        0.00001986 |        0.00077398 |        0.00001364 |        0.00001848 
MoL             | If necessary, change the timestep       |          0.40538200 |       2.38378600 |   0.40470125 |        0.00001807 |        0.00256567 |        0.00001304 |        0.00001479 
MoL             | Control the step size                   |          0.09591300 |       0.58335200 |   0.09488910 |        0.00001694 |        0.00038163 |        0.00001340 |        0.00001449 
MoL             | Restoring the Save and Restore variables|          0.45547200 |       2.46744100 |   0.45544516 |        0.00008133 |        0.00144318 |        0.00006352 |        0.00006992 
MoL             | Free storage for scratch levels         |          0.36165700 |       2.22247600 |   0.36177430 |        0.00006460 |        0.00091242 |        0.00004173 |        0.00006399 
GRHydro         | Syncronise the mask function that contai|          1.27678600 |       6.83754800 |   1.27580035 |        0.00022782 |        0.00338706 |        0.00017143 |        0.00020948 
ML_BSSN         | ML_BSSN_ConstraintsEverywhere           |          1.39554400 |       7.76554100 |   1.39479176 |        0.00024907 |        0.00548281 |        0.00009935 |        0.00022493 
ML_BSSN         | ML_BSSN_ConstraintsEverywhere_SelectBCs |          2.05599600 |      11.24964900 |   2.05558849 |        0.00036707 |        0.02676666 |        0.00004124 |        0.00027899 
ML_BSSN         | ML_BSSN_ConstraintsInterior             |         15.60223000 |      95.79787400 |  15.60087592 |        0.00278587 |        0.08062350 |        0.00039539 |        0.00283875 
ML_BSSN         | ML_BSSN_ConstraintsInterior_SelectBCs   |          6.26678000 |      36.44879700 |   6.26641652 |        0.00111900 |        0.08890734 |        0.00004953 |        0.00091184 
--------------------------------------------------------------------------------------------------------------------------------------------------------------------------------------------------
                | Total time for CCTK_EVOL                |       1035.26826200 |    4999.45757400 | 1034.96314093 |        0.04563991 |        4.72676382 |        0.00843169 |        0.05816075 
==================================================================================================================================================================================================
ML_BSSN         | select boundary conditions              |          4.91093800 |      29.14774300 |   4.90928448 |        0.00122732 |        0.08632400 |        0.00008780 |        0.00281964 
GRHydro         | Calculate current refinement level      |          0.89975100 |       5.38212700 |   0.89967769 |        0.00022492 |        0.00329479 |        0.00016340 |        0.00024809 
GRHydro         | Set grid scalar InLastMoLPostStep if thi|          0.08935200 |       0.42395200 |   0.08918636 |        0.00002230 |        0.00035485 |        0.00001552 |        0.00002072 
Boundary        | Apply all requested local physical bound|          3.05001600 |      18.15035300 |   3.04856141 |        0.00012702 |        0.02407929 |        0.00004842 |        0.00006436 
CartGrid3D      | Apply symmetry boundary conditions      |          1.33886800 |       7.60714300 |   1.33868223 |        0.00005578 |        0.00219219 |        0.00004302 |        0.00004812 
ReflectionSymmet| Apply reflection symmetries             |          7.18066600 |      42.65937500 |   7.18076919 |        0.00029920 |        0.03476343 |        0.00005539 |        0.00017644 
Boundary        | Unselect all grid variables for boundary|          0.14432800 |       0.65595400 |   0.14393153 |        0.00000600 |        0.00024966 |        0.00000421 |        0.00000497 
ML_BSSN         | ML_BSSN_ADMBaseInterior                 |          4.59136700 |      26.82501700 |   4.59084729 |        0.00114771 |        0.03061099 |        0.00024170 |        0.00115314 
ML_BSSN         | ML_BSSN_ADMBaseBoundaryScalar           |          1.47841600 |       8.36957800 |   1.47808335 |        0.00036952 |        0.01143703 |        0.00015855 |        0.00055107 
ML_BSSN         | ML_BSSN_ADMBaseEverywhere               |          3.02087300 |      18.23828200 |   3.02049794 |        0.00075512 |        0.01502179 |        0.00026623 |        0.00074571 
ML_BSSN_Helper  | Select boundary conditions for ADMBase v|          0.10184000 |       0.60814000 |   0.10184239 |        0.00002546 |        0.00037707 |        0.00001900 |        0.00002393 
GRHydro         | Select atmosphere mask for boundary cond|          0.70576600 |       4.11787700 |   0.70550495 |        0.00017638 |        0.00245716 |        0.00013019 |        0.00016850 
GRHydro         | Set integer atmosphere mask from synchro|          0.77317900 |       4.37528700 |   0.77295112 |        0.00019324 |        0.00290109 |        0.00015610 |        0.00016508 
GRHydro         | Reset the atmosphere                    |          0.83083700 |       4.85778400 |   0.83010554 |        0.00020753 |        0.00274374 |        0.00015704 |        0.00017763 
GRHydro         | Select GRHydro boundary conditions      |         22.42599300 |     133.66491400 |  22.42391069 |        0.00560598 |        0.42604086 |        0.00014481 |        0.01399099 
GRHydro         | Calculate sdetg                         |          1.11150100 |       6.42363200 |   1.11075526 |        0.00027769 |        0.00448096 |        0.00016990 |        0.00026736 
GRHydro         | Convert back to primitive variables (gen|          7.18811200 |      43.56813000 |   7.18691466 |        0.00179673 |        0.04607464 |        0.00035637 |        0.00285820 
TmunuBase       | Initialise the stress-energy tensor to z|          1.66106800 |       9.92965100 |   1.66026308 |        0.00041507 |        0.00923365 |        0.00015393 |        0.00043399 
GRHydro         | Compute the energy-momentum tensor      |          2.81425700 |      16.00248000 |   2.81384735 |        0.00070346 |        0.01687042 |        0.00021092 |        0.00063511 
ML_BSSN         | ML_BSSN_ConstraintsEverywhere_SelectBCs |          0.67745200 |       4.08116700 |   0.67716403 |        0.00016929 |        0.00792361 |        0.00004040 |        0.00031777 
ML_BSSN         | ML_BSSN_ConstraintsInterior_SelectBCs   |          1.51274000 |       8.83179100 |   1.51245027 |        0.00037811 |        0.02448936 |        0.00004582 |        0.00084986 
--------------------------------------------------------------------------------------------------------------------------------------------------------------------------------------------------
                | Total time for CCTK_POSTRESTRICT        |         66.50732000 |     393.92037700 |  66.49523082 |        0.01418382 |        0.75192060 |        0.00266872 |        0.02572071 
==================================================================================================================================================================================================
SphericalSurface| Set surface radii                       |          0.07792400 |       0.33520700 |   0.07606524 |        0.00001358 |        0.00077220 |        0.00000187 |        0.00002215 
GRHydro         | Calculate current refinement level (for |          1.18883000 |       7.64564700 |   1.18857161 |        0.00021213 |        0.00410604 |        0.00014909 |        0.00026266 
GRHydro         | Check the mask function that contains th|          1.33278900 |       9.18345100 |   1.33262936 |        0.00023784 |        0.00513521 |        0.00016113 |        0.00020109 
NaNChecker      | Prepare data structures to check for NaN|          0.03520000 |       0.14994600 |   0.03462129 |        0.00000618 |        0.00012977 |        0.00000437 |        0.00000636 
NaNChecker      | Check for NaNs                          |          1.44475500 |       7.50012900 |   1.44448377 |        0.00025781 |        0.14205098 |        0.00004604 |        0.01740170 
NaNChecker      | Count NaNs in NaNChecker::NaNsFound     |          0.03199900 |       0.12422200 |   0.03173361 |        0.00000566 |        0.00020580 |        0.00000404 |        0.00002111 
NaNChecker      | Output NaNChecker::NaNmask and take acti|          0.18220000 |       0.50039000 |   0.18197247 |        0.00003248 |        0.00214848 |        0.00000136 |        0.00006289 
SpaceMask       | Ensure that all mask values are legal   |          0.62963800 |       2.26159100 |   0.62976442 |        0.00011240 |        0.00234049 |        0.00005967 |        0.00019840 
SphericalSurface| Test the state of the spherical surfaces|          0.06570100 |       0.22707500 |   0.06543614 |        0.00001168 |        0.00069700 |        0.00000139 |        0.00001656 
Dissipation     | Setup spatially varying dissipation     |          0.73325600 |       2.38628500 |   0.73337142 |        0.00013089 |        0.00233512 |        0.00007591 |        0.00013388 
--------------------------------------------------------------------------------------------------------------------------------------------------------------------------------------------------
                | Total time for CCTK_POSTSTEP            |          5.72229200 |      30.31394300 |   5.71864932 |        0.00102064 |        0.15992110 |        0.00050487 |        0.01832680 
==================================================================================================================================================================================================
CarpetIOHDF5    | Evolution checkpoint routine            |          0.28065800 |       0.92534400 |   0.27940858 |        0.00004989 |        0.00524352 |        0.00000160 |        0.00019132 
--------------------------------------------------------------------------------------------------------------------------------------------------------------------------------------------------
                | Total time for CCTK_CHECKPOINT          |          0.28065800 |       0.92534400 |   0.27940858 |        0.00004989 |        0.00524352 |        0.00000160 |        0.00019132 
==================================================================================================================================================================================================
CarpetLib       | Print timing statistics if desired      |          0.06102300 |       0.23596900 |   0.06035222 |        0.00001077 |        0.00073758 |        0.00000153 |        0.00001570 
CarpetLib       | Print memory statistics if desired      |          0.05161700 |       0.15977000 |   0.05159638 |        0.00000921 |        0.00054074 |        0.00000128 |        0.00001313 
Formaline       | Put some meta information about the curr|          0.05452300 |       0.18001500 |   0.05455155 |        0.00000974 |        0.00065619 |        0.00000127 |        0.00001423 
LoopControl     | Output LoopControl statistics           |          0.23969200 |       0.90722500 |   0.23982659 |        0.00004280 |        0.00281182 |        0.00000132 |        0.00006156 
TerminationTrigg| Check elapsed job walltime              |          0.34386700 |       1.61810300 |   0.34322232 |        0.00006126 |        0.00111691 |        0.00004823 |        0.00005176 
TerminationTrigg| Check if we received a termination signa|          0.30406100 |       1.44018600 |   0.30388151 |        0.00005424 |        0.00084380 |        0.00004342 |        0.00004688 
TerminationTrigg| Check termination file                  |          0.36410800 |       1.38048700 |   0.36392507 |        0.00006495 |        0.00174175 |        0.00004177 |        0.00008565 
--------------------------------------------------------------------------------------------------------------------------------------------------------------------------------------------------
                | Total time for CCTK_ANALYSIS            |          1.41889100 |       5.92175500 |   1.41735564 |        0.00025296 |        0.00844878 |        0.00013882 |        0.00028891 
==================================================================================================================================================================================================
CarpetIOHDF5    | Termination checkpoint routine          |          0.68390600 |       2.95696600 |   0.68385666 |        0.22795222 |        0.55835037 |        0.00000189 |        0.68384339 
Formaline       | Put some meta information about the curr|          0.00081100 |       0.00077400 |   0.00080993 |        0.00026998 |        0.00065701 |        0.00000153 |        0.00080642 
LoopControl     | Output LoopControl statistics           |          0.00009000 |       0.00008900 |   0.00008941 |        0.00002980 |        0.00006916 |        0.00000146 |        0.00008627 
MoL             | Free the MoL bookkeeping index arrays   |          0.00028500 |       0.00028600 |   0.00028516 |        0.00009505 |        0.00006998 |        0.00005262 |        0.00014941 
--------------------------------------------------------------------------------------------------------------------------------------------------------------------------------------------------
                | Total time for CCTK_TERMINATE           |          0.68509200 |       2.95811500 |   0.68504115 |        0.22834705 |        0.55914652 |        0.00005750 |        0.68488549 
==================================================================================================================================================================================================
Timers          | Prepare hierarchical timers             |          0.00065600 |       0.00065200 |   0.00065675 |        0.00065675 |        0.00000000 |        0.00065675 |        0.00065675 
--------------------------------------------------------------------------------------------------------------------------------------------------------------------------------------------------
                | Total time for CCTK_SHUTDOWN            |          0.00065600 |       0.00065200 |   0.00065675 |        0.00065675 |        0.00000000 |        0.00065675 |        0.00065675 
==================================================================================================================================================================================================
--------------------------------------------------------------------------------------------------------------------------------------------------------------------------------------------------
                | Total time for simulation               |       1232.36145100 |    5940.33850600 | 1232.27570798 |     1232.27570798 |        0.00000000 |     1232.27570798 |     1232.27570798 
==================================================================================================================================================================================================
--------------------------------------------------------------------------------
Done.
