                            Pushing language C
                            Popping language C
                            Pushing language CUDA
                            Popping language CUDA
                            Pushing language Cxx
                            Popping language Cxx
                            Pushing language FC
                            Popping language FC

================================================================================
================================================================================
Starting Configure Run at Tue Jun  7 01:38:01 2016
Configure Options: --configModules=PETSc.Configure --optionsModule=PETSc.compilerOptions --LDFLAGS="-rdynamic  -L/home/jenkins/workspace/EinsteinToolkit/configs/sim/scratch/external/PAPI/lib -Wl,-rpath,/home/jenkins/workspace/EinsteinToolkit/configs/sim/scratch/external/PAPI/lib -L/home/jenkins/workspace/EinsteinToolkit/configs/sim/scratch/external/LORENE/Lib -Wl,-rpath,/home/jenkins/workspace/EinsteinToolkit/configs/sim/scratch/external/LORENE/Lib -L/home/jenkins/workspace/EinsteinToolkit/configs/sim/scratch/external/PETSc/lib -Wl,-rpath,/home/jenkins/workspace/EinsteinToolkit/configs/sim/scratch/external/PETSc/lib -L/usr/lib -Wl,-rpath,/usr/lib -L/home/jenkins/workspace/EinsteinToolkit/configs/sim/scratch/external/hwloc/lib -Wl,-rpath,/home/jenkins/workspace/EinsteinToolkit/configs/sim/scratch/external/hwloc/lib -L/home/jenkins/workspace/EinsteinToolkit/configs/sim/scratch/external/PETSc/lib -Wl,-rpath,/home/jenkins/workspace/EinsteinToolkit/configs/sim/scratch/external/PETSc/lib -L/usr/lib -Wl,-rpath,/usr/lib -L/home/jenkins/workspace/EinsteinToolkit/configs/sim/scratch/external/hwloc/lib -Wl,-rpath,/home/jenkins/workspace/EinsteinToolkit/configs/sim/scratch/external/hwloc/lib -L/home/jenkins/workspace/EinsteinToolkit/configs/sim/scratch/external/PETSc/lib -Wl,-rpath,/home/jenkins/workspace/EinsteinToolkit/configs/sim/scratch/external/PETSc/lib -L/usr/lib -Wl,-rpath,/usr/lib -L/home/jenkins/workspace/EinsteinToolkit/configs/sim/scratch/external/hwloc/lib -Wl,-rpath,/home/jenkins/workspace/EinsteinToolkit/configs/sim/scratch/external/hwloc/lib" --LIBS=" -lrt -lpthread -llapack -lblas" --doCleanup=0 --prefix=/home/jenkins/workspace/EinsteinToolkit/configs/sim/scratch/external/PETSc --with-cpp=cpp --CPPFLAGS="-DMPICH_IGNORE_CXX_SEEK -DKRANC_VECTORS -fopenmp -Wall " --with-cc=gcc --CFLAGS="-g3 -march=native -std=gnu99 -O2 -ffast-math -fopenmp -Wall -rdynamic  -L/home/jenkins/workspace/EinsteinToolkit/configs/sim/scratch/external/PAPI/lib -Wl,-rpath,/home/jenkins/workspace/EinsteinToolkit/configs/sim/scratch/external/PAPI/lib -L/home/jenkins/workspace/EinsteinToolkit/configs/sim/scratch/external/LORENE/Lib -Wl,-rpath,/home/jenkins/workspace/EinsteinToolkit/configs/sim/scratch/external/LORENE/Lib -L/home/jenkins/workspace/EinsteinToolkit/configs/sim/scratch/external/PETSc/lib -Wl,-rpath,/home/jenkins/workspace/EinsteinToolkit/configs/sim/scratch/external/PETSc/lib -L/usr/lib -Wl,-rpath,/usr/lib -L/home/jenkins/workspace/EinsteinToolkit/configs/sim/scratch/external/hwloc/lib -Wl,-rpath,/home/jenkins/workspace/EinsteinToolkit/configs/sim/scratch/external/hwloc/lib -L/home/jenkins/workspace/EinsteinToolkit/configs/sim/scratch/external/PETSc/lib -Wl,-rpath,/home/jenkins/workspace/EinsteinToolkit/configs/sim/scratch/external/PETSc/lib -L/usr/lib -Wl,-rpath,/usr/lib -L/home/jenkins/workspace/EinsteinToolkit/configs/sim/scratch/external/hwloc/lib -Wl,-rpath,/home/jenkins/workspace/EinsteinToolkit/configs/sim/scratch/external/hwloc/lib -L/home/jenkins/workspace/EinsteinToolkit/configs/sim/scratch/external/PETSc/lib -Wl,-rpath,/home/jenkins/workspace/EinsteinToolkit/configs/sim/scratch/external/PETSc/lib -L/usr/lib -Wl,-rpath,/usr/lib -L/home/jenkins/workspace/EinsteinToolkit/configs/sim/scratch/external/hwloc/lib -Wl,-rpath,/home/jenkins/workspace/EinsteinToolkit/configs/sim/scratch/external/hwloc/lib" --with-cxx=g++ --CXXFLAGS="-g3 -march=native -std=gnu++0x -O2 -ffast-math -fopenmp -Wall -rdynamic  -L/home/jenkins/workspace/EinsteinToolkit/configs/sim/scratch/external/PAPI/lib -Wl,-rpath,/home/jenkins/workspace/EinsteinToolkit/configs/sim/scratch/external/PAPI/lib -L/home/jenkins/workspace/EinsteinToolkit/configs/sim/scratch/external/LORENE/Lib -Wl,-rpath,/home/jenkins/workspace/EinsteinToolkit/configs/sim/scratch/external/LORENE/Lib -L/home/jenkins/workspace/EinsteinToolkit/configs/sim/scratch/external/PETSc/lib -Wl,-rpath,/home/jenkins/workspace/EinsteinToolkit/configs/sim/scratch/external/PETSc/lib -L/usr/lib -Wl,-rpath,/usr/lib -L/home/jenkins/workspace/EinsteinToolkit/configs/sim/scratch/external/hwloc/lib -Wl,-rpath,/home/jenkins/workspace/EinsteinToolkit/configs/sim/scratch/external/hwloc/lib -L/home/jenkins/workspace/EinsteinToolkit/configs/sim/scratch/external/PETSc/lib -Wl,-rpath,/home/jenkins/workspace/EinsteinToolkit/configs/sim/scratch/external/PETSc/lib -L/usr/lib -Wl,-rpath,/usr/lib -L/home/jenkins/workspace/EinsteinToolkit/configs/sim/scratch/external/hwloc/lib -Wl,-rpath,/home/jenkins/workspace/EinsteinToolkit/configs/sim/scratch/external/hwloc/lib -L/home/jenkins/workspace/EinsteinToolkit/configs/sim/scratch/external/PETSc/lib -Wl,-rpath,/home/jenkins/workspace/EinsteinToolkit/configs/sim/scratch/external/PETSc/lib -L/usr/lib -Wl,-rpath,/usr/lib -L/home/jenkins/workspace/EinsteinToolkit/configs/sim/scratch/external/hwloc/lib -Wl,-rpath,/home/jenkins/workspace/EinsteinToolkit/configs/sim/scratch/external/hwloc/lib" --with-fc=0 --with-ar=ar --AR_FLAGS= --with-shared-libraries=0 --with-mpi=yes --with-mpi-include=/usr/include/mpich2 --with-mpi-lib="[/usr/lib/libmpichcxx.a,/usr/lib/libmpich.a,/usr/lib/libopa.a,/usr/lib/libmpl.a,/usr/lib/libcr.so]" --with-mpi-compilers=no --with-mpiexec=false --with-ssl=no --with-x=no --known-64-bit-blas-indices=yes --with-make="make -j1"
Working directory: /home/jenkins/workspace/EinsteinToolkit/configs/sim/scratch/build/PETSc/petsc-3.5.2
Machine platform:
('Linux', 'caltechcactusjenkins.spdns.org', '3.5.0-41-generic', '#64~precise1-Ubuntu SMP Thu Sep 12 16:50:04 UTC 2013', 'x86_64', 'x86_64')
Python version:
2.7.3 (default, Jun 22 2015, 19:33:41) 
[GCC 4.6.3]
================================================================================
        Pushing language C
        Popping language C
        Pushing language CUDA
        Popping language CUDA
        Pushing language Cxx
        Popping language Cxx
        Pushing language FC
        Popping language FC
================================================================================
TEST configureExternalPackagesDir from config.framework(/home/jenkins/workspace/EinsteinToolkit/configs/sim/scratch/build/PETSc/petsc-3.5.2/config/BuildSystem/config/framework.py:823)
TESTING: configureExternalPackagesDir from config.framework(/home/jenkins/workspace/EinsteinToolkit/configs/sim/scratch/build/PETSc/petsc-3.5.2/config/BuildSystem/config/framework.py:823)
================================================================================
TEST configureDebuggers from PETSc.utilities.debuggers(/home/jenkins/workspace/EinsteinToolkit/configs/sim/scratch/build/PETSc/petsc-3.5.2/config/PETSc/utilities/debuggers.py:22)
TESTING: configureDebuggers from PETSc.utilities.debuggers(/home/jenkins/workspace/EinsteinToolkit/configs/sim/scratch/build/PETSc/petsc-3.5.2/config/PETSc/utilities/debuggers.py:22)
  Find a default debugger and determine its arguments
Checking for program /usr/local/sbin/gdb...not found
Checking for program /usr/local/bin/gdb...not found
Checking for program /usr/sbin/gdb...not found
Checking for program /usr/bin/gdb...found
          Defined make macro "GDB" to "/usr/bin/gdb"
Checking for program /usr/local/sbin/dbx...not found
Checking for program /usr/local/bin/dbx...not found
Checking for program /usr/sbin/dbx...not found
Checking for program /usr/bin/dbx...not found
Checking for program /sbin/dbx...not found
Checking for program /bin/dbx...not found
Checking for program /usr/bin/X11/dbx...not found
Checking for program /usr/games/dbx...not found
Checking for program /home/jenkins/dbx...not found
Checking for program /usr/local/sbin/xdb...not found
Checking for program /usr/local/bin/xdb...not found
Checking for program /usr/sbin/xdb...not found
Checking for program /usr/bin/xdb...not found
Checking for program /sbin/xdb...not found
Checking for program /bin/xdb...not found
Checking for program /usr/bin/X11/xdb...not found
Checking for program /usr/games/xdb...not found
Checking for program /home/jenkins/xdb...not found
Checking for program /usr/local/sbin/dsymutil...not found
Checking for program /usr/local/bin/dsymutil...not found
Checking for program /usr/sbin/dsymutil...not found
Checking for program /usr/bin/dsymutil...not found
Checking for program /sbin/dsymutil...not found
Checking for program /bin/dsymutil...not found
Checking for program /usr/bin/X11/dsymutil...not found
Checking for program /usr/games/dsymutil...not found
Checking for program /home/jenkins/dsymutil...not found
        Defined make macro "DSYMUTIL" to "true"
        Defined "USE_GDB_DEBUGGER" to "1"
================================================================================
TEST configureGit from config.sourceControl(/home/jenkins/workspace/EinsteinToolkit/configs/sim/scratch/build/PETSc/petsc-3.5.2/config/BuildSystem/config/sourceControl.py:24)
TESTING: configureGit from config.sourceControl(/home/jenkins/workspace/EinsteinToolkit/configs/sim/scratch/build/PETSc/petsc-3.5.2/config/BuildSystem/config/sourceControl.py:24)
  Find the Git executable
Checking for program /usr/local/sbin/git...not found
Checking for program /usr/local/bin/git...not found
Checking for program /usr/sbin/git...not found
Checking for program /usr/bin/git...found
          Defined make macro "GIT" to "git"
Executing: git --version
stdout: git version 1.7.9.5
================================================================================
TEST configureMercurial from config.sourceControl(/home/jenkins/workspace/EinsteinToolkit/configs/sim/scratch/build/PETSc/petsc-3.5.2/config/BuildSystem/config/sourceControl.py:35)
TESTING: configureMercurial from config.sourceControl(/home/jenkins/workspace/EinsteinToolkit/configs/sim/scratch/build/PETSc/petsc-3.5.2/config/BuildSystem/config/sourceControl.py:35)
  Find the Mercurial executable
Checking for program /usr/local/sbin/hg...not found
Checking for program /usr/local/bin/hg...not found
Checking for program /usr/sbin/hg...not found
Checking for program /usr/bin/hg...not found
Checking for program /sbin/hg...not found
Checking for program /bin/hg...not found
Checking for program /usr/bin/X11/hg...not found
Checking for program /usr/games/hg...not found
Checking for program /home/jenkins/hg...not found
================================================================================
TEST configureCVS from config.sourceControl(/home/jenkins/workspace/EinsteinToolkit/configs/sim/scratch/build/PETSc/petsc-3.5.2/config/BuildSystem/config/sourceControl.py:46)
TESTING: configureCVS from config.sourceControl(/home/jenkins/workspace/EinsteinToolkit/configs/sim/scratch/build/PETSc/petsc-3.5.2/config/BuildSystem/config/sourceControl.py:46)
  Find the CVS executable
Checking for program /usr/local/sbin/cvs...not found
Checking for program /usr/local/bin/cvs...not found
Checking for program /usr/sbin/cvs...not found
Checking for program /usr/bin/cvs...not found
Checking for program /sbin/cvs...not found
Checking for program /bin/cvs...not found
Checking for program /usr/bin/X11/cvs...not found
Checking for program /usr/games/cvs...not found
Checking for program /home/jenkins/cvs...not found
================================================================================
TEST configureSubversion from config.sourceControl(/home/jenkins/workspace/EinsteinToolkit/configs/sim/scratch/build/PETSc/petsc-3.5.2/config/BuildSystem/config/sourceControl.py:55)
TESTING: configureSubversion from config.sourceControl(/home/jenkins/workspace/EinsteinToolkit/configs/sim/scratch/build/PETSc/petsc-3.5.2/config/BuildSystem/config/sourceControl.py:55)
  Find the Subversion executable
Checking for program /usr/local/sbin/svn...not found
Checking for program /usr/local/bin/svn...not found
Checking for program /usr/sbin/svn...not found
Checking for program /usr/bin/svn...found
          Defined make macro "SVN" to "svn"
Executing: svn --version -q
stdout: 1.6.17
================================================================================
TEST configureCLanguage from PETSc.utilities.languages(/home/jenkins/workspace/EinsteinToolkit/configs/sim/scratch/build/PETSc/petsc-3.5.2/config/PETSc/utilities/languages.py:27)
TESTING: configureCLanguage from PETSc.utilities.languages(/home/jenkins/workspace/EinsteinToolkit/configs/sim/scratch/build/PETSc/petsc-3.5.2/config/PETSc/utilities/languages.py:27)
  Choose whether to compile the PETSc library using a C or C++ compiler
      C language is C
        Defined "CLANGUAGE_C" to "1"
================================================================================
TEST configureDirectories from PETSc.utilities.petscdir(/home/jenkins/workspace/EinsteinToolkit/configs/sim/scratch/build/PETSc/petsc-3.5.2/config/PETSc/utilities/petscdir.py:23)
TESTING: configureDirectories from PETSc.utilities.petscdir(/home/jenkins/workspace/EinsteinToolkit/configs/sim/scratch/build/PETSc/petsc-3.5.2/config/PETSc/utilities/petscdir.py:23)
  Checks PETSC_DIR and sets if not set
      Version Information:
      #define PETSC_VERSION_RELEASE    1
      #define PETSC_VERSION_MAJOR      3
      #define PETSC_VERSION_MINOR      5
      #define PETSC_VERSION_SUBMINOR   2
      #define PETSC_VERSION_PATCH      0
      #define PETSC_VERSION_DATE       "Sep, 08, 2014"
      #define PETSC_VERSION_GIT        "v3.5.1-93-g9557175"
      #define PETSC_VERSION_DATE_GIT   "2014-09-08 22:41:13 -0500"
      #define PETSC_VERSION_(MAJOR,MINOR,SUBMINOR) \
      #define PETSC_VERSION_LT(MAJOR,MINOR,SUBMINOR)          \
      #define PETSC_VERSION_LE(MAJOR,MINOR,SUBMINOR) \
      #define PETSC_VERSION_GT(MAJOR,MINOR,SUBMINOR) \
      #define PETSC_VERSION_GE(MAJOR,MINOR,SUBMINOR) \
        Defined make macro "DIR" to "/home/jenkins/workspace/EinsteinToolkit/configs/sim/scratch/build/PETSc/petsc-3.5.2"
================================================================================
TEST configureInstallationMethod from PETSc.utilities.petscclone(/home/jenkins/workspace/EinsteinToolkit/configs/sim/scratch/build/PETSc/petsc-3.5.2/config/PETSc/utilities/petscclone.py:15)
TESTING: configureInstallationMethod from PETSc.utilities.petscclone(/home/jenkins/workspace/EinsteinToolkit/configs/sim/scratch/build/PETSc/petsc-3.5.2/config/PETSc/utilities/petscclone.py:15)
      This is a tarball installation
================================================================================
TEST getDatafilespath from PETSc.utilities.dataFilesPath(/home/jenkins/workspace/EinsteinToolkit/configs/sim/scratch/build/PETSc/petsc-3.5.2/config/PETSc/utilities/dataFilesPath.py:29)
TESTING: getDatafilespath from PETSc.utilities.dataFilesPath(/home/jenkins/workspace/EinsteinToolkit/configs/sim/scratch/build/PETSc/petsc-3.5.2/config/PETSc/utilities/dataFilesPath.py:29)
  Checks what DATAFILESPATH should be
================================================================================
TEST configureETags from PETSc.utilities.Etags(/home/jenkins/workspace/EinsteinToolkit/configs/sim/scratch/build/PETSc/petsc-3.5.2/config/PETSc/utilities/Etags.py:27)
TESTING: configureETags from PETSc.utilities.Etags(/home/jenkins/workspace/EinsteinToolkit/configs/sim/scratch/build/PETSc/petsc-3.5.2/config/PETSc/utilities/Etags.py:27)
  Determine if etags files exist and try to create otherwise
Found etags file 
================================================================================
TEST configureArchitecture from PETSc.utilities.arch(/home/jenkins/workspace/EinsteinToolkit/configs/sim/scratch/build/PETSc/petsc-3.5.2/config/PETSc/utilities/arch.py:25)
TESTING: configureArchitecture from PETSc.utilities.arch(/home/jenkins/workspace/EinsteinToolkit/configs/sim/scratch/build/PETSc/petsc-3.5.2/config/PETSc/utilities/arch.py:25)
  Checks PETSC_ARCH and sets if not set
        Defined "ARCH" to ""arch-linux2-c-debug""
================================================================================
TEST setInstallDir from PETSc.utilities.installDir(/home/jenkins/workspace/EinsteinToolkit/configs/sim/scratch/build/PETSc/petsc-3.5.2/config/PETSc/utilities/installDir.py:27)
TESTING: setInstallDir from PETSc.utilities.installDir(/home/jenkins/workspace/EinsteinToolkit/configs/sim/scratch/build/PETSc/petsc-3.5.2/config/PETSc/utilities/installDir.py:27)
   setup installDir to PETSC_DIR/PETSC_ARCH
================================================================================
TEST saveReconfigure from PETSc.utilities.installDir(/home/jenkins/workspace/EinsteinToolkit/configs/sim/scratch/build/PETSc/petsc-3.5.2/config/PETSc/utilities/installDir.py:53)
TESTING: saveReconfigure from PETSc.utilities.installDir(/home/jenkins/workspace/EinsteinToolkit/configs/sim/scratch/build/PETSc/petsc-3.5.2/config/PETSc/utilities/installDir.py:53)
================================================================================
TEST cleanInstallDir from PETSc.utilities.installDir(/home/jenkins/workspace/EinsteinToolkit/configs/sim/scratch/build/PETSc/petsc-3.5.2/config/PETSc/utilities/installDir.py:46)
TESTING: cleanInstallDir from PETSc.utilities.installDir(/home/jenkins/workspace/EinsteinToolkit/configs/sim/scratch/build/PETSc/petsc-3.5.2/config/PETSc/utilities/installDir.py:46)
================================================================================
TEST configureInstallDir from PETSc.utilities.installDir(/home/jenkins/workspace/EinsteinToolkit/configs/sim/scratch/build/PETSc/petsc-3.5.2/config/PETSc/utilities/installDir.py:31)
TESTING: configureInstallDir from PETSc.utilities.installDir(/home/jenkins/workspace/EinsteinToolkit/configs/sim/scratch/build/PETSc/petsc-3.5.2/config/PETSc/utilities/installDir.py:31)
  Makes  installDir subdirectories if it does not exist
      Changed persistence directory to /home/jenkins/workspace/EinsteinToolkit/configs/sim/scratch/build/PETSc/petsc-3.5.2/arch-linux2-c-debug/conf
================================================================================
TEST restoreReconfigure from PETSc.utilities.installDir(/home/jenkins/workspace/EinsteinToolkit/configs/sim/scratch/build/PETSc/petsc-3.5.2/config/PETSc/utilities/installDir.py:66)
TESTING: restoreReconfigure from PETSc.utilities.installDir(/home/jenkins/workspace/EinsteinToolkit/configs/sim/scratch/build/PETSc/petsc-3.5.2/config/PETSc/utilities/installDir.py:66)
================================================================================
TEST setExternalPackagesDir from PETSc.utilities.externalpackagesdir(/home/jenkins/workspace/EinsteinToolkit/configs/sim/scratch/build/PETSc/petsc-3.5.2/config/PETSc/utilities/externalpackagesdir.py:15)
TESTING: setExternalPackagesDir from PETSc.utilities.externalpackagesdir(/home/jenkins/workspace/EinsteinToolkit/configs/sim/scratch/build/PETSc/petsc-3.5.2/config/PETSc/utilities/externalpackagesdir.py:15)
================================================================================
TEST cleanExternalpackagesDir from PETSc.utilities.externalpackagesdir(/home/jenkins/workspace/EinsteinToolkit/configs/sim/scratch/build/PETSc/petsc-3.5.2/config/PETSc/utilities/externalpackagesdir.py:22)
TESTING: cleanExternalpackagesDir from PETSc.utilities.externalpackagesdir(/home/jenkins/workspace/EinsteinToolkit/configs/sim/scratch/build/PETSc/petsc-3.5.2/config/PETSc/utilities/externalpackagesdir.py:22)
================================================================================
TEST printEnvVariables from config.setCompilers(/home/jenkins/workspace/EinsteinToolkit/configs/sim/scratch/build/PETSc/petsc-3.5.2/config/BuildSystem/config/setCompilers.py:1529)
TESTING: printEnvVariables from config.setCompilers(/home/jenkins/workspace/EinsteinToolkit/configs/sim/scratch/build/PETSc/petsc-3.5.2/config/BuildSystem/config/setCompilers.py:1529)
      **** printenv ****
CPPFLAGS=-DMPICH_IGNORE_CXX_SEEK -DKRANC_VECTORS -fopenmp -Wall
F77FLAGS=-g3 -march=native -fcray-pointer -ffixed-line-length-none -fno-range-check -O2 -ffast-math -fopenmp -Wall
EXE=cactus_sim
CCTK_BLAS_INT8=
USESTHORNS=BLAS LAPACK MPI
LAPACK_INC_DIRS=
GIT_URL=https://bitbucket.org/einsteintoolkit/einsteintoolkit.git
BUILD_URL=https://build.barrywardell.net/job/EinsteinToolkit/798/
FPARFLAGS=
F77_PROFILE_FLAGS=-pg
BUILD_TAG=jenkins-EinsteinToolkit-798
BEGIN_WHOLE_ARCHIVE_FLAGS=
C_NO_OPTIMISE_FLAGS=-O0
PETSC_BLAS_EXTRA_LIBS=
CUCCFLAGS= -O2  
FPPFLAGS=-traditional  -fopenmp -Wall
CPP=cpp
F77_DEPEND=cpp -M -traditional  -fopenmp -Wall
CPU=x86_64
CCTK_VERSION_OTHER=3
F_FILE_PROCESSOR=/home/jenkins/workspace/EinsteinToolkit/lib/sbin/f_file_processor.pl
SHELL=/bin/sh
GIT_SSH=/home/jenkins/git-ssh
F77_DEPEND_OUT=> /home/jenkins/workspace/EinsteinToolkit/configs/sim/scratch/done/PETSc
TAR=tar
F77_OPENMP_FLAGS=-fopenmp
F77=gfortran
X_INC_DIR=NONE
C_PROFILE_FLAGS=-pg
PERL=perl
LAPACK_DIR=/usr/lib
F_LINE_DIRECTIVES=yes
MPI_LIB_DIRS=/usr/lib
CXX_DEPEND=g++ -E -M -DMPICH_IGNORE_CXX_SEEK -DKRANC_VECTORS -fopenmp -Wall -g3 -march=native -std=gnu++0x -O2 -ffast-math -fopenmp -Wall
CUCC_OPENMP_FLAGS=
PACKAGE_DIR=/home/jenkins/workspace/EinsteinToolkit/arrangements
MFLAGS=-s --jobserver-fds=4,5 -j
ROOT_BUILD_CAUSE=SCMTRIGGER
C_DEBUG_FLAGS=-O0
GIT=git
VENDOR=unknown
CCTK_TARGET=make.checked
MPI_DIR=/usr
F77_NO_OPTIMISE_FLAGS=-O0
OPTIONSEP= 
CXX_OPTIMISE_FLAGS=-O2 -ffast-math
NODE_NAME=AEI
CUCC_PROFILE_FLAGS=
SCRATCH_BUILD=/home/jenkins/workspace/EinsteinToolkit/configs/sim/scratch
PATCH=patch
PERL_BACKUP_NECESSARY=
NAME=petsc-3.5.2
C_LINE_DIRECTIVES=yes
C_WARN_FLAGS=-Wall
FPP_OPTIMISE_FLAGS=
CCOMPILEONLY=-c -o
CXX=g++
BLAS_LIBS=blas
BUILD_DIR=/home/jenkins/workspace/EinsteinToolkit/configs/sim/scratch/build/PETSc
EXECUTOR_NUMBER=0
BUILD_CAUSE_SCMTRIGGER=true
ROOT_BUILD_CAUSE_SCMTRIGGER=true
CCACHE_DIR=/home/jenkins/workspace/EinsteinToolkit/ccache
CUCC_NO_OPTIMISE_FLAGS=-O0
OS=linux-gnu
CUCC_POSTPROCESSING=
JENKINS_HOME=/var/lib/jenkins
LIBNAME_PREFIX=lib
CPP_OPTIMISE_FLAGS=-DKRANC_VECTORS
BUILD_REGEX=no
MPI_INC_DIRS=/usr/include/mpich2
C_OPTIMISE_FLAGS=-O2 -ffast-math
F90_OPTIMISE_FLAGS=-O2 -ffast-math
DIRSEP=/
HUDSON_SERVER_COOKIE=a60c4289b05db6c9
USER=jenkins
LAPACK_LIB_DIRS=
CCTK_VERSION_MAJOR=4
INC_DIRS=     /home/jenkins/workspace/EinsteinToolkit/configs/sim/scratch/external/hwloc/include  /usr/include/mpich2     /home/jenkins/workspace/EinsteinToolkit/configs/sim/scratch/external/hwloc/include  /usr/include/mpich2 /home/jenkins/workspace/EinsteinToolkit/configs/sim/scratch/external/PETSc/include    /home/jenkins/workspace/EinsteinToolkit/arrangements/ExternalLibraries/PETSc/src  /home/jenkins/workspace/EinsteinToolkit/configs/sim/config-data /home/jenkins/workspace/EinsteinToolkit/configs/sim/bindings/include /home/jenkins/workspace/EinsteinToolkit/src/include /home/jenkins/workspace/EinsteinToolkit/arrangements /home/jenkins/workspace/EinsteinToolkit/configs/sim/bindings/Configuration/Thorns /home/jenkins/workspace/EinsteinToolkit/configs/sim/bindings/include/PETSc     /home/jenkins/workspace/EinsteinToolkit/configs/sim/scratch/external/hwloc/include  /usr/include/mpich2     /home/jenkins/workspace/EinsteinToolkit/configs/sim/scratch/external/hwloc/include  /usr/include/mpich2 /home/jenkins/workspace/EinsteinToolkit/configs/sim/scratch/external/PETSc/include  /home/jenkins/workspace/EinsteinToolkit/arrangements/ExternalLibraries/PETSc/src   /home/jenkins/workspace/EinsteinToolkit/configs/sim/bindings/include/PETSc
CREATEEXE=-o
F_DEPEND=cpp -M -traditional  -fopenmp -Wall
F_DEPEND_OUT=> /home/jenkins/workspace/EinsteinToolkit/configs/sim/scratch/done/PETSc
CXX_DEPEND_OUT=> /home/jenkins/workspace/EinsteinToolkit/configs/sim/scratch/done/PETSc
SHLVL=5
BLAS_INC_DIRS=
CXX_POSTPROCESSING=
CXX_NO_OPTIMISE_FLAGS=-O0
F_DEPEND_MODULES=/home/jenkins/workspace/EinsteinToolkit/lib/sbin/f_depend_modules.pl
TPARFLAGS=
EMPTY_VAR=
SYS_INC_DIRS=  
LAPACK_LIBS=lapack
F77_WARN_FLAGS=-Wall
THORN=PETSc
PETSC_LAPACK_EXTRA_LIBS=
MKDIR=mkdir
F77_OPTIMISE_FLAGS=-O2 -ffast-math
GIT_COMMIT=ace38c88cf3f148c693736d5881dfacb452b9d8f
MAIL=/var/mail/jenkins
CST=/home/jenkins/workspace/EinsteinToolkit/lib/sbin/CST
CCTK_OPTIMISE_MODE=yes
MAKEOVERRIDES=${-*-command-variables-*-}
USE_RANLIB=no
CACTUSLIBLINKLINE=-L/home/jenkins/workspace/EinsteinToolkit/configs/sim/lib 
CUCC_DEPEND= -M  -O2  
SSH_CONNECTION=10.0.2.2 37566 10.0.2.15 22
CUCC_DEPEND_OUT=> /home/jenkins/workspace/EinsteinToolkit/configs/sim/scratch/done/PETSc
FPP_DEBUG_FLAGS=-DCARPET_DEBUG
C_POSTPROCESSING=
CONFIGS_DIR=/home/jenkins/workspace/EinsteinToolkit/configs
F90_DEBUG_FLAGS=-O0
GIT_COMMITTER_EMAIL=ian.hinder@aei.mpg.de
CXX_PROFILE_FLAGS=-pg
CONFIG=/home/jenkins/workspace/EinsteinToolkit/configs/sim/config-data
LIBDIRS=     /home/jenkins/workspace/EinsteinToolkit/configs/sim/scratch/external/PAPI/lib          /home/jenkins/workspace/EinsteinToolkit/configs/sim/scratch/external/LORENE/Lib               /home/jenkins/workspace/EinsteinToolkit/configs/sim/scratch/external/PETSc/lib                       /usr/lib  /home/jenkins/workspace/EinsteinToolkit/configs/sim/scratch/external/hwloc/lib                                    /home/jenkins/workspace/EinsteinToolkit/configs/sim/scratch/external/PETSc/lib                       /usr/lib  /home/jenkins/workspace/EinsteinToolkit/configs/sim/scratch/external/hwloc/lib                                    /home/jenkins/workspace/EinsteinToolkit/configs/sim/scratch/external/PETSc/lib                       /usr/lib  /home/jenkins/workspace/EinsteinToolkit/configs/sim/scratch/external/hwloc/lib       
F_POSTPROCESSING=
GIT_BRANCH=origin/master
CUCC_OPTIMISE_FLAGS=-O2
CL_DEPEND_OUT=> /home/jenkins/workspace/EinsteinToolkit/configs/sim/scratch/done/PETSc
CCTK_WARN_MODE=yes
RUNDIR_PREFIX=-Wl,-rpath,
GIT_AUTHOR_NAME=Jenkins
PETSC_MPI_EXTRA_LIB_DIRS=
GIT_PREVIOUS_COMMIT=7b48189d72b7774749cc2c937d5b6f4d2e0224da
CXXFLAGS=-g3 -march=native -std=gnu++0x -O2 -ffast-math -fopenmp -Wall
C_FILE_PROCESSOR=/home/jenkins/workspace/EinsteinToolkit/lib/sbin/c_file_processor.pl
MPI_LIBS=mpichcxx mpich opa mpl rt cr pthread
CPP_DEBUG_FLAGS=-DCARPET_DEBUG
WORKSPACE=/home/jenkins/workspace/EinsteinToolkit
HOME=/home/jenkins
HUDSON_URL=https://build.barrywardell.net/
JOB_NAME=EinsteinToolkit
LANG=en_US.UTF-8
CCTK_VERSION_MINOR=2
TRANSFORM_DIRS=
LIBNAME_SUFFIX=.a
BUILD_GETOPT=no
GIT_AUTHOR_EMAIL=ian.hinder@aei.mpg.de
C_DEPEND=gcc -E -M -DMPICH_IGNORE_CXX_SEEK -DKRANC_VECTORS -fopenmp -Wall -g3 -march=native -std=gnu99 -O2 -ffast-math -fopenmp -Wall
HUDSON_HOME=/var/lib/jenkins
F90=gfortran
_=./config/configure.py
F90FLAGS=-g3 -march=native -fcray-pointer -ffixed-line-length-none -fno-range-check -O2 -ffast-math -fopenmp -Wall
MKDIRFLAGS=-p
PETSC_MPI_EXTRA_LIBS=
PROMPT="yes"
SYNC_SUBMODULES=true
HUDSON_COOKIE=0064fbd9-4a2e-407a-8941-20f33f751855
CC=gcc
CUCC_WARN_FLAGS=
LIBLINK_PREFIX=-l
CXX_WARN_FLAGS=-Wall
PERLINTERP=perl
MAKE_DIR=/home/jenkins/workspace/EinsteinToolkit/lib/make
PETSC_LAPACK_EXTRA_LIB_DIRS=
CCTK_DEBUG_MODE=no
SRCDIR=/home/jenkins/workspace/EinsteinToolkit/arrangements/ExternalLibraries/PETSc/src
F_DEPEND_MODULES_OUT=>> /home/jenkins/workspace/EinsteinToolkit/configs/sim/scratch/done/PETSc
CPP_OPENMP_FLAGS=-fopenmp
GIT_COMMITTER_NAME=Jenkins
F90_SUFFIX=f90
FPP_PROFILE_FLAGS=
CXX_DEBUG_FLAGS=-O0
BUILD_ACTIVETHORNS=/home/jenkins/workspace/EinsteinToolkit/lib/sbin/BuildActiveThorns.pl
GET_WD=pwd
CPP_WARN_FLAGS=-Wall
F77_DEBUG_FLAGS=-O0
CLEAN_CACTUS_JENKINS=true
BLAS_DIR=/usr/lib
C_OPENMP_FLAGS=-fopenmp
MAKELEVEL=4
CXX_WORKING_NAME=build.sh
DEP_EXCLUDE_FILES=CParameterStructNames\.h
F90_PROFILE_FLAGS=-pg
F90_NO_OPTIMISE_FLAGS=-O0
CCTK_VERSION=4.2.3
F90_WARN_FLAGS=-Wall
CL_POSTPROCESSING=
MAKE=make -j1
CCTK_LIBDIR=/home/jenkins/workspace/EinsteinToolkit/configs/sim/lib
CUCC=
BUILD_CAUSE=SCMTRIGGER
CUCC_DEBUG_FLAGS=-g
CXX_OPENMP_FLAGS=-fopenmp
TOP=/home/jenkins/workspace/EinsteinToolkit/configs/sim
XARGS=xargs
SSH_CLIENT=10.0.2.2 37566 22
JENKINS_URL=https://build.barrywardell.net/
LOGNAME=jenkins
NODE_LABELS=AEI large slave
PATH=/usr/local/sbin:/usr/local/bin:/usr/sbin:/usr/bin:/sbin:/bin:/usr/bin/X11:/usr/games
EXEDIR=/home/jenkins/workspace/EinsteinToolkit/exe
MAKEFLAGS=s --jobserver-fds=4,5 -j -- CCTK_TARGET=make.checked CCTK_HOME=/home/jenkins/workspace/EinsteinToolkit TOP=/home/jenkins/workspace/EinsteinToolkit/configs/sim SRCDIR=/home/jenkins/workspace/EinsteinToolkit/arrangements/ExternalLibraries/PETSc/src CONFIG=/home/jenkins/workspace/EinsteinToolkit/configs/sim/config-data NAME=/home/jenkins/workspace/EinsteinToolkit/configs/sim/lib/libthorn_PETSc.a THORN=PETSc USESTHORNS=BLAS\ LAPACK\ MPI
LD=g++
F90_POSTPROCESSING=
CCTK_PROFILE_MODE=no
CPP_PROFILE_FLAGS=
GENERAL_LIBRARIES=-L/home/jenkins/workspace/EinsteinToolkit/configs/sim/scratch/external/PAPI/lib -L/home/jenkins/workspace/EinsteinToolkit/configs/sim/scratch/external/LORENE/Lib -L/home/jenkins/workspace/EinsteinToolkit/configs/sim/scratch/external/PETSc/lib -L/usr/lib -L/home/jenkins/workspace/EinsteinToolkit/configs/sim/scratch/external/hwloc/lib -L/home/jenkins/workspace/EinsteinToolkit/configs/sim/scratch/external/PETSc/lib -L/usr/lib -L/home/jenkins/workspace/EinsteinToolkit/configs/sim/scratch/external/hwloc/lib -L/home/jenkins/workspace/EinsteinToolkit/configs/sim/scratch/external/PETSc/lib -L/usr/lib -L/home/jenkins/workspace/EinsteinToolkit/configs/sim/scratch/external/hwloc/lib -Wl,-rpath,/home/jenkins/workspace/EinsteinToolkit/configs/sim/scratch/external/PAPI/lib -Wl,-rpath,/home/jenkins/workspace/EinsteinToolkit/configs/sim/scratch/external/LORENE/Lib -Wl,-rpath,/home/jenkins/workspace/EinsteinToolkit/configs/sim/scratch/external/PETSc/lib -Wl,-rpath,/usr/lib -Wl,-rpath,/home/jenkins/workspace/EinsteinToolkit/configs/sim/scratch/external/hwloc/lib -Wl,-rpath,/home/jenkins/workspace/EinsteinToolkit/configs/sim/scratch/external/PETSc/lib -Wl,-rpath,/usr/lib -Wl,-rpath,/home/jenkins/workspace/EinsteinToolkit/configs/sim/scratch/external/hwloc/lib -Wl,-rpath,/home/jenkins/workspace/EinsteinToolkit/configs/sim/scratch/external/PETSc/lib -Wl,-rpath,/usr/lib -Wl,-rpath,/home/jenkins/workspace/EinsteinToolkit/configs/sim/scratch/external/hwloc/lib -lfftw3 -lpapi -llorene_export -llorene -llorenef77 -lgsl -lgslcblas -lm -ljpeg -lpthread -lpetsc -llapack -lblas -lhdf5hl_fortran -lhdf5_fortran -lhdf5_hl -lhdf5 -lz -lm -lz -lmpichcxx -lmpich -lopa -lmpl -lrt -lcr -lpthread -lhwloc -lz -lm -lm -lm -lm -lm -lm -lm -lm -lcrypt -ldl -lgfortran -lpetsc -llapack -lblas -lmpichcxx -lmpich -lopa -lmpl -lrt -lcr -lpthread -lhwloc -lz -lm -lm -lm -lm -lm -lm -lm -lm -lcrypt -ldl -lgfortran -lpetsc -llapack -lblas -lmpichcxx -lmpich -lopa -lmpl -lrt -lcr -lpthread -lhwloc -lz -lm -lm -lm -lm -lm -lm -lm -lm -lcrypt -ldl -lgfortran
PETSC_INT8=
JOB_URL=https://build.barrywardell.net/job/EinsteinToolkit/
CCTK_OPENMP_MODE=yes
BLAS_LIB_DIRS=
LDFLAGS=-rdynamic
F90_OPENMP_FLAGS=-fopenmp
PETSC_INSTALL_DIR=
JENKINS_SERVER_COOKIE=a60c4289b05db6c9
FCOMPILEONLY=-c -o
BUILD_TYPE=Incremental
INC_DIRS_F=     /home/jenkins/workspace/EinsteinToolkit/configs/sim/scratch/external/hwloc/include  /usr/include/mpich2     /home/jenkins/workspace/EinsteinToolkit/configs/sim/scratch/external/hwloc/include  /usr/include/mpich2 /home/jenkins/workspace/EinsteinToolkit/configs/sim/scratch/external/PETSc/include    /home/jenkins/workspace/EinsteinToolkit/arrangements/ExternalLibraries/PETSc/src  /home/jenkins/workspace/EinsteinToolkit/configs/sim/config-data /home/jenkins/workspace/EinsteinToolkit/configs/sim/bindings/include /home/jenkins/workspace/EinsteinToolkit/src/include /home/jenkins/workspace/EinsteinToolkit/arrangements /home/jenkins/workspace/EinsteinToolkit/configs/sim/bindings/Configuration/Thorns /home/jenkins/workspace/EinsteinToolkit/configs/sim/bindings/include/PETSc     /home/jenkins/workspace/EinsteinToolkit/configs/sim/scratch/external/hwloc/include  /usr/lib     /home/jenkins/workspace/EinsteinToolkit/configs/sim/scratch/external/hwloc/include  /usr/lib /home/jenkins/workspace/EinsteinToolkit/configs/sim/scratch/external/PETSc/include  /home/jenkins/workspace/EinsteinToolkit/arrangements/ExternalLibraries/PETSc/src   /home/jenkins/workspace/EinsteinToolkit/configs/sim/bindings/include/PETSc
END_WHOLE_ARCHIVE_FLAGS=
BUILD_ID=798
RANLIBFLAGS=-cs
SSH_AUTH_SOCK=/tmp/ssh-axrJlZ2286/agent.2286
F77_POSTPROCESSING=
X_LIB_DIR=NONE
AR=ar
FPP=cpp
FPP_WARN_FLAGS=-Wall
CL_DEPEND=echo :
C_DEPEND_OUT=> /home/jenkins/workspace/EinsteinToolkit/configs/sim/scratch/done/PETSc
GIT_PREVIOUS_SUCCESSFUL_COMMIT=e1a7e61bcc2d095c17c6ef407f1d5140c2f4979f
BUILD_NUMBER=798
ENABLED_THORNS=
  CactusElliptic/EllPETSc
  CactusUtils/TATPETSc
  ExternalLibraries/PETSc

FPP_OPENMP_FLAGS=-fopenmp
OLDPWD=/home/jenkins/workspace/EinsteinToolkit/configs/sim/scratch/build/PETSc
GZIP_CMD=gzip
LIBDIR_PREFIX=-L
PETSC_BLAS_EXTRA_LIB_DIRS=
PWD=/home/jenkins/workspace/EinsteinToolkit/configs/sim/scratch/build/PETSc/petsc-3.5.2
CCTK_HOME=/home/jenkins/workspace/EinsteinToolkit
BUILD_DISPLAY_NAME=#798
CFLAGS=-g3 -march=native -std=gnu99 -O2 -ffast-math -fopenmp -Wall
================================================================================
TEST resetEnvCompilers from config.setCompilers(/home/jenkins/workspace/EinsteinToolkit/configs/sim/scratch/build/PETSc/petsc-3.5.2/config/BuildSystem/config/setCompilers.py:1536)
TESTING: resetEnvCompilers from config.setCompilers(/home/jenkins/workspace/EinsteinToolkit/configs/sim/scratch/build/PETSc/petsc-3.5.2/config/BuildSystem/config/setCompilers.py:1536)
          ===============================================================================
              ***** WARNING: CC (set to gcc) found in environment variables - ignoring 
               use ./configure CC=$CC if you really want to use that value ******
          ===============================================================================
        
          ===============================================================================
              ***** WARNING: CFLAGS (set to -g3 -march=native -std=gnu99 -O2 -ffast-math -fopenmp -Wall) found in environment variables - ignoring 
               use ./configure CFLAGS=$CFLAGS if you really want to use that value ******
          ===============================================================================
        
          ===============================================================================
              ***** WARNING: CXX (set to g++) found in environment variables - ignoring 
               use ./configure CXX=$CXX if you really want to use that value ******
          ===============================================================================
        
          ===============================================================================
              ***** WARNING: CXXFLAGS (set to -g3 -march=native -std=gnu++0x -O2 -ffast-math -fopenmp -Wall) found in environment variables - ignoring 
               use ./configure CXXFLAGS=$CXXFLAGS if you really want to use that value ******
          ===============================================================================
        
          ===============================================================================
              ***** WARNING: F77 (set to gfortran) found in environment variables - ignoring 
               use ./configure F77=$F77 if you really want to use that value ******
          ===============================================================================
        
          ===============================================================================
              ***** WARNING: F90 (set to gfortran) found in environment variables - ignoring 
               use ./configure F90=$F90 if you really want to use that value ******
          ===============================================================================
        
          ===============================================================================
              ***** WARNING: F90FLAGS (set to -g3 -march=native -fcray-pointer -ffixed-line-length-none -fno-range-check -O2 -ffast-math -fopenmp -Wall) found in environment variables - ignoring 
               use ./configure F90FLAGS=$F90FLAGS if you really want to use that value ******
          ===============================================================================
        
          ===============================================================================
              ***** WARNING: CPP (set to cpp) found in environment variables - ignoring 
               use ./configure CPP=$CPP if you really want to use that value ******
          ===============================================================================
        
          ===============================================================================
              ***** WARNING: CPPFLAGS (set to -DMPICH_IGNORE_CXX_SEEK -DKRANC_VECTORS -fopenmp -Wall) found in environment variables - ignoring 
               use ./configure CPPFLAGS=$CPPFLAGS if you really want to use that value ******
          ===============================================================================
        
          ===============================================================================
              ***** WARNING: LDFLAGS (set to -rdynamic) found in environment variables - ignoring 
               use ./configure LDFLAGS=$LDFLAGS if you really want to use that value ******
          ===============================================================================
        
          ===============================================================================
              ***** WARNING: MPI_DIR (set to /usr) found in environment variables - ignoring 
               use ./configure MPI_DIR=$MPI_DIR if you really want to use that value ******
          ===============================================================================
        
          ===============================================================================
              ***** WARNING: MAKEFLAGS (set to s --jobserver-fds=4,5 -j -- CCTK_TARGET=make.checked CCTK_HOME=/home/jenkins/workspace/EinsteinToolkit TOP=/home/jenkins/workspace/EinsteinToolkit/configs/sim SRCDIR=/home/jenkins/workspace/EinsteinToolkit/arrangements/ExternalLibraries/PETSc/src CONFIG=/home/jenkins/workspace/EinsteinToolkit/configs/sim/config-data NAME=/home/jenkins/workspace/EinsteinToolkit/configs/sim/lib/libthorn_PETSc.a THORN=PETSc USESTHORNS=BLAS\ LAPACK\ MPI) found in environment variables - ignoring 
               use ./configure MAKEFLAGS=$MAKEFLAGS if you really want to use that value ******
          ===============================================================================
        
          ===============================================================================
              ***** WARNING: AR (set to ar) found in environment variables - ignoring 
               use ./configure AR=$AR if you really want to use that value ******
          ===============================================================================
        
================================================================================
TEST checkMPICompilerOverride from config.setCompilers(/home/jenkins/workspace/EinsteinToolkit/configs/sim/scratch/build/PETSc/petsc-3.5.2/config/BuildSystem/config/setCompilers.py:1501)
TESTING: checkMPICompilerOverride from config.setCompilers(/home/jenkins/workspace/EinsteinToolkit/configs/sim/scratch/build/PETSc/petsc-3.5.2/config/BuildSystem/config/setCompilers.py:1501)
  Check if --with-mpi-dir is used along with CC CXX or FC compiler options.
    This usually prevents mpi compilers from being used - so issue a warning
================================================================================
TEST requireMpiLdPath from config.setCompilers(/home/jenkins/workspace/EinsteinToolkit/configs/sim/scratch/build/PETSc/petsc-3.5.2/config/BuildSystem/config/setCompilers.py:1520)
TESTING: requireMpiLdPath from config.setCompilers(/home/jenkins/workspace/EinsteinToolkit/configs/sim/scratch/build/PETSc/petsc-3.5.2/config/BuildSystem/config/setCompilers.py:1520)
  OpenMPI wrappers require LD_LIBRARY_PATH set
================================================================================
TEST checkVendor from config.setCompilers(/home/jenkins/workspace/EinsteinToolkit/configs/sim/scratch/build/PETSc/petsc-3.5.2/config/BuildSystem/config/setCompilers.py:398)
TESTING: checkVendor from config.setCompilers(/home/jenkins/workspace/EinsteinToolkit/configs/sim/scratch/build/PETSc/petsc-3.5.2/config/BuildSystem/config/setCompilers.py:398)
  Determine the compiler vendor
      Compiler vendor is ""
================================================================================
TEST checkInitialFlags from config.setCompilers(/home/jenkins/workspace/EinsteinToolkit/configs/sim/scratch/build/PETSc/petsc-3.5.2/config/BuildSystem/config/setCompilers.py:408)
TESTING: checkInitialFlags from config.setCompilers(/home/jenkins/workspace/EinsteinToolkit/configs/sim/scratch/build/PETSc/petsc-3.5.2/config/BuildSystem/config/setCompilers.py:408)
  Initialize the compiler and linker flags
        Pushing language C
      Initialized CFLAGS to -g3 -march=native -std=gnu99 -O2 -ffast-math -fopenmp -Wall -rdynamic  -L/home/jenkins/workspace/EinsteinToolkit/configs/sim/scratch/external/PAPI/lib -Wl,-rpath,/home/jenkins/workspace/EinsteinToolkit/configs/sim/scratch/external/PAPI/lib -L/home/jenkins/workspace/EinsteinToolkit/configs/sim/scratch/external/LORENE/Lib -Wl,-rpath,/home/jenkins/workspace/EinsteinToolkit/configs/sim/scratch/external/LORENE/Lib -L/home/jenkins/workspace/EinsteinToolkit/configs/sim/scratch/external/PETSc/lib -Wl,-rpath,/home/jenkins/workspace/EinsteinToolkit/configs/sim/scratch/external/PETSc/lib -L/usr/lib -Wl,-rpath,/usr/lib -L/home/jenkins/workspace/EinsteinToolkit/configs/sim/scratch/external/hwloc/lib -Wl,-rpath,/home/jenkins/workspace/EinsteinToolkit/configs/sim/scratch/external/hwloc/lib -L/home/jenkins/workspace/EinsteinToolkit/configs/sim/scratch/external/PETSc/lib -Wl,-rpath,/home/jenkins/workspace/EinsteinToolkit/configs/sim/scratch/external/PETSc/lib -L/usr/lib -Wl,-rpath,/usr/lib -L/home/jenkins/workspace/EinsteinToolkit/configs/sim/scratch/external/hwloc/lib -Wl,-rpath,/home/jenkins/workspace/EinsteinToolkit/configs/sim/scratch/external/hwloc/lib -L/home/jenkins/workspace/EinsteinToolkit/configs/sim/scratch/external/PETSc/lib -Wl,-rpath,/home/jenkins/workspace/EinsteinToolkit/configs/sim/scratch/external/PETSc/lib -L/usr/lib -Wl,-rpath,/usr/lib -L/home/jenkins/workspace/EinsteinToolkit/configs/sim/scratch/external/hwloc/lib -Wl,-rpath,/home/jenkins/workspace/EinsteinToolkit/configs/sim/scratch/external/hwloc/lib
      Initialized CFLAGS to -g3 -march=native -std=gnu99 -O2 -ffast-math -fopenmp -Wall -rdynamic  -L/home/jenkins/workspace/EinsteinToolkit/configs/sim/scratch/external/PAPI/lib -Wl,-rpath,/home/jenkins/workspace/EinsteinToolkit/configs/sim/scratch/external/PAPI/lib -L/home/jenkins/workspace/EinsteinToolkit/configs/sim/scratch/external/LORENE/Lib -Wl,-rpath,/home/jenkins/workspace/EinsteinToolkit/configs/sim/scratch/external/LORENE/Lib -L/home/jenkins/workspace/EinsteinToolkit/configs/sim/scratch/external/PETSc/lib -Wl,-rpath,/home/jenkins/workspace/EinsteinToolkit/configs/sim/scratch/external/PETSc/lib -L/usr/lib -Wl,-rpath,/usr/lib -L/home/jenkins/workspace/EinsteinToolkit/configs/sim/scratch/external/hwloc/lib -Wl,-rpath,/home/jenkins/workspace/EinsteinToolkit/configs/sim/scratch/external/hwloc/lib -L/home/jenkins/workspace/EinsteinToolkit/configs/sim/scratch/external/PETSc/lib -Wl,-rpath,/home/jenkins/workspace/EinsteinToolkit/configs/sim/scratch/external/PETSc/lib -L/usr/lib -Wl,-rpath,/usr/lib -L/home/jenkins/workspace/EinsteinToolkit/configs/sim/scratch/external/hwloc/lib -Wl,-rpath,/home/jenkins/workspace/EinsteinToolkit/configs/sim/scratch/external/hwloc/lib -L/home/jenkins/workspace/EinsteinToolkit/configs/sim/scratch/external/PETSc/lib -Wl,-rpath,/home/jenkins/workspace/EinsteinToolkit/configs/sim/scratch/external/PETSc/lib -L/usr/lib -Wl,-rpath,/usr/lib -L/home/jenkins/workspace/EinsteinToolkit/configs/sim/scratch/external/hwloc/lib -Wl,-rpath,/home/jenkins/workspace/EinsteinToolkit/configs/sim/scratch/external/hwloc/lib
      Initialized LDFLAGS to -rdynamic  -L/home/jenkins/workspace/EinsteinToolkit/configs/sim/scratch/external/PAPI/lib -Wl,-rpath,/home/jenkins/workspace/EinsteinToolkit/configs/sim/scratch/external/PAPI/lib -L/home/jenkins/workspace/EinsteinToolkit/configs/sim/scratch/external/LORENE/Lib -Wl,-rpath,/home/jenkins/workspace/EinsteinToolkit/configs/sim/scratch/external/LORENE/Lib -L/home/jenkins/workspace/EinsteinToolkit/configs/sim/scratch/external/PETSc/lib -Wl,-rpath,/home/jenkins/workspace/EinsteinToolkit/configs/sim/scratch/external/PETSc/lib -L/usr/lib -Wl,-rpath,/usr/lib -L/home/jenkins/workspace/EinsteinToolkit/configs/sim/scratch/external/hwloc/lib -Wl,-rpath,/home/jenkins/workspace/EinsteinToolkit/configs/sim/scratch/external/hwloc/lib -L/home/jenkins/workspace/EinsteinToolkit/configs/sim/scratch/external/PETSc/lib -Wl,-rpath,/home/jenkins/workspace/EinsteinToolkit/configs/sim/scratch/external/PETSc/lib -L/usr/lib -Wl,-rpath,/usr/lib -L/home/jenkins/workspace/EinsteinToolkit/configs/sim/scratch/external/hwloc/lib -Wl,-rpath,/home/jenkins/workspace/EinsteinToolkit/configs/sim/scratch/external/hwloc/lib -L/home/jenkins/workspace/EinsteinToolkit/configs/sim/scratch/external/PETSc/lib -Wl,-rpath,/home/jenkins/workspace/EinsteinToolkit/configs/sim/scratch/external/PETSc/lib -L/usr/lib -Wl,-rpath,/usr/lib -L/home/jenkins/workspace/EinsteinToolkit/configs/sim/scratch/external/hwloc/lib -Wl,-rpath,/home/jenkins/workspace/EinsteinToolkit/configs/sim/scratch/external/hwloc/lib
        Popping language C
        Pushing language CUDA
      Initialized CUDAFLAGS to 
      Initialized CUDAFLAGS to 
      Initialized LDFLAGS to -rdynamic  -L/home/jenkins/workspace/EinsteinToolkit/configs/sim/scratch/external/PAPI/lib -Wl,-rpath,/home/jenkins/workspace/EinsteinToolkit/configs/sim/scratch/external/PAPI/lib -L/home/jenkins/workspace/EinsteinToolkit/configs/sim/scratch/external/LORENE/Lib -Wl,-rpath,/home/jenkins/workspace/EinsteinToolkit/configs/sim/scratch/external/LORENE/Lib -L/home/jenkins/workspace/EinsteinToolkit/configs/sim/scratch/external/PETSc/lib -Wl,-rpath,/home/jenkins/workspace/EinsteinToolkit/configs/sim/scratch/external/PETSc/lib -L/usr/lib -Wl,-rpath,/usr/lib -L/home/jenkins/workspace/EinsteinToolkit/configs/sim/scratch/external/hwloc/lib -Wl,-rpath,/home/jenkins/workspace/EinsteinToolkit/configs/sim/scratch/external/hwloc/lib -L/home/jenkins/workspace/EinsteinToolkit/configs/sim/scratch/external/PETSc/lib -Wl,-rpath,/home/jenkins/workspace/EinsteinToolkit/configs/sim/scratch/external/PETSc/lib -L/usr/lib -Wl,-rpath,/usr/lib -L/home/jenkins/workspace/EinsteinToolkit/configs/sim/scratch/external/hwloc/lib -Wl,-rpath,/home/jenkins/workspace/EinsteinToolkit/configs/sim/scratch/external/hwloc/lib -L/home/jenkins/workspace/EinsteinToolkit/configs/sim/scratch/external/PETSc/lib -Wl,-rpath,/home/jenkins/workspace/EinsteinToolkit/configs/sim/scratch/external/PETSc/lib -L/usr/lib -Wl,-rpath,/usr/lib -L/home/jenkins/workspace/EinsteinToolkit/configs/sim/scratch/external/hwloc/lib -Wl,-rpath,/home/jenkins/workspace/EinsteinToolkit/configs/sim/scratch/external/hwloc/lib
        Popping language CUDA
        Pushing language Cxx
      Initialized CXXFLAGS to -g3 -march=native -std=gnu++0x -O2 -ffast-math -fopenmp -Wall -rdynamic  -L/home/jenkins/workspace/EinsteinToolkit/configs/sim/scratch/external/PAPI/lib -Wl,-rpath,/home/jenkins/workspace/EinsteinToolkit/configs/sim/scratch/external/PAPI/lib -L/home/jenkins/workspace/EinsteinToolkit/configs/sim/scratch/external/LORENE/Lib -Wl,-rpath,/home/jenkins/workspace/EinsteinToolkit/configs/sim/scratch/external/LORENE/Lib -L/home/jenkins/workspace/EinsteinToolkit/configs/sim/scratch/external/PETSc/lib -Wl,-rpath,/home/jenkins/workspace/EinsteinToolkit/configs/sim/scratch/external/PETSc/lib -L/usr/lib -Wl,-rpath,/usr/lib -L/home/jenkins/workspace/EinsteinToolkit/configs/sim/scratch/external/hwloc/lib -Wl,-rpath,/home/jenkins/workspace/EinsteinToolkit/configs/sim/scratch/external/hwloc/lib -L/home/jenkins/workspace/EinsteinToolkit/configs/sim/scratch/external/PETSc/lib -Wl,-rpath,/home/jenkins/workspace/EinsteinToolkit/configs/sim/scratch/external/PETSc/lib -L/usr/lib -Wl,-rpath,/usr/lib -L/home/jenkins/workspace/EinsteinToolkit/configs/sim/scratch/external/hwloc/lib -Wl,-rpath,/home/jenkins/workspace/EinsteinToolkit/configs/sim/scratch/external/hwloc/lib -L/home/jenkins/workspace/EinsteinToolkit/configs/sim/scratch/external/PETSc/lib -Wl,-rpath,/home/jenkins/workspace/EinsteinToolkit/configs/sim/scratch/external/PETSc/lib -L/usr/lib -Wl,-rpath,/usr/lib -L/home/jenkins/workspace/EinsteinToolkit/configs/sim/scratch/external/hwloc/lib -Wl,-rpath,/home/jenkins/workspace/EinsteinToolkit/configs/sim/scratch/external/hwloc/lib
      Initialized CXX_CXXFLAGS to 
      Initialized LDFLAGS to -rdynamic  -L/home/jenkins/workspace/EinsteinToolkit/configs/sim/scratch/external/PAPI/lib -Wl,-rpath,/home/jenkins/workspace/EinsteinToolkit/configs/sim/scratch/external/PAPI/lib -L/home/jenkins/workspace/EinsteinToolkit/configs/sim/scratch/external/LORENE/Lib -Wl,-rpath,/home/jenkins/workspace/EinsteinToolkit/configs/sim/scratch/external/LORENE/Lib -L/home/jenkins/workspace/EinsteinToolkit/configs/sim/scratch/external/PETSc/lib -Wl,-rpath,/home/jenkins/workspace/EinsteinToolkit/configs/sim/scratch/external/PETSc/lib -L/usr/lib -Wl,-rpath,/usr/lib -L/home/jenkins/workspace/EinsteinToolkit/configs/sim/scratch/external/hwloc/lib -Wl,-rpath,/home/jenkins/workspace/EinsteinToolkit/configs/sim/scratch/external/hwloc/lib -L/home/jenkins/workspace/EinsteinToolkit/configs/sim/scratch/external/PETSc/lib -Wl,-rpath,/home/jenkins/workspace/EinsteinToolkit/configs/sim/scratch/external/PETSc/lib -L/usr/lib -Wl,-rpath,/usr/lib -L/home/jenkins/workspace/EinsteinToolkit/configs/sim/scratch/external/hwloc/lib -Wl,-rpath,/home/jenkins/workspace/EinsteinToolkit/configs/sim/scratch/external/hwloc/lib -L/home/jenkins/workspace/EinsteinToolkit/configs/sim/scratch/external/PETSc/lib -Wl,-rpath,/home/jenkins/workspace/EinsteinToolkit/configs/sim/scratch/external/PETSc/lib -L/usr/lib -Wl,-rpath,/usr/lib -L/home/jenkins/workspace/EinsteinToolkit/configs/sim/scratch/external/hwloc/lib -Wl,-rpath,/home/jenkins/workspace/EinsteinToolkit/configs/sim/scratch/external/hwloc/lib
        Popping language Cxx
        Pushing language FC
      Initialized FFLAGS to 
      Initialized FFLAGS to 
      Initialized LDFLAGS to -rdynamic  -L/home/jenkins/workspace/EinsteinToolkit/configs/sim/scratch/external/PAPI/lib -Wl,-rpath,/home/jenkins/workspace/EinsteinToolkit/configs/sim/scratch/external/PAPI/lib -L/home/jenkins/workspace/EinsteinToolkit/configs/sim/scratch/external/LORENE/Lib -Wl,-rpath,/home/jenkins/workspace/EinsteinToolkit/configs/sim/scratch/external/LORENE/Lib -L/home/jenkins/workspace/EinsteinToolkit/configs/sim/scratch/external/PETSc/lib -Wl,-rpath,/home/jenkins/workspace/EinsteinToolkit/configs/sim/scratch/external/PETSc/lib -L/usr/lib -Wl,-rpath,/usr/lib -L/home/jenkins/workspace/EinsteinToolkit/configs/sim/scratch/external/hwloc/lib -Wl,-rpath,/home/jenkins/workspace/EinsteinToolkit/configs/sim/scratch/external/hwloc/lib -L/home/jenkins/workspace/EinsteinToolkit/configs/sim/scratch/external/PETSc/lib -Wl,-rpath,/home/jenkins/workspace/EinsteinToolkit/configs/sim/scratch/external/PETSc/lib -L/usr/lib -Wl,-rpath,/usr/lib -L/home/jenkins/workspace/EinsteinToolkit/configs/sim/scratch/external/hwloc/lib -Wl,-rpath,/home/jenkins/workspace/EinsteinToolkit/configs/sim/scratch/external/hwloc/lib -L/home/jenkins/workspace/EinsteinToolkit/configs/sim/scratch/external/PETSc/lib -Wl,-rpath,/home/jenkins/workspace/EinsteinToolkit/configs/sim/scratch/external/PETSc/lib -L/usr/lib -Wl,-rpath,/usr/lib -L/home/jenkins/workspace/EinsteinToolkit/configs/sim/scratch/external/hwloc/lib -Wl,-rpath,/home/jenkins/workspace/EinsteinToolkit/configs/sim/scratch/external/hwloc/lib
        Popping language FC
      Initialized CPPFLAGS to -DMPICH_IGNORE_CXX_SEEK -DKRANC_VECTORS -fopenmp -Wall
      Initialized CUDAPPFLAGS to 
      Initialized CXXCPPFLAGS to 
      Initialized CC_LINKER_FLAGS to []
      Initialized CXX_LINKER_FLAGS to []
      Initialized FC_LINKER_FLAGS to []
      Initialized CUDAC_LINKER_FLAGS to []
      Initialized sharedLibraryFlags to []
      Initialized dynamicLibraryFlags to []
================================================================================
TEST checkCCompiler from config.setCompilers(/home/jenkins/workspace/EinsteinToolkit/configs/sim/scratch/build/PETSc/petsc-3.5.2/config/BuildSystem/config/setCompilers.py:534)
TESTING: checkCCompiler from config.setCompilers(/home/jenkins/workspace/EinsteinToolkit/configs/sim/scratch/build/PETSc/petsc-3.5.2/config/BuildSystem/config/setCompilers.py:534)
  Locate a functional C compiler
Checking for program /usr/local/sbin/gcc...not found
Checking for program /usr/local/bin/gcc...not found
Checking for program /usr/sbin/gcc...not found
Checking for program /usr/bin/gcc...found
          Defined make macro "CC" to "gcc"
          Pushing language C
                      All intermediate test results are stored in /tmp/petsc-x7srCF
                    All intermediate test results are stored in /tmp/petsc-x7srCF/config.setCompilers
Executing: gcc -c -o /tmp/petsc-x7srCF/config.setCompilers/conftest.o -I/tmp/petsc-x7srCF/config.setCompilers -g3 -march=native -std=gnu99 -O2 -ffast-math -fopenmp -Wall -rdynamic  -L/home/jenkins/workspace/EinsteinToolkit/configs/sim/scratch/external/PAPI/lib -Wl,-rpath,/home/jenkins/workspace/EinsteinToolkit/configs/sim/scratch/external/PAPI/lib -L/home/jenkins/workspace/EinsteinToolkit/configs/sim/scratch/external/LORENE/Lib -Wl,-rpath,/home/jenkins/workspace/EinsteinToolkit/configs/sim/scratch/external/LORENE/Lib -L/home/jenkins/workspace/EinsteinToolkit/configs/sim/scratch/external/PETSc/lib -Wl,-rpath,/home/jenkins/workspace/EinsteinToolkit/configs/sim/scratch/external/PETSc/lib -L/usr/lib -Wl,-rpath,/usr/lib -L/home/jenkins/workspace/EinsteinToolkit/configs/sim/scratch/external/hwloc/lib -Wl,-rpath,/home/jenkins/workspace/EinsteinToolkit/configs/sim/scratch/external/hwloc/lib -L/home/jenkins/workspace/EinsteinToolkit/configs/sim/scratch/external/PETSc/lib -Wl,-rpath,/home/jenkins/workspace/EinsteinToolkit/configs/sim/scratch/external/PETSc/lib -L/usr/lib -Wl,-rpath,/usr/lib -L/home/jenkins/workspace/EinsteinToolkit/configs/sim/scratch/external/hwloc/lib -Wl,-rpath,/home/jenkins/workspace/EinsteinToolkit/configs/sim/scratch/external/hwloc/lib -L/home/jenkins/workspace/EinsteinToolkit/configs/sim/scratch/external/PETSc/lib -Wl,-rpath,/home/jenkins/workspace/EinsteinToolkit/configs/sim/scratch/external/PETSc/lib -L/usr/lib -Wl,-rpath,/usr/lib -L/home/jenkins/workspace/EinsteinToolkit/configs/sim/scratch/external/hwloc/lib -Wl,-rpath,/home/jenkins/workspace/EinsteinToolkit/configs/sim/scratch/external/hwloc/lib -DMPICH_IGNORE_CXX_SEEK -DKRANC_VECTORS -fopenmp -Wall /tmp/petsc-x7srCF/config.setCompilers/conftest.c 
Successful compile:
Source:
#include "confdefs.h"
#include "conffix.h"

int main() {
;
  return 0;
}
Executing: gcc -c -o /tmp/petsc-x7srCF/config.setCompilers/conftest.o -I/tmp/petsc-x7srCF/config.setCompilers -g3 -march=native -std=gnu99 -O2 -ffast-math -fopenmp -Wall -rdynamic  -L/home/jenkins/workspace/EinsteinToolkit/configs/sim/scratch/external/PAPI/lib -Wl,-rpath,/home/jenkins/workspace/EinsteinToolkit/configs/sim/scratch/external/PAPI/lib -L/home/jenkins/workspace/EinsteinToolkit/configs/sim/scratch/external/LORENE/Lib -Wl,-rpath,/home/jenkins/workspace/EinsteinToolkit/configs/sim/scratch/external/LORENE/Lib -L/home/jenkins/workspace/EinsteinToolkit/configs/sim/scratch/external/PETSc/lib -Wl,-rpath,/home/jenkins/workspace/EinsteinToolkit/configs/sim/scratch/external/PETSc/lib -L/usr/lib -Wl,-rpath,/usr/lib -L/home/jenkins/workspace/EinsteinToolkit/configs/sim/scratch/external/hwloc/lib -Wl,-rpath,/home/jenkins/workspace/EinsteinToolkit/configs/sim/scratch/external/hwloc/lib -L/home/jenkins/workspace/EinsteinToolkit/configs/sim/scratch/external/PETSc/lib -Wl,-rpath,/home/jenkins/workspace/EinsteinToolkit/configs/sim/scratch/external/PETSc/lib -L/usr/lib -Wl,-rpath,/usr/lib -L/home/jenkins/workspace/EinsteinToolkit/configs/sim/scratch/external/hwloc/lib -Wl,-rpath,/home/jenkins/workspace/EinsteinToolkit/configs/sim/scratch/external/hwloc/lib -L/home/jenkins/workspace/EinsteinToolkit/configs/sim/scratch/external/PETSc/lib -Wl,-rpath,/home/jenkins/workspace/EinsteinToolkit/configs/sim/scratch/external/PETSc/lib -L/usr/lib -Wl,-rpath,/usr/lib -L/home/jenkins/workspace/EinsteinToolkit/configs/sim/scratch/external/hwloc/lib -Wl,-rpath,/home/jenkins/workspace/EinsteinToolkit/configs/sim/scratch/external/hwloc/lib -DMPICH_IGNORE_CXX_SEEK -DKRANC_VECTORS -fopenmp -Wall /tmp/petsc-x7srCF/config.setCompilers/conftest.c 
Successful compile:
Source:
#include "confdefs.h"
#include "conffix.h"

int main() {
;
  return 0;
}
                                          Pushing language C
                                          Popping language C
                                          Pushing language CUDA
                                          Popping language CUDA
                                          Pushing language Cxx
                                          Popping language Cxx
                                          Pushing language FC
                                          Popping language FC
                  Pushing language C
                  Popping language C
Executing: gcc  -o /tmp/petsc-x7srCF/config.setCompilers/conftest -rdynamic  -L/home/jenkins/workspace/EinsteinToolkit/configs/sim/scratch/external/PAPI/lib -Wl,-rpath,/home/jenkins/workspace/EinsteinToolkit/configs/sim/scratch/external/PAPI/lib -L/home/jenkins/workspace/EinsteinToolkit/configs/sim/scratch/external/LORENE/Lib -Wl,-rpath,/home/jenkins/workspace/EinsteinToolkit/configs/sim/scratch/external/LORENE/Lib -L/home/jenkins/workspace/EinsteinToolkit/configs/sim/scratch/external/PETSc/lib -Wl,-rpath,/home/jenkins/workspace/EinsteinToolkit/configs/sim/scratch/external/PETSc/lib -L/usr/lib -Wl,-rpath,/usr/lib -L/home/jenkins/workspace/EinsteinToolkit/configs/sim/scratch/external/hwloc/lib -Wl,-rpath,/home/jenkins/workspace/EinsteinToolkit/configs/sim/scratch/external/hwloc/lib -L/home/jenkins/workspace/EinsteinToolkit/configs/sim/scratch/external/PETSc/lib -Wl,-rpath,/home/jenkins/workspace/EinsteinToolkit/configs/sim/scratch/external/PETSc/lib -L/usr/lib -Wl,-rpath,/usr/lib -L/home/jenkins/workspace/EinsteinToolkit/configs/sim/scratch/external/hwloc/lib -Wl,-rpath,/home/jenkins/workspace/EinsteinToolkit/configs/sim/scratch/external/hwloc/lib -L/home/jenkins/workspace/EinsteinToolkit/configs/sim/scratch/external/PETSc/lib -Wl,-rpath,/home/jenkins/workspace/EinsteinToolkit/configs/sim/scratch/external/PETSc/lib -L/usr/lib -Wl,-rpath,/usr/lib -L/home/jenkins/workspace/EinsteinToolkit/configs/sim/scratch/external/hwloc/lib -Wl,-rpath,/home/jenkins/workspace/EinsteinToolkit/configs/sim/scratch/external/hwloc/lib  -g3 -march=native -std=gnu99 -O2 -ffast-math -fopenmp -Wall -rdynamic  -L/home/jenkins/workspace/EinsteinToolkit/configs/sim/scratch/external/PAPI/lib -Wl,-rpath,/home/jenkins/workspace/EinsteinToolkit/configs/sim/scratch/external/PAPI/lib -L/home/jenkins/workspace/EinsteinToolkit/configs/sim/scratch/external/LORENE/Lib -Wl,-rpath,/home/jenkins/workspace/EinsteinToolkit/configs/sim/scratch/external/LORENE/Lib -L/home/jenkins/workspace/EinsteinToolkit/configs/sim/scratch/external/PETSc/lib -Wl,-rpath,/home/jenkins/workspace/EinsteinToolkit/configs/sim/scratch/external/PETSc/lib -L/usr/lib -Wl,-rpath,/usr/lib -L/home/jenkins/workspace/EinsteinToolkit/configs/sim/scratch/external/hwloc/lib -Wl,-rpath,/home/jenkins/workspace/EinsteinToolkit/configs/sim/scratch/external/hwloc/lib -L/home/jenkins/workspace/EinsteinToolkit/configs/sim/scratch/external/PETSc/lib -Wl,-rpath,/home/jenkins/workspace/EinsteinToolkit/configs/sim/scratch/external/PETSc/lib -L/usr/lib -Wl,-rpath,/usr/lib -L/home/jenkins/workspace/EinsteinToolkit/configs/sim/scratch/external/hwloc/lib -Wl,-rpath,/home/jenkins/workspace/EinsteinToolkit/configs/sim/scratch/external/hwloc/lib -L/home/jenkins/workspace/EinsteinToolkit/configs/sim/scratch/external/PETSc/lib -Wl,-rpath,/home/jenkins/workspace/EinsteinToolkit/configs/sim/scratch/external/PETSc/lib -L/usr/lib -Wl,-rpath,/usr/lib -L/home/jenkins/workspace/EinsteinToolkit/configs/sim/scratch/external/hwloc/lib -Wl,-rpath,/home/jenkins/workspace/EinsteinToolkit/configs/sim/scratch/external/hwloc/lib /tmp/petsc-x7srCF/config.setCompilers/conftest.o -lrt -lpthread -llapack -lblas
Executing: gcc -c -o /tmp/petsc-x7srCF/config.setCompilers/conftest.o -I/tmp/petsc-x7srCF/config.setCompilers -g3 -march=native -std=gnu99 -O2 -ffast-math -fopenmp -Wall -rdynamic  -L/home/jenkins/workspace/EinsteinToolkit/configs/sim/scratch/external/PAPI/lib -Wl,-rpath,/home/jenkins/workspace/EinsteinToolkit/configs/sim/scratch/external/PAPI/lib -L/home/jenkins/workspace/EinsteinToolkit/configs/sim/scratch/external/LORENE/Lib -Wl,-rpath,/home/jenkins/workspace/EinsteinToolkit/configs/sim/scratch/external/LORENE/Lib -L/home/jenkins/workspace/EinsteinToolkit/configs/sim/scratch/external/PETSc/lib -Wl,-rpath,/home/jenkins/workspace/EinsteinToolkit/configs/sim/scratch/external/PETSc/lib -L/usr/lib -Wl,-rpath,/usr/lib -L/home/jenkins/workspace/EinsteinToolkit/configs/sim/scratch/external/hwloc/lib -Wl,-rpath,/home/jenkins/workspace/EinsteinToolkit/configs/sim/scratch/external/hwloc/lib -L/home/jenkins/workspace/EinsteinToolkit/configs/sim/scratch/external/PETSc/lib -Wl,-rpath,/home/jenkins/workspace/EinsteinToolkit/configs/sim/scratch/external/PETSc/lib -L/usr/lib -Wl,-rpath,/usr/lib -L/home/jenkins/workspace/EinsteinToolkit/configs/sim/scratch/external/hwloc/lib -Wl,-rpath,/home/jenkins/workspace/EinsteinToolkit/configs/sim/scratch/external/hwloc/lib -L/home/jenkins/workspace/EinsteinToolkit/configs/sim/scratch/external/PETSc/lib -Wl,-rpath,/home/jenkins/workspace/EinsteinToolkit/configs/sim/scratch/external/PETSc/lib -L/usr/lib -Wl,-rpath,/usr/lib -L/home/jenkins/workspace/EinsteinToolkit/configs/sim/scratch/external/hwloc/lib -Wl,-rpath,/home/jenkins/workspace/EinsteinToolkit/configs/sim/scratch/external/hwloc/lib -DMPICH_IGNORE_CXX_SEEK -DKRANC_VECTORS -fopenmp -Wall /tmp/petsc-x7srCF/config.setCompilers/conftest.c 
Successful compile:
Source:
#include "confdefs.h"
#include "conffix.h"

int main() {
;
  return 0;
}
                  Pushing language C
                  Popping language C
Executing: gcc  -o /tmp/petsc-x7srCF/config.setCompilers/conftest -rdynamic  -L/home/jenkins/workspace/EinsteinToolkit/configs/sim/scratch/external/PAPI/lib -Wl,-rpath,/home/jenkins/workspace/EinsteinToolkit/configs/sim/scratch/external/PAPI/lib -L/home/jenkins/workspace/EinsteinToolkit/configs/sim/scratch/external/LORENE/Lib -Wl,-rpath,/home/jenkins/workspace/EinsteinToolkit/configs/sim/scratch/external/LORENE/Lib -L/home/jenkins/workspace/EinsteinToolkit/configs/sim/scratch/external/PETSc/lib -Wl,-rpath,/home/jenkins/workspace/EinsteinToolkit/configs/sim/scratch/external/PETSc/lib -L/usr/lib -Wl,-rpath,/usr/lib -L/home/jenkins/workspace/EinsteinToolkit/configs/sim/scratch/external/hwloc/lib -Wl,-rpath,/home/jenkins/workspace/EinsteinToolkit/configs/sim/scratch/external/hwloc/lib -L/home/jenkins/workspace/EinsteinToolkit/configs/sim/scratch/external/PETSc/lib -Wl,-rpath,/home/jenkins/workspace/EinsteinToolkit/configs/sim/scratch/external/PETSc/lib -L/usr/lib -Wl,-rpath,/usr/lib -L/home/jenkins/workspace/EinsteinToolkit/configs/sim/scratch/external/hwloc/lib -Wl,-rpath,/home/jenkins/workspace/EinsteinToolkit/configs/sim/scratch/external/hwloc/lib -L/home/jenkins/workspace/EinsteinToolkit/configs/sim/scratch/external/PETSc/lib -Wl,-rpath,/home/jenkins/workspace/EinsteinToolkit/configs/sim/scratch/external/PETSc/lib -L/usr/lib -Wl,-rpath,/usr/lib -L/home/jenkins/workspace/EinsteinToolkit/configs/sim/scratch/external/hwloc/lib -Wl,-rpath,/home/jenkins/workspace/EinsteinToolkit/configs/sim/scratch/external/hwloc/lib  -g3 -march=native -std=gnu99 -O2 -ffast-math -fopenmp -Wall -rdynamic  -L/home/jenkins/workspace/EinsteinToolkit/configs/sim/scratch/external/PAPI/lib -Wl,-rpath,/home/jenkins/workspace/EinsteinToolkit/configs/sim/scratch/external/PAPI/lib -L/home/jenkins/workspace/EinsteinToolkit/configs/sim/scratch/external/LORENE/Lib -Wl,-rpath,/home/jenkins/workspace/EinsteinToolkit/configs/sim/scratch/external/LORENE/Lib -L/home/jenkins/workspace/EinsteinToolkit/configs/sim/scratch/external/PETSc/lib -Wl,-rpath,/home/jenkins/workspace/EinsteinToolkit/configs/sim/scratch/external/PETSc/lib -L/usr/lib -Wl,-rpath,/usr/lib -L/home/jenkins/workspace/EinsteinToolkit/configs/sim/scratch/external/hwloc/lib -Wl,-rpath,/home/jenkins/workspace/EinsteinToolkit/configs/sim/scratch/external/hwloc/lib -L/home/jenkins/workspace/EinsteinToolkit/configs/sim/scratch/external/PETSc/lib -Wl,-rpath,/home/jenkins/workspace/EinsteinToolkit/configs/sim/scratch/external/PETSc/lib -L/usr/lib -Wl,-rpath,/usr/lib -L/home/jenkins/workspace/EinsteinToolkit/configs/sim/scratch/external/hwloc/lib -Wl,-rpath,/home/jenkins/workspace/EinsteinToolkit/configs/sim/scratch/external/hwloc/lib -L/home/jenkins/workspace/EinsteinToolkit/configs/sim/scratch/external/PETSc/lib -Wl,-rpath,/home/jenkins/workspace/EinsteinToolkit/configs/sim/scratch/external/PETSc/lib -L/usr/lib -Wl,-rpath,/usr/lib -L/home/jenkins/workspace/EinsteinToolkit/configs/sim/scratch/external/hwloc/lib -Wl,-rpath,/home/jenkins/workspace/EinsteinToolkit/configs/sim/scratch/external/hwloc/lib /tmp/petsc-x7srCF/config.setCompilers/conftest.o -lrt -lpthread -llapack -lblas -lpetsc-ufod4vtr9mqHvKIQiVAm
Possible ERROR while running linker: exit code 256
stderr:
/usr/bin/ld: cannot find -lpetsc-ufod4vtr9mqHvKIQiVAm
collect2: ld returned 1 exit status
Executing: gcc -c -o /tmp/petsc-x7srCF/config.setCompilers/conftest.o -I/tmp/petsc-x7srCF/config.setCompilers -g3 -march=native -std=gnu99 -O2 -ffast-math -fopenmp -Wall -rdynamic  -L/home/jenkins/workspace/EinsteinToolkit/configs/sim/scratch/external/PAPI/lib -Wl,-rpath,/home/jenkins/workspace/EinsteinToolkit/configs/sim/scratch/external/PAPI/lib -L/home/jenkins/workspace/EinsteinToolkit/configs/sim/scratch/external/LORENE/Lib -Wl,-rpath,/home/jenkins/workspace/EinsteinToolkit/configs/sim/scratch/external/LORENE/Lib -L/home/jenkins/workspace/EinsteinToolkit/configs/sim/scratch/external/PETSc/lib -Wl,-rpath,/home/jenkins/workspace/EinsteinToolkit/configs/sim/scratch/external/PETSc/lib -L/usr/lib -Wl,-rpath,/usr/lib -L/home/jenkins/workspace/EinsteinToolkit/configs/sim/scratch/external/hwloc/lib -Wl,-rpath,/home/jenkins/workspace/EinsteinToolkit/configs/sim/scratch/external/hwloc/lib -L/home/jenkins/workspace/EinsteinToolkit/configs/sim/scratch/external/PETSc/lib -Wl,-rpath,/home/jenkins/workspace/EinsteinToolkit/configs/sim/scratch/external/PETSc/lib -L/usr/lib -Wl,-rpath,/usr/lib -L/home/jenkins/workspace/EinsteinToolkit/configs/sim/scratch/external/hwloc/lib -Wl,-rpath,/home/jenkins/workspace/EinsteinToolkit/configs/sim/scratch/external/hwloc/lib -L/home/jenkins/workspace/EinsteinToolkit/configs/sim/scratch/external/PETSc/lib -Wl,-rpath,/home/jenkins/workspace/EinsteinToolkit/configs/sim/scratch/external/PETSc/lib -L/usr/lib -Wl,-rpath,/usr/lib -L/home/jenkins/workspace/EinsteinToolkit/configs/sim/scratch/external/hwloc/lib -Wl,-rpath,/home/jenkins/workspace/EinsteinToolkit/configs/sim/scratch/external/hwloc/lib -DMPICH_IGNORE_CXX_SEEK -DKRANC_VECTORS -fopenmp -Wall /tmp/petsc-x7srCF/config.setCompilers/conftest.c 
Successful compile:
Source:
#include "confdefs.h"
#include "conffix.h"

int main() {
;
  return 0;
}
                      Pushing language C
                      Popping language C
Executing: gcc  -o /tmp/petsc-x7srCF/config.setCompilers/conftest -rdynamic  -L/home/jenkins/workspace/EinsteinToolkit/configs/sim/scratch/external/PAPI/lib -Wl,-rpath,/home/jenkins/workspace/EinsteinToolkit/configs/sim/scratch/external/PAPI/lib -L/home/jenkins/workspace/EinsteinToolkit/configs/sim/scratch/external/LORENE/Lib -Wl,-rpath,/home/jenkins/workspace/EinsteinToolkit/configs/sim/scratch/external/LORENE/Lib -L/home/jenkins/workspace/EinsteinToolkit/configs/sim/scratch/external/PETSc/lib -Wl,-rpath,/home/jenkins/workspace/EinsteinToolkit/configs/sim/scratch/external/PETSc/lib -L/usr/lib -Wl,-rpath,/usr/lib -L/home/jenkins/workspace/EinsteinToolkit/configs/sim/scratch/external/hwloc/lib -Wl,-rpath,/home/jenkins/workspace/EinsteinToolkit/configs/sim/scratch/external/hwloc/lib -L/home/jenkins/workspace/EinsteinToolkit/configs/sim/scratch/external/PETSc/lib -Wl,-rpath,/home/jenkins/workspace/EinsteinToolkit/configs/sim/scratch/external/PETSc/lib -L/usr/lib -Wl,-rpath,/usr/lib -L/home/jenkins/workspace/EinsteinToolkit/configs/sim/scratch/external/hwloc/lib -Wl,-rpath,/home/jenkins/workspace/EinsteinToolkit/configs/sim/scratch/external/hwloc/lib -L/home/jenkins/workspace/EinsteinToolkit/configs/sim/scratch/external/PETSc/lib -Wl,-rpath,/home/jenkins/workspace/EinsteinToolkit/configs/sim/scratch/external/PETSc/lib -L/usr/lib -Wl,-rpath,/usr/lib -L/home/jenkins/workspace/EinsteinToolkit/configs/sim/scratch/external/hwloc/lib -Wl,-rpath,/home/jenkins/workspace/EinsteinToolkit/configs/sim/scratch/external/hwloc/lib  -g3 -march=native -std=gnu99 -O2 -ffast-math -fopenmp -Wall -rdynamic  -L/home/jenkins/workspace/EinsteinToolkit/configs/sim/scratch/external/PAPI/lib -Wl,-rpath,/home/jenkins/workspace/EinsteinToolkit/configs/sim/scratch/external/PAPI/lib -L/home/jenkins/workspace/EinsteinToolkit/configs/sim/scratch/external/LORENE/Lib -Wl,-rpath,/home/jenkins/workspace/EinsteinToolkit/configs/sim/scratch/external/LORENE/Lib -L/home/jenkins/workspace/EinsteinToolkit/configs/sim/scratch/external/PETSc/lib -Wl,-rpath,/home/jenkins/workspace/EinsteinToolkit/configs/sim/scratch/external/PETSc/lib -L/usr/lib -Wl,-rpath,/usr/lib -L/home/jenkins/workspace/EinsteinToolkit/configs/sim/scratch/external/hwloc/lib -Wl,-rpath,/home/jenkins/workspace/EinsteinToolkit/configs/sim/scratch/external/hwloc/lib -L/home/jenkins/workspace/EinsteinToolkit/configs/sim/scratch/external/PETSc/lib -Wl,-rpath,/home/jenkins/workspace/EinsteinToolkit/configs/sim/scratch/external/PETSc/lib -L/usr/lib -Wl,-rpath,/usr/lib -L/home/jenkins/workspace/EinsteinToolkit/configs/sim/scratch/external/hwloc/lib -Wl,-rpath,/home/jenkins/workspace/EinsteinToolkit/configs/sim/scratch/external/hwloc/lib -L/home/jenkins/workspace/EinsteinToolkit/configs/sim/scratch/external/PETSc/lib -Wl,-rpath,/home/jenkins/workspace/EinsteinToolkit/configs/sim/scratch/external/PETSc/lib -L/usr/lib -Wl,-rpath,/usr/lib -L/home/jenkins/workspace/EinsteinToolkit/configs/sim/scratch/external/hwloc/lib -Wl,-rpath,/home/jenkins/workspace/EinsteinToolkit/configs/sim/scratch/external/hwloc/lib /tmp/petsc-x7srCF/config.setCompilers/conftest.o -lrt -lpthread -llapack -lblas
Executing: /tmp/petsc-x7srCF/config.setCompilers/conftest
Executing: /tmp/petsc-x7srCF/config.setCompilers/conftest
          Popping language C
================================================================================
TEST checkCPreprocessor from config.setCompilers(/home/jenkins/workspace/EinsteinToolkit/configs/sim/scratch/build/PETSc/petsc-3.5.2/config/BuildSystem/config/setCompilers.py:568)
TESTING: checkCPreprocessor from config.setCompilers(/home/jenkins/workspace/EinsteinToolkit/configs/sim/scratch/build/PETSc/petsc-3.5.2/config/BuildSystem/config/setCompilers.py:568)
  Locate a functional C preprocessor
Checking for program /usr/local/sbin/cpp...not found
Checking for program /usr/local/bin/cpp...not found
Checking for program /usr/sbin/cpp...not found
Checking for program /usr/bin/cpp...found
          Defined make macro "CPP" to "cpp"
        Pushing language C
Executing: cpp  -I/tmp/petsc-x7srCF/config.setCompilers -DMPICH_IGNORE_CXX_SEEK -DKRANC_VECTORS -fopenmp -Wall /tmp/petsc-x7srCF/config.setCompilers/conftest.c 
stdout:
# 1 "/tmp/petsc-x7srCF/config.setCompilers/conftest.c"
# 1 "<built-in>"
# 1 "<command-line>"
# 1 "/tmp/petsc-x7srCF/config.setCompilers/conftest.c"
# 1 "/tmp/petsc-x7srCF/config.setCompilers/confdefs.h" 1
# 2 "/tmp/petsc-x7srCF/config.setCompilers/conftest.c" 2
# 1 "/tmp/petsc-x7srCF/config.setCompilers/conffix.h" 1
# 3 "/tmp/petsc-x7srCF/config.setCompilers/conftest.c" 2
# 1 "/usr/include/stdlib.h" 1 3 4
# 25 "/usr/include/stdlib.h" 3 4
# 1 "/usr/include/features.h" 1 3 4
# 324 "/usr/include/features.h" 3 4
# 1 "/usr/include/x86_64-linux-gnu/bits/predefs.h" 1 3 4
# 325 "/usr/include/features.h" 2 3 4
# 357 "/usr/include/features.h" 3 4
# 1 "/usr/include/x86_64-linux-gnu/sys/cdefs.h" 1 3 4
# 378 "/usr/include/x86_64-linux-gnu/sys/cdefs.h" 3 4
# 1 "/usr/include/x86_64-linux-gnu/bits/wordsize.h" 1 3 4
# 379 "/usr/include/x86_64-linux-gnu/sys/cdefs.h" 2 3 4
# 358 "/usr/include/features.h" 2 3 4
# 389 "/usr/include/features.h" 3 4
# 1 "/usr/include/x86_64-linux-gnu/gnu/stubs.h" 1 3 4
# 1 "/usr/include/x86_64-linux-gnu/bits/wordsize.h" 1 3 4
# 5 "/usr/include/x86_64-linux-gnu/gnu/stubs.h" 2 3 4
# 1 "/usr/include/x86_64-linux-gnu/gnu/stubs-64.h" 1 3 4
# 10 "/usr/include/x86_64-linux-gnu/gnu/stubs.h" 2 3 4
# 390 "/usr/include/features.h" 2 3 4
# 26 "/usr/include/stdlib.h" 2 3 4
# 1 "/usr/lib/gcc/x86_64-linux-gnu/4.6/include/stddef.h" 1 3 4
# 212 "/usr/lib/gcc/x86_64-linux-gnu/4.6/include/stddef.h" 3 4
typedef long unsigned int size_t;
# 324 "/usr/lib/gcc/x86_64-linux-gnu/4.6/include/stddef.h" 3 4
typedef int wchar_t;
# 34 "/usr/include/stdlib.h" 2 3 4
# 1 "/usr/include/x86_64-linux-gnu/bits/waitflags.h" 1 3 4
# 43 "/usr/include/stdlib.h" 2 3 4
# 1 "/usr/include/x86_64-linux-gnu/bits/waitstatus.h" 1 3 4
# 65 "/usr/include/x86_64-linux-gnu/bits/waitstatus.h" 3 4
# 1 "/usr/include/endian.h" 1 3 4
# 37 "/usr/include/endian.h" 3 4
# 1 "/usr/include/x86_64-linux-gnu/bits/endian.h" 1 3 4
# 38 "/usr/include/endian.h" 2 3 4
# 61 "/usr/include/endian.h" 3 4
# 1 "/usr/include/x86_64-linux-gnu/bits/byteswap.h" 1 3 4
# 28 "/usr/include/x86_64-linux-gnu/bits/byteswap.h" 3 4
# 1 "/usr/include/x86_64-linux-gnu/bits/wordsize.h" 1 3 4
# 29 "/usr/include/x86_64-linux-gnu/bits/byteswap.h" 2 3 4
# 62 "/usr/include/endian.h" 2 3 4
# 66 "/usr/include/x86_64-linux-gnu/bits/waitstatus.h" 2 3 4
union wait
  {
    int w_status;
    struct
      {
 unsigned int __w_termsig:7;
 unsigned int __w_coredump:1;
 unsigned int __w_retcode:8;
 unsigned int:16;
      } __wait_terminated;
    struct
      {
 unsigned int __w_stopval:8;
 unsigned int __w_stopsig:8;
 unsigned int:16;
      } __wait_stopped;
  };
# 44 "/usr/include/stdlib.h" 2 3 4
# 68 "/usr/include/stdlib.h" 3 4
typedef union
  {
    union wait *__uptr;
    int *__iptr;
  } __WAIT_STATUS __attribute__ ((__transparent_union__));
# 96 "/usr/include/stdlib.h" 3 4
typedef struct
  {
    int quot;
    int rem;
  } div_t;
typedef struct
  {
    long int quot;
    long int rem;
  } ldiv_t;
__extension__ typedef struct
  {
    long long int quot;
    long long int rem;
  } lldiv_t;
# 140 "/usr/include/stdlib.h" 3 4
extern size_t __ctype_get_mb_cur_max (void) __attribute__ ((__nothrow__ , __leaf__)) ;
extern double atof (__const char *__nptr)
     __attribute__ ((__nothrow__ , __leaf__)) __attribute__ ((__pure__)) __attribute__ ((__nonnull__ (1))) ;
extern int atoi (__const char *__nptr)
     __attribute__ ((__nothrow__ , __leaf__)) __attribute__ ((__pure__)) __attribute__ ((__nonnull__ (1))) ;
extern long int atol (__const char *__nptr)
     __attribute__ ((__nothrow__ , __leaf__)) __attribute__ ((__pure__)) __attribute__ ((__nonnull__ (1))) ;
__extension__ extern long long int atoll (__const char *__nptr)
     __attribute__ ((__nothrow__ , __leaf__)) __attribute__ ((__pure__)) __attribute__ ((__nonnull__ (1))) ;
extern double strtod (__const char *__restrict __nptr,
        char **__restrict __endptr)
     __attribute__ ((__nothrow__ , __leaf__)) __attribute__ ((__nonnull__ (1))) ;
extern float strtof (__const char *__restrict __nptr,
       char **__restrict __endptr) __attribute__ ((__nothrow__ , __leaf__)) __attribute__ ((__nonnull__ (1))) ;
extern long double strtold (__const char *__restrict __nptr,
       char **__restrict __endptr)
     __attribute__ ((__nothrow__ , __leaf__)) __attribute__ ((__nonnull__ (1))) ;
extern long int strtol (__const char *__restrict __nptr,
   char **__restrict __endptr, int __base)
     __attribute__ ((__nothrow__ , __leaf__)) __attribute__ ((__nonnull__ (1))) ;
extern unsigned long int strtoul (__const char *__restrict __nptr,
      char **__restrict __endptr, int __base)
     __attribute__ ((__nothrow__ , __leaf__)) __attribute__ ((__nonnull__ (1))) ;
__extension__
extern long long int strtoq (__const char *__restrict __nptr,
        char **__restrict __endptr, int __base)
     __attribute__ ((__nothrow__ , __leaf__)) __attribute__ ((__nonnull__ (1))) ;
__extension__
extern unsigned long long int strtouq (__const char *__restrict __nptr,
           char **__restrict __endptr, int __base)
     __attribute__ ((__nothrow__ , __leaf__)) __attribute__ ((__nonnull__ (1))) ;
__extension__
extern long long int strtoll (__const char *__restrict __nptr,
         char **__restrict __endptr, int __base)
     __attribute__ ((__nothrow__ , __leaf__)) __attribute__ ((__nonnull__ (1))) ;
__extension__
extern unsigned long long int strtoull (__const char *__restrict __nptr,
     char **__restrict __endptr, int __base)
     __attribute__ ((__nothrow__ , __leaf__)) __attribute__ ((__nonnull__ (1))) ;
# 311 "/usr/include/stdlib.h" 3 4
extern char *l64a (long int __n) __attribute__ ((__nothrow__ , __leaf__)) ;
extern long int a64l (__const char *__s)
     __attribute__ ((__nothrow__ , __leaf__)) __attribute__ ((__pure__)) __attribute__ ((__nonnull__ (1))) ;
# 1 "/usr/include/x86_64-linux-gnu/sys/types.h" 1 3 4
# 28 "/usr/include/x86_64-linux-gnu/sys/types.h" 3 4
# 1 "/usr/include/x86_64-linux-gnu/bits/types.h" 1 3 4
# 28 "/usr/include/x86_64-linux-gnu/bits/types.h" 3 4
# 1 "/usr/include/x86_64-linux-gnu/bits/wordsize.h" 1 3 4
# 29 "/usr/include/x86_64-linux-gnu/bits/types.h" 2 3 4
typedef unsigned char __u_char;
typedef unsigned short int __u_short;
typedef unsigned int __u_int;
typedef unsigned long int __u_long;
typedef signed char __int8_t;
typedef unsigned char __uint8_t;
typedef signed short int __int16_t;
typedef unsigned short int __uint16_t;
typedef signed int __int32_t;
typedef unsigned int __uint32_t;
typedef signed long int __int64_t;
typedef unsigned long int __uint64_t;
typedef long int __quad_t;
typedef unsigned long int __u_quad_t;
# 131 "/usr/include/x86_64-linux-gnu/bits/types.h" 3 4
# 1 "/usr/include/x86_64-linux-gnu/bits/typesizes.h" 1 3 4
# 132 "/usr/include/x86_64-linux-gnu/bits/types.h" 2 3 4
typedef unsigned long int __dev_t;
typedef unsigned int __uid_t;
typedef unsigned int __gid_t;
typedef unsigned long int __ino_t;
typedef unsigned long int __ino64_t;
typedef unsigned int __mode_t;
typedef unsigned long int __nlink_t;
typedef long int __off_t;
typedef long int __off64_t;
typedef int __pid_t;
typedef struct { int __val[2]; } __fsid_t;
typedef long int __clock_t;
typedef unsigned long int __rlim_t;
typedef unsigned long int __rlim64_t;
typedef unsigned int __id_t;
typedef long int __time_t;
typedef unsigned int __useconds_t;
typedef long int __suseconds_t;
typedef int __daddr_t;
typedef long int __swblk_t;
typedef int __key_t;
typedef int __clockid_t;
typedef void * __timer_t;
typedef long int __blksize_t;
typedef long int __blkcnt_t;
typedef long int __blkcnt64_t;
typedef unsigned long int __fsblkcnt_t;
typedef unsigned long int __fsblkcnt64_t;
typedef unsigned long int __fsfilcnt_t;
typedef unsigned long int __fsfilcnt64_t;
typedef long int __ssize_t;
typedef __off64_t __loff_t;
typedef __quad_t *__qaddr_t;
typedef char *__caddr_t;
typedef long int __intptr_t;
typedef unsigned int __socklen_t;
# 31 "/usr/include/x86_64-linux-gnu/sys/types.h" 2 3 4
typedef __u_char u_char;
typedef __u_short u_short;
typedef __u_int u_int;
typedef __u_long u_long;
typedef __quad_t quad_t;
typedef __u_quad_t u_quad_t;
typedef __fsid_t fsid_t;
typedef __loff_t loff_t;
typedef __ino_t ino_t;
# 61 "/usr/include/x86_64-linux-gnu/sys/types.h" 3 4
typedef __dev_t dev_t;
typedef __gid_t gid_t;
typedef __mode_t mode_t;
typedef __nlink_t nlink_t;
typedef __uid_t uid_t;
typedef __off_t off_t;
# 99 "/usr/include/x86_64-linux-gnu/sys/types.h" 3 4
typedef __pid_t pid_t;
typedef __id_t id_t;
typedef __ssize_t ssize_t;
typedef __daddr_t daddr_t;
typedef __caddr_t caddr_t;
typedef __key_t key_t;
# 133 "/usr/include/x86_64-linux-gnu/sys/types.h" 3 4
# 1 "/usr/include/time.h" 1 3 4
# 58 "/usr/include/time.h" 3 4
typedef __clock_t clock_t;
# 74 "/usr/include/time.h" 3 4
typedef __time_t time_t;
# 92 "/usr/include/time.h" 3 4
typedef __clockid_t clockid_t;
# 104 "/usr/include/time.h" 3 4
typedef __timer_t timer_t;
# 134 "/usr/include/x86_64-linux-gnu/sys/types.h" 2 3 4
# 147 "/usr/include/x86_64-linux-gnu/sys/types.h" 3 4
# 1 "/usr/lib/gcc/x86_64-linux-gnu/4.6/include/stddef.h" 1 3 4
# 148 "/usr/include/x86_64-linux-gnu/sys/types.h" 2 3 4
typedef unsigned long int ulong;
typedef unsigned short int ushort;
typedef unsigned int uint;
# 195 "/usr/include/x86_64-linux-gnu/sys/types.h" 3 4
typedef int int8_t __attribute__ ((__mode__ (__QI__)));
typedef int int16_t __attribute__ ((__mode__ (__HI__)));
typedef int int32_t __attribute__ ((__mode__ (__SI__)));
typedef int int64_t __attribute__ ((__mode__ (__DI__)));
typedef unsigned int u_int8_t __attribute__ ((__mode__ (__QI__)));
typedef unsigned int u_int16_t __attribute__ ((__mode__ (__HI__)));
typedef unsigned int u_int32_t __attribute__ ((__mode__ (__SI__)));
typedef unsigned int u_int64_t __attribute__ ((__mode__ (__DI__)));
typedef int register_t __attribute__ ((__mode__ (__word__)));
# 220 "/usr/include/x86_64-linux-gnu/sys/types.h" 3 4
# 1 "/usr/include/x86_64-linux-gnu/sys/select.h" 1 3 4
# 31 "/usr/include/x86_64-linux-gnu/sys/select.h" 3 4
# 1 "/usr/include/x86_64-linux-gnu/bits/select.h" 1 3 4
# 23 "/usr/include/x86_64-linux-gnu/bits/select.h" 3 4
# 1 "/usr/include/x86_64-linux-gnu/bits/wordsize.h" 1 3 4
# 24 "/usr/include/x86_64-linux-gnu/bits/select.h" 2 3 4
# 32 "/usr/include/x86_64-linux-gnu/sys/select.h" 2 3 4
# 1 "/usr/include/x86_64-linux-gnu/bits/sigset.h" 1 3 4
# 24 "/usr/include/x86_64-linux-gnu/bits/sigset.h" 3 4
typedef int __sig_atomic_t;
typedef struct
  {
    unsigned long int __val[(1024 / (8 * sizeof (unsigned long int)))];
  } __sigset_t;
# 35 "/usr/include/x86_64-linux-gnu/sys/select.h" 2 3 4
typedef __sigset_t sigset_t;
# 1 "/usr/include/time.h" 1 3 4
# 120 "/usr/include/time.h" 3 4
struct timespec
  {
    __time_t tv_sec;
    long int tv_nsec;
  };
# 45 "/usr/include/x86_64-linux-gnu/sys/select.h" 2 3 4
# 1 "/usr/include/x86_64-linux-gnu/bits/time.h" 1 3 4
# 31 "/usr/include/x86_64-linux-gnu/bits/time.h" 3 4
struct timeval
  {
    __time_t tv_sec;
    __suseconds_t tv_usec;
  };
# 47 "/usr/include/x86_64-linux-gnu/sys/select.h" 2 3 4
typedef __suseconds_t suseconds_t;
typedef long int __fd_mask;
# 65 "/usr/include/x86_64-linux-gnu/sys/select.h" 3 4
typedef struct
  {
    __fd_mask __fds_bits[1024 / (8 * (int) sizeof (__fd_mask))];
  } fd_set;
typedef __fd_mask fd_mask;
# 97 "/usr/include/x86_64-linux-gnu/sys/select.h" 3 4
# 107 "/usr/include/x86_64-linux-gnu/sys/select.h" 3 4
extern int select (int __nfds, fd_set *__restrict __readfds,
     fd_set *__restrict __writefds,
     fd_set *__restrict __exceptfds,
     struct timeval *__restrict __timeout);
# 119 "/usr/include/x86_64-linux-gnu/sys/select.h" 3 4
extern int pselect (int __nfds, fd_set *__restrict __readfds,
      fd_set *__restrict __writefds,
      fd_set *__restrict __exceptfds,
      const struct timespec *__restrict __timeout,
      const __sigset_t *__restrict __sigmask);
# 132 "/usr/include/x86_64-linux-gnu/sys/select.h" 3 4
# 221 "/usr/include/x86_64-linux-gnu/sys/types.h" 2 3 4
# 1 "/usr/include/x86_64-linux-gnu/sys/sysmacros.h" 1 3 4
# 30 "/usr/include/x86_64-linux-gnu/sys/sysmacros.h" 3 4
__extension__
extern unsigned int gnu_dev_major (unsigned long long int __dev)
     __attribute__ ((__nothrow__ , __leaf__)) __attribute__ ((__const__));
__extension__
extern unsigned int gnu_dev_minor (unsigned long long int __dev)
     __attribute__ ((__nothrow__ , __leaf__)) __attribute__ ((__const__));
__extension__
extern unsigned long long int gnu_dev_makedev (unsigned int __major,
            unsigned int __minor)
     __attribute__ ((__nothrow__ , __leaf__)) __attribute__ ((__const__));
# 64 "/usr/include/x86_64-linux-gnu/sys/sysmacros.h" 3 4
# 224 "/usr/include/x86_64-linux-gnu/sys/types.h" 2 3 4
typedef __blksize_t blksize_t;
typedef __blkcnt_t blkcnt_t;
typedef __fsblkcnt_t fsblkcnt_t;
typedef __fsfilcnt_t fsfilcnt_t;
# 271 "/usr/include/x86_64-linux-gnu/sys/types.h" 3 4
# 1 "/usr/include/x86_64-linux-gnu/bits/pthreadtypes.h" 1 3 4
# 23 "/usr/include/x86_64-linux-gnu/bits/pthreadtypes.h" 3 4
# 1 "/usr/include/x86_64-linux-gnu/bits/wordsize.h" 1 3 4
# 24 "/usr/include/x86_64-linux-gnu/bits/pthreadtypes.h" 2 3 4
# 50 "/usr/include/x86_64-linux-gnu/bits/pthreadtypes.h" 3 4
typedef unsigned long int pthread_t;
typedef union
{
  char __size[56];
  long int __align;
} pthread_attr_t;
typedef struct __pthread_internal_list
{
  struct __pthread_internal_list *__prev;
  struct __pthread_internal_list *__next;
} __pthread_list_t;
# 76 "/usr/include/x86_64-linux-gnu/bits/pthreadtypes.h" 3 4
typedef union
{
  struct __pthread_mutex_s
  {
    int __lock;
    unsigned int __count;
    int __owner;
    unsigned int __nusers;
    int __kind;
    int __spins;
    __pthread_list_t __list;
# 101 "/usr/include/x86_64-linux-gnu/bits/pthreadtypes.h" 3 4
  } __data;
  char __size[40];
  long int __align;
} pthread_mutex_t;
typedef union
{
  char __size[4];
  int __align;
} pthread_mutexattr_t;
typedef union
{
  struct
  {
    int __lock;
    unsigned int __futex;
    __extension__ unsigned long long int __total_seq;
    __extension__ unsigned long long int __wakeup_seq;
    __extension__ unsigned long long int __woken_seq;
    void *__mutex;
    unsigned int __nwaiters;
    unsigned int __broadcast_seq;
  } __data;
  char __size[48];
  __extension__ long long int __align;
} pthread_cond_t;
typedef union
{
  char __size[4];
  int __align;
} pthread_condattr_t;
typedef unsigned int pthread_key_t;
typedef int pthread_once_t;
typedef union
{
  struct
  {
    int __lock;
    unsigned int __nr_readers;
    unsigned int __readers_wakeup;
    unsigned int __writer_wakeup;
    unsigned int __nr_readers_queued;
    unsigned int __nr_writers_queued;
    int __writer;
    int __shared;
    unsigned long int __pad1;
    unsigned long int __pad2;
    unsigned int __flags;
  } __data;
# 187 "/usr/include/x86_64-linux-gnu/bits/pthreadtypes.h" 3 4
  char __size[56];
  long int __align;
} pthread_rwlock_t;
typedef union
{
  char __size[8];
  long int __align;
} pthread_rwlockattr_t;
typedef volatile int pthread_spinlock_t;
typedef union
{
  char __size[32];
  long int __align;
} pthread_barrier_t;
typedef union
{
  char __size[4];
  int __align;
} pthread_barrierattr_t;
# 272 "/usr/include/x86_64-linux-gnu/sys/types.h" 2 3 4
# 321 "/usr/include/stdlib.h" 2 3 4
extern long int random (void) __attribute__ ((__nothrow__ , __leaf__));
extern void srandom (unsigned int __seed) __attribute__ ((__nothrow__ , __leaf__));
extern char *initstate (unsigned int __seed, char *__statebuf,
   size_t __statelen) __attribute__ ((__nothrow__ , __leaf__)) __attribute__ ((__nonnull__ (2)));
extern char *setstate (char *__statebuf) __attribute__ ((__nothrow__ , __leaf__)) __attribute__ ((__nonnull__ (1)));
struct random_data
  {
    int32_t *fptr;
    int32_t *rptr;
    int32_t *state;
    int rand_type;
    int rand_deg;
    int rand_sep;
    int32_t *end_ptr;
  };
extern int random_r (struct random_data *__restrict __buf,
       int32_t *__restrict __result) __attribute__ ((__nothrow__ , __leaf__)) __attribute__ ((__nonnull__ (1, 2)));
extern int srandom_r (unsigned int __seed, struct random_data *__buf)
     __attribute__ ((__nothrow__ , __leaf__)) __attribute__ ((__nonnull__ (2)));
extern int initstate_r (unsigned int __seed, char *__restrict __statebuf,
   size_t __statelen,
   struct random_data *__restrict __buf)
     __attribute__ ((__nothrow__ , __leaf__)) __attribute__ ((__nonnull__ (2, 4)));
extern int setstate_r (char *__restrict __statebuf,
         struct random_data *__restrict __buf)
     __attribute__ ((__nothrow__ , __leaf__)) __attribute__ ((__nonnull__ (1, 2)));
extern int rand (void) __attribute__ ((__nothrow__ , __leaf__));
extern void srand (unsigned int __seed) __attribute__ ((__nothrow__ , __leaf__));
extern int rand_r (unsigned int *__seed) __attribute__ ((__nothrow__ , __leaf__));
extern double drand48 (void) __attribute__ ((__nothrow__ , __leaf__));
extern double erand48 (unsigned short int __xsubi[3]) __attribute__ ((__nothrow__ , __leaf__)) __attribute__ ((__nonnull__ (1)));
extern long int lrand48 (void) __attribute__ ((__nothrow__ , __leaf__));
extern long int nrand48 (unsigned short int __xsubi[3])
     __attribute__ ((__nothrow__ , __leaf__)) __attribute__ ((__nonnull__ (1)));
extern long int mrand48 (void) __attribute__ ((__nothrow__ , __leaf__));
extern long int jrand48 (unsigned short int __xsubi[3])
     __attribute__ ((__nothrow__ , __leaf__)) __attribute__ ((__nonnull__ (1)));
extern void srand48 (long int __seedval) __attribute__ ((__nothrow__ , __leaf__));
extern unsigned short int *seed48 (unsigned short int __seed16v[3])
     __attribute__ ((__nothrow__ , __leaf__)) __attribute__ ((__nonnull__ (1)));
extern void lcong48 (unsigned short int __param[7]) __attribute__ ((__nothrow__ , __leaf__)) __attribute__ ((__nonnull__ (1)));
struct drand48_data
  {
    unsigned short int __x[3];
    unsigned short int __old_x[3];
    unsigned short int __c;
    unsigned short int __init;
    unsigned long long int __a;
  };
extern int drand48_r (struct drand48_data *__restrict __buffer,
        double *__restrict __result) __attribute__ ((__nothrow__ , __leaf__)) __attribute__ ((__nonnull__ (1, 2)));
extern int erand48_r (unsigned short int __xsubi[3],
        struct drand48_data *__restrict __buffer,
        double *__restrict __result) __attribute__ ((__nothrow__ , __leaf__)) __attribute__ ((__nonnull__ (1, 2)));
extern int lrand48_r (struct drand48_data *__restrict __buffer,
        long int *__restrict __result)
     __attribute__ ((__nothrow__ , __leaf__)) __attribute__ ((__nonnull__ (1, 2)));
extern int nrand48_r (unsigned short int __xsubi[3],
        struct drand48_data *__restrict __buffer,
        long int *__restrict __result)
     __attribute__ ((__nothrow__ , __leaf__)) __attribute__ ((__nonnull__ (1, 2)));
extern int mrand48_r (struct drand48_data *__restrict __buffer,
        long int *__restrict __result)
     __attribute__ ((__nothrow__ , __leaf__)) __attribute__ ((__nonnull__ (1, 2)));
extern int jrand48_r (unsigned short int __xsubi[3],
        struct drand48_data *__restrict __buffer,
        long int *__restrict __result)
     __attribute__ ((__nothrow__ , __leaf__)) __attribute__ ((__nonnull__ (1, 2)));
extern int srand48_r (long int __seedval, struct drand48_data *__buffer)
     __attribute__ ((__nothrow__ , __leaf__)) __attribute__ ((__nonnull__ (2)));
extern int seed48_r (unsigned short int __seed16v[3],
       struct drand48_data *__buffer) __attribute__ ((__nothrow__ , __leaf__)) __attribute__ ((__nonnull__ (1, 2)));
extern int lcong48_r (unsigned short int __param[7],
        struct drand48_data *__buffer)
     __attribute__ ((__nothrow__ , __leaf__)) __attribute__ ((__nonnull__ (1, 2)));
extern void *malloc (size_t __size) __attribute__ ((__nothrow__ , __leaf__)) __attribute__ ((__malloc__)) ;
extern void *calloc (size_t __nmemb, size_t __size)
     __attribute__ ((__nothrow__ , __leaf__)) __attribute__ ((__malloc__)) ;
extern void *realloc (void *__ptr, size_t __size)
     __attribute__ ((__nothrow__ , __leaf__)) __attribute__ ((__warn_unused_result__));
extern void free (void *__ptr) __attribute__ ((__nothrow__ , __leaf__));
extern void cfree (void *__ptr) __attribute__ ((__nothrow__ , __leaf__));
# 1 "/usr/include/alloca.h" 1 3 4
# 25 "/usr/include/alloca.h" 3 4
# 1 "/usr/lib/gcc/x86_64-linux-gnu/4.6/include/stddef.h" 1 3 4
# 26 "/usr/include/alloca.h" 2 3 4
extern void *alloca (size_t __size) __attribute__ ((__nothrow__ , __leaf__));
# 498 "/usr/include/stdlib.h" 2 3 4
extern void *valloc (size_t __size) __attribute__ ((__nothrow__ , __leaf__)) __attribute__ ((__malloc__)) ;
extern int posix_memalign (void **__memptr, size_t __alignment, size_t __size)
     __attribute__ ((__nothrow__ , __leaf__)) __attribute__ ((__nonnull__ (1))) ;
extern void abort (void) __attribute__ ((__nothrow__ , __leaf__)) __attribute__ ((__noreturn__));
extern int atexit (void (*__func) (void)) __attribute__ ((__nothrow__ , __leaf__)) __attribute__ ((__nonnull__ (1)));
# 531 "/usr/include/stdlib.h" 3 4
extern int on_exit (void (*__func) (int __status, void *__arg), void *__arg)
     __attribute__ ((__nothrow__ , __leaf__)) __attribute__ ((__nonnull__ (1)));
extern void exit (int __status) __attribute__ ((__nothrow__ , __leaf__)) __attribute__ ((__noreturn__));
# 554 "/usr/include/stdlib.h" 3 4
extern void _Exit (int __status) __attribute__ ((__nothrow__ , __leaf__)) __attribute__ ((__noreturn__));
extern char *getenv (__const char *__name) __attribute__ ((__nothrow__ , __leaf__)) __attribute__ ((__nonnull__ (1))) ;
extern char *__secure_getenv (__const char *__name)
     __attribute__ ((__nothrow__ , __leaf__)) __attribute__ ((__nonnull__ (1))) ;
extern int putenv (char *__string) __attribute__ ((__nothrow__ , __leaf__)) __attribute__ ((__nonnull__ (1)));
extern int setenv (__const char *__name, __const char *__value, int __replace)
     __attribute__ ((__nothrow__ , __leaf__)) __attribute__ ((__nonnull__ (2)));
extern int unsetenv (__const char *__name) __attribute__ ((__nothrow__ , __leaf__)) __attribute__ ((__nonnull__ (1)));
extern int clearenv (void) __attribute__ ((__nothrow__ , __leaf__));
# 606 "/usr/include/stdlib.h" 3 4
extern char *mktemp (char *__template) __attribute__ ((__nothrow__ , __leaf__)) __attribute__ ((__nonnull__ (1))) ;
# 620 "/usr/include/stdlib.h" 3 4
extern int mkstemp (char *__template) __attribute__ ((__nonnull__ (1))) ;
# 642 "/usr/include/stdlib.h" 3 4
extern int mkstemps (char *__template, int __suffixlen) __attribute__ ((__nonnull__ (1))) ;
# 663 "/usr/include/stdlib.h" 3 4
extern char *mkdtemp (char *__template) __attribute__ ((__nothrow__ , __leaf__)) __attribute__ ((__nonnull__ (1))) ;
# 712 "/usr/include/stdlib.h" 3 4
extern int system (__const char *__command) ;
# 734 "/usr/include/stdlib.h" 3 4
extern char *realpath (__const char *__restrict __name,
         char *__restrict __resolved) __attribute__ ((__nothrow__ , __leaf__)) ;
typedef int (*__compar_fn_t) (__const void *, __const void *);
# 752 "/usr/include/stdlib.h" 3 4
extern void *bsearch (__const void *__key, __const void *__base,
        size_t __nmemb, size_t __size, __compar_fn_t __compar)
     __attribute__ ((__nonnull__ (1, 2, 5))) ;
extern void qsort (void *__base, size_t __nmemb, size_t __size,
     __compar_fn_t __compar) __attribute__ ((__nonnull__ (1, 4)));
# 771 "/usr/include/stdlib.h" 3 4
extern int abs (int __x) __attribute__ ((__nothrow__ , __leaf__)) __attribute__ ((__const__)) ;
extern long int labs (long int __x) __attribute__ ((__nothrow__ , __leaf__)) __attribute__ ((__const__)) ;
__extension__ extern long long int llabs (long long int __x)
     __attribute__ ((__nothrow__ , __leaf__)) __attribute__ ((__const__)) ;
extern div_t div (int __numer, int __denom)
     __attribute__ ((__nothrow__ , __leaf__)) __attribute__ ((__const__)) ;
extern ldiv_t ldiv (long int __numer, long int __denom)
     __attribute__ ((__nothrow__ , __leaf__)) __attribute__ ((__const__)) ;
__extension__ extern lldiv_t lldiv (long long int __numer,
        long long int __denom)
     __attribute__ ((__nothrow__ , __leaf__)) __attribute__ ((__const__)) ;
# 808 "/usr/include/stdlib.h" 3 4
extern char *ecvt (double __value, int __ndigit, int *__restrict __decpt,
     int *__restrict __sign) __attribute__ ((__nothrow__ , __leaf__)) __attribute__ ((__nonnull__ (3, 4))) ;
extern char *fcvt (double __value, int __ndigit, int *__restrict __decpt,
     int *__restrict __sign) __attribute__ ((__nothrow__ , __leaf__)) __attribute__ ((__nonnull__ (3, 4))) ;
extern char *gcvt (double __value, int __ndigit, char *__buf)
     __attribute__ ((__nothrow__ , __leaf__)) __attribute__ ((__nonnull__ (3))) ;
extern char *qecvt (long double __value, int __ndigit,
      int *__restrict __decpt, int *__restrict __sign)
     __attribute__ ((__nothrow__ , __leaf__)) __attribute__ ((__nonnull__ (3, 4))) ;
extern char *qfcvt (long double __value, int __ndigit,
      int *__restrict __decpt, int *__restrict __sign)
     __attribute__ ((__nothrow__ , __leaf__)) __attribute__ ((__nonnull__ (3, 4))) ;
extern char *qgcvt (long double __value, int __ndigit, char *__buf)
     __attribute__ ((__nothrow__ , __leaf__)) __attribute__ ((__nonnull__ (3))) ;
extern int ecvt_r (double __value, int __ndigit, int *__restrict __decpt,
     int *__restrict __sign, char *__restrict __buf,
     size_t __len) __attribute__ ((__nothrow__ , __leaf__)) __attribute__ ((__nonnull__ (3, 4, 5)));
extern int fcvt_r (double __value, int __ndigit, int *__restrict __decpt,
     int *__restrict __sign, char *__restrict __buf,
     size_t __len) __attribute__ ((__nothrow__ , __leaf__)) __attribute__ ((__nonnull__ (3, 4, 5)));
extern int qecvt_r (long double __value, int __ndigit,
      int *__restrict __decpt, int *__restrict __sign,
      char *__restrict __buf, size_t __len)
     __attribute__ ((__nothrow__ , __leaf__)) __attribute__ ((__nonnull__ (3, 4, 5)));
extern int qfcvt_r (long double __value, int __ndigit,
      int *__restrict __decpt, int *__restrict __sign,
      char *__restrict __buf, size_t __len)
     __attribute__ ((__nothrow__ , __leaf__)) __attribute__ ((__nonnull__ (3, 4, 5)));
extern int mblen (__const char *__s, size_t __n) __attribute__ ((__nothrow__ , __leaf__)) ;
extern int mbtowc (wchar_t *__restrict __pwc,
     __const char *__restrict __s, size_t __n) __attribute__ ((__nothrow__ , __leaf__)) ;
extern int wctomb (char *__s, wchar_t __wchar) __attribute__ ((__nothrow__ , __leaf__)) ;
extern size_t mbstowcs (wchar_t *__restrict __pwcs,
   __const char *__restrict __s, size_t __n) __attribute__ ((__nothrow__ , __leaf__));
extern size_t wcstombs (char *__restrict __s,
   __const wchar_t *__restrict __pwcs, size_t __n)
     __attribute__ ((__nothrow__ , __leaf__));
extern int rpmatch (__const char *__response) __attribute__ ((__nothrow__ , __leaf__)) __attribute__ ((__nonnull__ (1))) ;
# 896 "/usr/include/stdlib.h" 3 4
extern int getsubopt (char **__restrict __optionp,
        char *__const *__restrict __tokens,
        char **__restrict __valuep)
     __attribute__ ((__nothrow__ , __leaf__)) __attribute__ ((__nonnull__ (1, 2, 3))) ;
# 948 "/usr/include/stdlib.h" 3 4
extern int getloadavg (double __loadavg[], int __nelem)
     __attribute__ ((__nothrow__ , __leaf__)) __attribute__ ((__nonnull__ (1)));
# 964 "/usr/include/stdlib.h" 3 4
# 3 "/tmp/petsc-x7srCF/config.setCompilers/conftest.c" 2
        Popping language C
================================================================================
TEST checkCUDACompiler from config.setCompilers(/home/jenkins/workspace/EinsteinToolkit/configs/sim/scratch/build/PETSc/petsc-3.5.2/config/BuildSystem/config/setCompilers.py:602)
TESTING: checkCUDACompiler from config.setCompilers(/home/jenkins/workspace/EinsteinToolkit/configs/sim/scratch/build/PETSc/petsc-3.5.2/config/BuildSystem/config/setCompilers.py:602)
  Locate a functional CUDA compiler
Checking for program /usr/local/sbin/nvcc...not found
Checking for program /usr/local/bin/nvcc...not found
Checking for program /usr/sbin/nvcc...not found
Checking for program /usr/bin/nvcc...not found
Checking for program /sbin/nvcc...not found
Checking for program /bin/nvcc...not found
Checking for program /usr/bin/X11/nvcc...not found
Checking for program /usr/games/nvcc...not found
Checking for program /home/jenkins/nvcc...not found
Checking for program /home/jenkins/workspace/EinsteinToolkit/configs/sim/scratch/build/PETSc/petsc-3.5.2/bin/win32fe/nvcc...not found
Checking for program /usr/local/sbin/nvcc...not found
Checking for program /usr/local/bin/nvcc...not found
Checking for program /usr/sbin/nvcc...not found
Checking for program /usr/bin/nvcc...not found
Checking for program /sbin/nvcc...not found
Checking for program /bin/nvcc...not found
Checking for program /usr/bin/X11/nvcc...not found
Checking for program /usr/games/nvcc...not found
Checking for program /home/jenkins/nvcc...not found
Checking for program /home/jenkins/workspace/EinsteinToolkit/configs/sim/scratch/build/PETSc/petsc-3.5.2/bin/win32fe/nvcc...not found
================================================================================
TEST checkCUDAPreprocessor from config.setCompilers(/home/jenkins/workspace/EinsteinToolkit/configs/sim/scratch/build/PETSc/petsc-3.5.2/config/BuildSystem/config/setCompilers.py:642)
TESTING: checkCUDAPreprocessor from config.setCompilers(/home/jenkins/workspace/EinsteinToolkit/configs/sim/scratch/build/PETSc/petsc-3.5.2/config/BuildSystem/config/setCompilers.py:642)
  Locate a functional CUDA preprocessor
================================================================================
TEST checkCxxCompiler from config.setCompilers(/home/jenkins/workspace/EinsteinToolkit/configs/sim/scratch/build/PETSc/petsc-3.5.2/config/BuildSystem/config/setCompilers.py:754)
TESTING: checkCxxCompiler from config.setCompilers(/home/jenkins/workspace/EinsteinToolkit/configs/sim/scratch/build/PETSc/petsc-3.5.2/config/BuildSystem/config/setCompilers.py:754)
  Locate a functional Cxx compiler
Checking for program /usr/local/sbin/g++...not found
Checking for program /usr/local/bin/g++...not found
Checking for program /usr/sbin/g++...not found
Checking for program /usr/bin/g++...found
          Defined make macro "CXX" to "g++"
          Pushing language Cxx
Executing: g++ -c -o /tmp/petsc-x7srCF/config.setCompilers/conftest.o -I/tmp/petsc-x7srCF/config.setCompilers -g3 -march=native -std=gnu++0x -O2 -ffast-math -fopenmp -Wall -rdynamic  -L/home/jenkins/workspace/EinsteinToolkit/configs/sim/scratch/external/PAPI/lib -Wl,-rpath,/home/jenkins/workspace/EinsteinToolkit/configs/sim/scratch/external/PAPI/lib -L/home/jenkins/workspace/EinsteinToolkit/configs/sim/scratch/external/LORENE/Lib -Wl,-rpath,/home/jenkins/workspace/EinsteinToolkit/configs/sim/scratch/external/LORENE/Lib -L/home/jenkins/workspace/EinsteinToolkit/configs/sim/scratch/external/PETSc/lib -Wl,-rpath,/home/jenkins/workspace/EinsteinToolkit/configs/sim/scratch/external/PETSc/lib -L/usr/lib -Wl,-rpath,/usr/lib -L/home/jenkins/workspace/EinsteinToolkit/configs/sim/scratch/external/hwloc/lib -Wl,-rpath,/home/jenkins/workspace/EinsteinToolkit/configs/sim/scratch/external/hwloc/lib -L/home/jenkins/workspace/EinsteinToolkit/configs/sim/scratch/external/PETSc/lib -Wl,-rpath,/home/jenkins/workspace/EinsteinToolkit/configs/sim/scratch/external/PETSc/lib -L/usr/lib -Wl,-rpath,/usr/lib -L/home/jenkins/workspace/EinsteinToolkit/configs/sim/scratch/external/hwloc/lib -Wl,-rpath,/home/jenkins/workspace/EinsteinToolkit/configs/sim/scratch/external/hwloc/lib -L/home/jenkins/workspace/EinsteinToolkit/configs/sim/scratch/external/PETSc/lib -Wl,-rpath,/home/jenkins/workspace/EinsteinToolkit/configs/sim/scratch/external/PETSc/lib -L/usr/lib -Wl,-rpath,/usr/lib -L/home/jenkins/workspace/EinsteinToolkit/configs/sim/scratch/external/hwloc/lib -Wl,-rpath,/home/jenkins/workspace/EinsteinToolkit/configs/sim/scratch/external/hwloc/lib   -DMPICH_IGNORE_CXX_SEEK -DKRANC_VECTORS -fopenmp -Wall /tmp/petsc-x7srCF/config.setCompilers/conftest.cc 
Successful compile:
Source:
#include "confdefs.h"
#include "conffix.h"

int main() {
;
  return 0;
}
Executing: g++ -c -o /tmp/petsc-x7srCF/config.setCompilers/conftest.o -I/tmp/petsc-x7srCF/config.setCompilers -g3 -march=native -std=gnu++0x -O2 -ffast-math -fopenmp -Wall -rdynamic  -L/home/jenkins/workspace/EinsteinToolkit/configs/sim/scratch/external/PAPI/lib -Wl,-rpath,/home/jenkins/workspace/EinsteinToolkit/configs/sim/scratch/external/PAPI/lib -L/home/jenkins/workspace/EinsteinToolkit/configs/sim/scratch/external/LORENE/Lib -Wl,-rpath,/home/jenkins/workspace/EinsteinToolkit/configs/sim/scratch/external/LORENE/Lib -L/home/jenkins/workspace/EinsteinToolkit/configs/sim/scratch/external/PETSc/lib -Wl,-rpath,/home/jenkins/workspace/EinsteinToolkit/configs/sim/scratch/external/PETSc/lib -L/usr/lib -Wl,-rpath,/usr/lib -L/home/jenkins/workspace/EinsteinToolkit/configs/sim/scratch/external/hwloc/lib -Wl,-rpath,/home/jenkins/workspace/EinsteinToolkit/configs/sim/scratch/external/hwloc/lib -L/home/jenkins/workspace/EinsteinToolkit/configs/sim/scratch/external/PETSc/lib -Wl,-rpath,/home/jenkins/workspace/EinsteinToolkit/configs/sim/scratch/external/PETSc/lib -L/usr/lib -Wl,-rpath,/usr/lib -L/home/jenkins/workspace/EinsteinToolkit/configs/sim/scratch/external/hwloc/lib -Wl,-rpath,/home/jenkins/workspace/EinsteinToolkit/configs/sim/scratch/external/hwloc/lib -L/home/jenkins/workspace/EinsteinToolkit/configs/sim/scratch/external/PETSc/lib -Wl,-rpath,/home/jenkins/workspace/EinsteinToolkit/configs/sim/scratch/external/PETSc/lib -L/usr/lib -Wl,-rpath,/usr/lib -L/home/jenkins/workspace/EinsteinToolkit/configs/sim/scratch/external/hwloc/lib -Wl,-rpath,/home/jenkins/workspace/EinsteinToolkit/configs/sim/scratch/external/hwloc/lib   -DMPICH_IGNORE_CXX_SEEK -DKRANC_VECTORS -fopenmp -Wall /tmp/petsc-x7srCF/config.setCompilers/conftest.cc 
Successful compile:
Source:
#include "confdefs.h"
#include "conffix.h"

int main() {
;
  return 0;
}
                                          Pushing language C
                                          Popping language C
                                          Pushing language CUDA
                                          Popping language CUDA
                                          Pushing language Cxx
                                          Popping language Cxx
                                          Pushing language FC
                                          Popping language FC
                  Pushing language CXX
                  Popping language CXX
Executing: g++  -o /tmp/petsc-x7srCF/config.setCompilers/conftest -rdynamic  -L/home/jenkins/workspace/EinsteinToolkit/configs/sim/scratch/external/PAPI/lib -Wl,-rpath,/home/jenkins/workspace/EinsteinToolkit/configs/sim/scratch/external/PAPI/lib -L/home/jenkins/workspace/EinsteinToolkit/configs/sim/scratch/external/LORENE/Lib -Wl,-rpath,/home/jenkins/workspace/EinsteinToolkit/configs/sim/scratch/external/LORENE/Lib -L/home/jenkins/workspace/EinsteinToolkit/configs/sim/scratch/external/PETSc/lib -Wl,-rpath,/home/jenkins/workspace/EinsteinToolkit/configs/sim/scratch/external/PETSc/lib -L/usr/lib -Wl,-rpath,/usr/lib -L/home/jenkins/workspace/EinsteinToolkit/configs/sim/scratch/external/hwloc/lib -Wl,-rpath,/home/jenkins/workspace/EinsteinToolkit/configs/sim/scratch/external/hwloc/lib -L/home/jenkins/workspace/EinsteinToolkit/configs/sim/scratch/external/PETSc/lib -Wl,-rpath,/home/jenkins/workspace/EinsteinToolkit/configs/sim/scratch/external/PETSc/lib -L/usr/lib -Wl,-rpath,/usr/lib -L/home/jenkins/workspace/EinsteinToolkit/configs/sim/scratch/external/hwloc/lib -Wl,-rpath,/home/jenkins/workspace/EinsteinToolkit/configs/sim/scratch/external/hwloc/lib -L/home/jenkins/workspace/EinsteinToolkit/configs/sim/scratch/external/PETSc/lib -Wl,-rpath,/home/jenkins/workspace/EinsteinToolkit/configs/sim/scratch/external/PETSc/lib -L/usr/lib -Wl,-rpath,/usr/lib -L/home/jenkins/workspace/EinsteinToolkit/configs/sim/scratch/external/hwloc/lib -Wl,-rpath,/home/jenkins/workspace/EinsteinToolkit/configs/sim/scratch/external/hwloc/lib  -g3 -march=native -std=gnu++0x -O2 -ffast-math -fopenmp -Wall -rdynamic  -L/home/jenkins/workspace/EinsteinToolkit/configs/sim/scratch/external/PAPI/lib -Wl,-rpath,/home/jenkins/workspace/EinsteinToolkit/configs/sim/scratch/external/PAPI/lib -L/home/jenkins/workspace/EinsteinToolkit/configs/sim/scratch/external/LORENE/Lib -Wl,-rpath,/home/jenkins/workspace/EinsteinToolkit/configs/sim/scratch/external/LORENE/Lib -L/home/jenkins/workspace/EinsteinToolkit/configs/sim/scratch/external/PETSc/lib -Wl,-rpath,/home/jenkins/workspace/EinsteinToolkit/configs/sim/scratch/external/PETSc/lib -L/usr/lib -Wl,-rpath,/usr/lib -L/home/jenkins/workspace/EinsteinToolkit/configs/sim/scratch/external/hwloc/lib -Wl,-rpath,/home/jenkins/workspace/EinsteinToolkit/configs/sim/scratch/external/hwloc/lib -L/home/jenkins/workspace/EinsteinToolkit/configs/sim/scratch/external/PETSc/lib -Wl,-rpath,/home/jenkins/workspace/EinsteinToolkit/configs/sim/scratch/external/PETSc/lib -L/usr/lib -Wl,-rpath,/usr/lib -L/home/jenkins/workspace/EinsteinToolkit/configs/sim/scratch/external/hwloc/lib -Wl,-rpath,/home/jenkins/workspace/EinsteinToolkit/configs/sim/scratch/external/hwloc/lib -L/home/jenkins/workspace/EinsteinToolkit/configs/sim/scratch/external/PETSc/lib -Wl,-rpath,/home/jenkins/workspace/EinsteinToolkit/configs/sim/scratch/external/PETSc/lib -L/usr/lib -Wl,-rpath,/usr/lib -L/home/jenkins/workspace/EinsteinToolkit/configs/sim/scratch/external/hwloc/lib -Wl,-rpath,/home/jenkins/workspace/EinsteinToolkit/configs/sim/scratch/external/hwloc/lib /tmp/petsc-x7srCF/config.setCompilers/conftest.o -lrt -lpthread -llapack -lblas
Executing: g++ -c -o /tmp/petsc-x7srCF/config.setCompilers/conftest.o -I/tmp/petsc-x7srCF/config.setCompilers -g3 -march=native -std=gnu++0x -O2 -ffast-math -fopenmp -Wall -rdynamic  -L/home/jenkins/workspace/EinsteinToolkit/configs/sim/scratch/external/PAPI/lib -Wl,-rpath,/home/jenkins/workspace/EinsteinToolkit/configs/sim/scratch/external/PAPI/lib -L/home/jenkins/workspace/EinsteinToolkit/configs/sim/scratch/external/LORENE/Lib -Wl,-rpath,/home/jenkins/workspace/EinsteinToolkit/configs/sim/scratch/external/LORENE/Lib -L/home/jenkins/workspace/EinsteinToolkit/configs/sim/scratch/external/PETSc/lib -Wl,-rpath,/home/jenkins/workspace/EinsteinToolkit/configs/sim/scratch/external/PETSc/lib -L/usr/lib -Wl,-rpath,/usr/lib -L/home/jenkins/workspace/EinsteinToolkit/configs/sim/scratch/external/hwloc/lib -Wl,-rpath,/home/jenkins/workspace/EinsteinToolkit/configs/sim/scratch/external/hwloc/lib -L/home/jenkins/workspace/EinsteinToolkit/configs/sim/scratch/external/PETSc/lib -Wl,-rpath,/home/jenkins/workspace/EinsteinToolkit/configs/sim/scratch/external/PETSc/lib -L/usr/lib -Wl,-rpath,/usr/lib -L/home/jenkins/workspace/EinsteinToolkit/configs/sim/scratch/external/hwloc/lib -Wl,-rpath,/home/jenkins/workspace/EinsteinToolkit/configs/sim/scratch/external/hwloc/lib -L/home/jenkins/workspace/EinsteinToolkit/configs/sim/scratch/external/PETSc/lib -Wl,-rpath,/home/jenkins/workspace/EinsteinToolkit/configs/sim/scratch/external/PETSc/lib -L/usr/lib -Wl,-rpath,/usr/lib -L/home/jenkins/workspace/EinsteinToolkit/configs/sim/scratch/external/hwloc/lib -Wl,-rpath,/home/jenkins/workspace/EinsteinToolkit/configs/sim/scratch/external/hwloc/lib   -DMPICH_IGNORE_CXX_SEEK -DKRANC_VECTORS -fopenmp -Wall /tmp/petsc-x7srCF/config.setCompilers/conftest.cc 
Successful compile:
Source:
#include "confdefs.h"
#include "conffix.h"

int main() {
;
  return 0;
}
                  Pushing language CXX
                  Popping language CXX
Executing: g++  -o /tmp/petsc-x7srCF/config.setCompilers/conftest -rdynamic  -L/home/jenkins/workspace/EinsteinToolkit/configs/sim/scratch/external/PAPI/lib -Wl,-rpath,/home/jenkins/workspace/EinsteinToolkit/configs/sim/scratch/external/PAPI/lib -L/home/jenkins/workspace/EinsteinToolkit/configs/sim/scratch/external/LORENE/Lib -Wl,-rpath,/home/jenkins/workspace/EinsteinToolkit/configs/sim/scratch/external/LORENE/Lib -L/home/jenkins/workspace/EinsteinToolkit/configs/sim/scratch/external/PETSc/lib -Wl,-rpath,/home/jenkins/workspace/EinsteinToolkit/configs/sim/scratch/external/PETSc/lib -L/usr/lib -Wl,-rpath,/usr/lib -L/home/jenkins/workspace/EinsteinToolkit/configs/sim/scratch/external/hwloc/lib -Wl,-rpath,/home/jenkins/workspace/EinsteinToolkit/configs/sim/scratch/external/hwloc/lib -L/home/jenkins/workspace/EinsteinToolkit/configs/sim/scratch/external/PETSc/lib -Wl,-rpath,/home/jenkins/workspace/EinsteinToolkit/configs/sim/scratch/external/PETSc/lib -L/usr/lib -Wl,-rpath,/usr/lib -L/home/jenkins/workspace/EinsteinToolkit/configs/sim/scratch/external/hwloc/lib -Wl,-rpath,/home/jenkins/workspace/EinsteinToolkit/configs/sim/scratch/external/hwloc/lib -L/home/jenkins/workspace/EinsteinToolkit/configs/sim/scratch/external/PETSc/lib -Wl,-rpath,/home/jenkins/workspace/EinsteinToolkit/configs/sim/scratch/external/PETSc/lib -L/usr/lib -Wl,-rpath,/usr/lib -L/home/jenkins/workspace/EinsteinToolkit/configs/sim/scratch/external/hwloc/lib -Wl,-rpath,/home/jenkins/workspace/EinsteinToolkit/configs/sim/scratch/external/hwloc/lib  -g3 -march=native -std=gnu++0x -O2 -ffast-math -fopenmp -Wall -rdynamic  -L/home/jenkins/workspace/EinsteinToolkit/configs/sim/scratch/external/PAPI/lib -Wl,-rpath,/home/jenkins/workspace/EinsteinToolkit/configs/sim/scratch/external/PAPI/lib -L/home/jenkins/workspace/EinsteinToolkit/configs/sim/scratch/external/LORENE/Lib -Wl,-rpath,/home/jenkins/workspace/EinsteinToolkit/configs/sim/scratch/external/LORENE/Lib -L/home/jenkins/workspace/EinsteinToolkit/configs/sim/scratch/external/PETSc/lib -Wl,-rpath,/home/jenkins/workspace/EinsteinToolkit/configs/sim/scratch/external/PETSc/lib -L/usr/lib -Wl,-rpath,/usr/lib -L/home/jenkins/workspace/EinsteinToolkit/configs/sim/scratch/external/hwloc/lib -Wl,-rpath,/home/jenkins/workspace/EinsteinToolkit/configs/sim/scratch/external/hwloc/lib -L/home/jenkins/workspace/EinsteinToolkit/configs/sim/scratch/external/PETSc/lib -Wl,-rpath,/home/jenkins/workspace/EinsteinToolkit/configs/sim/scratch/external/PETSc/lib -L/usr/lib -Wl,-rpath,/usr/lib -L/home/jenkins/workspace/EinsteinToolkit/configs/sim/scratch/external/hwloc/lib -Wl,-rpath,/home/jenkins/workspace/EinsteinToolkit/configs/sim/scratch/external/hwloc/lib -L/home/jenkins/workspace/EinsteinToolkit/configs/sim/scratch/external/PETSc/lib -Wl,-rpath,/home/jenkins/workspace/EinsteinToolkit/configs/sim/scratch/external/PETSc/lib -L/usr/lib -Wl,-rpath,/usr/lib -L/home/jenkins/workspace/EinsteinToolkit/configs/sim/scratch/external/hwloc/lib -Wl,-rpath,/home/jenkins/workspace/EinsteinToolkit/configs/sim/scratch/external/hwloc/lib /tmp/petsc-x7srCF/config.setCompilers/conftest.o -lrt -lpthread -llapack -lblas -lpetsc-ufod4vtr9mqHvKIQiVAm
Possible ERROR while running linker: exit code 256
stderr:
/usr/bin/ld: cannot find -lpetsc-ufod4vtr9mqHvKIQiVAm
collect2: ld returned 1 exit status
Executing: g++ -c -o /tmp/petsc-x7srCF/config.setCompilers/conftest.o -I/tmp/petsc-x7srCF/config.setCompilers -g3 -march=native -std=gnu++0x -O2 -ffast-math -fopenmp -Wall -rdynamic  -L/home/jenkins/workspace/EinsteinToolkit/configs/sim/scratch/external/PAPI/lib -Wl,-rpath,/home/jenkins/workspace/EinsteinToolkit/configs/sim/scratch/external/PAPI/lib -L/home/jenkins/workspace/EinsteinToolkit/configs/sim/scratch/external/LORENE/Lib -Wl,-rpath,/home/jenkins/workspace/EinsteinToolkit/configs/sim/scratch/external/LORENE/Lib -L/home/jenkins/workspace/EinsteinToolkit/configs/sim/scratch/external/PETSc/lib -Wl,-rpath,/home/jenkins/workspace/EinsteinToolkit/configs/sim/scratch/external/PETSc/lib -L/usr/lib -Wl,-rpath,/usr/lib -L/home/jenkins/workspace/EinsteinToolkit/configs/sim/scratch/external/hwloc/lib -Wl,-rpath,/home/jenkins/workspace/EinsteinToolkit/configs/sim/scratch/external/hwloc/lib -L/home/jenkins/workspace/EinsteinToolkit/configs/sim/scratch/external/PETSc/lib -Wl,-rpath,/home/jenkins/workspace/EinsteinToolkit/configs/sim/scratch/external/PETSc/lib -L/usr/lib -Wl,-rpath,/usr/lib -L/home/jenkins/workspace/EinsteinToolkit/configs/sim/scratch/external/hwloc/lib -Wl,-rpath,/home/jenkins/workspace/EinsteinToolkit/configs/sim/scratch/external/hwloc/lib -L/home/jenkins/workspace/EinsteinToolkit/configs/sim/scratch/external/PETSc/lib -Wl,-rpath,/home/jenkins/workspace/EinsteinToolkit/configs/sim/scratch/external/PETSc/lib -L/usr/lib -Wl,-rpath,/usr/lib -L/home/jenkins/workspace/EinsteinToolkit/configs/sim/scratch/external/hwloc/lib -Wl,-rpath,/home/jenkins/workspace/EinsteinToolkit/configs/sim/scratch/external/hwloc/lib   -DMPICH_IGNORE_CXX_SEEK -DKRANC_VECTORS -fopenmp -Wall /tmp/petsc-x7srCF/config.setCompilers/conftest.cc 
Successful compile:
Source:
#include "confdefs.h"
#include "conffix.h"

int main() {
;
  return 0;
}
                      Pushing language CXX
                      Popping language CXX
Executing: g++  -o /tmp/petsc-x7srCF/config.setCompilers/conftest -rdynamic  -L/home/jenkins/workspace/EinsteinToolkit/configs/sim/scratch/external/PAPI/lib -Wl,-rpath,/home/jenkins/workspace/EinsteinToolkit/configs/sim/scratch/external/PAPI/lib -L/home/jenkins/workspace/EinsteinToolkit/configs/sim/scratch/external/LORENE/Lib -Wl,-rpath,/home/jenkins/workspace/EinsteinToolkit/configs/sim/scratch/external/LORENE/Lib -L/home/jenkins/workspace/EinsteinToolkit/configs/sim/scratch/external/PETSc/lib -Wl,-rpath,/home/jenkins/workspace/EinsteinToolkit/configs/sim/scratch/external/PETSc/lib -L/usr/lib -Wl,-rpath,/usr/lib -L/home/jenkins/workspace/EinsteinToolkit/configs/sim/scratch/external/hwloc/lib -Wl,-rpath,/home/jenkins/workspace/EinsteinToolkit/configs/sim/scratch/external/hwloc/lib -L/home/jenkins/workspace/EinsteinToolkit/configs/sim/scratch/external/PETSc/lib -Wl,-rpath,/home/jenkins/workspace/EinsteinToolkit/configs/sim/scratch/external/PETSc/lib -L/usr/lib -Wl,-rpath,/usr/lib -L/home/jenkins/workspace/EinsteinToolkit/configs/sim/scratch/external/hwloc/lib -Wl,-rpath,/home/jenkins/workspace/EinsteinToolkit/configs/sim/scratch/external/hwloc/lib -L/home/jenkins/workspace/EinsteinToolkit/configs/sim/scratch/external/PETSc/lib -Wl,-rpath,/home/jenkins/workspace/EinsteinToolkit/configs/sim/scratch/external/PETSc/lib -L/usr/lib -Wl,-rpath,/usr/lib -L/home/jenkins/workspace/EinsteinToolkit/configs/sim/scratch/external/hwloc/lib -Wl,-rpath,/home/jenkins/workspace/EinsteinToolkit/configs/sim/scratch/external/hwloc/lib  -g3 -march=native -std=gnu++0x -O2 -ffast-math -fopenmp -Wall -rdynamic  -L/home/jenkins/workspace/EinsteinToolkit/configs/sim/scratch/external/PAPI/lib -Wl,-rpath,/home/jenkins/workspace/EinsteinToolkit/configs/sim/scratch/external/PAPI/lib -L/home/jenkins/workspace/EinsteinToolkit/configs/sim/scratch/external/LORENE/Lib -Wl,-rpath,/home/jenkins/workspace/EinsteinToolkit/configs/sim/scratch/external/LORENE/Lib -L/home/jenkins/workspace/EinsteinToolkit/configs/sim/scratch/external/PETSc/lib -Wl,-rpath,/home/jenkins/workspace/EinsteinToolkit/configs/sim/scratch/external/PETSc/lib -L/usr/lib -Wl,-rpath,/usr/lib -L/home/jenkins/workspace/EinsteinToolkit/configs/sim/scratch/external/hwloc/lib -Wl,-rpath,/home/jenkins/workspace/EinsteinToolkit/configs/sim/scratch/external/hwloc/lib -L/home/jenkins/workspace/EinsteinToolkit/configs/sim/scratch/external/PETSc/lib -Wl,-rpath,/home/jenkins/workspace/EinsteinToolkit/configs/sim/scratch/external/PETSc/lib -L/usr/lib -Wl,-rpath,/usr/lib -L/home/jenkins/workspace/EinsteinToolkit/configs/sim/scratch/external/hwloc/lib -Wl,-rpath,/home/jenkins/workspace/EinsteinToolkit/configs/sim/scratch/external/hwloc/lib -L/home/jenkins/workspace/EinsteinToolkit/configs/sim/scratch/external/PETSc/lib -Wl,-rpath,/home/jenkins/workspace/EinsteinToolkit/configs/sim/scratch/external/PETSc/lib -L/usr/lib -Wl,-rpath,/usr/lib -L/home/jenkins/workspace/EinsteinToolkit/configs/sim/scratch/external/hwloc/lib -Wl,-rpath,/home/jenkins/workspace/EinsteinToolkit/configs/sim/scratch/external/hwloc/lib /tmp/petsc-x7srCF/config.setCompilers/conftest.o -lrt -lpthread -llapack -lblas
Executing: /tmp/petsc-x7srCF/config.setCompilers/conftest
Executing: /tmp/petsc-x7srCF/config.setCompilers/conftest
          Popping language Cxx
================================================================================
TEST checkCxxPreprocessor from config.setCompilers(/home/jenkins/workspace/EinsteinToolkit/configs/sim/scratch/build/PETSc/petsc-3.5.2/config/BuildSystem/config/setCompilers.py:793)
TESTING: checkCxxPreprocessor from config.setCompilers(/home/jenkins/workspace/EinsteinToolkit/configs/sim/scratch/build/PETSc/petsc-3.5.2/config/BuildSystem/config/setCompilers.py:793)
  Locate a functional Cxx preprocessor
Checking for program /usr/local/sbin/g++...not found
Checking for program /usr/local/bin/g++...not found
Checking for program /usr/sbin/g++...not found
Checking for program /usr/bin/g++...found
          Defined make macro "CXXCPP" to "g++ -E"
        Pushing language Cxx
Executing: g++ -E  -I/tmp/petsc-x7srCF/config.setCompilers  -DMPICH_IGNORE_CXX_SEEK -DKRANC_VECTORS -fopenmp -Wall /tmp/petsc-x7srCF/config.setCompilers/conftest.cc 
stdout:
# 1 "/tmp/petsc-x7srCF/config.setCompilers/conftest.cc"
# 1 "<built-in>"
# 1 "<command-line>"
# 1 "/tmp/petsc-x7srCF/config.setCompilers/conftest.cc"
# 1 "/tmp/petsc-x7srCF/config.setCompilers/confdefs.h" 1
# 2 "/tmp/petsc-x7srCF/config.setCompilers/conftest.cc" 2
# 1 "/tmp/petsc-x7srCF/config.setCompilers/conffix.h" 1
extern "C" {
}
# 3 "/tmp/petsc-x7srCF/config.setCompilers/conftest.cc" 2
# 1 "/usr/include/c++/4.6/cstdlib" 1 3
# 41 "/usr/include/c++/4.6/cstdlib" 3
       
# 42 "/usr/include/c++/4.6/cstdlib" 3
# 1 "/usr/include/c++/4.6/x86_64-linux-gnu/./bits/c++config.h" 1 3
# 153 "/usr/include/c++/4.6/x86_64-linux-gnu/./bits/c++config.h" 3
namespace std
{
  typedef long unsigned int size_t;
  typedef long int ptrdiff_t;
}
# 393 "/usr/include/c++/4.6/x86_64-linux-gnu/./bits/c++config.h" 3
# 1 "/usr/include/c++/4.6/x86_64-linux-gnu/./bits/os_defines.h" 1 3
# 40 "/usr/include/c++/4.6/x86_64-linux-gnu/./bits/os_defines.h" 3
# 1 "/usr/include/features.h" 1 3 4
# 324 "/usr/include/features.h" 3 4
# 1 "/usr/include/x86_64-linux-gnu/bits/predefs.h" 1 3 4
# 325 "/usr/include/features.h" 2 3 4
# 357 "/usr/include/features.h" 3 4
# 1 "/usr/include/x86_64-linux-gnu/sys/cdefs.h" 1 3 4
# 378 "/usr/include/x86_64-linux-gnu/sys/cdefs.h" 3 4
# 1 "/usr/include/x86_64-linux-gnu/bits/wordsize.h" 1 3 4
# 379 "/usr/include/x86_64-linux-gnu/sys/cdefs.h" 2 3 4
# 358 "/usr/include/features.h" 2 3 4
# 389 "/usr/include/features.h" 3 4
# 1 "/usr/include/x86_64-linux-gnu/gnu/stubs.h" 1 3 4
# 1 "/usr/include/x86_64-linux-gnu/bits/wordsize.h" 1 3 4
# 5 "/usr/include/x86_64-linux-gnu/gnu/stubs.h" 2 3 4
# 1 "/usr/include/x86_64-linux-gnu/gnu/stubs-64.h" 1 3 4
# 10 "/usr/include/x86_64-linux-gnu/gnu/stubs.h" 2 3 4
# 390 "/usr/include/features.h" 2 3 4
# 41 "/usr/include/c++/4.6/x86_64-linux-gnu/./bits/os_defines.h" 2 3
# 394 "/usr/include/c++/4.6/x86_64-linux-gnu/./bits/c++config.h" 2 3
# 1 "/usr/include/c++/4.6/x86_64-linux-gnu/./bits/cpu_defines.h" 1 3
# 397 "/usr/include/c++/4.6/x86_64-linux-gnu/./bits/c++config.h" 2 3
# 44 "/usr/include/c++/4.6/cstdlib" 2 3
# 66 "/usr/include/c++/4.6/cstdlib" 3
# 1 "/usr/include/stdlib.h" 1 3 4
# 33 "/usr/include/stdlib.h" 3 4
# 1 "/usr/lib/gcc/x86_64-linux-gnu/4.6/include/stddef.h" 1 3 4
# 212 "/usr/lib/gcc/x86_64-linux-gnu/4.6/include/stddef.h" 3 4
typedef long unsigned int size_t;
# 34 "/usr/include/stdlib.h" 2 3 4
extern "C" {
# 1 "/usr/include/x86_64-linux-gnu/bits/waitflags.h" 1 3 4
# 43 "/usr/include/stdlib.h" 2 3 4
# 1 "/usr/include/x86_64-linux-gnu/bits/waitstatus.h" 1 3 4
# 65 "/usr/include/x86_64-linux-gnu/bits/waitstatus.h" 3 4
# 1 "/usr/include/endian.h" 1 3 4
# 37 "/usr/include/endian.h" 3 4
# 1 "/usr/include/x86_64-linux-gnu/bits/endian.h" 1 3 4
# 38 "/usr/include/endian.h" 2 3 4
# 61 "/usr/include/endian.h" 3 4
# 1 "/usr/include/x86_64-linux-gnu/bits/byteswap.h" 1 3 4
# 28 "/usr/include/x86_64-linux-gnu/bits/byteswap.h" 3 4
# 1 "/usr/include/x86_64-linux-gnu/bits/wordsize.h" 1 3 4
# 29 "/usr/include/x86_64-linux-gnu/bits/byteswap.h" 2 3 4
# 62 "/usr/include/endian.h" 2 3 4
# 66 "/usr/include/x86_64-linux-gnu/bits/waitstatus.h" 2 3 4
union wait
  {
    int w_status;
    struct
      {
 unsigned int __w_termsig:7;
 unsigned int __w_coredump:1;
 unsigned int __w_retcode:8;
 unsigned int:16;
      } __wait_terminated;
    struct
      {
 unsigned int __w_stopval:8;
 unsigned int __w_stopsig:8;
 unsigned int:16;
      } __wait_stopped;
  };
# 44 "/usr/include/stdlib.h" 2 3 4
# 96 "/usr/include/stdlib.h" 3 4
typedef struct
  {
    int quot;
    int rem;
  } div_t;
typedef struct
  {
    long int quot;
    long int rem;
  } ldiv_t;
__extension__ typedef struct
  {
    long long int quot;
    long long int rem;
  } lldiv_t;
# 140 "/usr/include/stdlib.h" 3 4
extern size_t __ctype_get_mb_cur_max (void) throw () ;
extern double atof (__const char *__nptr)
     throw () __attribute__ ((__pure__)) __attribute__ ((__nonnull__ (1))) ;
extern int atoi (__const char *__nptr)
     throw () __attribute__ ((__pure__)) __attribute__ ((__nonnull__ (1))) ;
extern long int atol (__const char *__nptr)
     throw () __attribute__ ((__pure__)) __attribute__ ((__nonnull__ (1))) ;
__extension__ extern long long int atoll (__const char *__nptr)
     throw () __attribute__ ((__pure__)) __attribute__ ((__nonnull__ (1))) ;
extern double strtod (__const char *__restrict __nptr,
        char **__restrict __endptr)
     throw () __attribute__ ((__nonnull__ (1))) ;
extern float strtof (__const char *__restrict __nptr,
       char **__restrict __endptr) throw () __attribute__ ((__nonnull__ (1))) ;
extern long double strtold (__const char *__restrict __nptr,
       char **__restrict __endptr)
     throw () __attribute__ ((__nonnull__ (1))) ;
extern long int strtol (__const char *__restrict __nptr,
   char **__restrict __endptr, int __base)
     throw () __attribute__ ((__nonnull__ (1))) ;
extern unsigned long int strtoul (__const char *__restrict __nptr,
      char **__restrict __endptr, int __base)
     throw () __attribute__ ((__nonnull__ (1))) ;
__extension__
extern long long int strtoq (__const char *__restrict __nptr,
        char **__restrict __endptr, int __base)
     throw () __attribute__ ((__nonnull__ (1))) ;
__extension__
extern unsigned long long int strtouq (__const char *__restrict __nptr,
           char **__restrict __endptr, int __base)
     throw () __attribute__ ((__nonnull__ (1))) ;
__extension__
extern long long int strtoll (__const char *__restrict __nptr,
         char **__restrict __endptr, int __base)
     throw () __attribute__ ((__nonnull__ (1))) ;
__extension__
extern unsigned long long int strtoull (__const char *__restrict __nptr,
     char **__restrict __endptr, int __base)
     throw () __attribute__ ((__nonnull__ (1))) ;
# 236 "/usr/include/stdlib.h" 3 4
# 1 "/usr/include/xlocale.h" 1 3 4
# 28 "/usr/include/xlocale.h" 3 4
typedef struct __locale_struct
{
  struct __locale_data *__locales[13];
  const unsigned short int *__ctype_b;
  const int *__ctype_tolower;
  const int *__ctype_toupper;
  const char *__names[13];
} *__locale_t;
typedef __locale_t locale_t;
# 237 "/usr/include/stdlib.h" 2 3 4
extern long int strtol_l (__const char *__restrict __nptr,
     char **__restrict __endptr, int __base,
     __locale_t __loc) throw () __attribute__ ((__nonnull__ (1, 4))) ;
extern unsigned long int strtoul_l (__const char *__restrict __nptr,
        char **__restrict __endptr,
        int __base, __locale_t __loc)
     throw () __attribute__ ((__nonnull__ (1, 4))) ;
__extension__
extern long long int strtoll_l (__const char *__restrict __nptr,
    char **__restrict __endptr, int __base,
    __locale_t __loc)
     throw () __attribute__ ((__nonnull__ (1, 4))) ;
__extension__
extern unsigned long long int strtoull_l (__const char *__restrict __nptr,
       char **__restrict __endptr,
       int __base, __locale_t __loc)
     throw () __attribute__ ((__nonnull__ (1, 4))) ;
extern double strtod_l (__const char *__restrict __nptr,
   char **__restrict __endptr, __locale_t __loc)
     throw () __attribute__ ((__nonnull__ (1, 3))) ;
extern float strtof_l (__const char *__restrict __nptr,
         char **__restrict __endptr, __locale_t __loc)
     throw () __attribute__ ((__nonnull__ (1, 3))) ;
extern long double strtold_l (__const char *__restrict __nptr,
         char **__restrict __endptr,
         __locale_t __loc)
     throw () __attribute__ ((__nonnull__ (1, 3))) ;
# 311 "/usr/include/stdlib.h" 3 4
extern char *l64a (long int __n) throw () ;
extern long int a64l (__const char *__s)
     throw () __attribute__ ((__pure__)) __attribute__ ((__nonnull__ (1))) ;
# 1 "/usr/include/x86_64-linux-gnu/sys/types.h" 1 3 4
# 28 "/usr/include/x86_64-linux-gnu/sys/types.h" 3 4
extern "C" {
# 1 "/usr/include/x86_64-linux-gnu/bits/types.h" 1 3 4
# 28 "/usr/include/x86_64-linux-gnu/bits/types.h" 3 4
# 1 "/usr/include/x86_64-linux-gnu/bits/wordsize.h" 1 3 4
# 29 "/usr/include/x86_64-linux-gnu/bits/types.h" 2 3 4
typedef unsigned char __u_char;
typedef unsigned short int __u_short;
typedef unsigned int __u_int;
typedef unsigned long int __u_long;
typedef signed char __int8_t;
typedef unsigned char __uint8_t;
typedef signed short int __int16_t;
typedef unsigned short int __uint16_t;
typedef signed int __int32_t;
typedef unsigned int __uint32_t;
typedef signed long int __int64_t;
typedef unsigned long int __uint64_t;
typedef long int __quad_t;
typedef unsigned long int __u_quad_t;
# 131 "/usr/include/x86_64-linux-gnu/bits/types.h" 3 4
# 1 "/usr/include/x86_64-linux-gnu/bits/typesizes.h" 1 3 4
# 132 "/usr/include/x86_64-linux-gnu/bits/types.h" 2 3 4
typedef unsigned long int __dev_t;
typedef unsigned int __uid_t;
typedef unsigned int __gid_t;
typedef unsigned long int __ino_t;
typedef unsigned long int __ino64_t;
typedef unsigned int __mode_t;
typedef unsigned long int __nlink_t;
typedef long int __off_t;
typedef long int __off64_t;
typedef int __pid_t;
typedef struct { int __val[2]; } __fsid_t;
typedef long int __clock_t;
typedef unsigned long int __rlim_t;
typedef unsigned long int __rlim64_t;
typedef unsigned int __id_t;
typedef long int __time_t;
typedef unsigned int __useconds_t;
typedef long int __suseconds_t;
typedef int __daddr_t;
typedef long int __swblk_t;
typedef int __key_t;
typedef int __clockid_t;
typedef void * __timer_t;
typedef long int __blksize_t;
typedef long int __blkcnt_t;
typedef long int __blkcnt64_t;
typedef unsigned long int __fsblkcnt_t;
typedef unsigned long int __fsblkcnt64_t;
typedef unsigned long int __fsfilcnt_t;
typedef unsigned long int __fsfilcnt64_t;
typedef long int __ssize_t;
typedef __off64_t __loff_t;
typedef __quad_t *__qaddr_t;
typedef char *__caddr_t;
typedef long int __intptr_t;
typedef unsigned int __socklen_t;
# 31 "/usr/include/x86_64-linux-gnu/sys/types.h" 2 3 4
typedef __u_char u_char;
typedef __u_short u_short;
typedef __u_int u_int;
typedef __u_long u_long;
typedef __quad_t quad_t;
typedef __u_quad_t u_quad_t;
typedef __fsid_t fsid_t;
typedef __loff_t loff_t;
typedef __ino_t ino_t;
typedef __ino64_t ino64_t;
typedef __dev_t dev_t;
typedef __gid_t gid_t;
typedef __mode_t mode_t;
typedef __nlink_t nlink_t;
typedef __uid_t uid_t;
typedef __off_t off_t;
typedef __off64_t off64_t;
typedef __pid_t pid_t;
typedef __id_t id_t;
typedef __ssize_t ssize_t;
typedef __daddr_t daddr_t;
typedef __caddr_t caddr_t;
typedef __key_t key_t;
# 133 "/usr/include/x86_64-linux-gnu/sys/types.h" 3 4
# 1 "/usr/include/time.h" 1 3 4
# 58 "/usr/include/time.h" 3 4
typedef __clock_t clock_t;
# 74 "/usr/include/time.h" 3 4
typedef __time_t time_t;
# 92 "/usr/include/time.h" 3 4
typedef __clockid_t clockid_t;
# 104 "/usr/include/time.h" 3 4
typedef __timer_t timer_t;
# 134 "/usr/include/x86_64-linux-gnu/sys/types.h" 2 3 4
typedef __useconds_t useconds_t;
typedef __suseconds_t suseconds_t;
# 1 "/usr/lib/gcc/x86_64-linux-gnu/4.6/include/stddef.h" 1 3 4
# 148 "/usr/include/x86_64-linux-gnu/sys/types.h" 2 3 4
typedef unsigned long int ulong;
typedef unsigned short int ushort;
typedef unsigned int uint;
# 195 "/usr/include/x86_64-linux-gnu/sys/types.h" 3 4
typedef int int8_t __attribute__ ((__mode__ (__QI__)));
typedef int int16_t __attribute__ ((__mode__ (__HI__)));
typedef int int32_t __attribute__ ((__mode__ (__SI__)));
typedef int int64_t __attribute__ ((__mode__ (__DI__)));
typedef unsigned int u_int8_t __attribute__ ((__mode__ (__QI__)));
typedef unsigned int u_int16_t __attribute__ ((__mode__ (__HI__)));
typedef unsigned int u_int32_t __attribute__ ((__mode__ (__SI__)));
typedef unsigned int u_int64_t __attribute__ ((__mode__ (__DI__)));
typedef int register_t __attribute__ ((__mode__ (__word__)));
# 220 "/usr/include/x86_64-linux-gnu/sys/types.h" 3 4
# 1 "/usr/include/x86_64-linux-gnu/sys/select.h" 1 3 4
# 31 "/usr/include/x86_64-linux-gnu/sys/select.h" 3 4
# 1 "/usr/include/x86_64-linux-gnu/bits/select.h" 1 3 4
# 23 "/usr/include/x86_64-linux-gnu/bits/select.h" 3 4
# 1 "/usr/include/x86_64-linux-gnu/bits/wordsize.h" 1 3 4
# 24 "/usr/include/x86_64-linux-gnu/bits/select.h" 2 3 4
# 32 "/usr/include/x86_64-linux-gnu/sys/select.h" 2 3 4
# 1 "/usr/include/x86_64-linux-gnu/bits/sigset.h" 1 3 4
# 24 "/usr/include/x86_64-linux-gnu/bits/sigset.h" 3 4
typedef int __sig_atomic_t;
typedef struct
  {
    unsigned long int __val[(1024 / (8 * sizeof (unsigned long int)))];
  } __sigset_t;
# 35 "/usr/include/x86_64-linux-gnu/sys/select.h" 2 3 4
typedef __sigset_t sigset_t;
# 1 "/usr/include/time.h" 1 3 4
# 120 "/usr/include/time.h" 3 4
struct timespec
  {
    __time_t tv_sec;
    long int tv_nsec;
  };
# 45 "/usr/include/x86_64-linux-gnu/sys/select.h" 2 3 4
# 1 "/usr/include/x86_64-linux-gnu/bits/time.h" 1 3 4
# 31 "/usr/include/x86_64-linux-gnu/bits/time.h" 3 4
struct timeval
  {
    __time_t tv_sec;
    __suseconds_t tv_usec;
  };
# 47 "/usr/include/x86_64-linux-gnu/sys/select.h" 2 3 4
# 55 "/usr/include/x86_64-linux-gnu/sys/select.h" 3 4
typedef long int __fd_mask;
# 65 "/usr/include/x86_64-linux-gnu/sys/select.h" 3 4
typedef struct
  {
    __fd_mask fds_bits[1024 / (8 * (int) sizeof (__fd_mask))];
  } fd_set;
typedef __fd_mask fd_mask;
# 97 "/usr/include/x86_64-linux-gnu/sys/select.h" 3 4
extern "C" {
# 107 "/usr/include/x86_64-linux-gnu/sys/select.h" 3 4
extern int select (int __nfds, fd_set *__restrict __readfds,
     fd_set *__restrict __writefds,
     fd_set *__restrict __exceptfds,
     struct timeval *__restrict __timeout);
# 119 "/usr/include/x86_64-linux-gnu/sys/select.h" 3 4
extern int pselect (int __nfds, fd_set *__restrict __readfds,
      fd_set *__restrict __writefds,
      fd_set *__restrict __exceptfds,
      const struct timespec *__restrict __timeout,
      const __sigset_t *__restrict __sigmask);
# 132 "/usr/include/x86_64-linux-gnu/sys/select.h" 3 4
}
# 221 "/usr/include/x86_64-linux-gnu/sys/types.h" 2 3 4
# 1 "/usr/include/x86_64-linux-gnu/sys/sysmacros.h" 1 3 4
# 30 "/usr/include/x86_64-linux-gnu/sys/sysmacros.h" 3 4
extern "C" {
__extension__
extern unsigned int gnu_dev_major (unsigned long long int __dev)
     throw () __attribute__ ((__const__));
__extension__
extern unsigned int gnu_dev_minor (unsigned long long int __dev)
     throw () __attribute__ ((__const__));
__extension__
extern unsigned long long int gnu_dev_makedev (unsigned int __major,
            unsigned int __minor)
     throw () __attribute__ ((__const__));
# 64 "/usr/include/x86_64-linux-gnu/sys/sysmacros.h" 3 4
}
# 224 "/usr/include/x86_64-linux-gnu/sys/types.h" 2 3 4
typedef __blksize_t blksize_t;
typedef __blkcnt_t blkcnt_t;
typedef __fsblkcnt_t fsblkcnt_t;
typedef __fsfilcnt_t fsfilcnt_t;
# 263 "/usr/include/x86_64-linux-gnu/sys/types.h" 3 4
typedef __blkcnt64_t blkcnt64_t;
typedef __fsblkcnt64_t fsblkcnt64_t;
typedef __fsfilcnt64_t fsfilcnt64_t;
# 1 "/usr/include/x86_64-linux-gnu/bits/pthreadtypes.h" 1 3 4
# 23 "/usr/include/x86_64-linux-gnu/bits/pthreadtypes.h" 3 4
# 1 "/usr/include/x86_64-linux-gnu/bits/wordsize.h" 1 3 4
# 24 "/usr/include/x86_64-linux-gnu/bits/pthreadtypes.h" 2 3 4
# 50 "/usr/include/x86_64-linux-gnu/bits/pthreadtypes.h" 3 4
typedef unsigned long int pthread_t;
typedef union
{
  char __size[56];
  long int __align;
} pthread_attr_t;
typedef struct __pthread_internal_list
{
  struct __pthread_internal_list *__prev;
  struct __pthread_internal_list *__next;
} __pthread_list_t;
# 76 "/usr/include/x86_64-linux-gnu/bits/pthreadtypes.h" 3 4
typedef union
{
  struct __pthread_mutex_s
  {
    int __lock;
    unsigned int __count;
    int __owner;
    unsigned int __nusers;
    int __kind;
    int __spins;
    __pthread_list_t __list;
# 101 "/usr/include/x86_64-linux-gnu/bits/pthreadtypes.h" 3 4
  } __data;
  char __size[40];
  long int __align;
} pthread_mutex_t;
typedef union
{
  char __size[4];
  int __align;
} pthread_mutexattr_t;
typedef union
{
  struct
  {
    int __lock;
    unsigned int __futex;
    __extension__ unsigned long long int __total_seq;
    __extension__ unsigned long long int __wakeup_seq;
    __extension__ unsigned long long int __woken_seq;
    void *__mutex;
    unsigned int __nwaiters;
    unsigned int __broadcast_seq;
  } __data;
  char __size[48];
  __extension__ long long int __align;
} pthread_cond_t;
typedef union
{
  char __size[4];
  int __align;
} pthread_condattr_t;
typedef unsigned int pthread_key_t;
typedef int pthread_once_t;
typedef union
{
  struct
  {
    int __lock;
    unsigned int __nr_readers;
    unsigned int __readers_wakeup;
    unsigned int __writer_wakeup;
    unsigned int __nr_readers_queued;
    unsigned int __nr_writers_queued;
    int __writer;
    int __shared;
    unsigned long int __pad1;
    unsigned long int __pad2;
    unsigned int __flags;
  } __data;
# 187 "/usr/include/x86_64-linux-gnu/bits/pthreadtypes.h" 3 4
  char __size[56];
  long int __align;
} pthread_rwlock_t;
typedef union
{
  char __size[8];
  long int __align;
} pthread_rwlockattr_t;
typedef volatile int pthread_spinlock_t;
typedef union
{
  char __size[32];
  long int __align;
} pthread_barrier_t;
typedef union
{
  char __size[4];
  int __align;
} pthread_barrierattr_t;
# 272 "/usr/include/x86_64-linux-gnu/sys/types.h" 2 3 4
}
# 321 "/usr/include/stdlib.h" 2 3 4
extern long int random (void) throw ();
extern void srandom (unsigned int __seed) throw ();
extern char *initstate (unsigned int __seed, char *__statebuf,
   size_t __statelen) throw () __attribute__ ((__nonnull__ (2)));
extern char *setstate (char *__statebuf) throw () __attribute__ ((__nonnull__ (1)));
struct random_data
  {
    int32_t *fptr;
    int32_t *rptr;
    int32_t *state;
    int rand_type;
    int rand_deg;
    int rand_sep;
    int32_t *end_ptr;
  };
extern int random_r (struct random_data *__restrict __buf,
       int32_t *__restrict __result) throw () __attribute__ ((__nonnull__ (1, 2)));
extern int srandom_r (unsigned int __seed, struct random_data *__buf)
     throw () __attribute__ ((__nonnull__ (2)));
extern int initstate_r (unsigned int __seed, char *__restrict __statebuf,
   size_t __statelen,
   struct random_data *__restrict __buf)
     throw () __attribute__ ((__nonnull__ (2, 4)));
extern int setstate_r (char *__restrict __statebuf,
         struct random_data *__restrict __buf)
     throw () __attribute__ ((__nonnull__ (1, 2)));
extern int rand (void) throw ();
extern void srand (unsigned int __seed) throw ();
extern int rand_r (unsigned int *__seed) throw ();
extern double drand48 (void) throw ();
extern double erand48 (unsigned short int __xsubi[3]) throw () __attribute__ ((__nonnull__ (1)));
extern long int lrand48 (void) throw ();
extern long int nrand48 (unsigned short int __xsubi[3])
     throw () __attribute__ ((__nonnull__ (1)));
extern long int mrand48 (void) throw ();
extern long int jrand48 (unsigned short int __xsubi[3])
     throw () __attribute__ ((__nonnull__ (1)));
extern void srand48 (long int __seedval) throw ();
extern unsigned short int *seed48 (unsigned short int __seed16v[3])
     throw () __attribute__ ((__nonnull__ (1)));
extern void lcong48 (unsigned short int __param[7]) throw () __attribute__ ((__nonnull__ (1)));
struct drand48_data
  {
    unsigned short int __x[3];
    unsigned short int __old_x[3];
    unsigned short int __c;
    unsigned short int __init;
    unsigned long long int __a;
  };
extern int drand48_r (struct drand48_data *__restrict __buffer,
        double *__restrict __result) throw () __attribute__ ((__nonnull__ (1, 2)));
extern int erand48_r (unsigned short int __xsubi[3],
        struct drand48_data *__restrict __buffer,
        double *__restrict __result) throw () __attribute__ ((__nonnull__ (1, 2)));
extern int lrand48_r (struct drand48_data *__restrict __buffer,
        long int *__restrict __result)
     throw () __attribute__ ((__nonnull__ (1, 2)));
extern int nrand48_r (unsigned short int __xsubi[3],
        struct drand48_data *__restrict __buffer,
        long int *__restrict __result)
     throw () __attribute__ ((__nonnull__ (1, 2)));
extern int mrand48_r (struct drand48_data *__restrict __buffer,
        long int *__restrict __result)
     throw () __attribute__ ((__nonnull__ (1, 2)));
extern int jrand48_r (unsigned short int __xsubi[3],
        struct drand48_data *__restrict __buffer,
        long int *__restrict __result)
     throw () __attribute__ ((__nonnull__ (1, 2)));
extern int srand48_r (long int __seedval, struct drand48_data *__buffer)
     throw () __attribute__ ((__nonnull__ (2)));
extern int seed48_r (unsigned short int __seed16v[3],
       struct drand48_data *__buffer) throw () __attribute__ ((__nonnull__ (1, 2)));
extern int lcong48_r (unsigned short int __param[7],
        struct drand48_data *__buffer)
     throw () __attribute__ ((__nonnull__ (1, 2)));
extern void *malloc (size_t __size) throw () __attribute__ ((__malloc__)) ;
extern void *calloc (size_t __nmemb, size_t __size)
     throw () __attribute__ ((__malloc__)) ;
extern void *realloc (void *__ptr, size_t __size)
     throw () __attribute__ ((__warn_unused_result__));
extern void free (void *__ptr) throw ();
extern void cfree (void *__ptr) throw ();
# 1 "/usr/include/alloca.h" 1 3 4
# 25 "/usr/include/alloca.h" 3 4
# 1 "/usr/lib/gcc/x86_64-linux-gnu/4.6/include/stddef.h" 1 3 4
# 26 "/usr/include/alloca.h" 2 3 4
extern "C" {
extern void *alloca (size_t __size) throw ();
}
# 498 "/usr/include/stdlib.h" 2 3 4
extern void *valloc (size_t __size) throw () __attribute__ ((__malloc__)) ;
extern int posix_memalign (void **__memptr, size_t __alignment, size_t __size)
     throw () __attribute__ ((__nonnull__ (1))) ;
extern void abort (void) throw () __attribute__ ((__noreturn__));
extern int atexit (void (*__func) (void)) throw () __attribute__ ((__nonnull__ (1)));
extern "C++" int at_quick_exit (void (*__func) (void))
     throw () __asm ("at_quick_exit") __attribute__ ((__nonnull__ (1)));
extern int on_exit (void (*__func) (int __status, void *__arg), void *__arg)
     throw () __attribute__ ((__nonnull__ (1)));
extern void exit (int __status) throw () __attribute__ ((__noreturn__));
extern void quick_exit (int __status) throw () __attribute__ ((__noreturn__));
extern void _Exit (int __status) throw () __attribute__ ((__noreturn__));
extern char *getenv (__const char *__name) throw () __attribute__ ((__nonnull__ (1))) ;
extern char *__secure_getenv (__const char *__name)
     throw () __attribute__ ((__nonnull__ (1))) ;
extern int putenv (char *__string) throw () __attribute__ ((__nonnull__ (1)));
extern int setenv (__const char *__name, __const char *__value, int __replace)
     throw () __attribute__ ((__nonnull__ (2)));
extern int unsetenv (__const char *__name) throw () __attribute__ ((__nonnull__ (1)));
extern int clearenv (void) throw ();
# 606 "/usr/include/stdlib.h" 3 4
extern char *mktemp (char *__template) throw () __attribute__ ((__nonnull__ (1))) ;
# 620 "/usr/include/stdlib.h" 3 4
extern int mkstemp (char *__template) __attribute__ ((__nonnull__ (1))) ;
# 630 "/usr/include/stdlib.h" 3 4
extern int mkstemp64 (char *__template) __attribute__ ((__nonnull__ (1))) ;
# 642 "/usr/include/stdlib.h" 3 4
extern int mkstemps (char *__template, int __suffixlen) __attribute__ ((__nonnull__ (1))) ;
# 652 "/usr/include/stdlib.h" 3 4
extern int mkstemps64 (char *__template, int __suffixlen)
     __attribute__ ((__nonnull__ (1))) ;
# 663 "/usr/include/stdlib.h" 3 4
extern char *mkdtemp (char *__template) throw () __attribute__ ((__nonnull__ (1))) ;
# 674 "/usr/include/stdlib.h" 3 4
extern int mkostemp (char *__template, int __flags) __attribute__ ((__nonnull__ (1))) ;
# 684 "/usr/include/stdlib.h" 3 4
extern int mkostemp64 (char *__template, int __flags) __attribute__ ((__nonnull__ (1))) ;
# 694 "/usr/include/stdlib.h" 3 4
extern int mkostemps (char *__template, int __suffixlen, int __flags)
     __attribute__ ((__nonnull__ (1))) ;
# 706 "/usr/include/stdlib.h" 3 4
extern int mkostemps64 (char *__template, int __suffixlen, int __flags)
     __attribute__ ((__nonnull__ (1))) ;
extern int system (__const char *__command) ;
extern char *canonicalize_file_name (__const char *__name)
     throw () __attribute__ ((__nonnull__ (1))) ;
# 734 "/usr/include/stdlib.h" 3 4
extern char *realpath (__const char *__restrict __name,
         char *__restrict __resolved) throw () ;
typedef int (*__compar_fn_t) (__const void *, __const void *);
typedef __compar_fn_t comparison_fn_t;
typedef int (*__compar_d_fn_t) (__const void *, __const void *, void *);
extern void *bsearch (__const void *__key, __const void *__base,
        size_t __nmemb, size_t __size, __compar_fn_t __compar)
     __attribute__ ((__nonnull__ (1, 2, 5))) ;
extern void qsort (void *__base, size_t __nmemb, size_t __size,
     __compar_fn_t __compar) __attribute__ ((__nonnull__ (1, 4)));
extern void qsort_r (void *__base, size_t __nmemb, size_t __size,
       __compar_d_fn_t __compar, void *__arg)
  __attribute__ ((__nonnull__ (1, 4)));
extern int abs (int __x) throw () __attribute__ ((__const__)) ;
extern long int labs (long int __x) throw () __attribute__ ((__const__)) ;
__extension__ extern long long int llabs (long long int __x)
     throw () __attribute__ ((__const__)) ;
extern div_t div (int __numer, int __denom)
     throw () __attribute__ ((__const__)) ;
extern ldiv_t ldiv (long int __numer, long int __denom)
     throw () __attribute__ ((__const__)) ;
__extension__ extern lldiv_t lldiv (long long int __numer,
        long long int __denom)
     throw () __attribute__ ((__const__)) ;
# 808 "/usr/include/stdlib.h" 3 4
extern char *ecvt (double __value, int __ndigit, int *__restrict __decpt,
     int *__restrict __sign) throw () __attribute__ ((__nonnull__ (3, 4))) ;
extern char *fcvt (double __value, int __ndigit, int *__restrict __decpt,
     int *__restrict __sign) throw () __attribute__ ((__nonnull__ (3, 4))) ;
extern char *gcvt (double __value, int __ndigit, char *__buf)
     throw () __attribute__ ((__nonnull__ (3))) ;
extern char *qecvt (long double __value, int __ndigit,
      int *__restrict __decpt, int *__restrict __sign)
     throw () __attribute__ ((__nonnull__ (3, 4))) ;
extern char *qfcvt (long double __value, int __ndigit,
      int *__restrict __decpt, int *__restrict __sign)
     throw () __attribute__ ((__nonnull__ (3, 4))) ;
extern char *qgcvt (long double __value, int __ndigit, char *__buf)
     throw () __attribute__ ((__nonnull__ (3))) ;
extern int ecvt_r (double __value, int __ndigit, int *__restrict __decpt,
     int *__restrict __sign, char *__restrict __buf,
     size_t __len) throw () __attribute__ ((__nonnull__ (3, 4, 5)));
extern int fcvt_r (double __value, int __ndigit, int *__restrict __decpt,
     int *__restrict __sign, char *__restrict __buf,
     size_t __len) throw () __attribute__ ((__nonnull__ (3, 4, 5)));
extern int qecvt_r (long double __value, int __ndigit,
      int *__restrict __decpt, int *__restrict __sign,
      char *__restrict __buf, size_t __len)
     throw () __attribute__ ((__nonnull__ (3, 4, 5)));
extern int qfcvt_r (long double __value, int __ndigit,
      int *__restrict __decpt, int *__restrict __sign,
      char *__restrict __buf, size_t __len)
     throw () __attribute__ ((__nonnull__ (3, 4, 5)));
extern int mblen (__const char *__s, size_t __n) throw () ;
extern int mbtowc (wchar_t *__restrict __pwc,
     __const char *__restrict __s, size_t __n) throw () ;
extern int wctomb (char *__s, wchar_t __wchar) throw () ;
extern size_t mbstowcs (wchar_t *__restrict __pwcs,
   __const char *__restrict __s, size_t __n) throw ();
extern size_t wcstombs (char *__restrict __s,
   __const wchar_t *__restrict __pwcs, size_t __n)
     throw ();
extern int rpmatch (__const char *__response) throw () __attribute__ ((__nonnull__ (1))) ;
# 896 "/usr/include/stdlib.h" 3 4
extern int getsubopt (char **__restrict __optionp,
        char *__const *__restrict __tokens,
        char **__restrict __valuep)
     throw () __attribute__ ((__nonnull__ (1, 2, 3))) ;
extern void setkey (__const char *__key) throw () __attribute__ ((__nonnull__ (1)));
extern int posix_openpt (int __oflag) ;
extern int grantpt (int __fd) throw ();
extern int unlockpt (int __fd) throw ();
extern char *ptsname (int __fd) throw () ;
extern int ptsname_r (int __fd, char *__buf, size_t __buflen)
     throw () __attribute__ ((__nonnull__ (2)));
extern int getpt (void);
extern int getloadavg (double __loadavg[], int __nelem)
     throw () __attribute__ ((__nonnull__ (1)));
# 964 "/usr/include/stdlib.h" 3 4
}
# 67 "/usr/include/c++/4.6/cstdlib" 2 3
# 98 "/usr/include/c++/4.6/cstdlib" 3
namespace std __attribute__ ((__visibility__ ("default")))
{
  using ::div_t;
  using ::ldiv_t;
  using ::abort;
  using ::abs;
  using ::atexit;
  using ::atof;
  using ::atoi;
  using ::atol;
  using ::bsearch;
  using ::calloc;
  using ::div;
  using ::exit;
  using ::free;
  using ::getenv;
  using ::labs;
  using ::ldiv;
  using ::malloc;
  using ::mblen;
  using ::mbstowcs;
  using ::mbtowc;
  using ::qsort;
  using ::rand;
  using ::realloc;
  using ::srand;
  using ::strtod;
  using ::strtol;
  using ::strtoul;
  using ::system;
  using ::wcstombs;
  using ::wctomb;
  inline long
  abs(long __i) { return labs(__i); }
  inline ldiv_t
  div(long __i, long __j) { return ldiv(__i, __j); }
}
# 158 "/usr/include/c++/4.6/cstdlib" 3
namespace __gnu_cxx __attribute__ ((__visibility__ ("default")))
{
  using ::lldiv_t;
  using ::_Exit;
  inline long long
  abs(long long __x) { return __x >= 0 ? __x : -__x; }
  using ::llabs;
  inline lldiv_t
  div(long long __n, long long __d)
  { lldiv_t __q; __q.quot = __n / __d; __q.rem = __n % __d; return __q; }
  using ::lldiv;
# 193 "/usr/include/c++/4.6/cstdlib" 3
  using ::atoll;
  using ::strtoll;
  using ::strtoull;
  using ::strtof;
  using ::strtold;
}
namespace std
{
  using ::__gnu_cxx::lldiv_t;
  using ::__gnu_cxx::_Exit;
  using ::__gnu_cxx::abs;
  using ::__gnu_cxx::llabs;
  using ::__gnu_cxx::div;
  using ::__gnu_cxx::lldiv;
  using ::__gnu_cxx::atoll;
  using ::__gnu_cxx::strtof;
  using ::__gnu_cxx::strtoll;
  using ::__gnu_cxx::strtoull;
  using ::__gnu_cxx::strtold;
}
# 3 "/tmp/petsc-x7srCF/config.setCompilers/conftest.cc" 2
        Popping language Cxx
================================================================================
TEST checkFortranCompiler from config.setCompilers(/home/jenkins/workspace/EinsteinToolkit/configs/sim/scratch/build/PETSc/petsc-3.5.2/config/BuildSystem/config/setCompilers.py:910)
TESTING: checkFortranCompiler from config.setCompilers(/home/jenkins/workspace/EinsteinToolkit/configs/sim/scratch/build/PETSc/petsc-3.5.2/config/BuildSystem/config/setCompilers.py:910)
  Locate a functional Fortran compiler
================================================================================
TEST checkPIC from config.setCompilers(/home/jenkins/workspace/EinsteinToolkit/configs/sim/scratch/build/PETSc/petsc-3.5.2/config/BuildSystem/config/setCompilers.py:994)
TESTING: checkPIC from config.setCompilers(/home/jenkins/workspace/EinsteinToolkit/configs/sim/scratch/build/PETSc/petsc-3.5.2/config/BuildSystem/config/setCompilers.py:994)
  Determine the PIC option for each compiler
       - There needs to be a test that checks that the functionality is actually working
      Skip checking PIC options on user request
================================================================================
TEST checkLargeFileIO from config.setCompilers(/home/jenkins/workspace/EinsteinToolkit/configs/sim/scratch/build/PETSc/petsc-3.5.2/config/BuildSystem/config/setCompilers.py:1027)
TESTING: checkLargeFileIO from config.setCompilers(/home/jenkins/workspace/EinsteinToolkit/configs/sim/scratch/build/PETSc/petsc-3.5.2/config/BuildSystem/config/setCompilers.py:1027)
================================================================================
TEST checkArchiver from config.setCompilers(/home/jenkins/workspace/EinsteinToolkit/configs/sim/scratch/build/PETSc/petsc-3.5.2/config/BuildSystem/config/setCompilers.py:1126)
TESTING: checkArchiver from config.setCompilers(/home/jenkins/workspace/EinsteinToolkit/configs/sim/scratch/build/PETSc/petsc-3.5.2/config/BuildSystem/config/setCompilers.py:1126)
  Check that the archiver exists and can make a library usable by the compiler
        Pushing language C
Executing: ar -V
stdout:
GNU ar (GNU Binutils for Ubuntu) 2.22
Copyright 2011 Free Software Foundation, Inc.
This program is free software; you may redistribute it under the terms of
the GNU General Public License version 3 or (at your option) any later version.
This program has absolutely no warranty.
Executing: ar -V
stdout:
GNU ar (GNU Binutils for Ubuntu) 2.22
Copyright 2011 Free Software Foundation, Inc.
This program is free software; you may redistribute it under the terms of
the GNU General Public License version 3 or (at your option) any later version.
This program has absolutely no warranty.
            Defined make macro "FAST_AR_FLAGS" to "Scq"
Executing: gcc -c -o /tmp/petsc-x7srCF/config.setCompilers/conftest.o -I/tmp/petsc-x7srCF/config.setCompilers -g3 -march=native -std=gnu99 -O2 -ffast-math -fopenmp -Wall -rdynamic  -L/home/jenkins/workspace/EinsteinToolkit/configs/sim/scratch/external/PAPI/lib -Wl,-rpath,/home/jenkins/workspace/EinsteinToolkit/configs/sim/scratch/external/PAPI/lib -L/home/jenkins/workspace/EinsteinToolkit/configs/sim/scratch/external/LORENE/Lib -Wl,-rpath,/home/jenkins/workspace/EinsteinToolkit/configs/sim/scratch/external/LORENE/Lib -L/home/jenkins/workspace/EinsteinToolkit/configs/sim/scratch/external/PETSc/lib -Wl,-rpath,/home/jenkins/workspace/EinsteinToolkit/configs/sim/scratch/external/PETSc/lib -L/usr/lib -Wl,-rpath,/usr/lib -L/home/jenkins/workspace/EinsteinToolkit/configs/sim/scratch/external/hwloc/lib -Wl,-rpath,/home/jenkins/workspace/EinsteinToolkit/configs/sim/scratch/external/hwloc/lib -L/home/jenkins/workspace/EinsteinToolkit/configs/sim/scratch/external/PETSc/lib -Wl,-rpath,/home/jenkins/workspace/EinsteinToolkit/configs/sim/scratch/external/PETSc/lib -L/usr/lib -Wl,-rpath,/usr/lib -L/home/jenkins/workspace/EinsteinToolkit/configs/sim/scratch/external/hwloc/lib -Wl,-rpath,/home/jenkins/workspace/EinsteinToolkit/configs/sim/scratch/external/hwloc/lib -L/home/jenkins/workspace/EinsteinToolkit/configs/sim/scratch/external/PETSc/lib -Wl,-rpath,/home/jenkins/workspace/EinsteinToolkit/configs/sim/scratch/external/PETSc/lib -L/usr/lib -Wl,-rpath,/usr/lib -L/home/jenkins/workspace/EinsteinToolkit/configs/sim/scratch/external/hwloc/lib -Wl,-rpath,/home/jenkins/workspace/EinsteinToolkit/configs/sim/scratch/external/hwloc/lib -DMPICH_IGNORE_CXX_SEEK -DKRANC_VECTORS -fopenmp -Wall /tmp/petsc-x7srCF/config.setCompilers/conftest.c 
Successful compile:
Source:
#include "confdefs.h"
#include "conffix.h"
int foo(int a) {
  return a+1;
}

Checking for program /usr/local/sbin/ar...not found
Checking for program /usr/local/bin/ar...not found
Checking for program /usr/sbin/ar...not found
Checking for program /usr/bin/ar...found
          Defined make macro "AR" to "/usr/bin/ar"
Checking for program /usr/local/sbin/ranlib...not found
Checking for program /usr/local/bin/ranlib...not found
Checking for program /usr/sbin/ranlib...not found
Checking for program /usr/bin/ranlib...found
          Defined make macro "RANLIB" to "/usr/bin/ranlib"
Executing: /usr/bin/ar  /tmp/petsc-x7srCF/config.setCompilers/libconf1.a /tmp/petsc-x7srCF/config.setCompilers/conf1.o
Possible ERROR while running archiver: exit code 256
stderr:
/usr/bin/ar: invalid option -- '/'
Usage: /usr/bin/ar [emulation options] [-]{dmpqrstx}[abcDfilMNoPsSTuvV] [--plugin <name>] [member-name] [count] archive-file file...
       /usr/bin/ar -M [<mri-script]
 commands:
  d            - delete file(s) from the archive
  m[ab]        - move file(s) in the archive
  p            - print file(s) found in the archive
  q[f]         - quick append file(s) to the archive
  r[ab][f][u]  - replace existing or insert new file(s) into the archive
  s            - act as ranlib
  t            - display contents of archive
  x[o]         - extract file(s) from the archive
 command specific modifiers:
  [a]          - put file(s) after [member-name]
  [b]          - put file(s) before [member-name] (same as [i])
  [D]          - use zero for timestamps and uids/gids
  [N]          - use instance [count] of name
  [f]          - truncate inserted file names
  [P]          - use full path names when matching
  [o]          - preserve original dates
  [u]          - only replace files that are newer than current archive contents
 generic modifiers:
  [c]          - do not warn if the library had to be created
  [s]          - create an archive index (cf. ranlib)
  [S]          - do not build a symbol table
  [T]          - make a thin archive
  [v]          - be verbose
  [V]          - display the version number
  @<file>      - read options from <file>
  --target=BFDNAME - specify the target object format as BFDNAME
 optional:
  --plugin <p> - load the specified plugin
 emulation options: 
  No emulation specific options
/usr/bin/ar: supported targets: elf64-x86-64 elf32-i386 elf32-x86-64 a.out-i386-linux pei-i386 pei-x86-64 elf64-l1om elf64-k1om elf64-little elf64-big elf32-little elf32-big plugin srec symbolsrec verilog tekhex binary ihex
      Archiver is not functional
Executing: ar -V
stdout:
GNU ar (GNU Binutils for Ubuntu) 2.22
Copyright 2011 Free Software Foundation, Inc.
This program is free software; you may redistribute it under the terms of
the GNU General Public License version 3 or (at your option) any later version.
This program has absolutely no warranty.
Executing: ar -V
stdout:
GNU ar (GNU Binutils for Ubuntu) 2.22
Copyright 2011 Free Software Foundation, Inc.
This program is free software; you may redistribute it under the terms of
the GNU General Public License version 3 or (at your option) any later version.
This program has absolutely no warranty.
            Defined make macro "FAST_AR_FLAGS" to "Scq"
Executing: gcc -c -o /tmp/petsc-x7srCF/config.setCompilers/conftest.o -I/tmp/petsc-x7srCF/config.setCompilers -g3 -march=native -std=gnu99 -O2 -ffast-math -fopenmp -Wall -rdynamic  -L/home/jenkins/workspace/EinsteinToolkit/configs/sim/scratch/external/PAPI/lib -Wl,-rpath,/home/jenkins/workspace/EinsteinToolkit/configs/sim/scratch/external/PAPI/lib -L/home/jenkins/workspace/EinsteinToolkit/configs/sim/scratch/external/LORENE/Lib -Wl,-rpath,/home/jenkins/workspace/EinsteinToolkit/configs/sim/scratch/external/LORENE/Lib -L/home/jenkins/workspace/EinsteinToolkit/configs/sim/scratch/external/PETSc/lib -Wl,-rpath,/home/jenkins/workspace/EinsteinToolkit/configs/sim/scratch/external/PETSc/lib -L/usr/lib -Wl,-rpath,/usr/lib -L/home/jenkins/workspace/EinsteinToolkit/configs/sim/scratch/external/hwloc/lib -Wl,-rpath,/home/jenkins/workspace/EinsteinToolkit/configs/sim/scratch/external/hwloc/lib -L/home/jenkins/workspace/EinsteinToolkit/configs/sim/scratch/external/PETSc/lib -Wl,-rpath,/home/jenkins/workspace/EinsteinToolkit/configs/sim/scratch/external/PETSc/lib -L/usr/lib -Wl,-rpath,/usr/lib -L/home/jenkins/workspace/EinsteinToolkit/configs/sim/scratch/external/hwloc/lib -Wl,-rpath,/home/jenkins/workspace/EinsteinToolkit/configs/sim/scratch/external/hwloc/lib -L/home/jenkins/workspace/EinsteinToolkit/configs/sim/scratch/external/PETSc/lib -Wl,-rpath,/home/jenkins/workspace/EinsteinToolkit/configs/sim/scratch/external/PETSc/lib -L/usr/lib -Wl,-rpath,/usr/lib -L/home/jenkins/workspace/EinsteinToolkit/configs/sim/scratch/external/hwloc/lib -Wl,-rpath,/home/jenkins/workspace/EinsteinToolkit/configs/sim/scratch/external/hwloc/lib -DMPICH_IGNORE_CXX_SEEK -DKRANC_VECTORS -fopenmp -Wall /tmp/petsc-x7srCF/config.setCompilers/conftest.c 
Successful compile:
Source:
#include "confdefs.h"
#include "conffix.h"
int foo(int a) {
  return a+1;
}

Checking for program /usr/local/sbin/ar...not found
Checking for program /usr/local/bin/ar...not found
Checking for program /usr/sbin/ar...not found
Checking for program /usr/bin/ar...found
          Defined make macro "AR" to "/usr/bin/ar"
Checking for program /usr/local/sbin/true...not found
Checking for program /usr/local/bin/true...not found
Checking for program /usr/sbin/true...not found
Checking for program /usr/bin/true...not found
Checking for program /sbin/true...not found
Checking for program /bin/true...found
          Defined make macro "RANLIB" to "/bin/true"
Executing: /usr/bin/ar  /tmp/petsc-x7srCF/config.setCompilers/libconf1.a /tmp/petsc-x7srCF/config.setCompilers/conf1.o
Possible ERROR while running archiver: exit code 256
stderr:
/usr/bin/ar: invalid option -- '/'
Usage: /usr/bin/ar [emulation options] [-]{dmpqrstx}[abcDfilMNoPsSTuvV] [--plugin <name>] [member-name] [count] archive-file file...
       /usr/bin/ar -M [<mri-script]
 commands:
  d            - delete file(s) from the archive
  m[ab]        - move file(s) in the archive
  p            - print file(s) found in the archive
  q[f]         - quick append file(s) to the archive
  r[ab][f][u]  - replace existing or insert new file(s) into the archive
  s            - act as ranlib
  t            - display contents of archive
  x[o]         - extract file(s) from the archive
 command specific modifiers:
  [a]          - put file(s) after [member-name]
  [b]          - put file(s) before [member-name] (same as [i])
  [D]          - use zero for timestamps and uids/gids
  [N]          - use instance [count] of name
  [f]          - truncate inserted file names
  [P]          - use full path names when matching
  [o]          - preserve original dates
  [u]          - only replace files that are newer than current archive contents
 generic modifiers:
  [c]          - do not warn if the library had to be created
  [s]          - create an archive index (cf. ranlib)
  [S]          - do not build a symbol table
  [T]          - make a thin archive
  [v]          - be verbose
  [V]          - display the version number
  @<file>      - read options from <file>
  --target=BFDNAME - specify the target object format as BFDNAME
 optional:
  --plugin <p> - load the specified plugin
 emulation options: 
  No emulation specific options
/usr/bin/ar: supported targets: elf64-x86-64 elf32-i386 elf32-x86-64 a.out-i386-linux pei-i386 pei-x86-64 elf64-l1om elf64-k1om elf64-little elf64-big elf32-little elf32-big plugin srec symbolsrec verilog tekhex binary ihex
      Archiver is not functional
*******************************************************************************
         UNABLE to CONFIGURE with GIVEN OPTIONS    (see configure.log for details):
-------------------------------------------------------------------------------
You set a value for --with-ar=ar", but ar cannot be used
*******************************************************************************
  File "./config/configure.py", line 272, in petsc_configure
    framework.configure(out = sys.stdout)
  File "/home/jenkins/workspace/EinsteinToolkit/configs/sim/scratch/build/PETSc/petsc-3.5.2/config/BuildSystem/config/framework.py", line 935, in configure
    child.configure()
  File "/home/jenkins/workspace/EinsteinToolkit/configs/sim/scratch/build/PETSc/petsc-3.5.2/config/BuildSystem/config/setCompilers.py", line 1576, in configure
    self.executeTest(self.checkArchiver)
  File "/home/jenkins/workspace/EinsteinToolkit/configs/sim/scratch/build/PETSc/petsc-3.5.2/config/BuildSystem/config/base.py", line 126, in executeTest
    ret = test(*args,**kargs)
  File "/home/jenkins/workspace/EinsteinToolkit/configs/sim/scratch/build/PETSc/petsc-3.5.2/config/BuildSystem/config/setCompilers.py", line 1147, in checkArchiver
    for (archiver, arflags, ranlib) in self.generateArchiverGuesses():
  File "/home/jenkins/workspace/EinsteinToolkit/configs/sim/scratch/build/PETSc/petsc-3.5.2/config/BuildSystem/config/setCompilers.py", line 1100, in generateArchiverGuesses
    raise RuntimeError('You set a value for --with-ar='+defaultAr+'", but '+defaultAr+' cannot be used\n')
================================================================================
Finishing Configure Run at Tue Jun  7 01:38:02 2016
================================================================================
