Warning: Permanently added 'cn01,172.22.2.231' (RSA) to the list of known hosts.
Warning: Permanently added 'cn03,172.22.2.233' (RSA) to the list of known hosts.
Warning: Permanently added 'cn05,172.22.2.235' (RSA) to the list of known hosts.
Warning: Permanently added 'cn04,172.22.2.234' (RSA) to the list of known hosts.
Warning: Permanently added 'cn02,172.22.2.232' (RSA) to the list of known hosts.
bash: /home/himanshu/simulations/test_13/output-0000/SIMFACTORY/RunScript: /bin/bash: bad interpreter: Text file busy
bash: /home/himanshu/simulations/test_13/output-0000/SIMFACTORY/RunScript: /bin/bash: bad interpreter: Text file busy
+ set -e
+ cd /home/himanshu/simulations/test_13/output-0000-active
+ echo Checking:
+ pwd
+ hostname
bash: /home/himanshu/simulations/test_13/output-0000/SIMFACTORY/RunScript: Text file busy
Traceback (most recent call last):
  File "/home/himanshu/Backup/Cactus/repos/simfactory2/bin/../lib/sim.py", line 148, in <module>
Traceback (most recent call last):
  File "/home/himanshu/Backup/Cactus/repos/simfactory2/bin/../lib/sim.py", line 148, in <module>
    main()
    main()
  File "/home/himanshu/Backup/Cactus/repos/simfactory2/bin/../lib/sim.py", line 144, in main
  File "/home/himanshu/Backup/Cactus/repos/simfactory2/bin/../lib/sim.py", line 144, in main
    CommandDispatch()
    CommandDispatch()
  File "/home/himanshu/Backup/Cactus/repos/simfactory2/bin/../lib/sim.py", line 106, in CommandDispatch
  File "/home/himanshu/Backup/Cactus/repos/simfactory2/bin/../lib/sim.py", line 106, in CommandDispatch
    module.main()
    module.main()
  File "/home/himanshu/Backup/Cactus/repos/simfactory2/lib/sim-manage.py", line 397, in main
  File "/home/himanshu/Backup/Cactus/repos/simfactory2/lib/sim-manage.py", line 397, in main
    CommandDispatch()
    CommandDispatch()
  File "/home/himanshu/Backup/Cactus/repos/simfactory2/lib/sim-manage.py", line 376, in CommandDispatch
  File "/home/himanshu/Backup/Cactus/repos/simfactory2/lib/sim-manage.py", line 376, in CommandDispatch
    exec("command_%s()" % command)
    exec("command_%s()" % command)
  File "<string>", line 1, in <module>
  File "<string>", line 1, in <module>
  File "/home/himanshu/Backup/Cactus/repos/simfactory2/lib/sim-manage.py", line 218, in command_run
  File "/home/himanshu/Backup/Cactus/repos/simfactory2/lib/sim-manage.py", line 218, in command_run
    restart.submitRun(simulationName, restart_id)
    restart.submitRun(simulationName, restart_id)
  File "/home/himanshu/Backup/Cactus/repos/simfactory2/lib/simrestart.py", line 982, in submitRun
  File "/home/himanshu/Backup/Cactus/repos/simfactory2/lib/simrestart.py", line 982, in submitRun
    self.run()
    self.run()
  File "/home/himanshu/Backup/Cactus/repos/simfactory2/lib/simrestart.py", line 1000, in run
  File "/home/himanshu/Backup/Cactus/repos/simfactory2/lib/simrestart.py", line 1000, in run
    testsuite = self.Properties.testsuite == "True"
    testsuite = self.Properties.testsuite == "True"
AttributeError: AttributeError: SimProperties instance has no attribute 'testsuite'
SimProperties instance has no attribute 'testsuite'
Traceback (most recent call last):
  File "/home/himanshu/Backup/Cactus/repos/simfactory2/bin/../lib/sim.py", line 148, in <module>
    main()
  File "/home/himanshu/Backup/Cactus/repos/simfactory2/bin/../lib/sim.py", line 144, in main
    CommandDispatch()
  File "/home/himanshu/Backup/Cactus/repos/simfactory2/bin/../lib/sim.py", line 106, in CommandDispatch
    module.main()
  File "/home/himanshu/Backup/Cactus/repos/simfactory2/lib/sim-manage.py", line 397, in main
    CommandDispatch()
  File "/home/himanshu/Backup/Cactus/repos/simfactory2/lib/sim-manage.py", line 376, in CommandDispatch
    exec("command_%s()" % command)
  File "<string>", line 1, in <module>
  File "/home/himanshu/Backup/Cactus/repos/simfactory2/lib/sim-manage.py", line 218, in command_run
    restart.submitRun(simulationName, restart_id)
  File "/home/himanshu/Backup/Cactus/repos/simfactory2/lib/simrestart.py", line 982, in submitRun
    self.run()
  File "/home/himanshu/Backup/Cactus/repos/simfactory2/lib/simrestart.py", line 1000, in run
    testsuite = self.Properties.testsuite == "True"
AttributeError: SimProperties instance has no attribute 'testsuite'
Traceback (most recent call last):
  File "/home/himanshu/Backup/Cactus/repos/simfactory2/bin/../lib/sim.py", line 148, in <module>
Traceback (most recent call last):
  File "/home/himanshu/Backup/Cactus/repos/simfactory2/bin/../lib/sim.py", line 148, in <module>
    main()
  File "/home/himanshu/Backup/Cactus/repos/simfactory2/bin/../lib/sim.py", line 144, in main
    main()
  File "/home/himanshu/Backup/Cactus/repos/simfactory2/bin/../lib/sim.py", line 144, in main
    CommandDispatch()
  File "/home/himanshu/Backup/Cactus/repos/simfactory2/bin/../lib/sim.py", line 106, in CommandDispatch
    CommandDispatch()
  File "/home/himanshu/Backup/Cactus/repos/simfactory2/bin/../lib/sim.py", line 106, in CommandDispatch
    module.main()
    module.main()
  File "/home/himanshu/Backup/Cactus/repos/simfactory2/lib/sim-manage.py", line 397, in main
  File "/home/himanshu/Backup/Cactus/repos/simfactory2/lib/sim-manage.py", line 397, in main
    CommandDispatch()
  File "/home/himanshu/Backup/Cactus/repos/simfactory2/lib/sim-manage.py", line 376, in CommandDispatch
    CommandDispatch()
  File "/home/himanshu/Backup/Cactus/repos/simfactory2/lib/sim-manage.py", line 376, in CommandDispatch
    exec("command_%s()" % command)
  File "<string>", line 1, in <module>
    exec("command_%s()" % command)
  File "<string>", line 1, in <module>
  File "/home/himanshu/Backup/Cactus/repos/simfactory2/lib/sim-manage.py", line 218, in command_run
  File "/home/himanshu/Backup/Cactus/repos/simfactory2/lib/sim-manage.py", line 218, in command_run
    restart.submitRun(simulationName, restart_id)
  File "/home/himanshu/Backup/Cactus/repos/simfactory2/lib/simrestart.py", line 982, in submitRun
    restart.submitRun(simulationName, restart_id)
  File "/home/himanshu/Backup/Cactus/repos/simfactory2/lib/simrestart.py", line 982, in submitRun
    self.run()
    self.run()
  File "/home/himanshu/Backup/Cactus/repos/simfactory2/lib/simrestart.py", line 1000, in run
  File "/home/himanshu/Backup/Cactus/repos/simfactory2/lib/simrestart.py", line 1000, in run
    testsuite = self.Properties.testsuite == "True"
    testsuite = self.Properties.testsuite == "True"
AttributeError: SimProperties instance has no attribute 'testsuite'
AttributeError: SimProperties instance has no attribute 'testsuite'
Traceback (most recent call last):
  File "/home/himanshu/Backup/Cactus/repos/simfactory2/bin/../lib/sim.py", line 148, in <module>
    main()
  File "/home/himanshu/Backup/Cactus/repos/simfactory2/bin/../lib/sim.py", line 144, in main
    CommandDispatch()
  File "/home/himanshu/Backup/Cactus/repos/simfactory2/bin/../lib/sim.py", line 106, in CommandDispatch
    module.main()
  File "/home/himanshu/Backup/Cactus/repos/simfactory2/lib/sim-manage.py", line 397, in main
    CommandDispatch()
  File "/home/himanshu/Backup/Cactus/repos/simfactory2/lib/sim-manage.py", line 376, in CommandDispatch
    exec("command_%s()" % command)
  File "<string>", line 1, in <module>
  File "/home/himanshu/Backup/Cactus/repos/simfactory2/lib/sim-manage.py", line 218, in command_run
    restart.submitRun(simulationName, restart_id)
  File "/home/himanshu/Backup/Cactus/repos/simfactory2/lib/simrestart.py", line 982, in submitRun
    self.run()
  File "/home/himanshu/Backup/Cactus/repos/simfactory2/lib/simrestart.py", line 1000, in run
    testsuite = self.Properties.testsuite == "True"
AttributeError: SimProperties instance has no attribute 'testsuite'
Traceback (most recent call last):
  File "/home/himanshu/Backup/Cactus/repos/simfactory2/bin/../lib/sim.py", line 148, in <module>
    main()
  File "/home/himanshu/Backup/Cactus/repos/simfactory2/bin/../lib/sim.py", line 144, in main
    CommandDispatch()
  File "/home/himanshu/Backup/Cactus/repos/simfactory2/bin/../lib/sim.py", line 106, in CommandDispatch
    module.main()
  File "/home/himanshu/Backup/Cactus/repos/simfactory2/lib/sim-manage.py", line 397, in main
Traceback (most recent call last):
  File "/home/himanshu/Backup/Cactus/repos/simfactory2/bin/../lib/sim.py", line 148, in <module>
    main()
    CommandDispatch()
  File "/home/himanshu/Backup/Cactus/repos/simfactory2/bin/../lib/sim.py", line 144, in main
  File "/home/himanshu/Backup/Cactus/repos/simfactory2/lib/sim-manage.py", line 376, in CommandDispatch
    CommandDispatch()
  File "/home/himanshu/Backup/Cactus/repos/simfactory2/bin/../lib/sim.py", line 106, in CommandDispatch
    exec("command_%s()" % command)
  File "<string>", line 1, in <module>
    module.main()
  File "/home/himanshu/Backup/Cactus/repos/simfactory2/lib/sim-manage.py", line 397, in main
  File "/home/himanshu/Backup/Cactus/repos/simfactory2/lib/sim-manage.py", line 218, in command_run
    CommandDispatch()
    restart.submitRun(simulationName, restart_id)
  File "/home/himanshu/Backup/Cactus/repos/simfactory2/lib/sim-manage.py", line 376, in CommandDispatch
  File "/home/himanshu/Backup/Cactus/repos/simfactory2/lib/simrestart.py", line 982, in submitRun
    exec("command_%s()" % command)
  File "<string>", line 1, in <module>
  File "/home/himanshu/Backup/Cactus/repos/simfactory2/lib/sim-manage.py", line 218, in command_run
    self.run()
  File "/home/himanshu/Backup/Cactus/repos/simfactory2/lib/simrestart.py", line 1000, in run
    restart.submitRun(simulationName, restart_id)
  File "/home/himanshu/Backup/Cactus/repos/simfactory2/lib/simrestart.py", line 982, in submitRun
    testsuite = self.Properties.testsuite == "True"
AttributeError: SimProperties instance has no attribute 'testsuite'
    self.run()
  File "/home/himanshu/Backup/Cactus/repos/simfactory2/lib/simrestart.py", line 1000, in run
    testsuite = self.Properties.testsuite == "True"
AttributeError: SimProperties instance has no attribute 'testsuite'
+ set -e
+ cd /home/himanshu/simulations/test_13/output-0000-active
+ echo Checking:
+ pwd
+ hostname
Traceback (most recent call last):
  File "/home/himanshu/Backup/Cactus/repos/simfactory2/bin/../lib/sim.py", line 148, in <module>
Traceback (most recent call last):
  File "/home/himanshu/Backup/Cactus/repos/simfactory2/bin/../lib/sim.py", line 148, in <module>
    main()
  File "/home/himanshu/Backup/Cactus/repos/simfactory2/bin/../lib/sim.py", line 144, in main
    main()
  File "/home/himanshu/Backup/Cactus/repos/simfactory2/bin/../lib/sim.py", line 144, in main
    CommandDispatch()
  File "/home/himanshu/Backup/Cactus/repos/simfactory2/bin/../lib/sim.py", line 106, in CommandDispatch
    CommandDispatch()
  File "/home/himanshu/Backup/Cactus/repos/simfactory2/bin/../lib/sim.py", line 106, in CommandDispatch
    module.main()
  File "/home/himanshu/Backup/Cactus/repos/simfactory2/lib/sim-manage.py", line 397, in main
    module.main()
    CommandDispatch()
  File "/home/himanshu/Backup/Cactus/repos/simfactory2/lib/sim-manage.py", line 397, in main
  File "/home/himanshu/Backup/Cactus/repos/simfactory2/lib/sim-manage.py", line 376, in CommandDispatch
    CommandDispatch()
  File "/home/himanshu/Backup/Cactus/repos/simfactory2/lib/sim-manage.py", line 376, in CommandDispatch
    exec("command_%s()" % command)
  File "<string>", line 1, in <module>
  File "/home/himanshu/Backup/Cactus/repos/simfactory2/lib/sim-manage.py", line 218, in command_run
    exec("command_%s()" % command)
  File "<string>", line 1, in <module>
    restart.submitRun(simulationName, restart_id)
  File "/home/himanshu/Backup/Cactus/repos/simfactory2/lib/simrestart.py", line 982, in submitRun
  File "/home/himanshu/Backup/Cactus/repos/simfactory2/lib/sim-manage.py", line 218, in command_run
    restart.submitRun(simulationName, restart_id)
  File "/home/himanshu/Backup/Cactus/repos/simfactory2/lib/simrestart.py", line 982, in submitRun
    self.run()
  File "/home/himanshu/Backup/Cactus/repos/simfactory2/lib/simrestart.py", line 1000, in run
    self.run()
  File "/home/himanshu/Backup/Cactus/repos/simfactory2/lib/simrestart.py", line 1000, in run
    testsuite = self.Properties.testsuite == "True"
AttributeError: SimProperties instance has no attribute 'testsuite'
    testsuite = self.Properties.testsuite == "True"
AttributeError: SimProperties instance has no attribute 'testsuite'
+ date
Traceback (most recent call last):
  File "/home/himanshu/Backup/Cactus/repos/simfactory2/bin/../lib/sim.py", line 148, in <module>
    main()
  File "/home/himanshu/Backup/Cactus/repos/simfactory2/bin/../lib/sim.py", line 144, in main
    CommandDispatch()
  File "/home/himanshu/Backup/Cactus/repos/simfactory2/bin/../lib/sim.py", line 106, in CommandDispatch
    module.main()
  File "/home/himanshu/Backup/Cactus/repos/simfactory2/lib/sim-manage.py", line 397, in main
    CommandDispatch()
  File "/home/himanshu/Backup/Cactus/repos/simfactory2/lib/sim-manage.py", line 376, in CommandDispatch
    exec("command_%s()" % command)
  File "<string>", line 1, in <module>
  File "/home/himanshu/Backup/Cactus/repos/simfactory2/lib/sim-manage.py", line 218, in command_run
    restart.submitRun(simulationName, restart_id)
  File "/home/himanshu/Backup/Cactus/repos/simfactory2/lib/simrestart.py", line 982, in submitRun
    self.run()
  File "/home/himanshu/Backup/Cactus/repos/simfactory2/lib/simrestart.py", line 1000, in run
    testsuite = self.Properties.testsuite == "True"
AttributeError: SimProperties instance has no attribute 'testsuite'
Traceback (most recent call last):
  File "/home/himanshu/Backup/Cactus/repos/simfactory2/bin/../lib/sim.py", line 148, in <module>
    main()
  File "/home/himanshu/Backup/Cactus/repos/simfactory2/bin/../lib/sim.py", line 144, in main
    CommandDispatch()
  File "/home/himanshu/Backup/Cactus/repos/simfactory2/bin/../lib/sim.py", line 106, in CommandDispatch
    module.main()
  File "/home/himanshu/Backup/Cactus/repos/simfactory2/lib/sim-manage.py", line 397, in main
    CommandDispatch()
  File "/home/himanshu/Backup/Cactus/repos/simfactory2/lib/sim-manage.py", line 376, in CommandDispatch
    exec("command_%s()" % command)
  File "<string>", line 1, in <module>
  File "/home/himanshu/Backup/Cactus/repos/simfactory2/lib/sim-manage.py", line 218, in command_run
    restart.submitRun(simulationName, restart_id)
  File "/home/himanshu/Backup/Cactus/repos/simfactory2/lib/simrestart.py", line 982, in submitRun
    self.run()
  File "/home/himanshu/Backup/Cactus/repos/simfactory2/lib/simrestart.py", line 1000, in run
    testsuite = self.Properties.testsuite == "True"
AttributeError: SimProperties instance has no attribute 'testsuite'
Traceback (most recent call last):
  File "/home/himanshu/Backup/Cactus/repos/simfactory2/bin/../lib/sim.py", line 148, in <module>
    main()
Traceback (most recent call last):
  File "/home/himanshu/Backup/Cactus/repos/simfactory2/bin/../lib/sim.py", line 148, in <module>
  File "/home/himanshu/Backup/Cactus/repos/simfactory2/bin/../lib/sim.py", line 144, in main
    CommandDispatch()
  File "/home/himanshu/Backup/Cactus/repos/simfactory2/bin/../lib/sim.py", line 106, in CommandDispatch
    main()
  File "/home/himanshu/Backup/Cactus/repos/simfactory2/bin/../lib/sim.py", line 144, in main
    module.main()
    CommandDispatch()
  File "/home/himanshu/Backup/Cactus/repos/simfactory2/lib/sim-manage.py", line 397, in main
  File "/home/himanshu/Backup/Cactus/repos/simfactory2/bin/../lib/sim.py", line 106, in CommandDispatch
    module.main()
    CommandDispatch()
  File "/home/himanshu/Backup/Cactus/repos/simfactory2/lib/sim-manage.py", line 397, in main
  File "/home/himanshu/Backup/Cactus/repos/simfactory2/lib/sim-manage.py", line 376, in CommandDispatch
    CommandDispatch()
  File "/home/himanshu/Backup/Cactus/repos/simfactory2/lib/sim-manage.py", line 376, in CommandDispatch
    exec("command_%s()" % command)
  File "<string>", line 1, in <module>
  File "/home/himanshu/Backup/Cactus/repos/simfactory2/lib/sim-manage.py", line 218, in command_run
    exec("command_%s()" % command)
  File "<string>", line 1, in <module>
    restart.submitRun(simulationName, restart_id)
  File "/home/himanshu/Backup/Cactus/repos/simfactory2/lib/simrestart.py", line 982, in submitRun
  File "/home/himanshu/Backup/Cactus/repos/simfactory2/lib/sim-manage.py", line 218, in command_run
+ set -e
+ cd /home/himanshu/simulations/test_13/output-0000-active
    restart.submitRun(simulationName, restart_id)
  File "/home/himanshu/Backup/Cactus/repos/simfactory2/lib/simrestart.py", line 982, in submitRun
+ echo Checking:
+ pwd
+ hostname
    self.run()
  File "/home/himanshu/Backup/Cactus/repos/simfactory2/lib/simrestart.py", line 1000, in run
    self.run()
  File "/home/himanshu/Backup/Cactus/repos/simfactory2/lib/simrestart.py", line 1000, in run
    testsuite = self.Properties.testsuite == "True"
AttributeError: SimProperties instance has no attribute 'testsuite'
    testsuite = self.Properties.testsuite == "True"
AttributeError: SimProperties instance has no attribute 'testsuite'
Traceback (most recent call last):
  File "/home/himanshu/Backup/Cactus/repos/simfactory2/bin/../lib/sim.py", line 148, in <module>
    main()
  File "/home/himanshu/Backup/Cactus/repos/simfactory2/bin/../lib/sim.py", line 144, in main
    CommandDispatch()
  File "/home/himanshu/Backup/Cactus/repos/simfactory2/bin/../lib/sim.py", line 106, in CommandDispatch
    module.main()
  File "/home/himanshu/Backup/Cactus/repos/simfactory2/lib/sim-manage.py", line 397, in main
    CommandDispatch()
  File "/home/himanshu/Backup/Cactus/repos/simfactory2/lib/sim-manage.py", line 376, in CommandDispatch
    exec("command_%s()" % command)
  File "<string>", line 1, in <module>
  File "/home/himanshu/Backup/Cactus/repos/simfactory2/lib/sim-manage.py", line 218, in command_run
    restart.submitRun(simulationName, restart_id)
  File "/home/himanshu/Backup/Cactus/repos/simfactory2/lib/simrestart.py", line 982, in submitRun
    self.run()
  File "/home/himanshu/Backup/Cactus/repos/simfactory2/lib/simrestart.py", line 1000, in run
    testsuite = self.Properties.testsuite == "True"
AttributeError: SimProperties instance has no attribute 'testsuite'
+ date
+ set -e
+ cd /home/himanshu/simulations/test_13/output-0000-active
+ echo Checking:
+ pwd
+ hostname
Traceback (most recent call last):
  File "/home/himanshu/Backup/Cactus/repos/simfactory2/bin/../lib/sim.py", line 148, in <module>
    main()
Traceback (most recent call last):
  File "/home/himanshu/Backup/Cactus/repos/simfactory2/bin/../lib/sim.py", line 148, in <module>
  File "/home/himanshu/Backup/Cactus/repos/simfactory2/bin/../lib/sim.py", line 144, in main
    CommandDispatch()
    main()
  File "/home/himanshu/Backup/Cactus/repos/simfactory2/bin/../lib/sim.py", line 106, in CommandDispatch
  File "/home/himanshu/Backup/Cactus/repos/simfactory2/bin/../lib/sim.py", line 144, in main
    module.main()
  File "/home/himanshu/Backup/Cactus/repos/simfactory2/lib/sim-manage.py", line 397, in main
    CommandDispatch()
  File "/home/himanshu/Backup/Cactus/repos/simfactory2/bin/../lib/sim.py", line 106, in CommandDispatch
    CommandDispatch()
  File "/home/himanshu/Backup/Cactus/repos/simfactory2/lib/sim-manage.py", line 376, in CommandDispatch
    module.main()
  File "/home/himanshu/Backup/Cactus/repos/simfactory2/lib/sim-manage.py", line 397, in main
    exec("command_%s()" % command)
  File "<string>", line 1, in <module>
    CommandDispatch()
  File "/home/himanshu/Backup/Cactus/repos/simfactory2/lib/sim-manage.py", line 218, in command_run
  File "/home/himanshu/Backup/Cactus/repos/simfactory2/lib/sim-manage.py", line 376, in CommandDispatch
    restart.submitRun(simulationName, restart_id)
  File "/home/himanshu/Backup/Cactus/repos/simfactory2/lib/simrestart.py", line 982, in submitRun
    exec("command_%s()" % command)
  File "<string>", line 1, in <module>
  File "/home/himanshu/Backup/Cactus/repos/simfactory2/lib/sim-manage.py", line 218, in command_run
    self.run()
  File "/home/himanshu/Backup/Cactus/repos/simfactory2/lib/simrestart.py", line 1000, in run
    restart.submitRun(simulationName, restart_id)
  File "/home/himanshu/Backup/Cactus/repos/simfactory2/lib/simrestart.py", line 982, in submitRun
    testsuite = self.Properties.testsuite == "True"
AttributeError: SimProperties instance has no attribute 'testsuite'
    self.run()
  File "/home/himanshu/Backup/Cactus/repos/simfactory2/lib/simrestart.py", line 1000, in run
    testsuite = self.Properties.testsuite == "True"
AttributeError: SimProperties instance has no attribute 'testsuite'
Traceback (most recent call last):
  File "/home/himanshu/Backup/Cactus/repos/simfactory2/bin/../lib/sim.py", line 148, in <module>
Traceback (most recent call last):
  File "/home/himanshu/Backup/Cactus/repos/simfactory2/bin/../lib/sim.py", line 148, in <module>
    main()
    main()
  File "/home/himanshu/Backup/Cactus/repos/simfactory2/bin/../lib/sim.py", line 144, in main
  File "/home/himanshu/Backup/Cactus/repos/simfactory2/bin/../lib/sim.py", line 144, in main
    CommandDispatch()
  File "/home/himanshu/Backup/Cactus/repos/simfactory2/bin/../lib/sim.py", line 106, in CommandDispatch
    CommandDispatch()
  File "/home/himanshu/Backup/Cactus/repos/simfactory2/bin/../lib/sim.py", line 106, in CommandDispatch
    module.main()
  File "/home/himanshu/Backup/Cactus/repos/simfactory2/lib/sim-manage.py", line 397, in main
    module.main()
  File "/home/himanshu/Backup/Cactus/repos/simfactory2/lib/sim-manage.py", line 397, in main
    CommandDispatch()
  File "/home/himanshu/Backup/Cactus/repos/simfactory2/lib/sim-manage.py", line 376, in CommandDispatch
    CommandDispatch()
  File "/home/himanshu/Backup/Cactus/repos/simfactory2/lib/sim-manage.py", line 376, in CommandDispatch
    exec("command_%s()" % command)
  File "<string>", line 1, in <module>
    exec("command_%s()" % command)
  File "<string>", line 1, in <module>
  File "/home/himanshu/Backup/Cactus/repos/simfactory2/lib/sim-manage.py", line 218, in command_run
  File "/home/himanshu/Backup/Cactus/repos/simfactory2/lib/sim-manage.py", line 218, in command_run
    restart.submitRun(simulationName, restart_id)
  File "/home/himanshu/Backup/Cactus/repos/simfactory2/lib/simrestart.py", line 982, in submitRun
    restart.submitRun(simulationName, restart_id)
  File "/home/himanshu/Backup/Cactus/repos/simfactory2/lib/simrestart.py", line 982, in submitRun
    self.run()
  File "/home/himanshu/Backup/Cactus/repos/simfactory2/lib/simrestart.py", line 1000, in run
    self.run()
  File "/home/himanshu/Backup/Cactus/repos/simfactory2/lib/simrestart.py", line 1000, in run
    testsuite = self.Properties.testsuite == "True"
AttributeError: SimProperties instance has no attribute 'testsuite'
    testsuite = self.Properties.testsuite == "True"
AttributeError: SimProperties instance has no attribute 'testsuite'
+ set -e
+ cd /home/himanshu/simulations/test_13/output-0000-active
+ echo Checking:
+ pwd
+ hostname
Traceback (most recent call last):
  File "/home/himanshu/Backup/Cactus/repos/simfactory2/bin/../lib/sim.py", line 148, in <module>
    main()
  File "/home/himanshu/Backup/Cactus/repos/simfactory2/bin/../lib/sim.py", line 144, in main
    CommandDispatch()
  File "/home/himanshu/Backup/Cactus/repos/simfactory2/bin/../lib/sim.py", line 106, in CommandDispatch
    module.main()
  File "/home/himanshu/Backup/Cactus/repos/simfactory2/lib/sim-manage.py", line 397, in main
    CommandDispatch()
  File "/home/himanshu/Backup/Cactus/repos/simfactory2/lib/sim-manage.py", line 376, in CommandDispatch
    exec("command_%s()" % command)
  File "<string>", line 1, in <module>
  File "/home/himanshu/Backup/Cactus/repos/simfactory2/lib/sim-manage.py", line 218, in command_run
    restart.submitRun(simulationName, restart_id)
  File "/home/himanshu/Backup/Cactus/repos/simfactory2/lib/simrestart.py", line 982, in submitRun
    self.run()
  File "/home/himanshu/Backup/Cactus/repos/simfactory2/lib/simrestart.py", line 1000, in run
    testsuite = self.Properties.testsuite == "True"
AttributeError: SimProperties instance has no attribute 'testsuite'
Traceback (most recent call last):
  File "/home/himanshu/Backup/Cactus/repos/simfactory2/bin/../lib/sim.py", line 148, in <module>
    main()
  File "/home/himanshu/Backup/Cactus/repos/simfactory2/bin/../lib/sim.py", line 144, in main
    CommandDispatch()
  File "/home/himanshu/Backup/Cactus/repos/simfactory2/bin/../lib/sim.py", line 106, in CommandDispatch
    module.main()
  File "/home/himanshu/Backup/Cactus/repos/simfactory2/lib/sim-manage.py", line 397, in main
    CommandDispatch()
  File "/home/himanshu/Backup/Cactus/repos/simfactory2/lib/sim-manage.py", line 376, in CommandDispatch
    exec("command_%s()" % command)
  File "<string>", line 1, in <module>
  File "/home/himanshu/Backup/Cactus/repos/simfactory2/lib/sim-manage.py", line 218, in command_run
    restart.submitRun(simulationName, restart_id)
  File "/home/himanshu/Backup/Cactus/repos/simfactory2/lib/simrestart.py", line 982, in submitRun
    self.run()
  File "/home/himanshu/Backup/Cactus/repos/simfactory2/lib/simrestart.py", line 1000, in run
    testsuite = self.Properties.testsuite == "True"
AttributeError: SimProperties instance has no attribute 'testsuite'
Traceback (most recent call last):
  File "/home/himanshu/Backup/Cactus/repos/simfactory2/bin/../lib/sim.py", line 148, in <module>
    main()
  File "/home/himanshu/Backup/Cactus/repos/simfactory2/bin/../lib/sim.py", line 144, in main
    CommandDispatch()
  File "/home/himanshu/Backup/Cactus/repos/simfactory2/bin/../lib/sim.py", line 106, in CommandDispatch
    module.main()
  File "/home/himanshu/Backup/Cactus/repos/simfactory2/lib/sim-manage.py", line 397, in main
    CommandDispatch()
  File "/home/himanshu/Backup/Cactus/repos/simfactory2/lib/sim-manage.py", line 376, in CommandDispatch
    exec("command_%s()" % command)
  File "<string>", line 1, in <module>
  File "/home/himanshu/Backup/Cactus/repos/simfactory2/lib/sim-manage.py", line 218, in command_run
    restart.submitRun(simulationName, restart_id)
  File "/home/himanshu/Backup/Cactus/repos/simfactory2/lib/simrestart.py", line 982, in submitRun
    self.run()
  File "/home/himanshu/Backup/Cactus/repos/simfactory2/lib/simrestart.py", line 1000, in run
    testsuite = self.Properties.testsuite == "True"
AttributeError: SimProperties instance has no attribute 'testsuite'
+ set -e
+ cd /home/himanshu/simulations/test_13/output-0000-active
+ echo Checking:
+ pwd
+ hostname
+ date
+ cat /home/himanshu/Backup/Cactus/datanodes
+ cat /home/himanshu/Backup/Cactus/datanodes
+ date
+ set -e
+ cd /home/himanshu/simulations/test_13/output-0000-active
+ echo Checking:
+ pwd
+ hostname
+ set -e
+ cd /home/himanshu/simulations/test_13/output-0000-active
+ echo Checking:
+ pwd
+ hostname
+ date
+ echo Environment:
+ export CACTUS_NUM_PROCS=60
+ CACTUS_NUM_PROCS=60
+ export CACTUS_NUM_THREADS=1
+ CACTUS_NUM_THREADS=1
+ export GMON_OUT_PREFIX=gmon.out
+ GMON_OUT_PREFIX=gmon.out
+ export OMP_NUM_THREADS=1
+ OMP_NUM_THREADS=1
+ cat /home/himanshu/Backup/Cactus/datanodes
+ env
+ sort
+ set -e
+ cd /home/himanshu/simulations/test_13/output-0000-active
+ echo Checking:
+ pwd
+ hostname
+ set -e
+ cd /home/himanshu/simulations/test_13/output-0000-active
+ echo Checking:
+ pwd
+ hostname
+ set -e
+ cd /home/himanshu/simulations/test_13/output-0000-active
+ echo Checking:
+ pwd
+ hostname
+ date
+ cat /home/himanshu/Backup/Cactus/datanodes
+ echo Environment:
+ export CACTUS_NUM_PROCS=60
+ CACTUS_NUM_PROCS=60
+ export CACTUS_NUM_THREADS=1
+ CACTUS_NUM_THREADS=1
+ export GMON_OUT_PREFIX=gmon.out
+ GMON_OUT_PREFIX=gmon.out
+ export OMP_NUM_THREADS=1
+ OMP_NUM_THREADS=1
+ sort
+ env
+ set -e
+ cd /home/himanshu/simulations/test_13/output-0000-active
+ echo Checking:
+ pwd
+ hostname
+ date
+ cat /home/himanshu/Backup/Cactus/datanodes
+ set -e
+ cd /home/himanshu/simulations/test_13/output-0000-active
+ echo Checking:
+ pwd
+ hostname
+ date
+ date
+ echo 'Starting: ModernFamily'
++ date +%s
+ echo Environment:
+ export CACTUS_STARTTIME=1456837199
+ CACTUS_STARTTIME=1456837199
+ export CACTUS_NUM_PROCS=60
+ CACTUS_NUM_PROCS=60
+ export CACTUS_NUM_THREADS=1
+ CACTUS_NUM_THREADS=1
+ cat /home/himanshu/Backup/Cactus/datanodes
+ export GMON_OUT_PREFIX=gmon.out
+ GMON_OUT_PREFIX=gmon.out
+ export OMP_NUM_THREADS=1
+ OMP_NUM_THREADS=1
+ mpirun -np 60 -hostfile /home/himanshu/Backup/Cactus/datanodes /home/himanshu/simulations/test_13/SIMFACTORY/exe/cactus_sim -L 3 /home/himanshu/simulations/test_13/output-0000/gaussian.par
+ env
+ sort
[proxy:0:0@cn01] HYDU_create_process (./utils/launch/launch.c:36): dup2 error (Bad file descriptor)
[proxy:0:0@cn01] launch_procs (./pm/pmiserv/pmip_cb.c:751): create process returned error
[proxy:0:0@cn01] HYD_pmcd_pmip_control_cmd_cb (./pm/pmiserv/pmip_cb.c:935): launch_procs returned error
[proxy:0:0@cn01] HYDT_dmxu_poll_wait_for_event (./tools/demux/demux_poll.c:77): callback returned error status
[proxy:0:0@cn01] main (./pm/pmiserv/pmip.c:226): demux engine error waiting for event
[proxy:0:0@cn01] HYD_pmcd_pmip_control_cmd_cb (./pm/pmiserv/pmip_cb.c:981): assert (!closed) failed
[proxy:0:0@cn01] HYDT_dmxu_poll_wait_for_event (./tools/demux/demux_poll.c:77): callback returned error status
[proxy:0:0@cn01] main (./pm/pmiserv/pmip.c:226): demux engine error waiting for event
[mpiexec@cn01] control_cb (./pm/pmiserv/pmiserv_cb.c:215): assert (!closed) failed
[mpiexec@cn01] HYDT_dmxu_poll_wait_for_event (./tools/demux/demux_poll.c:77): callback returned error status
[mpiexec@cn01] HYD_pmci_wait_for_completion (./pm/pmiserv/pmiserv_pmci.c:181): error waiting for event
[mpiexec@cn01] main (./ui/mpich/mpiexec.c:405): process manager error waiting for completion
+ cat /home/himanshu/Backup/Cactus/datanodes
bash: /home/himanshu/simulations/test_13/output-0000/SIMFACTORY/RunScript: /bin/bash: bad interpreter: Text file busy
+ set -e
+ cd /home/himanshu/simulations/test_13/output-0000-active
+ echo Checking:
+ pwd
+ hostname
+ echo Environment:
+ export CACTUS_NUM_PROCS=60
+ CACTUS_NUM_PROCS=60
+ export CACTUS_NUM_THREADS=1
+ CACTUS_NUM_THREADS=1
+ export GMON_OUT_PREFIX=gmon.out
+ GMON_OUT_PREFIX=gmon.out
+ export OMP_NUM_THREADS=1
+ OMP_NUM_THREADS=1
+ env
+ sort
+ echo 'Starting: ModernFamily'
+ echo Environment:
++ date +%s
+ export CACTUS_NUM_PROCS=60
+ CACTUS_NUM_PROCS=60
+ export CACTUS_NUM_THREADS=1
+ CACTUS_NUM_THREADS=1
+ export GMON_OUT_PREFIX=gmon.out
+ GMON_OUT_PREFIX=gmon.out
+ export OMP_NUM_THREADS=1
+ OMP_NUM_THREADS=1
+ env
+ echo Environment:
+ export CACTUS_NUM_PROCS=60
+ CACTUS_NUM_PROCS=60
+ export CACTUS_NUM_THREADS=1
+ CACTUS_NUM_THREADS=1
+ export GMON_OUT_PREFIX=gmon.out
+ GMON_OUT_PREFIX=gmon.out
+ export OMP_NUM_THREADS=1
+ OMP_NUM_THREADS=1
+ env
+ sort
+ date
+ date
+ sort
+ echo 'Starting: ModernFamily'
+ echo Environment:
+ export CACTUS_NUM_PROCS=60
+ CACTUS_NUM_PROCS=60
+ export CACTUS_NUM_THREADS=1
+ CACTUS_NUM_THREADS=1
+ export GMON_OUT_PREFIX=gmon.out
+ GMON_OUT_PREFIX=gmon.out
+ export OMP_NUM_THREADS=1
+ OMP_NUM_THREADS=1
+ date
+ cat /home/himanshu/Backup/Cactus/datanodes
++ date +%s
+ env
+ export CACTUS_STARTTIME=1456837199
+ CACTUS_STARTTIME=1456837199
+ mpirun -np 60 -hostfile /home/himanshu/Backup/Cactus/datanodes /home/himanshu/simulations/test_13/SIMFACTORY/exe/cactus_sim -L 3 /home/himanshu/simulations/test_13/output-0000/gaussian.par
+ set -e
+ cd /home/himanshu/simulations/test_13/output-0000-active
+ echo Checking:
+ pwd
+ hostname
+ set -e
+ cd /home/himanshu/simulations/test_13/output-0000-active
+ echo Checking:
+ pwd
+ hostname
[proxy:0:0@cn01] HYDU_create_process (./utils/launch/launch.c:36): dup2 error (Bad file descriptor)
[proxy:0:0@cn01] launch_procs (./pm/pmiserv/pmip_cb.c:751): create process returned error
[proxy:0:0@cn01] HYD_pmcd_pmip_control_cmd_cb (./pm/pmiserv/pmip_cb.c:935): launch_procs returned error
[proxy:0:0@cn01] HYDT_dmxu_poll_wait_for_event (./tools/demux/demux_poll.c:77): callback returned error status
[proxy:0:0@cn01] main (./pm/pmiserv/pmip.c:226): demux engine error waiting for event
[proxy:0:0@cn01] HYD_pmcd_pmip_control_cmd_cb (./pm/pmiserv/pmip_cb.c:981): assert (!closed) failed
[proxy:0:0@cn01] HYDT_dmxu_poll_wait_for_event (./tools/demux/demux_poll.c:77): callback returned error status
[proxy:0:0@cn01] main (./pm/pmiserv/pmip.c:226): demux engine error waiting for event
[mpiexec@cn01] control_cb (./pm/pmiserv/pmiserv_cb.c:215): assert (!closed) failed
[mpiexec@cn01] HYDT_dmxu_poll_wait_for_event (./tools/demux/demux_poll.c:77): callback returned error status
[mpiexec@cn01] HYD_pmci_wait_for_completion (./pm/pmiserv/pmiserv_pmci.c:181): error waiting for event
[mpiexec@cn01] main (./ui/mpich/mpiexec.c:405): process manager error waiting for completion
+ date
+ sort
+ cat /home/himanshu/Backup/Cactus/datanodes
+ cat /home/himanshu/Backup/Cactus/datanodes
+ export CACTUS_STARTTIME=1456837199
+ CACTUS_STARTTIME=1456837199
+ date
+ echo 'Starting: ModernFamily'
+ cat /home/himanshu/Backup/Cactus/datanodes
+ cat /home/himanshu/Backup/Cactus/datanodes
+ mpirun -np 60 -hostfile /home/himanshu/Backup/Cactus/datanodes /home/himanshu/simulations/test_13/SIMFACTORY/exe/cactus_sim -L 3 /home/himanshu/simulations/test_13/output-0000/gaussian.par
++ date +%s
+ export CACTUS_STARTTIME=1456837199
+ CACTUS_STARTTIME=1456837199
+ mpirun -np 60 -hostfile /home/himanshu/Backup/Cactus/datanodes /home/himanshu/simulations/test_13/SIMFACTORY/exe/cactus_sim -L 3 /home/himanshu/simulations/test_13/output-0000/gaussian.par
[proxy:0:0@cn01] HYDU_create_process (./utils/launch/launch.c:36): dup2 error (Bad file descriptor)
[proxy:0:0@cn01] launch_procs (./pm/pmiserv/pmip_cb.c:751): create process returned error
[proxy:0:0@cn01] HYD_pmcd_pmip_control_cmd_cb (./pm/pmiserv/pmip_cb.c:935): launch_procs returned error
[proxy:0:0@cn01] HYDT_dmxu_poll_wait_for_event (./tools/demux/demux_poll.c:77): callback returned error status
[proxy:0:0@cn01] main (./pm/pmiserv/pmip.c:226): demux engine error waiting for event
[proxy:0:0@cn01] HYD_pmcd_pmip_control_cmd_cb (./pm/pmiserv/pmip_cb.c:981): assert (!closed) failed
[proxy:0:0@cn01] HYDT_dmxu_poll_wait_for_event (./tools/demux/demux_poll.c:77): callback returned error status
[proxy:0:0@cn01] main (./pm/pmiserv/pmip.c:226): demux engine error waiting for event
[mpiexec@cn01] control_cb (./pm/pmiserv/pmiserv_cb.c:215): assert (!closed) failed
[mpiexec@cn01] HYDT_dmxu_poll_wait_for_event (./tools/demux/demux_poll.c:77): callback returned error status
[mpiexec@cn01] HYD_pmci_wait_for_completion (./pm/pmiserv/pmiserv_pmci.c:181): error waiting for event
[mpiexec@cn01] main (./ui/mpich/mpiexec.c:405): process manager error waiting for completion
+ echo Environment:
+ export CACTUS_NUM_PROCS=60
+ CACTUS_NUM_PROCS=60
+ export CACTUS_NUM_THREADS=1
+ CACTUS_NUM_THREADS=1
+ export GMON_OUT_PREFIX=gmon.out
+ GMON_OUT_PREFIX=gmon.out
+ export OMP_NUM_THREADS=1
+ OMP_NUM_THREADS=1
+ env
+ sort
Warning: Permanently added 'cn03,172.22.2.233' (RSA) to the list of known hosts.
Warning: Permanently added 'cn01,172.22.2.231' (RSA) to the list of known hosts.
+ echo 'Starting: ModernFamily'
++ date +%s
+ export CACTUS_STARTTIME=1456837200
+ CACTUS_STARTTIME=1456837200
+ mpirun -np 60 -hostfile /home/himanshu/Backup/Cactus/datanodes /home/himanshu/simulations/test_13/SIMFACTORY/exe/cactus_sim -L 3 /home/himanshu/simulations/test_13/output-0000/gaussian.par
[proxy:0:0@cn01] HYDU_create_process (./utils/launch/launch.c:36): dup2 error (Bad file descriptor)
[proxy:0:0@cn01] launch_procs (./pm/pmiserv/pmip_cb.c:751): create process returned error
[proxy:0:0@cn01] HYD_pmcd_pmip_control_cmd_cb (./pm/pmiserv/pmip_cb.c:935): launch_procs returned error
[proxy:0:0@cn01] HYDT_dmxu_poll_wait_for_event (./tools/demux/demux_poll.c:77): callback returned error status
[proxy:0:0@cn01] main (./pm/pmiserv/pmip.c:226): demux engine error waiting for event
[proxy:0:0@cn01] HYD_pmcd_pmip_control_cmd_cb (./pm/pmiserv/pmip_cb.c:981): assert (!closed) failed
[proxy:0:0@cn01] HYDT_dmxu_poll_wait_for_event (./tools/demux/demux_poll.c:77): callback returned error status
[proxy:0:0@cn01] main (./pm/pmiserv/pmip.c:226): demux engine error waiting for event
[mpiexec@cn01] control_cb (./pm/pmiserv/pmiserv_cb.c:215): assert (!closed) failed
[mpiexec@cn01] HYDT_dmxu_poll_wait_for_event (./tools/demux/demux_poll.c:77): callback returned error status
[mpiexec@cn01] HYD_pmci_wait_for_completion (./pm/pmiserv/pmiserv_pmci.c:181): error waiting for event
[mpiexec@cn01] main (./ui/mpich/mpiexec.c:405): process manager error waiting for completion
+ echo 'Starting: ModernFamily'
bash: /home/himanshu/simulations/test_13/output-0000/SIMFACTORY/RunScript: Text file busy
++ date +%s
+ export CACTUS_STARTTIME=1456837200
+ CACTUS_STARTTIME=1456837200
+ mpirun -np 60 -hostfile /home/himanshu/Backup/Cactus/datanodes /home/himanshu/simulations/test_13/SIMFACTORY/exe/cactus_sim -L 3 /home/himanshu/simulations/test_13/output-0000/gaussian.par
Warning: Permanently added 'cn01,172.22.2.231' (RSA) to the list of known hosts.
Warning: Permanently added 'cn02,172.22.2.232' (RSA) to the list of known hosts.
+ echo 'Starting: ModernFamily'
++ date +%s
+ export CACTUS_STARTTIME=1456837200
+ CACTUS_STARTTIME=1456837200
+ mpirun -np 60 -hostfile /home/himanshu/Backup/Cactus/datanodes /home/himanshu/simulations/test_13/SIMFACTORY/exe/cactus_sim -L 3 /home/himanshu/simulations/test_13/output-0000/gaussian.par
bash: /home/himanshu/simulations/test_13/output-0000/SIMFACTORY/RunScript: /bin/bash: bad interpreter: Text file busy
+ echo Environment:
+ echo Environment:
+ export CACTUS_NUM_PROCS=60
+ CACTUS_NUM_PROCS=60
+ export CACTUS_NUM_PROCS=60
+ CACTUS_NUM_PROCS=60
+ export CACTUS_NUM_THREADS=1
+ CACTUS_NUM_THREADS=1
+ echo Environment:
+ export CACTUS_NUM_PROCS=60
+ CACTUS_NUM_PROCS=60
+ export CACTUS_NUM_THREADS=1
+ export CACTUS_NUM_THREADS=1
+ CACTUS_NUM_THREADS=1
+ export GMON_OUT_PREFIX=gmon.out
+ GMON_OUT_PREFIX=gmon.out
+ export GMON_OUT_PREFIX=gmon.out
+ GMON_OUT_PREFIX=gmon.out
+ CACTUS_NUM_THREADS=1
+ export GMON_OUT_PREFIX=gmon.out
+ GMON_OUT_PREFIX=gmon.out
+ export OMP_NUM_THREADS=1
+ OMP_NUM_THREADS=1
+ export OMP_NUM_THREADS=1
+ OMP_NUM_THREADS=1
+ export OMP_NUM_THREADS=1
+ OMP_NUM_THREADS=1
+ env
+ env
+ env
+ sort
+ sort
+ sort
bash: /home/himanshu/simulations/test_13/output-0000/SIMFACTORY/RunScript: Text file busy
/home/himanshu/simulations/test_13/SIMFACTORY/exe/cactus_sim: error while loading shared libraries: libhdf5hl_fortran.so.7: cannot open shared object file: No such file or directory
/home/himanshu/simulations/test_13/SIMFACTORY/exe/cactus_sim: error while loading shared libraries: libhdf5hl_fortran.so.7: cannot open shared object file: No such file or directory
/home/himanshu/simulations/test_13/SIMFACTORY/exe/cactus_sim: error while loading shared libraries: libhdf5hl_fortran.so.7: cannot open shared object file: No such file or directory
/home/himanshu/simulations/test_13/SIMFACTORY/exe/cactus_sim: error while loading shared libraries: libhdf5hl_fortran.so.7: cannot open shared object file: No such file or directory
/home/himanshu/simulations/test_13/SIMFACTORY/exe/cactus_sim: error while loading shared libraries: libhdf5hl_fortran.so.7: cannot open shared object file: No such file or directory
/home/himanshu/simulations/test_13/SIMFACTORY/exe/cactus_sim: error while loading shared libraries: libhdf5hl_fortran.so.7: cannot open shared object file: No such file or directory
/home/himanshu/simulations/test_13/SIMFACTORY/exe/cactus_sim: error while loading shared libraries: libhdf5hl_fortran.so.7: cannot open shared object file: No such file or directory
/home/himanshu/simulations/test_13/SIMFACTORY/exe/cactus_sim: error while loading shared libraries: libhdf5hl_fortran.so.7: cannot open shared object file: No such file or directory
/home/himanshu/simulations/test_13/SIMFACTORY/exe/cactus_sim: error while loading shared libraries: libhdf5hl_fortran.so.7: cannot open shared object file: No such file or directory
/home/himanshu/simulations/test_13/SIMFACTORY/exe/cactus_sim: error while loading shared libraries: libhdf5hl_fortran.so.7: cannot open shared object file: No such file or directory
/home/himanshu/simulations/test_13/SIMFACTORY/exe/cactus_sim: error while loading shared libraries: libhdf5hl_fortran.so.7: cannot open shared object file: No such file or directory
/home/himanshu/simulations/test_13/SIMFACTORY/exe/cactus_sim: error while loading shared libraries: libhdf5hl_fortran.so.7: cannot open shared object file: No such file or directory
/home/himanshu/simulations/test_13/SIMFACTORY/exe/cactus_sim: error while loading shared libraries: libhdf5hl_fortran.so.7: cannot open shared object file: No such file or directory
/home/himanshu/simulations/test_13/SIMFACTORY/exe/cactus_sim: error while loading shared libraries: libhdf5hl_fortran.so.7: cannot open shared object file: No such file or directory
/home/himanshu/simulations/test_13/SIMFACTORY/exe/cactus_sim: error while loading shared libraries: libhdf5hl_fortran.so.7: cannot open shared object file: No such file or directory
/home/himanshu/simulations/test_13/SIMFACTORY/exe/cactus_sim: error while loading shared libraries: libhdf5hl_fortran.so.7: cannot open shared object file: No such file or directory
/home/himanshu/simulations/test_13/SIMFACTORY/exe/cactus_sim: error while loading shared libraries: libhdf5hl_fortran.so.7: cannot open shared object file: No such file or directory
/home/himanshu/simulations/test_13/SIMFACTORY/exe/cactus_sim: error while loading shared libraries: libhdf5hl_fortran.so.7: cannot open shared object file: No such file or directory
/home/himanshu/simulations/test_13/SIMFACTORY/exe/cactus_sim: error while loading shared libraries: libhdf5hl_fortran.so.7: cannot open shared object file: No such file or directory
/home/himanshu/simulations/test_13/SIMFACTORY/exe/cactus_sim: error while loading shared libraries: libhdf5hl_fortran.so.7: cannot open shared object file: No such file or directory
/home/himanshu/simulations/test_13/SIMFACTORY/exe/cactus_sim: error while loading shared libraries: libhdf5hl_fortran.so.7: cannot open shared object file: No such file or directory
/home/himanshu/simulations/test_13/SIMFACTORY/exe/cactus_sim: error while loading shared libraries: libhdf5hl_fortran.so.7: cannot open shared object file: No such file or directory
/home/himanshu/simulations/test_13/SIMFACTORY/exe/cactus_sim: error while loading shared libraries: libhdf5hl_fortran.so.7: cannot open shared object file: No such file or directory
/home/himanshu/simulations/test_13/SIMFACTORY/exe/cactus_sim: error while loading shared libraries: libhdf5hl_fortran.so.7: cannot open shared object file: No such file or directory
/home/himanshu/simulations/test_13/SIMFACTORY/exe/cactus_sim: error while loading shared libraries: libhdf5hl_fortran.so.7: cannot open shared object file: No such file or directory
/home/himanshu/simulations/test_13/SIMFACTORY/exe/cactus_sim: error while loading shared libraries: libhdf5hl_fortran.so.7: cannot open shared object file: No such file or directory
/home/himanshu/simulations/test_13/SIMFACTORY/exe/cactus_sim: error while loading shared libraries: libhdf5hl_fortran.so.7: cannot open shared object file: No such file or directory
/home/himanshu/simulations/test_13/SIMFACTORY/exe/cactus_sim: error while loading shared libraries: libhdf5hl_fortran.so.7: cannot open shared object file: No such file or directory
/home/himanshu/simulations/test_13/SIMFACTORY/exe/cactus_sim: error while loading shared libraries: libhdf5hl_fortran.so.7: cannot open shared object file: No such file or directory
/home/himanshu/simulations/test_13/SIMFACTORY/exe/cactus_sim: error while loading shared libraries: libhdf5hl_fortran.so.7: cannot open shared object file: No such file or directory
/home/himanshu/simulations/test_13/SIMFACTORY/exe/cactus_sim: error while loading shared libraries: libhdf5hl_fortran.so.7: cannot open shared object file: No such file or directory
/home/himanshu/simulations/test_13/SIMFACTORY/exe/cactus_sim: error while loading shared libraries: libhdf5hl_fortran.so.7: cannot open shared object file: No such file or directory
/home/himanshu/simulations/test_13/SIMFACTORY/exe/cactus_sim: error while loading shared libraries: libhdf5hl_fortran.so.7: cannot open shared object file: No such file or directory
/home/himanshu/simulations/test_13/SIMFACTORY/exe/cactus_sim: error while loading shared libraries: libhdf5hl_fortran.so.7: cannot open shared object file: No such file or directory
/home/himanshu/simulations/test_13/SIMFACTORY/exe/cactus_sim: error while loading shared libraries: libhdf5hl_fortran.so.7: cannot open shared object file: No such file or directory
/home/himanshu/simulations/test_13/SIMFACTORY/exe/cactus_sim: error while loading shared libraries: libhdf5hl_fortran.so.7: cannot open shared object file: No such file or directory
/home/himanshu/simulations/test_13/SIMFACTORY/exe/cactus_sim: error while loading shared libraries: libhdf5hl_fortran.so.7: cannot open shared object file: No such file or directory
/home/himanshu/simulations/test_13/SIMFACTORY/exe/cactus_sim: error while loading shared libraries: libhdf5hl_fortran.so.7: cannot open shared object file: No such file or directory
/home/himanshu/simulations/test_13/SIMFACTORY/exe/cactus_sim: error while loading shared libraries: libhdf5hl_fortran.so.7: cannot open shared object file: No such file or directory
/home/himanshu/simulations/test_13/SIMFACTORY/exe/cactus_sim: error while loading shared libraries: libhdf5hl_fortran.so.7: cannot open shared object file: No such file or directory
Warning: Permanently added 'cn01,172.22.2.231' (RSA) to the list of known hosts.
Warning: Permanently added 'cn02,172.22.2.232' (RSA) to the list of known hosts.
+ set -e
+ cd /home/himanshu/simulations/test_13/output-0000-active
+ echo Checking:
+ pwd
+ hostname
/home/himanshu/simulations/test_13/SIMFACTORY/exe/cactus_sim: error while loading shared libraries: libhdf5hl_fortran.so.7: cannot open shared object file: No such file or directory
/home/himanshu/simulations/test_13/SIMFACTORY/exe/cactus_sim: error while loading shared libraries: libhdf5hl_fortran.so.7: cannot open shared object file: No such file or directory
/home/himanshu/simulations/test_13/SIMFACTORY/exe/cactus_sim: error while loading shared libraries: libhdf5hl_fortran.so.7: cannot open shared object file: No such file or directory
/home/himanshu/simulations/test_13/SIMFACTORY/exe/cactus_sim: error while loading shared libraries: libhdf5hl_fortran.so.7: cannot open shared object file: No such file or directory
/home/himanshu/simulations/test_13/SIMFACTORY/exe/cactus_sim: error while loading shared libraries: libhdf5hl_fortran.so.7: cannot open shared object file: No such file or directory
/home/himanshu/simulations/test_13/SIMFACTORY/exe/cactus_sim: error while loading shared libraries: libhdf5hl_fortran.so.7: cannot open shared object file: No such file or directory
/home/himanshu/simulations/test_13/SIMFACTORY/exe/cactus_sim: error while loading shared libraries: libhdf5hl_fortran.so.7: cannot open shared object file: No such file or directory
/home/himanshu/simulations/test_13/SIMFACTORY/exe/cactus_sim: error while loading shared libraries: libhdf5hl_fortran.so.7: cannot open shared object file: No such file or directory
/home/himanshu/simulations/test_13/SIMFACTORY/exe/cactus_sim: error while loading shared libraries: libhdf5hl_fortran.so.7: cannot open shared object file: No such file or directory
/home/himanshu/simulations/test_13/SIMFACTORY/exe/cactus_sim: error while loading shared libraries: libhdf5hl_fortran.so.7: cannot open shared object file: No such file or directory
/home/himanshu/simulations/test_13/SIMFACTORY/exe/cactus_sim: error while loading shared libraries: libhdf5hl_fortran.so.7: cannot open shared object file: No such file or directory
/home/himanshu/simulations/test_13/SIMFACTORY/exe/cactus_sim: error while loading shared libraries: libhdf5hl_fortran.so.7: cannot open shared object file: No such file or directory
/home/himanshu/simulations/test_13/SIMFACTORY/exe/cactus_sim: error while loading shared libraries: libhdf5hl_fortran.so.7: cannot open shared object file: No such file or directory
/home/himanshu/simulations/test_13/SIMFACTORY/exe/cactus_sim: error while loading shared libraries: libhdf5hl_fortran.so.7: cannot open shared object file: No such file or directory
/home/himanshu/simulations/test_13/SIMFACTORY/exe/cactus_sim: error while loading shared libraries: libhdf5hl_fortran.so.7: cannot open shared object file: No such file or directory
/home/himanshu/simulations/test_13/SIMFACTORY/exe/cactus_sim: error while loading shared libraries: libhdf5hl_fortran.so.7: cannot open shared object file: No such file or directory
/home/himanshu/simulations/test_13/SIMFACTORY/exe/cactus_sim: error while loading shared libraries: libhdf5hl_fortran.so.7: cannot open shared object file: No such file or directory
/home/himanshu/simulations/test_13/SIMFACTORY/exe/cactus_sim: error while loading shared libraries: libhdf5hl_fortran.so.7: cannot open shared object file: No such file or directory
/home/himanshu/simulations/test_13/SIMFACTORY/exe/cactus_sim: error while loading shared libraries: libhdf5hl_fortran.so.7: cannot open shared object file: No such file or directory
/home/himanshu/simulations/test_13/SIMFACTORY/exe/cactus_sim: error while loading shared libraries: libhdf5hl_fortran.so.7: cannot open shared object file: No such file or directory
[proxy:0:0@cn01] HYD_pmcd_pmip_control_cmd_cb (./pm/pmiserv/pmip_cb.c:981): assert (!closed) failed
[proxy:0:0@cn01] HYDT_dmxu_poll_wait_for_event (./tools/demux/demux_poll.c:77): callback returned error status
[proxy:0:0@cn01] main (./pm/pmiserv/pmip.c:226): demux engine error waiting for event
/home/himanshu/simulations/test_13/SIMFACTORY/exe/cactus_sim: error while loading shared libraries: libhdf5hl_fortran.so.7: cannot open shared object file: No such file or directory
/home/himanshu/simulations/test_13/SIMFACTORY/exe/cactus_sim: error while loading shared libraries: libhdf5hl_fortran.so.7: cannot open shared object file: No such file or directory
/home/himanshu/simulations/test_13/SIMFACTORY/exe/cactus_sim: error while loading shared libraries: libhdf5hl_fortran.so.7: cannot open shared object file: No such file or directory
/home/himanshu/simulations/test_13/SIMFACTORY/exe/cactus_sim: error while loading shared libraries: libhdf5hl_fortran.so.7: cannot open shared object file: No such file or directory
/home/himanshu/simulations/test_13/SIMFACTORY/exe/cactus_sim: error while loading shared libraries: libhdf5hl_fortran.so.7: cannot open shared object file: No such file or directory
/home/himanshu/simulations/test_13/SIMFACTORY/exe/cactus_sim: error while loading shared libraries: libhdf5hl_fortran.so.7: cannot open shared object file: No such file or directory
[mpiexec@cn03] control_cb (./pm/pmiserv/pmiserv_cb.c:321): assert (!closed) failed
[mpiexec@cn03] HYDT_dmxu_poll_wait_for_event (./tools/demux/demux_poll.c:77): callback returned error status
[mpiexec@cn03] /home/himanshu/simulations/test_13/SIMFACTORY/exe/cactus_sim: error while loading shared libraries: libhdf5hl_fortran.so.7: cannot open shared object file: No such file or directory
/home/himanshu/simulations/test_13/SIMFACTORY/exe/cactus_sim: error while loading shared libraries: libhdf5hl_fortran.so.7: cannot open shared object file: No such file or directory
/home/himanshu/simulations/test_13/SIMFACTORY/exe/cactus_sim: error while loading shared libraries: libhdf5hl_fortran.so.7: cannot open shared object file: No such file or directory
/home/himanshu/simulations/test_13/SIMFACTORY/exe/cactus_sim: error while loading shared libraries: libhdf5hl_fortran.so.7: cannot open shared object file: No such file or directory
/home/himanshu/simulations/test_13/SIMFACTORY/exe/cactus_sim: error while loading shared libraries: libhdf5hl_fortran.so.7: cannot open shared object file: No such file or directory
/home/himanshu/simulations/test_13/SIMFACTORY/exe/cactus_sim: error while loading shared libraries: libhdf5hl_fortran.so.7: cannot open shared object file: No such file or directory
/home/himanshu/simulations/test_13/SIMFACTORY/exe/cactus_sim: error while loading shared libraries: libhdf5hl_fortran.so.7: cannot open shared object file: No such file or directory
HYD_pmci_wait_for_completion (./pm/pmiserv/pmiserv_pmci.c:181): error waiting for event
[mpiexec@cn03] main (./ui/mpich/mpiexec.c:405): process manager error waiting for completion
/home/himanshu/simulations/test_13/SIMFACTORY/exe/cactus_sim: error while loading shared libraries: libhdf5hl_fortran.so.7: cannot open shared object file: No such file or directory
/home/himanshu/simulations/test_13/SIMFACTORY/exe/cactus_sim: error while loading shared libraries: libhdf5hl_fortran.so.7: cannot open shared object file: No such file or directory
/home/himanshu/simulations/test_13/SIMFACTORY/exe/cactus_sim: error while loading shared libraries: libhdf5hl_fortran.so.7: cannot open shared object file: No such file or directory
/home/himanshu/simulations/test_13/SIMFACTORY/exe/cactus_sim: error while loading shared libraries: libhdf5hl_fortran.so.7: cannot open shared object file: No such file or directory
/home/himanshu/simulations/test_13/SIMFACTORY/exe/cactus_sim: error while loading shared libraries: libhdf5hl_fortran.so.7: cannot open shared object file: No such file or directory
/home/himanshu/simulations/test_13/SIMFACTORY/exe/cactus_sim: error while loading shared libraries: libhdf5hl_fortran.so.7: cannot open shared object file: No such file or directory
/home/himanshu/simulations/test_13/SIMFACTORY/exe/cactus_sim: error while loading shared libraries: libhdf5hl_fortran.so.7: cannot open shared object file: No such file or directory
/home/himanshu/simulations/test_13/SIMFACTORY/exe/cactus_sim: error while loading shared libraries: libhdf5hl_fortran.so.7: cannot open shared object file: No such file or directory
/home/himanshu/simulations/test_13/SIMFACTORY/exe/cactus_sim: error while loading shared libraries: libhdf5hl_fortran.so.7: cannot open shared object file: No such file or directory
/home/himanshu/simulations/test_13/SIMFACTORY/exe/cactus_sim: error while loading shared libraries: libhdf5hl_fortran.so.7: cannot open shared object file: No such file or directory
/home/himanshu/simulations/test_13/SIMFACTORY/exe/cactus_sim: error while loading shared libraries: libhdf5hl_fortran.so.7: cannot open shared object file: No such file or directory
/home/himanshu/simulations/test_13/SIMFACTORY/exe/cactus_sim: error while loading shared libraries: libhdf5hl_fortran.so.7: cannot open shared object file: No such file or directory
/home/himanshu/simulations/test_13/SIMFACTORY/exe/cactus_sim: error while loading shared libraries: libhdf5hl_fortran.so.7: cannot open shared object file: No such file or directory
/home/himanshu/simulations/test_13/SIMFACTORY/exe/cactus_sim: error while loading shared libraries: libhdf5hl_fortran.so.7: cannot open shared object file: No such file or directory
/home/himanshu/simulations/test_13/SIMFACTORY/exe/cactus_sim: error while loading shared libraries: libhdf5hl_fortran.so.7: cannot open shared object file: No such file or directory
/home/himanshu/simulations/test_13/SIMFACTORY/exe/cactus_sim: error while loading shared libraries: libhdf5hl_fortran.so.7: cannot open shared object file: No such file or directory
/home/himanshu/simulations/test_13/SIMFACTORY/exe/cactus_sim: error while loading shared libraries: libhdf5hl_fortran.so.7: cannot open shared object file: No such file or directory
/home/himanshu/simulations/test_13/SIMFACTORY/exe/cactus_sim: error while loading shared libraries: libhdf5hl_fortran.so.7: cannot open shared object file: No such file or directory
/home/himanshu/simulations/test_13/SIMFACTORY/exe/cactus_sim: error while loading shared libraries: libhdf5hl_fortran.so.7: cannot open shared object file: No such file or directory
/home/himanshu/simulations/test_13/SIMFACTORY/exe/cactus_sim: error while loading shared libraries: libhdf5hl_fortran.so.7: cannot open shared object file: No such file or directory
/home/himanshu/simulations/test_13/SIMFACTORY/exe/cactus_sim: error while loading shared libraries: libhdf5hl_fortran.so.7: cannot open shared object file: No such file or directory
/home/himanshu/simulations/test_13/SIMFACTORY/exe/cactus_sim: error while loading shared libraries: libhdf5hl_fortran.so.7: cannot open shared object file: No such file or directory
/home/himanshu/simulations/test_13/SIMFACTORY/exe/cactus_sim: error while loading shared libraries: libhdf5hl_fortran.so.7: cannot open shared object file: No such file or directory
/home/himanshu/simulations/test_13/SIMFACTORY/exe/cactus_sim: error while loading shared libraries: libhdf5hl_fortran.so.7: cannot open shared object file: No such file or directory
/home/himanshu/simulations/test_13/SIMFACTORY/exe/cactus_sim: error while loading shared libraries: libhdf5hl_fortran.so.7: cannot open shared object file: No such file or directory
/home/himanshu/simulations/test_13/SIMFACTORY/exe/cactus_sim: error while loading shared libraries: libhdf5hl_fortran.so.7: cannot open shared object file: No such file or directory
[mpiexec@cn03] control_cb (./pm/pmiserv/pmiserv_cb.c:215): assert (!closed) failed
[mpiexec@cn03] HYDT_dmxu_poll_wait_for_event (./tools/demux/demux_poll.c:77): callback returned error status
[mpiexec@cn03] HYD_pmci_wait_for_completion (./pm/pmiserv/pmiserv_pmci.c:181): error waiting for event
[mpiexec@cn03] main (./ui/mpich/mpiexec.c:405): process manager error waiting for completion
+ date
[mpiexec@cn02] control_cb (./pm/pmiserv/pmiserv_cb.c:321): assert (!closed) failed
[mpiexec@cn02] HYDT_dmxu_poll_wait_for_event (./tools/demux/demux_poll.c:77): callback returned error status
[mpiexec@cn02] HYD_pmci_wait_for_completion (./pm/pmiserv/pmiserv_pmci.c:181): error waiting for event
[mpiexec@cn02] main (./ui/mpich/mpiexec.c:405): process manager error waiting for completion
+ cat /home/himanshu/Backup/Cactus/datanodes
+ echo 'Starting: ModernFamily'
++ date +%s
+ export CACTUS_STARTTIME=1456837200
+ CACTUS_STARTTIME=1456837200
+ mpirun -np 60 -hostfile /home/himanshu/Backup/Cactus/datanodes /home/himanshu/simulations/test_13/SIMFACTORY/exe/cactus_sim -L 3 /home/himanshu/simulations/test_13/output-0000/gaussian.par
Warning: Permanently added 'cn01,172.22.2.231' (RSA) to the list of known hosts.
Warning: Permanently added 'cn03,172.22.2.233' (RSA) to the list of known hosts.
Warning: Permanently added 'cn02,172.22.2.232' (RSA) to the list of known hosts.
+ echo 'Starting: ModernFamily'
++ date +%s
+ export CACTUS_STARTTIME=1456837200
+ CACTUS_STARTTIME=1456837200
+ mpirun -np 60 -hostfile /home/himanshu/Backup/Cactus/datanodes /home/himanshu/simulations/test_13/SIMFACTORY/exe/cactus_sim -L 3 /home/himanshu/simulations/test_13/output-0000/gaussian.par
Warning: Permanently added 'cn01,172.22.2.231' (RSA) to the list of known hosts.
Warning: Permanently added 'cn02,172.22.2.232' (RSA) to the list of known hosts.
Warning: Permanently added 'cn03,172.22.2.233' (RSA) to the list of known hosts.
+ echo 'Starting: ModernFamily'
++ date +%s
+ export CACTUS_STARTTIME=1456837201
+ CACTUS_STARTTIME=1456837201
+ mpirun -np 60 -hostfile /home/himanshu/Backup/Cactus/datanodes /home/himanshu/simulations/test_13/SIMFACTORY/exe/cactus_sim -L 3 /home/himanshu/simulations/test_13/output-0000/gaussian.par
Warning: Permanently added 'cn01,172.22.2.231' (RSA) to the list of known hosts.
Warning: Permanently added 'cn02,172.22.2.232' (RSA) to the list of known hosts.
Warning: Permanently added 'cn03,172.22.2.233' (RSA) to the list of known hosts.
+ echo Environment:
+ export CACTUS_NUM_PROCS=60
+ CACTUS_NUM_PROCS=60
+ export CACTUS_NUM_THREADS=1
+ CACTUS_NUM_THREADS=1
+ export GMON_OUT_PREFIX=gmon.out
+ GMON_OUT_PREFIX=gmon.out
+ export OMP_NUM_THREADS=1
+ OMP_NUM_THREADS=1
+ env
+ sort
[proxy:0:0@cn01] HYD_pmcd_pmip_control_cmd_cb (./pm/pmiserv/pmip_cb.c:981): assert (!closed) failed
[proxy:0:0@cn01] HYDT_dmxu_poll_wait_for_event (./tools/demux/demux_poll.c:77): callback returned error status
[proxy:0:0@cn01] main (./pm/pmiserv/pmip.c:226): demux engine error waiting for event
[mpiexec@cn04] control_cb (./pm/pmiserv/pmiserv_cb.c:215): assert (!closed) failed
[mpiexec@cn04] HYDT_dmxu_poll_wait_for_event (./tools/demux/demux_poll.c:77): callback returned error status
[mpiexec@cn04] HYD_pmci_wait_for_completion (./pm/pmiserv/pmiserv_pmci.c:181): error waiting for event
[mpiexec@cn04] main (./ui/mpich/mpiexec.c:405): process manager error waiting for completion
[proxy:0:0@cn01] HYD_pmcd_pmip_control_cmd_cb (./pm/pmiserv/pmip_cb.c:981): assert (!closed) failed
[proxy:0:0@cn01] HYDT_dmxu_poll_wait_for_event (./tools/demux/demux_poll.c:77): callback returned error status
[proxy:0:0@cn01] main (./pm/pmiserv/pmip.c:226): demux engine error waiting for event
[mpiexec@cn04] control_cb (./pm/pmiserv/pmiserv_cb.c:215): assert (!closed) failed
[mpiexec@cn04] HYDT_dmxu_poll_wait_for_event (./tools/demux/demux_poll.c:77): callback returned error status
[mpiexec@cn04] HYD_pmci_wait_for_completion (./pm/pmiserv/pmiserv_pmci.c:181): error waiting for event
[mpiexec@cn04] main (./ui/mpich/mpiexec.c:405): process manager error waiting for completion
[proxy:0:0@cn01] HYD_pmcd_pmip_control_cmd_cb (./pm/pmiserv/pmip_cb.c:981): assert (!closed) failed
[proxy:0:0@cn01] HYDT_dmxu_poll_wait_for_event (./tools/demux/demux_poll.c:77): callback returned error status
[proxy:0:0@cn01] main (./pm/pmiserv/pmip.c:226): demux engine error waiting for event
[mpiexec@cn04] control_cb (./pm/pmiserv/pmiserv_cb.c:215): assert (!closed) failed
[mpiexec@cn04] HYDT_dmxu_poll_wait_for_event (./tools/demux/demux_poll.c:77): callback returned error status
[mpiexec@cn04] HYD_pmci_wait_for_completion (./pm/pmiserv/pmiserv_pmci.c:181): error waiting for event
[mpiexec@cn04] main (./ui/mpich/mpiexec.c:405): process manager error waiting for completion
+ echo 'Starting: ModernFamily'
++ date +%s
+ export CACTUS_STARTTIME=1456837201
+ CACTUS_STARTTIME=1456837201
+ mpirun -np 60 -hostfile /home/himanshu/Backup/Cactus/datanodes /home/himanshu/simulations/test_13/SIMFACTORY/exe/cactus_sim -L 3 /home/himanshu/simulations/test_13/output-0000/gaussian.par
+ set -e
+ cd /home/himanshu/simulations/test_13/output-0000-active
+ echo Checking:
+ pwd
+ hostname
Warning: Permanently added 'cn03,172.22.2.233' (RSA) to the list of known hosts.
Warning: Permanently added 'cn01,172.22.2.231' (RSA) to the list of known hosts.
Warning: Permanently added 'cn02,172.22.2.232' (RSA) to the list of known hosts.
+ date
+ cat /home/himanshu/Backup/Cactus/datanodes
[proxy:0:0@cn01] HYD_pmcd_pmip_control_cmd_cb (./pm/pmiserv/pmip_cb.c:981): assert (!closed) failed
[proxy:0:0@cn01] HYDT_dmxu_poll_wait_for_event (./tools/demux/demux_poll.c:77): callback returned error status
[proxy:0:0@cn01] main (./pm/pmiserv/pmip.c:226): demux engine error waiting for event
[mpiexec@cn04] control_cb (./pm/pmiserv/pmiserv_cb.c:215): assert (!closed) failed
[mpiexec@cn04] HYDT_dmxu_poll_wait_for_event (./tools/demux/demux_poll.c:77): callback returned error status
[mpiexec@cn04] HYD_pmci_wait_for_completion (./pm/pmiserv/pmiserv_pmci.c:181): error waiting for event
[mpiexec@cn04] main (./ui/mpich/mpiexec.c:405): process manager error waiting for completion
+ echo Environment:
+ export CACTUS_NUM_PROCS=60
+ CACTUS_NUM_PROCS=60
+ export CACTUS_NUM_THREADS=1
+ CACTUS_NUM_THREADS=1
+ export GMON_OUT_PREFIX=gmon.out
+ GMON_OUT_PREFIX=gmon.out
+ export OMP_NUM_THREADS=1
+ OMP_NUM_THREADS=1
+ env
+ sort
+ echo 'Starting: ModernFamily'
++ date +%s
+ export CACTUS_STARTTIME=1456837201
+ CACTUS_STARTTIME=1456837201
+ mpirun -np 60 -hostfile /home/himanshu/Backup/Cactus/datanodes /home/himanshu/simulations/test_13/SIMFACTORY/exe/cactus_sim -L 3 /home/himanshu/simulations/test_13/output-0000/gaussian.par
/home/himanshu/simulations/test_13/SIMFACTORY/exe/cactus_sim: error while loading shared libraries: libhdf5hl_fortran.so.7: cannot open shared object file: No such file or directory
/home/himanshu/simulations/test_13/SIMFACTORY/exe/cactus_sim: error while loading shared libraries: libhdf5hl_fortran.so.7: cannot open shared object file: No such file or directory
/home/himanshu/simulations/test_13/SIMFACTORY/exe/cactus_sim: error while loading shared libraries: libhdf5hl_fortran.so.7: cannot open shared object file: No such file or directory
/home/himanshu/simulations/test_13/SIMFACTORY/exe/cactus_sim: error while loading shared libraries: libhdf5hl_fortran.so.7: cannot open shared object file: No such file or directory
/home/himanshu/simulations/test_13/SIMFACTORY/exe/cactus_sim: error while loading shared libraries: libhdf5hl_fortran.so.7: cannot open shared object file: No such file or directory
/home/himanshu/simulations/test_13/SIMFACTORY/exe/cactus_sim: error while loading shared libraries: libhdf5hl_fortran.so.7: cannot open shared object file: No such file or directory
/home/himanshu/simulations/test_13/SIMFACTORY/exe/cactus_sim: error while loading shared libraries: libhdf5hl_fortran.so.7: cannot open shared object file: No such file or directory
/home/himanshu/simulations/test_13/SIMFACTORY/exe/cactus_sim: error while loading shared libraries: libhdf5hl_fortran.so.7: cannot open shared object file: No such file or directory
/home/himanshu/simulations/test_13/SIMFACTORY/exe/cactus_sim: error while loading shared libraries: libhdf5hl_fortran.so.7: cannot open shared object file: No such file or directory
/home/himanshu/simulations/test_13/SIMFACTORY/exe/cactus_sim: error while loading shared libraries: libhdf5hl_fortran.so.7: cannot open shared object file: No such file or directory
/home/himanshu/simulations/test_13/SIMFACTORY/exe/cactus_sim: error while loading shared libraries: libhdf5hl_fortran.so.7: cannot open shared object file: No such file or directory
/home/himanshu/simulations/test_13/SIMFACTORY/exe/cactus_sim: error while loading shared libraries: libhdf5hl_fortran.so.7: cannot open shared object file: No such file or directory
/home/himanshu/simulations/test_13/SIMFACTORY/exe/cactus_sim: error while loading shared libraries: libhdf5hl_fortran.so.7: cannot open shared object file: No such file or directory
/home/himanshu/simulations/test_13/SIMFACTORY/exe/cactus_sim: error while loading shared libraries: libhdf5hl_fortran.so.7: cannot open shared object file: No such file or directory
/home/himanshu/simulations/test_13/SIMFACTORY/exe/cactus_sim: error while loading shared libraries: libhdf5hl_fortran.so.7: cannot open shared object file: No such file or directory
/home/himanshu/simulations/test_13/SIMFACTORY/exe/cactus_sim: error while loading shared libraries: libhdf5hl_fortran.so.7: cannot open shared object file: No such file or directory
/home/himanshu/simulations/test_13/SIMFACTORY/exe/cactus_sim: error while loading shared libraries: libhdf5hl_fortran.so.7: cannot open shared object file: No such file or directory
/home/himanshu/simulations/test_13/SIMFACTORY/exe/cactus_sim: error while loading shared libraries: libhdf5hl_fortran.so.7: cannot open shared object file: No such file or directory
/home/himanshu/simulations/test_13/SIMFACTORY/exe/cactus_sim: error while loading shared libraries: libhdf5hl_fortran.so.7: cannot open shared object file: No such file or directory
/home/himanshu/simulations/test_13/SIMFACTORY/exe/cactus_sim: error while loading shared libraries: libhdf5hl_fortran.so.7: cannot open shared object file: No such file or directory
Warning: Permanently added 'cn01,172.22.2.231' (RSA) to the list of known hosts.
Warning: Permanently added 'cn02,172.22.2.232' (RSA) to the list of known hosts.
[proxy:0:0@cn01] HYD_pmcd_pmip_control_cmd_cb (./pm/pmiserv/pmip_cb.c:981): assert (!closed) failed
[proxy:0:0@cn01] HYDT_dmxu_poll_wait_for_event (./tools/demux/demux_poll.c:77): callback returned error status
[proxy:0:0@cn01] main (./pm/pmiserv/pmip.c:226): demux engine error waiting for event
[mpiexec@cn03] control_cb (./pm/pmiserv/pmiserv_cb.c:215): assert (!closed) failed
[mpiexec@cn03] HYDT_dmxu_poll_wait_for_event (./tools/demux/demux_poll.c:77): callback returned error status
[mpiexec@cn03] HYD_pmci_wait_for_completion (./pm/pmiserv/pmiserv_pmci.c:181): error waiting for event
[mpiexec@cn03] main (./ui/mpich/mpiexec.c:405): process manager error waiting for completion
+ set -e
+ cd /home/himanshu/simulations/test_13/output-0000-active
+ echo Checking:
+ pwd
+ hostname
+ date
+ cat /home/himanshu/Backup/Cactus/datanodes
+ set -e
+ cd /home/himanshu/simulations/test_13/output-0000-active
+ echo Checking:
+ pwd
+ hostname
+ echo Environment:
+ export CACTUS_NUM_PROCS=60
+ CACTUS_NUM_PROCS=60
+ export CACTUS_NUM_THREADS=1
+ CACTUS_NUM_THREADS=1
+ export GMON_OUT_PREFIX=gmon.out
+ GMON_OUT_PREFIX=gmon.out
+ export OMP_NUM_THREADS=1
+ OMP_NUM_THREADS=1
+ env
+ sort
+ date
+ cat /home/himanshu/Backup/Cactus/datanodes
+ echo 'Starting: ModernFamily'
++ date +%s
+ export CACTUS_STARTTIME=1456837202
+ CACTUS_STARTTIME=1456837202
+ mpirun -np 60 -hostfile /home/himanshu/Backup/Cactus/datanodes /home/himanshu/simulations/test_13/SIMFACTORY/exe/cactus_sim -L 3 /home/himanshu/simulations/test_13/output-0000/gaussian.par
Warning: Permanently added 'cn01,172.22.2.231' (RSA) to the list of known hosts.
Warning: Permanently added 'cn02,172.22.2.232' (RSA) to the list of known hosts.
Warning: Permanently added 'cn03,172.22.2.233' (RSA) to the list of known hosts.
+ echo Environment:
+ export CACTUS_NUM_PROCS=60
+ CACTUS_NUM_PROCS=60
+ export CACTUS_NUM_THREADS=1
+ CACTUS_NUM_THREADS=1
+ export GMON_OUT_PREFIX=gmon.out
+ GMON_OUT_PREFIX=gmon.out
+ export OMP_NUM_THREADS=1
+ OMP_NUM_THREADS=1
+ env
+ sort
/home/himanshu/simulations/test_13/SIMFACTORY/exe/cactus_sim: error while loading shared libraries: libhdf5hl_fortran.so.7: cannot open shared object file: No such file or directory
/home/himanshu/simulations/test_13/SIMFACTORY/exe/cactus_sim: error while loading shared libraries: libhdf5hl_fortran.so.7: cannot open shared object file: No such file or directory
/home/himanshu/simulations/test_13/SIMFACTORY/exe/cactus_sim: error while loading shared libraries: libhdf5hl_fortran.so.7: cannot open shared object file: No such file or directory
/home/himanshu/simulations/test_13/SIMFACTORY/exe/cactus_sim: error while loading shared libraries: libhdf5hl_fortran.so.7: cannot open shared object file: No such file or directory
/home/himanshu/simulations/test_13/SIMFACTORY/exe/cactus_sim: error while loading shared libraries: libhdf5hl_fortran.so.7: cannot open shared object file: No such file or directory
/home/himanshu/simulations/test_13/SIMFACTORY/exe/cactus_sim: error while loading shared libraries: libhdf5hl_fortran.so.7: cannot open shared object file: No such file or directory
/home/himanshu/simulations/test_13/SIMFACTORY/exe/cactus_sim: error while loading shared libraries: libhdf5hl_fortran.so.7: cannot open shared object file: No such file or directory
/home/himanshu/simulations/test_13/SIMFACTORY/exe/cactus_sim: error while loading shared libraries: libhdf5hl_fortran.so.7: cannot open shared object file: No such file or directory
/home/himanshu/simulations/test_13/SIMFACTORY/exe/cactus_sim: error while loading shared libraries: libhdf5hl_fortran.so.7: cannot open shared object file: No such file or directory
/home/himanshu/simulations/test_13/SIMFACTORY/exe/cactus_sim: error while loading shared libraries: libhdf5hl_fortran.so.7: cannot open shared object file: No such file or directory
/home/himanshu/simulations/test_13/SIMFACTORY/exe/cactus_sim: error while loading shared libraries: libhdf5hl_fortran.so.7: cannot open shared object file: No such file or directory
/home/himanshu/simulations/test_13/SIMFACTORY/exe/cactus_sim: error while loading shared libraries: libhdf5hl_fortran.so.7: cannot open shared object file: No such file or directory
/home/himanshu/simulations/test_13/SIMFACTORY/exe/cactus_sim: error while loading shared libraries: libhdf5hl_fortran.so.7: cannot open shared object file: No such file or directory
/home/himanshu/simulations/test_13/SIMFACTORY/exe/cactus_sim: error while loading shared libraries: libhdf5hl_fortran.so.7: cannot open shared object file: No such file or directory
/home/himanshu/simulations/test_13/SIMFACTORY/exe/cactus_sim: error while loading shared libraries: libhdf5hl_fortran.so.7: cannot open shared object file: No such file or directory
/home/himanshu/simulations/test_13/SIMFACTORY/exe/cactus_sim: error while loading shared libraries: libhdf5hl_fortran.so.7: cannot open shared object file: No such file or directory
/home/himanshu/simulations/test_13/SIMFACTORY/exe/cactus_sim: error while loading shared libraries: libhdf5hl_fortran.so.7: cannot open shared object file: No such file or directory
/home/himanshu/simulations/test_13/SIMFACTORY/exe/cactus_sim: error while loading shared libraries: libhdf5hl_fortran.so.7: cannot open shared object file: No such file or directory
/home/himanshu/simulations/test_13/SIMFACTORY/exe/cactus_sim: error while loading shared libraries: libhdf5hl_fortran.so.7: cannot open shared object file: No such file or directory
/home/himanshu/simulations/test_13/SIMFACTORY/exe/cactus_sim: error while loading shared libraries: libhdf5hl_fortran.so.7: cannot open shared object file: No such file or directory
/home/himanshu/simulations/test_13/SIMFACTORY/exe/cactus_sim: error while loading shared libraries: libhdf5hl_fortran.so.7: cannot open shared object file: No such file or directory
/home/himanshu/simulations/test_13/SIMFACTORY/exe/cactus_sim: error while loading shared libraries: libhdf5hl_fortran.so.7: cannot open shared object file: No such file or directory
/home/himanshu/simulations/test_13/SIMFACTORY/exe/cactus_sim: error while loading shared libraries: libhdf5hl_fortran.so.7: cannot open shared object file: No such file or directory
/home/himanshu/simulations/test_13/SIMFACTORY/exe/cactus_sim: error while loading shared libraries: libhdf5hl_fortran.so.7: cannot open shared object file: No such file or directory
/home/himanshu/simulations/test_13/SIMFACTORY/exe/cactus_sim: error while loading shared libraries: libhdf5hl_fortran.so.7: cannot open shared object file: No such file or directory
/home/himanshu/simulations/test_13/SIMFACTORY/exe/cactus_sim: error while loading shared libraries: libhdf5hl_fortran.so.7: cannot open shared object file: No such file or directory
/home/himanshu/simulations/test_13/SIMFACTORY/exe/cactus_sim: error while loading shared libraries: libhdf5hl_fortran.so.7: cannot open shared object file: No such file or directory
/home/himanshu/simulations/test_13/SIMFACTORY/exe/cactus_sim: error while loading shared libraries: libhdf5hl_fortran.so.7: cannot open shared object file: No such file or directory
/home/himanshu/simulations/test_13/SIMFACTORY/exe/cactus_sim: error while loading shared libraries: libhdf5hl_fortran.so.7: cannot open shared object file: No such file or directory
/home/himanshu/simulations/test_13/SIMFACTORY/exe/cactus_sim: error while loading shared libraries: libhdf5hl_fortran.so.7: cannot open shared object file: No such file or directory
/home/himanshu/simulations/test_13/SIMFACTORY/exe/cactus_sim: error while loading shared libraries: libhdf5hl_fortran.so.7: cannot open shared object file: No such file or directory
/home/himanshu/simulations/test_13/SIMFACTORY/exe/cactus_sim: error while loading shared libraries: libhdf5hl_fortran.so.7: cannot open shared object file: No such file or directory
/home/himanshu/simulations/test_13/SIMFACTORY/exe/cactus_sim: error while loading shared libraries: libhdf5hl_fortran.so.7: cannot open shared object file: No such file or directory
/home/himanshu/simulations/test_13/SIMFACTORY/exe/cactus_sim: error while loading shared libraries: libhdf5hl_fortran.so.7: cannot open shared object file: No such file or directory
/home/himanshu/simulations/test_13/SIMFACTORY/exe/cactus_sim: error while loading shared libraries: libhdf5hl_fortran.so.7: cannot open shared object file: No such file or directory
/home/himanshu/simulations/test_13/SIMFACTORY/exe/cactus_sim: error while loading shared libraries: libhdf5hl_fortran.so.7: cannot open shared object file: No such file or directory
/home/himanshu/simulations/test_13/SIMFACTORY/exe/cactus_sim: error while loading shared libraries: libhdf5hl_fortran.so.7: cannot open shared object file: No such file or directory
/home/himanshu/simulations/test_13/SIMFACTORY/exe/cactus_sim: error while loading shared libraries: libhdf5hl_fortran.so.7: cannot open shared object file: No such file or directory
/home/himanshu/simulations/test_13/SIMFACTORY/exe/cactus_sim: error while loading shared libraries: libhdf5hl_fortran.so.7: cannot open shared object file: No such file or directory
/home/himanshu/simulations/test_13/SIMFACTORY/exe/cactus_sim: error while loading shared libraries: libhdf5hl_fortran.so.7: cannot open shared object file: No such file or directory
/home/himanshu/simulations/test_13/SIMFACTORY/exe/cactus_sim: error while loading shared libraries: libhdf5hl_fortran.so.7: cannot open shared object file: No such file or directory
/home/himanshu/simulations/test_13/SIMFACTORY/exe/cactus_sim: error while loading shared libraries: libhdf5hl_fortran.so.7: cannot open shared object file: No such file or directory
/home/himanshu/simulations/test_13/SIMFACTORY/exe/cactus_sim: error while loading shared libraries: libhdf5hl_fortran.so.7: cannot open shared object file: No such file or directory
/home/himanshu/simulations/test_13/SIMFACTORY/exe/cactus_sim: error while loading shared libraries: libhdf5hl_fortran.so.7: cannot open shared object file: No such file or directory
/home/himanshu/simulations/test_13/SIMFACTORY/exe/cactus_sim: error while loading shared libraries: libhdf5hl_fortran.so.7: cannot open shared object file: No such file or directory
/home/himanshu/simulations/test_13/SIMFACTORY/exe/cactus_sim: error while loading shared libraries: libhdf5hl_fortran.so.7: cannot open shared object file: No such file or directory
/home/himanshu/simulations/test_13/SIMFACTORY/exe/cactus_sim: error while loading shared libraries: libhdf5hl_fortran.so.7: cannot open shared object file: No such file or directory
/home/himanshu/simulations/test_13/SIMFACTORY/exe/cactus_sim: error while loading shared libraries: libhdf5hl_fortran.so.7: cannot open shared object file: No such file or directory
/home/himanshu/simulations/test_13/SIMFACTORY/exe/cactus_sim: error while loading shared libraries: libhdf5hl_fortran.so.7: cannot open shared object file: No such file or directory
/home/himanshu/simulations/test_13/SIMFACTORY/exe/cactus_sim: error while loading shared libraries: libhdf5hl_fortran.so.7: cannot open shared object file: No such file or directory
/home/himanshu/simulations/test_13/SIMFACTORY/exe/cactus_sim: error while loading shared libraries: libhdf5hl_fortran.so.7: cannot open shared object file: No such file or directory
/home/himanshu/simulations/test_13/SIMFACTORY/exe/cactus_sim: error while loading shared libraries: libhdf5hl_fortran.so.7: cannot open shared object file: No such file or directory
/home/himanshu/simulations/test_13/SIMFACTORY/exe/cactus_sim: error while loading shared libraries: libhdf5hl_fortran.so.7: cannot open shared object file: No such file or directory
/home/himanshu/simulations/test_13/SIMFACTORY/exe/cactus_sim: error while loading shared libraries: libhdf5hl_fortran.so.7: cannot open shared object file: No such file or directory
/home/himanshu/simulations/test_13/SIMFACTORY/exe/cactus_sim: error while loading shared libraries: libhdf5hl_fortran.so.7: cannot open shared object file: No such file or directory
/home/himanshu/simulations/test_13/SIMFACTORY/exe/cactus_sim: error while loading shared libraries: libhdf5hl_fortran.so.7: cannot open shared object file: No such file or directory
/home/himanshu/simulations/test_13/SIMFACTORY/exe/cactus_sim: error while loading shared libraries: libhdf5hl_fortran.so.7: cannot open shared object file: No such file or directory
/home/himanshu/simulations/test_13/SIMFACTORY/exe/cactus_sim: error while loading shared libraries: libhdf5hl_fortran.so.7: cannot open shared object file: No such file or directory
/home/himanshu/simulations/test_13/SIMFACTORY/exe/cactus_sim: error while loading shared libraries: libhdf5hl_fortran.so.7: cannot open shared object file: No such file or directory
/home/himanshu/simulations/test_13/SIMFACTORY/exe/cactus_sim: error while loading shared libraries: libhdf5hl_fortran.so.7: cannot open shared object file: No such file or directory
+ set -e
+ cd /home/himanshu/simulations/test_13/output-0000-active
+ echo Checking:
+ pwd
+ hostname
bash: /home/himanshu/simulations/test_13/output-0000/SIMFACTORY/RunScript: /bin/bash: bad interpreter: Text file busy
+ date
+ cat /home/himanshu/Backup/Cactus/datanodes
+ echo Environment:
+ export CACTUS_NUM_PROCS=60
+ CACTUS_NUM_PROCS=60
+ export CACTUS_NUM_THREADS=1
+ CACTUS_NUM_THREADS=1
+ export GMON_OUT_PREFIX=gmon.out
+ GMON_OUT_PREFIX=gmon.out
+ export OMP_NUM_THREADS=1
+ OMP_NUM_THREADS=1
+ env
+ sort
+ echo 'Starting: ModernFamily'
++ date +%s
+ export CACTUS_STARTTIME=1456837204
+ CACTUS_STARTTIME=1456837204
+ mpirun -np 60 -hostfile /home/himanshu/Backup/Cactus/datanodes /home/himanshu/simulations/test_13/SIMFACTORY/exe/cactus_sim -L 3 /home/himanshu/simulations/test_13/output-0000/gaussian.par
+ set -e
+ cd /home/himanshu/simulations/test_13/output-0000-active
+ echo Checking:
+ pwd
+ hostname
Warning: Permanently added 'cn03,172.22.2.233' (RSA) to the list of known hosts.
Warning: Permanently added 'cn02,172.22.2.232' (RSA) to the list of known hosts.
Warning: Permanently added 'cn01,172.22.2.231' (RSA) to the list of known hosts.
+ date
[mpiexec@cn06] control_cb (./pm/pmiserv/pmiserv_cb.c:321): assert (!closed) failed
[mpiexec@cn06] HYDT_dmxu_poll_wait_for_event (./tools/demux/demux_poll.c:77): callback returned error status
[mpiexec@cn06] HYD_pmci_wait_for_completion (./pm/pmiserv/pmiserv_pmci.c:181): error waiting for event
[mpiexec@cn06] main (./ui/mpich/mpiexec.c:405): process manager error waiting for completion
+ cat /home/himanshu/Backup/Cactus/datanodes
bash: /home/himanshu/simulations/test_13/output-0000/SIMFACTORY/RunScript: /bin/bash: bad interpreter: Text file busy
+ set -e
+ cd /home/himanshu/simulations/test_13/output-0000-active
+ echo Checking:
+ pwd
+ hostname
+ set -e
+ cd /home/himanshu/simulations/test_13/output-0000-active
+ echo Checking:
+ pwd
+ hostname
+ date
+ set -e
+ cd /home/himanshu/simulations/test_13/output-0000-active
+ echo Checking:
+ pwd
+ hostname
+ date
+ date
+ cat /home/himanshu/Backup/Cactus/datanodes
+ echo Environment:
+ export CACTUS_NUM_PROCS=60
+ CACTUS_NUM_PROCS=60
+ export CACTUS_NUM_THREADS=1
+ CACTUS_NUM_THREADS=1
+ export GMON_OUT_PREFIX=gmon.out
+ GMON_OUT_PREFIX=gmon.out
+ export OMP_NUM_THREADS=1
+ OMP_NUM_THREADS=1
+ env
+ sort
+ cat /home/himanshu/Backup/Cactus/datanodes
+ set -e
+ cd /home/himanshu/simulations/test_13/output-0000-active
+ echo Checking:
+ pwd
+ hostname
+ date
+ echo Environment:
+ export CACTUS_NUM_PROCS=60
+ CACTUS_NUM_PROCS=60
+ export CACTUS_NUM_THREADS=1
+ CACTUS_NUM_THREADS=1
+ export GMON_OUT_PREFIX=gmon.out
+ GMON_OUT_PREFIX=gmon.out
+ export OMP_NUM_THREADS=1
+ OMP_NUM_THREADS=1
+ env
+ sort
+ cat /home/himanshu/Backup/Cactus/datanodes
+ set -e
+ cd /home/himanshu/simulations/test_13/output-0000-active
+ echo Checking:
+ pwd
+ hostname
+ date
+ echo 'Starting: ModernFamily'
++ date +%s
+ export CACTUS_STARTTIME=1456837205
+ CACTUS_STARTTIME=1456837205
+ mpirun -np 60 -hostfile /home/himanshu/Backup/Cactus/datanodes /home/himanshu/simulations/test_13/SIMFACTORY/exe/cactus_sim -L 3 /home/himanshu/simulations/test_13/output-0000/gaussian.par
+ set -e
+ cd /home/himanshu/simulations/test_13/output-0000-active
+ echo Checking:
+ pwd
+ hostname
/home/himanshu/simulations/test_13/SIMFACTORY/exe/cactus_sim: error while loading shared libraries: libhdf5hl_fortran.so.7: cannot open shared object file: No such file or directory
/home/himanshu/simulations/test_13/SIMFACTORY/exe/cactus_sim: error while loading shared libraries: libhdf5hl_fortran.so.7: cannot open shared object file: No such file or directory
/home/himanshu/simulations/test_13/SIMFACTORY/exe/cactus_sim: error while loading shared libraries: libhdf5hl_fortran.so.7: cannot open shared object file: No such file or directory
/home/himanshu/simulations/test_13/SIMFACTORY/exe/cactus_sim: error while loading shared libraries: libhdf5hl_fortran.so.7: cannot open shared object file: No such file or directory
/home/himanshu/simulations/test_13/SIMFACTORY/exe/cactus_sim: error while loading shared libraries: libhdf5hl_fortran.so.7: cannot open shared object file: No such file or directory
/home/himanshu/simulations/test_13/SIMFACTORY/exe/cactus_sim: error while loading shared libraries: libhdf5hl_fortran.so.7: cannot open shared object file: No such file or directory
/home/himanshu/simulations/test_13/SIMFACTORY/exe/cactus_sim: error while loading shared libraries: libhdf5hl_fortran.so.7: cannot open shared object file: No such file or directory
/home/himanshu/simulations/test_13/SIMFACTORY/exe/cactus_sim: error while loading shared libraries: libhdf5hl_fortran.so.7: cannot open shared object file: No such file or directory
/home/himanshu/simulations/test_13/SIMFACTORY/exe/cactus_sim: error while loading shared libraries: libhdf5hl_fortran.so.7: cannot open shared object file: No such file or directory
/home/himanshu/simulations/test_13/SIMFACTORY/exe/cactus_sim: error while loading shared libraries: libhdf5hl_fortran.so.7: cannot open shared object file: No such file or directory
/home/himanshu/simulations/test_13/SIMFACTORY/exe/cactus_sim: error while loading shared libraries: libhdf5hl_fortran.so.7: cannot open shared object file: No such file or directory
/home/himanshu/simulations/test_13/SIMFACTORY/exe/cactus_sim: error while loading shared libraries: libhdf5hl_fortran.so.7: cannot open shared object file: No such file or directory
/home/himanshu/simulations/test_13/SIMFACTORY/exe/cactus_sim: error while loading shared libraries: libhdf5hl_fortran.so.7: cannot open shared object file: No such file or directory
/home/himanshu/simulations/test_13/SIMFACTORY/exe/cactus_sim: error while loading shared libraries: libhdf5hl_fortran.so.7: cannot open shared object file: No such file or directory
/home/himanshu/simulations/test_13/SIMFACTORY/exe/cactus_sim: error while loading shared libraries: libhdf5hl_fortran.so.7: cannot open shared object file: No such file or directory
/home/himanshu/simulations/test_13/SIMFACTORY/exe/cactus_sim: error while loading shared libraries: libhdf5hl_fortran.so.7: cannot open shared object file: No such file or directory
/home/himanshu/simulations/test_13/SIMFACTORY/exe/cactus_sim: error while loading shared libraries: libhdf5hl_fortran.so.7: cannot open shared object file: No such file or directory
/home/himanshu/simulations/test_13/SIMFACTORY/exe/cactus_sim: error while loading shared libraries: libhdf5hl_fortran.so.7: cannot open shared object file: No such file or directory
/home/himanshu/simulations/test_13/SIMFACTORY/exe/cactus_sim: error while loading shared libraries: libhdf5hl_fortran.so.7: cannot open shared object file: No such file or directory
/home/himanshu/simulations/test_13/SIMFACTORY/exe/cactus_sim: error while loading shared libraries: libhdf5hl_fortran.so.7: cannot open shared object file: No such file or directory
Warning: Permanently added 'cn02,172.22.2.232' (RSA) to the list of known hosts.
Warning: Permanently added 'cn01,172.22.2.231' (RSA) to the list of known hosts.
+ echo Environment:
+ export CACTUS_NUM_PROCS=60
+ CACTUS_NUM_PROCS=60
+ export CACTUS_NUM_THREADS=1
+ CACTUS_NUM_THREADS=1
+ export GMON_OUT_PREFIX=gmon.out
+ GMON_OUT_PREFIX=gmon.out
+ export OMP_NUM_THREADS=1
+ OMP_NUM_THREADS=1
+ env
+ sort
+ set -e
+ cd /home/himanshu/simulations/test_13/output-0000-active
+ echo Checking:
+ pwd
+ hostname
[proxy:0:0@cn01] HYD_pmcd_pmip_control_cmd_cb (./pm/pmiserv/pmip_cb.c:981): assert (!closed) failed
[proxy:0:0@cn01] HYDT_dmxu_poll_wait_for_event (./tools/demux/demux_poll.c:77): callback returned error status
[proxy:0:0@cn01] main (./pm/pmiserv/pmip.c:226): demux engine error waiting for event
[mpiexec@cn03] control_cb (./pm/pmiserv/pmiserv_cb.c:215): assert (!closed) failed
[mpiexec@cn03] HYDT_dmxu_poll_wait_for_event (./tools/demux/demux_poll.c:77): callback returned error status
[mpiexec@cn03] HYD_pmci_wait_for_completion (./pm/pmiserv/pmiserv_pmci.c:181): error waiting for event
[mpiexec@cn03] main (./ui/mpich/mpiexec.c:405): process manager error waiting for completion
+ echo Environment:
+ export CACTUS_NUM_PROCS=60
+ CACTUS_NUM_PROCS=60
+ export CACTUS_NUM_THREADS=1
+ CACTUS_NUM_THREADS=1
+ export GMON_OUT_PREFIX=gmon.out
+ GMON_OUT_PREFIX=gmon.out
+ export OMP_NUM_THREADS=1
+ OMP_NUM_THREADS=1
+ env
+ set -e
+ cd /home/himanshu/simulations/test_13/output-0000-active
+ echo Checking:
+ pwd
+ hostname
+ date
+ sort
+ cat /home/himanshu/Backup/Cactus/datanodes
+ date
+ date
+ echo 'Starting: ModernFamily'
++ date +%s
+ cat /home/himanshu/Backup/Cactus/datanodes
+ export CACTUS_STARTTIME=1456837205
+ CACTUS_STARTTIME=1456837205
+ mpirun -np 60 -hostfile /home/himanshu/Backup/Cactus/datanodes /home/himanshu/simulations/test_13/SIMFACTORY/exe/cactus_sim -L 3 /home/himanshu/simulations/test_13/output-0000/gaussian.par
+ set -e
+ cd /home/himanshu/simulations/test_13/output-0000-active
+ echo Checking:
+ pwd
+ hostname
/home/himanshu/simulations/test_13/SIMFACTORY/exe/cactus_sim: error while loading shared libraries: libhdf5hl_fortran.so.7: cannot open shared object file: No such file or directory
/home/himanshu/simulations/test_13/SIMFACTORY/exe/cactus_sim: error while loading shared libraries: libhdf5hl_fortran.so.7: cannot open shared object file: No such file or directory
/home/himanshu/simulations/test_13/SIMFACTORY/exe/cactus_sim: error while loading shared libraries: libhdf5hl_fortran.so.7: cannot open shared object file: No such file or directory
/home/himanshu/simulations/test_13/SIMFACTORY/exe/cactus_sim: error while loading shared libraries: libhdf5hl_fortran.so.7: cannot open shared object file: No such file or directory
/home/himanshu/simulations/test_13/SIMFACTORY/exe/cactus_sim: error while loading shared libraries: libhdf5hl_fortran.so.7: cannot open shared object file: No such file or directory
/home/himanshu/simulations/test_13/SIMFACTORY/exe/cactus_sim: error while loading shared libraries: libhdf5hl_fortran.so.7: cannot open shared object file: No such file or directory
/home/himanshu/simulations/test_13/SIMFACTORY/exe/cactus_sim: error while loading shared libraries: libhdf5hl_fortran.so.7: cannot open shared object file: No such file or directory
/home/himanshu/simulations/test_13/SIMFACTORY/exe/cactus_sim: error while loading shared libraries: libhdf5hl_fortran.so.7: cannot open shared object file: No such file or directory
/home/himanshu/simulations/test_13/SIMFACTORY/exe/cactus_sim: error while loading shared libraries: libhdf5hl_fortran.so.7: cannot open shared object file: No such file or directory
/home/himanshu/simulations/test_13/SIMFACTORY/exe/cactus_sim: error while loading shared libraries: libhdf5hl_fortran.so.7: cannot open shared object file: No such file or directory
/home/himanshu/simulations/test_13/SIMFACTORY/exe/cactus_sim: error while loading shared libraries: libhdf5hl_fortran.so.7: cannot open shared object file: No such file or directory
/home/himanshu/simulations/test_13/SIMFACTORY/exe/cactus_sim: error while loading shared libraries: libhdf5hl_fortran.so.7: cannot open shared object file: No such file or directory
/home/himanshu/simulations/test_13/SIMFACTORY/exe/cactus_sim: error while loading shared libraries: libhdf5hl_fortran.so.7: cannot open shared object file: No such file or directory
/home/himanshu/simulations/test_13/SIMFACTORY/exe/cactus_sim: error while loading shared libraries: libhdf5hl_fortran.so.7: cannot open shared object file: No such file or directory
/home/himanshu/simulations/test_13/SIMFACTORY/exe/cactus_sim: error while loading shared libraries: libhdf5hl_fortran.so.7: cannot open shared object file: No such file or directory
/home/himanshu/simulations/test_13/SIMFACTORY/exe/cactus_sim: error while loading shared libraries: libhdf5hl_fortran.so.7: cannot open shared object file: No such file or directory
/home/himanshu/simulations/test_13/SIMFACTORY/exe/cactus_sim: error while loading shared libraries: libhdf5hl_fortran.so.7: cannot open shared object file: No such file or directory
/home/himanshu/simulations/test_13/SIMFACTORY/exe/cactus_sim: error while loading shared libraries: libhdf5hl_fortran.so.7: cannot open shared object file: No such file or directory
/home/himanshu/simulations/test_13/SIMFACTORY/exe/cactus_sim: error while loading shared libraries: libhdf5hl_fortran.so.7: cannot open shared object file: No such file or directory
/home/himanshu/simulations/test_13/SIMFACTORY/exe/cactus_sim: error while loading shared libraries: libhdf5hl_fortran.so.7: cannot open shared object file: No such file or directory
Warning: Permanently added 'cn02,172.22.2.232' (RSA) to the list of known hosts.
Warning: Permanently added 'cn01,172.22.2.231' (RSA) to the list of known hosts.
+ cat /home/himanshu/Backup/Cactus/datanodes
+ date
+ cat /home/himanshu/Backup/Cactus/datanodes
+ echo 'Starting: ModernFamily'
++ date +%s
+ cat /home/himanshu/Backup/Cactus/datanodes
+ export CACTUS_STARTTIME=1456837205
+ CACTUS_STARTTIME=1456837205
+ mpirun -np 60 -hostfile /home/himanshu/Backup/Cactus/datanodes /home/himanshu/simulations/test_13/SIMFACTORY/exe/cactus_sim -L 3 /home/himanshu/simulations/test_13/output-0000/gaussian.par
/home/himanshu/simulations/test_13/SIMFACTORY/exe/cactus_sim: error while loading shared libraries: libhdf5hl_fortran.so.7: cannot open shared object file: No such file or directory
/home/himanshu/simulations/test_13/SIMFACTORY/exe/cactus_sim: error while loading shared libraries: libhdf5hl_fortran.so.7: cannot open shared object file: No such file or directory
/home/himanshu/simulations/test_13/SIMFACTORY/exe/cactus_sim: error while loading shared libraries: libhdf5hl_fortran.so.7: cannot open shared object file: No such file or directory
/home/himanshu/simulations/test_13/SIMFACTORY/exe/cactus_sim: error while loading shared libraries: libhdf5hl_fortran.so.7: cannot open shared object file: No such file or directory
/home/himanshu/simulations/test_13/SIMFACTORY/exe/cactus_sim: error while loading shared libraries: libhdf5hl_fortran.so.7: cannot open shared object file: No such file or directory
/home/himanshu/simulations/test_13/SIMFACTORY/exe/cactus_sim: error while loading shared libraries: libhdf5hl_fortran.so.7: cannot open shared object file: No such file or directory
/home/himanshu/simulations/test_13/SIMFACTORY/exe/cactus_sim: error while loading shared libraries: libhdf5hl_fortran.so.7: cannot open shared object file: No such file or directory
/home/himanshu/simulations/test_13/SIMFACTORY/exe/cactus_sim: error while loading shared libraries: libhdf5hl_fortran.so.7: cannot open shared object file: No such file or directory
/home/himanshu/simulations/test_13/SIMFACTORY/exe/cactus_sim: error while loading shared libraries: libhdf5hl_fortran.so.7: cannot open shared object file: No such file or directory
/home/himanshu/simulations/test_13/SIMFACTORY/exe/cactus_sim: error while loading shared libraries: libhdf5hl_fortran.so.7: cannot open shared object file: No such file or directory
/home/himanshu/simulations/test_13/SIMFACTORY/exe/cactus_sim: error while loading shared libraries: libhdf5hl_fortran.so.7: cannot open shared object file: No such file or directory
/home/himanshu/simulations/test_13/SIMFACTORY/exe/cactus_sim: error while loading shared libraries: libhdf5hl_fortran.so.7: cannot open shared object file: No such file or directory
/home/himanshu/simulations/test_13/SIMFACTORY/exe/cactus_sim: error while loading shared libraries: libhdf5hl_fortran.so.7: cannot open shared object file: No such file or directory
/home/himanshu/simulations/test_13/SIMFACTORY/exe/cactus_sim: error while loading shared libraries: libhdf5hl_fortran.so.7: cannot open shared object file: No such file or directory
/home/himanshu/simulations/test_13/SIMFACTORY/exe/cactus_sim: error while loading shared libraries: libhdf5hl_fortran.so.7: cannot open shared object file: No such file or directory
/home/himanshu/simulations/test_13/SIMFACTORY/exe/cactus_sim: error while loading shared libraries: libhdf5hl_fortran.so.7: cannot open shared object file: No such file or directory
/home/himanshu/simulations/test_13/SIMFACTORY/exe/cactus_sim: error while loading shared libraries: libhdf5hl_fortran.so.7: cannot open shared object file: No such file or directory
/home/himanshu/simulations/test_13/SIMFACTORY/exe/cactus_sim: error while loading shared libraries: libhdf5hl_fortran.so.7: cannot open shared object file: No such file or directory
/home/himanshu/simulations/test_13/SIMFACTORY/exe/cactus_sim: error while loading shared libraries: libhdf5hl_fortran.so.7: cannot open shared object file: No such file or directory
/home/himanshu/simulations/test_13/SIMFACTORY/exe/cactus_sim: error while loading shared libraries: libhdf5hl_fortran.so.7: cannot open shared object file: No such file or directory
Warning: Permanently added 'cn01,172.22.2.231' (RSA) to the list of known hosts.
Warning: Permanently added 'cn02,172.22.2.232' (RSA) to the list of known hosts.
+ echo 'Starting: ModernFamily'
++ date +%s
+ export CACTUS_STARTTIME=1456837205
+ CACTUS_STARTTIME=1456837205
+ mpirun -np 60 -hostfile /home/himanshu/Backup/Cactus/datanodes /home/himanshu/simulations/test_13/SIMFACTORY/exe/cactus_sim -L 3 /home/himanshu/simulations/test_13/output-0000/gaussian.par
Warning: Permanently added 'cn02,172.22.2.232' (RSA) to the list of known hosts.
Warning: Permanently added 'cn01,172.22.2.231' (RSA) to the list of known hosts.
Warning: Permanently added 'cn03,172.22.2.233' (RSA) to the list of known hosts.
[proxy:0:0@cn01] HYD_pmcd_pmip_control_cmd_cb (./pm/pmiserv/pmip_cb.c:981): assert (!closed) failed
[proxy:0:0@cn01] HYDT_dmxu_poll_wait_for_event (./tools/demux/demux_poll.c:77): callback returned error status
[proxy:0:0@cn01] main (./pm/pmiserv/pmip.c:226): demux engine error waiting for event
[mpiexec@cn03] control_cb (./pm/pmiserv/pmiserv_cb.c:215): assert (!closed) failed
[mpiexec@cn03] HYDT_dmxu_poll_wait_for_event (./tools/demux/demux_poll.c:77): callback returned error status
[mpiexec@cn03] HYD_pmci_wait_for_completion (./pm/pmiserv/pmiserv_pmci.c:181): error waiting for event
[mpiexec@cn03] main (./ui/mpich/mpiexec.c:405): process manager error waiting for completion
[proxy:0:0@cn01] HYD_pmcd_pmip_control_cmd_cb (./pm/pmiserv/pmip_cb.c:981): assert (!closed) failed
[proxy:0:0@cn01] HYDT_dmxu_poll_wait_for_event (./tools/demux/demux_poll.c:77): callback returned error status
[proxy:0:0@cn01] main (./pm/pmiserv/pmip.c:226): demux engine error waiting for event
[mpiexec@cn03] control_cb (./pm/pmiserv/pmiserv_cb.c:215): assert (!closed) failed
[mpiexec@cn03] HYDT_dmxu_poll_wait_for_event (./tools/demux/demux_poll.c:77): callback returned error status
[mpiexec@cn03] HYD_pmci_wait_for_completion (./pm/pmiserv/pmiserv_pmci.c:181): error waiting for event
[mpiexec@cn03] main (./ui/mpich/mpiexec.c:405): process manager error waiting for completion
+ echo Environment:
+ export CACTUS_NUM_PROCS=60
+ CACTUS_NUM_PROCS=60
+ export CACTUS_NUM_THREADS=1
+ CACTUS_NUM_THREADS=1
+ export GMON_OUT_PREFIX=gmon.out
+ GMON_OUT_PREFIX=gmon.out
+ export OMP_NUM_THREADS=1
+ OMP_NUM_THREADS=1
+ env
+ sort
[proxy:0:0@cn01] HYD_pmcd_pmip_control_cmd_cb (./pm/pmiserv/pmip_cb.c:981): assert (!closed) failed
[proxy:0:0@cn01] HYDT_dmxu_poll_wait_for_event (./tools/demux/demux_poll.c:77): callback returned error status
[proxy:0:0@cn01] main (./pm/pmiserv/pmip.c:226): demux engine error waiting for event
[mpiexec@cn04] control_cb (./pm/pmiserv/pmiserv_cb.c:215): assert (!closed) failed
[mpiexec@cn04] HYDT_dmxu_poll_wait_for_event (./tools/demux/demux_poll.c:77): callback returned error status
[mpiexec@cn04] HYD_pmci_wait_for_completion (./pm/pmiserv/pmiserv_pmci.c:181): error waiting for event
[mpiexec@cn04] main (./ui/mpich/mpiexec.c:405): process manager error waiting for completion
+ echo Environment:
+ export CACTUS_NUM_PROCS=60
+ CACTUS_NUM_PROCS=60
+ export CACTUS_NUM_THREADS=1
+ CACTUS_NUM_THREADS=1
+ export GMON_OUT_PREFIX=gmon.out
+ GMON_OUT_PREFIX=gmon.out
+ export OMP_NUM_THREADS=1
+ OMP_NUM_THREADS=1
+ env
+ sort
+ echo 'Starting: ModernFamily'
++ date +%s
+ export CACTUS_STARTTIME=1456837205
+ CACTUS_STARTTIME=1456837205
+ mpirun -np 60 -hostfile /home/himanshu/Backup/Cactus/datanodes /home/himanshu/simulations/test_13/SIMFACTORY/exe/cactus_sim -L 3 /home/himanshu/simulations/test_13/output-0000/gaussian.par
[proxy:0:0@cn01] HYDU_create_process (./utils/launch/launch.c:36): dup2 error (Bad file descriptor)
[proxy:0:0@cn01] launch_procs (./pm/pmiserv/pmip_cb.c:751): create process returned error
[proxy:0:0@cn01] HYD_pmcd_pmip_control_cmd_cb (./pm/pmiserv/pmip_cb.c:935): launch_procs returned error
[proxy:0:0@cn01] HYDT_dmxu_poll_wait_for_event (./tools/demux/demux_poll.c:77): callback returned error status
[proxy:0:0@cn01] main (./pm/pmiserv/pmip.c:226): demux engine error waiting for event
[proxy:0:0@cn01] HYD_pmcd_pmip_control_cmd_cb (./pm/pmiserv/pmip_cb.c:981): assert (!closed) failed
[proxy:0:0@cn01] HYDT_dmxu_poll_wait_for_event (./tools/demux/demux_poll.c:77): callback returned error status
[proxy:0:0@cn01] main (./pm/pmiserv/pmip.c:226): demux engine error waiting for event
[mpiexec@cn01] control_cb (./pm/pmiserv/pmiserv_cb.c:215): assert (!closed) failed
[mpiexec@cn01] HYDT_dmxu_poll_wait_for_event (./tools/demux/demux_poll.c:77): callback returned error status
[mpiexec@cn01] HYD_pmci_wait_for_completion (./pm/pmiserv/pmiserv_pmci.c:181): error waiting for event
[mpiexec@cn01] main (./ui/mpich/mpiexec.c:405): process manager error waiting for completion
+ echo Environment:
+ export CACTUS_NUM_PROCS=60
+ CACTUS_NUM_PROCS=60
+ export CACTUS_NUM_THREADS=1
+ CACTUS_NUM_THREADS=1
+ export GMON_OUT_PREFIX=gmon.out
+ GMON_OUT_PREFIX=gmon.out
+ export OMP_NUM_THREADS=1
+ OMP_NUM_THREADS=1
+ env
+ sort
+ echo Environment:
+ export CACTUS_NUM_PROCS=60
+ CACTUS_NUM_PROCS=60
+ export CACTUS_NUM_THREADS=1
+ CACTUS_NUM_THREADS=1
+ export GMON_OUT_PREFIX=gmon.out
+ GMON_OUT_PREFIX=gmon.out
+ export OMP_NUM_THREADS=1
+ OMP_NUM_THREADS=1
+ env
+ sort
+ echo Environment:
+ export CACTUS_NUM_PROCS=60
+ CACTUS_NUM_PROCS=60
+ export CACTUS_NUM_THREADS=1
+ CACTUS_NUM_THREADS=1
+ export GMON_OUT_PREFIX=gmon.out
+ GMON_OUT_PREFIX=gmon.out
+ export OMP_NUM_THREADS=1
+ OMP_NUM_THREADS=1
+ env
+ sort
+ echo 'Starting: ModernFamily'
++ date +%s
+ export CACTUS_STARTTIME=1456837206
+ CACTUS_STARTTIME=1456837206
+ mpirun -np 60 -hostfile /home/himanshu/Backup/Cactus/datanodes /home/himanshu/simulations/test_13/SIMFACTORY/exe/cactus_sim -L 3 /home/himanshu/simulations/test_13/output-0000/gaussian.par
Warning: Permanently added 'cn02,172.22.2.232' (RSA) to the list of known hosts.
Warning: Permanently added 'cn03,172.22.2.233' (RSA) to the list of known hosts.
Warning: Permanently added 'cn01,172.22.2.231' (RSA) to the list of known hosts.
+ echo 'Starting: ModernFamily'
++ date +%s
+ export CACTUS_STARTTIME=1456837206
+ CACTUS_STARTTIME=1456837206
+ mpirun -np 60 -hostfile /home/himanshu/Backup/Cactus/datanodes /home/himanshu/simulations/test_13/SIMFACTORY/exe/cactus_sim -L 3 /home/himanshu/simulations/test_13/output-0000/gaussian.par
Warning: Permanently added 'cn01,172.22.2.231' (RSA) to the list of known hosts.
Warning: Permanently added 'cn02,172.22.2.232' (RSA) to the list of known hosts.
Warning: Permanently added 'cn03,172.22.2.233' (RSA) to the list of known hosts.
+ echo 'Starting: ModernFamily'
++ date +%s
+ export CACTUS_STARTTIME=1456837206
+ CACTUS_STARTTIME=1456837206
+ mpirun -np 60 -hostfile /home/himanshu/Backup/Cactus/datanodes /home/himanshu/simulations/test_13/SIMFACTORY/exe/cactus_sim -L 3 /home/himanshu/simulations/test_13/output-0000/gaussian.par
/home/himanshu/simulations/test_13/SIMFACTORY/exe/cactus_sim: error while loading shared libraries: libhdf5hl_fortran.so.7: cannot open shared object file: No such file or directory
/home/himanshu/simulations/test_13/SIMFACTORY/exe/cactus_sim: error while loading shared libraries: libhdf5hl_fortran.so.7: cannot open shared object file: No such file or directory
/home/himanshu/simulations/test_13/SIMFACTORY/exe/cactus_sim: error while loading shared libraries: libhdf5hl_fortran.so.7: cannot open shared object file: No such file or directory
/home/himanshu/simulations/test_13/SIMFACTORY/exe/cactus_sim: error while loading shared libraries: libhdf5hl_fortran.so.7: cannot open shared object file: No such file or directory
/home/himanshu/simulations/test_13/SIMFACTORY/exe/cactus_sim: error while loading shared libraries: libhdf5hl_fortran.so.7: cannot open shared object file: No such file or directory
/home/himanshu/simulations/test_13/SIMFACTORY/exe/cactus_sim: error while loading shared libraries: libhdf5hl_fortran.so.7: cannot open shared object file: No such file or directory
/home/himanshu/simulations/test_13/SIMFACTORY/exe/cactus_sim: error while loading shared libraries: libhdf5hl_fortran.so.7: cannot open shared object file: No such file or directory
/home/himanshu/simulations/test_13/SIMFACTORY/exe/cactus_sim: error while loading shared libraries: libhdf5hl_fortran.so.7: cannot open shared object file: No such file or directory
/home/himanshu/simulations/test_13/SIMFACTORY/exe/cactus_sim: error while loading shared libraries: libhdf5hl_fortran.so.7: cannot open shared object file: No such file or directory
/home/himanshu/simulations/test_13/SIMFACTORY/exe/cactus_sim: error while loading shared libraries: libhdf5hl_fortran.so.7: cannot open shared object file: No such file or directory
/home/himanshu/simulations/test_13/SIMFACTORY/exe/cactus_sim: error while loading shared libraries: libhdf5hl_fortran.so.7: cannot open shared object file: No such file or directory
/home/himanshu/simulations/test_13/SIMFACTORY/exe/cactus_sim: error while loading shared libraries: libhdf5hl_fortran.so.7: cannot open shared object file: No such file or directory
/home/himanshu/simulations/test_13/SIMFACTORY/exe/cactus_sim: error while loading shared libraries: libhdf5hl_fortran.so.7: cannot open shared object file: No such file or directory
/home/himanshu/simulations/test_13/SIMFACTORY/exe/cactus_sim: error while loading shared libraries: libhdf5hl_fortran.so.7: cannot open shared object file: No such file or directory
/home/himanshu/simulations/test_13/SIMFACTORY/exe/cactus_sim: error while loading shared libraries: libhdf5hl_fortran.so.7: cannot open shared object file: No such file or directory
/home/himanshu/simulations/test_13/SIMFACTORY/exe/cactus_sim: error while loading shared libraries: libhdf5hl_fortran.so.7: cannot open shared object file: No such file or directory
/home/himanshu/simulations/test_13/SIMFACTORY/exe/cactus_sim: error while loading shared libraries: libhdf5hl_fortran.so.7: cannot open shared object file: No such file or directory
/home/himanshu/simulations/test_13/SIMFACTORY/exe/cactus_sim: error while loading shared libraries: libhdf5hl_fortran.so.7: cannot open shared object file: No such file or directory
/home/himanshu/simulations/test_13/SIMFACTORY/exe/cactus_sim: error while loading shared libraries: libhdf5hl_fortran.so.7: cannot open shared object file: No such file or directory
/home/himanshu/simulations/test_13/SIMFACTORY/exe/cactus_sim: error while loading shared libraries: libhdf5hl_fortran.so.7: cannot open shared object file: No such file or directory
/home/himanshu/simulations/test_13/SIMFACTORY/exe/cactus_sim: error while loading shared libraries: libhdf5hl_fortran.so.7: cannot open shared object file: No such file or directory
/home/himanshu/simulations/test_13/SIMFACTORY/exe/cactus_sim: error while loading shared libraries: libhdf5hl_fortran.so.7: cannot open shared object file: No such file or directory
/home/himanshu/simulations/test_13/SIMFACTORY/exe/cactus_sim: error while loading shared libraries: libhdf5hl_fortran.so.7: cannot open shared object file: No such file or directory
/home/himanshu/simulations/test_13/SIMFACTORY/exe/cactus_sim: error while loading shared libraries: libhdf5hl_fortran.so.7: cannot open shared object file: No such file or directory
/home/himanshu/simulations/test_13/SIMFACTORY/exe/cactus_sim: error while loading shared libraries: libhdf5hl_fortran.so.7: cannot open shared object file: No such file or directory
/home/himanshu/simulations/test_13/SIMFACTORY/exe/cactus_sim: error while loading shared libraries: libhdf5hl_fortran.so.7: cannot open shared object file: No such file or directory
/home/himanshu/simulations/test_13/SIMFACTORY/exe/cactus_sim: error while loading shared libraries: libhdf5hl_fortran.so.7: cannot open shared object file: No such file or directory
/home/himanshu/simulations/test_13/SIMFACTORY/exe/cactus_sim: error while loading shared libraries: libhdf5hl_fortran.so.7: cannot open shared object file: No such file or directory
/home/himanshu/simulations/test_13/SIMFACTORY/exe/cactus_sim: error while loading shared libraries: libhdf5hl_fortran.so.7: cannot open shared object file: No such file or directory
/home/himanshu/simulations/test_13/SIMFACTORY/exe/cactus_sim: error while loading shared libraries: libhdf5hl_fortran.so.7: cannot open shared object file: No such file or directory
/home/himanshu/simulations/test_13/SIMFACTORY/exe/cactus_sim: error while loading shared libraries: libhdf5hl_fortran.so.7: cannot open shared object file: No such file or directory
/home/himanshu/simulations/test_13/SIMFACTORY/exe/cactus_sim: error while loading shared libraries: libhdf5hl_fortran.so.7: cannot open shared object file: No such file or directory
/home/himanshu/simulations/test_13/SIMFACTORY/exe/cactus_sim: error while loading shared libraries: libhdf5hl_fortran.so.7: cannot open shared object file: No such file or directory
/home/himanshu/simulations/test_13/SIMFACTORY/exe/cactus_sim: error while loading shared libraries: libhdf5hl_fortran.so.7: cannot open shared object file: No such file or directory
/home/himanshu/simulations/test_13/SIMFACTORY/exe/cactus_sim: error while loading shared libraries: libhdf5hl_fortran.so.7: cannot open shared object file: No such file or directory
/home/himanshu/simulations/test_13/SIMFACTORY/exe/cactus_sim: error while loading shared libraries: libhdf5hl_fortran.so.7: cannot open shared object file: No such file or directory
/home/himanshu/simulations/test_13/SIMFACTORY/exe/cactus_sim: error while loading shared libraries: libhdf5hl_fortran.so.7: cannot open shared object file: No such file or directory
/home/himanshu/simulations/test_13/SIMFACTORY/exe/cactus_sim: error while loading shared libraries: libhdf5hl_fortran.so.7: cannot open shared object file: No such file or directory
/home/himanshu/simulations/test_13/SIMFACTORY/exe/cactus_sim: error while loading shared libraries: libhdf5hl_fortran.so.7: cannot open shared object file: No such file or directory
/home/himanshu/simulations/test_13/SIMFACTORY/exe/cactus_sim: error while loading shared libraries: libhdf5hl_fortran.so.7: cannot open shared object file: No such file or directory
[proxy:0:0@cn01] HYD_pmcd_pmip_control_cmd_cb (./pm/pmiserv/pmip_cb.c:981): assert (!closed) failed
[proxy:0:0@cn01] HYDT_dmxu_poll_wait_for_event (./tools/demux/demux_poll.c:77): callback returned error status
[proxy:0:0@cn01] main (./pm/pmiserv/pmip.c:226): demux engine error waiting for event
[mpiexec@cn04] control_cb (./pm/pmiserv/pmiserv_cb.c:215): assert (!closed) failed
[mpiexec@cn04] HYDT_dmxu_poll_wait_for_event (./tools/demux/demux_poll.c:77): callback returned error status
[mpiexec@cn04] HYD_pmci_wait_for_completion (./pm/pmiserv/pmiserv_pmci.c:181): error waiting for event
[mpiexec@cn04] main (./ui/mpich/mpiexec.c:405): process manager error waiting for completion
Warning: Permanently added 'cn01,172.22.2.231' (RSA) to the list of known hosts.
Warning: Permanently added 'cn02,172.22.2.232' (RSA) to the list of known hosts.
Warning: Permanently added 'cn03,172.22.2.233' (RSA) to the list of known hosts.
+ echo 'Starting: ModernFamily'
++ date +%s
+ export CACTUS_STARTTIME=1456837206
+ CACTUS_STARTTIME=1456837206
+ mpirun -np 60 -hostfile /home/himanshu/Backup/Cactus/datanodes /home/himanshu/simulations/test_13/SIMFACTORY/exe/cactus_sim -L 3 /home/himanshu/simulations/test_13/output-0000/gaussian.par
Warning: Permanently added 'cn01,172.22.2.231' (RSA) to the list of known hosts.
Warning: Permanently added 'cn03,172.22.2.233' (RSA) to the list of known hosts.
Warning: Permanently added 'cn02,172.22.2.232' (RSA) to the list of known hosts.
[proxy:0:0@cn01] HYD_pmcd_pmip_control_cmd_cb (./pm/pmiserv/pmip_cb.c:981): assert (!closed) failed
[proxy:0:0@cn01] HYDT_dmxu_poll_wait_for_event (./tools/demux/demux_poll.c:77): callback returned error status
[proxy:0:0@cn01] main (./pm/pmiserv/pmip.c:226): demux engine error waiting for event
[mpiexec@cn04] control_cb (./pm/pmiserv/pmiserv_cb.c:215): assert (!closed) failed
[mpiexec@cn04] HYDT_dmxu_poll_wait_for_event (./tools/demux/demux_poll.c:77): callback returned error status
[mpiexec@cn04] HYD_pmci_wait_for_completion (./pm/pmiserv/pmiserv_pmci.c:181): error waiting for event
[mpiexec@cn04] main (./ui/mpich/mpiexec.c:405): process manager error waiting for completion
[proxy:0:0@cn01] HYD_pmcd_pmip_control_cmd_cb (./pm/pmiserv/pmip_cb.c:981): assert (!closed) failed
[proxy:0:0@cn01] HYDT_dmxu_poll_wait_for_event (./tools/demux/demux_poll.c:77): callback returned error status
[proxy:0:0@cn01] main (./pm/pmiserv/pmip.c:226): demux engine error waiting for event
[mpiexec@cn04] control_cb (./pm/pmiserv/pmiserv_cb.c:215): assert (!closed) failed
[mpiexec@cn04] HYDT_dmxu_poll_wait_for_event (./tools/demux/demux_poll.c:77): callback returned error status
[mpiexec@cn04] HYD_pmci_wait_for_completion (./pm/pmiserv/pmiserv_pmci.c:181): error waiting for event
[mpiexec@cn04] main (./ui/mpich/mpiexec.c:405): process manager error waiting for completion
[proxy:0:0@cn01] HYD_pmcd_pmip_control_cmd_cb (./pm/pmiserv/pmip_cb.c:981): assert (!closed) failed
[proxy:0:0@cn01] HYDT_dmxu_poll_wait_for_event (./tools/demux/demux_poll.c:77): callback returned error status
[proxy:0:0@cn01] main (./pm/pmiserv/pmip.c:226): demux engine error waiting for event
[mpiexec@cn04] control_cb (./pm/pmiserv/pmiserv_cb.c:215): assert (!closed) failed
[mpiexec@cn04] HYDT_dmxu_poll_wait_for_event (./tools/demux/demux_poll.c:77): callback returned error status
[mpiexec@cn04] HYD_pmci_wait_for_completion (./pm/pmiserv/pmiserv_pmci.c:181): error waiting for event
[mpiexec@cn04] main (./ui/mpich/mpiexec.c:405): process manager error waiting for completion
bash: /home/himanshu/simulations/test_13/output-0000/SIMFACTORY/RunScript: Text file busy
bash: /home/himanshu/simulations/test_13/output-0000/SIMFACTORY/RunScript: Text file busy
+ set -e
+ cd /home/himanshu/simulations/test_13/output-0000-active
+ echo Checking:
+ pwd
+ hostname
+ date
+ cat /home/himanshu/Backup/Cactus/datanodes
+ echo Environment:
+ export CACTUS_NUM_PROCS=60
+ CACTUS_NUM_PROCS=60
+ export CACTUS_NUM_THREADS=1
+ CACTUS_NUM_THREADS=1
+ export GMON_OUT_PREFIX=gmon.out
+ GMON_OUT_PREFIX=gmon.out
+ export OMP_NUM_THREADS=1
+ OMP_NUM_THREADS=1
+ env
+ sort
+ echo 'Starting: ModernFamily'
++ date +%s
+ export CACTUS_STARTTIME=1456837207
+ CACTUS_STARTTIME=1456837207
+ mpirun -np 60 -hostfile /home/himanshu/Backup/Cactus/datanodes /home/himanshu/simulations/test_13/SIMFACTORY/exe/cactus_sim -L 3 /home/himanshu/simulations/test_13/output-0000/gaussian.par
[proxy:0:0@cn01] HYDU_create_process (./utils/launch/launch.c:36): dup2 error (Bad file descriptor)
[proxy:0:0@cn01] launch_procs (./pm/pmiserv/pmip_cb.c:751): create process returned error
[proxy:0:0@cn01] HYD_pmcd_pmip_control_cmd_cb (./pm/pmiserv/pmip_cb.c:935): launch_procs returned error
[proxy:0:0@cn01] HYDT_dmxu_poll_wait_for_event (./tools/demux/demux_poll.c:77): callback returned error status
[proxy:0:0@cn01] main (./pm/pmiserv/pmip.c:226): demux engine error waiting for event
/home/himanshu/simulations/test_13/SIMFACTORY/exe/cactus_sim: error while loading shared libraries: libhdf5hl_fortran.so.7: cannot open shared object file: No such file or directory
/home/himanshu/simulations/test_13/SIMFACTORY/exe/cactus_sim: error while loading shared libraries: libhdf5hl_fortran.so.7: cannot open shared object file: No such file or directory
/home/himanshu/simulations/test_13/SIMFACTORY/exe/cactus_sim: error while loading shared libraries: libhdf5hl_fortran.so.7: cannot open shared object file: No such file or directory
/home/himanshu/simulations/test_13/SIMFACTORY/exe/cactus_sim: error while loading shared libraries: libhdf5hl_fortran.so.7: cannot open shared object file: No such file or directory
/home/himanshu/simulations/test_13/SIMFACTORY/exe/cactus_sim: error while loading shared libraries: libhdf5hl_fortran.so.7: cannot open shared object file: No such file or directory
/home/himanshu/simulations/test_13/SIMFACTORY/exe/cactus_sim: error while loading shared libraries: libhdf5hl_fortran.so.7: cannot open shared object file: No such file or directory
/home/himanshu/simulations/test_13/SIMFACTORY/exe/cactus_sim: error while loading shared libraries: libhdf5hl_fortran.so.7: cannot open shared object file: No such file or directory
/home/himanshu/simulations/test_13/SIMFACTORY/exe/cactus_sim: error while loading shared libraries: libhdf5hl_fortran.so.7: cannot open shared object file: No such file or directory
/home/himanshu/simulations/test_13/SIMFACTORY/exe/cactus_sim: error while loading shared libraries: libhdf5hl_fortran.so.7: cannot open shared object file: No such file or directory
/home/himanshu/simulations/test_13/SIMFACTORY/exe/cactus_sim: error while loading shared libraries: libhdf5hl_fortran.so.7: cannot open shared object file: No such file or directory
/home/himanshu/simulations/test_13/SIMFACTORY/exe/cactus_sim: error while loading shared libraries: libhdf5hl_fortran.so.7: cannot open shared object file: No such file or directory
/home/himanshu/simulations/test_13/SIMFACTORY/exe/cactus_sim: error while loading shared libraries: libhdf5hl_fortran.so.7: cannot open shared object file: No such file or directory
/home/himanshu/simulations/test_13/SIMFACTORY/exe/cactus_sim: error while loading shared libraries: libhdf5hl_fortran.so.7: cannot open shared object file: No such file or directory
/home/himanshu/simulations/test_13/SIMFACTORY/exe/cactus_sim: error while loading shared libraries: libhdf5hl_fortran.so.7: cannot open shared object file: No such file or directory
/home/himanshu/simulations/test_13/SIMFACTORY/exe/cactus_sim: error while loading shared libraries: libhdf5hl_fortran.so.7: cannot open shared object file: No such file or directory
/home/himanshu/simulations/test_13/SIMFACTORY/exe/cactus_sim: error while loading shared libraries: libhdf5hl_fortran.so.7: cannot open shared object file: No such file or directory
/home/himanshu/simulations/test_13/SIMFACTORY/exe/cactus_sim: error while loading shared libraries: libhdf5hl_fortran.so.7: cannot open shared object file: No such file or directory
/home/himanshu/simulations/test_13/SIMFACTORY/exe/cactus_sim: error while loading shared libraries: libhdf5hl_fortran.so.7: cannot open shared object file: No such file or directory
/home/himanshu/simulations/test_13/SIMFACTORY/exe/cactus_sim: error while loading shared libraries: libhdf5hl_fortran.so.7: cannot open shared object file: No such file or directory
Warning: Permanently added 'cn02,172.22.2.232' (RSA) to the list of known hosts.
Warning: Permanently added 'cn03,172.22.2.233' (RSA) to the list of known hosts.
/home/himanshu/simulations/test_13/SIMFACTORY/exe/cactus_sim: error while loading shared libraries: libhdf5hl_fortran.so.7: cannot open shared object file: No such file or directory
/home/himanshu/simulations/test_13/SIMFACTORY/exe/cactus_sim: error while loading shared libraries: libhdf5hl_fortran.so.7: cannot open shared object file: No such file or directory
/home/himanshu/simulations/test_13/SIMFACTORY/exe/cactus_sim: error while loading shared libraries: libhdf5hl_fortran.so.7: cannot open shared object file: No such file or directory
/home/himanshu/simulations/test_13/SIMFACTORY/exe/cactus_sim: error while loading shared libraries: libhdf5hl_fortran.so.7: cannot open shared object file: No such file or directory
/home/himanshu/simulations/test_13/SIMFACTORY/exe/cactus_sim: error while loading shared libraries: libhdf5hl_fortran.so.7: cannot open shared object file: No such file or directory
/home/himanshu/simulations/test_13/SIMFACTORY/exe/cactus_sim: error while loading shared libraries: libhdf5hl_fortran.so.7: cannot open shared object file: No such file or directory
/home/himanshu/simulations/test_13/SIMFACTORY/exe/cactus_sim: error while loading shared libraries: libhdf5hl_fortran.so.7: cannot open shared object file: No such file or directory
/home/himanshu/simulations/test_13/SIMFACTORY/exe/cactus_sim: error while loading shared libraries: libhdf5hl_fortran.so.7: cannot open shared object file: No such file or directory
/home/himanshu/simulations/test_13/SIMFACTORY/exe/cactus_sim: error while loading shared libraries: libhdf5hl_fortran.so.7: cannot open shared object file: No such file or directory
/home/himanshu/simulations/test_13/SIMFACTORY/exe/cactus_sim: error while loading shared libraries: libhdf5hl_fortran.so.7: cannot open shared object file: No such file or directory
/home/himanshu/simulations/test_13/SIMFACTORY/exe/cactus_sim: error while loading shared libraries: libhdf5hl_fortran.so.7: cannot open shared object file: No such file or directory
/home/himanshu/simulations/test_13/SIMFACTORY/exe/cactus_sim: error while loading shared libraries: libhdf5hl_fortran.so.7: cannot open shared object file: No such file or directory
/home/himanshu/simulations/test_13/SIMFACTORY/exe/cactus_sim: error while loading shared libraries: libhdf5hl_fortran.so.7: cannot open shared object file: No such file or directory
/home/himanshu/simulations/test_13/SIMFACTORY/exe/cactus_sim: error while loading shared libraries: libhdf5hl_fortran.so.7: cannot open shared object file: No such file or directory
/home/himanshu/simulations/test_13/SIMFACTORY/exe/cactus_sim: error while loading shared libraries: libhdf5hl_fortran.so.7: cannot open shared object file: No such file or directory
/home/himanshu/simulations/test_13/SIMFACTORY/exe/cactus_sim: error while loading shared libraries: libhdf5hl_fortran.so.7: cannot open shared object file: No such file or directory
/home/himanshu/simulations/test_13/SIMFACTORY/exe/cactus_sim: error while loading shared libraries: libhdf5hl_fortran.so.7: cannot open shared object file: No such file or directory
/home/himanshu/simulations/test_13/SIMFACTORY/exe/cactus_sim: error while loading shared libraries: libhdf5hl_fortran.so.7: cannot open shared object file: No such file or directory
/home/himanshu/simulations/test_13/SIMFACTORY/exe/cactus_sim: error while loading shared libraries: libhdf5hl_fortran.so.7: cannot open shared object file: No such file or directory
/home/himanshu/simulations/test_13/SIMFACTORY/exe/cactus_sim: error while loading shared libraries: libhdf5hl_fortran.so.7: cannot open shared object file: No such file or directory
/home/himanshu/simulations/test_13/SIMFACTORY/exe/cactus_sim: error while loading shared libraries: libhdf5hl_fortran.so.7: cannot open shared object file: No such file or directory
/home/himanshu/simulations/test_13/SIMFACTORY/exe/cactus_sim: error while loading shared libraries: libhdf5hl_fortran.so.7: cannot open shared object file: No such file or directory
/home/himanshu/simulations/test_13/SIMFACTORY/exe/cactus_sim: error while loading shared libraries: libhdf5hl_fortran.so.7: cannot open shared object file: No such file or directory
/home/himanshu/simulations/test_13/SIMFACTORY/exe/cactus_sim: error while loading shared libraries: libhdf5hl_fortran.so.7: cannot open shared object file: No such file or directory
/home/himanshu/simulations/test_13/SIMFACTORY/exe/cactus_sim: error while loading shared libraries: libhdf5hl_fortran.so.7: cannot open shared object file: No such file or directory
/home/himanshu/simulations/test_13/SIMFACTORY/exe/cactus_sim: error while loading shared libraries: libhdf5hl_fortran.so.7: cannot open shared object file: No such file or directory
/home/himanshu/simulations/test_13/SIMFACTORY/exe/cactus_sim: error while loading shared libraries: libhdf5hl_fortran.so.7: cannot open shared object file: No such file or directory
/home/himanshu/simulations/test_13/SIMFACTORY/exe/cactus_sim: error while loading shared libraries: libhdf5hl_fortran.so.7: cannot open shared object file: No such file or directory
/home/himanshu/simulations/test_13/SIMFACTORY/exe/cactus_sim: error while loading shared libraries: libhdf5hl_fortran.so.7: cannot open shared object file: No such file or directory
/home/himanshu/simulations/test_13/SIMFACTORY/exe/cactus_sim: error while loading shared libraries: libhdf5hl_fortran.so.7: cannot open shared object file: No such file or directory
/home/himanshu/simulations/test_13/SIMFACTORY/exe/cactus_sim: error while loading shared libraries: libhdf5hl_fortran.so.7: cannot open shared object file: No such file or directory
/home/himanshu/simulations/test_13/SIMFACTORY/exe/cactus_sim: error while loading shared libraries: libhdf5hl_fortran.so.7: cannot open shared object file: No such file or directory
/home/himanshu/simulations/test_13/SIMFACTORY/exe/cactus_sim: error while loading shared libraries: libhdf5hl_fortran.so.7: cannot open shared object file: No such file or directory
/home/himanshu/simulations/test_13/SIMFACTORY/exe/cactus_sim: error while loading shared libraries: libhdf5hl_fortran.so.7: cannot open shared object file: No such file or directory
/home/himanshu/simulations/test_13/SIMFACTORY/exe/cactus_sim: error while loading shared libraries: libhdf5hl_fortran.so.7: cannot open shared object file: No such file or directory
/home/himanshu/simulations/test_13/SIMFACTORY/exe/cactus_sim: error while loading shared libraries: libhdf5hl_fortran.so.7: cannot open shared object file: No such file or directory
/home/himanshu/simulations/test_13/SIMFACTORY/exe/cactus_sim: error while loading shared libraries: libhdf5hl_fortran.so.7: cannot open shared object file: No such file or directory
/home/himanshu/simulations/test_13/SIMFACTORY/exe/cactus_sim: error while loading shared libraries: libhdf5hl_fortran.so.7: cannot open shared object file: No such file or directory
/home/himanshu/simulations/test_13/SIMFACTORY/exe/cactus_sim: error while loading shared libraries: libhdf5hl_fortran.so.7: cannot open shared object file: No such file or directory
/home/himanshu/simulations/test_13/SIMFACTORY/exe/cactus_sim: error while loading shared libraries: libhdf5hl_fortran.so.7: cannot open shared object file: No such file or directory
+ set -e
+ cd /home/himanshu/simulations/test_13/output-0000-active
+ echo Checking:
+ pwd
+ hostname
+ set -e
+ cd /home/himanshu/simulations/test_13/output-0000-active
+ echo Checking:
+ pwd
+ hostname
+ date
+ cat /home/himanshu/Backup/Cactus/datanodes
+ date
bash: /home/himanshu/simulations/test_13/output-0000/SIMFACTORY/RunScript: /bin/bash: bad interpreter: Text file busy
+ cat /home/himanshu/Backup/Cactus/datanodes
+ set -e
+ cd /home/himanshu/simulations/test_13/output-0000-active
+ echo Checking:
+ pwd
+ hostname
+ set -e
+ cd /home/himanshu/simulations/test_13/output-0000-active
+ echo Checking:
+ pwd
+ hostname
+ echo Environment:
+ export CACTUS_NUM_PROCS=60
+ CACTUS_NUM_PROCS=60
+ date
+ export CACTUS_NUM_THREADS=1
+ CACTUS_NUM_THREADS=1
+ export GMON_OUT_PREFIX=gmon.out
+ GMON_OUT_PREFIX=gmon.out
+ export OMP_NUM_THREADS=1
+ OMP_NUM_THREADS=1
+ env
+ sort
+ cat /home/himanshu/Backup/Cactus/datanodes
+ date
+ cat /home/himanshu/Backup/Cactus/datanodes
bash: /home/himanshu/simulations/test_13/output-0000/SIMFACTORY/RunScript: /bin/bash: bad interpreter: Text file busy
+ set -e
+ cd /home/himanshu/simulations/test_13/output-0000-active
+ echo Checking:
+ pwd
+ hostname
+ echo 'Starting: ModernFamily'
++ date +%s
+ export CACTUS_STARTTIME=1456837208
+ CACTUS_STARTTIME=1456837208
+ mpirun -np 60 -hostfile /home/himanshu/Backup/Cactus/datanodes /home/himanshu/simulations/test_13/SIMFACTORY/exe/cactus_sim -L 3 /home/himanshu/simulations/test_13/output-0000/gaussian.par
[mpiexec@cn01] control_cb (./pm/pmiserv/pmiserv_cb.c:321): assert (!closed) failed
[mpiexec@cn01] HYDT_dmxu_poll_wait_for_event (./tools/demux/demux_poll.c:77): callback returned error status
[mpiexec@cn01] HYD_pmci_wait_for_completion (./pm/pmiserv/pmiserv_pmci.c:181): error waiting for event
[mpiexec@cn01] main (./ui/mpich/mpiexec.c:405): process manager error waiting for completion
+ date
+ set -e
+ cd /home/himanshu/simulations/test_13/output-0000-active
+ echo Checking:
+ pwd
+ hostname
+ echo Environment:
+ export CACTUS_NUM_PROCS=60
+ CACTUS_NUM_PROCS=60
+ export CACTUS_NUM_THREADS=1
+ CACTUS_NUM_THREADS=1
+ export GMON_OUT_PREFIX=gmon.out
+ GMON_OUT_PREFIX=gmon.out
+ export OMP_NUM_THREADS=1
+ OMP_NUM_THREADS=1
+ env
bash: /home/himanshu/simulations/test_13/output-0000/SIMFACTORY/RunScript: /bin/bash: bad interpreter: Text file busy
+ sort
+ set -e
+ cd /home/himanshu/simulations/test_13/output-0000-active
+ echo Checking:
+ pwd
+ hostname
+ echo Environment:
+ export CACTUS_NUM_PROCS=60
+ date
+ cat /home/himanshu/Backup/Cactus/datanodes
+ CACTUS_NUM_PROCS=60
+ export CACTUS_NUM_THREADS=1
+ CACTUS_NUM_THREADS=1
+ export GMON_OUT_PREFIX=gmon.out
+ GMON_OUT_PREFIX=gmon.out
+ export OMP_NUM_THREADS=1
+ echo Environment:
+ OMP_NUM_THREADS=1
+ export CACTUS_NUM_PROCS=60
+ CACTUS_NUM_PROCS=60
+ export CACTUS_NUM_THREADS=1
+ CACTUS_NUM_THREADS=1
+ export GMON_OUT_PREFIX=gmon.out
+ GMON_OUT_PREFIX=gmon.out
+ export OMP_NUM_THREADS=1
+ OMP_NUM_THREADS=1
+ env
+ env
+ set -e
+ cd /home/himanshu/simulations/test_13/output-0000-active
+ echo Checking:
+ pwd
+ hostname
+ date
+ cat /home/himanshu/Backup/Cactus/datanodes
+ date
+ sort
+ sort
+ cat /home/himanshu/Backup/Cactus/datanodes
+ cat /home/himanshu/Backup/Cactus/datanodes
bash: /home/himanshu/simulations/test_13/output-0000/SIMFACTORY/RunScript: /bin/bash: bad interpreter: Text file busy
+ set -e
+ cd /home/himanshu/simulations/test_13/output-0000-active
+ echo Checking:
+ pwd
+ hostname
bash: /home/himanshu/simulations/test_13/output-0000/SIMFACTORY/RunScript: /bin/bash: bad interpreter: Text file busy
+ echo 'Starting: ModernFamily'
++ date +%s
+ date
+ export CACTUS_STARTTIME=1456837209
+ CACTUS_STARTTIME=1456837209
+ mpirun -np 60 -hostfile /home/himanshu/Backup/Cactus/datanodes /home/himanshu/simulations/test_13/SIMFACTORY/exe/cactus_sim -L 3 /home/himanshu/simulations/test_13/output-0000/gaussian.par
+ cat /home/himanshu/Backup/Cactus/datanodes
[proxy:0:0@cn01] HYDU_create_process (./utils/launch/launch.c:36): dup2 error (Bad file descriptor)
[proxy:0:0@cn01] launch_procs (./pm/pmiserv/pmip_cb.c:751): create process returned error
[proxy:0:0@cn01] HYD_pmcd_pmip_control_cmd_cb (./pm/pmiserv/pmip_cb.c:935): launch_procs returned error
[proxy:0:0@cn01] HYDT_dmxu_poll_wait_for_event (./tools/demux/demux_poll.c:77): callback returned error status
[proxy:0:0@cn01] main (./pm/pmiserv/pmip.c:226): demux engine error waiting for event
[proxy:0:0@cn01] HYD_pmcd_pmip_control_cmd_cb (./pm/pmiserv/pmip_cb.c:981): assert (!closed) failed
[proxy:0:0@cn01] HYDT_dmxu_poll_wait_for_event (./tools/demux/demux_poll.c:77): callback returned error status
[proxy:0:0@cn01] main (./pm/pmiserv/pmip.c:226): demux engine error waiting for event
[mpiexec@cn01] control_cb (./pm/pmiserv/pmiserv_cb.c:215): assert (!closed) failed
[mpiexec@cn01] HYDT_dmxu_poll_wait_for_event (./tools/demux/demux_poll.c:77): callback returned error status
[mpiexec@cn01] HYD_pmci_wait_for_completion (./pm/pmiserv/pmiserv_pmci.c:181): error waiting for event
[mpiexec@cn01] main (./ui/mpich/mpiexec.c:405): process manager error waiting for completion
+ echo 'Starting: ModernFamily'
+ echo 'Starting: ModernFamily'
++ date +%s
++ date +%s
+ set -e
+ cd /home/himanshu/simulations/test_13/output-0000-active
+ echo Checking:
+ pwd
+ hostname
+ echo Environment:
+ export CACTUS_NUM_PROCS=60
+ CACTUS_NUM_PROCS=60
+ export CACTUS_NUM_THREADS=1
+ CACTUS_NUM_THREADS=1
+ export GMON_OUT_PREFIX=gmon.out
+ GMON_OUT_PREFIX=gmon.out
+ export OMP_NUM_THREADS=1
+ OMP_NUM_THREADS=1
+ env
bash: /home/himanshu/simulations/test_13/output-0000/SIMFACTORY/RunScript: /bin/bash: bad interpreter: Text file busy
+ export CACTUS_STARTTIME=1456837209
+ CACTUS_STARTTIME=1456837209
+ export CACTUS_STARTTIME=1456837209
+ CACTUS_STARTTIME=1456837209
+ sort
+ echo Environment:
+ export CACTUS_NUM_PROCS=60
+ CACTUS_NUM_PROCS=60
+ export CACTUS_NUM_THREADS=1
+ CACTUS_NUM_THREADS=1
+ export GMON_OUT_PREFIX=gmon.out
+ GMON_OUT_PREFIX=gmon.out
+ export OMP_NUM_THREADS=1
+ OMP_NUM_THREADS=1
+ env
+ set -e
+ cd /home/himanshu/simulations/test_13/output-0000-active
+ echo Checking:
+ pwd
+ hostname
+ date
+ echo Environment:
+ export CACTUS_NUM_PROCS=60
+ echo Environment:
+ CACTUS_NUM_PROCS=60
+ export CACTUS_NUM_THREADS=1
+ CACTUS_NUM_THREADS=1
+ mpirun -np 60 -hostfile /home/himanshu/Backup/Cactus/datanodes /home/himanshu/simulations/test_13/SIMFACTORY/exe/cactus_sim -L 3 /home/himanshu/simulations/test_13/output-0000/gaussian.par
+ echo Environment:
+ export CACTUS_NUM_PROCS=60
+ export CACTUS_NUM_PROCS=60
+ CACTUS_NUM_PROCS=60
+ export CACTUS_NUM_THREADS=1
+ CACTUS_NUM_THREADS=1
+ export GMON_OUT_PREFIX=gmon.out
+ GMON_OUT_PREFIX=gmon.out
+ export OMP_NUM_THREADS=1
+ OMP_NUM_THREADS=1
+ CACTUS_NUM_PROCS=60
+ export CACTUS_NUM_THREADS=1
+ CACTUS_NUM_THREADS=1
+ mpirun -np 60 -hostfile /home/himanshu/Backup/Cactus/datanodes /home/himanshu/simulations/test_13/SIMFACTORY/exe/cactus_sim -L 3 /home/himanshu/simulations/test_13/output-0000/gaussian.par
+ export GMON_OUT_PREFIX=gmon.out
+ GMON_OUT_PREFIX=gmon.out
+ export GMON_OUT_PREFIX=gmon.out
+ GMON_OUT_PREFIX=gmon.out
+ export OMP_NUM_THREADS=1
+ OMP_NUM_THREADS=1
+ export OMP_NUM_THREADS=1
+ OMP_NUM_THREADS=1
+ env
+ env
+ env
+ cat /home/himanshu/Backup/Cactus/datanodes
+ sort
+ sort
+ sort
+ echo 'Starting: ModernFamily'
++ date +%s
+ set -e
+ cd /home/himanshu/simulations/test_13/output-0000-active
+ echo Checking:
+ pwd
+ hostname
bash: /home/himanshu/simulations/test_13/output-0000/SIMFACTORY/RunScript: /bin/bash: bad interpreter: Text file busy
Warning: Permanently added 'cn01,172.22.2.231' (RSA) to the list of known hosts.
Warning: Permanently added 'cn01,172.22.2.231' (RSA) to the list of known hosts.
Warning: Permanently added 'cn03,172.22.2.233' (RSA) to the list of known hosts.
Warning: Permanently added 'cn03,172.22.2.233' (RSA) to the list of known hosts.
Warning: Permanently added 'cn02,172.22.2.232' (RSA) to the list of known hosts.
Warning: Permanently added 'cn02,172.22.2.232' (RSA) to the list of known hosts.
+ date
+ sort
+ export CACTUS_STARTTIME=1456837209
+ CACTUS_STARTTIME=1456837209
+ mpirun -np 60 -hostfile /home/himanshu/Backup/Cactus/datanodes /home/himanshu/simulations/test_13/SIMFACTORY/exe/cactus_sim -L 3 /home/himanshu/simulations/test_13/output-0000/gaussian.par
+ cat /home/himanshu/Backup/Cactus/datanodes
[proxy:0:0@cn01] HYDU_create_process (./utils/launch/launch.c:36): dup2 error (Bad file descriptor)
[proxy:0:0@cn01] launch_procs (./pm/pmiserv/pmip_cb.c:751): create process returned error
[proxy:0:0@cn01] HYD_pmcd_pmip_control_cmd_cb (./pm/pmiserv/pmip_cb.c:935): launch_procs returned error
[proxy:0:0@cn01] HYDT_dmxu_poll_wait_for_event (./tools/demux/demux_poll.c:77): callback returned error status
[proxy:0:0@cn01] main (./pm/pmiserv/pmip.c:226): demux engine error waiting for event
[proxy:0:0@cn01] HYD_pmcd_pmip_control_cmd_cb (./pm/pmiserv/pmip_cb.c:981): assert (!closed) failed
[proxy:0:0@cn01] HYDT_dmxu_poll_wait_for_event (./tools/demux/demux_poll.c:77): callback returned error status
[proxy:0:0@cn01] main (./pm/pmiserv/pmip.c:226): demux engine error waiting for event
[mpiexec@cn01] control_cb (./pm/pmiserv/pmiserv_cb.c:215): assert (!closed) failed
[mpiexec@cn01] HYDT_dmxu_poll_wait_for_event (./tools/demux/demux_poll.c:77): callback returned error status
[mpiexec@cn01] HYD_pmci_wait_for_completion (./pm/pmiserv/pmiserv_pmci.c:181): error waiting for event
[mpiexec@cn01] main (./ui/mpich/mpiexec.c:405): process manager error waiting for completion
+ echo Environment:
+ export CACTUS_NUM_PROCS=60
+ CACTUS_NUM_PROCS=60
+ export CACTUS_NUM_THREADS=1
+ CACTUS_NUM_THREADS=1
+ export GMON_OUT_PREFIX=gmon.out
+ GMON_OUT_PREFIX=gmon.out
+ export OMP_NUM_THREADS=1
+ OMP_NUM_THREADS=1
+ env
+ echo Environment:
+ export CACTUS_NUM_PROCS=60
+ CACTUS_NUM_PROCS=60
+ export CACTUS_NUM_THREADS=1
+ CACTUS_NUM_THREADS=1
+ export GMON_OUT_PREFIX=gmon.out
+ GMON_OUT_PREFIX=gmon.out
+ export OMP_NUM_THREADS=1
+ OMP_NUM_THREADS=1
+ echo 'Starting: ModernFamily'
+ env
+ sort
++ date +%s
+ export CACTUS_STARTTIME=1456837209
+ CACTUS_STARTTIME=1456837209
+ mpirun -np 60 -hostfile /home/himanshu/Backup/Cactus/datanodes /home/himanshu/simulations/test_13/SIMFACTORY/exe/cactus_sim -L 3 /home/himanshu/simulations/test_13/output-0000/gaussian.par
[proxy:0:0@cn01] HYDU_create_process (./utils/launch/launch.c:36): dup2 error (Bad file descriptor)
[proxy:0:0@cn01] launch_procs (./pm/pmiserv/pmip_cb.c:751): create process returned error
[proxy:0:0@cn01] HYD_pmcd_pmip_control_cmd_cb (./pm/pmiserv/pmip_cb.c:935): launch_procs returned error
[proxy:0:0@cn01] HYDT_dmxu_poll_wait_for_event (./tools/demux/demux_poll.c:77): callback returned error status
[proxy:0:0@cn01] main (./pm/pmiserv/pmip.c:226): demux engine error waiting for event
[proxy:0:0@cn01] HYD_pmcd_pmip_control_cmd_cb (./pm/pmiserv/pmip_cb.c:981): assert (!closed) failed
[proxy:0:0@cn01] HYDT_dmxu_poll_wait_for_event (./tools/demux/demux_poll.c:77): callback returned error status
[proxy:0:0@cn01] main (./pm/pmiserv/pmip.c:226): demux engine error waiting for event
[mpiexec@cn01] control_cb (./pm/pmiserv/pmiserv_cb.c:215): assert (!closed) failed
[mpiexec@cn01] HYDT_dmxu_poll_wait_for_event (./tools/demux/demux_poll.c:77): callback returned error status
[mpiexec@cn01] HYD_pmci_wait_for_completion (./pm/pmiserv/pmiserv_pmci.c:181): error waiting for event
[mpiexec@cn01] main (./ui/mpich/mpiexec.c:405): process manager error waiting for completion
bash: /home/himanshu/simulations/test_13/output-0000/SIMFACTORY/RunScript: /bin/bash: bad interpreter: Text file busy
+ echo 'Starting: ModernFamily'
++ date +%s
+ echo 'Starting: ModernFamily'
+ echo 'Starting: ModernFamily'
++ date +%s
++ date +%s
+ set -e
+ cd /home/himanshu/simulations/test_13/output-0000-active
+ echo Checking:
+ pwd
+ hostname
+ echo 'Starting: ModernFamily'
++ date +%s
+ export CACTUS_STARTTIME=1456837210
+ CACTUS_STARTTIME=1456837210
+ mpirun -np 60 -hostfile /home/himanshu/Backup/Cactus/datanodes /home/himanshu/simulations/test_13/SIMFACTORY/exe/cactus_sim -L 3 /home/himanshu/simulations/test_13/output-0000/gaussian.par
[proxy:0:0@cn01] HYDU_create_process (./utils/launch/launch.c:36): dup2 error (Bad file descriptor)
[proxy:0:0@cn01] launch_procs (./pm/pmiserv/pmip_cb.c:751): create process returned error
[proxy:0:0@cn01] HYD_pmcd_pmip_control_cmd_cb (./pm/pmiserv/pmip_cb.c:935): launch_procs returned error
[proxy:0:0@cn01] HYDT_dmxu_poll_wait_for_event (./tools/demux/demux_poll.c:77): callback returned error status
[proxy:0:0@cn01] main (./pm/pmiserv/pmip.c:226): demux engine error waiting for event
[proxy:0:0@cn01] HYD_pmcd_pmip_control_cmd_cb (./pm/pmiserv/pmip_cb.c:981): assert (!closed) failed
[proxy:0:0@cn01] HYDT_dmxu_poll_wait_for_event (./tools/demux/demux_poll.c:77): callback returned error status
[proxy:0:0@cn01] main (./pm/pmiserv/pmip.c:226): demux engine error waiting for event
[mpiexec@cn01] control_cb (./pm/pmiserv/pmiserv_cb.c:215): assert (!closed) failed
[mpiexec@cn01] HYDT_dmxu_poll_wait_for_event (./tools/demux/demux_poll.c:77): callback returned error status
[mpiexec@cn01] HYD_pmci_wait_for_completion (./pm/pmiserv/pmiserv_pmci.c:181): error waiting for event
[mpiexec@cn01] main (./ui/mpich/mpiexec.c:405): process manager error waiting for completion
+ date
+ export CACTUS_STARTTIME=1456837210
+ CACTUS_STARTTIME=1456837210
+ export CACTUS_STARTTIME=1456837210
+ CACTUS_STARTTIME=1456837210
+ sort
+ date
+ mpirun -np 60 -hostfile /home/himanshu/Backup/Cactus/datanodes /home/himanshu/simulations/test_13/SIMFACTORY/exe/cactus_sim -L 3 /home/himanshu/simulations/test_13/output-0000/gaussian.par
+ mpirun -np 60 -hostfile /home/himanshu/Backup/Cactus/datanodes /home/himanshu/simulations/test_13/SIMFACTORY/exe/cactus_sim -L 3 /home/himanshu/simulations/test_13/output-0000/gaussian.par
+ export CACTUS_STARTTIME=1456837210
+ CACTUS_STARTTIME=1456837210
+ mpirun -np 60 -hostfile /home/himanshu/Backup/Cactus/datanodes /home/himanshu/simulations/test_13/SIMFACTORY/exe/cactus_sim -L 3 /home/himanshu/simulations/test_13/output-0000/gaussian.par
+ set -e
+ cd /home/himanshu/simulations/test_13/output-0000-active
+ echo Checking:
+ pwd
+ hostname
[mpiexec@cn06] control_cb (./pm/pmiserv/pmiserv_cb.c:321): assert (!closed) failed
[mpiexec@cn06] HYDT_dmxu_poll_wait_for_event (./tools/demux/demux_poll.c:77): callback returned error status
[mpiexec@cn06] [mpiexec@cn06] control_cb (./pm/pmiserv/pmiserv_cb.c:321): assert (!closed) failed
[mpiexec@cn06] HYDT_dmxu_poll_wait_for_event (./tools/demux/demux_poll.c:77): callback returned error status
[mpiexec@cn06] HYD_pmci_wait_for_completion (./pm/pmiserv/pmiserv_pmci.c:181): error waiting for event
[mpiexec@cn06] main (./ui/mpich/mpiexec.c:405): process manager error waiting for completion
HYD_pmci_wait_for_completion (./pm/pmiserv/pmiserv_pmci.c:181): error waiting for event
[mpiexec@cn06] main (./ui/mpich/mpiexec.c:405): process manager error waiting for completion
+ set -e
+ cd /home/himanshu/simulations/test_13/output-0000-active
+ echo Checking:
+ pwd
+ hostname
+ set -e
+ cd /home/himanshu/simulations/test_13/output-0000-active
+ echo Checking:
+ pwd
+ hostname
+ echo 'Starting: ModernFamily'
+ date
+ cat /home/himanshu/Backup/Cactus/datanodes
+ cat /home/himanshu/Backup/Cactus/datanodes
++ date +%s
+ set -e
+ cd /home/himanshu/simulations/test_13/output-0000-active
+ echo Checking:
+ pwd
+ hostname
Warning: Permanently added 'cn03,172.22.2.233' (RSA) to the list of known hosts.
Warning: Permanently added 'cn02,172.22.2.232' (RSA) to the list of known hosts.
Warning: Permanently added 'cn01,172.22.2.231' (RSA) to the list of known hosts.
Warning: Permanently added 'cn01,172.22.2.231' (RSA) to the list of known hosts.
Warning: Permanently added 'cn01,172.22.2.231' (RSA) to the list of known hosts.
Warning: Permanently added 'cn03,172.22.2.233' (RSA) to the list of known hosts.
Warning: Permanently added 'cn02,172.22.2.232' (RSA) to the list of known hosts.
Warning: Permanently added 'cn02,172.22.2.232' (RSA) to the list of known hosts.
Warning: Permanently added 'cn03,172.22.2.233' (RSA) to the list of known hosts.
+ export CACTUS_STARTTIME=1456837210
+ CACTUS_STARTTIME=1456837210
+ cat /home/himanshu/Backup/Cactus/datanodes
+ mpirun -np 60 -hostfile /home/himanshu/Backup/Cactus/datanodes /home/himanshu/simulations/test_13/SIMFACTORY/exe/cactus_sim -L 3 /home/himanshu/simulations/test_13/output-0000/gaussian.par
+ set -e
+ cd /home/himanshu/simulations/test_13/output-0000-active
+ echo Checking:
+ pwd
+ hostname
+ date
/home/himanshu/simulations/test_13/SIMFACTORY/exe/cactus_sim: error while loading shared libraries: libhdf5hl_fortran.so.7: cannot open shared object file: No such file or directory
/home/himanshu/simulations/test_13/SIMFACTORY/exe/cactus_sim: error while loading shared libraries: libhdf5hl_fortran.so.7: cannot open shared object file: No such file or directory
/home/himanshu/simulations/test_13/SIMFACTORY/exe/cactus_sim: error while loading shared libraries: libhdf5hl_fortran.so.7: cannot open shared object file: No such file or directory
/home/himanshu/simulations/test_13/SIMFACTORY/exe/cactus_sim: error while loading shared libraries: libhdf5hl_fortran.so.7: cannot open shared object file: No such file or directory
/home/himanshu/simulations/test_13/SIMFACTORY/exe/cactus_sim: error while loading shared libraries: libhdf5hl_fortran.so.7: cannot open shared object file: No such file or directory
/home/himanshu/simulations/test_13/SIMFACTORY/exe/cactus_sim: error while loading shared libraries: libhdf5hl_fortran.so.7: cannot open shared object file: No such file or directory
/home/himanshu/simulations/test_13/SIMFACTORY/exe/cactus_sim: error while loading shared libraries: libhdf5hl_fortran.so.7: cannot open shared object file: No such file or directory
/home/himanshu/simulations/test_13/SIMFACTORY/exe/cactus_sim: error while loading shared libraries: libhdf5hl_fortran.so.7: cannot open shared object file: No such file or directory
/home/himanshu/simulations/test_13/SIMFACTORY/exe/cactus_sim: error while loading shared libraries: libhdf5hl_fortran.so.7: cannot open shared object file: No such file or directory
/home/himanshu/simulations/test_13/SIMFACTORY/exe/cactus_sim: error while loading shared libraries: libhdf5hl_fortran.so.7: cannot open shared object file: No such file or directory
/home/himanshu/simulations/test_13/SIMFACTORY/exe/cactus_sim: error while loading shared libraries: libhdf5hl_fortran.so.7: cannot open shared object file: No such file or directory
/home/himanshu/simulations/test_13/SIMFACTORY/exe/cactus_sim: error while loading shared libraries: libhdf5hl_fortran.so.7: cannot open shared object file: No such file or directory
/home/himanshu/simulations/test_13/SIMFACTORY/exe/cactus_sim: error while loading shared libraries: libhdf5hl_fortran.so.7: cannot open shared object file: No such file or directory
/home/himanshu/simulations/test_13/SIMFACTORY/exe/cactus_sim: error while loading shared libraries: libhdf5hl_fortran.so.7: cannot open shared object file: No such file or directory
/home/himanshu/simulations/test_13/SIMFACTORY/exe/cactus_sim: error while loading shared libraries: libhdf5hl_fortran.so.7: cannot open shared object file: No such file or directory
/home/himanshu/simulations/test_13/SIMFACTORY/exe/cactus_sim: error while loading shared libraries: libhdf5hl_fortran.so.7: cannot open shared object file: No such file or directory
/home/himanshu/simulations/test_13/SIMFACTORY/exe/cactus_sim: error while loading shared libraries: libhdf5hl_fortran.so.7: cannot open shared object file: No such file or directory
/home/himanshu/simulations/test_13/SIMFACTORY/exe/cactus_sim: error while loading shared libraries: libhdf5hl_fortran.so.7: cannot open shared object file: No such file or directory
/home/himanshu/simulations/test_13/SIMFACTORY/exe/cactus_sim: error while loading shared libraries: libhdf5hl_fortran.so.7: cannot open shared object file: No such file or directory
/home/himanshu/simulations/test_13/SIMFACTORY/exe/cactus_sim: error while loading shared libraries: libhdf5hl_fortran.so.7: cannot open shared object file: No such file or directory
/home/himanshu/simulations/test_13/SIMFACTORY/exe/cactus_sim: error while loading shared libraries: libhdf5hl_fortran.so.7: cannot open shared object file: No such file or directory
/home/himanshu/simulations/test_13/SIMFACTORY/exe/cactus_sim: error while loading shared libraries: libhdf5hl_fortran.so.7: cannot open shared object file: No such file or directory
/home/himanshu/simulations/test_13/SIMFACTORY/exe/cactus_sim: error while loading shared libraries: libhdf5hl_fortran.so.7: cannot open shared object file: No such file or directory
/home/himanshu/simulations/test_13/SIMFACTORY/exe/cactus_sim: error while loading shared libraries: libhdf5hl_fortran.so.7: cannot open shared object file: No such file or directory
/home/himanshu/simulations/test_13/SIMFACTORY/exe/cactus_sim: error while loading shared libraries: libhdf5hl_fortran.so.7: cannot open shared object file: No such file or directory
/home/himanshu/simulations/test_13/SIMFACTORY/exe/cactus_sim: error while loading shared libraries: libhdf5hl_fortran.so.7: cannot open shared object file: No such file or directory
/home/himanshu/simulations/test_13/SIMFACTORY/exe/cactus_sim: error while loading shared libraries: libhdf5hl_fortran.so.7: cannot open shared object file: No such file or directory
/home/himanshu/simulations/test_13/SIMFACTORY/exe/cactus_sim: error while loading shared libraries: libhdf5hl_fortran.so.7: cannot open shared object file: No such file or directory
/home/himanshu/simulations/test_13/SIMFACTORY/exe/cactus_sim: error while loading shared libraries: libhdf5hl_fortran.so.7: cannot open shared object file: No such file or directory
/home/himanshu/simulations/test_13/SIMFACTORY/exe/cactus_sim: error while loading shared libraries: libhdf5hl_fortran.so.7: cannot open shared object file: No such file or directory
/home/himanshu/simulations/test_13/SIMFACTORY/exe/cactus_sim: error while loading shared libraries: libhdf5hl_fortran.so.7: cannot open shared object file: No such file or directory
/home/himanshu/simulations/test_13/SIMFACTORY/exe/cactus_sim: error while loading shared libraries: libhdf5hl_fortran.so.7: cannot open shared object file: No such file or directory
/home/himanshu/simulations/test_13/SIMFACTORY/exe/cactus_sim: error while loading shared libraries: libhdf5hl_fortran.so.7: cannot open shared object file: No such file or directory
/home/himanshu/simulations/test_13/SIMFACTORY/exe/cactus_sim: error while loading shared libraries: libhdf5hl_fortran.so.7: cannot open shared object file: No such file or directory
/home/himanshu/simulations/test_13/SIMFACTORY/exe/cactus_sim: error while loading shared libraries: libhdf5hl_fortran.so.7: cannot open shared object file: No such file or directory
/home/himanshu/simulations/test_13/SIMFACTORY/exe/cactus_sim: error while loading shared libraries: libhdf5hl_fortran.so.7: cannot open shared object file: No such file or directory
/home/himanshu/simulations/test_13/SIMFACTORY/exe/cactus_sim: error while loading shared libraries: libhdf5hl_fortran.so.7: cannot open shared object file: No such file or directory
/home/himanshu/simulations/test_13/SIMFACTORY/exe/cactus_sim: error while loading shared libraries: libhdf5hl_fortran.so.7: cannot open shared object file: No such file or directory
/home/himanshu/simulations/test_13/SIMFACTORY/exe/cactus_sim: error while loading shared libraries: libhdf5hl_fortran.so.7: cannot open shared object file: No such file or directory
/home/himanshu/simulations/test_13/SIMFACTORY/exe/cactus_sim: error while loading shared libraries: libhdf5hl_fortran.so.7: cannot open shared object file: No such file or directory
/home/himanshu/simulations/test_13/SIMFACTORY/exe/cactus_sim: error while loading shared libraries: libhdf5hl_fortran.so.7: cannot open shared object file: No such file or directory
/home/himanshu/simulations/test_13/SIMFACTORY/exe/cactus_sim: error while loading shared libraries: libhdf5hl_fortran.so.7: cannot open shared object file: No such file or directory
/home/himanshu/simulations/test_13/SIMFACTORY/exe/cactus_sim: error while loading shared libraries: libhdf5hl_fortran.so.7: cannot open shared object file: No such file or directory
/home/himanshu/simulations/test_13/SIMFACTORY/exe/cactus_sim: error while loading shared libraries: libhdf5hl_fortran.so.7: cannot open shared object file: No such file or directory
/home/himanshu/simulations/test_13/SIMFACTORY/exe/cactus_sim: error while loading shared libraries: libhdf5hl_fortran.so.7: cannot open shared object file: No such file or directory
/home/himanshu/simulations/test_13/SIMFACTORY/exe/cactus_sim: error while loading shared libraries: libhdf5hl_fortran.so.7: cannot open shared object file: No such file or directory
/home/himanshu/simulations/test_13/SIMFACTORY/exe/cactus_sim: error while loading shared libraries: libhdf5hl_fortran.so.7: cannot open shared object file: No such file or directory
/home/himanshu/simulations/test_13/SIMFACTORY/exe/cactus_sim: error while loading shared libraries: libhdf5hl_fortran.so.7: cannot open shared object file: No such file or directory
/home/himanshu/simulations/test_13/SIMFACTORY/exe/cactus_sim: error while loading shared libraries: libhdf5hl_fortran.so.7: cannot open shared object file: No such file or directory
/home/himanshu/simulations/test_13/SIMFACTORY/exe/cactus_sim: error while loading shared libraries: libhdf5hl_fortran.so.7: cannot open shared object file: No such file or directory
/home/himanshu/simulations/test_13/SIMFACTORY/exe/cactus_sim: error while loading shared libraries: libhdf5hl_fortran.so.7: cannot open shared object file: No such file or directory
/home/himanshu/simulations/test_13/SIMFACTORY/exe/cactus_sim: error while loading shared libraries: libhdf5hl_fortran.so.7: cannot open shared object file: No such file or directory
/home/himanshu/simulations/test_13/SIMFACTORY/exe/cactus_sim: error while loading shared libraries: libhdf5hl_fortran.so.7: cannot open shared object file: No such file or directory
/home/himanshu/simulations/test_13/SIMFACTORY/exe/cactus_sim: error while loading shared libraries: libhdf5hl_fortran.so.7: cannot open shared object file: No such file or directory
/home/himanshu/simulations/test_13/SIMFACTORY/exe/cactus_sim: error while loading shared libraries: libhdf5hl_fortran.so.7: cannot open shared object file: No such file or directory
/home/himanshu/simulations/test_13/SIMFACTORY/exe/cactus_sim: error while loading shared libraries: libhdf5hl_fortran.so.7: cannot open shared object file: No such file or directory
/home/himanshu/simulations/test_13/SIMFACTORY/exe/cactus_sim: error while loading shared libraries: libhdf5hl_fortran.so.7: cannot open shared object file: No such file or directory
/home/himanshu/simulations/test_13/SIMFACTORY/exe/cactus_sim: error while loading shared libraries: libhdf5hl_fortran.so.7: cannot open shared object file: No such file or directory
/home/himanshu/simulations/test_13/SIMFACTORY/exe/cactus_sim: error while loading shared libraries: libhdf5hl_fortran.so.7: cannot open shared object file: No such file or directory
/home/himanshu/simulations/test_13/SIMFACTORY/exe/cactus_sim: error while loading shared libraries: libhdf5hl_fortran.so.7: cannot open shared object file: No such file or directory
/home/himanshu/simulations/test_13/SIMFACTORY/exe/cactus_sim: error while loading shared libraries: libhdf5hl_fortran.so.7: cannot open shared object file: No such file or directory
/home/himanshu/simulations/test_13/SIMFACTORY/exe/cactus_sim: error while loading shared libraries: libhdf5hl_fortran.so.7: cannot open shared object file: No such file or directory
/home/himanshu/simulations/test_13/SIMFACTORY/exe/cactus_sim: error while loading shared libraries: libhdf5hl_fortran.so.7: cannot open shared object file: No such file or directory
/home/himanshu/simulations/test_13/SIMFACTORY/exe/cactus_sim: error while loading shared libraries: libhdf5hl_fortran.so.7: cannot open shared object file: No such file or directory
/home/himanshu/simulations/test_13/SIMFACTORY/exe/cactus_sim: error while loading shared libraries: libhdf5hl_fortran.so.7: cannot open shared object file: No such file or directory
/home/himanshu/simulations/test_13/SIMFACTORY/exe/cactus_sim: error while loading shared libraries: libhdf5hl_fortran.so.7: cannot open shared object file: No such file or directory
/home/himanshu/simulations/test_13/SIMFACTORY/exe/cactus_sim: error while loading shared libraries: libhdf5hl_fortran.so.7: cannot open shared object file: No such file or directory
/home/himanshu/simulations/test_13/SIMFACTORY/exe/cactus_sim: error while loading shared libraries: libhdf5hl_fortran.so.7: cannot open shared object file: No such file or directory
/home/himanshu/simulations/test_13/SIMFACTORY/exe/cactus_sim: error while loading shared libraries: libhdf5hl_fortran.so.7: cannot open shared object file: No such file or directory
/home/himanshu/simulations/test_13/SIMFACTORY/exe/cactus_sim: error while loading shared libraries: libhdf5hl_fortran.so.7: cannot open shared object file: No such file or directory
/home/himanshu/simulations/test_13/SIMFACTORY/exe/cactus_sim: error while loading shared libraries: libhdf5hl_fortran.so.7: cannot open shared object file: No such file or directory
/home/himanshu/simulations/test_13/SIMFACTORY/exe/cactus_sim: error while loading shared libraries: libhdf5hl_fortran.so.7: cannot open shared object file: No such file or directory
/home/himanshu/simulations/test_13/SIMFACTORY/exe/cactus_sim: error while loading shared libraries: libhdf5hl_fortran.so.7: cannot open shared object file: No such file or directory
/home/himanshu/simulations/test_13/SIMFACTORY/exe/cactus_sim: error while loading shared libraries: libhdf5hl_fortran.so.7: cannot open shared object file: No such file or directory
/home/himanshu/simulations/test_13/SIMFACTORY/exe/cactus_sim: error while loading shared libraries: libhdf5hl_fortran.so.7: cannot open shared object file: No such file or directory
/home/himanshu/simulations/test_13/SIMFACTORY/exe/cactus_sim: error while loading shared libraries: libhdf5hl_fortran.so.7: cannot open shared object file: No such file or directory
/home/himanshu/simulations/test_13/SIMFACTORY/exe/cactus_sim: error while loading shared libraries: libhdf5hl_fortran.so.7: cannot open shared object file: No such file or directory
/home/himanshu/simulations/test_13/SIMFACTORY/exe/cactus_sim: error while loading shared libraries: libhdf5hl_fortran.so.7: cannot open shared object file: No such file or directory
/home/himanshu/simulations/test_13/SIMFACTORY/exe/cactus_sim: error while loading shared libraries: libhdf5hl_fortran.so.7: cannot open shared object file: No such file or directory
/home/himanshu/simulations/test_13/SIMFACTORY/exe/cactus_sim: error while loading shared libraries: libhdf5hl_fortran.so.7: cannot open shared object file: No such file or directory
/home/himanshu/simulations/test_13/SIMFACTORY/exe/cactus_sim: error while loading shared libraries: libhdf5hl_fortran.so.7: cannot open shared object file: No such file or directory
/home/himanshu/simulations/test_13/SIMFACTORY/exe/cactus_sim: error while loading shared libraries: libhdf5hl_fortran.so.7: cannot open shared object file: No such file or directory
/home/himanshu/simulations/test_13/SIMFACTORY/exe/cactus_sim: error while loading shared libraries: libhdf5hl_fortran.so.7: cannot open shared object file: No such file or directory
/home/himanshu/simulations/test_13/SIMFACTORY/exe/cactus_sim: error while loading shared libraries: libhdf5hl_fortran.so.7: cannot open shared object file: No such file or directory
/home/himanshu/simulations/test_13/SIMFACTORY/exe/cactus_sim: error while loading shared libraries: libhdf5hl_fortran.so.7: cannot open shared object file: No such file or directory
/home/himanshu/simulations/test_13/SIMFACTORY/exe/cactus_sim: error while loading shared libraries: libhdf5hl_fortran.so.7: cannot open shared object file: No such file or directory
/home/himanshu/simulations/test_13/SIMFACTORY/exe/cactus_sim: error while loading shared libraries: libhdf5hl_fortran.so.7: cannot open shared object file: No such file or directory
/home/himanshu/simulations/test_13/SIMFACTORY/exe/cactus_sim: error while loading shared libraries: libhdf5hl_fortran.so.7: cannot open shared object file: No such file or directory
/home/himanshu/simulations/test_13/SIMFACTORY/exe/cactus_sim: error while loading shared libraries: libhdf5hl_fortran.so.7: cannot open shared object file: No such file or directory
/home/himanshu/simulations/test_13/SIMFACTORY/exe/cactus_sim: error while loading shared libraries: libhdf5hl_fortran.so.7: cannot open shared object file: No such file or directory
/home/himanshu/simulations/test_13/SIMFACTORY/exe/cactus_sim: error while loading shared libraries: libhdf5hl_fortran.so.7: cannot open shared object file: No such file or directory
/home/himanshu/simulations/test_13/SIMFACTORY/exe/cactus_sim: error while loading shared libraries: libhdf5hl_fortran.so.7: cannot open shared object file: No such file or directory
/home/himanshu/simulations/test_13/SIMFACTORY/exe/cactus_sim: error while loading shared libraries: libhdf5hl_fortran.so.7: cannot open shared object file: No such file or directory
/home/himanshu/simulations/test_13/SIMFACTORY/exe/cactus_sim: error while loading shared libraries: libhdf5hl_fortran.so.7: cannot open shared object file: No such file or directory
/home/himanshu/simulations/test_13/SIMFACTORY/exe/cactus_sim: error while loading shared libraries: libhdf5hl_fortran.so.7: cannot open shared object file: No such file or directory
/home/himanshu/simulations/test_13/SIMFACTORY/exe/cactus_sim: error while loading shared libraries: libhdf5hl_fortran.so.7: cannot open shared object file: No such file or directory
/home/himanshu/simulations/test_13/SIMFACTORY/exe/cactus_sim: error while loading shared libraries: libhdf5hl_fortran.so.7: cannot open shared object file: No such file or directory
/home/himanshu/simulations/test_13/SIMFACTORY/exe/cactus_sim: error while loading shared libraries: libhdf5hl_fortran.so.7: cannot open shared object file: No such file or directory
/home/himanshu/simulations/test_13/SIMFACTORY/exe/cactus_sim: error while loading shared libraries: libhdf5hl_fortran.so.7: cannot open shared object file: No such file or directory
/home/himanshu/simulations/test_13/SIMFACTORY/exe/cactus_sim: error while loading shared libraries: libhdf5hl_fortran.so.7: cannot open shared object file: No such file or directory
/home/himanshu/simulations/test_13/SIMFACTORY/exe/cactus_sim: error while loading shared libraries: libhdf5hl_fortran.so.7: cannot open shared object file: No such file or directory
/home/himanshu/simulations/test_13/SIMFACTORY/exe/cactus_sim: error while loading shared libraries: libhdf5hl_fortran.so.7: cannot open shared object file: No such file or directory
/home/himanshu/simulations/test_13/SIMFACTORY/exe/cactus_sim: error while loading shared libraries: libhdf5hl_fortran.so.7: cannot open shared object file: No such file or directory
/home/himanshu/simulations/test_13/SIMFACTORY/exe/cactus_sim: error while loading shared libraries: libhdf5hl_fortran.so.7: cannot open shared object file: No such file or directory
/home/himanshu/simulations/test_13/SIMFACTORY/exe/cactus_sim: error while loading shared libraries: libhdf5hl_fortran.so.7: cannot open shared object file: No such file or directory
/home/himanshu/simulations/test_13/SIMFACTORY/exe/cactus_sim: error while loading shared libraries: libhdf5hl_fortran.so.7: cannot open shared object file: No such file or directory
/home/himanshu/simulations/test_13/SIMFACTORY/exe/cactus_sim: error while loading shared libraries: libhdf5hl_fortran.so.7: cannot open shared object file: No such file or directory
/home/himanshu/simulations/test_13/SIMFACTORY/exe/cactus_sim: error while loading shared libraries: libhdf5hl_fortran.so.7: cannot open shared object file: No such file or directory
/home/himanshu/simulations/test_13/SIMFACTORY/exe/cactus_sim: error while loading shared libraries: libhdf5hl_fortran.so.7: cannot open shared object file: No such file or directory
/home/himanshu/simulations/test_13/SIMFACTORY/exe/cactus_sim: error while loading shared libraries: libhdf5hl_fortran.so.7: cannot open shared object file: No such file or directory
/home/himanshu/simulations/test_13/SIMFACTORY/exe/cactus_sim: error while loading shared libraries: libhdf5hl_fortran.so.7: cannot open shared object file: No such file or directory
/home/himanshu/simulations/test_13/SIMFACTORY/exe/cactus_sim: error while loading shared libraries: libhdf5hl_fortran.so.7: cannot open shared object file: No such file or directory
/home/himanshu/simulations/test_13/SIMFACTORY/exe/cactus_sim: error while loading shared libraries: libhdf5hl_fortran.so.7: cannot open shared object file: No such file or directory
/home/himanshu/simulations/test_13/SIMFACTORY/exe/cactus_sim: error while loading shared libraries: libhdf5hl_fortran.so.7: cannot open shared object file: No such file or directory
/home/himanshu/simulations/test_13/SIMFACTORY/exe/cactus_sim: error while loading shared libraries: libhdf5hl_fortran.so.7: cannot open shared object file: No such file or directory
/home/himanshu/simulations/test_13/SIMFACTORY/exe/cactus_sim: error while loading shared libraries: libhdf5hl_fortran.so.7: cannot open shared object file: No such file or directory
/home/himanshu/simulations/test_13/SIMFACTORY/exe/cactus_sim: error while loading shared libraries: libhdf5hl_fortran.so.7: cannot open shared object file: No such file or directory
/home/himanshu/simulations/test_13/SIMFACTORY/exe/cactus_sim: error while loading shared libraries: libhdf5hl_fortran.so.7: cannot open shared object file: No such file or directory
/home/himanshu/simulations/test_13/SIMFACTORY/exe/cactus_sim: error while loading shared libraries: libhdf5hl_fortran.so.7: cannot open shared object file: No such file or directory
/home/himanshu/simulations/test_13/SIMFACTORY/exe/cactus_sim: error while loading shared libraries: libhdf5hl_fortran.so.7: cannot open shared object file: No such file or directory
/home/himanshu/simulations/test_13/SIMFACTORY/exe/cactus_sim: error while loading shared libraries: libhdf5hl_fortran.so.7: cannot open shared object file: No such file or directory
/home/himanshu/simulations/test_13/SIMFACTORY/exe/cactus_sim: error while loading shared libraries: libhdf5hl_fortran.so.7: cannot open shared object file: No such file or directory
/home/himanshu/simulations/test_13/SIMFACTORY/exe/cactus_sim: error while loading shared libraries: libhdf5hl_fortran.so.7: cannot open shared object file: No such file or directory
/home/himanshu/simulations/test_13/SIMFACTORY/exe/cactus_sim: error while loading shared libraries: libhdf5hl_fortran.so.7: cannot open shared object file: No such file or directory
+ cat /home/himanshu/Backup/Cactus/datanodes
/home/himanshu/simulations/test_13/SIMFACTORY/exe/cactus_sim: error while loading shared libraries: libhdf5hl_fortran.so.7: cannot open shared object file: No such file or directory
/home/himanshu/simulations/test_13/SIMFACTORY/exe/cactus_sim: error while loading shared libraries: libhdf5hl_fortran.so.7: cannot open shared object file: No such file or directory
/home/himanshu/simulations/test_13/SIMFACTORY/exe/cactus_sim: error while loading shared libraries: libhdf5hl_fortran.so.7: cannot open shared object file: No such file or directory
/home/himanshu/simulations/test_13/SIMFACTORY/exe/cactus_sim: error while loading shared libraries: libhdf5hl_fortran.so.7: cannot open shared object file: No such file or directory
/home/himanshu/simulations/test_13/SIMFACTORY/exe/cactus_sim: error while loading shared libraries: libhdf5hl_fortran.so.7: cannot open shared object file: No such file or directory
/home/himanshu/simulations/test_13/SIMFACTORY/exe/cactus_sim: error while loading shared libraries: libhdf5hl_fortran.so.7: cannot open shared object file: No such file or directory
/home/himanshu/simulations/test_13/SIMFACTORY/exe/cactus_sim: error while loading shared libraries: libhdf5hl_fortran.so.7: cannot open shared object file: No such file or directory
/home/himanshu/simulations/test_13/SIMFACTORY/exe/cactus_sim: error while loading shared libraries: libhdf5hl_fortran.so.7: cannot open shared object file: No such file or directory
/home/himanshu/simulations/test_13/SIMFACTORY/exe/cactus_sim: error while loading shared libraries: libhdf5hl_fortran.so.7: cannot open shared object file: No such file or directory
/home/himanshu/simulations/test_13/SIMFACTORY/exe/cactus_sim: error while loading shared libraries: libhdf5hl_fortran.so.7: cannot open shared object file: No such file or directory
/home/himanshu/simulations/test_13/SIMFACTORY/exe/cactus_sim: error while loading shared libraries: libhdf5hl_fortran.so.7: cannot open shared object file: No such file or directory
/home/himanshu/simulations/test_13/SIMFACTORY/exe/cactus_sim: error while loading shared libraries: libhdf5hl_fortran.so.7: cannot open shared object file: No such file or directory
/home/himanshu/simulations/test_13/SIMFACTORY/exe/cactus_sim: error while loading shared libraries: libhdf5hl_fortran.so.7: cannot open shared object file: No such file or directory
/home/himanshu/simulations/test_13/SIMFACTORY/exe/cactus_sim: error while loading shared libraries: libhdf5hl_fortran.so.7: cannot open shared object file: No such file or directory
/home/himanshu/simulations/test_13/SIMFACTORY/exe/cactus_sim: error while loading shared libraries: libhdf5hl_fortran.so.7: cannot open shared object file: No such file or directory
/home/himanshu/simulations/test_13/SIMFACTORY/exe/cactus_sim: error while loading shared libraries: libhdf5hl_fortran.so.7: cannot open shared object file: No such file or directory
/home/himanshu/simulations/test_13/SIMFACTORY/exe/cactus_sim: error while loading shared libraries: libhdf5hl_fortran.so.7: cannot open shared object file: No such file or directory
/home/himanshu/simulations/test_13/SIMFACTORY/exe/cactus_sim: error while loading shared libraries: libhdf5hl_fortran.so.7: cannot open shared object file: No such file or directory
/home/himanshu/simulations/test_13/SIMFACTORY/exe/cactus_sim: error while loading shared libraries: libhdf5hl_fortran.so.7: cannot open shared object file: No such file or directory
/home/himanshu/simulations/test_13/SIMFACTORY/exe/cactus_sim: error while loading shared libraries: libhdf5hl_fortran.so.7: cannot open shared object file: No such file or directory
/home/himanshu/simulations/test_13/SIMFACTORY/exe/cactus_sim: error while loading shared libraries: libhdf5hl_fortran.so.7: cannot open shared object file: No such file or directory
/home/himanshu/simulations/test_13/SIMFACTORY/exe/cactus_sim: error while loading shared libraries: libhdf5hl_fortran.so.7: cannot open shared object file: No such file or directory
/home/himanshu/simulations/test_13/SIMFACTORY/exe/cactus_sim: error while loading shared libraries: libhdf5hl_fortran.so.7: cannot open shared object file: No such file or directory
/home/himanshu/simulations/test_13/SIMFACTORY/exe/cactus_sim: error while loading shared libraries: libhdf5hl_fortran.so.7: cannot open shared object file: No such file or directory
/home/himanshu/simulations/test_13/SIMFACTORY/exe/cactus_sim: error while loading shared libraries: libhdf5hl_fortran.so.7: cannot open shared object file: No such file or directory
/home/himanshu/simulations/test_13/SIMFACTORY/exe/cactus_sim: error while loading shared libraries: libhdf5hl_fortran.so.7: cannot open shared object file: No such file or directory
/home/himanshu/simulations/test_13/SIMFACTORY/exe/cactus_sim: error while loading shared libraries: libhdf5hl_fortran.so.7: cannot open shared object file: No such file or directory
/home/himanshu/simulations/test_13/SIMFACTORY/exe/cactus_sim: error while loading shared libraries: libhdf5hl_fortran.so.7: cannot open shared object file: No such file or directory
/home/himanshu/simulations/test_13/SIMFACTORY/exe/cactus_sim: error while loading shared libraries: libhdf5hl_fortran.so.7: cannot open shared object file: No such file or directory
/home/himanshu/simulations/test_13/SIMFACTORY/exe/cactus_sim: error while loading shared libraries: libhdf5hl_fortran.so.7: cannot open shared object file: No such file or directory
/home/himanshu/simulations/test_13/SIMFACTORY/exe/cactus_sim: error while loading shared libraries: libhdf5hl_fortran.so.7: cannot open shared object file: No such file or directory
/home/himanshu/simulations/test_13/SIMFACTORY/exe/cactus_sim: error while loading shared libraries: libhdf5hl_fortran.so.7: cannot open shared object file: No such file or directory
/home/himanshu/simulations/test_13/SIMFACTORY/exe/cactus_sim: error while loading shared libraries: libhdf5hl_fortran.so.7: cannot open shared object file: No such file or directory
/home/himanshu/simulations/test_13/SIMFACTORY/exe/cactus_sim: error while loading shared libraries: libhdf5hl_fortran.so.7: cannot open shared object file: No such file or directory
/home/himanshu/simulations/test_13/SIMFACTORY/exe/cactus_sim: error while loading shared libraries: libhdf5hl_fortran.so.7: cannot open shared object file: No such file or directory
/home/himanshu/simulations/test_13/SIMFACTORY/exe/cactus_sim: error while loading shared libraries: libhdf5hl_fortran.so.7: cannot open shared object file: No such file or directory
/home/himanshu/simulations/test_13/SIMFACTORY/exe/cactus_sim: error while loading shared libraries: libhdf5hl_fortran.so.7: cannot open shared object file: No such file or directory
/home/himanshu/simulations/test_13/SIMFACTORY/exe/cactus_sim: error while loading shared libraries: libhdf5hl_fortran.so.7: cannot open shared object file: No such file or directory
/home/himanshu/simulations/test_13/SIMFACTORY/exe/cactus_sim: error while loading shared libraries: libhdf5hl_fortran.so.7: cannot open shared object file: No such file or directory
/home/himanshu/simulations/test_13/SIMFACTORY/exe/cactus_sim: error while loading shared libraries: libhdf5hl_fortran.so.7: cannot open shared object file: No such file or directory
/home/himanshu/simulations/test_13/SIMFACTORY/exe/cactus_sim: error while loading shared libraries: libhdf5hl_fortran.so.7: cannot open shared object file: No such file or directory
/home/himanshu/simulations/test_13/SIMFACTORY/exe/cactus_sim: error while loading shared libraries: libhdf5hl_fortran.so.7: cannot open shared object file: No such file or directory
/home/himanshu/simulations/test_13/SIMFACTORY/exe/cactus_sim: error while loading shared libraries: libhdf5hl_fortran.so.7: cannot open shared object file: No such file or directory
/home/himanshu/simulations/test_13/SIMFACTORY/exe/cactus_sim: error while loading shared libraries: libhdf5hl_fortran.so.7: cannot open shared object file: No such file or directory
/home/himanshu/simulations/test_13/SIMFACTORY/exe/cactus_sim: error while loading shared libraries: libhdf5hl_fortran.so.7: cannot open shared object file: No such file or directory
/home/himanshu/simulations/test_13/SIMFACTORY/exe/cactus_sim: error while loading shared libraries: libhdf5hl_fortran.so.7: cannot open shared object file: No such file or directory
/home/himanshu/simulations/test_13/SIMFACTORY/exe/cactus_sim: error while loading shared libraries: libhdf5hl_fortran.so.7: cannot open shared object file: No such file or directory
/home/himanshu/simulations/test_13/SIMFACTORY/exe/cactus_sim: error while loading shared libraries: libhdf5hl_fortran.so.7: cannot open shared object file: No such file or directory
/home/himanshu/simulations/test_13/SIMFACTORY/exe/cactus_sim: error while loading shared libraries: libhdf5hl_fortran.so.7: cannot open shared object file: No such file or directory
/home/himanshu/simulations/test_13/SIMFACTORY/exe/cactus_sim: error while loading shared libraries: libhdf5hl_fortran.so.7: cannot open shared object file: No such file or directory
/home/himanshu/simulations/test_13/SIMFACTORY/exe/cactus_sim: error while loading shared libraries: libhdf5hl_fortran.so.7: cannot open shared object file: No such file or directory
/home/himanshu/simulations/test_13/SIMFACTORY/exe/cactus_sim: error while loading shared libraries: libhdf5hl_fortran.so.7: cannot open shared object file: No such file or directory
/home/himanshu/simulations/test_13/SIMFACTORY/exe/cactus_sim: error while loading shared libraries: libhdf5hl_fortran.so.7: cannot open shared object file: No such file or directory
/home/himanshu/simulations/test_13/SIMFACTORY/exe/cactus_sim: error while loading shared libraries: libhdf5hl_fortran.so.7: cannot open shared object file: No such file or directory
/home/himanshu/simulations/test_13/SIMFACTORY/exe/cactus_sim: error while loading shared libraries: libhdf5hl_fortran.so.7: cannot open shared object file: No such file or directory
/home/himanshu/simulations/test_13/SIMFACTORY/exe/cactus_sim: error while loading shared libraries: libhdf5hl_fortran.so.7: cannot open shared object file: No such file or directory
Warning: Permanently added 'cn01,172.22.2.231' (RSA) to the list of known hosts.
Warning: Permanently added 'cn02,172.22.2.232' (RSA) to the list of known hosts.
Warning: Permanently added 'cn03,172.22.2.233' (RSA) to the list of known hosts.
+ date
+ set -e
+ cd /home/himanshu/simulations/test_13/output-0000-active
+ echo Checking:
+ pwd
+ hostname
+ date
+ date
+ set -e
+ cd /home/himanshu/simulations/test_13/output-0000-active
+ echo Checking:
+ pwd
+ hostname
+ cat /home/himanshu/Backup/Cactus/datanodes
+ echo Environment:
+ export CACTUS_NUM_PROCS=60
+ CACTUS_NUM_PROCS=60
+ echo Environment:
+ export CACTUS_NUM_PROCS=60
+ CACTUS_NUM_PROCS=60
+ export CACTUS_NUM_THREADS=1
+ CACTUS_NUM_THREADS=1
+ export GMON_OUT_PREFIX=gmon.out
+ GMON_OUT_PREFIX=gmon.out
+ export OMP_NUM_THREADS=1
+ export CACTUS_NUM_THREADS=1
+ CACTUS_NUM_THREADS=1
+ export GMON_OUT_PREFIX=gmon.out
+ GMON_OUT_PREFIX=gmon.out
+ OMP_NUM_THREADS=1
+ export OMP_NUM_THREADS=1
+ OMP_NUM_THREADS=1
+ env
+ env
+ set -e
+ cd /home/himanshu/simulations/test_13/output-0000-active
+ echo Checking:
+ pwd
+ hostname
+ date
+ sort
+ sort
+ echo Environment:
+ export CACTUS_NUM_PROCS=60
+ CACTUS_NUM_PROCS=60
+ echo Environment:
+ export CACTUS_NUM_PROCS=60
+ CACTUS_NUM_PROCS=60
+ cat /home/himanshu/Backup/Cactus/datanodes
+ export CACTUS_NUM_THREADS=1
+ CACTUS_NUM_THREADS=1
+ export GMON_OUT_PREFIX=gmon.out
+ GMON_OUT_PREFIX=gmon.out
+ export CACTUS_NUM_THREADS=1
+ CACTUS_NUM_THREADS=1
+ export GMON_OUT_PREFIX=gmon.out
+ GMON_OUT_PREFIX=gmon.out
+ export OMP_NUM_THREADS=1
+ export OMP_NUM_THREADS=1
+ OMP_NUM_THREADS=1
+ OMP_NUM_THREADS=1
[mpiexec@cn06] control_cb (./pm/pmiserv/pmiserv_cb.c:321): assert (!closed) failed
[mpiexec@cn06] HYDT_dmxu_poll_wait_for_event (./tools/demux/demux_poll.c:77): callback returned error status
[mpiexec@cn06] HYD_pmci_wait_for_completion (./pm/pmiserv/pmiserv_pmci.c:181): error waiting for event
[mpiexec@cn06] main (./ui/mpich/mpiexec.c:405): process manager error waiting for completion
+ env
+ env
+ sort
+ sort
+ set -e
+ cd /home/himanshu/simulations/test_13/output-0000-active
+ echo Checking:
+ pwd
+ hostname
+ date
+ date
+ cat /home/himanshu/Backup/Cactus/datanodes
+ date
+ set -e
+ cd /home/himanshu/simulations/test_13/output-0000-active
+ echo Checking:
+ pwd
+ hostname
+ set -e
+ cd /home/himanshu/simulations/test_13/output-0000-active
+ echo Checking:
+ pwd
+ hostname
+ date
+ cat /home/himanshu/Backup/Cactus/datanodes
+ cat /home/himanshu/Backup/Cactus/datanodes
+ cat /home/himanshu/Backup/Cactus/datanodes
+ date
+ cat /home/himanshu/Backup/Cactus/datanodes
+ set -e
+ cd /home/himanshu/simulations/test_13/output-0000-active
+ echo Checking:
+ pwd
+ hostname
+ set -e
+ cd /home/himanshu/simulations/test_13/output-0000-active
+ echo Checking:
+ pwd
+ hostname
+ set -e
+ cd /home/himanshu/simulations/test_13/output-0000-active
+ echo Checking:
+ pwd
+ hostname
+ date
+ echo Environment:
+ cat /home/himanshu/Backup/Cactus/datanodes
+ export CACTUS_NUM_PROCS=60
+ CACTUS_NUM_PROCS=60
+ export CACTUS_NUM_THREADS=1
+ CACTUS_NUM_THREADS=1
+ export GMON_OUT_PREFIX=gmon.out
+ GMON_OUT_PREFIX=gmon.out
+ export OMP_NUM_THREADS=1
+ OMP_NUM_THREADS=1
+ env
+ sort
+ set -e
+ cd /home/himanshu/simulations/test_13/output-0000-active
+ echo Checking:
+ pwd
+ hostname
+ echo 'Starting: ModernFamily'
++ date +%s
+ export CACTUS_STARTTIME=1456837211
+ CACTUS_STARTTIME=1456837211
+ mpirun -np 60 -hostfile /home/himanshu/Backup/Cactus/datanodes /home/himanshu/simulations/test_13/SIMFACTORY/exe/cactus_sim -L 3 /home/himanshu/simulations/test_13/output-0000/gaussian.par
Warning: Permanently added 'cn01,172.22.2.231' (RSA) to the list of known hosts.
Warning: Permanently added 'cn03,172.22.2.233' (RSA) to the list of known hosts.
Warning: Permanently added 'cn02,172.22.2.232' (RSA) to the list of known hosts.
+ date
+ echo Environment:
+ export CACTUS_NUM_PROCS=60
+ CACTUS_NUM_PROCS=60
+ export CACTUS_NUM_THREADS=1
+ cat /home/himanshu/Backup/Cactus/datanodes
+ cat /home/himanshu/Backup/Cactus/datanodes
+ CACTUS_NUM_THREADS=1
+ export GMON_OUT_PREFIX=gmon.out
+ GMON_OUT_PREFIX=gmon.out
+ export OMP_NUM_THREADS=1
+ OMP_NUM_THREADS=1
+ date
+ date
+ env
[proxy:0:0@cn01] HYD_pmcd_pmip_control_cmd_cb (./pm/pmiserv/pmip_cb.c:981): assert (!closed) failed
[proxy:0:0@cn01] HYDT_dmxu_poll_wait_for_event (./tools/demux/demux_poll.c:77): callback returned error status
[proxy:0:0@cn01] main (./pm/pmiserv/pmip.c:226): demux engine error waiting for event
[mpiexec@cn06] control_cb (./pm/pmiserv/pmiserv_cb.c:215): assert (!closed) failed
[mpiexec@cn06] HYDT_dmxu_poll_wait_for_event (./tools/demux/demux_poll.c:77): callback returned error status
[mpiexec@cn06] HYD_pmci_wait_for_completion (./pm/pmiserv/pmiserv_pmci.c:181): error waiting for event
[mpiexec@cn06] main (./ui/mpich/mpiexec.c:405): process manager error waiting for completion
+ sort
+ cat /home/himanshu/Backup/Cactus/datanodes
+ cat /home/himanshu/Backup/Cactus/datanodes
+ cat /home/himanshu/Backup/Cactus/datanodes
+ echo 'Starting: ModernFamily'
+ echo 'Starting: ModernFamily'
+ echo 'Starting: ModernFamily'
++ date +%s
++ date +%s
++ date +%s
+ export CACTUS_STARTTIME=1456837211
+ CACTUS_STARTTIME=1456837211
+ mpirun -np 60 -hostfile /home/himanshu/Backup/Cactus/datanodes /home/himanshu/simulations/test_13/SIMFACTORY/exe/cactus_sim -L 3 /home/himanshu/simulations/test_13/output-0000/gaussian.par
/home/himanshu/simulations/test_13/SIMFACTORY/exe/cactus_sim: error while loading shared libraries: libhdf5hl_fortran.so.7: cannot open shared object file: No such file or directory
/home/himanshu/simulations/test_13/SIMFACTORY/exe/cactus_sim: error while loading shared libraries: libhdf5hl_fortran.so.7: cannot open shared object file: No such file or directory
/home/himanshu/simulations/test_13/SIMFACTORY/exe/cactus_sim: error while loading shared libraries: libhdf5hl_fortran.so.7: cannot open shared object file: No such file or directory
/home/himanshu/simulations/test_13/SIMFACTORY/exe/cactus_sim: error while loading shared libraries: libhdf5hl_fortran.so.7: cannot open shared object file: No such file or directory
/home/himanshu/simulations/test_13/SIMFACTORY/exe/cactus_sim: error while loading shared libraries: libhdf5hl_fortran.so.7: cannot open shared object file: No such file or directory
/home/himanshu/simulations/test_13/SIMFACTORY/exe/cactus_sim: error while loading shared libraries: libhdf5hl_fortran.so.7: cannot open shared object file: No such file or directory
/home/himanshu/simulations/test_13/SIMFACTORY/exe/cactus_sim: error while loading shared libraries: libhdf5hl_fortran.so.7: cannot open shared object file: No such file or directory
/home/himanshu/simulations/test_13/SIMFACTORY/exe/cactus_sim: error while loading shared libraries: libhdf5hl_fortran.so.7: cannot open shared object file: No such file or directory
/home/himanshu/simulations/test_13/SIMFACTORY/exe/cactus_sim: error while loading shared libraries: libhdf5hl_fortran.so.7: cannot open shared object file: No such file or directory
/home/himanshu/simulations/test_13/SIMFACTORY/exe/cactus_sim: error while loading shared libraries: libhdf5hl_fortran.so.7: cannot open shared object file: No such file or directory
/home/himanshu/simulations/test_13/SIMFACTORY/exe/cactus_sim: error while loading shared libraries: libhdf5hl_fortran.so.7: cannot open shared object file: No such file or directory
/home/himanshu/simulations/test_13/SIMFACTORY/exe/cactus_sim: error while loading shared libraries: libhdf5hl_fortran.so.7: cannot open shared object file: No such file or directory
/home/himanshu/simulations/test_13/SIMFACTORY/exe/cactus_sim: error while loading shared libraries: libhdf5hl_fortran.so.7: cannot open shared object file: No such file or directory
/home/himanshu/simulations/test_13/SIMFACTORY/exe/cactus_sim: error while loading shared libraries: libhdf5hl_fortran.so.7: cannot open shared object file: No such file or directory
/home/himanshu/simulations/test_13/SIMFACTORY/exe/cactus_sim: error while loading shared libraries: libhdf5hl_fortran.so.7: cannot open shared object file: No such file or directory
/home/himanshu/simulations/test_13/SIMFACTORY/exe/cactus_sim: error while loading shared libraries: libhdf5hl_fortran.so.7: cannot open shared object file: No such file or directory
/home/himanshu/simulations/test_13/SIMFACTORY/exe/cactus_sim: error while loading shared libraries: libhdf5hl_fortran.so.7: cannot open shared object file: No such file or directory
/home/himanshu/simulations/test_13/SIMFACTORY/exe/cactus_sim: error while loading shared libraries: libhdf5hl_fortran.so.7: cannot open shared object file: No such file or directory
/home/himanshu/simulations/test_13/SIMFACTORY/exe/cactus_sim: error while loading shared libraries: libhdf5hl_fortran.so.7: cannot open shared object file: No such file or directory
/home/himanshu/simulations/test_13/SIMFACTORY/exe/cactus_sim: error while loading shared libraries: libhdf5hl_fortran.so.7: cannot open shared object file: No such file or directory
Warning: Permanently added 'cn01,172.22.2.231' (RSA) to the list of known hosts.
Warning: Permanently added 'cn03,172.22.2.233' (RSA) to the list of known hosts.
+ export CACTUS_STARTTIME=1456837211
+ CACTUS_STARTTIME=1456837211
+ export CACTUS_STARTTIME=1456837211
+ CACTUS_STARTTIME=1456837211
+ mpirun -np 60 -hostfile /home/himanshu/Backup/Cactus/datanodes /home/himanshu/simulations/test_13/SIMFACTORY/exe/cactus_sim -L 3 /home/himanshu/simulations/test_13/output-0000/gaussian.par
+ mpirun -np 60 -hostfile /home/himanshu/Backup/Cactus/datanodes /home/himanshu/simulations/test_13/SIMFACTORY/exe/cactus_sim -L 3 /home/himanshu/simulations/test_13/output-0000/gaussian.par
Warning: Permanently added 'cn01,172.22.2.231' (RSA) to the list of known hosts.
Warning: Permanently added 'cn02,172.22.2.232' (RSA) to the list of known hosts.
Warning: Permanently added 'cn03,172.22.2.233' (RSA) to the list of known hosts.
Warning: Permanently added 'cn01,172.22.2.231' (RSA) to the list of known hosts.
Warning: Permanently added 'cn02,172.22.2.232' (RSA) to the list of known hosts.
Warning: Permanently added 'cn03,172.22.2.233' (RSA) to the list of known hosts.
+ echo 'Starting: ModernFamily'
++ date +%s
+ export CACTUS_STARTTIME=1456837211
+ CACTUS_STARTTIME=1456837211
+ mpirun -np 60 -hostfile /home/himanshu/Backup/Cactus/datanodes /home/himanshu/simulations/test_13/SIMFACTORY/exe/cactus_sim -L 3 /home/himanshu/simulations/test_13/output-0000/gaussian.par
[proxy:0:0@cn01] HYD_pmcd_pmip_control_cmd_cb (./pm/pmiserv/pmip_cb.c:981): assert (!closed) failed
[proxy:0:0@cn01] HYDT_dmxu_poll_wait_for_event (./tools/demux/demux_poll.c:77): callback returned error status
[proxy:0:0@cn01] main (./pm/pmiserv/pmip.c:226): demux engine error waiting for event
[mpiexec@cn02] control_cb (./pm/pmiserv/pmiserv_cb.c:215): assert (!closed) failed
[mpiexec@cn02] HYDT_dmxu_poll_wait_for_event (./tools/demux/demux_poll.c:77): callback returned error status
[mpiexec@cn02] HYD_pmci_wait_for_completion (./pm/pmiserv/pmiserv_pmci.c:181): error waiting for event
[mpiexec@cn02] main (./ui/mpich/mpiexec.c:405): process manager error waiting for completion
Warning: Permanently added 'cn02,172.22.2.232' (RSA) to the list of known hosts.
Warning: Permanently added 'cn01,172.22.2.231' (RSA) to the list of known hosts.
Warning: Permanently added 'cn03,172.22.2.233' (RSA) to the list of known hosts.
/home/himanshu/simulations/test_13/SIMFACTORY/exe/cactus_sim: error while loading shared libraries: libhdf5hl_fortran.so.7: cannot open shared object file: No such file or directory
/home/himanshu/simulations/test_13/SIMFACTORY/exe/cactus_sim: error while loading shared libraries: libhdf5hl_fortran.so.7: cannot open shared object file: No such file or directory
/home/himanshu/simulations/test_13/SIMFACTORY/exe/cactus_sim: error while loading shared libraries: libhdf5hl_fortran.so.7: cannot open shared object file: No such file or directory
[proxy:0:0@cn01] HYD_pmcd_pmip_control_cmd_cb (./pm/pmiserv/pmip_cb.c:981): assert (!closed) failed
[proxy:0:0@cn01] HYDT_dmxu_poll_wait_for_event (./tools/demux/demux_poll.c:77): callback returned error status
[proxy:0:0@cn01] main (./pm/pmiserv/pmip.c:226): demux engine error waiting for event
/home/himanshu/simulations/test_13/SIMFACTORY/exe/cactus_sim: error while loading shared libraries: libhdf5hl_fortran.so.7: cannot open shared object file: No such file or directory
/home/himanshu/simulations/test_13/SIMFACTORY/exe/cactus_sim: error while loading shared libraries: libhdf5hl_fortran.so.7: cannot open shared object file: No such file or directory
/home/himanshu/simulations/test_13/SIMFACTORY/exe/cactus_sim: error while loading shared libraries: libhdf5hl_fortran.so.7: cannot open shared object file: No such file or directory
/home/himanshu/simulations/test_13/SIMFACTORY/exe/cactus_sim: error while loading shared libraries: libhdf5hl_fortran.so.7: cannot open shared object file: No such file or directory
/home/himanshu/simulations/test_13/SIMFACTORY/exe/cactus_sim: error while loading shared libraries: libhdf5hl_fortran.so.7: cannot open shared object file: No such file or directory
/home/himanshu/simulations/test_13/SIMFACTORY/exe/cactus_sim: error while loading shared libraries: libhdf5hl_fortran.so.7: cannot open shared object file: No such file or directory
/home/himanshu/simulations/test_13/SIMFACTORY/exe/cactus_sim: error while loading shared libraries: libhdf5hl_fortran.so.7: cannot open shared object file: No such file or directory
/home/himanshu/simulations/test_13/SIMFACTORY/exe/cactus_sim: error while loading shared libraries: libhdf5hl_fortran.so.7: cannot open shared object file: No such file or directory
/home/himanshu/simulations/test_13/SIMFACTORY/exe/cactus_sim: error while loading shared libraries: libhdf5hl_fortran.so.7: cannot open shared object file: No such file or directory
/home/himanshu/simulations/test_13/SIMFACTORY/exe/cactus_sim: error while loading shared libraries: libhdf5hl_fortran.so.7: cannot open shared object file: No such file or directory
/home/himanshu/simulations/test_13/SIMFACTORY/exe/cactus_sim: error while loading shared libraries: libhdf5hl_fortran.so.7: cannot open shared object file: No such file or directory
/home/himanshu/simulations/test_13/SIMFACTORY/exe/cactus_sim: error while loading shared libraries: libhdf5hl_fortran.so.7: cannot open shared object file: No such file or directory
/home/himanshu/simulations/test_13/SIMFACTORY/exe/cactus_sim: error while loading shared libraries: libhdf5hl_fortran.so.7: cannot open shared object file: No such file or directory
/home/himanshu/simulations/test_13/SIMFACTORY/exe/cactus_sim: error while loading shared libraries: libhdf5hl_fortran.so.7: cannot open shared object file: No such file or directory
/home/himanshu/simulations/test_13/SIMFACTORY/exe/cactus_sim: error while loading shared libraries: libhdf5hl_fortran.so.7: cannot open shared object file: No such file or directory
/home/himanshu/simulations/test_13/SIMFACTORY/exe/cactus_sim: error while loading shared libraries: libhdf5hl_fortran.so.7: cannot open shared object file: No such file or directory
/home/himanshu/simulations/test_13/SIMFACTORY/exe/cactus_sim: error while loading shared libraries: libhdf5hl_fortran.so.7: cannot open shared object file: No such file or directory
/home/himanshu/simulations/test_13/SIMFACTORY/exe/cactus_sim: error while loading shared libraries: libhdf5hl_fortran.so.7: cannot open shared object file: No such file or directory
/home/himanshu/simulations/test_13/SIMFACTORY/exe/cactus_sim: error while loading shared libraries: libhdf5hl_fortran.so.7: cannot open shared object file: No such file or directory
[proxy:0:0@cn01] HYD_pmcd_pmip_control_cmd_cb (./pm/pmiserv/pmip_cb.c:981): assert (!closed) failed
[proxy:0:0@cn01] HYDT_dmxu_poll_wait_for_event (./tools/demux/demux_poll.c:77): callback returned error status
[proxy:0:0@cn01] main (./pm/pmiserv/pmip.c:226): demux engine error waiting for event
/home/himanshu/simulations/test_13/SIMFACTORY/exe/cactus_sim: error while loading shared libraries: libhdf5hl_fortran.so.7: cannot open shared object file: No such file or directory
/home/himanshu/simulations/test_13/SIMFACTORY/exe/cactus_sim: error while loading shared libraries: libhdf5hl_fortran.so.7: cannot open shared object file: No such file or directory
[mpiexec@cn06] /home/himanshu/simulations/test_13/SIMFACTORY/exe/cactus_sim: error while loading shared libraries: libhdf5hl_fortran.so.7: cannot open shared object file: No such file or directory
control_cb (./pm/pmiserv/pmiserv_cb.c:215): assert (!closed) failed
[mpiexec@cn06] HYDT_dmxu_poll_wait_for_event (./tools/demux/demux_poll.c:77): callback returned error status
[mpiexec@cn06] HYD_pmci_wait_for_completion (./pm/pmiserv/pmiserv_pmci.c:181): error waiting for event
[mpiexec@cn06] main (./ui/mpich/mpiexec.c:405): process manager error waiting for completion
[mpiexec@cn06] control_cb (./pm/pmiserv/pmiserv_cb.c:215): assert (!closed) failed
[mpiexec@cn06] HYDT_dmxu_poll_wait_for_event (./tools/demux/demux_poll.c:77): callback returned error status
[mpiexec@cn06] HYD_pmci_wait_for_completion (./pm/pmiserv/pmiserv_pmci.c:181): error waiting for event
[mpiexec@cn06] main (./ui/mpich/mpiexec.c:405): process manager error waiting for completion
+ echo 'Starting: ModernFamily'
++ date +%s
+ export CACTUS_STARTTIME=1456837211
+ CACTUS_STARTTIME=1456837211
+ mpirun -np 60 -hostfile /home/himanshu/Backup/Cactus/datanodes /home/himanshu/simulations/test_13/SIMFACTORY/exe/cactus_sim -L 3 /home/himanshu/simulations/test_13/output-0000/gaussian.par
Warning: Permanently added 'cn03,172.22.2.233' (RSA) to the list of known hosts.
Warning: Permanently added 'cn01,172.22.2.231' (RSA) to the list of known hosts.
Warning: Permanently added 'cn02,172.22.2.232' (RSA) to the list of known hosts.
/home/himanshu/simulations/test_13/SIMFACTORY/exe/cactus_sim: error while loading shared libraries: libhdf5hl_fortran.so.7: cannot open shared object file: No such file or directory
/home/himanshu/simulations/test_13/SIMFACTORY/exe/cactus_sim: error while loading shared libraries: libhdf5hl_fortran.so.7: cannot open shared object file: No such file or directory
/home/himanshu/simulations/test_13/SIMFACTORY/exe/cactus_sim: error while loading shared libraries: libhdf5hl_fortran.so.7: cannot open shared object file: No such file or directory
/home/himanshu/simulations/test_13/SIMFACTORY/exe/cactus_sim: error while loading shared libraries: libhdf5hl_fortran.so.7: cannot open shared object file: No such file or directory
/home/himanshu/simulations/test_13/SIMFACTORY/exe/cactus_sim: error while loading shared libraries: libhdf5hl_fortran.so.7: cannot open shared object file: No such file or directory
/home/himanshu/simulations/test_13/SIMFACTORY/exe/cactus_sim: error while loading shared libraries: libhdf5hl_fortran.so.7: cannot open shared object file: No such file or directory
/home/himanshu/simulations/test_13/SIMFACTORY/exe/cactus_sim: error while loading shared libraries: libhdf5hl_fortran.so.7: cannot open shared object file: No such file or directory
/home/himanshu/simulations/test_13/SIMFACTORY/exe/cactus_sim: error while loading shared libraries: libhdf5hl_fortran.so.7: cannot open shared object file: No such file or directory
/home/himanshu/simulations/test_13/SIMFACTORY/exe/cactus_sim: error while loading shared libraries: libhdf5hl_fortran.so.7: cannot open shared object file: No such file or directory
/home/himanshu/simulations/test_13/SIMFACTORY/exe/cactus_sim: error while loading shared libraries: libhdf5hl_fortran.so.7: cannot open shared object file: No such file or directory
/home/himanshu/simulations/test_13/SIMFACTORY/exe/cactus_sim: error while loading shared libraries: libhdf5hl_fortran.so.7: cannot open shared object file: No such file or directory
/home/himanshu/simulations/test_13/SIMFACTORY/exe/cactus_sim: error while loading shared libraries: libhdf5hl_fortran.so.7: cannot open shared object file: No such file or directory
/home/himanshu/simulations/test_13/SIMFACTORY/exe/cactus_sim: error while loading shared libraries: libhdf5hl_fortran.so.7: cannot open shared object file: No such file or directory
/home/himanshu/simulations/test_13/SIMFACTORY/exe/cactus_sim: error while loading shared libraries: libhdf5hl_fortran.so.7: cannot open shared object file: No such file or directory
/home/himanshu/simulations/test_13/SIMFACTORY/exe/cactus_sim: error while loading shared libraries: libhdf5hl_fortran.so.7: cannot open shared object file: No such file or directory
/home/himanshu/simulations/test_13/SIMFACTORY/exe/cactus_sim: error while loading shared libraries: libhdf5hl_fortran.so.7: cannot open shared object file: No such file or directory
/home/himanshu/simulations/test_13/SIMFACTORY/exe/cactus_sim: error while loading shared libraries: libhdf5hl_fortran.so.7: cannot open shared object file: No such file or directory
/home/himanshu/simulations/test_13/SIMFACTORY/exe/cactus_sim: error while loading shared libraries: libhdf5hl_fortran.so.7: cannot open shared object file: No such file or directory
/home/himanshu/simulations/test_13/SIMFACTORY/exe/cactus_sim: error while loading shared libraries: libhdf5hl_fortran.so.7: cannot open shared object file: No such file or directory
/home/himanshu/simulations/test_13/SIMFACTORY/exe/cactus_sim: error while loading shared libraries: libhdf5hl_fortran.so.7: cannot open shared object file: No such file or directory
/home/himanshu/simulations/test_13/SIMFACTORY/exe/cactus_sim: error while loading shared libraries: libhdf5hl_fortran.so.7: cannot open shared object file: No such file or directory
/home/himanshu/simulations/test_13/SIMFACTORY/exe/cactus_sim: error while loading shared libraries: libhdf5hl_fortran.so.7: cannot open shared object file: No such file or directory
/home/himanshu/simulations/test_13/SIMFACTORY/exe/cactus_sim: error while loading shared libraries: libhdf5hl_fortran.so.7: cannot open shared object file: No such file or directory
/home/himanshu/simulations/test_13/SIMFACTORY/exe/cactus_sim: error while loading shared libraries: libhdf5hl_fortran.so.7: cannot open shared object file: No such file or directory
/home/himanshu/simulations/test_13/SIMFACTORY/exe/cactus_sim: error while loading shared libraries: libhdf5hl_fortran.so.7: cannot open shared object file: No such file or directory
/home/himanshu/simulations/test_13/SIMFACTORY/exe/cactus_sim: error while loading shared libraries: libhdf5hl_fortran.so.7: cannot open shared object file: No such file or directory
/home/himanshu/simulations/test_13/SIMFACTORY/exe/cactus_sim: error while loading shared libraries: libhdf5hl_fortran.so.7: cannot open shared object file: No such file or directory
/home/himanshu/simulations/test_13/SIMFACTORY/exe/cactus_sim: error while loading shared libraries: libhdf5hl_fortran.so.7: cannot open shared object file: No such file or directory
/home/himanshu/simulations/test_13/SIMFACTORY/exe/cactus_sim: error while loading shared libraries: libhdf5hl_fortran.so.7: cannot open shared object file: No such file or directory
/home/himanshu/simulations/test_13/SIMFACTORY/exe/cactus_sim: error while loading shared libraries: libhdf5hl_fortran.so.7: cannot open shared object file: No such file or directory
/home/himanshu/simulations/test_13/SIMFACTORY/exe/cactus_sim: error while loading shared libraries: libhdf5hl_fortran.so.7: cannot open shared object file: No such file or directory
/home/himanshu/simulations/test_13/SIMFACTORY/exe/cactus_sim: error while loading shared libraries: libhdf5hl_fortran.so.7: cannot open shared object file: No such file or directory
/home/himanshu/simulations/test_13/SIMFACTORY/exe/cactus_sim: error while loading shared libraries: libhdf5hl_fortran.so.7: cannot open shared object file: No such file or directory
/home/himanshu/simulations/test_13/SIMFACTORY/exe/cactus_sim: error while loading shared libraries: libhdf5hl_fortran.so.7: cannot open shared object file: No such file or directory
/home/himanshu/simulations/test_13/SIMFACTORY/exe/cactus_sim: error while loading shared libraries: libhdf5hl_fortran.so.7: cannot open shared object file: No such file or directory
/home/himanshu/simulations/test_13/SIMFACTORY/exe/cactus_sim: error while loading shared libraries: libhdf5hl_fortran.so.7: cannot open shared object file: No such file or directory
/home/himanshu/simulations/test_13/SIMFACTORY/exe/cactus_sim: error while loading shared libraries: libhdf5hl_fortran.so.7: cannot open shared object file: No such file or directory
/home/himanshu/simulations/test_13/SIMFACTORY/exe/cactus_sim: error while loading shared libraries: libhdf5hl_fortran.so.7: cannot open shared object file: No such file or directory
/home/himanshu/simulations/test_13/SIMFACTORY/exe/cactus_sim: error while loading shared libraries: libhdf5hl_fortran.so.7: cannot open shared object file: No such file or directory
/home/himanshu/simulations/test_13/SIMFACTORY/exe/cactus_sim: error while loading shared libraries: libhdf5hl_fortran.so.7: cannot open shared object file: No such file or directory
/home/himanshu/simulations/test_13/SIMFACTORY/exe/cactus_sim: error while loading shared libraries: libhdf5hl_fortran.so.7: cannot open shared object file: No such file or directory
/home/himanshu/simulations/test_13/SIMFACTORY/exe/cactus_sim: error while loading shared libraries: libhdf5hl_fortran.so.7: cannot open shared object file: No such file or directory
/home/himanshu/simulations/test_13/SIMFACTORY/exe/cactus_sim: error while loading shared libraries: libhdf5hl_fortran.so.7: cannot open shared object file: No such file or directory
/home/himanshu/simulations/test_13/SIMFACTORY/exe/cactus_sim: error while loading shared libraries: libhdf5hl_fortran.so.7: cannot open shared object file: No such file or directory
/home/himanshu/simulations/test_13/SIMFACTORY/exe/cactus_sim: error while loading shared libraries: libhdf5hl_fortran.so.7: cannot open shared object file: No such file or directory
/home/himanshu/simulations/test_13/SIMFACTORY/exe/cactus_sim: error while loading shared libraries: libhdf5hl_fortran.so.7: cannot open shared object file: No such file or directory
/home/himanshu/simulations/test_13/SIMFACTORY/exe/cactus_sim: error while loading shared libraries: libhdf5hl_fortran.so.7: cannot open shared object file: No such file or directory
/home/himanshu/simulations/test_13/SIMFACTORY/exe/cactus_sim: error while loading shared libraries: libhdf5hl_fortran.so.7: cannot open shared object file: No such file or directory
/home/himanshu/simulations/test_13/SIMFACTORY/exe/cactus_sim: error while loading shared libraries: libhdf5hl_fortran.so.7: cannot open shared object file: No such file or directory
/home/himanshu/simulations/test_13/SIMFACTORY/exe/cactus_sim: error while loading shared libraries: libhdf5hl_fortran.so.7: cannot open shared object file: No such file or directory
/home/himanshu/simulations/test_13/SIMFACTORY/exe/cactus_sim: error while loading shared libraries: libhdf5hl_fortran.so.7: cannot open shared object file: No such file or directory
/home/himanshu/simulations/test_13/SIMFACTORY/exe/cactus_sim: error while loading shared libraries: libhdf5hl_fortran.so.7: cannot open shared object file: No such file or directory
/home/himanshu/simulations/test_13/SIMFACTORY/exe/cactus_sim: error while loading shared libraries: libhdf5hl_fortran.so.7: cannot open shared object file: No such file or directory
/home/himanshu/simulations/test_13/SIMFACTORY/exe/cactus_sim: error while loading shared libraries: libhdf5hl_fortran.so.7: cannot open shared object file: No such file or directory
/home/himanshu/simulations/test_13/SIMFACTORY/exe/cactus_sim: error while loading shared libraries: libhdf5hl_fortran.so.7: cannot open shared object file: No such file or directory
/home/himanshu/simulations/test_13/SIMFACTORY/exe/cactus_sim: error while loading shared libraries: libhdf5hl_fortran.so.7: cannot open shared object file: No such file or directory
/home/himanshu/simulations/test_13/SIMFACTORY/exe/cactus_sim: error while loading shared libraries: libhdf5hl_fortran.so.7: cannot open shared object file: No such file or directory
/home/himanshu/simulations/test_13/SIMFACTORY/exe/cactus_sim: error while loading shared libraries: libhdf5hl_fortran.so.7: cannot open shared object file: No such file or directory
/home/himanshu/simulations/test_13/SIMFACTORY/exe/cactus_sim: error while loading shared libraries: libhdf5hl_fortran.so.7: cannot open shared object file: No such file or directory
/home/himanshu/simulations/test_13/SIMFACTORY/exe/cactus_sim: error while loading shared libraries: libhdf5hl_fortran.so.7: cannot open shared object file: No such file or directory
+ echo Environment:
+ export CACTUS_NUM_PROCS=60
+ CACTUS_NUM_PROCS=60
+ export CACTUS_NUM_THREADS=1
+ CACTUS_NUM_THREADS=1
+ export GMON_OUT_PREFIX=gmon.out
+ GMON_OUT_PREFIX=gmon.out
+ export OMP_NUM_THREADS=1
+ OMP_NUM_THREADS=1
+ env
+ sort
/home/himanshu/simulations/test_13/SIMFACTORY/exe/cactus_sim: error while loading shared libraries: libhdf5hl_fortran.so.7: cannot open shared object file: No such file or directory
/home/himanshu/simulations/test_13/SIMFACTORY/exe/cactus_sim: error while loading shared libraries: libhdf5hl_fortran.so.7: cannot open shared object file: No such file or directory
/home/himanshu/simulations/test_13/SIMFACTORY/exe/cactus_sim: error while loading shared libraries: libhdf5hl_fortran.so.7: cannot open shared object file: No such file or directory
/home/himanshu/simulations/test_13/SIMFACTORY/exe/cactus_sim: error while loading shared libraries: libhdf5hl_fortran.so.7: cannot open shared object file: No such file or directory
/home/himanshu/simulations/test_13/SIMFACTORY/exe/cactus_sim: error while loading shared libraries: libhdf5hl_fortran.so.7: cannot open shared object file: No such file or directory
/home/himanshu/simulations/test_13/SIMFACTORY/exe/cactus_sim: error while loading shared libraries: libhdf5hl_fortran.so.7: cannot open shared object file: No such file or directory
/home/himanshu/simulations/test_13/SIMFACTORY/exe/cactus_sim: error while loading shared libraries: libhdf5hl_fortran.so.7: cannot open shared object file: No such file or directory
/home/himanshu/simulations/test_13/SIMFACTORY/exe/cactus_sim: error while loading shared libraries: libhdf5hl_fortran.so.7: cannot open shared object file: No such file or directory
/home/himanshu/simulations/test_13/SIMFACTORY/exe/cactus_sim: error while loading shared libraries: libhdf5hl_fortran.so.7: cannot open shared object file: No such file or directory
/home/himanshu/simulations/test_13/SIMFACTORY/exe/cactus_sim: error while loading shared libraries: libhdf5hl_fortran.so.7: cannot open shared object file: No such file or directory
/home/himanshu/simulations/test_13/SIMFACTORY/exe/cactus_sim: error while loading shared libraries: libhdf5hl_fortran.so.7: cannot open shared object file: No such file or directory
/home/himanshu/simulations/test_13/SIMFACTORY/exe/cactus_sim: error while loading shared libraries: libhdf5hl_fortran.so.7: cannot open shared object file: No such file or directory
/home/himanshu/simulations/test_13/SIMFACTORY/exe/cactus_sim: error while loading shared libraries: libhdf5hl_fortran.so.7: cannot open shared object file: No such file or directory
/home/himanshu/simulations/test_13/SIMFACTORY/exe/cactus_sim: error while loading shared libraries: libhdf5hl_fortran.so.7: cannot open shared object file: No such file or directory
/home/himanshu/simulations/test_13/SIMFACTORY/exe/cactus_sim: error while loading shared libraries: libhdf5hl_fortran.so.7: cannot open shared object file: No such file or directory
/home/himanshu/simulations/test_13/SIMFACTORY/exe/cactus_sim: error while loading shared libraries: libhdf5hl_fortran.so.7: cannot open shared object file: No such file or directory
/home/himanshu/simulations/test_13/SIMFACTORY/exe/cactus_sim: error while loading shared libraries: libhdf5hl_fortran.so.7: cannot open shared object file: No such file or directory
/home/himanshu/simulations/test_13/SIMFACTORY/exe/cactus_sim: error while loading shared libraries: libhdf5hl_fortran.so.7: cannot open shared object file: No such file or directory
/home/himanshu/simulations/test_13/SIMFACTORY/exe/cactus_sim: error while loading shared libraries: libhdf5hl_fortran.so.7: cannot open shared object file: No such file or directory
/home/himanshu/simulations/test_13/SIMFACTORY/exe/cactus_sim: error while loading shared libraries: libhdf5hl_fortran.so.7: cannot open shared object file: No such file or directory
/home/himanshu/simulations/test_13/SIMFACTORY/exe/cactus_sim: error while loading shared libraries: libhdf5hl_fortran.so.7: cannot open shared object file: No such file or directory
/home/himanshu/simulations/test_13/SIMFACTORY/exe/cactus_sim: error while loading shared libraries: libhdf5hl_fortran.so.7: cannot open shared object file: No such file or directory
/home/himanshu/simulations/test_13/SIMFACTORY/exe/cactus_sim: error while loading shared libraries: libhdf5hl_fortran.so.7: cannot open shared object file: No such file or directory
/home/himanshu/simulations/test_13/SIMFACTORY/exe/cactus_sim: error while loading shared libraries: libhdf5hl_fortran.so.7: cannot open shared object file: No such file or directory
/home/himanshu/simulations/test_13/SIMFACTORY/exe/cactus_sim: error while loading shared libraries: libhdf5hl_fortran.so.7: cannot open shared object file: No such file or directory
/home/himanshu/simulations/test_13/SIMFACTORY/exe/cactus_sim: error while loading shared libraries: libhdf5hl_fortran.so.7: cannot open shared object file: No such file or directory
/home/himanshu/simulations/test_13/SIMFACTORY/exe/cactus_sim: error while loading shared libraries: libhdf5hl_fortran.so.7: cannot open shared object file: No such file or directory
/home/himanshu/simulations/test_13/SIMFACTORY/exe/cactus_sim: error while loading shared libraries: libhdf5hl_fortran.so.7: cannot open shared object file: No such file or directory
/home/himanshu/simulations/test_13/SIMFACTORY/exe/cactus_sim: error while loading shared libraries: libhdf5hl_fortran.so.7: cannot open shared object file: No such file or directory
/home/himanshu/simulations/test_13/SIMFACTORY/exe/cactus_sim: error while loading shared libraries: libhdf5hl_fortran.so.7: cannot open shared object file: No such file or directory
/home/himanshu/simulations/test_13/SIMFACTORY/exe/cactus_sim: error while loading shared libraries: libhdf5hl_fortran.so.7: cannot open shared object file: No such file or directory
/home/himanshu/simulations/test_13/SIMFACTORY/exe/cactus_sim: error while loading shared libraries: libhdf5hl_fortran.so.7: cannot open shared object file: No such file or directory
/home/himanshu/simulations/test_13/SIMFACTORY/exe/cactus_sim: error while loading shared libraries: libhdf5hl_fortran.so.7: cannot open shared object file: No such file or directory
/home/himanshu/simulations/test_13/SIMFACTORY/exe/cactus_sim: error while loading shared libraries: libhdf5hl_fortran.so.7: cannot open shared object file: No such file or directory
/home/himanshu/simulations/test_13/SIMFACTORY/exe/cactus_sim: error while loading shared libraries: libhdf5hl_fortran.so.7: cannot open shared object file: No such file or directory
/home/himanshu/simulations/test_13/SIMFACTORY/exe/cactus_sim: error while loading shared libraries: libhdf5hl_fortran.so.7: cannot open shared object file: No such file or directory
/home/himanshu/simulations/test_13/SIMFACTORY/exe/cactus_sim: error while loading shared libraries: libhdf5hl_fortran.so.7: cannot open shared object file: No such file or directory
/home/himanshu/simulations/test_13/SIMFACTORY/exe/cactus_sim: error while loading shared libraries: libhdf5hl_fortran.so.7: cannot open shared object file: No such file or directory
/home/himanshu/simulations/test_13/SIMFACTORY/exe/cactus_sim: error while loading shared libraries: libhdf5hl_fortran.so.7: cannot open shared object file: No such file or directory
[proxy:0:0@cn01] HYD_pmcd_pmip_control_cmd_cb (./pm/pmiserv/pmip_cb.c:981): assert (!closed) failed
[proxy:0:0@cn01] HYDT_dmxu_poll_wait_for_event (./tools/demux/demux_poll.c:77): callback returned error status
[proxy:0:0@cn01] main (./pm/pmiserv/pmip.c:226): demux engine error waiting for event
/home/himanshu/simulations/test_13/SIMFACTORY/exe/cactus_sim: error while loading shared libraries: libhdf5hl_fortran.so.7: cannot open shared object file: No such file or directory
[mpiexec@cn05] control_cb (./pm/pmiserv/pmiserv_cb.c:215): assert (!closed) failed
[mpiexec@cn05] HYDT_dmxu_poll_wait_for_event (./tools/demux/demux_poll.c:77): callback returned error status
[mpiexec@cn05] HYD_pmci_wait_for_completion (./pm/pmiserv/pmiserv_pmci.c:181): error waiting for event
[mpiexec@cn05] main (./ui/mpich/mpiexec.c:405): process manager error waiting for completion
+ echo Environment:
+ export CACTUS_NUM_PROCS=60
+ CACTUS_NUM_PROCS=60
+ export CACTUS_NUM_THREADS=1
+ CACTUS_NUM_THREADS=1
+ export GMON_OUT_PREFIX=gmon.out
+ GMON_OUT_PREFIX=gmon.out
+ export OMP_NUM_THREADS=1
+ OMP_NUM_THREADS=1
+ env
+ sort
+ echo Environment:
+ export CACTUS_NUM_PROCS=60
+ CACTUS_NUM_PROCS=60
+ export CACTUS_NUM_THREADS=1
+ CACTUS_NUM_THREADS=1
+ export GMON_OUT_PREFIX=gmon.out
+ GMON_OUT_PREFIX=gmon.out
+ export OMP_NUM_THREADS=1
+ OMP_NUM_THREADS=1
+ env
+ sort
+ echo 'Starting: ModernFamily'
+ echo Environment:
+ export CACTUS_NUM_PROCS=60
+ CACTUS_NUM_PROCS=60
+ export CACTUS_NUM_THREADS=1
+ CACTUS_NUM_THREADS=1
+ export GMON_OUT_PREFIX=gmon.out
+ GMON_OUT_PREFIX=gmon.out
+ export OMP_NUM_THREADS=1
+ OMP_NUM_THREADS=1
++ date +%s
+ env
+ sort
+ export CACTUS_STARTTIME=1456837211
+ CACTUS_STARTTIME=1456837211
+ mpirun -np 60 -hostfile /home/himanshu/Backup/Cactus/datanodes /home/himanshu/simulations/test_13/SIMFACTORY/exe/cactus_sim -L 3 /home/himanshu/simulations/test_13/output-0000/gaussian.par
/home/himanshu/simulations/test_13/SIMFACTORY/exe/cactus_sim: error while loading shared libraries: libhdf5hl_fortran.so.7: cannot open shared object file: No such file or directory
/home/himanshu/simulations/test_13/SIMFACTORY/exe/cactus_sim: error while loading shared libraries: libhdf5hl_fortran.so.7: cannot open shared object file: No such file or directory
/home/himanshu/simulations/test_13/SIMFACTORY/exe/cactus_sim: error while loading shared libraries: libhdf5hl_fortran.so.7: cannot open shared object file: No such file or directory
/home/himanshu/simulations/test_13/SIMFACTORY/exe/cactus_sim: error while loading shared libraries: libhdf5hl_fortran.so.7: cannot open shared object file: No such file or directory
/home/himanshu/simulations/test_13/SIMFACTORY/exe/cactus_sim: error while loading shared libraries: libhdf5hl_fortran.so.7: cannot open shared object file: No such file or directory
/home/himanshu/simulations/test_13/SIMFACTORY/exe/cactus_sim: error while loading shared libraries: libhdf5hl_fortran.so.7: cannot open shared object file: No such file or directory
/home/himanshu/simulations/test_13/SIMFACTORY/exe/cactus_sim: error while loading shared libraries: libhdf5hl_fortran.so.7: cannot open shared object file: No such file or directory
/home/himanshu/simulations/test_13/SIMFACTORY/exe/cactus_sim: error while loading shared libraries: libhdf5hl_fortran.so.7: cannot open shared object file: No such file or directory
/home/himanshu/simulations/test_13/SIMFACTORY/exe/cactus_sim: error while loading shared libraries: libhdf5hl_fortran.so.7: cannot open shared object file: No such file or directory
/home/himanshu/simulations/test_13/SIMFACTORY/exe/cactus_sim: error while loading shared libraries: libhdf5hl_fortran.so.7: cannot open shared object file: No such file or directory
/home/himanshu/simulations/test_13/SIMFACTORY/exe/cactus_sim: error while loading shared libraries: libhdf5hl_fortran.so.7: cannot open shared object file: No such file or directory
/home/himanshu/simulations/test_13/SIMFACTORY/exe/cactus_sim: error while loading shared libraries: libhdf5hl_fortran.so.7: cannot open shared object file: No such file or directory
/home/himanshu/simulations/test_13/SIMFACTORY/exe/cactus_sim: error while loading shared libraries: libhdf5hl_fortran.so.7: cannot open shared object file: No such file or directory
/home/himanshu/simulations/test_13/SIMFACTORY/exe/cactus_sim: error while loading shared libraries: libhdf5hl_fortran.so.7: cannot open shared object file: No such file or directory
/home/himanshu/simulations/test_13/SIMFACTORY/exe/cactus_sim: error while loading shared libraries: libhdf5hl_fortran.so.7: cannot open shared object file: No such file or directory
/home/himanshu/simulations/test_13/SIMFACTORY/exe/cactus_sim: error while loading shared libraries: libhdf5hl_fortran.so.7: cannot open shared object file: No such file or directory
/home/himanshu/simulations/test_13/SIMFACTORY/exe/cactus_sim: error while loading shared libraries: libhdf5hl_fortran.so.7: cannot open shared object file: No such file or directory
/home/himanshu/simulations/test_13/SIMFACTORY/exe/cactus_sim: error while loading shared libraries: libhdf5hl_fortran.so.7: cannot open shared object file: No such file or directory
/home/himanshu/simulations/test_13/SIMFACTORY/exe/cactus_sim: error while loading shared libraries: libhdf5hl_fortran.so.7: cannot open shared object file: No such file or directory
/home/himanshu/simulations/test_13/SIMFACTORY/exe/cactus_sim: error while loading shared libraries: libhdf5hl_fortran.so.7: cannot open shared object file: No such file or directory
+ echo Environment:
+ export CACTUS_NUM_PROCS=60
+ CACTUS_NUM_PROCS=60
+ export CACTUS_NUM_THREADS=1
+ CACTUS_NUM_THREADS=1
+ export GMON_OUT_PREFIX=gmon.out
+ GMON_OUT_PREFIX=gmon.out
+ export OMP_NUM_THREADS=1
+ OMP_NUM_THREADS=1
+ env
+ sort
Warning: Permanently added 'cn01,172.22.2.231' (RSA) to the list of known hosts.
Warning: Permanently added 'cn03,172.22.2.233' (RSA) to the list of known hosts.
+ echo Environment:
+ export CACTUS_NUM_PROCS=60
+ CACTUS_NUM_PROCS=60
+ export CACTUS_NUM_THREADS=1
+ CACTUS_NUM_THREADS=1
+ export GMON_OUT_PREFIX=gmon.out
+ GMON_OUT_PREFIX=gmon.out
+ export OMP_NUM_THREADS=1
+ OMP_NUM_THREADS=1
+ env
+ sort
+ echo Environment:
+ export CACTUS_NUM_PROCS=60
+ CACTUS_NUM_PROCS=60
+ export CACTUS_NUM_THREADS=1
+ CACTUS_NUM_THREADS=1
+ export GMON_OUT_PREFIX=gmon.out
+ GMON_OUT_PREFIX=gmon.out
+ export OMP_NUM_THREADS=1
+ OMP_NUM_THREADS=1
+ env
+ sort
/home/himanshu/simulations/test_13/SIMFACTORY/exe/cactus_sim: error while loading shared libraries: libhdf5hl_fortran.so.7: cannot open shared object file: No such file or directory
/home/himanshu/simulations/test_13/SIMFACTORY/exe/cactus_sim: error while loading shared libraries: libhdf5hl_fortran.so.7: cannot open shared object file: No such file or directory
/home/himanshu/simulations/test_13/SIMFACTORY/exe/cactus_sim: error while loading shared libraries: libhdf5hl_fortran.so.7: cannot open shared object file: No such file or directory
/home/himanshu/simulations/test_13/SIMFACTORY/exe/cactus_sim: error while loading shared libraries: libhdf5hl_fortran.so.7: cannot open shared object file: No such file or directory
[proxy:0:0@cn01] HYD_pmcd_pmip_control_cmd_cb (./pm/pmiserv/pmip_cb.c:981): assert (!closed) failed
[proxy:0:0@cn01] HYDT_dmxu_poll_wait_for_event (./tools/demux/demux_poll.c:77): callback returned error status
[proxy:0:0@cn01] main (./pm/pmiserv/pmip.c:226): demux engine error waiting for event
/home/himanshu/simulations/test_13/SIMFACTORY/exe/cactus_sim: error while loading shared libraries: libhdf5hl_fortran.so.7: cannot open shared object file: No such file or directory
/home/himanshu/simulations/test_13/SIMFACTORY/exe/cactus_sim: error while loading shared libraries: libhdf5hl_fortran.so.7: cannot open shared object file: No such file or directory
/home/himanshu/simulations/test_13/SIMFACTORY/exe/cactus_sim: error while loading shared libraries: libhdf5hl_fortran.so.7: cannot open shared object file: No such file or directory
/home/himanshu/simulations/test_13/SIMFACTORY/exe/cactus_sim: error while loading shared libraries: libhdf5hl_fortran.so.7: cannot open shared object file: No such file or directory
/home/himanshu/simulations/test_13/SIMFACTORY/exe/cactus_sim: error while loading shared libraries: libhdf5hl_fortran.so.7: cannot open shared object file: No such file or directory
/home/himanshu/simulations/test_13/SIMFACTORY/exe/cactus_sim: error while loading shared libraries: libhdf5hl_fortran.so.7: cannot open shared object file: No such file or directory
/home/himanshu/simulations/test_13/SIMFACTORY/exe/cactus_sim: error while loading shared libraries: libhdf5hl_fortran.so.7: cannot open shared object file: No such file or directory
/home/himanshu/simulations/test_13/SIMFACTORY/exe/cactus_sim: error while loading shared libraries: libhdf5hl_fortran.so.7: cannot open shared object file: No such file or directory
/home/himanshu/simulations/test_13/SIMFACTORY/exe/cactus_sim: error while loading shared libraries: libhdf5hl_fortran.so.7: cannot open shared object file: No such file or directory
/home/himanshu/simulations/test_13/SIMFACTORY/exe/cactus_sim: error while loading shared libraries: libhdf5hl_fortran.so.7: cannot open shared object file: No such file or directory
/home/himanshu/simulations/test_13/SIMFACTORY/exe/cactus_sim: error while loading shared libraries: libhdf5hl_fortran.so.7: cannot open shared object file: No such file or directory
/home/himanshu/simulations/test_13/SIMFACTORY/exe/cactus_sim: error while loading shared libraries: libhdf5hl_fortran.so.7: cannot open shared object file: No such file or directory
/home/himanshu/simulations/test_13/SIMFACTORY/exe/cactus_sim: error while loading shared libraries: libhdf5hl_fortran.so.7: cannot open shared object file: No such file or directory
[mpiexec@cn02] control_cb (./pm/pmiserv/pmiserv_cb.c:215): assert (!closed) failed
[mpiexec@cn02] HYDT_dmxu_poll_wait_for_event (./tools/demux/demux_poll.c:77): callback returned error status
[mpiexec@cn02] HYD_pmci_wait_for_completion (./pm/pmiserv/pmiserv_pmci.c:181): error waiting for event
[mpiexec@cn02] main (./ui/mpich/mpiexec.c:405): process manager error waiting for completion
+ echo Environment:
+ export CACTUS_NUM_PROCS=60
+ CACTUS_NUM_PROCS=60
+ echo Environment:
+ export CACTUS_NUM_PROCS=60
+ CACTUS_NUM_PROCS=60
+ export CACTUS_NUM_THREADS=1
+ CACTUS_NUM_THREADS=1
+ export CACTUS_NUM_THREADS=1
+ CACTUS_NUM_THREADS=1
+ export GMON_OUT_PREFIX=gmon.out
+ GMON_OUT_PREFIX=gmon.out
+ echo Environment:
+ export CACTUS_NUM_PROCS=60
+ CACTUS_NUM_PROCS=60
+ export CACTUS_NUM_THREADS=1
+ CACTUS_NUM_THREADS=1
+ export GMON_OUT_PREFIX=gmon.out
+ export OMP_NUM_THREADS=1
+ OMP_NUM_THREADS=1
+ GMON_OUT_PREFIX=gmon.out
+ export OMP_NUM_THREADS=1
+ OMP_NUM_THREADS=1
+ export GMON_OUT_PREFIX=gmon.out
+ GMON_OUT_PREFIX=gmon.out
+ export OMP_NUM_THREADS=1
+ OMP_NUM_THREADS=1
+ env
+ env
+ env
+ sort
+ sort
+ sort
+ echo 'Starting: ModernFamily'
++ date +%s
+ export CACTUS_STARTTIME=1456837211
+ CACTUS_STARTTIME=1456837211
+ mpirun -np 60 -hostfile /home/himanshu/Backup/Cactus/datanodes /home/himanshu/simulations/test_13/SIMFACTORY/exe/cactus_sim -L 3 /home/himanshu/simulations/test_13/output-0000/gaussian.par
/home/himanshu/simulations/test_13/SIMFACTORY/exe/cactus_sim: error while loading shared libraries: libhdf5hl_fortran.so.7: cannot open shared object file: No such file or directory
/home/himanshu/simulations/test_13/SIMFACTORY/exe/cactus_sim: error while loading shared libraries: libhdf5hl_fortran.so.7: cannot open shared object file: No such file or directory
/home/himanshu/simulations/test_13/SIMFACTORY/exe/cactus_sim: error while loading shared libraries: libhdf5hl_fortran.so.7: cannot open shared object file: No such file or directory
/home/himanshu/simulations/test_13/SIMFACTORY/exe/cactus_sim: error while loading shared libraries: libhdf5hl_fortran.so.7: cannot open shared object file: No such file or directory
/home/himanshu/simulations/test_13/SIMFACTORY/exe/cactus_sim: error while loading shared libraries: libhdf5hl_fortran.so.7: cannot open shared object file: No such file or directory
/home/himanshu/simulations/test_13/SIMFACTORY/exe/cactus_sim: error while loading shared libraries: libhdf5hl_fortran.so.7: cannot open shared object file: No such file or directory
/home/himanshu/simulations/test_13/SIMFACTORY/exe/cactus_sim: error while loading shared libraries: libhdf5hl_fortran.so.7: cannot open shared object file: No such file or directory
/home/himanshu/simulations/test_13/SIMFACTORY/exe/cactus_sim: error while loading shared libraries: libhdf5hl_fortran.so.7: cannot open shared object file: No such file or directory
/home/himanshu/simulations/test_13/SIMFACTORY/exe/cactus_sim: error while loading shared libraries: libhdf5hl_fortran.so.7: cannot open shared object file: No such file or directory
/home/himanshu/simulations/test_13/SIMFACTORY/exe/cactus_sim: error while loading shared libraries: libhdf5hl_fortran.so.7: cannot open shared object file: No such file or directory
/home/himanshu/simulations/test_13/SIMFACTORY/exe/cactus_sim: error while loading shared libraries: libhdf5hl_fortran.so.7: cannot open shared object file: No such file or directory
/home/himanshu/simulations/test_13/SIMFACTORY/exe/cactus_sim: error while loading shared libraries: libhdf5hl_fortran.so.7: cannot open shared object file: No such file or directory
/home/himanshu/simulations/test_13/SIMFACTORY/exe/cactus_sim: error while loading shared libraries: libhdf5hl_fortran.so.7: cannot open shared object file: No such file or directory
/home/himanshu/simulations/test_13/SIMFACTORY/exe/cactus_sim: error while loading shared libraries: libhdf5hl_fortran.so.7: cannot open shared object file: No such file or directory
/home/himanshu/simulations/test_13/SIMFACTORY/exe/cactus_sim: error while loading shared libraries: libhdf5hl_fortran.so.7: cannot open shared object file: No such file or directory
/home/himanshu/simulations/test_13/SIMFACTORY/exe/cactus_sim: error while loading shared libraries: libhdf5hl_fortran.so.7: cannot open shared object file: No such file or directory
/home/himanshu/simulations/test_13/SIMFACTORY/exe/cactus_sim: error while loading shared libraries: libhdf5hl_fortran.so.7: cannot open shared object file: No such file or directory
/home/himanshu/simulations/test_13/SIMFACTORY/exe/cactus_sim: error while loading shared libraries: libhdf5hl_fortran.so.7: cannot open shared object file: No such file or directory
/home/himanshu/simulations/test_13/SIMFACTORY/exe/cactus_sim: error while loading shared libraries: libhdf5hl_fortran.so.7: cannot open shared object file: No such file or directory
/home/himanshu/simulations/test_13/SIMFACTORY/exe/cactus_sim: error while loading shared libraries: libhdf5hl_fortran.so.7: cannot open shared object file: No such file or directory
+ echo Environment:
+ export CACTUS_NUM_PROCS=60
+ CACTUS_NUM_PROCS=60
+ export CACTUS_NUM_THREADS=1
+ CACTUS_NUM_THREADS=1
+ export GMON_OUT_PREFIX=gmon.out
+ GMON_OUT_PREFIX=gmon.out
+ export OMP_NUM_THREADS=1
+ OMP_NUM_THREADS=1
+ env
+ sort
Warning: Permanently added 'cn01,172.22.2.231' (RSA) to the list of known hosts.
Warning: Permanently added 'cn03,172.22.2.233' (RSA) to the list of known hosts.
+ echo 'Starting: ModernFamily'
++ date +%s
+ export CACTUS_STARTTIME=1456837212
+ CACTUS_STARTTIME=1456837212
+ mpirun -np 60 -hostfile /home/himanshu/Backup/Cactus/datanodes /home/himanshu/simulations/test_13/SIMFACTORY/exe/cactus_sim -L 3 /home/himanshu/simulations/test_13/output-0000/gaussian.par
/home/himanshu/simulations/test_13/SIMFACTORY/exe/cactus_sim: error while loading shared libraries: libhdf5hl_fortran.so.7: cannot open shared object file: No such file or directory
/home/himanshu/simulations/test_13/SIMFACTORY/exe/cactus_sim: error while loading shared libraries: libhdf5hl_fortran.so.7: cannot open shared object file: No such file or directory
/home/himanshu/simulations/test_13/SIMFACTORY/exe/cactus_sim: error while loading shared libraries: libhdf5hl_fortran.so.7: cannot open shared object file: No such file or directory
/home/himanshu/simulations/test_13/SIMFACTORY/exe/cactus_sim: error while loading shared libraries: libhdf5hl_fortran.so.7: cannot open shared object file: No such file or directory
/home/himanshu/simulations/test_13/SIMFACTORY/exe/cactus_sim: error while loading shared libraries: libhdf5hl_fortran.so.7: cannot open shared object file: No such file or directory
/home/himanshu/simulations/test_13/SIMFACTORY/exe/cactus_sim: error while loading shared libraries: libhdf5hl_fortran.so.7: cannot open shared object file: No such file or directory
/home/himanshu/simulations/test_13/SIMFACTORY/exe/cactus_sim: error while loading shared libraries: libhdf5hl_fortran.so.7: cannot open shared object file: No such file or directory
/home/himanshu/simulations/test_13/SIMFACTORY/exe/cactus_sim: error while loading shared libraries: libhdf5hl_fortran.so.7: cannot open shared object file: No such file or directory
/home/himanshu/simulations/test_13/SIMFACTORY/exe/cactus_sim: error while loading shared libraries: libhdf5hl_fortran.so.7: cannot open shared object file: No such file or directory
/home/himanshu/simulations/test_13/SIMFACTORY/exe/cactus_sim: error while loading shared libraries: libhdf5hl_fortran.so.7: cannot open shared object file: No such file or directory
/home/himanshu/simulations/test_13/SIMFACTORY/exe/cactus_sim: error while loading shared libraries: libhdf5hl_fortran.so.7: cannot open shared object file: No such file or directory
/home/himanshu/simulations/test_13/SIMFACTORY/exe/cactus_sim: error while loading shared libraries: libhdf5hl_fortran.so.7: cannot open shared object file: No such file or directory
/home/himanshu/simulations/test_13/SIMFACTORY/exe/cactus_sim: error while loading shared libraries: libhdf5hl_fortran.so.7: cannot open shared object file: No such file or directory
/home/himanshu/simulations/test_13/SIMFACTORY/exe/cactus_sim: error while loading shared libraries: libhdf5hl_fortran.so.7: cannot open shared object file: No such file or directory
/home/himanshu/simulations/test_13/SIMFACTORY/exe/cactus_sim: error while loading shared libraries: libhdf5hl_fortran.so.7: cannot open shared object file: No such file or directory
/home/himanshu/simulations/test_13/SIMFACTORY/exe/cactus_sim: error while loading shared libraries: libhdf5hl_fortran.so.7: cannot open shared object file: No such file or directory
/home/himanshu/simulations/test_13/SIMFACTORY/exe/cactus_sim: error while loading shared libraries: libhdf5hl_fortran.so.7: cannot open shared object file: No such file or directory
/home/himanshu/simulations/test_13/SIMFACTORY/exe/cactus_sim: error while loading shared libraries: libhdf5hl_fortran.so.7: cannot open shared object file: No such file or directory
/home/himanshu/simulations/test_13/SIMFACTORY/exe/cactus_sim: error while loading shared libraries: libhdf5hl_fortran.so.7: cannot open shared object file: No such file or directory
/home/himanshu/simulations/test_13/SIMFACTORY/exe/cactus_sim: error while loading shared libraries: libhdf5hl_fortran.so.7: cannot open shared object file: No such file or directory
Warning: Permanently added 'cn03,172.22.2.233' (RSA) to the list of known hosts.
Warning: Permanently added 'cn01,172.22.2.231' (RSA) to the list of known hosts.
+ echo 'Starting: ModernFamily'
++ date +%s
+ export CACTUS_STARTTIME=1456837212
+ CACTUS_STARTTIME=1456837212
+ mpirun -np 60 -hostfile /home/himanshu/Backup/Cactus/datanodes /home/himanshu/simulations/test_13/SIMFACTORY/exe/cactus_sim -L 3 /home/himanshu/simulations/test_13/output-0000/gaussian.par
Warning: Permanently added 'cn01,172.22.2.231' (RSA) to the list of known hosts.
Warning: Permanently added 'cn02,172.22.2.232' (RSA) to the list of known hosts.
Warning: Permanently added 'cn03,172.22.2.233' (RSA) to the list of known hosts.
[proxy:0:0@cn01] HYD_pmcd_pmip_control_cmd_cb (./pm/pmiserv/pmip_cb.c:981): assert (!closed) failed
[proxy:0:0@cn01] HYDT_dmxu_poll_wait_for_event (./tools/demux/demux_poll.c:77): callback returned error status
[proxy:0:0@cn01] main (./pm/pmiserv/pmip.c:226): demux engine error waiting for event
[mpiexec@cn02] control_cb (./pm/pmiserv/pmiserv_cb.c:215): assert (!closed) failed
[mpiexec@cn02] HYDT_dmxu_poll_wait_for_event (./tools/demux/demux_poll.c:77): callback returned error status
[mpiexec@cn02] HYD_pmci_wait_for_completion (./pm/pmiserv/pmiserv_pmci.c:181): error waiting for event
[mpiexec@cn02] main (./ui/mpich/mpiexec.c:405): process manager error waiting for completion
+ echo 'Starting: ModernFamily'
++ date +%s
+ export CACTUS_STARTTIME=1456837212
+ CACTUS_STARTTIME=1456837212
+ mpirun -np 60 -hostfile /home/himanshu/Backup/Cactus/datanodes /home/himanshu/simulations/test_13/SIMFACTORY/exe/cactus_sim -L 3 /home/himanshu/simulations/test_13/output-0000/gaussian.par
/home/himanshu/simulations/test_13/SIMFACTORY/exe/cactus_sim: error while loading shared libraries: libhdf5hl_fortran.so.7: cannot open shared object file: No such file or directory
/home/himanshu/simulations/test_13/SIMFACTORY/exe/cactus_sim: error while loading shared libraries: libhdf5hl_fortran.so.7: cannot open shared object file: No such file or directory
/home/himanshu/simulations/test_13/SIMFACTORY/exe/cactus_sim: error while loading shared libraries: libhdf5hl_fortran.so.7: cannot open shared object file: No such file or directory
/home/himanshu/simulations/test_13/SIMFACTORY/exe/cactus_sim: error while loading shared libraries: libhdf5hl_fortran.so.7: cannot open shared object file: No such file or directory
/home/himanshu/simulations/test_13/SIMFACTORY/exe/cactus_sim: error while loading shared libraries: libhdf5hl_fortran.so.7: cannot open shared object file: No such file or directory
/home/himanshu/simulations/test_13/SIMFACTORY/exe/cactus_sim: error while loading shared libraries: libhdf5hl_fortran.so.7: cannot open shared object file: No such file or directory
/home/himanshu/simulations/test_13/SIMFACTORY/exe/cactus_sim: error while loading shared libraries: libhdf5hl_fortran.so.7: cannot open shared object file: No such file or directory
/home/himanshu/simulations/test_13/SIMFACTORY/exe/cactus_sim: error while loading shared libraries: libhdf5hl_fortran.so.7: cannot open shared object file: No such file or directory
/home/himanshu/simulations/test_13/SIMFACTORY/exe/cactus_sim: error while loading shared libraries: libhdf5hl_fortran.so.7: cannot open shared object file: No such file or directory
/home/himanshu/simulations/test_13/SIMFACTORY/exe/cactus_sim: error while loading shared libraries: libhdf5hl_fortran.so.7: cannot open shared object file: No such file or directory
/home/himanshu/simulations/test_13/SIMFACTORY/exe/cactus_sim: error while loading shared libraries: libhdf5hl_fortran.so.7: cannot open shared object file: No such file or directory
/home/himanshu/simulations/test_13/SIMFACTORY/exe/cactus_sim: error while loading shared libraries: libhdf5hl_fortran.so.7: cannot open shared object file: No such file or directory
/home/himanshu/simulations/test_13/SIMFACTORY/exe/cactus_sim: error while loading shared libraries: libhdf5hl_fortran.so.7: cannot open shared object file: No such file or directory
/home/himanshu/simulations/test_13/SIMFACTORY/exe/cactus_sim: error while loading shared libraries: libhdf5hl_fortran.so.7: cannot open shared object file: No such file or directory
/home/himanshu/simulations/test_13/SIMFACTORY/exe/cactus_sim: error while loading shared libraries: libhdf5hl_fortran.so.7: cannot open shared object file: No such file or directory
/home/himanshu/simulations/test_13/SIMFACTORY/exe/cactus_sim: error while loading shared libraries: libhdf5hl_fortran.so.7: cannot open shared object file: No such file or directory
/home/himanshu/simulations/test_13/SIMFACTORY/exe/cactus_sim: error while loading shared libraries: libhdf5hl_fortran.so.7: cannot open shared object file: No such file or directory
/home/himanshu/simulations/test_13/SIMFACTORY/exe/cactus_sim: error while loading shared libraries: libhdf5hl_fortran.so.7: cannot open shared object file: No such file or directory
/home/himanshu/simulations/test_13/SIMFACTORY/exe/cactus_sim: error while loading shared libraries: libhdf5hl_fortran.so.7: cannot open shared object file: No such file or directory
/home/himanshu/simulations/test_13/SIMFACTORY/exe/cactus_sim: error while loading shared libraries: libhdf5hl_fortran.so.7: cannot open shared object file: No such file or directory
/home/himanshu/simulations/test_13/SIMFACTORY/exe/cactus_sim: error while loading shared libraries: libhdf5hl_fortran.so.7: cannot open shared object file: No such file or directory
/home/himanshu/simulations/test_13/SIMFACTORY/exe/cactus_sim: error while loading shared libraries: libhdf5hl_fortran.so.7: cannot open shared object file: No such file or directory
/home/himanshu/simulations/test_13/SIMFACTORY/exe/cactus_sim: error while loading shared libraries: libhdf5hl_fortran.so.7: cannot open shared object file: No such file or directory
/home/himanshu/simulations/test_13/SIMFACTORY/exe/cactus_sim: error while loading shared libraries: libhdf5hl_fortran.so.7: cannot open shared object file: No such file or directory
/home/himanshu/simulations/test_13/SIMFACTORY/exe/cactus_sim: error while loading shared libraries: libhdf5hl_fortran.so.7: cannot open shared object file: No such file or directory
/home/himanshu/simulations/test_13/SIMFACTORY/exe/cactus_sim: error while loading shared libraries: libhdf5hl_fortran.so.7: cannot open shared object file: No such file or directory
/home/himanshu/simulations/test_13/SIMFACTORY/exe/cactus_sim: error while loading shared libraries: libhdf5hl_fortran.so.7: cannot open shared object file: No such file or directory
/home/himanshu/simulations/test_13/SIMFACTORY/exe/cactus_sim: error while loading shared libraries: libhdf5hl_fortran.so.7: cannot open shared object file: No such file or directory
/home/himanshu/simulations/test_13/SIMFACTORY/exe/cactus_sim: error while loading shared libraries: libhdf5hl_fortran.so.7: cannot open shared object file: No such file or directory
/home/himanshu/simulations/test_13/SIMFACTORY/exe/cactus_sim: error while loading shared libraries: libhdf5hl_fortran.so.7: cannot open shared object file: No such file or directory
/home/himanshu/simulations/test_13/SIMFACTORY/exe/cactus_sim: error while loading shared libraries: libhdf5hl_fortran.so.7: cannot open shared object file: No such file or directory
/home/himanshu/simulations/test_13/SIMFACTORY/exe/cactus_sim: error while loading shared libraries: libhdf5hl_fortran.so.7: cannot open shared object file: No such file or directory
/home/himanshu/simulations/test_13/SIMFACTORY/exe/cactus_sim: error while loading shared libraries: libhdf5hl_fortran.so.7: cannot open shared object file: No such file or directory
/home/himanshu/simulations/test_13/SIMFACTORY/exe/cactus_sim: error while loading shared libraries: libhdf5hl_fortran.so.7: cannot open shared object file: No such file or directory
/home/himanshu/simulations/test_13/SIMFACTORY/exe/cactus_sim: error while loading shared libraries: libhdf5hl_fortran.so.7: cannot open shared object file: No such file or directory
/home/himanshu/simulations/test_13/SIMFACTORY/exe/cactus_sim: error while loading shared libraries: libhdf5hl_fortran.so.7: cannot open shared object file: No such file or directory
/home/himanshu/simulations/test_13/SIMFACTORY/exe/cactus_sim: error while loading shared libraries: libhdf5hl_fortran.so.7: cannot open shared object file: No such file or directory
/home/himanshu/simulations/test_13/SIMFACTORY/exe/cactus_sim: error while loading shared libraries: libhdf5hl_fortran.so.7: cannot open shared object file: No such file or directory
Warning: Permanently added 'cn03,172.22.2.233' (RSA) to the list of known hosts.
Warning: Permanently added 'cn01,172.22.2.231' (RSA) to the list of known hosts.
/home/himanshu/simulations/test_13/SIMFACTORY/exe/cactus_sim: error while loading shared libraries: libhdf5hl_fortran.so.7: cannot open shared object file: No such file or directory
/home/himanshu/simulations/test_13/SIMFACTORY/exe/cactus_sim: error while loading shared libraries: libhdf5hl_fortran.so.7: cannot open shared object file: No such file or directory
[proxy:0:0@cn01] HYD_pmcd_pmip_control_cmd_cb (./pm/pmiserv/pmip_cb.c:981): assert (!closed) failed
[proxy:0:0@cn01] HYDT_dmxu_poll_wait_for_event (./tools/demux/demux_poll.c:77): callback returned error status
[proxy:0:0@cn01] main (./pm/pmiserv/pmip.c:226): demux engine error waiting for event
[mpiexec@cn02] control_cb (./pm/pmiserv/pmiserv_cb.c:215): assert (!closed) failed
[mpiexec@cn02] HYDT_dmxu_poll_wait_for_event (./tools/demux/demux_poll.c:77): callback returned error status
[mpiexec@cn02] HYD_pmci_wait_for_completion (./pm/pmiserv/pmiserv_pmci.c:181): error waiting for event
[mpiexec@cn02] main (./ui/mpich/mpiexec.c:405): process manager error waiting for completion
[proxy:0:0@cn01] HYD_pmcd_pmip_control_cmd_cb (./pm/pmiserv/pmip_cb.c:981): assert (!closed) failed
[proxy:0:0@cn01] HYDT_dmxu_poll_wait_for_event (./tools/demux/demux_poll.c:77): /home/himanshu/simulations/test_13/SIMFACTORY/exe/cactus_sim: error while loading shared libraries: libhdf5hl_fortran.so.7: cannot open shared object file: No such file or directory
/home/himanshu/simulations/test_13/SIMFACTORY/exe/cactus_sim: error while loading shared libraries: libhdf5hl_fortran.so.7: cannot open shared object file: No such file or directory
callback returned error status
[proxy:0:0@cn01] main (./pm/pmiserv/pmip.c:226): demux engine error waiting for event
/home/himanshu/simulations/test_13/SIMFACTORY/exe/cactus_sim: error while loading shared libraries: libhdf5hl_fortran.so.7: cannot open shared object file: No such file or directory
/home/himanshu/simulations/test_13/SIMFACTORY/exe/cactus_sim: error while loading shared libraries: libhdf5hl_fortran.so.7: cannot open shared object file: No such file or directory
/home/himanshu/simulations/test_13/SIMFACTORY/exe/cactus_sim: error while loading shared libraries: libhdf5hl_fortran.so.7: cannot open shared object file: No such file or directory
/home/himanshu/simulations/test_13/SIMFACTORY/exe/cactus_sim: error while loading shared libraries: libhdf5hl_fortran.so.7: cannot open shared object file: No such file or directory
/home/himanshu/simulations/test_13/SIMFACTORY/exe/cactus_sim: error while loading shared libraries: libhdf5hl_fortran.so.7: cannot open shared object file: No such file or directory
/home/himanshu/simulations/test_13/SIMFACTORY/exe/cactus_sim: error while loading shared libraries: libhdf5hl_fortran.so.7: cannot open shared object file: No such file or directory
/home/himanshu/simulations/test_13/SIMFACTORY/exe/cactus_sim: error while loading shared libraries: libhdf5hl_fortran.so.7: cannot open shared object file: No such file or directory
/home/himanshu/simulations/test_13/SIMFACTORY/exe/cactus_sim: error while loading shared libraries: libhdf5hl_fortran.so.7: cannot open shared object file: No such file or directory
/home/himanshu/simulations/test_13/SIMFACTORY/exe/cactus_sim: error while loading shared libraries: libhdf5hl_fortran.so.7: cannot open shared object file: No such file or directory
[mpiexec@cn05] control_cb (./pm/pmiserv/pmiserv_cb.c:215): assert (!closed) failed
[mpiexec@cn05] HYDT_dmxu_poll_wait_for_event (./tools/demux/demux_poll.c:77): callback returned error status
[mpiexec@cn05] HYD_pmci_wait_for_completion (./pm/pmiserv/pmiserv_pmci.c:181): error waiting for event
[mpiexec@cn05] main (./ui/mpich/mpiexec.c:405): process manager error waiting for completion
+ echo 'Starting: ModernFamily'
+ echo 'Starting: ModernFamily'
+ echo 'Starting: ModernFamily'
++ date +%s
++ date +%s
++ date +%s
+ export CACTUS_STARTTIME=1456837212
+ CACTUS_STARTTIME=1456837212
+ export CACTUS_STARTTIME=1456837212
+ CACTUS_STARTTIME=1456837212
+ export CACTUS_STARTTIME=1456837212
+ CACTUS_STARTTIME=1456837212
+ mpirun -np 60 -hostfile /home/himanshu/Backup/Cactus/datanodes /home/himanshu/simulations/test_13/SIMFACTORY/exe/cactus_sim -L 3 /home/himanshu/simulations/test_13/output-0000/gaussian.par
+ mpirun -np 60 -hostfile /home/himanshu/Backup/Cactus/datanodes /home/himanshu/simulations/test_13/SIMFACTORY/exe/cactus_sim -L 3 /home/himanshu/simulations/test_13/output-0000/gaussian.par
+ mpirun -np 60 -hostfile /home/himanshu/Backup/Cactus/datanodes /home/himanshu/simulations/test_13/SIMFACTORY/exe/cactus_sim -L 3 /home/himanshu/simulations/test_13/output-0000/gaussian.par
/home/himanshu/simulations/test_13/SIMFACTORY/exe/cactus_sim: error while loading shared libraries: libhdf5hl_fortran.so.7: cannot open shared object file: No such file or directory
/home/himanshu/simulations/test_13/SIMFACTORY/exe/cactus_sim: error while loading shared libraries: libhdf5hl_fortran.so.7: cannot open shared object file: No such file or directory
/home/himanshu/simulations/test_13/SIMFACTORY/exe/cactus_sim: error while loading shared libraries: libhdf5hl_fortran.so.7: cannot open shared object file: No such file or directory
/home/himanshu/simulations/test_13/SIMFACTORY/exe/cactus_sim: error while loading shared libraries: libhdf5hl_fortran.so.7: cannot open shared object file: No such file or directory
/home/himanshu/simulations/test_13/SIMFACTORY/exe/cactus_sim: error while loading shared libraries: libhdf5hl_fortran.so.7: cannot open shared object file: No such file or directory
/home/himanshu/simulations/test_13/SIMFACTORY/exe/cactus_sim: error while loading shared libraries: libhdf5hl_fortran.so.7: cannot open shared object file: No such file or directory
/home/himanshu/simulations/test_13/SIMFACTORY/exe/cactus_sim: error while loading shared libraries: libhdf5hl_fortran.so.7: cannot open shared object file: No such file or directory
/home/himanshu/simulations/test_13/SIMFACTORY/exe/cactus_sim: error while loading shared libraries: libhdf5hl_fortran.so.7: cannot open shared object file: No such file or directory
/home/himanshu/simulations/test_13/SIMFACTORY/exe/cactus_sim: error while loading shared libraries: libhdf5hl_fortran.so.7: cannot open shared object file: No such file or directory
/home/himanshu/simulations/test_13/SIMFACTORY/exe/cactus_sim: error while loading shared libraries: libhdf5hl_fortran.so.7: cannot open shared object file: No such file or directory
/home/himanshu/simulations/test_13/SIMFACTORY/exe/cactus_sim: error while loading shared libraries: libhdf5hl_fortran.so.7: cannot open shared object file: No such file or directory
/home/himanshu/simulations/test_13/SIMFACTORY/exe/cactus_sim: error while loading shared libraries: libhdf5hl_fortran.so.7: cannot open shared object file: No such file or directory
/home/himanshu/simulations/test_13/SIMFACTORY/exe/cactus_sim: error while loading shared libraries: libhdf5hl_fortran.so.7: cannot open shared object file: No such file or directory
/home/himanshu/simulations/test_13/SIMFACTORY/exe/cactus_sim: error while loading shared libraries: libhdf5hl_fortran.so.7: cannot open shared object file: No such file or directory
/home/himanshu/simulations/test_13/SIMFACTORY/exe/cactus_sim: error while loading shared libraries: libhdf5hl_fortran.so.7: cannot open shared object file: No such file or directory
/home/himanshu/simulations/test_13/SIMFACTORY/exe/cactus_sim: error while loading shared libraries: libhdf5hl_fortran.so.7: cannot open shared object file: No such file or directory
/home/himanshu/simulations/test_13/SIMFACTORY/exe/cactus_sim: error while loading shared libraries: libhdf5hl_fortran.so.7: cannot open shared object file: No such file or directory
/home/himanshu/simulations/test_13/SIMFACTORY/exe/cactus_sim: error while loading shared libraries: libhdf5hl_fortran.so.7: cannot open shared object file: No such file or directory
/home/himanshu/simulations/test_13/SIMFACTORY/exe/cactus_sim: error while loading shared libraries: libhdf5hl_fortran.so.7: cannot open shared object file: No such file or directory
/home/himanshu/simulations/test_13/SIMFACTORY/exe/cactus_sim: error while loading shared libraries: libhdf5hl_fortran.so.7: cannot open shared object file: No such file or directory
Warning: Permanently added 'cn03,172.22.2.233' (RSA) to the list of known hosts.
+ echo 'Starting: ModernFamily'
Warning: Permanently added 'cn01,172.22.2.231' (RSA) to the list of known hosts.
++ date +%s
+ export CACTUS_STARTTIME=1456837212
+ CACTUS_STARTTIME=1456837212
Warning: Permanently added 'cn01,172.22.2.231' (RSA) to the list of known hosts.
Warning: Permanently added 'cn02,172.22.2.232' (RSA) to the list of known hosts.
Warning: Permanently added 'cn03,172.22.2.233' (RSA) to the list of known hosts.
+ mpirun -np 60 -hostfile /home/himanshu/Backup/Cactus/datanodes /home/himanshu/simulations/test_13/SIMFACTORY/exe/cactus_sim -L 3 /home/himanshu/simulations/test_13/output-0000/gaussian.par
[proxy:0:0@cn01] HYD_pmcd_pmip_control_cmd_cb (./pm/pmiserv/pmip_cb.c:981): assert (!closed) failed
[proxy:0:0@cn01] HYDT_dmxu_poll_wait_for_event (./tools/demux/demux_poll.c:77): callback returned error status
[proxy:0:0@cn01] main (./pm/pmiserv/pmip.c:226): demux engine error waiting for event
/home/himanshu/simulations/test_13/SIMFACTORY/exe/cactus_sim: error while loading shared libraries: libhdf5hl_fortran.so.7: cannot open shared object file: No such file or directory
/home/himanshu/simulations/test_13/SIMFACTORY/exe/cactus_sim: error while loading shared libraries: libhdf5hl_fortran.so.7: cannot open shared object file: No such file or directory
/home/himanshu/simulations/test_13/SIMFACTORY/exe/cactus_sim: error while loading shared libraries: libhdf5hl_fortran.so.7: cannot open shared object file: No such file or directory
/home/himanshu/simulations/test_13/SIMFACTORY/exe/cactus_sim: error while loading shared libraries: libhdf5hl_fortran.so.7: cannot open shared object file: No such file or directory
/home/himanshu/simulations/test_13/SIMFACTORY/exe/cactus_sim: error while loading shared libraries: libhdf5hl_fortran.so.7: cannot open shared object file: No such file or directory
Warning: Permanently added 'cn01,172.22.2.231' (RSA) to the list of known hosts.
[mpiexec@cn02] control_cb (./pm/pmiserv/pmiserv_cb.c:215): assert (!closed) failed
[mpiexec@cn02] HYDT_dmxu_poll_wait_for_event (./tools/demux/demux_poll.c:77): callback returned error status
[mpiexec@cn02] HYD_pmci_wait_for_completion (./pm/pmiserv/pmiserv_pmci.c:181): error waiting for event
[mpiexec@cn02] main (./ui/mpich/mpiexec.c:405): process manager error waiting for completion
Warning: Permanently added 'cn02,172.22.2.232' (RSA) to the list of known hosts.
Warning: Permanently added 'cn03,172.22.2.233' (RSA) to the list of known hosts.
+ echo 'Starting: ModernFamily'
++ date +%s
+ export CACTUS_STARTTIME=1456837212
+ CACTUS_STARTTIME=1456837212
+ mpirun -np 60 -hostfile /home/himanshu/Backup/Cactus/datanodes /home/himanshu/simulations/test_13/SIMFACTORY/exe/cactus_sim -L 3 /home/himanshu/simulations/test_13/output-0000/gaussian.par
Warning: Permanently added 'cn02,172.22.2.232' (RSA) to the list of known hosts.
Warning: Permanently added 'cn01,172.22.2.231' (RSA) to the list of known hosts.
+ echo 'Starting: ModernFamily'
Warning: Permanently added 'cn03,172.22.2.233' (RSA) to the list of known hosts.
++ date +%s
+ export CACTUS_STARTTIME=1456837212
+ CACTUS_STARTTIME=1456837212
+ mpirun -np 60 -hostfile /home/himanshu/Backup/Cactus/datanodes /home/himanshu/simulations/test_13/SIMFACTORY/exe/cactus_sim -L 3 /home/himanshu/simulations/test_13/output-0000/gaussian.par
Warning: Permanently added 'cn01,172.22.2.231' (RSA) to the list of known hosts.
Warning: Permanently added 'cn02,172.22.2.232' (RSA) to the list of known hosts.
Warning: Permanently added 'cn03,172.22.2.233' (RSA) to the list of known hosts.
Warning: Permanently added 'cn01,172.22.2.231' (RSA) to the list of known hosts.
Warning: Permanently added 'cn02,172.22.2.232' (RSA) to the list of known hosts.
Warning: Permanently added 'cn03,172.22.2.233' (RSA) to the list of known hosts.
[proxy:0:0@cn01] HYD_pmcd_pmip_control_cmd_cb (./pm/pmiserv/pmip_cb.c:981): assert (!closed) failed
[proxy:0:0@cn01] HYDT_dmxu_poll_wait_for_event (./tools/demux/demux_poll.c:77): callback returned error status
[proxy:0:0@cn01] /home/himanshu/simulations/test_13/SIMFACTORY/exe/cactus_sim: error while loading shared libraries: libhdf5hl_fortran.so.7: cannot open shared object file: No such file or directory
/home/himanshu/simulations/test_13/SIMFACTORY/exe/cactus_sim: error while loading shared libraries: libhdf5hl_fortran.so.7: cannot open shared object file: No such file or directory
main (./pm/pmiserv/pmip.c:226): /home/himanshu/simulations/test_13/SIMFACTORY/exe/cactus_sim: error while loading shared libraries: libhdf5hl_fortran.so.7: cannot open shared object file: No such file or directory
/home/himanshu/simulations/test_13/SIMFACTORY/exe/cactus_sim: error while loading shared libraries: libhdf5hl_fortran.so.7: cannot open shared object file: No such file or directory
/home/himanshu/simulations/test_13/SIMFACTORY/exe/cactus_sim: error while loading shared libraries: libhdf5hl_fortran.so.7: cannot open shared object file: No such file or directory
/home/himanshu/simulations/test_13/SIMFACTORY/exe/cactus_sim: error while loading shared libraries: libhdf5hl_fortran.so.7: cannot open shared object file: No such file or directory
/home/himanshu/simulations/test_13/SIMFACTORY/exe/cactus_sim: error while loading shared libraries: libhdf5hl_fortran.so.7: cannot open shared object file: No such file or directory
demux engine error waiting for event
/home/himanshu/simulations/test_13/SIMFACTORY/exe/cactus_sim: error while loading shared libraries: libhdf5hl_fortran.so.7: cannot open shared object file: No such file or directory
/home/himanshu/simulations/test_13/SIMFACTORY/exe/cactus_sim: error while loading shared libraries: libhdf5hl_fortran.so.7: cannot open shared object file: No such file or directory
/home/himanshu/simulations/test_13/SIMFACTORY/exe/cactus_sim: error while loading shared libraries: libhdf5hl_fortran.so.7: cannot open shared object file: No such file or directory
/home/himanshu/simulations/test_13/SIMFACTORY/exe/cactus_sim: error while loading shared libraries: libhdf5hl_fortran.so.7: cannot open shared object file: No such file or directory
/home/himanshu/simulations/test_13/SIMFACTORY/exe/cactus_sim: error while loading shared libraries: libhdf5hl_fortran.so.7: cannot open shared object file: No such file or directory
/home/himanshu/simulations/test_13/SIMFACTORY/exe/cactus_sim: error while loading shared libraries: libhdf5hl_fortran.so.7: cannot open shared object file: No such file or directory
/home/himanshu/simulations/test_13/SIMFACTORY/exe/cactus_sim: error while loading shared libraries: libhdf5hl_fortran.so.7: cannot open shared object file: No such file or directory
/home/himanshu/simulations/test_13/SIMFACTORY/exe/cactus_sim: error while loading shared libraries: libhdf5hl_fortran.so.7: cannot open shared object file: No such file or directory
/home/himanshu/simulations/test_13/SIMFACTORY/exe/cactus_sim: error while loading shared libraries: libhdf5hl_fortran.so.7: cannot open shared object file: No such file or directory
[proxy:0:0@cn01] HYD_pmcd_pmip_control_cmd_cb (./pm/pmiserv/pmip_cb.c:981): assert (!closed) failed
[proxy:0:0@cn01] HYDT_dmxu_poll_wait_for_event (./tools/demux/demux_poll.c:77): callback returned error status
[proxy:0:0@cn01] main (./pm/pmiserv/pmip.c:226): /home/himanshu/simulations/test_13/SIMFACTORY/exe/cactus_sim: error while loading shared libraries: libhdf5hl_fortran.so.7: cannot open shared object file: No such file or directory
/home/himanshu/simulations/test_13/SIMFACTORY/exe/cactus_sim: error while loading shared libraries: libhdf5hl_fortran.so.7: cannot open shared object file: No such file or directory
/home/himanshu/simulations/test_13/SIMFACTORY/exe/cactus_sim: error while loading shared libraries: libhdf5hl_fortran.so.7: cannot open shared object file: No such file or directory
demux engine error waiting for event
/home/himanshu/simulations/test_13/SIMFACTORY/exe/cactus_sim: error while loading shared libraries: libhdf5hl_fortran.so.7: cannot open shared object file: No such file or directory
/home/himanshu/simulations/test_13/SIMFACTORY/exe/cactus_sim: error while loading shared libraries: libhdf5hl_fortran.so.7: cannot open shared object file: No such file or directory
/home/himanshu/simulations/test_13/SIMFACTORY/exe/cactus_sim: error while loading shared libraries: libhdf5hl_fortran.so.7: cannot open shared object file: No such file or directory
/home/himanshu/simulations/test_13/SIMFACTORY/exe/cactus_sim: error while loading shared libraries: libhdf5hl_fortran.so.7: cannot open shared object file: No such file or directory
[mpiexec@cn05] control_cb (./pm/pmiserv/pmiserv_cb.c:215): assert (!closed) failed
[mpiexec@cn05] HYDT_dmxu_poll_wait_for_event (./tools/demux/demux_poll.c:77): callback returned error status
[mpiexec@cn05] HYD_pmci_wait_for_completion (./pm/pmiserv/pmiserv_pmci.c:181): error waiting for event
[mpiexec@cn05] main (./ui/mpich/mpiexec.c:405): process manager error waiting for completion
/home/himanshu/simulations/test_13/SIMFACTORY/exe/cactus_sim: error while loading shared libraries: libhdf5hl_fortran.so.7: cannot open shared object file: No such file or directory
/home/himanshu/simulations/test_13/SIMFACTORY/exe/cactus_sim: error while loading shared libraries: libhdf5hl_fortran.so.7: cannot open shared object file: No such file or directory
/home/himanshu/simulations/test_13/SIMFACTORY/exe/cactus_sim: error while loading shared libraries: libhdf5hl_fortran.so.7: cannot open shared object file: No such file or directory
/home/himanshu/simulations/test_13/SIMFACTORY/exe/cactus_sim: error while loading shared libraries: libhdf5hl_fortran.so.7: cannot open shared object file: No such file or directory
/home/himanshu/simulations/test_13/SIMFACTORY/exe/cactus_sim: error while loading shared libraries: libhdf5hl_fortran.so.7: cannot open shared object file: No such file or directory
/home/himanshu/simulations/test_13/SIMFACTORY/exe/cactus_sim: error while loading shared libraries: libhdf5hl_fortran.so.7: cannot open shared object file: No such file or directory
/home/himanshu/simulations/test_13/SIMFACTORY/exe/cactus_sim: error while loading shared libraries: libhdf5hl_fortran.so.7: cannot open shared object file: No such file or directory
/home/himanshu/simulations/test_13/SIMFACTORY/exe/cactus_sim: error while loading shared libraries: libhdf5hl_fortran.so.7: cannot open shared object file: No such file or directory
/home/himanshu/simulations/test_13/SIMFACTORY/exe/cactus_sim: error while loading shared libraries: libhdf5hl_fortran.so.7: cannot open shared object file: No such file or directory
/home/himanshu/simulations/test_13/SIMFACTORY/exe/cactus_sim: error while loading shared libraries: libhdf5hl_fortran.so.7: cannot open shared object file: No such file or directory
/home/himanshu/simulations/test_13/SIMFACTORY/exe/cactus_sim: error while loading shared libraries: libhdf5hl_fortran.so.7: cannot open shared object file: No such file or directory
/home/himanshu/simulations/test_13/SIMFACTORY/exe/cactus_sim: error while loading shared libraries: libhdf5hl_fortran.so.7: cannot open shared object file: No such file or directory
/home/himanshu/simulations/test_13/SIMFACTORY/exe/cactus_sim: error while loading shared libraries: libhdf5hl_fortran.so.7: cannot open shared object file: No such file or directory
/home/himanshu/simulations/test_13/SIMFACTORY/exe/cactus_sim: error while loading shared libraries: libhdf5hl_fortran.so.7: cannot open shared object file: No such file or directory
/home/himanshu/simulations/test_13/SIMFACTORY/exe/cactus_sim: error while loading shared libraries: libhdf5hl_fortran.so.7: cannot open shared object file: No such file or directory
/home/himanshu/simulations/test_13/SIMFACTORY/exe/cactus_sim: error while loading shared libraries: libhdf5hl_fortran.so.7: cannot open shared object file: No such file or directory
/home/himanshu/simulations/test_13/SIMFACTORY/exe/cactus_sim: error while loading shared libraries: libhdf5hl_fortran.so.7: cannot open shared object file: No such file or directory
/home/himanshu/simulations/test_13/SIMFACTORY/exe/cactus_sim: error while loading shared libraries: libhdf5hl_fortran.so.7: cannot open shared object file: No such file or directory
/home/himanshu/simulations/test_13/SIMFACTORY/exe/cactus_sim: error while loading shared libraries: libhdf5hl_fortran.so.7: cannot open shared object file: No such file or directory
/home/himanshu/simulations/test_13/SIMFACTORY/exe/cactus_sim: error while loading shared libraries: libhdf5hl_fortran.so.7: cannot open shared object file: No such file or directory
[mpiexec@cn02] control_cb (./pm/pmiserv/pmiserv_cb.c:215): assert (!closed) failed
[mpiexec@cn02] HYDT_dmxu_poll_wait_for_event (./tools/demux/demux_poll.c:77): callback returned error status
[mpiexec@cn02] HYD_pmci_wait_for_completion (./pm/pmiserv/pmiserv_pmci.c:181): error waiting for event
[mpiexec@cn02] main (./ui/mpich/mpiexec.c:405): process manager error waiting for completion
/home/himanshu/simulations/test_13/SIMFACTORY/exe/cactus_sim: error while loading shared libraries: libhdf5hl_fortran.so.7: cannot open shared object file: No such file or directory
/home/himanshu/simulations/test_13/SIMFACTORY/exe/cactus_sim: error while loading shared libraries: libhdf5hl_fortran.so.7: cannot open shared object file: No such file or directory
/home/himanshu/simulations/test_13/SIMFACTORY/exe/cactus_sim: error while loading shared libraries: libhdf5hl_fortran.so.7: cannot open shared object file: No such file or directory
/home/himanshu/simulations/test_13/SIMFACTORY/exe/cactus_sim: error while loading shared libraries: libhdf5hl_fortran.so.7: cannot open shared object file: No such file or directory
/home/himanshu/simulations/test_13/SIMFACTORY/exe/cactus_sim: error while loading shared libraries: libhdf5hl_fortran.so.7: cannot open shared object file: No such file or directory
/home/himanshu/simulations/test_13/SIMFACTORY/exe/cactus_sim: error while loading shared libraries: libhdf5hl_fortran.so.7: cannot open shared object file: No such file or directory
/home/himanshu/simulations/test_13/SIMFACTORY/exe/cactus_sim: error while loading shared libraries: libhdf5hl_fortran.so.7: cannot open shared object file: No such file or directory
/home/himanshu/simulations/test_13/SIMFACTORY/exe/cactus_sim: error while loading shared libraries: libhdf5hl_fortran.so.7: cannot open shared object file: No such file or directory
/home/himanshu/simulations/test_13/SIMFACTORY/exe/cactus_sim: error while loading shared libraries: libhdf5hl_fortran.so.7: cannot open shared object file: No such file or directory
/home/himanshu/simulations/test_13/SIMFACTORY/exe/cactus_sim: error while loading shared libraries: libhdf5hl_fortran.so.7: cannot open shared object file: No such file or directory
/home/himanshu/simulations/test_13/SIMFACTORY/exe/cactus_sim: error while loading shared libraries: libhdf5hl_fortran.so.7: cannot open shared object file: No such file or directory
/home/himanshu/simulations/test_13/SIMFACTORY/exe/cactus_sim: error while loading shared libraries: libhdf5hl_fortran.so.7: cannot open shared object file: No such file or directory
/home/himanshu/simulations/test_13/SIMFACTORY/exe/cactus_sim: error while loading shared libraries: libhdf5hl_fortran.so.7: cannot open shared object file: No such file or directory
/home/himanshu/simulations/test_13/SIMFACTORY/exe/cactus_sim: error while loading shared libraries: libhdf5hl_fortran.so.7: cannot open shared object file: No such file or directory
/home/himanshu/simulations/test_13/SIMFACTORY/exe/cactus_sim: error while loading shared libraries: libhdf5hl_fortran.so.7: cannot open shared object file: No such file or directory
/home/himanshu/simulations/test_13/SIMFACTORY/exe/cactus_sim: error while loading shared libraries: libhdf5hl_fortran.so.7: cannot open shared object file: No such file or directory
/home/himanshu/simulations/test_13/SIMFACTORY/exe/cactus_sim: error while loading shared libraries: libhdf5hl_fortran.so.7: cannot open shared object file: No such file or directory
/home/himanshu/simulations/test_13/SIMFACTORY/exe/cactus_sim: error while loading shared libraries: libhdf5hl_fortran.so.7: cannot open shared object file: No such file or directory
/home/himanshu/simulations/test_13/SIMFACTORY/exe/cactus_sim: error while loading shared libraries: libhdf5hl_fortran.so.7: cannot open shared object file: No such file or directory
/home/himanshu/simulations/test_13/SIMFACTORY/exe/cactus_sim: error while loading shared libraries: libhdf5hl_fortran.so.7: cannot open shared object file: No such file or directory
/home/himanshu/simulations/test_13/SIMFACTORY/exe/cactus_sim: error while loading shared libraries: libhdf5hl_fortran.so.7: cannot open shared object file: No such file or directory
/home/himanshu/simulations/test_13/SIMFACTORY/exe/cactus_sim: error while loading shared libraries: libhdf5hl_fortran.so.7: cannot open shared object file: No such file or directory
/home/himanshu/simulations/test_13/SIMFACTORY/exe/cactus_sim: error while loading shared libraries: libhdf5hl_fortran.so.7: cannot open shared object file: No such file or directory
/home/himanshu/simulations/test_13/SIMFACTORY/exe/cactus_sim: error while loading shared libraries: libhdf5hl_fortran.so.7: cannot open shared object file: No such file or directory
/home/himanshu/simulations/test_13/SIMFACTORY/exe/cactus_sim: error while loading shared libraries: libhdf5hl_fortran.so.7: cannot open shared object file: No such file or directory
/home/himanshu/simulations/test_13/SIMFACTORY/exe/cactus_sim: error while loading shared libraries: libhdf5hl_fortran.so.7: cannot open shared object file: No such file or directory
/home/himanshu/simulations/test_13/SIMFACTORY/exe/cactus_sim: error while loading shared libraries: libhdf5hl_fortran.so.7: cannot open shared object file: No such file or directory
/home/himanshu/simulations/test_13/SIMFACTORY/exe/cactus_sim: error while loading shared libraries: libhdf5hl_fortran.so.7: cannot open shared object file: No such file or directory
/home/himanshu/simulations/test_13/SIMFACTORY/exe/cactus_sim: error while loading shared libraries: libhdf5hl_fortran.so.7: cannot open shared object file: No such file or directory
/home/himanshu/simulations/test_13/SIMFACTORY/exe/cactus_sim: error while loading shared libraries: libhdf5hl_fortran.so.7: cannot open shared object file: No such file or directory
/home/himanshu/simulations/test_13/SIMFACTORY/exe/cactus_sim: error while loading shared libraries: libhdf5hl_fortran.so.7: cannot open shared object file: No such file or directory
/home/himanshu/simulations/test_13/SIMFACTORY/exe/cactus_sim: error while loading shared libraries: libhdf5hl_fortran.so.7: cannot open shared object file: No such file or directory
/home/himanshu/simulations/test_13/SIMFACTORY/exe/cactus_sim: error while loading shared libraries: libhdf5hl_fortran.so.7: cannot open shared object file: No such file or directory
/home/himanshu/simulations/test_13/SIMFACTORY/exe/cactus_sim: error while loading shared libraries: libhdf5hl_fortran.so.7: cannot open shared object file: No such file or directory
/home/himanshu/simulations/test_13/SIMFACTORY/exe/cactus_sim: error while loading shared libraries: libhdf5hl_fortran.so.7: cannot open shared object file: No such file or directory
/home/himanshu/simulations/test_13/SIMFACTORY/exe/cactus_sim: error while loading shared libraries: libhdf5hl_fortran.so.7: cannot open shared object file: No such file or directory
/home/himanshu/simulations/test_13/SIMFACTORY/exe/cactus_sim: error while loading shared libraries: libhdf5hl_fortran.so.7: cannot open shared object file: No such file or directory
/home/himanshu/simulations/test_13/SIMFACTORY/exe/cactus_sim: error while loading shared libraries: libhdf5hl_fortran.so.7: cannot open shared object file: No such file or directory
/home/himanshu/simulations/test_13/SIMFACTORY/exe/cactus_sim: error while loading shared libraries: libhdf5hl_fortran.so.7: cannot open shared object file: No such file or directory
/home/himanshu/simulations/test_13/SIMFACTORY/exe/cactus_sim: error while loading shared libraries: libhdf5hl_fortran.so.7: cannot open shared object file: No such file or directory
/home/himanshu/simulations/test_13/SIMFACTORY/exe/cactus_sim: error while loading shared libraries: libhdf5hl_fortran.so.7: cannot open shared object file: No such file or directory
/home/himanshu/simulations/test_13/SIMFACTORY/exe/cactus_sim: error while loading shared libraries: libhdf5hl_fortran.so.7: cannot open shared object file: No such file or directory
/home/himanshu/simulations/test_13/SIMFACTORY/exe/cactus_sim: error while loading shared libraries: libhdf5hl_fortran.so.7: cannot open shared object file: No such file or directory
/home/himanshu/simulations/test_13/SIMFACTORY/exe/cactus_sim: error while loading shared libraries: libhdf5hl_fortran.so.7: cannot open shared object file: No such file or directory
/home/himanshu/simulations/test_13/SIMFACTORY/exe/cactus_sim: error while loading shared libraries: libhdf5hl_fortran.so.7: cannot open shared object file: No such file or directory
/home/himanshu/simulations/test_13/SIMFACTORY/exe/cactus_sim: error while loading shared libraries: libhdf5hl_fortran.so.7: cannot open shared object file: No such file or directory
/home/himanshu/simulations/test_13/SIMFACTORY/exe/cactus_sim: error while loading shared libraries: libhdf5hl_fortran.so.7: cannot open shared object file: No such file or directory
/home/himanshu/simulations/test_13/SIMFACTORY/exe/cactus_sim: error while loading shared libraries: libhdf5hl_fortran.so.7: cannot open shared object file: No such file or directory
/home/himanshu/simulations/test_13/SIMFACTORY/exe/cactus_sim: error while loading shared libraries: libhdf5hl_fortran.so.7: cannot open shared object file: No such file or directory
/home/himanshu/simulations/test_13/SIMFACTORY/exe/cactus_sim: error while loading shared libraries: libhdf5hl_fortran.so.7: cannot open shared object file: No such file or directory
/home/himanshu/simulations/test_13/SIMFACTORY/exe/cactus_sim: error while loading shared libraries: libhdf5hl_fortran.so.7: cannot open shared object file: No such file or directory
/home/himanshu/simulations/test_13/SIMFACTORY/exe/cactus_sim: error while loading shared libraries: libhdf5hl_fortran.so.7: cannot open shared object file: No such file or directory
/home/himanshu/simulations/test_13/SIMFACTORY/exe/cactus_sim: error while loading shared libraries: libhdf5hl_fortran.so.7: cannot open shared object file: No such file or directory
/home/himanshu/simulations/test_13/SIMFACTORY/exe/cactus_sim: error while loading shared libraries: libhdf5hl_fortran.so.7: cannot open shared object file: No such file or directory
/home/himanshu/simulations/test_13/SIMFACTORY/exe/cactus_sim: error while loading shared libraries: libhdf5hl_fortran.so.7: cannot open shared object file: No such file or directory
/home/himanshu/simulations/test_13/SIMFACTORY/exe/cactus_sim: error while loading shared libraries: libhdf5hl_fortran.so.7: cannot open shared object file: No such file or directory
/home/himanshu/simulations/test_13/SIMFACTORY/exe/cactus_sim: error while loading shared libraries: libhdf5hl_fortran.so.7: cannot open shared object file: No such file or directory
/home/himanshu/simulations/test_13/SIMFACTORY/exe/cactus_sim: error while loading shared libraries: libhdf5hl_fortran.so.7: cannot open shared object file: No such file or directory
/home/himanshu/simulations/test_13/SIMFACTORY/exe/cactus_sim: error while loading shared libraries: libhdf5hl_fortran.so.7: cannot open shared object file: No such file or directory
/home/himanshu/simulations/test_13/SIMFACTORY/exe/cactus_sim: error while loading shared libraries: libhdf5hl_fortran.so.7: cannot open shared object file: No such file or directory
/home/himanshu/simulations/test_13/SIMFACTORY/exe/cactus_sim: error while loading shared libraries: libhdf5hl_fortran.so.7: cannot open shared object file: No such file or directory
/home/himanshu/simulations/test_13/SIMFACTORY/exe/cactus_sim: error while loading shared libraries: libhdf5hl_fortran.so.7: cannot open shared object file: No such file or directory
/home/himanshu/simulations/test_13/SIMFACTORY/exe/cactus_sim: error while loading shared libraries: libhdf5hl_fortran.so.7: cannot open shared object file: No such file or directory
/home/himanshu/simulations/test_13/SIMFACTORY/exe/cactus_sim: error while loading shared libraries: libhdf5hl_fortran.so.7: cannot open shared object file: No such file or directory
/home/himanshu/simulations/test_13/SIMFACTORY/exe/cactus_sim: error while loading shared libraries: libhdf5hl_fortran.so.7: cannot open shared object file: No such file or directory
/home/himanshu/simulations/test_13/SIMFACTORY/exe/cactus_sim: error while loading shared libraries: libhdf5hl_fortran.so.7: cannot open shared object file: No such file or directory
/home/himanshu/simulations/test_13/SIMFACTORY/exe/cactus_sim: error while loading shared libraries: libhdf5hl_fortran.so.7: cannot open shared object file: No such file or directory
/home/himanshu/simulations/test_13/SIMFACTORY/exe/cactus_sim: error while loading shared libraries: libhdf5hl_fortran.so.7: cannot open shared object file: No such file or directory
/home/himanshu/simulations/test_13/SIMFACTORY/exe/cactus_sim: error while loading shared libraries: libhdf5hl_fortran.so.7: cannot open shared object file: No such file or directory
/home/himanshu/simulations/test_13/SIMFACTORY/exe/cactus_sim: error while loading shared libraries: libhdf5hl_fortran.so.7: cannot open shared object file: No such file or directory
/home/himanshu/simulations/test_13/SIMFACTORY/exe/cactus_sim: error while loading shared libraries: libhdf5hl_fortran.so.7: cannot open shared object file: No such file or directory
/home/himanshu/simulations/test_13/SIMFACTORY/exe/cactus_sim: error while loading shared libraries: libhdf5hl_fortran.so.7: cannot open shared object file: No such file or directory
/home/himanshu/simulations/test_13/SIMFACTORY/exe/cactus_sim: error while loading shared libraries: libhdf5hl_fortran.so.7: cannot open shared object file: No such file or directory
/home/himanshu/simulations/test_13/SIMFACTORY/exe/cactus_sim: error while loading shared libraries: libhdf5hl_fortran.so.7: cannot open shared object file: No such file or directory
/home/himanshu/simulations/test_13/SIMFACTORY/exe/cactus_sim: error while loading shared libraries: libhdf5hl_fortran.so.7: cannot open shared object file: No such file or directory
/home/himanshu/simulations/test_13/SIMFACTORY/exe/cactus_sim: error while loading shared libraries: libhdf5hl_fortran.so.7: cannot open shared object file: No such file or directory
/home/himanshu/simulations/test_13/SIMFACTORY/exe/cactus_sim: error while loading shared libraries: libhdf5hl_fortran.so.7: cannot open shared object file: No such file or directory
[proxy:0:0@cn01] HYD_pmcd_pmip_control_cmd_cb (./pm/pmiserv/pmip_cb.c:981): assert (!closed) failed
[proxy:0:0@cn01] HYDT_dmxu_poll_wait_for_event (./tools/demux/demux_poll.c:77): callback returned error status
[proxy:0:0@cn01] main (./pm/pmiserv/pmip.c:226): demux engine error waiting for event
[mpiexec@cn05] control_cb (./pm/pmiserv/pmiserv_cb.c:215): assert (!closed) failed
[mpiexec@cn05] HYDT_dmxu_poll_wait_for_event (./tools/demux/demux_poll.c:77): callback returned error status
[mpiexec@cn05] HYD_pmci_wait_for_completion (./pm/pmiserv/pmiserv_pmci.c:181): error waiting for event
[mpiexec@cn05] main (./ui/mpich/mpiexec.c:405): process manager error waiting for completion
/home/himanshu/simulations/test_13/SIMFACTORY/exe/cactus_sim: error while loading shared libraries: libhdf5hl_fortran.so.7: cannot open shared object file: No such file or directory
/home/himanshu/simulations/test_13/SIMFACTORY/exe/cactus_sim: error while loading shared libraries: libhdf5hl_fortran.so.7: cannot open shared object file: No such file or directory
/home/himanshu/simulations/test_13/SIMFACTORY/exe/cactus_sim: error while loading shared libraries: libhdf5hl_fortran.so.7: cannot open shared object file: No such file or directory
/home/himanshu/simulations/test_13/SIMFACTORY/exe/cactus_sim: error while loading shared libraries: libhdf5hl_fortran.so.7: cannot open shared object file: No such file or directory
/home/himanshu/simulations/test_13/SIMFACTORY/exe/cactus_sim: error while loading shared libraries: libhdf5hl_fortran.so.7: cannot open shared object file: No such file or directory
/home/himanshu/simulations/test_13/SIMFACTORY/exe/cactus_sim: error while loading shared libraries: libhdf5hl_fortran.so.7: cannot open shared object file: No such file or directory
/home/himanshu/simulations/test_13/SIMFACTORY/exe/cactus_sim: error while loading shared libraries: libhdf5hl_fortran.so.7: cannot open shared object file: No such file or directory
/home/himanshu/simulations/test_13/SIMFACTORY/exe/cactus_sim: error while loading shared libraries: libhdf5hl_fortran.so.7: cannot open shared object file: No such file or directory
/home/himanshu/simulations/test_13/SIMFACTORY/exe/cactus_sim: error while loading shared libraries: libhdf5hl_fortran.so.7: cannot open shared object file: No such file or directory
/home/himanshu/simulations/test_13/SIMFACTORY/exe/cactus_sim: error while loading shared libraries: libhdf5hl_fortran.so.7: cannot open shared object file: No such file or directory
/home/himanshu/simulations/test_13/SIMFACTORY/exe/cactus_sim: error while loading shared libraries: libhdf5hl_fortran.so.7: cannot open shared object file: No such file or directory
/home/himanshu/simulations/test_13/SIMFACTORY/exe/cactus_sim: error while loading shared libraries: libhdf5hl_fortran.so.7: cannot open shared object file: No such file or directory
/home/himanshu/simulations/test_13/SIMFACTORY/exe/cactus_sim: error while loading shared libraries: libhdf5hl_fortran.so.7: cannot open shared object file: No such file or directory
/home/himanshu/simulations/test_13/SIMFACTORY/exe/cactus_sim: error while loading shared libraries: libhdf5hl_fortran.so.7: cannot open shared object file: No such file or directory
/home/himanshu/simulations/test_13/SIMFACTORY/exe/cactus_sim: error while loading shared libraries: libhdf5hl_fortran.so.7: cannot open shared object file: No such file or directory
/home/himanshu/simulations/test_13/SIMFACTORY/exe/cactus_sim: error while loading shared libraries: libhdf5hl_fortran.so.7: cannot open shared object file: No such file or directory
/home/himanshu/simulations/test_13/SIMFACTORY/exe/cactus_sim: error while loading shared libraries: libhdf5hl_fortran.so.7: cannot open shared object file: No such file or directory
/home/himanshu/simulations/test_13/SIMFACTORY/exe/cactus_sim: error while loading shared libraries: libhdf5hl_fortran.so.7: cannot open shared object file: No such file or directory
/home/himanshu/simulations/test_13/SIMFACTORY/exe/cactus_sim: error while loading shared libraries: libhdf5hl_fortran.so.7: cannot open shared object file: No such file or directory
/home/himanshu/simulations/test_13/SIMFACTORY/exe/cactus_sim: error while loading shared libraries: libhdf5hl_fortran.so.7: cannot open shared object file: No such file or directory
[proxy:0:0@cn01] HYD_pmcd_pmip_control_cmd_cb (./pm/pmiserv/pmip_cb.c:981): assert (!closed) failed
[proxy:0:0@cn01] HYDT_dmxu_poll_wait_for_event (./tools/demux/demux_poll.c:77): callback returned error status
[proxy:0:0@cn01] main (./pm/pmiserv/pmip.c:226): demux engine error waiting for event
[mpiexec@cn05] control_cb (./pm/pmiserv/pmiserv_cb.c:215): assert (!closed) failed
[mpiexec@cn05] HYDT_dmxu_poll_wait_for_event (./tools/demux/demux_poll.c:77): callback returned error status
[mpiexec@cn05] HYD_pmci_wait_for_completion (./pm/pmiserv/pmiserv_pmci.c:181): error waiting for event
[mpiexec@cn05] main (./ui/mpich/mpiexec.c:405): process manager error waiting for completion
/home/himanshu/simulations/test_13/SIMFACTORY/exe/cactus_sim: error while loading shared libraries: libhdf5hl_fortran.so.7: cannot open shared object file: No such file or directory
/home/himanshu/simulations/test_13/SIMFACTORY/exe/cactus_sim: error while loading shared libraries: libhdf5hl_fortran.so.7: cannot open shared object file: No such file or directory
/home/himanshu/simulations/test_13/SIMFACTORY/exe/cactus_sim: error while loading shared libraries: libhdf5hl_fortran.so.7: cannot open shared object file: No such file or directory
/home/himanshu/simulations/test_13/SIMFACTORY/exe/cactus_sim: error while loading shared libraries: libhdf5hl_fortran.so.7: cannot open shared object file: No such file or directory
/home/himanshu/simulations/test_13/SIMFACTORY/exe/cactus_sim: error while loading shared libraries: libhdf5hl_fortran.so.7: cannot open shared object file: No such file or directory
/home/himanshu/simulations/test_13/SIMFACTORY/exe/cactus_sim: error while loading shared libraries: libhdf5hl_fortran.so.7: cannot open shared object file: No such file or directory
/home/himanshu/simulations/test_13/SIMFACTORY/exe/cactus_sim: error while loading shared libraries: libhdf5hl_fortran.so.7: cannot open shared object file: No such file or directory
/home/himanshu/simulations/test_13/SIMFACTORY/exe/cactus_sim: error while loading shared libraries: libhdf5hl_fortran.so.7: cannot open shared object file: No such file or directory
/home/himanshu/simulations/test_13/SIMFACTORY/exe/cactus_sim: error while loading shared libraries: libhdf5hl_fortran.so.7: cannot open shared object file: No such file or directory
/home/himanshu/simulations/test_13/SIMFACTORY/exe/cactus_sim: error while loading shared libraries: libhdf5hl_fortran.so.7: cannot open shared object file: No such file or directory
/home/himanshu/simulations/test_13/SIMFACTORY/exe/cactus_sim: error while loading shared libraries: libhdf5hl_fortran.so.7: cannot open shared object file: No such file or directory
/home/himanshu/simulations/test_13/SIMFACTORY/exe/cactus_sim: error while loading shared libraries: libhdf5hl_fortran.so.7: cannot open shared object file: No such file or directory
/home/himanshu/simulations/test_13/SIMFACTORY/exe/cactus_sim: error while loading shared libraries: libhdf5hl_fortran.so.7: cannot open shared object file: No such file or directory
/home/himanshu/simulations/test_13/SIMFACTORY/exe/cactus_sim: error while loading shared libraries: libhdf5hl_fortran.so.7: cannot open shared object file: No such file or directory
/home/himanshu/simulations/test_13/SIMFACTORY/exe/cactus_sim: error while loading shared libraries: libhdf5hl_fortran.so.7: cannot open shared object file: No such file or directory
/home/himanshu/simulations/test_13/SIMFACTORY/exe/cactus_sim: error while loading shared libraries: libhdf5hl_fortran.so.7: cannot open shared object file: No such file or directory
/home/himanshu/simulations/test_13/SIMFACTORY/exe/cactus_sim: error while loading shared libraries: libhdf5hl_fortran.so.7: cannot open shared object file: No such file or directory
/home/himanshu/simulations/test_13/SIMFACTORY/exe/cactus_sim: error while loading shared libraries: libhdf5hl_fortran.so.7: cannot open shared object file: No such file or directory
/home/himanshu/simulations/test_13/SIMFACTORY/exe/cactus_sim: error while loading shared libraries: libhdf5hl_fortran.so.7: cannot open shared object file: No such file or directory
/home/himanshu/simulations/test_13/SIMFACTORY/exe/cactus_sim: error while loading shared libraries: libhdf5hl_fortran.so.7: cannot open shared object file: No such file or directory
/home/himanshu/simulations/test_13/SIMFACTORY/exe/cactus_sim: error while loading shared libraries: libhdf5hl_fortran.so.7: cannot open shared object file: No such file or directory
/home/himanshu/simulations/test_13/SIMFACTORY/exe/cactus_sim: error while loading shared libraries: libhdf5hl_fortran.so.7: cannot open shared object file: No such file or directory
/home/himanshu/simulations/test_13/SIMFACTORY/exe/cactus_sim: error while loading shared libraries: libhdf5hl_fortran.so.7: cannot open shared object file: No such file or directory
/home/himanshu/simulations/test_13/SIMFACTORY/exe/cactus_sim: error while loading shared libraries: libhdf5hl_fortran.so.7: cannot open shared object file: No such file or directory
/home/himanshu/simulations/test_13/SIMFACTORY/exe/cactus_sim: error while loading shared libraries: libhdf5hl_fortran.so.7: cannot open shared object file: No such file or directory
/home/himanshu/simulations/test_13/SIMFACTORY/exe/cactus_sim: error while loading shared libraries: libhdf5hl_fortran.so.7: cannot open shared object file: No such file or directory
/home/himanshu/simulations/test_13/SIMFACTORY/exe/cactus_sim: error while loading shared libraries: libhdf5hl_fortran.so.7: cannot open shared object file: No such file or directory
/home/himanshu/simulations/test_13/SIMFACTORY/exe/cactus_sim: error while loading shared libraries: libhdf5hl_fortran.so.7: cannot open shared object file: No such file or directory
/home/himanshu/simulations/test_13/SIMFACTORY/exe/cactus_sim: error while loading shared libraries: libhdf5hl_fortran.so.7: cannot open shared object file: No such file or directory
/home/himanshu/simulations/test_13/SIMFACTORY/exe/cactus_sim: error while loading shared libraries: libhdf5hl_fortran.so.7: cannot open shared object file: No such file or directory
/home/himanshu/simulations/test_13/SIMFACTORY/exe/cactus_sim: error while loading shared libraries: libhdf5hl_fortran.so.7: cannot open shared object file: No such file or directory
/home/himanshu/simulations/test_13/SIMFACTORY/exe/cactus_sim: error while loading shared libraries: libhdf5hl_fortran.so.7: cannot open shared object file: No such file or directory
/home/himanshu/simulations/test_13/SIMFACTORY/exe/cactus_sim: error while loading shared libraries: libhdf5hl_fortran.so.7: cannot open shared object file: No such file or directory
/home/himanshu/simulations/test_13/SIMFACTORY/exe/cactus_sim: error while loading shared libraries: libhdf5hl_fortran.so.7: cannot open shared object file: No such file or directory
/home/himanshu/simulations/test_13/SIMFACTORY/exe/cactus_sim: error while loading shared libraries: libhdf5hl_fortran.so.7: cannot open shared object file: No such file or directory
/home/himanshu/simulations/test_13/SIMFACTORY/exe/cactus_sim: error while loading shared libraries: libhdf5hl_fortran.so.7: cannot open shared object file: No such file or directory
/home/himanshu/simulations/test_13/SIMFACTORY/exe/cactus_sim: error while loading shared libraries: libhdf5hl_fortran.so.7: cannot open shared object file: No such file or directory
[proxy:0:0@cn01] HYD_pmcd_pmip_control_cmd_cb (./pm/pmiserv/pmip_cb.c:981): assert (!closed) failed
[proxy:0:0@cn01] HYDT_dmxu_poll_wait_for_event (./tools/demux/demux_poll.c:77): callback returned error status
[proxy:0:0@cn01] main (./pm/pmiserv/pmip.c:226): demux engine error waiting for event
/home/himanshu/simulations/test_13/SIMFACTORY/exe/cactus_sim: error while loading shared libraries: libhdf5hl_fortran.so.7: cannot open shared object file: No such file or directory
[mpiexec@cn05] control_cb (./pm/pmiserv/pmiserv_cb.c:215): assert (!closed) failed
[mpiexec@cn05] HYDT_dmxu_poll_wait_for_event (./tools/demux/demux_poll.c:77): callback returned error status
[mpiexec@cn05] HYD_pmci_wait_for_completion (./pm/pmiserv/pmiserv_pmci.c:181): error waiting for event
[mpiexec@cn05] main (./ui/mpich/mpiexec.c:405): process manager error waiting for completion
