-catch_rsh /cluster/sge-6.1u3/damiana/spool/node024/active_jobs/197519.1/pe_hostfile
node024
node024
node024
node024
Preparing:
Checking:
/lustre/AEI/ianhin/simulations/chgbug_8/output-0000-active
node024
Sun Oct 24 15:31:25 CEST 2010
PBS nodes:
node024
node024
node024
node024
Environment:
Starting:
INFO (Cactus): Increasing logging level from 0 to 3
INFO (Cactus): Increasing logging level from 0 to 3
INFO (Cactus): Increasing logging level from 0 to 3
--------------------------------------------------------------------------------

       10                                  
  1   0101       ************************  
  01  1010 10      The Cactus Code V4.0    
 1010 1101 011      www.cactuscode.org     
  1001 100101    ************************  
    00010101                               
     100011     (c) Copyright The Authors  
      0100      GNU Licensed. No Warranty  
      0101                                 

--------------------------------------------------------------------------------

Cactus version:    4.0.b17
Compile date:      Oct 24 2010 (13:21:35)
Run date:          Oct 24 2010 (15:31:28+0200)
Run host:          node024.damiana.admin (pid=10702)
Working directory: /lustre/AEI/ianhin/simulations/chgbug_8/output-0000
Executable:        ./SIMFACTORY/cactus_sim_hg
Parameter file:    chgbug_8.par
--------------------------------------------------------------------------------

Activating thorn Cactus...Success -> active implementation Cactus
INFO (Cactus): Increasing logging level from 0 to 3
Activation requested for 
--->
  AEILocalInterp
  Boundary
  Carpet
  CarpetIOASCII
  CarpetIOBasic
  CarpetIOHDF5
  CarpetIOScalar
  CarpetInterp
  CarpetInterp2
  CarpetLib
  CarpetMask
  CarpetReduce
  CarpetRegrid2
  CartGrid3D
  CoordBase
  Coordinates
  Formaline
  IOUtil
  InitBase
  Interpolate2
  LocalInterp
  LoopControl
  MoL
  NaNChecker
  Slab
  SpaceMask
  SphericalSurface
  StaticConformal
  SymBase
  Time
<---
Activating thorn AEILocalInterp...Success -> active implementation AEILocalInterp
Activating thorn Boundary...Success -> active implementation boundary
Activating thorn Carpet...Success -> active implementation Driver
Activating thorn CarpetInterp...Success -> active implementation interp
Activating thorn CarpetInterp2...Success -> active implementation interp2
Activating thorn CarpetIOASCII...Success -> active implementation IOASCII
Activating thorn CarpetIOBasic...Success -> active implementation IOBasic
Activating thorn CarpetIOHDF5...Success -> active implementation IOHDF5
Activating thorn CarpetIOScalar...Success -> active implementation IOScalar
Activating thorn CarpetLib...Success -> active implementation CarpetLib
Activating thorn CarpetMask...Success -> active implementation CarpetMask
Activating thorn CarpetReduce...Success -> active implementation reduce
Activating thorn CarpetRegrid2...Success -> active implementation CarpetRegrid2
Activating thorn CartGrid3D...Success -> active implementation grid
Activating thorn CoordBase...Success -> active implementation CoordBase
Activating thorn Coordinates...Success -> active implementation Coordinates
Activating thorn Formaline...Success -> active implementation Formaline
Activating thorn InitBase...Success -> active implementation InitBase
Activating thorn Interpolate2...Success -> active implementation Interpolate
Activating thorn IOUtil...Success -> active implementation IO
Activating thorn LocalInterp...Success -> active implementation LocalInterp
Activating thorn LoopControl...Success -> active implementation LoopControl
Activating thorn MoL...Success -> active implementation MethodOfLines
Activating thorn NaNChecker...Success -> active implementation NaNChecker
Activating thorn Slab...Success -> active implementation Slab
Activating thorn SpaceMask...Success -> active implementation SpaceMask
Activating thorn SphericalSurface...Success -> active implementation SphericalSurface
Activating thorn StaticConformal...Success -> active implementation StaticConformal
Activating thorn SymBase...Success -> active implementation SymBase
Activating thorn Time...Success -> active implementation time
--------------------------------------------------------------------------------
  if (recover initial data)
    Recover parameters
  endif

  Startup routines
    [CCTK_STARTUP]
      Carpet::MultiModel_Startup: Multi-model Startup routine
      CarpetLib::CarpetLib_registercycleclock: [global] Register cycle based timer
      Coordinates::Coordinates_ChoosePatchSystem: [meta] Choose patch system
      Carpet::Driver_Startup: Startup routine
      IOUtil::IOUtil_Startup: Startup routine
      CarpetIOHDF5::CarpetIOHDF5_Startup: Startup routine
      CarpetIOScalar::CarpetIOScalarStartup: [global] Startup routine
      CarpetInterp::CarpetInterpStartup: Startup routine
      AEILocalInterp::AEILocalInterp_U_Startup: register CCTK_InterpLocalUniform() interpolation operators
      CarpetReduce::CarpetReduceStartup: Startup routine
      CartGrid3D::SymmetryStartup: Register GH Extension for GridSymmetry
      CoordBase::CoordBase_Startup: Register a GH extension to store the coordinate system handles
      CarpetIOBasic::CarpetIOBasicStartup: [global] Startup routine
      Formaline::Formaline_PrintIDs: [meta] Print the build and simulation ids
      CarpetIOASCII::CarpetIOASCIIStartup: [global] Startup routine
      LocalInterp::LocalInterp_Startup: register LocalInterp's interpolation operators
      MoL::MoL_Startup: Startup banner
      Slab::Slab_InitMPIDatatypes: Create MPI datatypes for complex variables in C
      SymBase::SymBase_Startup: Register GH Extension for SymBase

  Startup routines which need an existing grid hierarchy
    [CCTK_WRAGH]
      Boundary::Boundary_RegisterBCs: [global] Register boundary conditions that this thorn provides
      CarpetRegrid2::CarpetRegrid2_Initialise: [global] Initialise locations of refined regions
      CartGrid3D::RegisterCartGrid3DCoords: [meta] Register coordinates for the Cartesian grid
      Formaline::Formaline_OutputSource: Output Cactus source tree
      Formaline::Formaline_RegisterWarnings: [meta] Register to receive warnings and info messages from the flesh
      Formaline::Formaline_AnnounceInitial: [global] Put some meta information about the current run into permanent storage
      MoL::MoL_SetupIndexArrays: Set up the MoL bookkeeping index arrays
      MoL::MoL_SetScheduleStatus: [global] Set the flag so it is ok to register with MoL
      GROUP MoL_Register: The group where physics thorns register variables with MoL
      MoL::MoL_ReportNumberVariables: [meta] Report how many of each type of variable there are
      Slab::Slab_InitTimers: Initialise timers
      GROUP SymBase_Wrapper: Wrapper group for SymBase
        GROUP SymmetryRegister: Register your symmetries here
          CartGrid3D::RegisterSymmetryBoundaries: [meta] Register symmetry boundaries
          Coordinates::Coordinates_RegisterSymmetry: [meta] Register inter-patch boundaries as symmetries
        SymBase::SymBase_Statistics: Print symmetry boundary face descriptions
  Parameter checking routines
    [CCTK_PARAMCHECK]
      Boundary::Boundary_Check: Check dimension of grid variables
      Carpet::CarpetParamCheck: Parameter checking routine
      CarpetMask::CarpetSurfaceParamCheck: [global] Check parameters
      CarpetRegrid2::CarpetRegrid2_ParamCheck: Check parameters
      CartGrid3D::ParamCheck_CartGrid3D: Check coordinates for CartGrid3D
      Coordinates::Coordinates_ParamCheck: Check thorn parameters for consistency.
      MoL::MoL_ParamCheck: Basic parameter checking

  Initialisation
    if (NOT (recover initial data AND recovery_mode is 'strict'))
      [CCTK_PREREGRIDINITIAL]
      Set up grid hierarchy
      [CCTK_POSTREGRIDINITIAL]
        CartGrid3D::SpatialCoordinates: Set Coordinates after regridding
        GROUP MaskBase_SetupMask: Set up the weight function
          GROUP MaskBase_SetupMaskAll: Set up the weight function
            CarpetReduce::MaskBase_AllocateMask: [global] Allocate the weight function
            CarpetReduce::MaskBase_InitMask: [global] [loop-local] Initialise the weight function
            GROUP SetupMask: Set up the weight function (schedule other routines in here)
              CarpetMask::CarpetExcludedSetup: [global] [loop-local] Set up the weight function for the excluded regions
              CarpetMask::CarpetSurfaceSetup: [global] [loop-local] Set up the weight function for the excluded spherical surfaces
              CarpetReduce::CoordBase_SetupMask: [global] [loop-local] Set up the outer boundaries of the weight function
              CarpetReduce::CarpetMaskSetup: [global] [loop-singlemap] Set up the weight function for the restriction regions
            CarpetReduce::MaskBase_SetMask: [global] [loop-local] Set the weight function
            CarpetReduce::MaskBase_TestMask: [global] Test the weight function
        GROUP Coordinates_SetGlobalCoords_Group: Determine the global coordinates of each gridpoint.
          Coordinates::Coordinates_SetGlobalCoords: [local] Determine the global coordinates of each gridpoint.
          Coordinates::Coordinates_SetJacobian: [local] Fill in the Jacobian matrices for Thornburg04 coordinates.
        GROUP MoL_PseudoEvolution: Calculate pseudo-evolved quantities
      [CCTK_BASEGRID]
        CarpetIOASCII::CarpetIOASCIIInit: [global] Initialisation routine
        CarpetIOBasic::CarpetIOBasicInit: [global] Initialisation routine
        CarpetIOHDF5::CarpetIOHDF5_Init: [global] Initialisation routine
        CarpetIOScalar::CarpetIOScalarInit: [global] Initialisation routine
        CartGrid3D::CartGrid3D_SetRanges: [singlemap] Set up ranges for spatial 3D Cartesian coordinates (on all maps)
        CartGrid3D::SpatialCoordinates: Set up spatial 3D Cartesian coordinates on the GH
        SphericalSurface::SphericalSurface_SetupRes: [global] [loop-local] Set surface resolution automatically
        GROUP Coordinates_SetGlobalCoords_Group: Determine the global coordinates of each gridpoint.
          Coordinates::Coordinates_SetGlobalCoords: [local] Determine the global coordinates of each gridpoint.
          Coordinates::Coordinates_SetJacobian: [local] Fill in the Jacobian matrices for Thornburg04 coordinates.
        Interpolate2::Interpolate2Init: Initialise interpolating inter-patch boundaries
        GROUP Interpolate2Test: Test interpolating inter-patch boundaries
          Interpolate2::Interpolate2TestInit: Test: Initialise test grid function
          Interpolate2::Interpolate2TestSelectBCs: [level] Test: Interpolate test grid function
          GROUP Interpolate2TestApplyBCs: Test: Interpolate test grid function
            GROUP BoundaryConditions: Execute all boundary conditions
              Boundary::Boundary_ApplyPhysicalBCs: Apply all requested local physical boundary conditions
              CartGrid3D::CartGrid3D_ApplyBC: Apply symmetry boundary conditions
              Interpolate2::Interpolate2ApplyBC: [level] Apply interpolating inter-patch boundaries
            Boundary::Boundary_ClearSelection: [level] Unselect all grid variables for boundary conditions
          Interpolate2::Interpolate2TestCheck: Test: Check test grid function
        SphericalSurface::SphericalSurface_Setup: [global] Calculate surface coordinate descriptors
        GROUP MaskBase_SetupMask: Set up the weight function
          GROUP MaskBase_SetupMaskAll: Set up the weight function
            CarpetReduce::MaskBase_AllocateMask: [global] Allocate the weight function
            CarpetReduce::MaskBase_InitMask: [global] [loop-local] Initialise the weight function
            GROUP SetupMask: Set up the weight function (schedule other routines in here)
              CarpetMask::CarpetExcludedSetup: [global] [loop-local] Set up the weight function for the excluded regions
              CarpetMask::CarpetSurfaceSetup: [global] [loop-local] Set up the weight function for the excluded spherical surfaces
              CarpetReduce::CoordBase_SetupMask: [global] [loop-local] Set up the outer boundaries of the weight function
              CarpetReduce::CarpetMaskSetup: [global] [loop-singlemap] Set up the weight function for the restriction regions
            CarpetReduce::MaskBase_SetMask: [global] [loop-local] Set the weight function
            CarpetReduce::MaskBase_TestMask: [global] Test the weight function
        SphericalSurface::SphericalSurface_Set: [global] Set surface radii to be used for initial setup in other thorns
        GROUP SphericalSurface_HasBeenSet: Set the spherical surfaces before this group, and use it afterwards
          SphericalSurface::SphericalSurface_CheckState: [global] Test the state of the spherical surfaces
        SymBase::SymBase_Check: Check whether the driver set up the grid consistently
        Time::Time_Initialise: [global] Initialise Time variables
        Time::Time_Given: [global] Set fixed timestep
      [CCTK_INITIAL]
        MoL::MoL_StartLoop: [level] Initialise the step size control
        MoL::MoL_SetInitialTime: [level] Ensure the correct time and timestep are used - initial
        StaticConformal::StaticConformal_InitialiseState: Set the conformal_state variable to 0
      [CCTK_POSTINITIAL]
        CarpetIOHDF5::CarpetIOHDF5_CloseFiles: [global] Close all filereader input files
        GROUP MoL_PostStep: Ensure that everything is correct after the initial data have been set up
          GROUP MoL_OldBdry_Wrap: Wrapper group, do not schedule directly into this group
            MoL::MoL_OldBdry_SetDt: [level] Store and change dt
            GROUP MoL_OldStyleBoundaries: Place old style boundary routines here
            MoL::MoL_OldBdry_ResetDt: [level] Reset dt
        GROUP MoL_PseudoEvolution: Calculate pseudo-evolved quantities
      Initialise finer grids recursively
      Restrict from finer grids
      [CCTK_POSTRESTRICTINITIAL]
        GROUP MoL_PostStep: Ensure that everything is correct after restriction
          GROUP MoL_OldBdry_Wrap: Wrapper group, do not schedule directly into this group
            MoL::MoL_OldBdry_SetDt: [level] Store and change dt
            GROUP MoL_OldStyleBoundaries: Place old style boundary routines here
            MoL::MoL_OldBdry_ResetDt: [level] Reset dt
      [CCTK_POSTPOSTINITIAL]
      [CCTK_POSTSTEP]
        SphericalSurface::SphericalSurface_Set: [global] Set surface radii
        GROUP SphericalSurface_HasBeenSet: Set the spherical surfaces before this group, and use it afterwards
          SphericalSurface::SphericalSurface_CheckState: [global] Test the state of the spherical surfaces
        GROUP MaskBase_SetupMask: Set up the weight function
          GROUP MaskBase_SetupMaskAll: Set up the weight function
            CarpetReduce::MaskBase_AllocateMask: [global] Allocate the weight function
            CarpetReduce::MaskBase_InitMask: [global] [loop-local] Initialise the weight function
            GROUP SetupMask: Set up the weight function (schedule other routines in here)
              CarpetMask::CarpetExcludedSetup: [global] [loop-local] Set up the weight function for the excluded regions
              CarpetMask::CarpetSurfaceSetup: [global] [loop-local] Set up the weight function for the excluded spherical surfaces
              CarpetReduce::CoordBase_SetupMask: [global] [loop-local] Set up the outer boundaries of the weight function
              CarpetReduce::CarpetMaskSetup: [global] [loop-singlemap] Set up the weight function for the restriction regions
            CarpetReduce::MaskBase_SetMask: [global] [loop-local] Set the weight function
            CarpetReduce::MaskBase_TestMask: [global] Test the weight function
    endif
    if (recover initial data)
      [CCTK_BASEGRID]
        CarpetIOASCII::CarpetIOASCIIInit: [global] Initialisation routine
        CarpetIOBasic::CarpetIOBasicInit: [global] Initialisation routine
        CarpetIOHDF5::CarpetIOHDF5_Init: [global] Initialisation routine
        CarpetIOScalar::CarpetIOScalarInit: [global] Initialisation routine
        CartGrid3D::CartGrid3D_SetRanges: [singlemap] Set up ranges for spatial 3D Cartesian coordinates (on all maps)
        CartGrid3D::SpatialCoordinates: Set up spatial 3D Cartesian coordinates on the GH
        SphericalSurface::SphericalSurface_SetupRes: [global] [loop-local] Set surface resolution automatically
        GROUP Coordinates_SetGlobalCoords_Group: Determine the global coordinates of each gridpoint.
          Coordinates::Coordinates_SetGlobalCoords: [local] Determine the global coordinates of each gridpoint.
          Coordinates::Coordinates_SetJacobian: [local] Fill in the Jacobian matrices for Thornburg04 coordinates.
        Interpolate2::Interpolate2Init: Initialise interpolating inter-patch boundaries
        GROUP Interpolate2Test: Test interpolating inter-patch boundaries
          Interpolate2::Interpolate2TestInit: Test: Initialise test grid function
          Interpolate2::Interpolate2TestSelectBCs: [level] Test: Interpolate test grid function
          GROUP Interpolate2TestApplyBCs: Test: Interpolate test grid function
            GROUP BoundaryConditions: Execute all boundary conditions
              Boundary::Boundary_ApplyPhysicalBCs: Apply all requested local physical boundary conditions
              CartGrid3D::CartGrid3D_ApplyBC: Apply symmetry boundary conditions
              Interpolate2::Interpolate2ApplyBC: [level] Apply interpolating inter-patch boundaries
            Boundary::Boundary_ClearSelection: [level] Unselect all grid variables for boundary conditions
          Interpolate2::Interpolate2TestCheck: Test: Check test grid function
        SphericalSurface::SphericalSurface_Setup: [global] Calculate surface coordinate descriptors
        GROUP MaskBase_SetupMask: Set up the weight function
          GROUP MaskBase_SetupMaskAll: Set up the weight function
            CarpetReduce::MaskBase_AllocateMask: [global] Allocate the weight function
            CarpetReduce::MaskBase_InitMask: [global] [loop-local] Initialise the weight function
            GROUP SetupMask: Set up the weight function (schedule other routines in here)
              CarpetMask::CarpetExcludedSetup: [global] [loop-local] Set up the weight function for the excluded regions
              CarpetMask::CarpetSurfaceSetup: [global] [loop-local] Set up the weight function for the excluded spherical surfaces
              CarpetReduce::CoordBase_SetupMask: [global] [loop-local] Set up the outer boundaries of the weight function
              CarpetReduce::CarpetMaskSetup: [global] [loop-singlemap] Set up the weight function for the restriction regions
            CarpetReduce::MaskBase_SetMask: [global] [loop-local] Set the weight function
            CarpetReduce::MaskBase_TestMask: [global] Test the weight function
        SphericalSurface::SphericalSurface_Set: [global] Set surface radii to be used for initial setup in other thorns
        GROUP SphericalSurface_HasBeenSet: Set the spherical surfaces before this group, and use it afterwards
          SphericalSurface::SphericalSurface_CheckState: [global] Test the state of the spherical surfaces
        SymBase::SymBase_Check: Check whether the driver set up the grid consistently
        Time::Time_Initialise: [global] Initialise Time variables
        Time::Time_Given: [global] Set fixed timestep
      [CCTK_RECOVER_VARIABLES]
      [CCTK_POST_RECOVER_VARIABLES]
        CarpetIOHDF5::CarpetIOHDF5_InitCheckpointingIntervals: [global] Initialisation of checkpointing intervals after recovery
        GROUP MaskBase_SetupMask: Set up the weight function
          GROUP MaskBase_SetupMaskAll: Set up the weight function
            CarpetReduce::MaskBase_AllocateMask: [global] Allocate the weight function
            CarpetReduce::MaskBase_InitMask: [global] [loop-local] Initialise the weight function
            GROUP SetupMask: Set up the weight function (schedule other routines in here)
              CarpetMask::CarpetExcludedSetup: [global] [loop-local] Set up the weight function for the excluded regions
              CarpetMask::CarpetSurfaceSetup: [global] [loop-local] Set up the weight function for the excluded spherical surfaces
              CarpetReduce::CoordBase_SetupMask: [global] [loop-local] Set up the outer boundaries of the weight function
              CarpetReduce::CarpetMaskSetup: [global] [loop-singlemap] Set up the weight function for the restriction regions
            CarpetReduce::MaskBase_SetMask: [global] [loop-local] Set the weight function
            CarpetReduce::MaskBase_TestMask: [global] Test the weight function
        GROUP MoL_PostStep: Ensure that everything is correct after recovery
          GROUP MoL_OldBdry_Wrap: Wrapper group, do not schedule directly into this group
            MoL::MoL_OldBdry_SetDt: [level] Store and change dt
            GROUP MoL_OldStyleBoundaries: Place old style boundary routines here
            MoL::MoL_OldBdry_ResetDt: [level] Reset dt
        GROUP MoL_PseudoEvolution: Calculate pseudo-evolved quantities
    endif
    if (checkpoint initial data)
      [CCTK_CPINITIAL]
        CarpetIOHDF5::CarpetIOHDF5_InitialDataCheckpoint: [meta] Initial data checkpoint routine
    endif
    if (analysis)
      [CCTK_ANALYSIS]
        CarpetLib::CarpetLib_printtimestats: [global] Print timing statistics if desired
        CarpetLib::CarpetLib_printmemstats: [global] Print memory statistics if desired
        Formaline::Formaline_AnnounceUpdate: [global] Put some meta information about the current run into permanent storage
  endif
  Output grid variables

  do loop over timesteps
    [CCTK_PREREGRID]
    Change grid hierarchy
    [CCTK_POSTREGRID]
      CartGrid3D::SpatialCoordinates: Set Coordinates after regridding
      GROUP MaskBase_SetupMask: Set up the weight function
        GROUP MaskBase_SetupMaskAll: Set up the weight function
          CarpetReduce::MaskBase_AllocateMask: [global] Allocate the weight function
          CarpetReduce::MaskBase_InitMask: [global] [loop-local] Initialise the weight function
          GROUP SetupMask: Set up the weight function (schedule other routines in here)
            CarpetMask::CarpetExcludedSetup: [global] [loop-local] Set up the weight function for the excluded regions
            CarpetMask::CarpetSurfaceSetup: [global] [loop-local] Set up the weight function for the excluded spherical surfaces
            CarpetReduce::CoordBase_SetupMask: [global] [loop-local] Set up the outer boundaries of the weight function
            CarpetReduce::CarpetMaskSetup: [global] [loop-singlemap] Set up the weight function for the restriction regions
          CarpetReduce::MaskBase_SetMask: [global] [loop-local] Set the weight function
          CarpetReduce::MaskBase_TestMask: [global] Test the weight function
      GROUP Coordinates_SetGlobalCoords_Group: Determine the global coordinates of each gridpoint.
        Coordinates::Coordinates_SetGlobalCoords: [local] Determine the global coordinates of each gridpoint.
        Coordinates::Coordinates_SetJacobian: [local] Fill in the Jacobian matrices for Thornburg04 coordinates.
      Interpolate2::Interpolate2Regrid: [level] Reset interpolator after regridding
      GROUP MoL_PostStep: Ensure that everything is correct after regridding
        GROUP MoL_OldBdry_Wrap: Wrapper group, do not schedule directly into this group
          MoL::MoL_OldBdry_SetDt: [level] Store and change dt
          GROUP MoL_OldStyleBoundaries: Place old style boundary routines here
          MoL::MoL_OldBdry_ResetDt: [level] Reset dt
      GROUP MoL_PseudoEvolution: Calculate pseudo-evolved quantities
    Rotate timelevels
    iteration = iteration+1
    t = t+dt
    [CCTK_PRESTEP]
    [CCTK_EVOL]
      MoL::MoL_StartLoop: [level] Initialise the step size control
      while (MoL::MoL_Stepsize_Bad)
        GROUP MoL_Evolution: A single Cactus evolution step using MoL
          GROUP MoL_StartStep: MoL internal setup for the evolution step
            MoL::MoL_SetCounter: [level] Set the counter for the ODE method to loop over
            MoL::MoL_SetTime: [level] Ensure the correct time and timestep are used
          GROUP MoL_PreStep: Physics thorns can schedule preloop setup routines in here
          MoL::MoL_InitialCopy: Ensure the data is in the correct timelevel
          while (MoL::MoL_Intermediate_Step)
            GROUP MoL_Step: The loop over the intermediate steps for the ODE integrator
              MoL::MoL_InitRHS: Initialise the RHS functions
              GROUP MoL_CalcRHS: Physics thorns schedule the calculation of the discrete spatial operator in here
              GROUP MoL_PostRHS: Modify RHS functions
              GROUP MoL_RHSBoundaries: Any 'final' modifications to the RHS functions (boundaries etc.)
              MoL::MoL_Add: Updates calculated with the efficient Runge-Kutta 4 method
              MoL::MoL_DecrementCounter: [level] Alter the counter number
              MoL::MoL_ResetTime: [level] If necessary, change the time
              GROUP MoL_PostStep: The group for physics thorns to schedule boundary calls etc.
                GROUP MoL_OldBdry_Wrap: Wrapper group, do not schedule directly into this group
                  MoL::MoL_OldBdry_SetDt: [level] Store and change dt
                  GROUP MoL_OldStyleBoundaries: Place old style boundary routines here
                  MoL::MoL_OldBdry_ResetDt: [level] Reset dt
              MoL::MoL_ResetDeltaTime: [level] If necessary, change the timestep
          end while
          MoL::MoL_FinishLoop: [level] Control the step size
          MoL::MoL_RestoreSandR: Restoring the Save and Restore variables to the original state
      end while
      GROUP MoL_PseudoEvolution: Calculate pseudo-evolved quantities
    Evolve finer grids recursively
    Restrict from finer grids
    [CCTK_POSTRESTRICT]
      GROUP MoL_PostStep: Ensure that everything is correct after restriction
        GROUP MoL_OldBdry_Wrap: Wrapper group, do not schedule directly into this group
          MoL::MoL_OldBdry_SetDt: [level] Store and change dt
          GROUP MoL_OldStyleBoundaries: Place old style boundary routines here
          MoL::MoL_OldBdry_ResetDt: [level] Reset dt
    [CCTK_POSTSTEP]
      SphericalSurface::SphericalSurface_Set: [global] Set surface radii
      GROUP SphericalSurface_HasBeenSet: Set the spherical surfaces before this group, and use it afterwards
        SphericalSurface::SphericalSurface_CheckState: [global] Test the state of the spherical surfaces
      GROUP MaskBase_SetupMask: Set up the weight function
        GROUP MaskBase_SetupMaskAll: Set up the weight function
          CarpetReduce::MaskBase_AllocateMask: [global] Allocate the weight function
          CarpetReduce::MaskBase_InitMask: [global] [loop-local] Initialise the weight function
          GROUP SetupMask: Set up the weight function (schedule other routines in here)
            CarpetMask::CarpetExcludedSetup: [global] [loop-local] Set up the weight function for the excluded regions
            CarpetMask::CarpetSurfaceSetup: [global] [loop-local] Set up the weight function for the excluded spherical surfaces
            CarpetReduce::CoordBase_SetupMask: [global] [loop-local] Set up the outer boundaries of the weight function
            CarpetReduce::CarpetMaskSetup: [global] [loop-singlemap] Set up the weight function for the restriction regions
          CarpetReduce::MaskBase_SetMask: [global] [loop-local] Set the weight function
          CarpetReduce::MaskBase_TestMask: [global] Test the weight function
  if (checkpoint)
    [CCTK_CHECKPOINT]
      CarpetIOHDF5::CarpetIOHDF5_EvolutionCheckpoint: [meta] Evolution checkpoint routine
  endif
  if (analysis)
    [CCTK_ANALYSIS]
      CarpetLib::CarpetLib_printtimestats: [global] Print timing statistics if desired
      CarpetLib::CarpetLib_printmemstats: [global] Print memory statistics if desired
      Formaline::Formaline_AnnounceUpdate: [global] Put some meta information about the current run into permanent storage
  endif
  Output grid variables
  enddo

  Termination routines
    [CCTK_TERMINATE]
      CarpetIOHDF5::CarpetIOHDF5_TerminationCheckpoint: [meta] Termination checkpoint routine
      Formaline::Formaline_AnnounceFinal: [global] Put some meta information about the current run into permanent storage
      MoL::MoL_FreeIndexArrays: Free the MoL bookkeeping index arrays

  Shutdown routines
    [CCTK_SHUTDOWN]

  Routines run after changing the grid hierarchy:
    [CCTK_POSTREGRID]
      CartGrid3D::SpatialCoordinates: Set Coordinates after regridding
      GROUP MaskBase_SetupMask: Set up the weight function
        GROUP MaskBase_SetupMaskAll: Set up the weight function
          CarpetReduce::MaskBase_AllocateMask: [global] Allocate the weight function
          CarpetReduce::MaskBase_InitMask: [global] [loop-local] Initialise the weight function
          GROUP SetupMask: Set up the weight function (schedule other routines in here)
            CarpetMask::CarpetExcludedSetup: [global] [loop-local] Set up the weight function for the excluded regions
            CarpetMask::CarpetSurfaceSetup: [global] [loop-local] Set up the weight function for the excluded spherical surfaces
            CarpetReduce::CoordBase_SetupMask: [global] [loop-local] Set up the outer boundaries of the weight function
            CarpetReduce::CarpetMaskSetup: [global] [loop-singlemap] Set up the weight function for the restriction regions
          CarpetReduce::MaskBase_SetMask: [global] [loop-local] Set the weight function
          CarpetReduce::MaskBase_TestMask: [global] Test the weight function
      GROUP Coordinates_SetGlobalCoords_Group: Determine the global coordinates of each gridpoint.
        Coordinates::Coordinates_SetGlobalCoords: [local] Determine the global coordinates of each gridpoint.
        Coordinates::Coordinates_SetJacobian: [local] Fill in the Jacobian matrices for Thornburg04 coordinates.
      Interpolate2::Interpolate2Regrid: [level] Reset interpolator after regridding
      GROUP MoL_PostStep: Ensure that everything is correct after regridding
        GROUP MoL_OldBdry_Wrap: Wrapper group, do not schedule directly into this group
          MoL::MoL_OldBdry_SetDt: [level] Store and change dt
          GROUP MoL_OldStyleBoundaries: Place old style boundary routines here
          MoL::MoL_OldBdry_ResetDt: [level] Reset dt
      GROUP MoL_PseudoEvolution: Calculate pseudo-evolved quantities
--------------------------------------------------------------------------------
INFO (Carpet): Multi-Model listing:
   model 0: "world"
INFO (Carpet): Multi-Model process distribution:
   processes 0-3: model 0 "world"
INFO (Carpet): Multi-Model: This is process 0, model 0 "world"
INFO (CarpetLib): Process startup time was 4.06 seconds
Current core file size limit: hard=[unlimited], soft=0 MB
Current memory size limit: hard=[unlimited], soft=[unlimited]
INFO (Formaline): Configuration id: config-sim_hg-login-damiana.damiana.admin-home-ianhin-Cactus-llama
INFO (Formaline): Build id: build-sim_hg-login-damiana.damiana.admin-ianhin-2010.10.24-11.21.29-17315
INFO (Formaline): Simulation id: run-chgbug_8-node024.damiana.admin-ianhin-2010.10.24-13.31.30-10702
INFO (Formaline): Run id: run-chgbug_8-node024.damiana.admin-ianhin-2010.10.24-13.31.30-10702
--------------------------------------------------------------------------------
AMR driver provided by Carpet
--------------------------------------------------------------------------------
AMR HDF5 I/O provided by CarpetIOHDF5
--------------------------------------------------------------------------------
AMR 0D HDF5 I/O provided by CarpetIOHDF5
--------------------------------------------------------------------------------
AMR 1D HDF5 I/O provided by CarpetIOHDF5
--------------------------------------------------------------------------------
AMR 2D HDF5 I/O provided by CarpetIOHDF5
--------------------------------------------------------------------------------
AMR 3D HDF5 I/O provided by CarpetIOHDF5
--------------------------------------------------------------------------------
AMR scalar I/O provided by CarpetIOScalar
--------------------------------------------------------------------------------
AMR info I/O provided by CarpetIOBasic
--------------------------------------------------------------------------------
AMR 0D ASCII I/O provided by CarpetIOASCII
--------------------------------------------------------------------------------
AMR 1D ASCII I/O provided by CarpetIOASCII
--------------------------------------------------------------------------------
AMR 2D ASCII I/O provided by CarpetIOASCII
--------------------------------------------------------------------------------
AMR 3D ASCII I/O provided by CarpetIOASCII
--------------------------------------------------------------------------------
MoL: Generalized time integration.
--------------------------------------------------------------------------------

INFO (Carpet): MPI is enabled
INFO (Carpet): Carpet is running on 4 processes
INFO (Carpet): This is process 0
INFO (Carpet): OpenMP is enabled
INFO (Carpet): This process contains 1 threads
INFO (Carpet): There are 4 threads in total
INFO (Carpet): Setting up the grid hierarchy
INFO (Carpet): This simulation runs in 3 dimensions
INFO (Carpet): Boundary specification for map 0:
   nboundaryzones: [[3,3,3],[3,3,3]]
   is_internal   : [[0,0,0],[0,0,0]]
   is_staggered  : [[0,0,0],[0,0,0]]
   shiftout      : [[4,4,4],[4,4,4]]
INFO (Carpet): CoordBase domain specification for map 0:
   physical extent: [-48,-48,-48] : [48,48,48]   ([96,96,96])
   interior extent: [-50.25,-50.25,-50.25] : [50.25,50.25,50.25]   ([100.5,100.5,100.5])
   exterior extent: [-52.5,-52.5,-52.5] : [52.5,52.5,52.5]   ([105,105,105])
   base_spacing   : [0.75,0.75,0.75]
INFO (Carpet): Adapted domain specification for map 0:
   convergence factor: 2
   convergence level : 0
   physical extent   : [-48,-48,-48] : [48,48,48]   ([96,96,96])
   interior extent   : [-50.25,-50.25,-50.25] : [50.25,50.25,50.25]   ([100.5,100.5,100.5])
   exterior extent   : [-52.5,-52.5,-52.5] : [52.5,52.5,52.5]   ([105,105,105])
   spacing           : [0.75,0.75,0.75]
INFO (Carpet): Base grid specification for map 0:
   number of grid points             : [141,141,141]
   number of coarse grid ghost points: [[3,3,3],[3,3,3]]
INFO (Carpet): Boundary specification for map 1:
   nboundaryzones: [[3,3,3],[3,3,1]]
   is_internal   : [[0,0,0],[0,0,0]]
   is_staggered  : [[0,0,0],[0,0,0]]
   shiftout      : [[4,4,4],[4,4,0]]
INFO (Carpet): CoordBase domain specification for map 1:
   physical extent: [-0.785398,-0.785398,48] : [0.785398,0.785398,399.75]   ([1.5708,1.5708,351.75])
   interior extent: [-0.981748,-0.981748,45.75] : [0.981748,0.981748,399]   ([1.9635,1.9635,353.25])
   exterior extent: [-1.1781,-1.1781,43.5] : [1.1781,1.1781,399.75]   ([2.35619,2.35619,356.25])
   base_spacing   : [0.0654498,0.0654498,0.75]
INFO (Carpet): Adapted domain specification for map 1:
   convergence factor: 2
   convergence level : 0
   physical extent   : [-0.785398,-0.785398,48] : [0.785398,0.785398,399.75]   ([1.5708,1.5708,351.75])
   interior extent   : [-0.981748,-0.981748,45.75] : [0.981748,0.981748,399]   ([1.9635,1.9635,353.25])
   exterior extent   : [-1.1781,-1.1781,43.5] : [1.1781,1.1781,399.75]   ([2.35619,2.35619,356.25])
   spacing           : [0.0654498,0.0654498,0.75]
INFO (Carpet): Base grid specification for map 1:
   number of grid points             : [37,37,476]
   number of coarse grid ghost points: [[3,3,3],[3,3,3]]
INFO (Carpet): Boundary specification for map 2:
   nboundaryzones: [[3,3,3],[3,3,1]]
   is_internal   : [[0,0,0],[0,0,0]]
   is_staggered  : [[0,0,0],[0,0,0]]
   shiftout      : [[4,4,4],[4,4,0]]
INFO (Carpet): CoordBase domain specification for map 2:
   physical extent: [-0.785398,-0.785398,48] : [0.785398,0.785398,399.75]   ([1.5708,1.5708,351.75])
   interior extent: [-0.981748,-0.981748,45.75] : [0.981748,0.981748,399]   ([1.9635,1.9635,353.25])
   exterior extent: [-1.1781,-1.1781,43.5] : [1.1781,1.1781,399.75]   ([2.35619,2.35619,356.25])
   base_spacing   : [0.0654498,0.0654498,0.75]
INFO (Carpet): Adapted domain specification for map 2:
   convergence factor: 2
   convergence level : 0
   physical extent   : [-0.785398,-0.785398,48] : [0.785398,0.785398,399.75]   ([1.5708,1.5708,351.75])
   interior extent   : [-0.981748,-0.981748,45.75] : [0.981748,0.981748,399]   ([1.9635,1.9635,353.25])
   exterior extent   : [-1.1781,-1.1781,43.5] : [1.1781,1.1781,399.75]   ([2.35619,2.35619,356.25])
   spacing           : [0.0654498,0.0654498,0.75]
INFO (Carpet): Base grid specification for map 2:
   number of grid points             : [37,37,476]
   number of coarse grid ghost points: [[3,3,3],[3,3,3]]
INFO (Carpet): Boundary specification for map 3:
   nboundaryzones: [[3,3,3],[3,3,1]]
   is_internal   : [[0,0,0],[0,0,0]]
   is_staggered  : [[0,0,0],[0,0,0]]
   shiftout      : [[4,4,4],[4,4,0]]
INFO (Carpet): CoordBase domain specification for map 3:
   physical extent: [-0.785398,-0.785398,48] : [0.785398,0.785398,399.75]   ([1.5708,1.5708,351.75])
   interior extent: [-0.981748,-0.981748,45.75] : [0.981748,0.981748,399]   ([1.9635,1.9635,353.25])
   exterior extent: [-1.1781,-1.1781,43.5] : [1.1781,1.1781,399.75]   ([2.35619,2.35619,356.25])
   base_spacing   : [0.0654498,0.0654498,0.75]
INFO (Carpet): Adapted domain specification for map 3:
   convergence factor: 2
   convergence level : 0
   physical extent   : [-0.785398,-0.785398,48] : [0.785398,0.785398,399.75]   ([1.5708,1.5708,351.75])
   interior extent   : [-0.981748,-0.981748,45.75] : [0.981748,0.981748,399]   ([1.9635,1.9635,353.25])
   exterior extent   : [-1.1781,-1.1781,43.5] : [1.1781,1.1781,399.75]   ([2.35619,2.35619,356.25])
   spacing           : [0.0654498,0.0654498,0.75]
INFO (Carpet): Base grid specification for map 3:
   number of grid points             : [37,37,476]
   number of coarse grid ghost points: [[3,3,3],[3,3,3]]
INFO (Carpet): Boundary specification for map 4:
   nboundaryzones: [[3,3,3],[3,3,1]]
   is_internal   : [[0,0,0],[0,0,0]]
   is_staggered  : [[0,0,0],[0,0,0]]
   shiftout      : [[4,4,4],[4,4,0]]
INFO (Carpet): CoordBase domain specification for map 4:
   physical extent: [-0.785398,-0.785398,48] : [0.785398,0.785398,399.75]   ([1.5708,1.5708,351.75])
   interior extent: [-0.981748,-0.981748,45.75] : [0.981748,0.981748,399]   ([1.9635,1.9635,353.25])
   exterior extent: [-1.1781,-1.1781,43.5] : [1.1781,1.1781,399.75]   ([2.35619,2.35619,356.25])
   base_spacing   : [0.0654498,0.0654498,0.75]
INFO (Carpet): Adapted domain specification for map 4:
   convergence factor: 2
   convergence level : 0
   physical extent   : [-0.785398,-0.785398,48] : [0.785398,0.785398,399.75]   ([1.5708,1.5708,351.75])
   interior extent   : [-0.981748,-0.981748,45.75] : [0.981748,0.981748,399]   ([1.9635,1.9635,353.25])
   exterior extent   : [-1.1781,-1.1781,43.5] : [1.1781,1.1781,399.75]   ([2.35619,2.35619,356.25])
   spacing           : [0.0654498,0.0654498,0.75]
INFO (Carpet): Base grid specification for map 4:
   number of grid points             : [37,37,476]
   number of coarse grid ghost points: [[3,3,3],[3,3,3]]
INFO (Carpet): Boundary specification for map 5:
   nboundaryzones: [[3,3,3],[3,3,1]]
   is_internal   : [[0,0,0],[0,0,0]]
   is_staggered  : [[0,0,0],[0,0,0]]
   shiftout      : [[4,4,4],[4,4,0]]
INFO (Carpet): CoordBase domain specification for map 5:
   physical extent: [-0.785398,-0.785398,48] : [0.785398,0.785398,399.75]   ([1.5708,1.5708,351.75])
   interior extent: [-0.981748,-0.981748,45.75] : [0.981748,0.981748,399]   ([1.9635,1.9635,353.25])
   exterior extent: [-1.1781,-1.1781,43.5] : [1.1781,1.1781,399.75]   ([2.35619,2.35619,356.25])
   base_spacing   : [0.0654498,0.0654498,0.75]
INFO (Carpet): Adapted domain specification for map 5:
   convergence factor: 2
   convergence level : 0
   physical extent   : [-0.785398,-0.785398,48] : [0.785398,0.785398,399.75]   ([1.5708,1.5708,351.75])
   interior extent   : [-0.981748,-0.981748,45.75] : [0.981748,0.981748,399]   ([1.9635,1.9635,353.25])
   exterior extent   : [-1.1781,-1.1781,43.5] : [1.1781,1.1781,399.75]   ([2.35619,2.35619,356.25])
   spacing           : [0.0654498,0.0654498,0.75]
INFO (Carpet): Base grid specification for map 5:
   number of grid points             : [37,37,476]
   number of coarse grid ghost points: [[3,3,3],[3,3,3]]
INFO (Carpet): Boundary specification for map 6:
   nboundaryzones: [[3,3,3],[3,3,1]]
   is_internal   : [[0,0,0],[0,0,0]]
   is_staggered  : [[0,0,0],[0,0,0]]
   shiftout      : [[4,4,4],[4,4,0]]
INFO (Carpet): CoordBase domain specification for map 6:
   physical extent: [-0.785398,-0.785398,48] : [0.785398,0.785398,399.75]   ([1.5708,1.5708,351.75])
   interior extent: [-0.981748,-0.981748,45.75] : [0.981748,0.981748,399]   ([1.9635,1.9635,353.25])
   exterior extent: [-1.1781,-1.1781,43.5] : [1.1781,1.1781,399.75]   ([2.35619,2.35619,356.25])
   base_spacing   : [0.0654498,0.0654498,0.75]
INFO (Carpet): Adapted domain specification for map 6:
   convergence factor: 2
   convergence level : 0
   physical extent   : [-0.785398,-0.785398,48] : [0.785398,0.785398,399.75]   ([1.5708,1.5708,351.75])
   interior extent   : [-0.981748,-0.981748,45.75] : [0.981748,0.981748,399]   ([1.9635,1.9635,353.25])
   exterior extent   : [-1.1781,-1.1781,43.5] : [1.1781,1.1781,399.75]   ([2.35619,2.35619,356.25])
   spacing           : [0.0654498,0.0654498,0.75]
INFO (Carpet): Base grid specification for map 6:
   number of grid points             : [37,37,476]
   number of coarse grid ghost points: [[3,3,3],[3,3,3]]
INFO (Carpet): Grid structure (grid points):
   [0][0][0][0]   exterior: proc 0   [0,0,0] : [140,140,70]   ([141,141,71]) 1411551
   [0][0][0][1]   exterior: proc 0   [0,0,71] : [140,140,140]   ([141,141,70]) 1391670
   [0][0][1][0]   exterior: proc 1   [0,0,0] : [36,36,475]   ([37,37,476]) 651644
   [0][0][2][0]   exterior: proc 1   [0,0,0] : [36,36,475]   ([37,37,476]) 651644
   [0][0][3][0]   exterior: proc 2   [0,0,0] : [36,36,475]   ([37,37,476]) 651644
   [0][0][4][0]   exterior: proc 2   [0,0,0] : [36,36,475]   ([37,37,476]) 651644
   [0][0][5][0]   exterior: proc 3   [0,0,0] : [36,36,475]   ([37,37,476]) 651644
   [0][0][6][0]   exterior: proc 3   [0,0,0] : [36,36,475]   ([37,37,476]) 651644
INFO (Carpet): Recomposing grid array group "CARPET::TIMING"...
INFO (Carpet): Done recomposing grid array group "CARPET::TIMING".
INFO (Carpet): Recomposing grid array group "CARPET::TIMING_PROCS"...
INFO (Carpet): Done recomposing grid array group "CARPET::TIMING_PROCS".
INFO (Carpet): Recomposing grid array group "CARPET::TIMING_LEVELS"...
INFO (Carpet): Done recomposing grid array group "CARPET::TIMING_LEVELS".
INFO (Carpet): Recomposing grid array group "CARPETIOASCII::LAST_OUTPUT_ITERATION"...
INFO (Carpet): Done recomposing grid array group "CARPETIOASCII::LAST_OUTPUT_ITERATION".
INFO (Carpet): Recomposing grid array group "CARPETIOASCII::LAST_OUTPUT_TIME"...
INFO (Carpet): Done recomposing grid array group "CARPETIOASCII::LAST_OUTPUT_TIME".
INFO (Carpet): Recomposing grid array group "CARPETIOASCII::THIS_ITERATION"...
INFO (Carpet): Done recomposing grid array group "CARPETIOASCII::THIS_ITERATION".
INFO (Carpet): Recomposing grid array group "CARPETIOBASIC::LAST_OUTPUT_ITERATION"...
INFO (Carpet): Done recomposing grid array group "CARPETIOBASIC::LAST_OUTPUT_ITERATION".
INFO (Carpet): Recomposing grid array group "CARPETIOBASIC::LAST_OUTPUT_TIME"...
INFO (Carpet): Done recomposing grid array group "CARPETIOBASIC::LAST_OUTPUT_TIME".
INFO (Carpet): Recomposing grid array group "CARPETIOBASIC::THIS_ITERATION"...
INFO (Carpet): Done recomposing grid array group "CARPETIOBASIC::THIS_ITERATION".
INFO (Carpet): Recomposing grid array group "CARPETIOHDF5::NEXT_OUTPUT_ITERATION"...
INFO (Carpet): Done recomposing grid array group "CARPETIOHDF5::NEXT_OUTPUT_ITERATION".
INFO (Carpet): Recomposing grid array group "CARPETIOHDF5::NEXT_OUTPUT_TIME"...
INFO (Carpet): Done recomposing grid array group "CARPETIOHDF5::NEXT_OUTPUT_TIME".
INFO (Carpet): Recomposing grid array group "CARPETIOHDF5::THIS_ITERATION"...
INFO (Carpet): Done recomposing grid array group "CARPETIOHDF5::THIS_ITERATION".
INFO (Carpet): Recomposing grid array group "CARPETIOHDF5::LAST_OUTPUT_ITERATION_SLICE"...
INFO (Carpet): Done recomposing grid array group "CARPETIOHDF5::LAST_OUTPUT_ITERATION_SLICE".
INFO (Carpet): Recomposing grid array group "CARPETIOHDF5::LAST_OUTPUT_TIME_SLICE"...
INFO (Carpet): Done recomposing grid array group "CARPETIOHDF5::LAST_OUTPUT_TIME_SLICE".
INFO (Carpet): Recomposing grid array group "CARPETIOHDF5::THIS_ITERATION_SLICE"...
INFO (Carpet): Done recomposing grid array group "CARPETIOHDF5::THIS_ITERATION_SLICE".
INFO (Carpet): Recomposing grid array group "CARPETIOSCALAR::LAST_OUTPUT_ITERATION"...
INFO (Carpet): Done recomposing grid array group "CARPETIOSCALAR::LAST_OUTPUT_ITERATION".
INFO (Carpet): Recomposing grid array group "CARPETIOSCALAR::LAST_OUTPUT_TIME"...
INFO (Carpet): Done recomposing grid array group "CARPETIOSCALAR::LAST_OUTPUT_TIME".
INFO (Carpet): Recomposing grid array group "CARPETIOSCALAR::THIS_ITERATION"...
INFO (Carpet): Done recomposing grid array group "CARPETIOSCALAR::THIS_ITERATION".
INFO (Carpet): Recomposing grid array group "CARPETREGRID2::ACTIVE"...
INFO (Carpet): Done recomposing grid array group "CARPETREGRID2::ACTIVE".
INFO (Carpet): Recomposing grid array group "CARPETREGRID2::NUM_LEVELS"...
INFO (Carpet): Done recomposing grid array group "CARPETREGRID2::NUM_LEVELS".
INFO (Carpet): Recomposing grid array group "CARPETREGRID2::POSITIONS"...
INFO (Carpet): Done recomposing grid array group "CARPETREGRID2::POSITIONS".
INFO (Carpet): Recomposing grid array group "CARPETREGRID2::RADII"...
INFO (Carpet): Done recomposing grid array group "CARPETREGRID2::RADII".
INFO (Carpet): Recomposing grid array group "CARPETREGRID2::RADIIXYZ"...
INFO (Carpet): Done recomposing grid array group "CARPETREGRID2::RADIIXYZ".
INFO (Carpet): Recomposing grid array group "CARPETREGRID2::LAST_ITERATION"...
INFO (Carpet): Done recomposing grid array group "CARPETREGRID2::LAST_ITERATION".
INFO (Carpet): Recomposing grid array group "CARPETREGRID2::LAST_MAP"...
INFO (Carpet): Done recomposing grid array group "CARPETREGRID2::LAST_MAP".
INFO (Carpet): Recomposing grid array group "CARPETREGRID2::OLD_ACTIVE"...
INFO (Carpet): Done recomposing grid array group "CARPETREGRID2::OLD_ACTIVE".
INFO (Carpet): Recomposing grid array group "CARPETREGRID2::OLD_NUM_LEVELS"...
INFO (Carpet): Done recomposing grid array group "CARPETREGRID2::OLD_NUM_LEVELS".
INFO (Carpet): Recomposing grid array group "CARPETREGRID2::OLD_POSITIONS"...
INFO (Carpet): Done recomposing grid array group "CARPETREGRID2::OLD_POSITIONS".
INFO (Carpet): Recomposing grid array group "CARPETREGRID2::OLD_RADIIXYZ"...
INFO (Carpet): Done recomposing grid array group "CARPETREGRID2::OLD_RADIIXYZ".
INFO (Carpet): Recomposing grid array group "GRID::GRIDSPACINGS"...
INFO (Carpet): Done recomposing grid array group "GRID::GRIDSPACINGS".
INFO (Carpet): Recomposing grid array group "COORDINATES::GENERAL_COORDINATES"...
INFO (Carpet): Done recomposing grid array group "COORDINATES::GENERAL_COORDINATES".
INFO (Carpet): Recomposing grid array group "COORDINATES::JACOBIAN_STATE"...
INFO (Carpet): Done recomposing grid array group "COORDINATES::JACOBIAN_STATE".
INFO (Carpet): Recomposing grid array group "COORDINATES::INVERSE_JACOBIAN_STATE"...
INFO (Carpet): Done recomposing grid array group "COORDINATES::INVERSE_JACOBIAN_STATE".
INFO (Carpet): Recomposing grid array group "MOL::RKALPHACOEFFICIENTS"...
INFO (Carpet): Done recomposing grid array group "MOL::RKALPHACOEFFICIENTS".
INFO (Carpet): Recomposing grid array group "MOL::RKBETACOEFFICIENTS"...
INFO (Carpet): Done recomposing grid array group "MOL::RKBETACOEFFICIENTS".
INFO (Carpet): Recomposing grid array group "MOL::MOL_COUNTERS"...
INFO (Carpet): Done recomposing grid array group "MOL::MOL_COUNTERS".
INFO (Carpet): Recomposing grid array group "MOL::MOL_ORIGINAL_TIME"...
INFO (Carpet): Done recomposing grid array group "MOL::MOL_ORIGINAL_TIME".
INFO (Carpet): Recomposing grid array group "MOL::ERRORSCALARS"...
INFO (Carpet): Done recomposing grid array group "MOL::ERRORSCALARS".
INFO (Carpet): Recomposing grid array group "NANCHECKER::NANSFOUND"...
INFO (Carpet): Done recomposing grid array group "NANCHECKER::NANSFOUND".
INFO (Carpet): Recomposing grid array group "SPHERICALSURFACE::SF_ACTIVE"...
INFO (Carpet): Done recomposing grid array group "SPHERICALSURFACE::SF_ACTIVE".
INFO (Carpet): Recomposing grid array group "SPHERICALSURFACE::SF_VALID"...
INFO (Carpet): Done recomposing grid array group "SPHERICALSURFACE::SF_VALID".
INFO (Carpet): Recomposing grid array group "SPHERICALSURFACE::SF_INFO"...
INFO (Carpet): Done recomposing grid array group "SPHERICALSURFACE::SF_INFO".
INFO (Carpet): Recomposing grid array group "SPHERICALSURFACE::SF_MINREFLEVEL"...
INFO (Carpet): Done recomposing grid array group "SPHERICALSURFACE::SF_MINREFLEVEL".
INFO (Carpet): Recomposing grid array group "SPHERICALSURFACE::SF_MAXREFLEVEL"...
INFO (Carpet): Done recomposing grid array group "SPHERICALSURFACE::SF_MAXREFLEVEL".
INFO (Carpet): Recomposing grid array group "SPHERICALSURFACE::SF_RADIUS"...
INFO (Carpet): Done recomposing grid array group "SPHERICALSURFACE::SF_RADIUS".
INFO (Carpet): Recomposing grid array group "SPHERICALSURFACE::SF_ORIGIN"...
INFO (Carpet): Done recomposing grid array group "SPHERICALSURFACE::SF_ORIGIN".
INFO (Carpet): Recomposing grid array group "SPHERICALSURFACE::SF_COORDINATE_DESCRIPTORS"...
INFO (Carpet): Done recomposing grid array group "SPHERICALSURFACE::SF_COORDINATE_DESCRIPTORS".
INFO (Carpet): Recomposing grid array group "SPHERICALSURFACE::SF_SHAPE_DESCRIPTORS"...
INFO (Carpet): Done recomposing grid array group "SPHERICALSURFACE::SF_SHAPE_DESCRIPTORS".
INFO (Carpet): Recomposing grid array group "SPHERICALSURFACE::SF_COORDINATE_ESTIMATORS"...
INFO (Carpet): Done recomposing grid array group "SPHERICALSURFACE::SF_COORDINATE_ESTIMATORS".
INFO (Carpet): Recomposing grid array group "STATICCONFORMAL::CONFORMAL_STATE"...
INFO (Carpet): Done recomposing grid array group "STATICCONFORMAL::CONFORMAL_STATE".
INFO (Carpet): Recomposing grid array group "TIME::SPEEDVARS"...
INFO (Carpet): Done recomposing grid array group "TIME::SPEEDVARS".
INFO (Carpet): Recomposing grid array group "TIME::COURANTTEMPS"...
INFO (Carpet): Done recomposing grid array group "TIME::COURANTTEMPS".
INFO (Carpet): Group and variable statistics:
INFO (Carpet):    There are 60 grid functions in 20 groups
INFO (Carpet):    There are 175 grid scalars in 44 groups
INFO (Carpet):    There are 75 1-dimensional grid arrays in 6 groups
INFO (Carpet):    There are 1 2-dimensional grid arrays in 2 groups
INFO (Carpet):    There are 0 3-dimensional grid arrays in 0 groups
INFO (Carpet):    (The number of variables counts all time levels)
INFO (Carpet): [0][0][0][0] Leaving local mode
INFO (Carpet): [0][0][0] Leaving singlemap mode
INFO (Carpet): [0][0] Leaving level mode
INFO (Carpet): [0] Leaving global mode
INFO (Carpet): Done with setting up the grid hierarchy
[1mWARNING[L2,P0] (IOUtil):[0m Parameter file 'chgbug_8.par' to be written into directory '.' is identical with original parameter file. Parameter file will not be copied.
INFO (CarpetIOHDF5): I/O Method 'IOHDF5' registered: AMR output of grid variables to HDF5 files
INFO (CarpetIOHDF5): I/O Method 'IOHDF5_0D' registered: 0D AMR output of grid variables to HDF5 files
INFO (CarpetIOHDF5): I/O Method 'IOHDF5_1D' registered: 1D AMR output of grid variables to HDF5 files
INFO (CarpetIOHDF5): I/O Method 'IOHDF5_2D' registered: 2D AMR output of grid variables to HDF5 files
INFO (CarpetIOHDF5): I/O Method 'IOHDF5_3D' registered: 3D AMR output of grid variables to HDF5 files
INFO (CarpetIOASCII): I/O Method 'IOASCII_0D' registered: 0D AMR output of grid variables to ASCII files
INFO (CarpetIOASCII): I/O Method 'IOASCII_1D' registered: 1D AMR output of grid variables to ASCII files
INFO (CarpetIOASCII): I/O Method 'IOASCII_2D' registered: 2D AMR output of grid variables to ASCII files
INFO (CarpetIOASCII): I/O Method 'IOASCII_3D' registered: 3D AMR output of grid variables to ASCII files
INFO (Carpet): Starting initialisation
INFO (Carpet): Entering global mode
INFO (Carpet): [0] Entering level mode
INFO (Carpet): [0][0] PoisonGroup "CARPET::TIMING"
INFO (Carpet): [0][0] Entering singlemap mode
INFO (Carpet): [0][0][0] Entering local mode
INFO (Carpet): [0][0][0][0] Leaving local mode
INFO (Carpet): [0][0][0] Leaving singlemap mode
INFO (Carpet): [0][0] PoisonGroup "CARPET::TIMING_PROCS"
INFO (Carpet): [0][0] Entering singlemap mode
INFO (Carpet): [0][0][0] Entering local mode
INFO (Carpet): [0][0][0][0] Leaving local mode
INFO (Carpet): [0][0][0] Leaving singlemap mode
INFO (Carpet): [0][0] PoisonGroup "CARPET::TIMING_LEVELS"
INFO (Carpet): [0][0] Entering singlemap mode
INFO (Carpet): [0][0][0] Entering local mode
INFO (Carpet): [0][0][0][0] Leaving local mode
INFO (Carpet): [0][0][0] Leaving singlemap mode
INFO (Carpet): [0][0] PoisonGroup "CARPETIOASCII::LAST_OUTPUT_ITERATION"
INFO (Carpet): [0][0] Entering singlemap mode
INFO (Carpet): [0][0][0] Entering local mode
INFO (Carpet): [0][0][0][0] Leaving local mode
INFO (Carpet): [0][0][0] Leaving singlemap mode
INFO (Carpet): [0][0] PoisonGroup "CARPETIOASCII::LAST_OUTPUT_TIME"
INFO (Carpet): [0][0] Entering singlemap mode
INFO (Carpet): [0][0][0] Entering local mode
INFO (Carpet): [0][0][0][0] Leaving local mode
INFO (Carpet): [0][0][0] Leaving singlemap mode
INFO (Carpet): [0][0] PoisonGroup "CARPETIOASCII::THIS_ITERATION"
INFO (Carpet): [0][0] Entering singlemap mode
INFO (Carpet): [0][0][0] Entering local mode
INFO (Carpet): [0][0][0][0] Leaving local mode
INFO (Carpet): [0][0][0] Leaving singlemap mode
INFO (Carpet): [0][0] PoisonGroup "CARPETIOBASIC::LAST_OUTPUT_ITERATION"
INFO (Carpet): [0][0] Entering singlemap mode
INFO (Carpet): [0][0][0] Entering local mode
INFO (Carpet): [0][0][0][0] Leaving local mode
INFO (Carpet): [0][0][0] Leaving singlemap mode
INFO (Carpet): [0][0] PoisonGroup "CARPETIOBASIC::LAST_OUTPUT_TIME"
INFO (Carpet): [0][0] Entering singlemap mode
INFO (Carpet): [0][0][0] Entering local mode
INFO (Carpet): [0][0][0][0] Leaving local mode
INFO (Carpet): [0][0][0] Leaving singlemap mode
INFO (Carpet): [0][0] PoisonGroup "CARPETIOBASIC::THIS_ITERATION"
INFO (Carpet): [0][0] Entering singlemap mode
INFO (Carpet): [0][0][0] Entering local mode
INFO (Carpet): [0][0][0][0] Leaving local mode
INFO (Carpet): [0][0][0] Leaving singlemap mode
INFO (Carpet): [0][0] PoisonGroup "CARPETIOHDF5::NEXT_OUTPUT_ITERATION"
INFO (Carpet): [0][0] Entering singlemap mode
INFO (Carpet): [0][0][0] Entering local mode
INFO (Carpet): [0][0][0][0] Leaving local mode
INFO (Carpet): [0][0][0] Leaving singlemap mode
INFO (Carpet): [0][0] PoisonGroup "CARPETIOHDF5::NEXT_OUTPUT_TIME"
INFO (Carpet): [0][0] Entering singlemap mode
INFO (Carpet): [0][0][0] Entering local mode
INFO (Carpet): [0][0][0][0] Leaving local mode
INFO (Carpet): [0][0][0] Leaving singlemap mode
INFO (Carpet): [0][0] PoisonGroup "CARPETIOHDF5::THIS_ITERATION"
INFO (Carpet): [0][0] Entering singlemap mode
INFO (Carpet): [0][0][0] Entering local mode
INFO (Carpet): [0][0][0][0] Leaving local mode
INFO (Carpet): [0][0][0] Leaving singlemap mode
INFO (Carpet): [0][0] PoisonGroup "CARPETIOHDF5::LAST_OUTPUT_ITERATION_SLICE"
INFO (Carpet): [0][0] Entering singlemap mode
INFO (Carpet): [0][0][0] Entering local mode
INFO (Carpet): [0][0][0][0] Leaving local mode
INFO (Carpet): [0][0][0] Leaving singlemap mode
INFO (Carpet): [0][0] PoisonGroup "CARPETIOHDF5::LAST_OUTPUT_TIME_SLICE"
INFO (Carpet): [0][0] Entering singlemap mode
INFO (Carpet): [0][0][0] Entering local mode
INFO (Carpet): [0][0][0][0] Leaving local mode
INFO (Carpet): [0][0][0] Leaving singlemap mode
INFO (Carpet): [0][0] PoisonGroup "CARPETIOHDF5::THIS_ITERATION_SLICE"
INFO (Carpet): [0][0] Entering singlemap mode
INFO (Carpet): [0][0][0] Entering local mode
INFO (Carpet): [0][0][0][0] Leaving local mode
INFO (Carpet): [0][0][0] Leaving singlemap mode
INFO (Carpet): [0][0] PoisonGroup "CARPETIOSCALAR::LAST_OUTPUT_ITERATION"
INFO (Carpet): [0][0] Entering singlemap mode
INFO (Carpet): [0][0][0] Entering local mode
INFO (Carpet): [0][0][0][0] Leaving local mode
INFO (Carpet): [0][0][0] Leaving singlemap mode
INFO (Carpet): [0][0] PoisonGroup "CARPETIOSCALAR::LAST_OUTPUT_TIME"
INFO (Carpet): [0][0] Entering singlemap mode
INFO (Carpet): [0][0][0] Entering local mode
INFO (Carpet): [0][0][0][0] Leaving local mode
INFO (Carpet): [0][0][0] Leaving singlemap mode
INFO (Carpet): [0][0] PoisonGroup "CARPETIOSCALAR::THIS_ITERATION"
INFO (Carpet): [0][0] Entering singlemap mode
INFO (Carpet): [0][0][0] Entering local mode
INFO (Carpet): [0][0][0][0] Leaving local mode
INFO (Carpet): [0][0][0] Leaving singlemap mode
INFO (Carpet): [0][0] PoisonGroup "CARPETREGRID2::ACTIVE"
INFO (Carpet): [0][0] Entering singlemap mode
INFO (Carpet): [0][0][0] Entering local mode
INFO (Carpet): [0][0][0][0] Leaving local mode
INFO (Carpet): [0][0][0] Leaving singlemap mode
INFO (Carpet): [0][0] PoisonGroup "CARPETREGRID2::NUM_LEVELS"
INFO (Carpet): [0][0] Entering singlemap mode
INFO (Carpet): [0][0][0] Entering local mode
INFO (Carpet): [0][0][0][0] Leaving local mode
INFO (Carpet): [0][0][0] Leaving singlemap mode
INFO (Carpet): [0][0] PoisonGroup "CARPETREGRID2::POSITIONS"
INFO (Carpet): [0][0] Entering singlemap mode
INFO (Carpet): [0][0][0] Entering local mode
INFO (Carpet): [0][0][0][0] Leaving local mode
INFO (Carpet): [0][0][0] Leaving singlemap mode
INFO (Carpet): [0][0] PoisonGroup "CARPETREGRID2::RADII"
INFO (Carpet): [0][0] Entering singlemap mode
INFO (Carpet): [0][0][0] Entering local mode
INFO (Carpet): [0][0][0][0] Leaving local mode
INFO (Carpet): [0][0][0] Leaving singlemap mode
INFO (Carpet): [0][0] PoisonGroup "CARPETREGRID2::RADIIXYZ"
INFO (Carpet): [0][0] Entering singlemap mode
INFO (Carpet): [0][0][0] Entering local mode
INFO (Carpet): [0][0][0][0] Leaving local mode
INFO (Carpet): [0][0][0] Leaving singlemap mode
INFO (Carpet): [0][0] PoisonGroup "CARPETREGRID2::LAST_ITERATION"
INFO (Carpet): [0][0] Entering singlemap mode
INFO (Carpet): [0][0][0] Entering local mode
INFO (Carpet): [0][0][0][0] Leaving local mode
INFO (Carpet): [0][0][0] Leaving singlemap mode
INFO (Carpet): [0][0] PoisonGroup "CARPETREGRID2::LAST_MAP"
INFO (Carpet): [0][0] Entering singlemap mode
INFO (Carpet): [0][0][0] Entering local mode
INFO (Carpet): [0][0][0][0] Leaving local mode
INFO (Carpet): [0][0][0] Leaving singlemap mode
INFO (Carpet): [0][0] PoisonGroup "CARPETREGRID2::OLD_ACTIVE"
INFO (Carpet): [0][0] Entering singlemap mode
INFO (Carpet): [0][0][0] Entering local mode
INFO (Carpet): [0][0][0][0] Leaving local mode
INFO (Carpet): [0][0][0] Leaving singlemap mode
INFO (Carpet): [0][0] PoisonGroup "CARPETREGRID2::OLD_NUM_LEVELS"
INFO (Carpet): [0][0] Entering singlemap mode
INFO (Carpet): [0][0][0] Entering local mode
INFO (Carpet): [0][0][0][0] Leaving local mode
INFO (Carpet): [0][0][0] Leaving singlemap mode
INFO (Carpet): [0][0] PoisonGroup "CARPETREGRID2::OLD_POSITIONS"
INFO (Carpet): [0][0] Entering singlemap mode
INFO (Carpet): [0][0][0] Entering local mode
INFO (Carpet): [0][0][0][0] Leaving local mode
INFO (Carpet): [0][0][0] Leaving singlemap mode
INFO (Carpet): [0][0] PoisonGroup "CARPETREGRID2::OLD_RADIIXYZ"
INFO (Carpet): [0][0] Entering singlemap mode
INFO (Carpet): [0][0][0] Entering local mode
INFO (Carpet): [0][0][0][0] Leaving local mode
INFO (Carpet): [0][0][0] Leaving singlemap mode
INFO (Carpet): [0][0] PoisonGroup "GRID::GRIDSPACINGS"
INFO (Carpet): [0][0] Entering singlemap mode
INFO (Carpet): [0][0][0] Entering local mode
INFO (Carpet): [0][0][0][0] Leaving local mode
INFO (Carpet): [0][0][0] Leaving singlemap mode
INFO (Carpet): [0][0] PoisonGroup "COORDINATES::GENERAL_COORDINATES"
INFO (Carpet): [0][0] Entering singlemap mode
INFO (Carpet): [0][0][0] Entering local mode
INFO (Carpet): [0][0][0][0] Leaving local mode
INFO (Carpet): [0][0][0] Leaving singlemap mode
INFO (Carpet): [0][0] PoisonGroup "COORDINATES::JACOBIAN_STATE"
INFO (Carpet): [0][0] Entering singlemap mode
INFO (Carpet): [0][0][0] Entering local mode
INFO (Carpet): [0][0][0][0] Leaving local mode
INFO (Carpet): [0][0][0] Leaving singlemap mode
INFO (Carpet): [0][0] PoisonGroup "COORDINATES::INVERSE_JACOBIAN_STATE"
INFO (Carpet): [0][0] Entering singlemap mode
INFO (Carpet): [0][0][0] Entering local mode
INFO (Carpet): [0][0][0][0] Leaving local mode
INFO (Carpet): [0][0][0] Leaving singlemap mode
INFO (Carpet): [0][0] PoisonGroup "MOL::MOL_COUNTERS"
INFO (Carpet): [0][0] Entering singlemap mode
INFO (Carpet): [0][0][0] Entering local mode
INFO (Carpet): [0][0][0][0] Leaving local mode
INFO (Carpet): [0][0][0] Leaving singlemap mode
INFO (Carpet): [0][0] PoisonGroup "MOL::MOL_ORIGINAL_TIME"
INFO (Carpet): [0][0] Entering singlemap mode
INFO (Carpet): [0][0][0] Entering local mode
INFO (Carpet): [0][0][0][0] Leaving local mode
INFO (Carpet): [0][0][0] Leaving singlemap mode
INFO (Carpet): [0][0] PoisonGroup "STATICCONFORMAL::CONFORMAL_STATE"
INFO (Carpet): [0][0] Entering singlemap mode
INFO (Carpet): [0][0][0] Entering local mode
INFO (Carpet): [0][0][0][0] Leaving local mode
INFO (Carpet): [0][0][0] Leaving singlemap mode
INFO (Carpet): [0][0] PoisonGroup "TIME::SPEEDVARS"
INFO (Carpet): [0][0] Entering singlemap mode
INFO (Carpet): [0][0][0] Entering local mode
INFO (Carpet): [0][0][0][0] Leaving local mode
INFO (Carpet): [0][0][0] Leaving singlemap mode
INFO (Carpet): [0][0] PoisonGroup "TIME::COURANTTEMPS"
INFO (Carpet): [0][0] Entering singlemap mode
INFO (Carpet): [0][0][0] Entering local mode
INFO (Carpet): [0][0][0][0] Leaving local mode
INFO (Carpet): [0][0][0] Leaving singlemap mode
INFO (Carpet): [0][0] Leaving level mode
INFO (Carpet): [0] Scheduling CCTK_WRAGH
INFO (Carpet): [0] Global mode call at CCTK_WRAGH to Boundary::Boundary_RegisterBCs
INFO (Carpet): [0] Entering level mode
INFO (Carpet): [0][0] Leaving level mode
INFO (Carpet): [0] Global mode call at CCTK_WRAGH to CarpetRegrid2::CarpetRegrid2_Initialise
INFO (Carpet): [0] Entering level mode
INFO (Carpet): [0][0] Leaving level mode
INFO (Carpet): [0] Leaving global mode
INFO (Carpet): Meta mode call at CCTK_WRAGH to CartGrid3D::RegisterCartGrid3DCoords
INFO (Carpet): Entering global mode
INFO (Carpet): [0] Entering level mode
INFO (Carpet): [0][0] Leaving level mode
INFO (Carpet): [0] Leaving global mode
INFO (Carpet): Entering global mode
INFO (Carpet): [0] Global mode call at CCTK_WRAGH to Formaline::Formaline_OutputSource
--------------------------------------------------------------------------------
INFO (Formaline): Writing tarballs with the Cactus sources into the directory "./cactus-source"
INFO (Carpet): [0] Entering level mode
INFO (Carpet): [0][0] Leaving level mode
INFO (Carpet): [0] Leaving global mode
INFO (Carpet): Meta mode call at CCTK_WRAGH to Formaline::Formaline_RegisterWarnings
INFO (Carpet): Entering global mode
INFO (Carpet): [0] Entering level mode
INFO (Carpet): [0][0] Leaving level mode
INFO (Carpet): [0] Leaving global mode
INFO (Carpet): Entering global mode
INFO (Carpet): [0] Global mode call at CCTK_WRAGH to Formaline::Formaline_AnnounceInitial
INFO (Carpet): [0] Entering level mode
INFO (Carpet): [0][0] Leaving level mode
INFO (Carpet): [0] Global mode call at CCTK_WRAGH to MoL::MoL_SetupIndexArrays
INFO (MoL): Using Runge-Kutta 4 as the time integrator.
INFO (Carpet): [0] Entering level mode
INFO (Carpet): [0][0] Leaving level mode
INFO (Carpet): [0] Global mode call at CCTK_WRAGH to MoL::MoL_SetScheduleStatus
INFO (Carpet): [0] Entering level mode
INFO (Carpet): [0][0] Leaving level mode
INFO (Carpet): [0] Leaving global mode
INFO (Carpet): Meta mode call at CCTK_WRAGH to MoL::MoL_ReportNumberVariables
INFO (MoL): The maximum number of evolved variables is 0. 0 are registered.
INFO (MoL): The maximum number of constrained variables is 0. 0 are registered.
INFO (MoL): The maximum number of SandR variables is 0. 0 are registered.
INFO (MoL): The maximum number of evolved complex variables is 0. 0 are registered.
INFO (MoL): The maximum number of constrained complex variables is 0. 0 are registered.
INFO (MoL): The maximum number of SandR complex variables is 0. 0 are registered.
INFO (MoL): The maximum number of evolved array variables is 0. 0 are registered.
INFO (MoL): The maximum number of constrained array variables is 0. 0 are registered.
INFO (MoL): The maximum number of SandR array variables is 0. 0 are registered.
INFO (MoL): The maximum number of evolved complex array variables is 0. 0 are registered.
INFO (MoL): The maximum number of constrained complex array variables is 0. 0 are registered.
INFO (MoL): The maximum number of SandR complex array variables is 0. 0 are registered.
INFO (MoL): The maximum size of any array variables is 0.
INFO (Carpet): Entering global mode
INFO (Carpet): [0] Entering level mode
INFO (Carpet): [0][0] Leaving level mode
INFO (Carpet): [0] Leaving global mode
INFO (Carpet): Entering global mode
INFO (Carpet): [0] Global mode call at CCTK_WRAGH to Slab::Slab_InitTimers
INFO (Carpet): [0] Entering level mode
INFO (Carpet): [0][0] Leaving level mode
INFO (Carpet): [0] Leaving global mode
INFO (Carpet): Meta mode call at SymmetryRegister to CartGrid3D::RegisterSymmetryBoundaries
INFO (Carpet): Entering global mode
INFO (Carpet): [0] Entering level mode
INFO (Carpet): [0][0] Leaving level mode
INFO (Carpet): [0] Leaving global mode
INFO (Carpet): Entering global mode
INFO (Carpet): [0] Leaving global mode
INFO (Carpet): Meta mode call at SymmetryRegister to Coordinates::Coordinates_RegisterSymmetry
INFO (Carpet): Entering global mode
INFO (Carpet): [0] Entering level mode
INFO (Carpet): [0][0] Leaving level mode
INFO (Carpet): [0] Leaving global mode
INFO (Carpet): Entering global mode
INFO (Carpet): [0] Global mode call at SymBase_Wrapper to SymBase::SymBase_Statistics
INFO (SymBase): Symmetry on lower x-face: multipatch
INFO (SymBase): Symmetry on upper x-face: multipatch
INFO (SymBase): Symmetry on lower y-face: multipatch
INFO (SymBase): Symmetry on upper y-face: multipatch
INFO (SymBase): Symmetry on lower z-face: multipatch
INFO (SymBase): Symmetry on upper z-face: multipatch
INFO (Carpet): [0] Entering level mode
INFO (Carpet): [0][0] Leaving level mode
INFO (Carpet): [0] Scheduling CCTK_PARAMCHECK
INFO (Carpet): [0] Global mode call at CCTK_PARAMCHECK to Boundary::Boundary_Check
INFO (Carpet): [0] Entering level mode
INFO (Carpet): [0][0] Leaving level mode
INFO (Carpet): [0] Global mode call at CCTK_PARAMCHECK to Carpet::CarpetParamCheck
INFO (Carpet): [0] Entering level mode
INFO (Carpet): [0][0] Leaving level mode
INFO (Carpet): [0] Global mode call at CCTK_PARAMCHECK to CarpetMask::CarpetSurfaceParamCheck
INFO (Carpet): [0] Entering level mode
INFO (Carpet): [0][0] Leaving level mode
INFO (Carpet): [0] Global mode call at CCTK_PARAMCHECK to CarpetRegrid2::CarpetRegrid2_ParamCheck
INFO (Carpet): [0] Entering level mode
INFO (Carpet): [0][0] Leaving level mode
INFO (Carpet): [0] Global mode call at CCTK_PARAMCHECK to CartGrid3D::ParamCheck_CartGrid3D
INFO (Carpet): [0] Entering level mode
INFO (Carpet): [0][0] Leaving level mode
INFO (Carpet): [0] Global mode call at CCTK_PARAMCHECK to Coordinates::Coordinates_ParamCheck
INFO (Carpet): [0] Entering level mode
INFO (Carpet): [0][0] Leaving level mode
INFO (Carpet): [0] Global mode call at CCTK_PARAMCHECK to MoL::MoL_ParamCheck
INFO (Carpet): [0] Entering level mode
INFO (Carpet): [0][0] Leaving level mode
INFO (Carpet): [0] Leaving global mode
INFO (Carpet): Skipping check of schedule requirements (no flesh support)
INFO (Carpet): Entering global mode
INFO (Carpet): [0] Entering level mode
INFO (Carpet): [0][0] Preregridinitial at iteration 0 time 0 (global) (meta)
INFO (Carpet): [0][0] Scheduling CCTK_PREREGRIDINITIAL
INFO (Carpet): [0][0] Regrid
INFO (Carpet): [0][0] Regridding level 0...
INFO (Carpet): [0][0] Entering singlemap mode
INFO (Carpet): [0][0][0] Leaving singlemap mode
INFO (Carpet): [0][0] Entering singlemap mode
INFO (Carpet): [0][0][1] Leaving singlemap mode
INFO (Carpet): [0][0] Entering singlemap mode
INFO (Carpet): [0][0][2] Leaving singlemap mode
INFO (Carpet): [0][0] Entering singlemap mode
INFO (Carpet): [0][0][3] Leaving singlemap mode
INFO (Carpet): [0][0] Entering singlemap mode
INFO (Carpet): [0][0][4] Leaving singlemap mode
INFO (Carpet): [0][0] Entering singlemap mode
INFO (Carpet): [0][0][5] Leaving singlemap mode
INFO (Carpet): [0][0] Entering singlemap mode
INFO (Carpet): [0][0][6] Leaving singlemap mode
INFO (Carpet): [0][0] Entering singlemap mode
INFO (Carpet): [0][0][0] Leaving singlemap mode
INFO (Carpet): [0][0] Entering singlemap mode
INFO (Carpet): [0][0][1] Leaving singlemap mode
INFO (Carpet): [0][0] Entering singlemap mode
INFO (Carpet): [0][0][2] Leaving singlemap mode
INFO (Carpet): [0][0] Entering singlemap mode
INFO (Carpet): [0][0][3] Leaving singlemap mode
INFO (Carpet): [0][0] Entering singlemap mode
INFO (Carpet): [0][0][4] Leaving singlemap mode
INFO (Carpet): [0][0] Entering singlemap mode
INFO (Carpet): [0][0][5] Leaving singlemap mode
INFO (Carpet): [0][0] Entering singlemap mode
INFO (Carpet): [0][0][6] Leaving singlemap mode
INFO (Carpet): [0][0] Entering singlemap mode
INFO (Carpet): [0][0][0] Regridding map 0...
INFO (Carpet): Grid structure (superregions, grid points):
   [0][0][0]   exterior: [0,0,0] : [140,140,140]   ([141,141,141]) 2803221
INFO (Carpet): Grid structure (superregions, coordinates):
   [0][0][0]   exterior: [-52.5,-52.5,-52.5] : [52.5,52.5,52.5] : [0.75,0.75,0.75]
INFO (Carpet): Grid structure (grid points):
   [0][0][0][0]   exterior: proc 0   [0,0,0] : [140,140,70]   ([141,141,71]) 1411551
   [0][0][0][1]   exterior: proc 0   [0,0,71] : [140,140,140]   ([141,141,70]) 1391670
INFO (Carpet): Grid structure (boundaries):
   [0][0][0]   bbox: [[1,1,1],[1,1,0]]
   [0][0][1]   bbox: [[1,1,0],[1,1,1]]
INFO (Carpet): Grid structure (coordinates):
   [0][0][0][0]   exterior: [-52.5,-52.5,-52.5] : [52.5,52.5,0] : [0.75,0.75,0.75]
   [0][0][0][1]   exterior: [-52.5,-52.5,0.75] : [52.5,52.5,52.5] : [0.75,0.75,0.75]
INFO (Carpet): Grid structure (coordinates, including ghosts):
   [0][0][0][0]   exterior: [-52.5,-52.5,-52.5] : [52.5,52.5,2.25] : [0.75,0.75,0.75]
   [0][0][0][1]   exterior: [-52.5,-52.5,-1.5] : [52.5,52.5,52.5] : [0.75,0.75,0.75]
INFO (Carpet): Grid statistics:
   [0][0][0][0]   volume: 1411551   of parent: 50.4%   of domain: 50.4%
   [0][0][0][1]   volume: 1391670   of parent: 49.6%   of domain: 49.6%
   [0][0][0]   average volume: 1401610   of parent: 50.0%   of domain: 50.0%
   [0][0][0]   standard deviation: 9940   of parent: 0.4%   of domain: 0.4%
   [0][0][0][0]   length ratio: 1.000
   [0][0][0][1]   length ratio: 1.000
   [0][0][0]   average length ratio: 1.000   standard deviation: 0.000
INFO (Carpet): [0][0][0] Done regridding map 0.
INFO (Carpet): [0][0][0] Leaving singlemap mode
INFO (Carpet): [0][0] Entering singlemap mode
INFO (Carpet): [0][0][1] Regridding map 1...
INFO (Carpet): Grid structure (superregions, grid points):
   [0][1][0]   exterior: [0,0,0] : [36,36,475]   ([37,37,476]) 651644
INFO (Carpet): Grid structure (superregions, coordinates):
   [0][1][0]   exterior: [-1.178097,-1.178097,43.500000] : [1.178097,1.178097,399.750000] : [0.065450,0.065450,0.750000]
INFO (Carpet): Grid structure (grid points):
   [0][0][1][0]   exterior: proc 1   [0,0,0] : [36,36,475]   ([37,37,476]) 651644
INFO (Carpet): Grid structure (boundaries):
   [0][1][0]   bbox: [[1,1,1],[1,1,1]]
INFO (Carpet): Grid structure (coordinates):
   [0][0][1][0]   exterior: [-1.178097,-1.178097,43.500000] : [1.178097,1.178097,399.750000] : [0.065450,0.065450,0.750000]
INFO (Carpet): Grid structure (coordinates, including ghosts):
   [0][0][1][0]   exterior: [-1.178097,-1.178097,43.500000] : [1.178097,1.178097,399.750000] : [0.065450,0.065450,0.750000]
INFO (Carpet): Grid statistics:
   [0][0][1][0]   volume: 651644   of parent: 100.0%   of domain: 100.0%
   [0][0][1]   average volume: 651644   of parent: 100.0%   of domain: 100.0%
   [0][0][1]   standard deviation: 0   of parent: 0.0%   of domain: 0.0%
   [0][0][1][0]   length ratio: 1.000
   [0][0][1]   average length ratio: 1.000   standard deviation: 0.000
INFO (Carpet): [0][0][1] Done regridding map 1.
INFO (Carpet): [0][0][1] Leaving singlemap mode
INFO (Carpet): [0][0] Entering singlemap mode
INFO (Carpet): [0][0][2] Regridding map 2...
INFO (Carpet): Grid structure (superregions, grid points):
   [0][2][0]   exterior: [0,0,0] : [36,36,475]   ([37,37,476]) 651644
INFO (Carpet): Grid structure (superregions, coordinates):
   [0][2][0]   exterior: [-1.178097,-1.178097,43.500000] : [1.178097,1.178097,399.750000] : [0.065450,0.065450,0.750000]
INFO (Carpet): Grid structure (grid points):
   [0][0][2][0]   exterior: proc 1   [0,0,0] : [36,36,475]   ([37,37,476]) 651644
INFO (Carpet): Grid structure (boundaries):
   [0][2][0]   bbox: [[1,1,1],[1,1,1]]
INFO (Carpet): Grid structure (coordinates):
   [0][0][2][0]   exterior: [-1.178097,-1.178097,43.500000] : [1.178097,1.178097,399.750000] : [0.065450,0.065450,0.750000]
INFO (Carpet): Grid structure (coordinates, including ghosts):
   [0][0][2][0]   exterior: [-1.178097,-1.178097,43.500000] : [1.178097,1.178097,399.750000] : [0.065450,0.065450,0.750000]
INFO (Carpet): Grid statistics:
   [0][0][2][0]   volume: 651644   of parent: 100.0%   of domain: 100.0%
   [0][0][2]   average volume: 651644   of parent: 100.0%   of domain: 100.0%
   [0][0][2]   standard deviation: 0   of parent: 0.0%   of domain: 0.0%
   [0][0][2][0]   length ratio: 1.000
   [0][0][2]   average length ratio: 1.000   standard deviation: 0.000
INFO (Carpet): [0][0][2] Done regridding map 2.
INFO (Carpet): [0][0][2] Leaving singlemap mode
INFO (Carpet): [0][0] Entering singlemap mode
INFO (Carpet): [0][0][3] Regridding map 3...
INFO (Carpet): Grid structure (superregions, grid points):
   [0][3][0]   exterior: [0,0,0] : [36,36,475]   ([37,37,476]) 651644
INFO (Carpet): Grid structure (superregions, coordinates):
   [0][3][0]   exterior: [-1.178097,-1.178097,43.500000] : [1.178097,1.178097,399.750000] : [0.065450,0.065450,0.750000]
INFO (Carpet): Grid structure (grid points):
   [0][0][3][0]   exterior: proc 2   [0,0,0] : [36,36,475]   ([37,37,476]) 651644
INFO (Carpet): Grid structure (boundaries):
   [0][3][0]   bbox: [[1,1,1],[1,1,1]]
INFO (Carpet): Grid structure (coordinates):
   [0][0][3][0]   exterior: [-1.178097,-1.178097,43.500000] : [1.178097,1.178097,399.750000] : [0.065450,0.065450,0.750000]
INFO (Carpet): Grid structure (coordinates, including ghosts):
   [0][0][3][0]   exterior: [-1.178097,-1.178097,43.500000] : [1.178097,1.178097,399.750000] : [0.065450,0.065450,0.750000]
INFO (Carpet): Grid statistics:
   [0][0][3][0]   volume: 651644   of parent: 100.0%   of domain: 100.0%
   [0][0][3]   average volume: 651644   of parent: 100.0%   of domain: 100.0%
   [0][0][3]   standard deviation: 0   of parent: 0.0%   of domain: 0.0%
   [0][0][3][0]   length ratio: 1.000
   [0][0][3]   average length ratio: 1.000   standard deviation: 0.000
INFO (Carpet): [0][0][3] Done regridding map 3.
INFO (Carpet): [0][0][3] Leaving singlemap mode
INFO (Carpet): [0][0] Entering singlemap mode
INFO (Carpet): [0][0][4] Regridding map 4...
INFO (Carpet): Grid structure (superregions, grid points):
   [0][4][0]   exterior: [0,0,0] : [36,36,475]   ([37,37,476]) 651644
INFO (Carpet): Grid structure (superregions, coordinates):
   [0][4][0]   exterior: [-1.178097,-1.178097,43.500000] : [1.178097,1.178097,399.750000] : [0.065450,0.065450,0.750000]
INFO (Carpet): Grid structure (grid points):
   [0][0][4][0]   exterior: proc 2   [0,0,0] : [36,36,475]   ([37,37,476]) 651644
INFO (Carpet): Grid structure (boundaries):
   [0][4][0]   bbox: [[1,1,1],[1,1,1]]
INFO (Carpet): Grid structure (coordinates):
   [0][0][4][0]   exterior: [-1.178097,-1.178097,43.500000] : [1.178097,1.178097,399.750000] : [0.065450,0.065450,0.750000]
INFO (Carpet): Grid structure (coordinates, including ghosts):
   [0][0][4][0]   exterior: [-1.178097,-1.178097,43.500000] : [1.178097,1.178097,399.750000] : [0.065450,0.065450,0.750000]
INFO (Carpet): Grid statistics:
   [0][0][4][0]   volume: 651644   of parent: 100.0%   of domain: 100.0%
   [0][0][4]   average volume: 651644   of parent: 100.0%   of domain: 100.0%
   [0][0][4]   standard deviation: 0   of parent: 0.0%   of domain: 0.0%
   [0][0][4][0]   length ratio: 1.000
   [0][0][4]   average length ratio: 1.000   standard deviation: 0.000
INFO (Carpet): [0][0][4] Done regridding map 4.
INFO (Carpet): [0][0][4] Leaving singlemap mode
INFO (Carpet): [0][0] Entering singlemap mode
INFO (Carpet): [0][0][5] Regridding map 5...
INFO (Carpet): Grid structure (superregions, grid points):
   [0][5][0]   exterior: [0,0,0] : [36,36,475]   ([37,37,476]) 651644
INFO (Carpet): Grid structure (superregions, coordinates):
   [0][5][0]   exterior: [-1.178097,-1.178097,43.500000] : [1.178097,1.178097,399.750000] : [0.065450,0.065450,0.750000]
INFO (Carpet): Grid structure (grid points):
   [0][0][5][0]   exterior: proc 3   [0,0,0] : [36,36,475]   ([37,37,476]) 651644
INFO (Carpet): Grid structure (boundaries):
   [0][5][0]   bbox: [[1,1,1],[1,1,1]]
INFO (Carpet): Grid structure (coordinates):
   [0][0][5][0]   exterior: [-1.178097,-1.178097,43.500000] : [1.178097,1.178097,399.750000] : [0.065450,0.065450,0.750000]
INFO (Carpet): Grid structure (coordinates, including ghosts):
   [0][0][5][0]   exterior: [-1.178097,-1.178097,43.500000] : [1.178097,1.178097,399.750000] : [0.065450,0.065450,0.750000]
INFO (Carpet): Grid statistics:
   [0][0][5][0]   volume: 651644   of parent: 100.0%   of domain: 100.0%
   [0][0][5]   average volume: 651644   of parent: 100.0%   of domain: 100.0%
   [0][0][5]   standard deviation: 0   of parent: 0.0%   of domain: 0.0%
   [0][0][5][0]   length ratio: 1.000
   [0][0][5]   average length ratio: 1.000   standard deviation: 0.000
INFO (Carpet): [0][0][5] Done regridding map 5.
INFO (Carpet): [0][0][5] Leaving singlemap mode
INFO (Carpet): [0][0] Entering singlemap mode
INFO (Carpet): [0][0][6] Regridding map 6...
INFO (Carpet): Grid structure (superregions, grid points):
   [0][6][0]   exterior: [0,0,0] : [36,36,475]   ([37,37,476]) 651644
INFO (Carpet): Grid structure (superregions, coordinates):
   [0][6][0]   exterior: [-1.178097,-1.178097,43.500000] : [1.178097,1.178097,399.750000] : [0.065450,0.065450,0.750000]
INFO (Carpet): Grid structure (grid points):
   [0][0][6][0]   exterior: proc 3   [0,0,0] : [36,36,475]   ([37,37,476]) 651644
INFO (Carpet): Grid structure (boundaries):
   [0][6][0]   bbox: [[1,1,1],[1,1,1]]
INFO (Carpet): Grid structure (coordinates):
   [0][0][6][0]   exterior: [-1.178097,-1.178097,43.500000] : [1.178097,1.178097,399.750000] : [0.065450,0.065450,0.750000]
INFO (Carpet): Grid structure (coordinates, including ghosts):
   [0][0][6][0]   exterior: [-1.178097,-1.178097,43.500000] : [1.178097,1.178097,399.750000] : [0.065450,0.065450,0.750000]
INFO (Carpet): Grid statistics:
   [0][0][6][0]   volume: 651644   of parent: 100.0%   of domain: 100.0%
   [0][0][6]   average volume: 651644   of parent: 100.0%   of domain: 100.0%
   [0][0][6]   standard deviation: 0   of parent: 0.0%   of domain: 0.0%
   [0][0][6][0]   length ratio: 1.000
   [0][0][6]   average length ratio: 1.000   standard deviation: 0.000
INFO (Carpet): [0][0][6] Done regridding map 6.
INFO (Carpet): [0][0][6] Leaving singlemap mode
INFO (Carpet): Global grid structure statistics:
INFO (Carpet): GF: rhs: 5182k active, 5182k owned (+0%), 6832k total (+32%), 1 steps/time
INFO (Carpet): GF: vars: 34, pts: 176M active, 176M owned (+0%), 232M total (+32%), 2.0 comp/proc
INFO (Carpet): GA: vars: 245, pts: 0M active, 0M total (+0%)
INFO (Carpet): Total required memory: 1.804 GByte (for GAs and currently active GFs)
INFO (Carpet): Load balance:  min     avg     max     sdv      max/avg-1
INFO (Carpet): Level  0:      31M     44M     84M     23M active     90%
INFO (Carpet): [0][0] Recomposing the grid hierarchy for map 0 level 0...
INFO (Carpet): [0][0] Done recomposing the grid hierarchy for map 0 level 0.
INFO (Carpet): [0][0] Recomposing the grid hierarchy for map 1 level 0...
INFO (Carpet): [0][0] Done recomposing the grid hierarchy for map 1 level 0.
INFO (Carpet): [0][0] Recomposing the grid hierarchy for map 2 level 0...
INFO (Carpet): [0][0] Done recomposing the grid hierarchy for map 2 level 0.
INFO (Carpet): [0][0] Recomposing the grid hierarchy for map 3 level 0...
INFO (Carpet): [0][0] Done recomposing the grid hierarchy for map 3 level 0.
INFO (Carpet): [0][0] Recomposing the grid hierarchy for map 4 level 0...
INFO (Carpet): [0][0] Done recomposing the grid hierarchy for map 4 level 0.
INFO (Carpet): [0][0] Recomposing the grid hierarchy for map 5 level 0...
INFO (Carpet): [0][0] Done recomposing the grid hierarchy for map 5 level 0.
INFO (Carpet): [0][0] Recomposing the grid hierarchy for map 6 level 0...
INFO (Carpet): [0][0] Done recomposing the grid hierarchy for map 6 level 0.
INFO (Carpet): [0][0] Leaving level mode
INFO (Carpet): [0] Leaving global mode
INFO (Carpet): Entering global mode
INFO (Carpet): [0] Entering level mode
INFO (Carpet): [0][0] Entering singlemap mode
INFO (Carpet): [0][0][0] Entering local mode
INFO (Carpet): [0][0][0][0] Leaving local mode
INFO (Carpet): [0][0][0] Entering local mode
INFO (Carpet): [0][0][0][1] Leaving local mode
INFO (Carpet): [0][0][0] Leaving singlemap mode
INFO (Carpet): [0][0] Leaving level mode
INFO (Carpet): [0] Leaving global mode
INFO (Carpet): Entering global mode
INFO (Carpet): [0] Entering level mode
INFO (Carpet): [0][0] Freeing after regridding level 0...
INFO (Carpet): [0][0] Leaving level mode
INFO (Carpet): [0] Leaving global mode
INFO (Carpet): Entering global mode
INFO (Carpet): [0] Entering level mode
INFO (Carpet): [0][0] PoisonGroup "CARPET::POINT_CLASSIFICATION"
INFO (Carpet): [0][0] Entering singlemap mode
INFO (Carpet): [0][0][0] Entering local mode
INFO (Carpet): [0][0][0][0] Leaving local mode
INFO (Carpet): [0][0][0] Entering local mode
INFO (Carpet): [0][0][0][1] Leaving local mode
INFO (Carpet): [0][0][0] Leaving singlemap mode
INFO (Carpet): [0][0] PoisonGroup "CARPETREDUCE::WEIGHT"
INFO (Carpet): [0][0] Entering singlemap mode
INFO (Carpet): [0][0][0] Entering local mode
INFO (Carpet): [0][0][0][0] Leaving local mode
INFO (Carpet): [0][0][0] Entering local mode
INFO (Carpet): [0][0][0][1] Leaving local mode
INFO (Carpet): [0][0][0] Leaving singlemap mode
INFO (Carpet): [0][0] PoisonGroup "GRID::COORDINATES"
INFO (Carpet): [0][0] Entering singlemap mode
INFO (Carpet): [0][0][0] Entering local mode
INFO (Carpet): [0][0][0][0] Leaving local mode
INFO (Carpet): [0][0][0] Entering local mode
INFO (Carpet): [0][0][0][1] Leaving local mode
INFO (Carpet): [0][0][0] Leaving singlemap mode
INFO (Carpet): [0][0] PoisonGroup "COORDINATES::JACOBIAN"
INFO (Carpet): [0][0] Entering singlemap mode
INFO (Carpet): [0][0][0] Entering local mode
INFO (Carpet): [0][0][0][0] Leaving local mode
INFO (Carpet): [0][0][0] Entering local mode
INFO (Carpet): [0][0][0][1] Leaving local mode
INFO (Carpet): [0][0][0] Leaving singlemap mode
INFO (Carpet): [0][0] PoisonGroup "COORDINATES::JACOBIAN2"
INFO (Carpet): [0][0] Entering singlemap mode
INFO (Carpet): [0][0][0] Entering local mode
INFO (Carpet): [0][0][0][0] Leaving local mode
INFO (Carpet): [0][0][0] Entering local mode
INFO (Carpet): [0][0][0][1] Leaving local mode
INFO (Carpet): [0][0][0] Leaving singlemap mode
INFO (Carpet): [0][0] PoisonGroup "INTERPOLATE::SOURCE_PATCH"
INFO (Carpet): [0][0] Entering singlemap mode
INFO (Carpet): [0][0][0] Entering local mode
INFO (Carpet): [0][0][0][0] Leaving local mode
INFO (Carpet): [0][0][0] Entering local mode
INFO (Carpet): [0][0][0][1] Leaving local mode
INFO (Carpet): [0][0][0] Leaving singlemap mode
INFO (Carpet): [0][0] Leaving level mode
INFO (Carpet): [0] Leaving global mode
INFO (Carpet): Entering global mode
INFO (Carpet): [0] Entering level mode
INFO (Carpet): [0][0] Initialisation I at iteration 0 time 0 (global) (meta)
INFO (Carpet): [0][0] Scheduling CCTK_BASEGRID
INFO (Carpet): [0][0] Leaving level mode
INFO (Carpet): [0] Global mode call at CCTK_BASEGRID to CarpetIOASCII::CarpetIOASCIIInit
INFO (Carpet): [0] Entering level mode
INFO (Carpet): [0][0] Leaving level mode
INFO (Carpet): [0] Entering level mode
INFO (Carpet): [0][0] Leaving level mode
INFO (Carpet): [0] Global mode call at CCTK_BASEGRID to CarpetIOBasic::CarpetIOBasicInit
INFO (Carpet): [0] Entering level mode
INFO (Carpet): [0][0] Leaving level mode
INFO (Carpet): [0] Entering level mode
INFO (Carpet): [0][0] Leaving level mode
INFO (Carpet): [0] Global mode call at CCTK_BASEGRID to CarpetIOHDF5::CarpetIOHDF5_Init
INFO (Carpet): [0] Entering level mode
INFO (Carpet): [0][0] Leaving level mode
INFO (Carpet): [0] Entering level mode
INFO (Carpet): [0][0] Leaving level mode
INFO (Carpet): [0] Global mode call at CCTK_BASEGRID to CarpetIOScalar::CarpetIOScalarInit
INFO (Carpet): [0] Entering level mode
INFO (Carpet): [0][0] Leaving level mode
INFO (Carpet): [0] Entering level mode
INFO (Carpet): [0][0] Entering singlemap mode
INFO (Carpet): [0][0][0] Singlemap mode call at CCTK_BASEGRID to CartGrid3D::CartGrid3D_SetRanges
INFO (CartGrid3D): Grid Spacings:
INFO (CartGrid3D): dx=>7.5000000e-01  dy=>7.5000000e-01  dz=>7.5000000e-01
INFO (CartGrid3D): Computational Coordinates:
INFO (CartGrid3D): x=>[-52.500,52.500]  y=>[-52.500,52.500]  z=>[-52.500,52.500]
INFO (CartGrid3D): Indices of Physical Coordinates:
INFO (CartGrid3D): x=>[0,140]  y=>[0,140]  z=>[0,140]
INFO (Carpet): [0][0][0] Leaving singlemap mode
INFO (Carpet): [0][0] Entering singlemap mode
INFO (Carpet): [0][0][1] Singlemap mode call at CCTK_BASEGRID to CartGrid3D::CartGrid3D_SetRanges
[1mWARNING[L3,P0] (Cactus):[0m CCTK_CoordRange: Range already registered for system 'cart3d'
[1mWARNING[L3,P0] (Cactus):[0m CCTK_CoordRegisterRangePhysIndex: Range already registered for system 'cart3d'
[1mWARNING[L3,P0] (Cactus):[0m CCTK_CoordRange: Range already registered for system 'cart3d'
[1mWARNING[L3,P0] (Cactus):[0m CCTK_CoordRegisterRangePhysIndex: Range already registered for system 'cart3d'
[1mWARNING[L3,P0] (Cactus):[0m CCTK_CoordRange: Range already registered for system 'cart3d'
[1mWARNING[L3,P0] (Cactus):[0m CCTK_CoordRegisterRangePhysIndex: Range already registered for system 'cart3d'
INFO (CartGrid3D): Grid Spacings:
INFO (CartGrid3D): dx=>6.5449847e-02  dy=>6.5449847e-02  dz=>7.5000000e-01
INFO (CartGrid3D): Computational Coordinates:
INFO (CartGrid3D): x=>[-1.178, 1.178]  y=>[-1.178, 1.178]  z=>[43.500,399.750]
INFO (CartGrid3D): Indices of Physical Coordinates:
INFO (CartGrid3D): x=>[0,36]  y=>[0,36]  z=>[0,475]
INFO (Carpet): [0][0][1] Leaving singlemap mode
INFO (Carpet): [0][0] Entering singlemap mode
INFO (Carpet): [0][0][2] Singlemap mode call at CCTK_BASEGRID to CartGrid3D::CartGrid3D_SetRanges
[1mWARNING[L3,P0] (Cactus):[0m CCTK_CoordRange: Range already registered for system 'cart3d'
[1mWARNING[L3,P0] (Cactus):[0m CCTK_CoordRegisterRangePhysIndex: Range already registered for system 'cart3d'
[1mWARNING[L3,P0] (Cactus):[0m CCTK_CoordRange: Range already registered for system 'cart3d'
[1mWARNING[L3,P0] (Cactus):[0m CCTK_CoordRegisterRangePhysIndex: Range already registered for system 'cart3d'
[1mWARNING[L3,P0] (Cactus):[0m CCTK_CoordRange: Range already registered for system 'cart3d'
[1mWARNING[L3,P0] (Cactus):[0m CCTK_CoordRegisterRangePhysIndex: Range already registered for system 'cart3d'
INFO (CartGrid3D): Grid Spacings:
INFO (CartGrid3D): dx=>6.5449847e-02  dy=>6.5449847e-02  dz=>7.5000000e-01
INFO (CartGrid3D): Computational Coordinates:
INFO (CartGrid3D): x=>[-1.178, 1.178]  y=>[-1.178, 1.178]  z=>[43.500,399.750]
INFO (CartGrid3D): Indices of Physical Coordinates:
INFO (CartGrid3D): x=>[0,36]  y=>[0,36]  z=>[0,475]
INFO (Carpet): [0][0][2] Leaving singlemap mode
INFO (Carpet): [0][0] Entering singlemap mode
INFO (Carpet): [0][0][3] Singlemap mode call at CCTK_BASEGRID to CartGrid3D::CartGrid3D_SetRanges
[1mWARNING[L3,P0] (Cactus):[0m CCTK_CoordRange: Range already registered for system 'cart3d'
[1mWARNING[L3,P0] (Cactus):[0m CCTK_CoordRegisterRangePhysIndex: Range already registered for system 'cart3d'
[1mWARNING[L3,P0] (Cactus):[0m CCTK_CoordRange: Range already registered for system 'cart3d'
[1mWARNING[L3,P0] (Cactus):[0m CCTK_CoordRegisterRangePhysIndex: Range already registered for system 'cart3d'
[1mWARNING[L3,P0] (Cactus):[0m CCTK_CoordRange: Range already registered for system 'cart3d'
[1mWARNING[L3,P0] (Cactus):[0m CCTK_CoordRegisterRangePhysIndex: Range already registered for system 'cart3d'
INFO (CartGrid3D): Grid Spacings:
INFO (CartGrid3D): dx=>6.5449847e-02  dy=>6.5449847e-02  dz=>7.5000000e-01
INFO (CartGrid3D): Computational Coordinates:
INFO (CartGrid3D): x=>[-1.178, 1.178]  y=>[-1.178, 1.178]  z=>[43.500,399.750]
INFO (CartGrid3D): Indices of Physical Coordinates:
INFO (CartGrid3D): x=>[0,36]  y=>[0,36]  z=>[0,475]
INFO (Carpet): [0][0][3] Leaving singlemap mode
INFO (Carpet): [0][0] Entering singlemap mode
INFO (Carpet): [0][0][4] Singlemap mode call at CCTK_BASEGRID to CartGrid3D::CartGrid3D_SetRanges
[1mWARNING[L3,P0] (Cactus):[0m CCTK_CoordRange: Range already registered for system 'cart3d'
[1mWARNING[L3,P0] (Cactus):[0m CCTK_CoordRegisterRangePhysIndex: Range already registered for system 'cart3d'
[1mWARNING[L3,P0] (Cactus):[0m CCTK_CoordRange: Range already registered for system 'cart3d'
[1mWARNING[L3,P0] (Cactus):[0m CCTK_CoordRegisterRangePhysIndex: Range already registered for system 'cart3d'
[1mWARNING[L3,P0] (Cactus):[0m CCTK_CoordRange: Range already registered for system 'cart3d'
[1mWARNING[L3,P0] (Cactus):[0m CCTK_CoordRegisterRangePhysIndex: Range already registered for system 'cart3d'
INFO (CartGrid3D): Grid Spacings:
INFO (CartGrid3D): dx=>6.5449847e-02  dy=>6.5449847e-02  dz=>7.5000000e-01
INFO (CartGrid3D): Computational Coordinates:
INFO (CartGrid3D): x=>[-1.178, 1.178]  y=>[-1.178, 1.178]  z=>[43.500,399.750]
INFO (CartGrid3D): Indices of Physical Coordinates:
INFO (CartGrid3D): x=>[0,36]  y=>[0,36]  z=>[0,475]
INFO (Carpet): [0][0][4] Leaving singlemap mode
INFO (Carpet): [0][0] Entering singlemap mode
INFO (Carpet): [0][0][5] Singlemap mode call at CCTK_BASEGRID to CartGrid3D::CartGrid3D_SetRanges
[1mWARNING[L3,P0] (Cactus):[0m CCTK_CoordRange: Range already registered for system 'cart3d'
[1mWARNING[L3,P0] (Cactus):[0m CCTK_CoordRegisterRangePhysIndex: Range already registered for system 'cart3d'
[1mWARNING[L3,P0] (Cactus):[0m CCTK_CoordRange: Range already registered for system 'cart3d'
[1mWARNING[L3,P0] (Cactus):[0m CCTK_CoordRegisterRangePhysIndex: Range already registered for system 'cart3d'
[1mWARNING[L3,P0] (Cactus):[0m CCTK_CoordRange: Range already registered for system 'cart3d'
[1mWARNING[L3,P0] (Cactus):[0m CCTK_CoordRegisterRangePhysIndex: Range already registered for system 'cart3d'
INFO (CartGrid3D): Grid Spacings:
INFO (CartGrid3D): dx=>6.5449847e-02  dy=>6.5449847e-02  dz=>7.5000000e-01
INFO (CartGrid3D): Computational Coordinates:
INFO (CartGrid3D): x=>[-1.178, 1.178]  y=>[-1.178, 1.178]  z=>[43.500,399.750]
INFO (CartGrid3D): Indices of Physical Coordinates:
INFO (CartGrid3D): x=>[0,36]  y=>[0,36]  z=>[0,475]
INFO (Carpet): [0][0][5] Leaving singlemap mode
INFO (Carpet): [0][0] Entering singlemap mode
INFO (Carpet): [0][0][6] Singlemap mode call at CCTK_BASEGRID to CartGrid3D::CartGrid3D_SetRanges
[1mWARNING[L3,P0] (Cactus):[0m CCTK_CoordRange: Range already registered for system 'cart3d'
[1mWARNING[L3,P0] (Cactus):[0m CCTK_CoordRegisterRangePhysIndex: Range already registered for system 'cart3d'
[1mWARNING[L3,P0] (Cactus):[0m CCTK_CoordRange: Range already registered for system 'cart3d'
[1mWARNING[L3,P0] (Cactus):[0m CCTK_CoordRegisterRangePhysIndex: Range already registered for system 'cart3d'
[1mWARNING[L3,P0] (Cactus):[0m CCTK_CoordRange: Range already registered for system 'cart3d'
[1mWARNING[L3,P0] (Cactus):[0m CCTK_CoordRegisterRangePhysIndex: Range already registered for system 'cart3d'
INFO (CartGrid3D): Grid Spacings:
INFO (CartGrid3D): dx=>6.5449847e-02  dy=>6.5449847e-02  dz=>7.5000000e-01
INFO (CartGrid3D): Computational Coordinates:
INFO (CartGrid3D): x=>[-1.178, 1.178]  y=>[-1.178, 1.178]  z=>[43.500,399.750]
INFO (CartGrid3D): Indices of Physical Coordinates:
INFO (CartGrid3D): x=>[0,36]  y=>[0,36]  z=>[0,475]
INFO (Carpet): [0][0][6] Leaving singlemap mode
INFO (Carpet): [0][0] Entering singlemap mode
INFO (Carpet): [0][0][0] Entering local mode
INFO (Carpet): [0][0][0][0] Local mode call at CCTK_BASEGRID to CartGrid3D::SpatialCoordinates
INFO (Carpet): [0][0][0][0] Leaving local mode
INFO (Carpet): [0][0][0] Entering local mode
INFO (Carpet): [0][0][0][1] Local mode call at CCTK_BASEGRID to CartGrid3D::SpatialCoordinates
INFO (Carpet): [0][0][0][1] Leaving local mode
INFO (Carpet): [0][0][0] Leaving singlemap mode
INFO (Carpet): [0][0] Leaving level mode
INFO (Carpet): [0] Entering level mode
INFO (Carpet): [0][0] Entering singlemap mode
INFO (Carpet): [0][0][0] Entering local mode
INFO (Carpet): [0][0][0][0] Global time local mode call at CCTK_BASEGRID to SphericalSurface::SphericalSurface_SetupRes
INFO (Carpet): [0][0][0][0] Leaving local mode
INFO (Carpet): [0][0][0] Entering local mode
INFO (Carpet): [0][0][0][1] Global time local mode call at CCTK_BASEGRID to SphericalSurface::SphericalSurface_SetupRes
INFO (Carpet): [0][0][0][1] Leaving local mode
INFO (Carpet): [0][0][0] Leaving singlemap mode
INFO (Carpet): [0][0] Leaving level mode
INFO (Carpet): [0] Entering level mode
INFO (Carpet): [0][0] Entering singlemap mode
INFO (Carpet): [0][0][0] Entering local mode
INFO (Carpet): [0][0][0][0] Local mode call at Coordinates_SetGlobalCoords_Group to Coordinates::Coordinates_SetGlobalCoords
INFO (Coordinates): Setting up global coordinates for thornburg04.
INFO (Carpet): [0][0][0][0] Leaving local mode
INFO (Carpet): [0][0][0] Entering local mode
INFO (Carpet): [0][0][0][1] Local mode call at Coordinates_SetGlobalCoords_Group to Coordinates::Coordinates_SetGlobalCoords
INFO (Coordinates): Setting up global coordinates for thornburg04.
INFO (Carpet): [0][0][0][1] Leaving local mode
INFO (Carpet): [0][0][0] Leaving singlemap mode
INFO (Carpet): [0][0] Entering singlemap mode
INFO (Carpet): [0][0][0] Entering local mode
INFO (Carpet): [0][0][0][0] Local mode call at Coordinates_SetGlobalCoords_Group to Coordinates::Coordinates_SetJacobian
INFO (Coordinates): Setting local coordinates: Thornburg04
INFO (Carpet): [0][0][0][0] Leaving local mode
INFO (Carpet): [0][0][0] Entering local mode
INFO (Carpet): [0][0][0][1] Local mode call at Coordinates_SetGlobalCoords_Group to Coordinates::Coordinates_SetJacobian
INFO (Coordinates): Setting local coordinates: Thornburg04
INFO (Carpet): [0][0][0][1] Leaving local mode
INFO (Carpet): [0][0][0] Leaving singlemap mode
INFO (Carpet): [0][0] Entering singlemap mode
INFO (Carpet): [0][0][0] Entering local mode
INFO (Carpet): [0][0][0][0] Local mode call at CCTK_BASEGRID to Interpolate2::Interpolate2Init
INFO (Carpet): [0][0][0][0] Leaving local mode
INFO (Carpet): [0][0][0] Entering local mode
INFO (Carpet): [0][0][0][1] Local mode call at CCTK_BASEGRID to Interpolate2::Interpolate2Init
INFO (Carpet): [0][0][0][1] Leaving local mode
INFO (Carpet): [0][0][0] Leaving singlemap mode
INFO (Carpet): [0][0] Entering singlemap mode
INFO (Carpet): [0][0][0] Entering local mode
INFO (Carpet): [0][0][0][0] Local mode call at Interpolate2Test to Interpolate2::Interpolate2TestInit
INFO (Carpet): [0][0][0][0] Leaving local mode
INFO (Carpet): [0][0][0] Entering local mode
INFO (Carpet): [0][0][0][1] Local mode call at Interpolate2Test to Interpolate2::Interpolate2TestInit
INFO (Carpet): [0][0][0][1] Leaving local mode
INFO (Carpet): [0][0][0] Leaving singlemap mode
INFO (Carpet): [0][0] Level mode call at Interpolate2Test to Interpolate2::Interpolate2TestSelectBCs
INFO (Carpet): [0][0] SyncGroup "INTERPOLATE2::TEST" iteration=0 time=0
INFO (Carpet): [0][0] SyncGroups
INFO (Carpet): [0][0] Entering singlemap mode
INFO (Carpet): [0][0][0] Entering local mode
INFO (Carpet): [0][0][0][0] Local mode call at BoundaryConditions to Boundary::Boundary_ApplyPhysicalBCs
INFO (Carpet): [0][0][0][0] Leaving local mode
INFO (Carpet): [0][0][0] Entering local mode
INFO (Carpet): [0][0][0][1] Local mode call at BoundaryConditions to Boundary::Boundary_ApplyPhysicalBCs
INFO (Carpet): [0][0][0][1] Leaving local mode
INFO (Carpet): [0][0][0] Leaving singlemap mode
INFO (Carpet): [0][0] Entering singlemap mode
INFO (Carpet): [0][0][0] Entering local mode
INFO (Carpet): [0][0][0][0] Local mode call at BoundaryConditions to CartGrid3D::CartGrid3D_ApplyBC
INFO (Carpet): [0][0][0][0] Leaving local mode
INFO (Carpet): [0][0][0] Entering local mode
INFO (Carpet): [0][0][0][1] Local mode call at BoundaryConditions to CartGrid3D::CartGrid3D_ApplyBC
INFO (Carpet): [0][0][0][1] Leaving local mode
INFO (Carpet): [0][0][0] Leaving singlemap mode
INFO (Carpet): [0][0] Level mode call at BoundaryConditions to Interpolate2::Interpolate2ApplyBC
INFO (Interpolate2): Setting up interpolation for level 0
INFO (Carpet): [0][0] Entering singlemap mode
INFO (Carpet): [0][0][0] Entering local mode
INFO (Carpet): [0][0][0][0] Leaving local mode
INFO (Carpet): [0][0][0] Entering local mode
INFO (Carpet): [0][0][0][1] Leaving local mode
INFO (Carpet): [0][0][0] Leaving singlemap mode
INFO (Carpet): [0][0] Entering singlemap mode
INFO (Carpet): [0][0][1] Leaving singlemap mode
INFO (Carpet): [0][0] Entering singlemap mode
INFO (Carpet): [0][0][2] Leaving singlemap mode
INFO (Carpet): [0][0] Entering singlemap mode
INFO (Carpet): [0][0][3] Leaving singlemap mode
INFO (Carpet): [0][0] Entering singlemap mode
INFO (Carpet): [0][0][4] Leaving singlemap mode
INFO (Carpet): [0][0] Entering singlemap mode
INFO (Carpet): [0][0][5] Leaving singlemap mode
INFO (Carpet): [0][0] Entering singlemap mode
INFO (Carpet): [0][0][6] Leaving singlemap mode
INFO (Carpet): [0][0] Entering singlemap mode
INFO (Carpet): [0][0][0] Entering local mode
INFO (Carpet): [0][0][0][0] Leaving local mode
INFO (Carpet): [0][0][0] Entering local mode
INFO (Carpet): [0][0][0][1] Leaving local mode
INFO (Carpet): [0][0][0] Leaving singlemap mode
INFO (Carpet): [0][0] Entering singlemap mode
INFO (Carpet): [0][0][1] Leaving singlemap mode
INFO (Carpet): [0][0] Entering singlemap mode
INFO (Carpet): [0][0][2] Leaving singlemap mode
INFO (Carpet): [0][0] Entering singlemap mode
INFO (Carpet): [0][0][3] Leaving singlemap mode
INFO (Carpet): [0][0] Entering singlemap mode
INFO (Carpet): [0][0][4] Leaving singlemap mode
INFO (Carpet): [0][0] Entering singlemap mode
INFO (Carpet): [0][0][5] Leaving singlemap mode
INFO (Carpet): [0][0] Entering singlemap mode
INFO (Carpet): [0][0][6] Leaving singlemap mode
INFO (Carpet): [0][0] Entering singlemap mode
INFO (Carpet): [0][0][0] Entering local mode
INFO (Carpet): [0][0][0][0] Leaving local mode
INFO (Carpet): [0][0][0] Entering local mode
INFO (Carpet): [0][0][0][1] Leaving local mode
INFO (Carpet): [0][0][0] Leaving singlemap mode
INFO (Carpet): [0][0] Entering singlemap mode
INFO (Carpet): [0][0][1] Leaving singlemap mode
INFO (Carpet): [0][0] Entering singlemap mode
INFO (Carpet): [0][0][2] Leaving singlemap mode
INFO (Carpet): [0][0] Entering singlemap mode
INFO (Carpet): [0][0][3] Leaving singlemap mode
INFO (Carpet): [0][0] Entering singlemap mode
INFO (Carpet): [0][0][4] Leaving singlemap mode
INFO (Carpet): [0][0] Entering singlemap mode
INFO (Carpet): [0][0][5] Leaving singlemap mode
INFO (Carpet): [0][0] Entering singlemap mode
INFO (Carpet): [0][0][6] Leaving singlemap mode
INFO (Carpet): [0][0] Entering singlemap mode
INFO (Carpet): [0][0][0] Entering local mode
INFO (Carpet): [0][0][0][0] Leaving local mode
INFO (Carpet): [0][0][0] Entering local mode
INFO (Carpet): [0][0][0][1] Leaving local mode
INFO (Carpet): [0][0][0] Leaving singlemap mode
INFO (Carpet): [0][0] Entering singlemap mode
INFO (Carpet): [0][0][1] Leaving singlemap mode
INFO (Carpet): [0][0] Entering singlemap mode
INFO (Carpet): [0][0][2] Leaving singlemap mode
INFO (Carpet): [0][0] Entering singlemap mode
INFO (Carpet): [0][0][3] Leaving singlemap mode
INFO (Carpet): [0][0] Entering singlemap mode
INFO (Carpet): [0][0][4] Leaving singlemap mode
INFO (Carpet): [0][0] Entering singlemap mode
INFO (Carpet): [0][0][5] Leaving singlemap mode
INFO (Carpet): [0][0] Entering singlemap mode
INFO (Carpet): [0][0][6] Leaving singlemap mode
INFO (Carpet): [0][0] Level mode call at ApplyBCs to Boundary::Boundary_ClearSelection
INFO (Carpet): [0][0] Entering singlemap mode
INFO (Carpet): [0][0][0] Entering local mode
INFO (Carpet): [0][0][0][0] Local mode call at Interpolate2Test to Interpolate2::Interpolate2TestCheck
INFO (Carpet): [0][0][0][0] Leaving local mode
INFO (Carpet): [0][0][0] Entering local mode
INFO (Carpet): [0][0][0][1] Local mode call at Interpolate2Test to Interpolate2::Interpolate2TestCheck
INFO (Carpet): [0][0][0][1] Leaving local mode
INFO (Carpet): [0][0][0] Leaving singlemap mode
INFO (Carpet): [0][0] Leaving level mode
INFO (Carpet): [0] Global mode call at CCTK_BASEGRID to SphericalSurface::SphericalSurface_Setup
INFO (Carpet): [0] Entering level mode
INFO (Carpet): [0][0] Leaving level mode
INFO (Carpet): [0] Entering level mode
INFO (Carpet): [0][0] Leaving level mode
INFO (Carpet): [0] Global mode call at MaskBase_SetupMaskAll to CarpetReduce::MaskBase_AllocateMask
INFO (Carpet): [0] Entering level mode
INFO (Carpet): [0][0] Leaving level mode
INFO (Carpet): [0] Entering level mode
INFO (Carpet): [0][0] Leaving level mode
INFO (Carpet): [0] Entering level mode
INFO (Carpet): [0][0] Entering singlemap mode
INFO (Carpet): [0][0][0] Entering local mode
INFO (Carpet): [0][0][0][0] Global time local mode call at MaskBase_SetupMaskAll to CarpetReduce::MaskBase_InitMask
INFO (Carpet): [0][0][0][0] Leaving local mode
INFO (Carpet): [0][0][0] Entering local mode
INFO (Carpet): [0][0][0][1] Global time local mode call at MaskBase_SetupMaskAll to CarpetReduce::MaskBase_InitMask
INFO (Carpet): [0][0][0][1] Leaving local mode
INFO (Carpet): [0][0][0] Leaving singlemap mode
INFO (Carpet): [0][0] Leaving level mode
INFO (Carpet): [0] Entering level mode
INFO (Carpet): [0][0] Leaving level mode
INFO (Carpet): [0] Entering level mode
INFO (Carpet): [0][0] Entering singlemap mode
INFO (Carpet): [0][0][0] Entering local mode
INFO (Carpet): [0][0][0][0] Global time local mode call at SetupMask to CarpetMask::CarpetExcludedSetup
INFO (Carpet): [0][0][0][0] Leaving local mode
INFO (Carpet): [0][0][0] Entering local mode
INFO (Carpet): [0][0][0][1] Global time local mode call at SetupMask to CarpetMask::CarpetExcludedSetup
INFO (Carpet): [0][0][0][1] Leaving local mode
INFO (Carpet): [0][0][0] Leaving singlemap mode
INFO (Carpet): [0][0] Leaving level mode
INFO (Carpet): [0] Entering level mode
INFO (Carpet): [0][0] Leaving level mode
INFO (Carpet): [0] Entering level mode
INFO (Carpet): [0][0] Entering singlemap mode
INFO (Carpet): [0][0][0] Entering local mode
INFO (Carpet): [0][0][0][0] Global time local mode call at SetupMask to CarpetMask::CarpetSurfaceSetup
INFO (Carpet): [0][0][0][0] Leaving local mode
INFO (Carpet): [0][0][0] Entering local mode
INFO (Carpet): [0][0][0][1] Global time local mode call at SetupMask to CarpetMask::CarpetSurfaceSetup
INFO (Carpet): [0][0][0][1] Leaving local mode
INFO (Carpet): [0][0][0] Leaving singlemap mode
INFO (Carpet): [0][0] Leaving level mode
INFO (Carpet): [0] Entering level mode
INFO (Carpet): [0][0] Leaving level mode
INFO (Carpet): [0] Entering level mode
INFO (Carpet): [0][0] Entering singlemap mode
INFO (Carpet): [0][0][0] Entering local mode
INFO (Carpet): [0][0][0][0] Global time local mode call at SetupMask to CarpetReduce::CoordBase_SetupMask
INFO (Carpet): [0][0][0][0] Leaving local mode
INFO (Carpet): [0][0][0] Entering local mode
INFO (Carpet): [0][0][0][1] Global time local mode call at SetupMask to CarpetReduce::CoordBase_SetupMask
INFO (Carpet): [0][0][0][1] Leaving local mode
INFO (Carpet): [0][0][0] Leaving singlemap mode
INFO (Carpet): [0][0] Leaving level mode
INFO (Carpet): [0] Entering level mode
INFO (Carpet): [0][0] Leaving level mode
INFO (Carpet): [0] Entering level mode
INFO (Carpet): [0][0] Entering singlemap mode
INFO (Carpet): [0][0][0] Global time singlemap mode call at SetupMask to CarpetReduce::CarpetMaskSetup
INFO (Carpet): [0][0][0] Leaving singlemap mode
INFO (Carpet): [0][0] Entering singlemap mode
INFO (Carpet): [0][0][1] Global time singlemap mode call at SetupMask to CarpetReduce::CarpetMaskSetup
INFO (Carpet): [0][0][1] Leaving singlemap mode
INFO (Carpet): [0][0] Entering singlemap mode
INFO (Carpet): [0][0][2] Global time singlemap mode call at SetupMask to CarpetReduce::CarpetMaskSetup
INFO (Carpet): [0][0][2] Leaving singlemap mode
INFO (Carpet): [0][0] Entering singlemap mode
INFO (Carpet): [0][0][3] Global time singlemap mode call at SetupMask to CarpetReduce::CarpetMaskSetup
INFO (Carpet): [0][0][3] Leaving singlemap mode
INFO (Carpet): [0][0] Entering singlemap mode
INFO (Carpet): [0][0][4] Global time singlemap mode call at SetupMask to CarpetReduce::CarpetMaskSetup
INFO (Carpet): [0][0][4] Leaving singlemap mode
INFO (Carpet): [0][0] Entering singlemap mode
INFO (Carpet): [0][0][5] Global time singlemap mode call at SetupMask to CarpetReduce::CarpetMaskSetup
INFO (Carpet): [0][0][5] Leaving singlemap mode
INFO (Carpet): [0][0] Entering singlemap mode
INFO (Carpet): [0][0][6] Global time singlemap mode call at SetupMask to CarpetReduce::CarpetMaskSetup
INFO (Carpet): [0][0][6] Leaving singlemap mode
INFO (Carpet): [0][0] Leaving level mode
INFO (Carpet): [0] Entering level mode
INFO (Carpet): [0][0] Leaving level mode
INFO (Carpet): [0] Entering level mode
INFO (Carpet): [0][0] Entering singlemap mode
INFO (Carpet): [0][0][0] Entering local mode
INFO (Carpet): [0][0][0][0] Global time local mode call at MaskBase_SetupMaskAll to CarpetReduce::MaskBase_SetMask
INFO (Carpet): [0][0][0][0] Leaving local mode
INFO (Carpet): [0][0][0] Entering local mode
INFO (Carpet): [0][0][0][1] Global time local mode call at MaskBase_SetupMaskAll to CarpetReduce::MaskBase_SetMask
INFO (Carpet): [0][0][0][1] Leaving local mode
INFO (Carpet): [0][0][0] Leaving singlemap mode
INFO (Carpet): [0][0] Leaving level mode
INFO (Carpet): [0] Entering level mode
INFO (Carpet): [0][0] Leaving level mode
INFO (Carpet): [0] Global mode call at MaskBase_SetupMaskAll to CarpetReduce::MaskBase_TestMask
INFO (Carpet): [0] Entering level mode
INFO (Carpet): [0][0] Entering singlemap mode
INFO (Carpet): [0][0][0] Entering local mode
INFO (Carpet): [0][0][0][0] Leaving local mode
INFO (Carpet): [0][0][0] Entering local mode
INFO (Carpet): [0][0][0][1] Leaving local mode
INFO (Carpet): [0][0][0] Leaving singlemap mode
INFO (Carpet): [0][0] Leaving level mode
INFO (CarpetReduce): Simulation domain volume: 1
INFO (CarpetReduce): Reduction weight sum:     3718016
[1mWARNING level 0 in thorn CarpetReduce processor 0 host node024.damiana.admin
  (line 84 of /home/ianhin/Cactus/llama/arrangements/CarpetHG/CarpetReduce/src/mask_test.c): 
  ->[0m Simulation domain volume and reduction weight sum differ
