Simulation name: qc0-new
Running simulation qc0-new
Preparing:
Checking:
/scratch/sciteam/rhaas/simulations/qc0-new/output-0000-active
nid25425
Wed Jan 22 20:02:33 PST 2014
Environment:
Starting:
INFO (Cactus): Increasing logging level from 0 to 3
INFO (Cactus): Increasing logging level from 0 to 3
INFO (Cactus): Increasing logging level from 0 to 3
INFO (Cactus): Increasing logging level from 0 to 3
--------------------------------------------------------------------------------

       10                                  
  1   0101       ************************  
  01  1010 10      The Cactus Code V4.2.3    
 1010 1101 011      www.cactuscode.org     
  1001 100101    ************************  
    00010101                               
     100011     (c) Copyright The Authors  
      0100      GNU Licensed. No Warranty  
      0101                                 
--------------------------------------------------------------------------------

Cactus version:    4.2.3
Compile date:      Jan 22 2014 (19:51:41)
INFO (Cactus): Increasing logging level from 0 to 3
INFO (Cactus): Increasing logging level from 0 to 3
INFO (Cactus): Increasing logging level from 0 to 3
INFO (Cactus): Increasing logging level from 0 to 3
Run date:          Jan 22 2014 (20:02:53-0800)
Run host:          nid07855 (pid=21255)
Working directory: /mnt/c/scratch/sciteam/rhaas/simulations/qc0-new/output-0000
Executable:        /scratch/sciteam/rhaas/simulations/qc0-new/SIMFACTORY/exe/cactus_bns_all
Parameter file:    /scratch/sciteam/rhaas/simulations/qc0-new/output-0000/qc0-mclachlan.par
--------------------------------------------------------------------------------

Activating thorn Cactus...Success -> active implementation Cactus
Activation requested for 
--->IOUtil AEILocalInterp BLAS LAPACK Fortran GSL GenericFD HDF5 LocalInterp LoopControl Slab TGRtensor SummationByParts InitBase Carpet CarpetLib CarpetInterp CarpetReduce CarpetSlab NaNChecker Boundary CartGrid3D CoordBase ReflectionSymmetry RotatingSymmetry180 SymBase SphericalSurface CarpetMask CarpetRegrid2 CarpetTracker MoL Time ADMBase ADMCoupling ADMMacros CoordGauge SpaceMask StaticConformal TmunuBase TwoPunctures ML_BSSN ML_BSSN_Helper NewRad Dissipation ML_ADMConstraints WeylScal4 Multipole AHFinderDirect QuasiLocalMeasures CarpetIOBasic CarpetIOScalar CarpetIOASCII CarpetIOHDF5 Formaline TimerReport <---
Thorn Carpet requests automatic activation of MPI
Thorn Carpet requests automatic activation of Timers
Thorn CarpetLib requests automatic activation of Vectors
Thorn CarpetLib requests automatic activation of CycleClock
Thorn CarpetLib requests automatic activation of hwloc
Thorn HDF5 requests automatic activation of zlib
Activating thorn ADMBase...Success -> active implementation ADMBase
Activating thorn ADMCoupling...Success -> active implementation ADMCoupling
Activating thorn ADMMacros...Success -> active implementation ADMMacros
Activating thorn AEILocalInterp...Success -> active implementation AEILocalInterp
Activating thorn AHFinderDirect...Success -> active implementation AHFinderDirect
Activating thorn BLAS...Success -> active implementation BLAS
Activating thorn Boundary...Success -> active implementation boundary
Activating thorn Carpet...Success -> active implementation Driver
Activating thorn CarpetInterp...Success -> active implementation interp
Activating thorn CarpetIOASCII...Success -> active implementation IOASCII
Activating thorn CarpetIOBasic...Success -> active implementation IOBasic
Activating thorn CarpetIOHDF5...Success -> active implementation IOHDF5
Activating thorn CarpetIOScalar...Success -> active implementation IOScalar
Activating thorn CarpetLib...Success -> active implementation CarpetLib
Activating thorn CarpetMask...Success -> active implementation CarpetMask
Activating thorn CarpetReduce...Success -> active implementation reduce
Activating thorn CarpetRegrid2...Success -> active implementation CarpetRegrid2
Activating thorn CarpetSlab...Success -> active implementation Hyperslab
Activating thorn CarpetTracker...Success -> active implementation CarpetTracker
Activating thorn CartGrid3D...Success -> active implementation grid
Activating thorn CoordBase...Success -> active implementation CoordBase
Activating thorn CoordGauge...Success -> active implementation CoordGauge
Activating thorn CycleClock...Success -> active implementation CycleClock
Activating thorn Dissipation...Success -> active implementation Dissipation
Activating thorn Formaline...Success -> active implementation Formaline
Activating thorn Fortran...Success -> active implementation Fortran
Activating thorn GenericFD...Success -> active implementation GenericFD
Activating thorn GSL...Success -> active implementation GSL
Activating thorn HDF5...Success -> active implementation HDF5
Activating thorn hwloc...Success -> active implementation hwloc
Activating thorn InitBase...Success -> active implementation InitBase
Activating thorn IOUtil...Success -> active implementation IO
Activating thorn LAPACK...Success -> active implementation LAPACK
Activating thorn LocalInterp...Success -> active implementation LocalInterp
Activating thorn LoopControl...Success -> active implementation LoopControl
Activating thorn ML_ADMConstraints...Success -> active implementation ML_ADMConstraints
Activating thorn ML_BSSN...Success -> active implementation ML_BSSN
Activating thorn ML_BSSN_Helper...Success -> active implementation ML_BSSN_Helper
Activating thorn MoL...Success -> active implementation MethodOfLines
Activating thorn MPI...Success -> active implementation MPI
Activating thorn Multipole...Success -> active implementation multipole
Activating thorn NaNChecker...Success -> active implementation NaNChecker
Activating thorn NewRad...Success -> active implementation NewRad
Activating thorn QuasiLocalMeasures...Success -> active implementation QuasiLocalMeasures
Activating thorn ReflectionSymmetry...Success -> active implementation ReflectionSymmetry
Activating thorn RotatingSymmetry180...Success -> active implementation RotatingSymmetry180
Activating thorn Slab...Success -> active implementation Slab
Activating thorn SpaceMask...Success -> active implementation SpaceMask
Activating thorn SphericalSurface...Success -> active implementation SphericalSurface
Activating thorn StaticConformal...Success -> active implementation StaticConformal
Activating thorn SummationByParts...Success -> active implementation SummationByParts
Activating thorn SymBase...Success -> active implementation SymBase
Activating thorn TGRtensor...Success -> active implementation TGRtensor
Activating thorn Time...Success -> active implementation time
Activating thorn TimerReport...Success -> active implementation timerreport
Activating thorn Timers...Success -> active implementation Timers
Activating thorn TmunuBase...Success -> active implementation TmunuBase
Activating thorn TwoPunctures...Success -> active implementation TwoPunctures
Activating thorn Vectors...Success -> active implementation Vectors
Activating thorn WeylScal4...Success -> active implementation WeylScal4
Activating thorn zlib...Success -> active implementation zlib
WARNING level 3 in thorn IOUtil processor 0 host nid07855
  (line 732 of /mnt/a/u/sciteam/rhaas/Zelmani/arrangements/CactusBase/IOUtil/src/CheckpointRecovery.c): 
  -> No HDF5 checkpoint files with basefilename 'checkpoint.chkpt' found in recovery directory 'qc0-mclachlan'
--------------------------------------------------------------------------------
  if (recover initial data)
    Recover parameters
  endif

  Startup routines
    [CCTK_STARTUP]
      Carpet::MultiModel_Startup: Multi-model Startup routine
      CycleClock::CycleClock_Setup: Set up CycleClock
      LoopControl::lc_setup: Set up LoopControl
      ML_BSSN_Helper::ML_BSSN_SetGroupTags: [meta] Set checkpointing and prolongation group tags
      Timers::Timer_Startup: Prepare hierarchical timers
      hwloc::hwloc_system_topology: Output and/or modify system topology and hardware locality
      Carpet::Driver_Startup: Startup routine
      CarpetInterp::CarpetInterpStartup: Startup routine
      CarpetReduce::CarpetReduceStartup: Startup routine
      CartGrid3D::SymmetryStartup: Register GH Extension for GridSymmetry
      CoordBase::CoordBase_Startup: Register a GH extension to store the coordinate system handles
      AEILocalInterp::AEILocalInterp_U_Startup: register CCTK_InterpLocalUniform() interpolation operators
      Formaline::Formaline_PrintIDs: [meta] Print the build and simulation ids
      IOUtil::IOUtil_Startup: Startup routine
      LocalInterp::LocalInterp_Startup: register LocalInterp's interpolation operators
      CarpetIOBasic::CarpetIOBasicStartup: [global] Startup routine
      ML_ADMConstraints::ML_ADMConstraints_Startup: [meta] create banner
      ML_BSSN::ML_BSSN_Startup: [meta] create banner
      ML_BSSN_Helper::ML_BSSN_RegisterSlicing: [meta] Register slicing
      CarpetIOHDF5::CarpetIOHDF5_Startup: Startup routine
      MoL::MoL_Startup: Startup banner
      Slab::Slab_InitMPIDatatypes: Create MPI datatypes for complex variables in C
      SymBase::SymBase_Startup: Register GH Extension for SymBase
      CarpetIOScalar::CarpetIOScalarStartup: [global] Startup routine
      Vectors::Vectors_Startup: Print startup message
      WeylScal4::WeylScal4_Startup: [meta] create banner
      CarpetIOASCII::CarpetIOASCIIStartup: [global] Startup routine

  Startup routines which need an existing grid hierarchy
    [CCTK_WRAGH]
      ADMBase::Einstein_InitSymBound: [global] Set up GF symmetries
      Boundary::Boundary_RegisterBCs: [global] Register boundary conditions that this thorn provides
      CarpetRegrid2::CarpetRegrid2_Initialise: [global] Initialise locations of refined regions
      CartGrid3D::RegisterCartGrid3DCoords: [meta] Register coordinates for the Cartesian grid
      CoordGauge::Einstein_ActivateSlicing: Initialize slicing, setup priorities for mixed slicings
      CoordGauge::Einstein_SetNextSlicing: Identify the slicing for the next iteration
      Formaline::Formaline_OutputSource: Output Cactus source tree
      Formaline::Formaline_RegisterWarnings: [meta] Register to receive warnings and info messages from the flesh
      Formaline::Formaline_AnnounceInitial: [global] Put some meta information about the current run into permanent storage
      MoL::MoL_SetupIndexArrays: Set up the MoL bookkeeping index arrays
      MoL::MoL_SetScheduleStatus: [global] Set the flag so it is ok to register with MoL
      TmunuBase::TmunuBase_SetStressEnergyState: [global] Set the stress_energy_state variable
      GROUP MoL_Register: The group where physics thorns register variables with MoL
        ML_ADMConstraints::ML_ADMConstraints_RegisterVars: [meta] Register Variables for MoL
        ML_BSSN::ML_BSSN_RegisterVars: [meta] Register Variables for MoL
        ML_BSSN_Helper::ML_BSSN_RegisterConstrained: [meta] Register ADMBase variables as constrained
        WeylScal4::WeylScal4_RegisterVars: [meta] Register Variables for MoL
      Slab::Slab_InitTimers: Initialise timers
      GROUP SymBase_Wrapper: Wrapper group for SymBase
        GROUP SymmetryRegister: Register your symmetries here
          CartGrid3D::RegisterSymmetryBoundaries: [meta] Register symmetry boundaries
          ML_ADMConstraints::ML_ADMConstraints_RegisterSymmetries: [meta] register symmetries
          ML_BSSN::ML_BSSN_RegisterSymmetries: [meta] register symmetries
          ReflectionSymmetry::ReflectionSymmetry_Register: Register reflection symmetry boundaries
          RotatingSymmetry180::Rot180_RegisterSymmetry: Register symmetry boundaries
          WeylScal4::WeylScal4_RegisterSymmetries: [meta] register symmetries
        SymBase::SymBase_Statistics: Print symmetry boundary face descriptions
      MoL::MoL_ReportNumberVariables: [meta] Report how many of each type of variable there are
  Parameter checking routines
    [CCTK_PARAMCHECK]
      ADMBase::ADMBase_ParamCheck: [global] Check consistency of parameters
      Boundary::Boundary_Check: Check dimension of grid variables
      Carpet::CarpetParamCheck: Parameter checking routine
      CarpetLib::CarpetLib_test_prolongate_3d_rf2: [global] Test prolongation operators
      CarpetMask::CarpetSurfaceParamCheck: [global] Check parameters
      CarpetRegrid2::CarpetRegrid2_ParamCheck: Check parameters
      CartGrid3D::ParamCheck_CartGrid3D: Check coordinates for CartGrid3D
      Dissipation::dissipation_paramcheck: Check dissipation parameters for consistency
      Fortran::CheckFortranParameters: Test whether Fortran parameters work correctly
      MoL::MoL_ParamCheck: Basic parameter checking
      Multipole::Multipole_ParamCheck: [global] Check Multipole parameters
      QuasiLocalMeasures::qlm_paramcheck: [global] Check quasi-local parameter settings
      RotatingSymmetry180::Rot180_CheckTensorTypes: Check tensor type definitions for consistency
      TwoPunctures::TwoPunctures_ParamCheck: Check parameters and thorn needs
      Vectors::Vectors_Test: Run correctness tests.

  Initialisation
    if (NOT (recover initial data AND recovery_mode is 'strict'))
      [CCTK_PREREGRIDINITIAL]
      Set up grid hierarchy
      [CCTK_POSTREGRIDINITIAL]
        AHFinderDirect::AHFinderDirect_maybe_do_masks: [global] [loop-local] set mask(s) based on apparent horizon position(s)
        CartGrid3D::SpatialCoordinates: Set Coordinates after regridding
        GROUP MaskBase_SetupMask: Set up the weight function
          GROUP MaskBase_SetupMaskAll: Set up the weight function
            CarpetReduce::MaskBase_AllocateMask: [global] Allocate the weight function
            CarpetReduce::MaskBase_InitMask: [global] [loop-local] Initialise the weight function
            GROUP SetupIMaskInternal: Set up the integer weight function (schedule other routines in here)
              CarpetReduce::CoordBase_SetupMask: [global] [loop-local] Set up the outer boundaries of the weight function
              CarpetReduce::CarpetMaskSetup: [global] [loop-singlemap] Set up the weight function for the restriction regions
            GROUP SetupIMask: Set up the integer weight function (schedule other routines in here)
              CarpetMask::CarpetExcludedSetup: [global] [loop-local] Set up the weight function for the excluded regions
              CarpetMask::CarpetSurfaceSetup: [global] [loop-local] Set up the weight function for the excluded spherical surfaces
            CarpetReduce::MaskBase_SetMask: [global] [loop-local] Set the weight function
            GROUP SetupMask: Set up the real weight function (schedule other routines in here)
            CarpetReduce::MaskBase_TestMask: [global] Test the weight function
        Dissipation::setup_epsdis: Setup spatially varying dissipation
        GROUP MoL_PseudoEvolutionBoundaries: Apply boundary conditions to pseudo-evolved quantities
          GROUP ML_ADMConstraints_bc_group: ML_ADMConstraints
            ML_ADMConstraints::ML_ADMConstraints_SelectBCs: [level] ML_ADMConstraints_SelectBCs
            GROUP ML_ADMConstraints_ApplyBCs: Apply BCs for groups set in ML_ADMConstraints
              GROUP BoundaryConditions: Execute all boundary conditions
                Boundary::Boundary_ApplyPhysicalBCs: Apply all requested local physical boundary conditions
                CartGrid3D::CartGrid3D_ApplyBC: Apply symmetry boundary conditions
                ReflectionSymmetry::ReflectionSymmetry_Apply: Apply reflection symmetries
                RotatingSymmetry180::Rot180_ComputeLevelExtent: [level] Compute extent of level
                RotatingSymmetry180::Rot180_ApplyBC: Apply 180 degree rotational symmetry boundary condition
              Boundary::Boundary_ClearSelection: [level] Unselect all grid variables for boundary conditions
          GROUP ML_BSSN_constraints1_bc_group: ML_BSSN_constraints1
            ML_BSSN::ML_BSSN_constraints1_SelectBCs: [level] ML_BSSN_constraints1_SelectBCs
            GROUP ML_BSSN_constraints1_ApplyBCs: Apply BCs for groups set in ML_BSSN_constraints1
              GROUP BoundaryConditions: Execute all boundary conditions
                Boundary::Boundary_ApplyPhysicalBCs: Apply all requested local physical boundary conditions
                CartGrid3D::CartGrid3D_ApplyBC: Apply symmetry boundary conditions
                ReflectionSymmetry::ReflectionSymmetry_Apply: Apply reflection symmetries
                RotatingSymmetry180::Rot180_ComputeLevelExtent: [level] Compute extent of level
                RotatingSymmetry180::Rot180_ApplyBC: Apply 180 degree rotational symmetry boundary condition
              Boundary::Boundary_ClearSelection: [level] Unselect all grid variables for boundary conditions
          GROUP ML_BSSN_constraints2_bc_group: ML_BSSN_constraints2
            ML_BSSN::ML_BSSN_constraints2_SelectBCs: [level] ML_BSSN_constraints2_SelectBCs
            GROUP ML_BSSN_constraints2_ApplyBCs: Apply BCs for groups set in ML_BSSN_constraints2
              GROUP BoundaryConditions: Execute all boundary conditions
                Boundary::Boundary_ApplyPhysicalBCs: Apply all requested local physical boundary conditions
                CartGrid3D::CartGrid3D_ApplyBC: Apply symmetry boundary conditions
                ReflectionSymmetry::ReflectionSymmetry_Apply: Apply reflection symmetries
                RotatingSymmetry180::Rot180_ComputeLevelExtent: [level] Compute extent of level
                RotatingSymmetry180::Rot180_ApplyBC: Apply 180 degree rotational symmetry boundary condition
              Boundary::Boundary_ClearSelection: [level] Unselect all grid variables for boundary conditions
          GROUP WeylScal4_psi4_calc_4th_bc_group: WeylScal4_psi4_calc_4th
            WeylScal4::WeylScal4_psi4_calc_4th_SelectBCs: [level] WeylScal4_psi4_calc_4th_SelectBCs
            GROUP WeylScal4_psi4_calc_4th_ApplyBCs: Apply BCs for groups set in WeylScal4_psi4_calc_4th
              GROUP BoundaryConditions: Execute all boundary conditions
                Boundary::Boundary_ApplyPhysicalBCs: Apply all requested local physical boundary conditions
                CartGrid3D::CartGrid3D_ApplyBC: Apply symmetry boundary conditions
                ReflectionSymmetry::ReflectionSymmetry_Apply: Apply reflection symmetries
                RotatingSymmetry180::Rot180_ComputeLevelExtent: [level] Compute extent of level
                RotatingSymmetry180::Rot180_ApplyBC: Apply 180 degree rotational symmetry boundary condition
              Boundary::Boundary_ClearSelection: [level] Unselect all grid variables for boundary conditions
      [CCTK_BASEGRID]
        ADMBase::ADMBase_SetShiftStateOn: Set the shift_state variable to 1
        ADMBase::ADMBase_SetDtLapseStateOn: Set the dtlapse_state variable to 1
        ADMBase::ADMBase_SetDtShiftStateOn: Set the dtshift_state variable to 1
        ADMMacros::ADMMacros_SetLocalSpatialOrder: Initialize the local_spatial_order
        CartGrid3D::SpatialSpacings: Set up ranges for spatial 3D Cartesian coordinates (on all grids)
        CartGrid3D::SpatialCoordinates: Set up spatial 3D Cartesian coordinates on the GH
        SphericalSurface::SphericalSurface_SetupRes: [global] [loop-local] Set surface resolution automatically
        AHFinderDirect::AHFinderDirect_setup: [global] setup data structures
        Dissipation::dissipation_basegrid: Ensure that there are enough ghost zones
        ML_ADMConstraints::ML_ADMConstraints_CheckBoundaries: [meta] check boundaries treatment
        ML_BSSN::ML_BSSN_CheckBoundaries: [meta] check boundaries treatment
        NaNChecker::NaNChecker_ResetCounter: [global] Reset the NaNChecker::NaNsFound counter
        SphericalSurface::SphericalSurface_Setup: [global] Calculate surface coordinate descriptors
        GROUP MaskBase_SetupMask: Set up the weight function
          GROUP MaskBase_SetupMaskAll: Set up the weight function
            CarpetReduce::MaskBase_AllocateMask: [global] Allocate the weight function
            CarpetReduce::MaskBase_InitMask: [global] [loop-local] Initialise the weight function
            GROUP SetupIMaskInternal: Set up the integer weight function (schedule other routines in here)
              CarpetReduce::CoordBase_SetupMask: [global] [loop-local] Set up the outer boundaries of the weight function
              CarpetReduce::CarpetMaskSetup: [global] [loop-singlemap] Set up the weight function for the restriction regions
            GROUP SetupIMask: Set up the integer weight function (schedule other routines in here)
              CarpetMask::CarpetExcludedSetup: [global] [loop-local] Set up the weight function for the excluded regions
              CarpetMask::CarpetSurfaceSetup: [global] [loop-local] Set up the weight function for the excluded spherical surfaces
            CarpetReduce::MaskBase_SetMask: [global] [loop-local] Set the weight function
            GROUP SetupMask: Set up the real weight function (schedule other routines in here)
            CarpetReduce::MaskBase_TestMask: [global] Test the weight function
        SphericalSurface::SphericalSurface_Set: [global] Set surface radii to be used for initial setup in other thorns
        GROUP SphericalSurface_HasBeenSet: Set the spherical surfaces before this group, and use it afterwards
          SphericalSurface::SphericalSurface_CheckState: [global] Test the state of the spherical surfaces
        SummationByParts::SBP_SetNormMask: Setup the mask for the calculation of the norm
        SymBase::SymBase_Check: Check whether the driver set up the grid consistently
        Time::Time_Initialise: [global] Initialise Time variables
        Time::TemporalSpacings: [singlemap] Set timestep based on Courant condition (courant_static)
        WeylScal4::WeylScal4_CheckBoundaries: [meta] check boundaries treatment
      [CCTK_INITIAL]
        StaticConformal::StaticConformal_InitialiseState: Set the conformal_state variable to 0
        GROUP ADMBase_InitialData: Schedule group for calculating ADM initial data
          GROUP TwoPunctures_Group: TwoPunctures initial data group
            TwoPunctures::TwoPunctures: Create puncture black hole initial data
            TwoPunctures::TwoPunctures_Metadata: [global] Output TwoPunctures metadata
        GROUP ADMBase_InitialGauge: Schedule group for the ADM initial gauge condition
          ADMBase::ADMBase_ShiftZero: Set the shift to 0 at all points
          ADMBase::ADMBase_DtLapseZero: Set the dtlapse to 0 at all points
          ADMBase::ADMBase_DtShiftZero: Set the dtshift to 0 at all points
        CarpetIOASCII::CarpetIOASCIIInit: [global] Initialisation routine
        CarpetIOBasic::CarpetIOBasicInit: [global] Initialisation routine
        CarpetIOHDF5::CarpetIOHDF5_Init: [global] Initialisation routine
        CarpetIOScalar::CarpetIOScalarInit: [global] Initialisation routine
        GROUP ADMBase_PostInitial: Schedule group for modifying the ADM initial data, such as e.g. adding noise
        ML_BSSN::ML_BSSN_InitGamma: ML_BSSN_InitGamma
        ML_BSSN::ML_BSSN_convertFromADMBase: ML_BSSN_convertFromADMBase
        ML_BSSN::ML_BSSN_convertFromADMBaseGamma: ML_BSSN_convertFromADMBaseGamma
        MoL::MoL_StartLoop: [level] Initialise the step size control
        QuasiLocalMeasures::qlm_init: [global] Initialise quasi-local calculations
        ML_BSSN_Helper::ML_BSSN_ExtrapolateGammas: Extrapolate Gammas and time derivatives of lapse and shift
      [CCTK_POSTINITIAL]
        CarpetIOHDF5::CarpetIOHDF5_CloseFiles: [global] Close all filereader input files
        GROUP MoL_PostStepModify: The group for physics thorns to schedule enforcing constraints
          ML_BSSN::ML_BSSN_enforce: ML_BSSN_enforce
        GROUP MoL_PostStep: Ensure that everything is correct after the initial data have been set up
          ML_BSSN::ML_BSSN_SelectBoundConds: [level] select boundary conditions
          ML_ADMConstraints::ML_ADMConstraints_SelectBoundConds: [level] select boundary conditions
          GROUP ML_ADMConstraints_ApplyBCs: Apply boundary conditions controlled by thorn Boundary
            GROUP BoundaryConditions: Execute all boundary conditions
              Boundary::Boundary_ApplyPhysicalBCs: Apply all requested local physical boundary conditions
              CartGrid3D::CartGrid3D_ApplyBC: Apply symmetry boundary conditions
              ReflectionSymmetry::ReflectionSymmetry_Apply: Apply reflection symmetries
              RotatingSymmetry180::Rot180_ComputeLevelExtent: [level] Compute extent of level
              RotatingSymmetry180::Rot180_ApplyBC: Apply 180 degree rotational symmetry boundary condition
            Boundary::Boundary_ClearSelection: [level] Unselect all grid variables for boundary conditions
          GROUP ML_BSSN_ApplyBCs: Apply boundary conditions controlled by thorn Boundary
            GROUP BoundaryConditions: Execute all boundary conditions
              Boundary::Boundary_ApplyPhysicalBCs: Apply all requested local physical boundary conditions
              CartGrid3D::CartGrid3D_ApplyBC: Apply symmetry boundary conditions
              ReflectionSymmetry::ReflectionSymmetry_Apply: Apply reflection symmetries
              RotatingSymmetry180::Rot180_ComputeLevelExtent: [level] Compute extent of level
              RotatingSymmetry180::Rot180_ApplyBC: Apply 180 degree rotational symmetry boundary condition
            Boundary::Boundary_ClearSelection: [level] Unselect all grid variables for boundary conditions
          GROUP ML_BSSN_convertToADMBaseGroupWrapper: Calculate ADM variables
            GROUP ML_BSSN_convertToADMBaseGroup: Calculate ADM variables
              ML_BSSN::ML_BSSN_convertToADMBase: ML_BSSN_convertToADMBase
              ML_BSSN::ML_BSSN_convertToADMBaseDtLapseShift: ML_BSSN_convertToADMBaseDtLapseShift
              ML_BSSN::ML_BSSN_convertToADMBaseDtLapseShiftBoundary: ML_BSSN_convertToADMBaseDtLapseShiftBoundary
            ML_BSSN_Helper::ML_BSSN_SelectBCsADMBase: [level] Select boundary conditions for ADMBase variables
            GROUP ML_BSSN_ApplyBCsADMBase: Apply boundary conditions to ADMBase variables
              GROUP BoundaryConditions: Execute all boundary conditions
                Boundary::Boundary_ApplyPhysicalBCs: Apply all requested local physical boundary conditions
                CartGrid3D::CartGrid3D_ApplyBC: Apply symmetry boundary conditions
                ReflectionSymmetry::ReflectionSymmetry_Apply: Apply reflection symmetries
                RotatingSymmetry180::Rot180_ComputeLevelExtent: [level] Compute extent of level
                RotatingSymmetry180::Rot180_ApplyBC: Apply 180 degree rotational symmetry boundary condition
              Boundary::Boundary_ClearSelection: [level] Unselect all grid variables for boundary conditions
          GROUP ADMBase_SetADMVars: Set the ADM variables before this group, and use them afterwards
          WeylScal4::WeylScal4_SelectBoundConds: [level] select boundary conditions
          GROUP WeylScal4_ApplyBCs: Apply boundary conditions controlled by thorn Boundary
            GROUP BoundaryConditions: Execute all boundary conditions
              Boundary::Boundary_ApplyPhysicalBCs: Apply all requested local physical boundary conditions
              CartGrid3D::CartGrid3D_ApplyBC: Apply symmetry boundary conditions
              ReflectionSymmetry::ReflectionSymmetry_Apply: Apply reflection symmetries
              RotatingSymmetry180::Rot180_ComputeLevelExtent: [level] Compute extent of level
              RotatingSymmetry180::Rot180_ApplyBC: Apply 180 degree rotational symmetry boundary condition
            Boundary::Boundary_ClearSelection: [level] Unselect all grid variables for boundary conditions
        GROUP MoL_PseudoEvolution: Calculate pseudo-evolved quantities
          GROUP ADMBase_SetADMVars: Set the ADM variables before this group, and use them afterwards
          GROUP ML_ADMConstraints_group: ML_ADMConstraints
            ML_ADMConstraints::ML_ADMConstraints: ML_ADMConstraints
            GROUP ML_ADMConstraints_bc_group: ML_ADMConstraints
              ML_ADMConstraints::ML_ADMConstraints_SelectBCs: [level] ML_ADMConstraints_SelectBCs
              GROUP ML_ADMConstraints_ApplyBCs: Apply BCs for groups set in ML_ADMConstraints
                GROUP BoundaryConditions: Execute all boundary conditions
                  Boundary::Boundary_ApplyPhysicalBCs: Apply all requested local physical boundary conditions
                  CartGrid3D::CartGrid3D_ApplyBC: Apply symmetry boundary conditions
                  ReflectionSymmetry::ReflectionSymmetry_Apply: Apply reflection symmetries
                  RotatingSymmetry180::Rot180_ComputeLevelExtent: [level] Compute extent of level
                  RotatingSymmetry180::Rot180_ApplyBC: Apply 180 degree rotational symmetry boundary condition
                Boundary::Boundary_ClearSelection: [level] Unselect all grid variables for boundary conditions
          GROUP ML_BSSN_constraints1_group: ML_BSSN_constraints1
            ML_BSSN::ML_BSSN_constraints1: ML_BSSN_constraints1
            GROUP ML_BSSN_constraints1_bc_group: ML_BSSN_constraints1
              ML_BSSN::ML_BSSN_constraints1_SelectBCs: [level] ML_BSSN_constraints1_SelectBCs
              GROUP ML_BSSN_constraints1_ApplyBCs: Apply BCs for groups set in ML_BSSN_constraints1
                GROUP BoundaryConditions: Execute all boundary conditions
                  Boundary::Boundary_ApplyPhysicalBCs: Apply all requested local physical boundary conditions
                  CartGrid3D::CartGrid3D_ApplyBC: Apply symmetry boundary conditions
                  ReflectionSymmetry::ReflectionSymmetry_Apply: Apply reflection symmetries
                  RotatingSymmetry180::Rot180_ComputeLevelExtent: [level] Compute extent of level
                  RotatingSymmetry180::Rot180_ApplyBC: Apply 180 degree rotational symmetry boundary condition
                Boundary::Boundary_ClearSelection: [level] Unselect all grid variables for boundary conditions
          GROUP ML_BSSN_constraints2_group: ML_BSSN_constraints2
            ML_BSSN::ML_BSSN_constraints2: ML_BSSN_constraints2
            GROUP ML_BSSN_constraints2_bc_group: ML_BSSN_constraints2
              ML_BSSN::ML_BSSN_constraints2_SelectBCs: [level] ML_BSSN_constraints2_SelectBCs
              GROUP ML_BSSN_constraints2_ApplyBCs: Apply BCs for groups set in ML_BSSN_constraints2
                GROUP BoundaryConditions: Execute all boundary conditions
                  Boundary::Boundary_ApplyPhysicalBCs: Apply all requested local physical boundary conditions
                  CartGrid3D::CartGrid3D_ApplyBC: Apply symmetry boundary conditions
                  ReflectionSymmetry::ReflectionSymmetry_Apply: Apply reflection symmetries
                  RotatingSymmetry180::Rot180_ComputeLevelExtent: [level] Compute extent of level
                  RotatingSymmetry180::Rot180_ApplyBC: Apply 180 degree rotational symmetry boundary condition
                Boundary::Boundary_ClearSelection: [level] Unselect all grid variables for boundary conditions
          GROUP WeylScal4_psi4_calc_4th_group: WeylScal4_psi4_calc_4th
            WeylScal4::WeylScal4_psi4_calc_4th: WeylScal4_psi4_calc_4th
            GROUP WeylScal4_psi4_calc_4th_bc_group: WeylScal4_psi4_calc_4th
              WeylScal4::WeylScal4_psi4_calc_4th_SelectBCs: [level] WeylScal4_psi4_calc_4th_SelectBCs
              GROUP WeylScal4_psi4_calc_4th_ApplyBCs: Apply BCs for groups set in WeylScal4_psi4_calc_4th
                GROUP BoundaryConditions: Execute all boundary conditions
                  Boundary::Boundary_ApplyPhysicalBCs: Apply all requested local physical boundary conditions
                  CartGrid3D::CartGrid3D_ApplyBC: Apply symmetry boundary conditions
                  ReflectionSymmetry::ReflectionSymmetry_Apply: Apply reflection symmetries
                  RotatingSymmetry180::Rot180_ComputeLevelExtent: [level] Compute extent of level
                  RotatingSymmetry180::Rot180_ApplyBC: Apply 180 degree rotational symmetry boundary condition
                Boundary::Boundary_ClearSelection: [level] Unselect all grid variables for boundary conditions
        SummationByParts::SBP_CheckGridSizes: Check grid sizes and ghost zones
      Initialise finer grids recursively
      Restrict from finer grids
      [CCTK_POSTRESTRICTINITIAL]
        GROUP MoL_PostStep: Ensure that everything is correct after restriction
          ML_BSSN::ML_BSSN_SelectBoundConds: [level] select boundary conditions
          ML_ADMConstraints::ML_ADMConstraints_SelectBoundConds: [level] select boundary conditions
          GROUP ML_ADMConstraints_ApplyBCs: Apply boundary conditions controlled by thorn Boundary
            GROUP BoundaryConditions: Execute all boundary conditions
              Boundary::Boundary_ApplyPhysicalBCs: Apply all requested local physical boundary conditions
              CartGrid3D::CartGrid3D_ApplyBC: Apply symmetry boundary conditions
              ReflectionSymmetry::ReflectionSymmetry_Apply: Apply reflection symmetries
              RotatingSymmetry180::Rot180_ComputeLevelExtent: [level] Compute extent of level
              RotatingSymmetry180::Rot180_ApplyBC: Apply 180 degree rotational symmetry boundary condition
            Boundary::Boundary_ClearSelection: [level] Unselect all grid variables for boundary conditions
          GROUP ML_BSSN_ApplyBCs: Apply boundary conditions controlled by thorn Boundary
            GROUP BoundaryConditions: Execute all boundary conditions
              Boundary::Boundary_ApplyPhysicalBCs: Apply all requested local physical boundary conditions
              CartGrid3D::CartGrid3D_ApplyBC: Apply symmetry boundary conditions
              ReflectionSymmetry::ReflectionSymmetry_Apply: Apply reflection symmetries
              RotatingSymmetry180::Rot180_ComputeLevelExtent: [level] Compute extent of level
              RotatingSymmetry180::Rot180_ApplyBC: Apply 180 degree rotational symmetry boundary condition
            Boundary::Boundary_ClearSelection: [level] Unselect all grid variables for boundary conditions
          GROUP ML_BSSN_convertToADMBaseGroupWrapper: Calculate ADM variables
            GROUP ML_BSSN_convertToADMBaseGroup: Calculate ADM variables
              ML_BSSN::ML_BSSN_convertToADMBase: ML_BSSN_convertToADMBase
              ML_BSSN::ML_BSSN_convertToADMBaseDtLapseShift: ML_BSSN_convertToADMBaseDtLapseShift
              ML_BSSN::ML_BSSN_convertToADMBaseDtLapseShiftBoundary: ML_BSSN_convertToADMBaseDtLapseShiftBoundary
            ML_BSSN_Helper::ML_BSSN_SelectBCsADMBase: [level] Select boundary conditions for ADMBase variables
            GROUP ML_BSSN_ApplyBCsADMBase: Apply boundary conditions to ADMBase variables
              GROUP BoundaryConditions: Execute all boundary conditions
                Boundary::Boundary_ApplyPhysicalBCs: Apply all requested local physical boundary conditions
                CartGrid3D::CartGrid3D_ApplyBC: Apply symmetry boundary conditions
                ReflectionSymmetry::ReflectionSymmetry_Apply: Apply reflection symmetries
                RotatingSymmetry180::Rot180_ComputeLevelExtent: [level] Compute extent of level
                RotatingSymmetry180::Rot180_ApplyBC: Apply 180 degree rotational symmetry boundary condition
              Boundary::Boundary_ClearSelection: [level] Unselect all grid variables for boundary conditions
          GROUP ADMBase_SetADMVars: Set the ADM variables before this group, and use them afterwards
          WeylScal4::WeylScal4_SelectBoundConds: [level] select boundary conditions
          GROUP WeylScal4_ApplyBCs: Apply boundary conditions controlled by thorn Boundary
            GROUP BoundaryConditions: Execute all boundary conditions
              Boundary::Boundary_ApplyPhysicalBCs: Apply all requested local physical boundary conditions
              CartGrid3D::CartGrid3D_ApplyBC: Apply symmetry boundary conditions
              ReflectionSymmetry::ReflectionSymmetry_Apply: Apply reflection symmetries
              RotatingSymmetry180::Rot180_ComputeLevelExtent: [level] Compute extent of level
              RotatingSymmetry180::Rot180_ApplyBC: Apply 180 degree rotational symmetry boundary condition
            Boundary::Boundary_ClearSelection: [level] Unselect all grid variables for boundary conditions
        GROUP MoL_PseudoEvolutionBoundaries: Apply boundary conditions to pseudo-evolved quantities
          GROUP ML_ADMConstraints_bc_group: ML_ADMConstraints
            ML_ADMConstraints::ML_ADMConstraints_SelectBCs: [level] ML_ADMConstraints_SelectBCs
            GROUP ML_ADMConstraints_ApplyBCs: Apply BCs for groups set in ML_ADMConstraints
              GROUP BoundaryConditions: Execute all boundary conditions
                Boundary::Boundary_ApplyPhysicalBCs: Apply all requested local physical boundary conditions
                CartGrid3D::CartGrid3D_ApplyBC: Apply symmetry boundary conditions
                ReflectionSymmetry::ReflectionSymmetry_Apply: Apply reflection symmetries
                RotatingSymmetry180::Rot180_ComputeLevelExtent: [level] Compute extent of level
                RotatingSymmetry180::Rot180_ApplyBC: Apply 180 degree rotational symmetry boundary condition
              Boundary::Boundary_ClearSelection: [level] Unselect all grid variables for boundary conditions
          GROUP ML_BSSN_constraints1_bc_group: ML_BSSN_constraints1
            ML_BSSN::ML_BSSN_constraints1_SelectBCs: [level] ML_BSSN_constraints1_SelectBCs
            GROUP ML_BSSN_constraints1_ApplyBCs: Apply BCs for groups set in ML_BSSN_constraints1
              GROUP BoundaryConditions: Execute all boundary conditions
                Boundary::Boundary_ApplyPhysicalBCs: Apply all requested local physical boundary conditions
                CartGrid3D::CartGrid3D_ApplyBC: Apply symmetry boundary conditions
                ReflectionSymmetry::ReflectionSymmetry_Apply: Apply reflection symmetries
                RotatingSymmetry180::Rot180_ComputeLevelExtent: [level] Compute extent of level
                RotatingSymmetry180::Rot180_ApplyBC: Apply 180 degree rotational symmetry boundary condition
              Boundary::Boundary_ClearSelection: [level] Unselect all grid variables for boundary conditions
          GROUP ML_BSSN_constraints2_bc_group: ML_BSSN_constraints2
            ML_BSSN::ML_BSSN_constraints2_SelectBCs: [level] ML_BSSN_constraints2_SelectBCs
            GROUP ML_BSSN_constraints2_ApplyBCs: Apply BCs for groups set in ML_BSSN_constraints2
              GROUP BoundaryConditions: Execute all boundary conditions
                Boundary::Boundary_ApplyPhysicalBCs: Apply all requested local physical boundary conditions
                CartGrid3D::CartGrid3D_ApplyBC: Apply symmetry boundary conditions
                ReflectionSymmetry::ReflectionSymmetry_Apply: Apply reflection symmetries
                RotatingSymmetry180::Rot180_ComputeLevelExtent: [level] Compute extent of level
                RotatingSymmetry180::Rot180_ApplyBC: Apply 180 degree rotational symmetry boundary condition
              Boundary::Boundary_ClearSelection: [level] Unselect all grid variables for boundary conditions
          GROUP WeylScal4_psi4_calc_4th_bc_group: WeylScal4_psi4_calc_4th
            WeylScal4::WeylScal4_psi4_calc_4th_SelectBCs: [level] WeylScal4_psi4_calc_4th_SelectBCs
            GROUP WeylScal4_psi4_calc_4th_ApplyBCs: Apply BCs for groups set in WeylScal4_psi4_calc_4th
              GROUP BoundaryConditions: Execute all boundary conditions
                Boundary::Boundary_ApplyPhysicalBCs: Apply all requested local physical boundary conditions
                CartGrid3D::CartGrid3D_ApplyBC: Apply symmetry boundary conditions
                ReflectionSymmetry::ReflectionSymmetry_Apply: Apply reflection symmetries
                RotatingSymmetry180::Rot180_ComputeLevelExtent: [level] Compute extent of level
                RotatingSymmetry180::Rot180_ApplyBC: Apply 180 degree rotational symmetry boundary condition
              Boundary::Boundary_ClearSelection: [level] Unselect all grid variables for boundary conditions
      [CCTK_POSTPOSTINITIAL]
      [CCTK_POSTSTEP]
        AHFinderDirect::AHFinderDirect_import_mask: [global] [loop-local] import the excision mask
        AHFinderDirect::AHFinderDirect_find_horizons: [global] find apparent horizon(s) after this time step
        AHFinderDirect::AHFinderDirect_store: [global] store apparent horizon(s) into spherical surface(s)
        AHFinderDirect::AHFinderDirect_save: [global] save apparent horizon(s) into Cactus variables
        AHFinderDirect::AHFinderDirect_maybe_do_masks: [global] [loop-local] set mask(s) based on apparent horizon position(s)
        SphericalSurface::SphericalSurface_Set: [global] Set surface radii
        GROUP SphericalSurface_HasBeenSet: Set the spherical surfaces before this group, and use it afterwards
          SphericalSurface::SphericalSurface_CheckState: [global] Test the state of the spherical surfaces
        GROUP zzz_NaNChecker_NaNCheck: Check for NaNs and count them in NaNChecker::NaNsFound
          NaNChecker::NaNChecker_NaNCheck_Prepare: [level] Prepare data structures to check for NaNs
          NaNChecker::NaNChecker_NaNCheck_Check: [local] Check for NaNs
          NaNChecker::NaNChecker_NaNCheck_Finish: [level] Count NaNs in NaNChecker::NaNsFound
        NaNChecker::NaNChecker_TakeAction: [global] [loop-level] Output NaNChecker::NaNmask and take action according to NaNChecker::action_if_found
        Dissipation::setup_epsdis: Setup spatially varying dissipation
        GROUP MaskBase_SetupMask: Set up the weight function
          GROUP MaskBase_SetupMaskAll: Set up the weight function
            CarpetReduce::MaskBase_AllocateMask: [global] Allocate the weight function
            CarpetReduce::MaskBase_InitMask: [global] [loop-local] Initialise the weight function
            GROUP SetupIMaskInternal: Set up the integer weight function (schedule other routines in here)
              CarpetReduce::CoordBase_SetupMask: [global] [loop-local] Set up the outer boundaries of the weight function
              CarpetReduce::CarpetMaskSetup: [global] [loop-singlemap] Set up the weight function for the restriction regions
            GROUP SetupIMask: Set up the integer weight function (schedule other routines in here)
              CarpetMask::CarpetExcludedSetup: [global] [loop-local] Set up the weight function for the excluded regions
              CarpetMask::CarpetSurfaceSetup: [global] [loop-local] Set up the weight function for the excluded spherical surfaces
            CarpetReduce::MaskBase_SetMask: [global] [loop-local] Set the weight function
            GROUP SetupMask: Set up the real weight function (schedule other routines in here)
            CarpetReduce::MaskBase_TestMask: [global] Test the weight function
    endif
    if (recover initial data)
      [CCTK_BASEGRID]
        ADMBase::ADMBase_SetShiftStateOn: Set the shift_state variable to 1
        ADMBase::ADMBase_SetDtLapseStateOn: Set the dtlapse_state variable to 1
        ADMBase::ADMBase_SetDtShiftStateOn: Set the dtshift_state variable to 1
        ADMMacros::ADMMacros_SetLocalSpatialOrder: Initialize the local_spatial_order
        CartGrid3D::SpatialSpacings: Set up ranges for spatial 3D Cartesian coordinates (on all grids)
        CartGrid3D::SpatialCoordinates: Set up spatial 3D Cartesian coordinates on the GH
        SphericalSurface::SphericalSurface_SetupRes: [global] [loop-local] Set surface resolution automatically
        AHFinderDirect::AHFinderDirect_setup: [global] setup data structures
        Dissipation::dissipation_basegrid: Ensure that there are enough ghost zones
        ML_ADMConstraints::ML_ADMConstraints_CheckBoundaries: [meta] check boundaries treatment
        ML_BSSN::ML_BSSN_CheckBoundaries: [meta] check boundaries treatment
        NaNChecker::NaNChecker_ResetCounter: [global] Reset the NaNChecker::NaNsFound counter
        SphericalSurface::SphericalSurface_Setup: [global] Calculate surface coordinate descriptors
        GROUP MaskBase_SetupMask: Set up the weight function
          GROUP MaskBase_SetupMaskAll: Set up the weight function
            CarpetReduce::MaskBase_AllocateMask: [global] Allocate the weight function
            CarpetReduce::MaskBase_InitMask: [global] [loop-local] Initialise the weight function
            GROUP SetupIMaskInternal: Set up the integer weight function (schedule other routines in here)
              CarpetReduce::CoordBase_SetupMask: [global] [loop-local] Set up the outer boundaries of the weight function
              CarpetReduce::CarpetMaskSetup: [global] [loop-singlemap] Set up the weight function for the restriction regions
            GROUP SetupIMask: Set up the integer weight function (schedule other routines in here)
              CarpetMask::CarpetExcludedSetup: [global] [loop-local] Set up the weight function for the excluded regions
              CarpetMask::CarpetSurfaceSetup: [global] [loop-local] Set up the weight function for the excluded spherical surfaces
            CarpetReduce::MaskBase_SetMask: [global] [loop-local] Set the weight function
            GROUP SetupMask: Set up the real weight function (schedule other routines in here)
            CarpetReduce::MaskBase_TestMask: [global] Test the weight function
        SphericalSurface::SphericalSurface_Set: [global] Set surface radii to be used for initial setup in other thorns
        GROUP SphericalSurface_HasBeenSet: Set the spherical surfaces before this group, and use it afterwards
          SphericalSurface::SphericalSurface_CheckState: [global] Test the state of the spherical surfaces
        SummationByParts::SBP_SetNormMask: Setup the mask for the calculation of the norm
        SymBase::SymBase_Check: Check whether the driver set up the grid consistently
        Time::Time_Initialise: [global] Initialise Time variables
        Time::TemporalSpacings: [singlemap] Set timestep based on Courant condition (courant_static)
        WeylScal4::WeylScal4_CheckBoundaries: [meta] check boundaries treatment
      [CCTK_RECOVER_VARIABLES]
        IOUtil::IOUtil_RecoverGH: [level] Checkpoint recovery routine
      [CCTK_POST_RECOVER_VARIABLES]
        AHFinderDirect::AHFinderDirect_recover: [global] import horizon data from Cactus variables
        CarpetIOHDF5::CarpetIOHDF5_InitCheckpointingIntervals: [global] Initialisation of checkpointing intervals after recovery
        CarpetIOHDF5::CarpetIOHDF5_CloseFiles: [meta] Close all initial data checkpoint files after recovery
        GROUP MaskBase_SetupMask: Set up the weight function
          GROUP MaskBase_SetupMaskAll: Set up the weight function
            CarpetReduce::MaskBase_AllocateMask: [global] Allocate the weight function
            CarpetReduce::MaskBase_InitMask: [global] [loop-local] Initialise the weight function
            GROUP SetupIMaskInternal: Set up the integer weight function (schedule other routines in here)
              CarpetReduce::CoordBase_SetupMask: [global] [loop-local] Set up the outer boundaries of the weight function
              CarpetReduce::CarpetMaskSetup: [global] [loop-singlemap] Set up the weight function for the restriction regions
            GROUP SetupIMask: Set up the integer weight function (schedule other routines in here)
              CarpetMask::CarpetExcludedSetup: [global] [loop-local] Set up the weight function for the excluded regions
              CarpetMask::CarpetSurfaceSetup: [global] [loop-local] Set up the weight function for the excluded spherical surfaces
            CarpetReduce::MaskBase_SetMask: [global] [loop-local] Set the weight function
            GROUP SetupMask: Set up the real weight function (schedule other routines in here)
            CarpetReduce::MaskBase_TestMask: [global] Test the weight function
        GROUP MoL_PostStep: Ensure that everything is correct after recovery
          ML_BSSN::ML_BSSN_SelectBoundConds: [level] select boundary conditions
          ML_ADMConstraints::ML_ADMConstraints_SelectBoundConds: [level] select boundary conditions
          GROUP ML_ADMConstraints_ApplyBCs: Apply boundary conditions controlled by thorn Boundary
            GROUP BoundaryConditions: Execute all boundary conditions
              Boundary::Boundary_ApplyPhysicalBCs: Apply all requested local physical boundary conditions
              CartGrid3D::CartGrid3D_ApplyBC: Apply symmetry boundary conditions
              ReflectionSymmetry::ReflectionSymmetry_Apply: Apply reflection symmetries
              RotatingSymmetry180::Rot180_ComputeLevelExtent: [level] Compute extent of level
              RotatingSymmetry180::Rot180_ApplyBC: Apply 180 degree rotational symmetry boundary condition
            Boundary::Boundary_ClearSelection: [level] Unselect all grid variables for boundary conditions
          GROUP ML_BSSN_ApplyBCs: Apply boundary conditions controlled by thorn Boundary
            GROUP BoundaryConditions: Execute all boundary conditions
              Boundary::Boundary_ApplyPhysicalBCs: Apply all requested local physical boundary conditions
              CartGrid3D::CartGrid3D_ApplyBC: Apply symmetry boundary conditions
              ReflectionSymmetry::ReflectionSymmetry_Apply: Apply reflection symmetries
              RotatingSymmetry180::Rot180_ComputeLevelExtent: [level] Compute extent of level
              RotatingSymmetry180::Rot180_ApplyBC: Apply 180 degree rotational symmetry boundary condition
            Boundary::Boundary_ClearSelection: [level] Unselect all grid variables for boundary conditions
          GROUP ML_BSSN_convertToADMBaseGroupWrapper: Calculate ADM variables
            GROUP ML_BSSN_convertToADMBaseGroup: Calculate ADM variables
              ML_BSSN::ML_BSSN_convertToADMBase: ML_BSSN_convertToADMBase
              ML_BSSN::ML_BSSN_convertToADMBaseDtLapseShift: ML_BSSN_convertToADMBaseDtLapseShift
              ML_BSSN::ML_BSSN_convertToADMBaseDtLapseShiftBoundary: ML_BSSN_convertToADMBaseDtLapseShiftBoundary
            ML_BSSN_Helper::ML_BSSN_SelectBCsADMBase: [level] Select boundary conditions for ADMBase variables
            GROUP ML_BSSN_ApplyBCsADMBase: Apply boundary conditions to ADMBase variables
              GROUP BoundaryConditions: Execute all boundary conditions
                Boundary::Boundary_ApplyPhysicalBCs: Apply all requested local physical boundary conditions
                CartGrid3D::CartGrid3D_ApplyBC: Apply symmetry boundary conditions
                ReflectionSymmetry::ReflectionSymmetry_Apply: Apply reflection symmetries
                RotatingSymmetry180::Rot180_ComputeLevelExtent: [level] Compute extent of level
                RotatingSymmetry180::Rot180_ApplyBC: Apply 180 degree rotational symmetry boundary condition
              Boundary::Boundary_ClearSelection: [level] Unselect all grid variables for boundary conditions
          GROUP ADMBase_SetADMVars: Set the ADM variables before this group, and use them afterwards
          WeylScal4::WeylScal4_SelectBoundConds: [level] select boundary conditions
          GROUP WeylScal4_ApplyBCs: Apply boundary conditions controlled by thorn Boundary
            GROUP BoundaryConditions: Execute all boundary conditions
              Boundary::Boundary_ApplyPhysicalBCs: Apply all requested local physical boundary conditions
              CartGrid3D::CartGrid3D_ApplyBC: Apply symmetry boundary conditions
              ReflectionSymmetry::ReflectionSymmetry_Apply: Apply reflection symmetries
              RotatingSymmetry180::Rot180_ComputeLevelExtent: [level] Compute extent of level
              RotatingSymmetry180::Rot180_ApplyBC: Apply 180 degree rotational symmetry boundary condition
            Boundary::Boundary_ClearSelection: [level] Unselect all grid variables for boundary conditions
        GROUP zzz_NaNChecker_NaNCheck: Check for NaNs and count them in NaNChecker::NaNsFound
          NaNChecker::NaNChecker_NaNCheck_Prepare: [level] Prepare data structures to check for NaNs
          NaNChecker::NaNChecker_NaNCheck_Check: [local] Check for NaNs
          NaNChecker::NaNChecker_NaNCheck_Finish: [level] Count NaNs in NaNChecker::NaNsFound
        NaNChecker::NaNChecker_TakeAction: [global] [loop-level] Output NaNChecker::NaNmask and take action according to NaNChecker::action_if_found
    endif
    if (checkpoint initial data)
      [CCTK_CPINITIAL]
        CarpetIOHDF5::CarpetIOHDF5_InitialDataCheckpoint: [meta] Initial data checkpoint routine
    endif
    if (analysis)
      [CCTK_ANALYSIS]
        CarpetLib::CarpetLib_printtimestats: [global] Print timing statistics if desired
        CarpetLib::CarpetLib_printmemstats: [global] Print memory statistics if desired
        Formaline::Formaline_AnnounceUpdate: [global] Put some meta information about the current run into permanent storage
        LoopControl::lc_statistics_analysis: [meta] Output LoopControl statistics
        ML_BSSN::ML_BSSN_InitRHS: ML_BSSN_InitRHS
        GROUP ML_BSSN_evolCalcGroup: Calculate BSSN RHS
          ML_BSSN::ML_BSSN_RHS1: ML_BSSN_RHS1
          ML_BSSN::ML_BSSN_RHS2: ML_BSSN_RHS2
          ML_BSSN::ML_BSSN_Advect: ML_BSSN_Advect
          ML_BSSN_Helper::ML_BSSN_NewRad: Apply NewRad boundary conditions to RHS
        Multipole::Multipole_Calc: [global] Calculate Multipoles
        QuasiLocalMeasures::qlm_calculate: [global] Calculate quasi-local quantities
        TimerReport::zzz_TimerReport_Output: [global] Print the timer report
  endif
  Output grid variables

  do loop over timesteps
    [CCTK_PREREGRID]
      CarpetTracker::CarpetTracker_SetPositions: [global] Set positions of refined regions
    Change grid hierarchy
    [CCTK_POSTREGRID]
      AHFinderDirect::AHFinderDirect_maybe_do_masks: [global] [loop-local] set mask(s) based on apparent horizon position(s)
      CartGrid3D::SpatialCoordinates: Set Coordinates after regridding
      GROUP MaskBase_SetupMask: Set up the weight function
        GROUP MaskBase_SetupMaskAll: Set up the weight function
          CarpetReduce::MaskBase_AllocateMask: [global] Allocate the weight function
          CarpetReduce::MaskBase_InitMask: [global] [loop-local] Initialise the weight function
          GROUP SetupIMaskInternal: Set up the integer weight function (schedule other routines in here)
            CarpetReduce::CoordBase_SetupMask: [global] [loop-local] Set up the outer boundaries of the weight function
            CarpetReduce::CarpetMaskSetup: [global] [loop-singlemap] Set up the weight function for the restriction regions
          GROUP SetupIMask: Set up the integer weight function (schedule other routines in here)
            CarpetMask::CarpetExcludedSetup: [global] [loop-local] Set up the weight function for the excluded regions
            CarpetMask::CarpetSurfaceSetup: [global] [loop-local] Set up the weight function for the excluded spherical surfaces
          CarpetReduce::MaskBase_SetMask: [global] [loop-local] Set the weight function
          GROUP SetupMask: Set up the real weight function (schedule other routines in here)
          CarpetReduce::MaskBase_TestMask: [global] Test the weight function
      Dissipation::setup_epsdis: Setup spatially varying dissipation
      GROUP MoL_PostStep: Ensure that everything is correct after regridding
        ML_BSSN::ML_BSSN_SelectBoundConds: [level] select boundary conditions
        ML_ADMConstraints::ML_ADMConstraints_SelectBoundConds: [level] select boundary conditions
        GROUP ML_ADMConstraints_ApplyBCs: Apply boundary conditions controlled by thorn Boundary
          GROUP BoundaryConditions: Execute all boundary conditions
            Boundary::Boundary_ApplyPhysicalBCs: Apply all requested local physical boundary conditions
            CartGrid3D::CartGrid3D_ApplyBC: Apply symmetry boundary conditions
            ReflectionSymmetry::ReflectionSymmetry_Apply: Apply reflection symmetries
            RotatingSymmetry180::Rot180_ComputeLevelExtent: [level] Compute extent of level
            RotatingSymmetry180::Rot180_ApplyBC: Apply 180 degree rotational symmetry boundary condition
          Boundary::Boundary_ClearSelection: [level] Unselect all grid variables for boundary conditions
        GROUP ML_BSSN_ApplyBCs: Apply boundary conditions controlled by thorn Boundary
          GROUP BoundaryConditions: Execute all boundary conditions
            Boundary::Boundary_ApplyPhysicalBCs: Apply all requested local physical boundary conditions
            CartGrid3D::CartGrid3D_ApplyBC: Apply symmetry boundary conditions
            ReflectionSymmetry::ReflectionSymmetry_Apply: Apply reflection symmetries
            RotatingSymmetry180::Rot180_ComputeLevelExtent: [level] Compute extent of level
            RotatingSymmetry180::Rot180_ApplyBC: Apply 180 degree rotational symmetry boundary condition
          Boundary::Boundary_ClearSelection: [level] Unselect all grid variables for boundary conditions
        GROUP ML_BSSN_convertToADMBaseGroupWrapper: Calculate ADM variables
          GROUP ML_BSSN_convertToADMBaseGroup: Calculate ADM variables
            ML_BSSN::ML_BSSN_convertToADMBase: ML_BSSN_convertToADMBase
            ML_BSSN::ML_BSSN_convertToADMBaseDtLapseShift: ML_BSSN_convertToADMBaseDtLapseShift
            ML_BSSN::ML_BSSN_convertToADMBaseDtLapseShiftBoundary: ML_BSSN_convertToADMBaseDtLapseShiftBoundary
          ML_BSSN_Helper::ML_BSSN_SelectBCsADMBase: [level] Select boundary conditions for ADMBase variables
          GROUP ML_BSSN_ApplyBCsADMBase: Apply boundary conditions to ADMBase variables
            GROUP BoundaryConditions: Execute all boundary conditions
              Boundary::Boundary_ApplyPhysicalBCs: Apply all requested local physical boundary conditions
              CartGrid3D::CartGrid3D_ApplyBC: Apply symmetry boundary conditions
              ReflectionSymmetry::ReflectionSymmetry_Apply: Apply reflection symmetries
              RotatingSymmetry180::Rot180_ComputeLevelExtent: [level] Compute extent of level
              RotatingSymmetry180::Rot180_ApplyBC: Apply 180 degree rotational symmetry boundary condition
            Boundary::Boundary_ClearSelection: [level] Unselect all grid variables for boundary conditions
        GROUP ADMBase_SetADMVars: Set the ADM variables before this group, and use them afterwards
        WeylScal4::WeylScal4_SelectBoundConds: [level] select boundary conditions
        GROUP WeylScal4_ApplyBCs: Apply boundary conditions controlled by thorn Boundary
          GROUP BoundaryConditions: Execute all boundary conditions
            Boundary::Boundary_ApplyPhysicalBCs: Apply all requested local physical boundary conditions
            CartGrid3D::CartGrid3D_ApplyBC: Apply symmetry boundary conditions
            ReflectionSymmetry::ReflectionSymmetry_Apply: Apply reflection symmetries
            RotatingSymmetry180::Rot180_ComputeLevelExtent: [level] Compute extent of level
            RotatingSymmetry180::Rot180_ApplyBC: Apply 180 degree rotational symmetry boundary condition
          Boundary::Boundary_ClearSelection: [level] Unselect all grid variables for boundary conditions
      GROUP MoL_PseudoEvolutionBoundaries: Apply boundary conditions to pseudo-evolved quantities
        GROUP ML_ADMConstraints_bc_group: ML_ADMConstraints
          ML_ADMConstraints::ML_ADMConstraints_SelectBCs: [level] ML_ADMConstraints_SelectBCs
          GROUP ML_ADMConstraints_ApplyBCs: Apply BCs for groups set in ML_ADMConstraints
            GROUP BoundaryConditions: Execute all boundary conditions
              Boundary::Boundary_ApplyPhysicalBCs: Apply all requested local physical boundary conditions
              CartGrid3D::CartGrid3D_ApplyBC: Apply symmetry boundary conditions
              ReflectionSymmetry::ReflectionSymmetry_Apply: Apply reflection symmetries
              RotatingSymmetry180::Rot180_ComputeLevelExtent: [level] Compute extent of level
              RotatingSymmetry180::Rot180_ApplyBC: Apply 180 degree rotational symmetry boundary condition
            Boundary::Boundary_ClearSelection: [level] Unselect all grid variables for boundary conditions
        GROUP ML_BSSN_constraints1_bc_group: ML_BSSN_constraints1
          ML_BSSN::ML_BSSN_constraints1_SelectBCs: [level] ML_BSSN_constraints1_SelectBCs
          GROUP ML_BSSN_constraints1_ApplyBCs: Apply BCs for groups set in ML_BSSN_constraints1
            GROUP BoundaryConditions: Execute all boundary conditions
              Boundary::Boundary_ApplyPhysicalBCs: Apply all requested local physical boundary conditions
              CartGrid3D::CartGrid3D_ApplyBC: Apply symmetry boundary conditions
              ReflectionSymmetry::ReflectionSymmetry_Apply: Apply reflection symmetries
              RotatingSymmetry180::Rot180_ComputeLevelExtent: [level] Compute extent of level
              RotatingSymmetry180::Rot180_ApplyBC: Apply 180 degree rotational symmetry boundary condition
            Boundary::Boundary_ClearSelection: [level] Unselect all grid variables for boundary conditions
        GROUP ML_BSSN_constraints2_bc_group: ML_BSSN_constraints2
          ML_BSSN::ML_BSSN_constraints2_SelectBCs: [level] ML_BSSN_constraints2_SelectBCs
          GROUP ML_BSSN_constraints2_ApplyBCs: Apply BCs for groups set in ML_BSSN_constraints2
            GROUP BoundaryConditions: Execute all boundary conditions
              Boundary::Boundary_ApplyPhysicalBCs: Apply all requested local physical boundary conditions
              CartGrid3D::CartGrid3D_ApplyBC: Apply symmetry boundary conditions
              ReflectionSymmetry::ReflectionSymmetry_Apply: Apply reflection symmetries
              RotatingSymmetry180::Rot180_ComputeLevelExtent: [level] Compute extent of level
              RotatingSymmetry180::Rot180_ApplyBC: Apply 180 degree rotational symmetry boundary condition
            Boundary::Boundary_ClearSelection: [level] Unselect all grid variables for boundary conditions
        GROUP WeylScal4_psi4_calc_4th_bc_group: WeylScal4_psi4_calc_4th
          WeylScal4::WeylScal4_psi4_calc_4th_SelectBCs: [level] WeylScal4_psi4_calc_4th_SelectBCs
          GROUP WeylScal4_psi4_calc_4th_ApplyBCs: Apply BCs for groups set in WeylScal4_psi4_calc_4th
            GROUP BoundaryConditions: Execute all boundary conditions
              Boundary::Boundary_ApplyPhysicalBCs: Apply all requested local physical boundary conditions
              CartGrid3D::CartGrid3D_ApplyBC: Apply symmetry boundary conditions
              ReflectionSymmetry::ReflectionSymmetry_Apply: Apply reflection symmetries
              RotatingSymmetry180::Rot180_ComputeLevelExtent: [level] Compute extent of level
              RotatingSymmetry180::Rot180_ApplyBC: Apply 180 degree rotational symmetry boundary condition
            Boundary::Boundary_ClearSelection: [level] Unselect all grid variables for boundary conditions
    Rotate timelevels
    iteration = iteration+1
    t = t+dt
    [CCTK_PRESTEP]
      CoordGauge::Einstein_SetNextSlicing: Identify the slicing for the next iteration
      LoopControl::lc_steer: [meta] Update LoopControl algorithm preferences
      NaNChecker::NaNChecker_ResetCounter: [global] Reset the NaNChecker::NaNsFound counter
    [CCTK_EVOL]
      MoL::MoL_StartLoop: [level] Initialise the step size control
      while (MoL::MoL_Stepsize_Bad)
        GROUP MoL_Evolution: A single Cactus evolution step using MoL
          GROUP MoL_StartStep: MoL internal setup for the evolution step
            MoL::MoL_SetCounter: [level] Set the counter for the ODE method to loop over
            MoL::MoL_SetTime: [level] Ensure the correct time and timestep are used
          GROUP MoL_PreStep: Physics thorns can schedule preloop setup routines in here
          MoL::MoL_InitialCopy: Ensure the data is in the correct timelevel
          while (MoL::MoL_Intermediate_Step)
            GROUP MoL_Step: The loop over the intermediate steps for the ODE integrator
              MoL::MoL_InitRHS: Initialise the RHS functions
              GROUP MoL_CalcRHS: Physics thorns schedule the calculation of the discrete spatial operator in here
                GROUP ML_BSSN_evolCalcGroup: Calculate BSSN RHS
                  ML_BSSN::ML_BSSN_RHS1: ML_BSSN_RHS1
                  ML_BSSN::ML_BSSN_RHS2: ML_BSSN_RHS2
                  ML_BSSN::ML_BSSN_Advect: ML_BSSN_Advect
                  ML_BSSN_Helper::ML_BSSN_NewRad: Apply NewRad boundary conditions to RHS
              GROUP MoL_PostRHS: Modify RHS functions
                Dissipation::dissipation_add: Add Kreiss-Oliger dissipation to the right hand sides
              GROUP MoL_RHSBoundaries: Any 'final' modifications to the RHS functions (boundaries etc.)
              MoL::MoL_Add: Updates calculated with the efficient Runge-Kutta 4 method
              MoL::MoL_DecrementCounter: [level] Alter the counter number
              MoL::MoL_ResetTime: [level] If necessary, change the time
              GROUP MoL_PostStepModify: The group for physics thorns to schedule enforcing constraints
                ML_BSSN::ML_BSSN_enforce: ML_BSSN_enforce
              GROUP MoL_PostStep: The group for physics thorns to schedule boundary calls etc.
                ML_BSSN::ML_BSSN_SelectBoundConds: [level] select boundary conditions
                ML_ADMConstraints::ML_ADMConstraints_SelectBoundConds: [level] select boundary conditions
                GROUP ML_ADMConstraints_ApplyBCs: Apply boundary conditions controlled by thorn Boundary
                  GROUP BoundaryConditions: Execute all boundary conditions
                    Boundary::Boundary_ApplyPhysicalBCs: Apply all requested local physical boundary conditions
                    CartGrid3D::CartGrid3D_ApplyBC: Apply symmetry boundary conditions
                    ReflectionSymmetry::ReflectionSymmetry_Apply: Apply reflection symmetries
                    RotatingSymmetry180::Rot180_ComputeLevelExtent: [level] Compute extent of level
                    RotatingSymmetry180::Rot180_ApplyBC: Apply 180 degree rotational symmetry boundary condition
                  Boundary::Boundary_ClearSelection: [level] Unselect all grid variables for boundary conditions
                GROUP ML_BSSN_ApplyBCs: Apply boundary conditions controlled by thorn Boundary
                  GROUP BoundaryConditions: Execute all boundary conditions
                    Boundary::Boundary_ApplyPhysicalBCs: Apply all requested local physical boundary conditions
                    CartGrid3D::CartGrid3D_ApplyBC: Apply symmetry boundary conditions
                    ReflectionSymmetry::ReflectionSymmetry_Apply: Apply reflection symmetries
                    RotatingSymmetry180::Rot180_ComputeLevelExtent: [level] Compute extent of level
                    RotatingSymmetry180::Rot180_ApplyBC: Apply 180 degree rotational symmetry boundary condition
                  Boundary::Boundary_ClearSelection: [level] Unselect all grid variables for boundary conditions
                GROUP ML_BSSN_convertToADMBaseGroupWrapper: Calculate ADM variables
                  GROUP ML_BSSN_convertToADMBaseGroup: Calculate ADM variables
                    ML_BSSN::ML_BSSN_convertToADMBase: ML_BSSN_convertToADMBase
                    ML_BSSN::ML_BSSN_convertToADMBaseDtLapseShift: ML_BSSN_convertToADMBaseDtLapseShift
                    ML_BSSN::ML_BSSN_convertToADMBaseDtLapseShiftBoundary: ML_BSSN_convertToADMBaseDtLapseShiftBoundary
                  ML_BSSN_Helper::ML_BSSN_SelectBCsADMBase: [level] Select boundary conditions for ADMBase variables
                  GROUP ML_BSSN_ApplyBCsADMBase: Apply boundary conditions to ADMBase variables
                    GROUP BoundaryConditions: Execute all boundary conditions
                      Boundary::Boundary_ApplyPhysicalBCs: Apply all requested local physical boundary conditions
                      CartGrid3D::CartGrid3D_ApplyBC: Apply symmetry boundary conditions
                      ReflectionSymmetry::ReflectionSymmetry_Apply: Apply reflection symmetries
                      RotatingSymmetry180::Rot180_ComputeLevelExtent: [level] Compute extent of level
                      RotatingSymmetry180::Rot180_ApplyBC: Apply 180 degree rotational symmetry boundary condition
                    Boundary::Boundary_ClearSelection: [level] Unselect all grid variables for boundary conditions
                GROUP ADMBase_SetADMVars: Set the ADM variables before this group, and use them afterwards
                WeylScal4::WeylScal4_SelectBoundConds: [level] select boundary conditions
                GROUP WeylScal4_ApplyBCs: Apply boundary conditions controlled by thorn Boundary
                  GROUP BoundaryConditions: Execute all boundary conditions
                    Boundary::Boundary_ApplyPhysicalBCs: Apply all requested local physical boundary conditions
                    CartGrid3D::CartGrid3D_ApplyBC: Apply symmetry boundary conditions
                    ReflectionSymmetry::ReflectionSymmetry_Apply: Apply reflection symmetries
                    RotatingSymmetry180::Rot180_ComputeLevelExtent: [level] Compute extent of level
                    RotatingSymmetry180::Rot180_ApplyBC: Apply 180 degree rotational symmetry boundary condition
                  Boundary::Boundary_ClearSelection: [level] Unselect all grid variables for boundary conditions
              MoL::MoL_ResetDeltaTime: [level] If necessary, change the timestep
          end while
          MoL::MoL_FinishLoop: [level] Control the step size
          MoL::MoL_RestoreSandR: Restoring the Save and Restore variables to the original state
      end while
      GROUP MoL_PseudoEvolution: Calculate pseudo-evolved quantities
        GROUP ADMBase_SetADMVars: Set the ADM variables before this group, and use them afterwards
        GROUP ML_ADMConstraints_group: ML_ADMConstraints
          ML_ADMConstraints::ML_ADMConstraints: ML_ADMConstraints
          GROUP ML_ADMConstraints_bc_group: ML_ADMConstraints
            ML_ADMConstraints::ML_ADMConstraints_SelectBCs: [level] ML_ADMConstraints_SelectBCs
            GROUP ML_ADMConstraints_ApplyBCs: Apply BCs for groups set in ML_ADMConstraints
              GROUP BoundaryConditions: Execute all boundary conditions
                Boundary::Boundary_ApplyPhysicalBCs: Apply all requested local physical boundary conditions
                CartGrid3D::CartGrid3D_ApplyBC: Apply symmetry boundary conditions
                ReflectionSymmetry::ReflectionSymmetry_Apply: Apply reflection symmetries
                RotatingSymmetry180::Rot180_ComputeLevelExtent: [level] Compute extent of level
                RotatingSymmetry180::Rot180_ApplyBC: Apply 180 degree rotational symmetry boundary condition
              Boundary::Boundary_ClearSelection: [level] Unselect all grid variables for boundary conditions
        GROUP ML_BSSN_constraints1_group: ML_BSSN_constraints1
          ML_BSSN::ML_BSSN_constraints1: ML_BSSN_constraints1
          GROUP ML_BSSN_constraints1_bc_group: ML_BSSN_constraints1
            ML_BSSN::ML_BSSN_constraints1_SelectBCs: [level] ML_BSSN_constraints1_SelectBCs
            GROUP ML_BSSN_constraints1_ApplyBCs: Apply BCs for groups set in ML_BSSN_constraints1
              GROUP BoundaryConditions: Execute all boundary conditions
                Boundary::Boundary_ApplyPhysicalBCs: Apply all requested local physical boundary conditions
                CartGrid3D::CartGrid3D_ApplyBC: Apply symmetry boundary conditions
                ReflectionSymmetry::ReflectionSymmetry_Apply: Apply reflection symmetries
                RotatingSymmetry180::Rot180_ComputeLevelExtent: [level] Compute extent of level
                RotatingSymmetry180::Rot180_ApplyBC: Apply 180 degree rotational symmetry boundary condition
              Boundary::Boundary_ClearSelection: [level] Unselect all grid variables for boundary conditions
        GROUP ML_BSSN_constraints2_group: ML_BSSN_constraints2
          ML_BSSN::ML_BSSN_constraints2: ML_BSSN_constraints2
          GROUP ML_BSSN_constraints2_bc_group: ML_BSSN_constraints2
            ML_BSSN::ML_BSSN_constraints2_SelectBCs: [level] ML_BSSN_constraints2_SelectBCs
            GROUP ML_BSSN_constraints2_ApplyBCs: Apply BCs for groups set in ML_BSSN_constraints2
              GROUP BoundaryConditions: Execute all boundary conditions
                Boundary::Boundary_ApplyPhysicalBCs: Apply all requested local physical boundary conditions
                CartGrid3D::CartGrid3D_ApplyBC: Apply symmetry boundary conditions
                ReflectionSymmetry::ReflectionSymmetry_Apply: Apply reflection symmetries
                RotatingSymmetry180::Rot180_ComputeLevelExtent: [level] Compute extent of level
                RotatingSymmetry180::Rot180_ApplyBC: Apply 180 degree rotational symmetry boundary condition
              Boundary::Boundary_ClearSelection: [level] Unselect all grid variables for boundary conditions
        GROUP WeylScal4_psi4_calc_4th_group: WeylScal4_psi4_calc_4th
          WeylScal4::WeylScal4_psi4_calc_4th: WeylScal4_psi4_calc_4th
          GROUP WeylScal4_psi4_calc_4th_bc_group: WeylScal4_psi4_calc_4th
            WeylScal4::WeylScal4_psi4_calc_4th_SelectBCs: [level] WeylScal4_psi4_calc_4th_SelectBCs
            GROUP WeylScal4_psi4_calc_4th_ApplyBCs: Apply BCs for groups set in WeylScal4_psi4_calc_4th
              GROUP BoundaryConditions: Execute all boundary conditions
                Boundary::Boundary_ApplyPhysicalBCs: Apply all requested local physical boundary conditions
                CartGrid3D::CartGrid3D_ApplyBC: Apply symmetry boundary conditions
                ReflectionSymmetry::ReflectionSymmetry_Apply: Apply reflection symmetries
                RotatingSymmetry180::Rot180_ComputeLevelExtent: [level] Compute extent of level
                RotatingSymmetry180::Rot180_ApplyBC: Apply 180 degree rotational symmetry boundary condition
              Boundary::Boundary_ClearSelection: [level] Unselect all grid variables for boundary conditions
    Evolve finer grids recursively
    Restrict from finer grids
    [CCTK_POSTRESTRICT]
      GROUP MoL_PostStep: Ensure that everything is correct after restriction
        ML_BSSN::ML_BSSN_SelectBoundConds: [level] select boundary conditions
        ML_ADMConstraints::ML_ADMConstraints_SelectBoundConds: [level] select boundary conditions
        GROUP ML_ADMConstraints_ApplyBCs: Apply boundary conditions controlled by thorn Boundary
          GROUP BoundaryConditions: Execute all boundary conditions
            Boundary::Boundary_ApplyPhysicalBCs: Apply all requested local physical boundary conditions
            CartGrid3D::CartGrid3D_ApplyBC: Apply symmetry boundary conditions
            ReflectionSymmetry::ReflectionSymmetry_Apply: Apply reflection symmetries
            RotatingSymmetry180::Rot180_ComputeLevelExtent: [level] Compute extent of level
            RotatingSymmetry180::Rot180_ApplyBC: Apply 180 degree rotational symmetry boundary condition
          Boundary::Boundary_ClearSelection: [level] Unselect all grid variables for boundary conditions
        GROUP ML_BSSN_ApplyBCs: Apply boundary conditions controlled by thorn Boundary
          GROUP BoundaryConditions: Execute all boundary conditions
            Boundary::Boundary_ApplyPhysicalBCs: Apply all requested local physical boundary conditions
            CartGrid3D::CartGrid3D_ApplyBC: Apply symmetry boundary conditions
            ReflectionSymmetry::ReflectionSymmetry_Apply: Apply reflection symmetries
            RotatingSymmetry180::Rot180_ComputeLevelExtent: [level] Compute extent of level
            RotatingSymmetry180::Rot180_ApplyBC: Apply 180 degree rotational symmetry boundary condition
          Boundary::Boundary_ClearSelection: [level] Unselect all grid variables for boundary conditions
        GROUP ML_BSSN_convertToADMBaseGroupWrapper: Calculate ADM variables
          GROUP ML_BSSN_convertToADMBaseGroup: Calculate ADM variables
            ML_BSSN::ML_BSSN_convertToADMBase: ML_BSSN_convertToADMBase
            ML_BSSN::ML_BSSN_convertToADMBaseDtLapseShift: ML_BSSN_convertToADMBaseDtLapseShift
            ML_BSSN::ML_BSSN_convertToADMBaseDtLapseShiftBoundary: ML_BSSN_convertToADMBaseDtLapseShiftBoundary
          ML_BSSN_Helper::ML_BSSN_SelectBCsADMBase: [level] Select boundary conditions for ADMBase variables
          GROUP ML_BSSN_ApplyBCsADMBase: Apply boundary conditions to ADMBase variables
            GROUP BoundaryConditions: Execute all boundary conditions
              Boundary::Boundary_ApplyPhysicalBCs: Apply all requested local physical boundary conditions
              CartGrid3D::CartGrid3D_ApplyBC: Apply symmetry boundary conditions
              ReflectionSymmetry::ReflectionSymmetry_Apply: Apply reflection symmetries
              RotatingSymmetry180::Rot180_ComputeLevelExtent: [level] Compute extent of level
              RotatingSymmetry180::Rot180_ApplyBC: Apply 180 degree rotational symmetry boundary condition
            Boundary::Boundary_ClearSelection: [level] Unselect all grid variables for boundary conditions
        GROUP ADMBase_SetADMVars: Set the ADM variables before this group, and use them afterwards
        WeylScal4::WeylScal4_SelectBoundConds: [level] select boundary conditions
        GROUP WeylScal4_ApplyBCs: Apply boundary conditions controlled by thorn Boundary
          GROUP BoundaryConditions: Execute all boundary conditions
            Boundary::Boundary_ApplyPhysicalBCs: Apply all requested local physical boundary conditions
            CartGrid3D::CartGrid3D_ApplyBC: Apply symmetry boundary conditions
            ReflectionSymmetry::ReflectionSymmetry_Apply: Apply reflection symmetries
            RotatingSymmetry180::Rot180_ComputeLevelExtent: [level] Compute extent of level
            RotatingSymmetry180::Rot180_ApplyBC: Apply 180 degree rotational symmetry boundary condition
          Boundary::Boundary_ClearSelection: [level] Unselect all grid variables for boundary conditions
      GROUP MoL_PseudoEvolutionBoundaries: Apply boundary conditions to pseudo-evolved quantities
        GROUP ML_ADMConstraints_bc_group: ML_ADMConstraints
          ML_ADMConstraints::ML_ADMConstraints_SelectBCs: [level] ML_ADMConstraints_SelectBCs
          GROUP ML_ADMConstraints_ApplyBCs: Apply BCs for groups set in ML_ADMConstraints
            GROUP BoundaryConditions: Execute all boundary conditions
              Boundary::Boundary_ApplyPhysicalBCs: Apply all requested local physical boundary conditions
              CartGrid3D::CartGrid3D_ApplyBC: Apply symmetry boundary conditions
              ReflectionSymmetry::ReflectionSymmetry_Apply: Apply reflection symmetries
              RotatingSymmetry180::Rot180_ComputeLevelExtent: [level] Compute extent of level
              RotatingSymmetry180::Rot180_ApplyBC: Apply 180 degree rotational symmetry boundary condition
            Boundary::Boundary_ClearSelection: [level] Unselect all grid variables for boundary conditions
        GROUP ML_BSSN_constraints1_bc_group: ML_BSSN_constraints1
          ML_BSSN::ML_BSSN_constraints1_SelectBCs: [level] ML_BSSN_constraints1_SelectBCs
          GROUP ML_BSSN_constraints1_ApplyBCs: Apply BCs for groups set in ML_BSSN_constraints1
            GROUP BoundaryConditions: Execute all boundary conditions
              Boundary::Boundary_ApplyPhysicalBCs: Apply all requested local physical boundary conditions
              CartGrid3D::CartGrid3D_ApplyBC: Apply symmetry boundary conditions
              ReflectionSymmetry::ReflectionSymmetry_Apply: Apply reflection symmetries
              RotatingSymmetry180::Rot180_ComputeLevelExtent: [level] Compute extent of level
              RotatingSymmetry180::Rot180_ApplyBC: Apply 180 degree rotational symmetry boundary condition
            Boundary::Boundary_ClearSelection: [level] Unselect all grid variables for boundary conditions
        GROUP ML_BSSN_constraints2_bc_group: ML_BSSN_constraints2
          ML_BSSN::ML_BSSN_constraints2_SelectBCs: [level] ML_BSSN_constraints2_SelectBCs
          GROUP ML_BSSN_constraints2_ApplyBCs: Apply BCs for groups set in ML_BSSN_constraints2
            GROUP BoundaryConditions: Execute all boundary conditions
              Boundary::Boundary_ApplyPhysicalBCs: Apply all requested local physical boundary conditions
              CartGrid3D::CartGrid3D_ApplyBC: Apply symmetry boundary conditions
              ReflectionSymmetry::ReflectionSymmetry_Apply: Apply reflection symmetries
              RotatingSymmetry180::Rot180_ComputeLevelExtent: [level] Compute extent of level
              RotatingSymmetry180::Rot180_ApplyBC: Apply 180 degree rotational symmetry boundary condition
            Boundary::Boundary_ClearSelection: [level] Unselect all grid variables for boundary conditions
        GROUP WeylScal4_psi4_calc_4th_bc_group: WeylScal4_psi4_calc_4th
          WeylScal4::WeylScal4_psi4_calc_4th_SelectBCs: [level] WeylScal4_psi4_calc_4th_SelectBCs
          GROUP WeylScal4_psi4_calc_4th_ApplyBCs: Apply BCs for groups set in WeylScal4_psi4_calc_4th
            GROUP BoundaryConditions: Execute all boundary conditions
              Boundary::Boundary_ApplyPhysicalBCs: Apply all requested local physical boundary conditions
              CartGrid3D::CartGrid3D_ApplyBC: Apply symmetry boundary conditions
              ReflectionSymmetry::ReflectionSymmetry_Apply: Apply reflection symmetries
              RotatingSymmetry180::Rot180_ComputeLevelExtent: [level] Compute extent of level
              RotatingSymmetry180::Rot180_ApplyBC: Apply 180 degree rotational symmetry boundary condition
            Boundary::Boundary_ClearSelection: [level] Unselect all grid variables for boundary conditions
    [CCTK_POSTSTEP]
      AHFinderDirect::AHFinderDirect_import_mask: [global] [loop-local] import the excision mask
      AHFinderDirect::AHFinderDirect_find_horizons: [global] find apparent horizon(s) after this time step
      AHFinderDirect::AHFinderDirect_store: [global] store apparent horizon(s) into spherical surface(s)
      AHFinderDirect::AHFinderDirect_save: [global] save apparent horizon(s) into Cactus variables
      AHFinderDirect::AHFinderDirect_maybe_do_masks: [global] [loop-local] set mask(s) based on apparent horizon position(s)
      SphericalSurface::SphericalSurface_Set: [global] Set surface radii
      GROUP SphericalSurface_HasBeenSet: Set the spherical surfaces before this group, and use it afterwards
        SphericalSurface::SphericalSurface_CheckState: [global] Test the state of the spherical surfaces
      GROUP zzz_NaNChecker_NaNCheck: Check for NaNs and count them in NaNChecker::NaNsFound
        NaNChecker::NaNChecker_NaNCheck_Prepare: [level] Prepare data structures to check for NaNs
        NaNChecker::NaNChecker_NaNCheck_Check: [local] Check for NaNs
        NaNChecker::NaNChecker_NaNCheck_Finish: [level] Count NaNs in NaNChecker::NaNsFound
      NaNChecker::NaNChecker_TakeAction: [global] [loop-level] Output NaNChecker::NaNmask and take action according to NaNChecker::action_if_found
      Dissipation::setup_epsdis: Setup spatially varying dissipation
      GROUP MaskBase_SetupMask: Set up the weight function
        GROUP MaskBase_SetupMaskAll: Set up the weight function
          CarpetReduce::MaskBase_AllocateMask: [global] Allocate the weight function
          CarpetReduce::MaskBase_InitMask: [global] [loop-local] Initialise the weight function
          GROUP SetupIMaskInternal: Set up the integer weight function (schedule other routines in here)
            CarpetReduce::CoordBase_SetupMask: [global] [loop-local] Set up the outer boundaries of the weight function
            CarpetReduce::CarpetMaskSetup: [global] [loop-singlemap] Set up the weight function for the restriction regions
          GROUP SetupIMask: Set up the integer weight function (schedule other routines in here)
            CarpetMask::CarpetExcludedSetup: [global] [loop-local] Set up the weight function for the excluded regions
            CarpetMask::CarpetSurfaceSetup: [global] [loop-local] Set up the weight function for the excluded spherical surfaces
          CarpetReduce::MaskBase_SetMask: [global] [loop-local] Set the weight function
          GROUP SetupMask: Set up the real weight function (schedule other routines in here)
          CarpetReduce::MaskBase_TestMask: [global] Test the weight function
  if (checkpoint)
    [CCTK_CHECKPOINT]
      CarpetIOHDF5::CarpetIOHDF5_EvolutionCheckpoint: [meta] Evolution checkpoint routine
      TimerReport::zzz_TimerReport_Checkpoint: [global] Print the timer report
  endif
  if (analysis)
    [CCTK_ANALYSIS]
      CarpetLib::CarpetLib_printtimestats: [global] Print timing statistics if desired
      CarpetLib::CarpetLib_printmemstats: [global] Print memory statistics if desired
      Formaline::Formaline_AnnounceUpdate: [global] Put some meta information about the current run into permanent storage
      LoopControl::lc_statistics_analysis: [meta] Output LoopControl statistics
      ML_BSSN::ML_BSSN_InitRHS: ML_BSSN_InitRHS
      GROUP ML_BSSN_evolCalcGroup: Calculate BSSN RHS
        ML_BSSN::ML_BSSN_RHS1: ML_BSSN_RHS1
        ML_BSSN::ML_BSSN_RHS2: ML_BSSN_RHS2
        ML_BSSN::ML_BSSN_Advect: ML_BSSN_Advect
        ML_BSSN_Helper::ML_BSSN_NewRad: Apply NewRad boundary conditions to RHS
      Multipole::Multipole_Calc: [global] Calculate Multipoles
      QuasiLocalMeasures::qlm_calculate: [global] Calculate quasi-local quantities
      TimerReport::zzz_TimerReport_Output: [global] Print the timer report
  endif
  Output grid variables
  enddo

  Termination routines
    [CCTK_TERMINATE]
      CarpetIOHDF5::CarpetIOHDF5_TerminationCheckpoint: [meta] Termination checkpoint routine
      Formaline::Formaline_AnnounceFinal: [global] Put some meta information about the current run into permanent storage
      LoopControl::lc_statistics_terminate: [meta] Output LoopControl statistics
      MoL::MoL_FreeIndexArrays: Free the MoL bookkeeping index arrays
      TimerReport::zzz_TimerReport_Output: [global] Print the timer report

  Shutdown routines
    [CCTK_SHUTDOWN]
      Timers::Timer_Shutdown: Prepare hierarchical timers

  Routines run after changing the grid hierarchy:
    [CCTK_POSTREGRID]
      AHFinderDirect::AHFinderDirect_maybe_do_masks: [global] [loop-local] set mask(s) based on apparent horizon position(s)
      CartGrid3D::SpatialCoordinates: Set Coordinates after regridding
      GROUP MaskBase_SetupMask: Set up the weight function
        GROUP MaskBase_SetupMaskAll: Set up the weight function
          CarpetReduce::MaskBase_AllocateMask: [global] Allocate the weight function
          CarpetReduce::MaskBase_InitMask: [global] [loop-local] Initialise the weight function
          GROUP SetupIMaskInternal: Set up the integer weight function (schedule other routines in here)
            CarpetReduce::CoordBase_SetupMask: [global] [loop-local] Set up the outer boundaries of the weight function
            CarpetReduce::CarpetMaskSetup: [global] [loop-singlemap] Set up the weight function for the restriction regions
          GROUP SetupIMask: Set up the integer weight function (schedule other routines in here)
            CarpetMask::CarpetExcludedSetup: [global] [loop-local] Set up the weight function for the excluded regions
            CarpetMask::CarpetSurfaceSetup: [global] [loop-local] Set up the weight function for the excluded spherical surfaces
          CarpetReduce::MaskBase_SetMask: [global] [loop-local] Set the weight function
          GROUP SetupMask: Set up the real weight function (schedule other routines in here)
          CarpetReduce::MaskBase_TestMask: [global] Test the weight function
      Dissipation::setup_epsdis: Setup spatially varying dissipation
      GROUP MoL_PostStep: Ensure that everything is correct after regridding
        ML_BSSN::ML_BSSN_SelectBoundConds: [level] select boundary conditions
        ML_ADMConstraints::ML_ADMConstraints_SelectBoundConds: [level] select boundary conditions
        GROUP ML_ADMConstraints_ApplyBCs: Apply boundary conditions controlled by thorn Boundary
          GROUP BoundaryConditions: Execute all boundary conditions
            Boundary::Boundary_ApplyPhysicalBCs: Apply all requested local physical boundary conditions
            CartGrid3D::CartGrid3D_ApplyBC: Apply symmetry boundary conditions
            ReflectionSymmetry::ReflectionSymmetry_Apply: Apply reflection symmetries
            RotatingSymmetry180::Rot180_ComputeLevelExtent: [level] Compute extent of level
            RotatingSymmetry180::Rot180_ApplyBC: Apply 180 degree rotational symmetry boundary condition
          Boundary::Boundary_ClearSelection: [level] Unselect all grid variables for boundary conditions
        GROUP ML_BSSN_ApplyBCs: Apply boundary conditions controlled by thorn Boundary
          GROUP BoundaryConditions: Execute all boundary conditions
            Boundary::Boundary_ApplyPhysicalBCs: Apply all requested local physical boundary conditions
            CartGrid3D::CartGrid3D_ApplyBC: Apply symmetry boundary conditions
            ReflectionSymmetry::ReflectionSymmetry_Apply: Apply reflection symmetries
            RotatingSymmetry180::Rot180_ComputeLevelExtent: [level] Compute extent of level
            RotatingSymmetry180::Rot180_ApplyBC: Apply 180 degree rotational symmetry boundary condition
          Boundary::Boundary_ClearSelection: [level] Unselect all grid variables for boundary conditions
        GROUP ML_BSSN_convertToADMBaseGroupWrapper: Calculate ADM variables
          GROUP ML_BSSN_convertToADMBaseGroup: Calculate ADM variables
            ML_BSSN::ML_BSSN_convertToADMBase: ML_BSSN_convertToADMBase
            ML_BSSN::ML_BSSN_convertToADMBaseDtLapseShift: ML_BSSN_convertToADMBaseDtLapseShift
            ML_BSSN::ML_BSSN_convertToADMBaseDtLapseShiftBoundary: ML_BSSN_convertToADMBaseDtLapseShiftBoundary
          ML_BSSN_Helper::ML_BSSN_SelectBCsADMBase: [level] Select boundary conditions for ADMBase variables
          GROUP ML_BSSN_ApplyBCsADMBase: Apply boundary conditions to ADMBase variables
            GROUP BoundaryConditions: Execute all boundary conditions
              Boundary::Boundary_ApplyPhysicalBCs: Apply all requested local physical boundary conditions
              CartGrid3D::CartGrid3D_ApplyBC: Apply symmetry boundary conditions
              ReflectionSymmetry::ReflectionSymmetry_Apply: Apply reflection symmetries
              RotatingSymmetry180::Rot180_ComputeLevelExtent: [level] Compute extent of level
              RotatingSymmetry180::Rot180_ApplyBC: Apply 180 degree rotational symmetry boundary condition
            Boundary::Boundary_ClearSelection: [level] Unselect all grid variables for boundary conditions
        GROUP ADMBase_SetADMVars: Set the ADM variables before this group, and use them afterwards
        WeylScal4::WeylScal4_SelectBoundConds: [level] select boundary conditions
        GROUP WeylScal4_ApplyBCs: Apply boundary conditions controlled by thorn Boundary
          GROUP BoundaryConditions: Execute all boundary conditions
            Boundary::Boundary_ApplyPhysicalBCs: Apply all requested local physical boundary conditions
            CartGrid3D::CartGrid3D_ApplyBC: Apply symmetry boundary conditions
            ReflectionSymmetry::ReflectionSymmetry_Apply: Apply reflection symmetries
            RotatingSymmetry180::Rot180_ComputeLevelExtent: [level] Compute extent of level
            RotatingSymmetry180::Rot180_ApplyBC: Apply 180 degree rotational symmetry boundary condition
          Boundary::Boundary_ClearSelection: [level] Unselect all grid variables for boundary conditions
      GROUP MoL_PseudoEvolutionBoundaries: Apply boundary conditions to pseudo-evolved quantities
        GROUP ML_ADMConstraints_bc_group: ML_ADMConstraints
          ML_ADMConstraints::ML_ADMConstraints_SelectBCs: [level] ML_ADMConstraints_SelectBCs
          GROUP ML_ADMConstraints_ApplyBCs: Apply BCs for groups set in ML_ADMConstraints
            GROUP BoundaryConditions: Execute all boundary conditions
              Boundary::Boundary_ApplyPhysicalBCs: Apply all requested local physical boundary conditions
              CartGrid3D::CartGrid3D_ApplyBC: Apply symmetry boundary conditions
              ReflectionSymmetry::ReflectionSymmetry_Apply: Apply reflection symmetries
              RotatingSymmetry180::Rot180_ComputeLevelExtent: [level] Compute extent of level
              RotatingSymmetry180::Rot180_ApplyBC: Apply 180 degree rotational symmetry boundary condition
            Boundary::Boundary_ClearSelection: [level] Unselect all grid variables for boundary conditions
        GROUP ML_BSSN_constraints1_bc_group: ML_BSSN_constraints1
          ML_BSSN::ML_BSSN_constraints1_SelectBCs: [level] ML_BSSN_constraints1_SelectBCs
          GROUP ML_BSSN_constraints1_ApplyBCs: Apply BCs for groups set in ML_BSSN_constraints1
            GROUP BoundaryConditions: Execute all boundary conditions
              Boundary::Boundary_ApplyPhysicalBCs: Apply all requested local physical boundary conditions
              CartGrid3D::CartGrid3D_ApplyBC: Apply symmetry boundary conditions
              ReflectionSymmetry::ReflectionSymmetry_Apply: Apply reflection symmetries
              RotatingSymmetry180::Rot180_ComputeLevelExtent: [level] Compute extent of level
              RotatingSymmetry180::Rot180_ApplyBC: Apply 180 degree rotational symmetry boundary condition
            Boundary::Boundary_ClearSelection: [level] Unselect all grid variables for boundary conditions
        GROUP ML_BSSN_constraints2_bc_group: ML_BSSN_constraints2
          ML_BSSN::ML_BSSN_constraints2_SelectBCs: [level] ML_BSSN_constraints2_SelectBCs
          GROUP ML_BSSN_constraints2_ApplyBCs: Apply BCs for groups set in ML_BSSN_constraints2
            GROUP BoundaryConditions: Execute all boundary conditions
              Boundary::Boundary_ApplyPhysicalBCs: Apply all requested local physical boundary conditions
              CartGrid3D::CartGrid3D_ApplyBC: Apply symmetry boundary conditions
              ReflectionSymmetry::ReflectionSymmetry_Apply: Apply reflection symmetries
              RotatingSymmetry180::Rot180_ComputeLevelExtent: [level] Compute extent of level
              RotatingSymmetry180::Rot180_ApplyBC: Apply 180 degree rotational symmetry boundary condition
            Boundary::Boundary_ClearSelection: [level] Unselect all grid variables for boundary conditions
        GROUP WeylScal4_psi4_calc_4th_bc_group: WeylScal4_psi4_calc_4th
          WeylScal4::WeylScal4_psi4_calc_4th_SelectBCs: [level] WeylScal4_psi4_calc_4th_SelectBCs
          GROUP WeylScal4_psi4_calc_4th_ApplyBCs: Apply BCs for groups set in WeylScal4_psi4_calc_4th
            GROUP BoundaryConditions: Execute all boundary conditions
              Boundary::Boundary_ApplyPhysicalBCs: Apply all requested local physical boundary conditions
              CartGrid3D::CartGrid3D_ApplyBC: Apply symmetry boundary conditions
              ReflectionSymmetry::ReflectionSymmetry_Apply: Apply reflection symmetries
              RotatingSymmetry180::Rot180_ComputeLevelExtent: [level] Compute extent of level
              RotatingSymmetry180::Rot180_ApplyBC: Apply 180 degree rotational symmetry boundary condition
            Boundary::Boundary_ClearSelection: [level] Unselect all grid variables for boundary conditions
--------------------------------------------------------------------------------
INFO (Carpet): Multi-Model listing:
   model 0: "world"
INFO (Carpet): Multi-Model process distribution:
   processes 0-7: model 0 "world"
INFO (Carpet): Multi-Model: This is process 0, model 0 "world"
INFO (CarpetLib): Process startup time was 20.8 seconds
Current core file size limit: hard=[unlimited], soft=[unlimited]
Current memory size limit: hard=[unlimited], soft=[unlimited]
INFO (CycleClock): Measuring CycleClock tick via OpenMP...
INFO (CycleClock): Calibrated CycleClock: 0.434685 ns per clock tick (2.30051 GHz)
INFO (hwloc): MPI process-to-host mapping:
This is MPI process 0 of 8
MPI hosts:
  0: nid07855
  1: nid05968
This MPI process runs on host 0 of 2
On this host, this is MPI process 0 of 4
INFO (hwloc): Topology support:
Discovery support:
  discovery->pu                            : yes
CPU binding support:
  cpubind->set_thisproc_cpubind            : yes
  cpubind->get_thisproc_cpubind            : yes
  cpubind->set_proc_cpubind                : yes
  cpubind->get_proc_cpubind                : yes
  cpubind->set_thisthread_cpubind          : yes
  cpubind->get_thisthread_cpubind          : yes
  cpubind->set_thread_cpubind              : yes
  cpubind->get_thread_cpubind              : yes
  cpubind->get_thisproc_last_cpu_location  : yes
  cpubind->get_proc_last_cpu_location      : yes
  cpubind->get_thisthread_last_cpu_location: yes
Memory binding support:
  membind->set_thisproc_membind            : no
  membind->get_thisproc_membind            : no
  membind->set_proc_membind                : no
  membind->get_proc_membind                : no
  membind->set_thisthread_membind          : yes
  membind->get_thisthread_membind          : yes
  membind->set_area_membind                : yes
  membind->get_area_membind                : yes
  membind->alloc_membind                   : yes
  membind->firsttouch_membind              : yes
  membind->bind_membind                    : yes
  membind->interleave_membind              : yes
  membind->replicate_membind               : no
  membind->nexttouch_membind               : no
  membind->migrate_membind                 : yes
INFO (hwloc): Hardware objects in this node:
Machine L#0: (P#0, total=67108480KB, Backend=Linux, LinuxCgroup=/3012721, OSName=Linux, OSRelease=2.6.32.59-0.7.1_1.0402.7496-cray_gem_c, OSVersion="#1 SMP Wed Aug 7 03:55:25 UTC 2013", HostName=nid07855, Architecture=x86_64)
  Socket L#0: (P#0, total=33554048KB, CPUModel="AMD Opteron(TM) Processor 6276                 ")
    NUMANode L#0: (P#0, local=16776832KB, total=16776832KB)
      L3Cache L#0: (P#-1, size=6144KB, linesize=64, ways=64)
        L2Cache L#0: (P#-1, size=2048KB, linesize=64, ways=16)
          L1dCache L#0: (P#-1, size=16KB, linesize=64, ways=4)
            Core L#0: (P#0)
              PU L#0: (P#0)
        L2Cache L#1: (P#-1, size=2048KB, linesize=64, ways=16)
          L1dCache L#1: (P#-1, size=16KB, linesize=64, ways=4)
            Core L#1: (P#1)
              PU L#1: (P#1)
        L2Cache L#2: (P#-1, size=2048KB, linesize=64, ways=16)
          L1dCache L#2: (P#-1, size=16KB, linesize=64, ways=4)
            Core L#2: (P#2)
              PU L#2: (P#2)
        L2Cache L#3: (P#-1, size=2048KB, linesize=64, ways=16)
          L1dCache L#3: (P#-1, size=16KB, linesize=64, ways=4)
            Core L#3: (P#3)
              PU L#3: (P#3)
        L2Cache L#4: (P#-1, size=2048KB, linesize=64, ways=16)
          L1dCache L#4: (P#-1, size=16KB, linesize=64, ways=4)
            Core L#4: (P#4)
              PU L#4: (P#4)
        L2Cache L#5: (P#-1, size=2048KB, linesize=64, ways=16)
          L1dCache L#5: (P#-1, size=16KB, linesize=64, ways=4)
            Core L#5: (P#5)
              PU L#5: (P#5)
        L2Cache L#6: (P#-1, size=2048KB, linesize=64, ways=16)
          L1dCache L#6: (P#-1, size=16KB, linesize=64, ways=4)
            Core L#6: (P#6)
              PU L#6: (P#6)
        L2Cache L#7: (P#-1, size=2048KB, linesize=64, ways=16)
          L1dCache L#7: (P#-1, size=16KB, linesize=64, ways=4)
            Core L#7: (P#7)
              PU L#7: (P#7)
    NUMANode L#1: (P#1, local=16777216KB, total=16777216KB)
      L3Cache L#1: (P#-1, size=6144KB, linesize=64, ways=64)
        L2Cache L#8: (P#-1, size=2048KB, linesize=64, ways=16)
          L1dCache L#8: (P#-1, size=16KB, linesize=64, ways=4)
            Core L#8: (P#0)
              PU L#8: (P#8)
        L2Cache L#9: (P#-1, size=2048KB, linesize=64, ways=16)
          L1dCache L#9: (P#-1, size=16KB, linesize=64, ways=4)
            Core L#9: (P#1)
              PU L#9: (P#9)
        L2Cache L#10: (P#-1, size=2048KB, linesize=64, ways=16)
          L1dCache L#10: (P#-1, size=16KB, linesize=64, ways=4)
            Core L#10: (P#2)
              PU L#10: (P#10)
        L2Cache L#11: (P#-1, size=2048KB, linesize=64, ways=16)
          L1dCache L#11: (P#-1, size=16KB, linesize=64, ways=4)
            Core L#11: (P#3)
              PU L#11: (P#11)
        L2Cache L#12: (P#-1, size=2048KB, linesize=64, ways=16)
          L1dCache L#12: (P#-1, size=16KB, linesize=64, ways=4)
            Core L#12: (P#4)
              PU L#12: (P#12)
        L2Cache L#13: (P#-1, size=2048KB, linesize=64, ways=16)
          L1dCache L#13: (P#-1, size=16KB, linesize=64, ways=4)
            Core L#13: (P#5)
              PU L#13: (P#13)
        L2Cache L#14: (P#-1, size=2048KB, linesize=64, ways=16)
          L1dCache L#14: (P#-1, size=16KB, linesize=64, ways=4)
            Core L#14: (P#6)
              PU L#14: (P#14)
        L2Cache L#15: (P#-1, size=2048KB, linesize=64, ways=16)
          L1dCache L#15: (P#-1, size=16KB, linesize=64, ways=4)
            Core L#15: (P#7)
              PU L#15: (P#15)
  Socket L#1: (P#1, total=33554432KB, CPUModel="AMD Opteron(TM) Processor 6276                 ")
    NUMANode L#2: (P#2, local=16777216KB, total=16777216KB)
      L3Cache L#2: (P#-1, size=6144KB, linesize=64, ways=64)
        L2Cache L#16: (P#-1, size=2048KB, linesize=64, ways=16)
          L1dCache L#16: (P#-1, size=16KB, linesize=64, ways=4)
            Core L#16: (P#0)
              PU L#16: (P#16)
        L2Cache L#17: (P#-1, size=2048KB, linesize=64, ways=16)
          L1dCache L#17: (P#-1, size=16KB, linesize=64, ways=4)
            Core L#17: (P#1)
              PU L#17: (P#17)
        L2Cache L#18: (P#-1, size=2048KB, linesize=64, ways=16)
          L1dCache L#18: (P#-1, size=16KB, linesize=64, ways=4)
            Core L#18: (P#2)
              PU L#18: (P#18)
        L2Cache L#19: (P#-1, size=2048KB, linesize=64, ways=16)
          L1dCache L#19: (P#-1, size=16KB, linesize=64, ways=4)
            Core L#19: (P#3)
              PU L#19: (P#19)
        L2Cache L#20: (P#-1, size=2048KB, linesize=64, ways=16)
          L1dCache L#20: (P#-1, size=16KB, linesize=64, ways=4)
            Core L#20: (P#4)
              PU L#20: (P#20)
        L2Cache L#21: (P#-1, size=2048KB, linesize=64, ways=16)
          L1dCache L#21: (P#-1, size=16KB, linesize=64, ways=4)
            Core L#21: (P#5)
              PU L#21: (P#21)
        L2Cache L#22: (P#-1, size=2048KB, linesize=64, ways=16)
          L1dCache L#22: (P#-1, size=16KB, linesize=64, ways=4)
            Core L#22: (P#6)
              PU L#22: (P#22)
        L2Cache L#23: (P#-1, size=2048KB, linesize=64, ways=16)
          L1dCache L#23: (P#-1, size=16KB, linesize=64, ways=4)
            Core L#23: (P#7)
              PU L#23: (P#23)
    NUMANode L#3: (P#3, local=16777216KB, total=16777216KB)
      L3Cache L#3: (P#-1, size=6144KB, linesize=64, ways=64)
        L2Cache L#24: (P#-1, size=2048KB, linesize=64, ways=16)
          L1dCache L#24: (P#-1, size=16KB, linesize=64, ways=4)
            Core L#24: (P#0)
              PU L#24: (P#24)
        L2Cache L#25: (P#-1, size=2048KB, linesize=64, ways=16)
          L1dCache L#25: (P#-1, size=16KB, linesize=64, ways=4)
            Core L#25: (P#1)
              PU L#25: (P#25)
        L2Cache L#26: (P#-1, size=2048KB, linesize=64, ways=16)
          L1dCache L#26: (P#-1, size=16KB, linesize=64, ways=4)
            Core L#26: (P#2)
              PU L#26: (P#26)
        L2Cache L#27: (P#-1, size=2048KB, linesize=64, ways=16)
          L1dCache L#27: (P#-1, size=16KB, linesize=64, ways=4)
            Core L#27: (P#3)
              PU L#27: (P#27)
        L2Cache L#28: (P#-1, size=2048KB, linesize=64, ways=16)
          L1dCache L#28: (P#-1, size=16KB, linesize=64, ways=4)
            Core L#28: (P#4)
              PU L#28: (P#28)
        L2Cache L#29: (P#-1, size=2048KB, linesize=64, ways=16)
          L1dCache L#29: (P#-1, size=16KB, linesize=64, ways=4)
            Core L#29: (P#5)
              PU L#29: (P#29)
        L2Cache L#30: (P#-1, size=2048KB, linesize=64, ways=16)
          L1dCache L#30: (P#-1, size=16KB, linesize=64, ways=4)
            Core L#30: (P#6)
              PU L#30: (P#30)
        L2Cache L#31: (P#-1, size=2048KB, linesize=64, ways=16)
          L1dCache L#31: (P#-1, size=16KB, linesize=64, ways=4)
            Core L#31: (P#7)
              PU L#31: (P#31)
INFO (hwloc): Thread CPU bindings:
  MPI process 0 on host 0 (process 0 of 4 on this host)
    OpenMP thread 0: PU set L#{0-7} P#{0-7}
    OpenMP thread 1: PU set L#{0-7} P#{0-7}
    OpenMP thread 2: PU set L#{0-7} P#{0-7}
    OpenMP thread 3: PU set L#{0-7} P#{0-7}
    OpenMP thread 4: PU set L#{0-7} P#{0-7}
    OpenMP thread 5: PU set L#{0-7} P#{0-7}
    OpenMP thread 6: PU set L#{0-7} P#{0-7}
    OpenMP thread 7: PU set L#{0-7} P#{0-7}
  MPI process 1 on host 0 (process 1 of 4 on this host)
    OpenMP thread 0: PU set L#{8-15} P#{8-15}
    OpenMP thread 1: PU set L#{8-15} P#{8-15}
    OpenMP thread 2: PU set L#{8-15} P#{8-15}
    OpenMP thread 3: PU set L#{8-15} P#{8-15}
    OpenMP thread 4: PU set L#{8-15} P#{8-15}
    OpenMP thread 5: PU set L#{8-15} P#{8-15}
    OpenMP thread 6: PU set L#{8-15} P#{8-15}
    OpenMP thread 7: PU set L#{8-15} P#{8-15}
  MPI process 2 on host 0 (process 2 of 4 on this host)
    OpenMP thread 0: PU set L#{16-23} P#{16-23}
    OpenMP thread 1: PU set L#{16-23} P#{16-23}
    OpenMP thread 2: PU set L#{16-23} P#{16-23}
    OpenMP thread 3: PU set L#{16-23} P#{16-23}
    OpenMP thread 4: PU set L#{16-23} P#{16-23}
    OpenMP thread 5: PU set L#{16-23} P#{16-23}
    OpenMP thread 6: PU set L#{16-23} P#{16-23}
    OpenMP thread 7: PU set L#{16-23} P#{16-23}
  MPI process 3 on host 0 (process 3 of 4 on this host)
    OpenMP thread 0: PU set L#{24-31} P#{24-31}
    OpenMP thread 1: PU set L#{24-31} P#{24-31}
    OpenMP thread 2: PU set L#{24-31} P#{24-31}
    OpenMP thread 3: PU set L#{24-31} P#{24-31}
    OpenMP thread 4: PU set L#{24-31} P#{24-31}
    OpenMP thread 5: PU set L#{24-31} P#{24-31}
    OpenMP thread 6: PU set L#{24-31} P#{24-31}
    OpenMP thread 7: PU set L#{24-31} P#{24-31}
INFO (hwloc): Setting thread CPU bindings:
INFO (hwloc): Thread CPU bindings:
  MPI process 0 on host 0 (process 0 of 4 on this host)
    OpenMP thread 0: PU set L#{0} P#{0}
    OpenMP thread 1: PU set L#{1} P#{1}
    OpenMP thread 2: PU set L#{2} P#{2}
    OpenMP thread 3: PU set L#{3} P#{3}
    OpenMP thread 4: PU set L#{4} P#{4}
    OpenMP thread 5: PU set L#{5} P#{5}
    OpenMP thread 6: PU set L#{6} P#{6}
    OpenMP thread 7: PU set L#{7} P#{7}
  MPI process 1 on host 0 (process 1 of 4 on this host)
    OpenMP thread 0: PU set L#{8} P#{8}
    OpenMP thread 1: PU set L#{9} P#{9}
    OpenMP thread 2: PU set L#{10} P#{10}
    OpenMP thread 3: PU set L#{11} P#{11}
    OpenMP thread 4: PU set L#{12} P#{12}
    OpenMP thread 5: PU set L#{13} P#{13}
    OpenMP thread 6: PU set L#{14} P#{14}
    OpenMP thread 7: PU set L#{15} P#{15}
  MPI process 2 on host 0 (process 2 of 4 on this host)
    OpenMP thread 0: PU set L#{16} P#{16}
    OpenMP thread 1: PU set L#{17} P#{17}
    OpenMP thread 2: PU set L#{18} P#{18}
    OpenMP thread 3: PU set L#{19} P#{19}
    OpenMP thread 4: PU set L#{20} P#{20}
    OpenMP thread 5: PU set L#{21} P#{21}
    OpenMP thread 6: PU set L#{22} P#{22}
    OpenMP thread 7: PU set L#{23} P#{23}
  MPI process 3 on host 0 (process 3 of 4 on this host)
    OpenMP thread 0: PU set L#{24} P#{24}
    OpenMP thread 1: PU set L#{25} P#{25}
    OpenMP thread 2: PU set L#{26} P#{26}
    OpenMP thread 3: PU set L#{27} P#{27}
    OpenMP thread 4: PU set L#{28} P#{28}
    OpenMP thread 5: PU set L#{29} P#{29}
    OpenMP thread 6: PU set L#{30} P#{30}
    OpenMP thread 7: PU set L#{31} P#{31}
INFO (hwloc): Extracting CPU/cache/memory properties:
  There are 1 PUs per core (aka hardware SMT threads)
  There are 1 threads per core (aka SMT threads used)
  Cache (unknown name) has type "data" depth 1
    size 16384 linesize 64 associativity 4 stride 4096, for 1 PUs
  Cache (unknown name) has type "unified" depth 2
    size 2097152 linesize 64 associativity 16 stride 131072, for 1 PUs
  Cache (unknown name) has type "unified" depth 3
    size 6291456 linesize 64 associativity 64 stride 98304, for 8 PUs
  Memory has type "local" depth 2
    size 17179475968 pagesize 4096, for 8 PUs
  Memory has type "global" depth 2
    size 68717903872 pagesize 4096, for 32 PUs
INFO (Formaline): Configuration id: config-bns_all-h2ologin3.ncsa.illinois.edu-mnt-a-u-sciteam-rhaas-Zelmani
INFO (Formaline): Build id: build-bns_all-h2ologin3.ncsa.illinois.edu-rhaas-2014.01.23-03.51.26-16263
INFO (Formaline): Simulation id: run-qc0-mclachlan-nid07855-rhaas-2014.01.23-04.02.54-21255
INFO (Formaline): Run id: run-qc0-mclachlan-nid07855-rhaas-2014.01.23-04.02.54-21255
INFO (Vectors): Using vector size 1 for architecture scalar (no vectorisation, 64-bit precision)
--------------------------------------------------------------------------------
AMR driver provided by Carpet
--------------------------------------------------------------------------------
AMR info I/O provided by CarpetIOBasic
--------------------------------------------------------------------------------
ML_ADMConstraints
--------------------------------------------------------------------------------
ML_BSSN
--------------------------------------------------------------------------------
AMR HDF5 I/O provided by CarpetIOHDF5
--------------------------------------------------------------------------------
AMR 0D HDF5 I/O provided by CarpetIOHDF5
--------------------------------------------------------------------------------
AMR 1D HDF5 I/O provided by CarpetIOHDF5
--------------------------------------------------------------------------------
AMR 2D HDF5 I/O provided by CarpetIOHDF5
--------------------------------------------------------------------------------
AMR 3D HDF5 I/O provided by CarpetIOHDF5
--------------------------------------------------------------------------------
MoL: Generalized time integration.
--------------------------------------------------------------------------------
AMR scalar I/O provided by CarpetIOScalar
--------------------------------------------------------------------------------
WeylScal4
--------------------------------------------------------------------------------
AMR 0D ASCII I/O provided by CarpetIOASCII
--------------------------------------------------------------------------------
AMR 1D ASCII I/O provided by CarpetIOASCII
--------------------------------------------------------------------------------
AMR 2D ASCII I/O provided by CarpetIOASCII
--------------------------------------------------------------------------------
AMR 3D ASCII I/O provided by CarpetIOASCII
--------------------------------------------------------------------------------

INFO (Carpet): MPI is enabled
INFO (Carpet): Carpet is running on 8 processes
INFO (Carpet): This is process 0
INFO (Carpet): OpenMP is enabled
INFO (Carpet): This process contains 8 threads, this is thread 0
INFO (Carpet): There are 64 threads in total
INFO (Carpet): There are 8 threads per process
INFO (Carpet): This process runs on host nid07855, pid=21255
INFO (Carpet): This process runs on 8 cores: 0-7
INFO (Carpet): Thread 0 runs on 1 core: 0
INFO (Carpet): Thread 1 runs on 1 core: 1
INFO (Carpet): Thread 2 runs on 1 core: 2
INFO (Carpet): Thread 3 runs on 1 core: 3
INFO (Carpet): Thread 4 runs on 1 core: 4
INFO (Carpet): Thread 5 runs on 1 core: 5
INFO (Carpet): Thread 6 runs on 1 core: 6
INFO (Carpet): Thread 7 runs on 1 core: 7
INFO (Carpet): This simulation is running in 3 dimensions
INFO (Carpet): Boundary specification for map 0:
   nboundaryzones: [[3,3,3],[3,3,3]]
   is_internal   : [[0,0,0],[0,0,0]]
   is_staggered  : [[0,0,0],[0,0,0]]
   shiftout      : [[1,0,1],[0,0,0]]
INFO (Carpet): CoordBase domain specification for map 0:
   physical extent: [0,-120,0] : [120,120,120]   ([120,240,120])
   interior extent: [0,-118,0] : [118,118,118]   ([118,236,118])
   exterior extent: [-6,-124,-6] : [124,124,124]   ([130,248,130])
   base_spacing   : [2,2,2]
INFO (Carpet): Adapted domain specification for map 0:
   convergence factor: 2
   convergence level : 0
   physical extent   : [0,-120,0] : [120,120,120]   ([120,240,120])
   interior extent   : [0,-118,0] : [118,118,118]   ([118,236,118])
   exterior extent   : [-6,-124,-6] : [124,124,124]   ([130,248,130])
   spacing           : [2,2,2]
INFO (Carpet): Base grid specification for map 0:
   number of grid points             : [66,125,66]
   number of coarse grid ghost points: [[3,3,3],[3,3,3]]
INFO (Carpet): Buffer zone counts (excluding ghosts):
   [0]: [[0,0,0],[0,0,0]]
   [1]: [[9,9,9],[9,9,9]]
   [2]: [[9,9,9],[9,9,9]]
   [3]: [[9,9,9],[9,9,9]]
   [4]: [[9,9,9],[9,9,9]]
   [5]: [[9,9,9],[9,9,9]]
   [6]: [[9,9,9],[9,9,9]]
   [7]: [[9,9,9],[9,9,9]]
   [8]: [[9,9,9],[9,9,9]]
   [9]: [[9,9,9],[9,9,9]]
INFO (Carpet): Overlap zone counts:
   [0]: [[0,0,0],[0,0,0]]
   [1]: [[0,0,0],[0,0,0]]
   [2]: [[0,0,0],[0,0,0]]
   [3]: [[0,0,0],[0,0,0]]
   [4]: [[0,0,0],[0,0,0]]
   [5]: [[0,0,0],[0,0,0]]
   [6]: [[0,0,0],[0,0,0]]
   [7]: [[0,0,0],[0,0,0]]
   [8]: [[0,0,0],[0,0,0]]
   [9]: [[0,0,0],[0,0,0]]
INFO (Carpet): Group and variable statistics:
INFO (Carpet):    There are 436 grid functions in 80 groups
INFO (Carpet):    There are 1020 grid scalars in 66 groups
INFO (Carpet):    There are 81 1-dimensional grid arrays in 7 groups
INFO (Carpet):    There are 415 2-dimensional grid arrays in 17 groups
INFO (Carpet):    There are 6 3-dimensional grid arrays in 1 groups
INFO (Carpet):    (The number of variables counts all time levels)
INFO (CarpetIOHDF5): I/O Method 'IOHDF5' registered: AMR output of grid variables to HDF5 files
INFO (CarpetIOHDF5): Periodic AMR output requested for:
   ADMBASE::gxx
   ADMBASE::gxy
   ADMBASE::gxz
   ADMBASE::gyy
   ADMBASE::gyz
   ADMBASE::gzz
   ADMBASE::kxx
   ADMBASE::kxy
   ADMBASE::kxz
   ADMBASE::kyy
   ADMBASE::kyz
   ADMBASE::kzz
   ADMBASE::alp
   ADMBASE::betax
   ADMBASE::betay
   ADMBASE::betaz
   ADMBASE::dtalp
   ADMBASE::dtbetax
   ADMBASE::dtbetay
   ADMBASE::dtbetaz
   CARPETREDUCE::weight
   ML_ADMCONSTRAINTS::H
   ML_ADMCONSTRAINTS::M1
   ML_ADMCONSTRAINTS::M2
   ML_ADMCONSTRAINTS::M3
   WEYLSCAL4::Psi4r
   WEYLSCAL4::Psi4i
INFO (CarpetIOHDF5): I/O Method 'IOHDF5_0D' registered: 0D AMR output of grid variables to HDF5 files
INFO (CarpetIOHDF5): I/O Method 'IOHDF5_1D' registered: 1D AMR output of grid variables to HDF5 files
INFO (CarpetIOHDF5): I/O Method 'IOHDF5_2D' registered: 2D AMR output of grid variables to HDF5 files
INFO (CarpetIOHDF5): I/O Method 'IOHDF5_3D' registered: 3D AMR output of grid variables to HDF5 files
INFO (CarpetIOScalar): Periodic scalar output requested for:
   ADMBASE::gxx
   ADMBASE::gxy
   ADMBASE::gxz
   ADMBASE::gyy
   ADMBASE::gyz
   ADMBASE::gzz
   ADMBASE::kxx
   ADMBASE::kxy
   ADMBASE::kxz
   ADMBASE::kyy
   ADMBASE::kyz
   ADMBASE::kzz
   ADMBASE::alp
   ADMBASE::betax
   ADMBASE::betay
   ADMBASE::betaz
   ADMBASE::dtalp
   ADMBASE::dtbetax
   ADMBASE::dtbetay
   ADMBASE::dtbetaz
   CARPETREDUCE::weight
   ML_ADMCONSTRAINTS::H
   ML_ADMCONSTRAINTS::M1
   ML_ADMCONSTRAINTS::M2
   ML_ADMCONSTRAINTS::M3
   QUASILOCALMEASURES::qlm_npkappa[0]
   QUASILOCALMEASURES::qlm_npkappa[1]
   QUASILOCALMEASURES::qlm_npkappa[2]
   QUASILOCALMEASURES::qlm_npkappa[3]
   QUASILOCALMEASURES::qlm_npkappa[4]
   QUASILOCALMEASURES::qlm_npkappa[5]
   QUASILOCALMEASURES::qlm_nptau[0]
   QUASILOCALMEASURES::qlm_nptau[1]
   QUASILOCALMEASURES::qlm_nptau[2]
   QUASILOCALMEASURES::qlm_nptau[3]
   QUASILOCALMEASURES::qlm_nptau[4]
   QUASILOCALMEASURES::qlm_nptau[5]
   QUASILOCALMEASURES::qlm_npsigma[0]
   QUASILOCALMEASURES::qlm_npsigma[1]
   QUASILOCALMEASURES::qlm_npsigma[2]
   QUASILOCALMEASURES::qlm_npsigma[3]
   QUASILOCALMEASURES::qlm_npsigma[4]
   QUASILOCALMEASURES::qlm_npsigma[5]
   QUASILOCALMEASURES::qlm_nprho[0]
   QUASILOCALMEASURES::qlm_nprho[1]
   QUASILOCALMEASURES::qlm_nprho[2]
   QUASILOCALMEASURES::qlm_nprho[3]
   QUASILOCALMEASURES::qlm_nprho[4]
   QUASILOCALMEASURES::qlm_nprho[5]
   QUASILOCALMEASURES::qlm_npepsilon[0]
   QUASILOCALMEASURES::qlm_npepsilon[1]
   QUASILOCALMEASURES::qlm_npepsilon[2]
   QUASILOCALMEASURES::qlm_npepsilon[3]
   QUASILOCALMEASURES::qlm_npepsilon[4]
   QUASILOCALMEASURES::qlm_npepsilon[5]
   QUASILOCALMEASURES::qlm_npgamma[0]
   QUASILOCALMEASURES::qlm_npgamma[1]
   QUASILOCALMEASURES::qlm_npgamma[2]
   QUASILOCALMEASURES::qlm_npgamma[3]
   QUASILOCALMEASURES::qlm_npgamma[4]
   QUASILOCALMEASURES::qlm_npgamma[5]
   QUASILOCALMEASURES::qlm_npbeta[0]
   QUASILOCALMEASURES::qlm_npbeta[1]
   QUASILOCALMEASURES::qlm_npbeta[2]
   QUASILOCALMEASURES::qlm_npbeta[3]
   QUASILOCALMEASURES::qlm_npbeta[4]
   QUASILOCALMEASURES::qlm_npbeta[5]
   QUASILOCALMEASURES::qlm_npalpha[0]
   QUASILOCALMEASURES::qlm_npalpha[1]
   QUASILOCALMEASURES::qlm_npalpha[2]
   QUASILOCALMEASURES::qlm_npalpha[3]
   QUASILOCALMEASURES::qlm_npalpha[4]
   QUASILOCALMEASURES::qlm_npalpha[5]
   QUASILOCALMEASURES::qlm_nppi[0]
   QUASILOCALMEASURES::qlm_nppi[1]
   QUASILOCALMEASURES::qlm_nppi[2]
   QUASILOCALMEASURES::qlm_nppi[3]
   QUASILOCALMEASURES::qlm_nppi[4]
   QUASILOCALMEASURES::qlm_nppi[5]
   QUASILOCALMEASURES::qlm_npnu[0]
   QUASILOCALMEASURES::qlm_npnu[1]
   QUASILOCALMEASURES::qlm_npnu[2]
   QUASILOCALMEASURES::qlm_npnu[3]
   QUASILOCALMEASURES::qlm_npnu[4]
   QUASILOCALMEASURES::qlm_npnu[5]
   QUASILOCALMEASURES::qlm_npmu[0]
   QUASILOCALMEASURES::qlm_npmu[1]
   QUASILOCALMEASURES::qlm_npmu[2]
   QUASILOCALMEASURES::qlm_npmu[3]
   QUASILOCALMEASURES::qlm_npmu[4]
   QUASILOCALMEASURES::qlm_npmu[5]
   QUASILOCALMEASURES::qlm_nplambda[0]
   QUASILOCALMEASURES::qlm_nplambda[1]
   QUASILOCALMEASURES::qlm_nplambda[2]
   QUASILOCALMEASURES::qlm_nplambda[3]
   QUASILOCALMEASURES::qlm_nplambda[4]
   QUASILOCALMEASURES::qlm_nplambda[5]
   QUASILOCALMEASURES::qlm_psi0[0]
   QUASILOCALMEASURES::qlm_psi0[1]
   QUASILOCALMEASURES::qlm_psi0[2]
   QUASILOCALMEASURES::qlm_psi0[3]
   QUASILOCALMEASURES::qlm_psi0[4]
   QUASILOCALMEASURES::qlm_psi0[5]
   QUASILOCALMEASURES::qlm_psi1[0]
   QUASILOCALMEASURES::qlm_psi1[1]
   QUASILOCALMEASURES::qlm_psi1[2]
   QUASILOCALMEASURES::qlm_psi1[3]
   QUASILOCALMEASURES::qlm_psi1[4]
   QUASILOCALMEASURES::qlm_psi1[5]
   QUASILOCALMEASURES::qlm_psi2[0]
   QUASILOCALMEASURES::qlm_psi2[1]
   QUASILOCALMEASURES::qlm_psi2[2]
   QUASILOCALMEASURES::qlm_psi2[3]
   QUASILOCALMEASURES::qlm_psi2[4]
   QUASILOCALMEASURES::qlm_psi2[5]
   QUASILOCALMEASURES::qlm_psi3[0]
   QUASILOCALMEASURES::qlm_psi3[1]
   QUASILOCALMEASURES::qlm_psi3[2]
   QUASILOCALMEASURES::qlm_psi3[3]
   QUASILOCALMEASURES::qlm_psi3[4]
   QUASILOCALMEASURES::qlm_psi3[5]
   QUASILOCALMEASURES::qlm_psi4[0]
   QUASILOCALMEASURES::qlm_psi4[1]
   QUASILOCALMEASURES::qlm_psi4[2]
   QUASILOCALMEASURES::qlm_psi4[3]
   QUASILOCALMEASURES::qlm_psi4[4]
   QUASILOCALMEASURES::qlm_psi4[5]
   QUASILOCALMEASURES::qlm_i[0]
   QUASILOCALMEASURES::qlm_i[1]
   QUASILOCALMEASURES::qlm_i[2]
   QUASILOCALMEASURES::qlm_i[3]
   QUASILOCALMEASURES::qlm_i[4]
   QUASILOCALMEASURES::qlm_i[5]
   QUASILOCALMEASURES::qlm_j[0]
   QUASILOCALMEASURES::qlm_j[1]
   QUASILOCALMEASURES::qlm_j[2]
   QUASILOCALMEASURES::qlm_j[3]
   QUASILOCALMEASURES::qlm_j[4]
   QUASILOCALMEASURES::qlm_j[5]
   QUASILOCALMEASURES::qlm_s[0]
   QUASILOCALMEASURES::qlm_s[1]
   QUASILOCALMEASURES::qlm_s[2]
   QUASILOCALMEASURES::qlm_s[3]
   QUASILOCALMEASURES::qlm_s[4]
   QUASILOCALMEASURES::qlm_s[5]
   QUASILOCALMEASURES::qlm_sdiff[0]
   QUASILOCALMEASURES::qlm_sdiff[1]
   QUASILOCALMEASURES::qlm_sdiff[2]
   QUASILOCALMEASURES::qlm_sdiff[3]
   QUASILOCALMEASURES::qlm_sdiff[4]
   QUASILOCALMEASURES::qlm_sdiff[5]
   QUASILOCALMEASURES::qlm_phi00[0]
   QUASILOCALMEASURES::qlm_phi00[1]
   QUASILOCALMEASURES::qlm_phi00[2]
   QUASILOCALMEASURES::qlm_phi00[3]
   QUASILOCALMEASURES::qlm_phi00[4]
   QUASILOCALMEASURES::qlm_phi00[5]
   QUASILOCALMEASURES::qlm_phi11[0]
   QUASILOCALMEASURES::qlm_phi11[1]
   QUASILOCALMEASURES::qlm_phi11[2]
   QUASILOCALMEASURES::qlm_phi11[3]
   QUASILOCALMEASURES::qlm_phi11[4]
   QUASILOCALMEASURES::qlm_phi11[5]
   QUASILOCALMEASURES::qlm_phi01[0]
   QUASILOCALMEASURES::qlm_phi01[1]
   QUASILOCALMEASURES::qlm_phi01[2]
   QUASILOCALMEASURES::qlm_phi01[3]
   QUASILOCALMEASURES::qlm_phi01[4]
   QUASILOCALMEASURES::qlm_phi01[5]
   QUASILOCALMEASURES::qlm_phi12[0]
   QUASILOCALMEASURES::qlm_phi12[1]
   QUASILOCALMEASURES::qlm_phi12[2]
   QUASILOCALMEASURES::qlm_phi12[3]
   QUASILOCALMEASURES::qlm_phi12[4]
   QUASILOCALMEASURES::qlm_phi12[5]
   QUASILOCALMEASURES::qlm_phi10[0]
   QUASILOCALMEASURES::qlm_phi10[1]
   QUASILOCALMEASURES::qlm_phi10[2]
   QUASILOCALMEASURES::qlm_phi10[3]
   QUASILOCALMEASURES::qlm_phi10[4]
   QUASILOCALMEASURES::qlm_phi10[5]
   QUASILOCALMEASURES::qlm_phi21[0]
   QUASILOCALMEASURES::qlm_phi21[1]
   QUASILOCALMEASURES::qlm_phi21[2]
   QUASILOCALMEASURES::qlm_phi21[3]
   QUASILOCALMEASURES::qlm_phi21[4]
   QUASILOCALMEASURES::qlm_phi21[5]
   QUASILOCALMEASURES::qlm_phi02[0]
   QUASILOCALMEASURES::qlm_phi02[1]
   QUASILOCALMEASURES::qlm_phi02[2]
   QUASILOCALMEASURES::qlm_phi02[3]
   QUASILOCALMEASURES::qlm_phi02[4]
   QUASILOCALMEASURES::qlm_phi02[5]
   QUASILOCALMEASURES::qlm_phi22[0]
   QUASILOCALMEASURES::qlm_phi22[1]
   QUASILOCALMEASURES::qlm_phi22[2]
   QUASILOCALMEASURES::qlm_phi22[3]
   QUASILOCALMEASURES::qlm_phi22[4]
   QUASILOCALMEASURES::qlm_phi22[5]
   QUASILOCALMEASURES::qlm_phi20[0]
   QUASILOCALMEASURES::qlm_phi20[1]
   QUASILOCALMEASURES::qlm_phi20[2]
   QUASILOCALMEASURES::qlm_phi20[3]
   QUASILOCALMEASURES::qlm_phi20[4]
   QUASILOCALMEASURES::qlm_phi20[5]
   QUASILOCALMEASURES::qlm_lambda[0]
   QUASILOCALMEASURES::qlm_lambda[1]
   QUASILOCALMEASURES::qlm_lambda[2]
   QUASILOCALMEASURES::qlm_lambda[3]
   QUASILOCALMEASURES::qlm_lambda[4]
   QUASILOCALMEASURES::qlm_lambda[5]
   QUASILOCALMEASURES::qlm_lie_n_theta_l[0]
   QUASILOCALMEASURES::qlm_lie_n_theta_l[1]
   QUASILOCALMEASURES::qlm_lie_n_theta_l[2]
   QUASILOCALMEASURES::qlm_lie_n_theta_l[3]
   QUASILOCALMEASURES::qlm_lie_n_theta_l[4]
   QUASILOCALMEASURES::qlm_lie_n_theta_l[5]
   QUASILOCALMEASURES::qlm_qtt[0]
   QUASILOCALMEASURES::qlm_qtt[1]
   QUASILOCALMEASURES::qlm_qtt[2]
   QUASILOCALMEASURES::qlm_qtt[3]
   QUASILOCALMEASURES::qlm_qtt[4]
   QUASILOCALMEASURES::qlm_qtt[5]
   QUASILOCALMEASURES::qlm_qtp[0]
   QUASILOCALMEASURES::qlm_qtp[1]
   QUASILOCALMEASURES::qlm_qtp[2]
   QUASILOCALMEASURES::qlm_qtp[3]
   QUASILOCALMEASURES::qlm_qtp[4]
   QUASILOCALMEASURES::qlm_qtp[5]
   QUASILOCALMEASURES::qlm_qpp[0]
   QUASILOCALMEASURES::qlm_qpp[1]
   QUASILOCALMEASURES::qlm_qpp[2]
   QUASILOCALMEASURES::qlm_qpp[3]
   QUASILOCALMEASURES::qlm_qpp[4]
   QUASILOCALMEASURES::qlm_qpp[5]
   QUASILOCALMEASURES::qlm_rsc[0]
   QUASILOCALMEASURES::qlm_rsc[1]
   QUASILOCALMEASURES::qlm_rsc[2]
   QUASILOCALMEASURES::qlm_rsc[3]
   QUASILOCALMEASURES::qlm_rsc[4]
   QUASILOCALMEASURES::qlm_rsc[5]
   QUASILOCALMEASURES::qlm_xi_t[0]
   QUASILOCALMEASURES::qlm_xi_t[1]
   QUASILOCALMEASURES::qlm_xi_t[2]
   QUASILOCALMEASURES::qlm_xi_t[3]
   QUASILOCALMEASURES::qlm_xi_t[4]
   QUASILOCALMEASURES::qlm_xi_t[5]
   QUASILOCALMEASURES::qlm_xi_p[0]
   QUASILOCALMEASURES::qlm_xi_p[1]
   QUASILOCALMEASURES::qlm_xi_p[2]
   QUASILOCALMEASURES::qlm_xi_p[3]
   QUASILOCALMEASURES::qlm_xi_p[4]
   QUASILOCALMEASURES::qlm_xi_p[5]
   QUASILOCALMEASURES::qlm_chi[0]
   QUASILOCALMEASURES::qlm_chi[1]
   QUASILOCALMEASURES::qlm_chi[2]
   QUASILOCALMEASURES::qlm_chi[3]
   QUASILOCALMEASURES::qlm_chi[4]
   QUASILOCALMEASURES::qlm_chi[5]
   QUASILOCALMEASURES::qlm_lqtt[0]
   QUASILOCALMEASURES::qlm_lqtt[1]
   QUASILOCALMEASURES::qlm_lqtt[2]
   QUASILOCALMEASURES::qlm_lqtt[3]
   QUASILOCALMEASURES::qlm_lqtt[4]
   QUASILOCALMEASURES::qlm_lqtt[5]
   QUASILOCALMEASURES::qlm_lqtp[0]
   QUASILOCALMEASURES::qlm_lqtp[1]
   QUASILOCALMEASURES::qlm_lqtp[2]
   QUASILOCALMEASURES::qlm_lqtp[3]
   QUASILOCALMEASURES::qlm_lqtp[4]
   QUASILOCALMEASURES::qlm_lqtp[5]
   QUASILOCALMEASURES::qlm_lqpp[0]
   QUASILOCALMEASURES::qlm_lqpp[1]
   QUASILOCALMEASURES::qlm_lqpp[2]
   QUASILOCALMEASURES::qlm_lqpp[3]
   QUASILOCALMEASURES::qlm_lqpp[4]
   QUASILOCALMEASURES::qlm_lqpp[5]
   QUASILOCALMEASURES::qlm_inv_z[0]
   QUASILOCALMEASURES::qlm_inv_z[1]
   QUASILOCALMEASURES::qlm_inv_z[2]
   QUASILOCALMEASURES::qlm_inv_z[3]
   QUASILOCALMEASURES::qlm_inv_z[4]
   QUASILOCALMEASURES::qlm_inv_z[5]
   QUASILOCALMEASURES::qlm_3det[0]
   QUASILOCALMEASURES::qlm_3det[1]
   QUASILOCALMEASURES::qlm_3det[2]
   QUASILOCALMEASURES::qlm_3det[3]
   QUASILOCALMEASURES::qlm_3det[4]
   QUASILOCALMEASURES::qlm_3det[5]
   SPHERICALSURFACE::sf_radius[0]
   SPHERICALSURFACE::sf_radius[1]
   SPHERICALSURFACE::sf_radius[2]
   SPHERICALSURFACE::sf_radius[3]
   SPHERICALSURFACE::sf_radius[4]
   SPHERICALSURFACE::sf_radius[5]
   WEYLSCAL4::Psi4r
   WEYLSCAL4::Psi4i
INFO (CarpetIOASCII): I/O Method 'IOASCII_0D' registered: 0D AMR output of grid variables to ASCII files
INFO (CarpetIOASCII): Periodic 0D AMR output requested for:
   ADMBASE::gxx
   ADMBASE::gxy
   ADMBASE::gxz
   ADMBASE::gyy
   ADMBASE::gyz
   ADMBASE::gzz
   ADMBASE::kxx
   ADMBASE::kxy
   ADMBASE::kxz
   ADMBASE::kyy
   ADMBASE::kyz
   ADMBASE::kzz
   ADMBASE::alp
   ADMBASE::betax
   ADMBASE::betay
   ADMBASE::betaz
   ADMBASE::dtalp
   ADMBASE::dtbetax
   ADMBASE::dtbetay
   ADMBASE::dtbetaz
   CARPET::physical_time_per_hour
   CARPET::current_physical_time_per_hour
   CARPET::time_total
   CARPET::time_evolution
   CARPET::time_computing
   CARPET::time_communicating
   CARPET::time_io
   CARPET::evolution_steps_count
   CARPET::local_grid_points_per_second
   CARPET::total_grid_points_per_second
   CARPET::local_grid_point_updates_count
   CARPET::total_grid_point_updates_count
   CARPET::local_interior_points_per_second
   CARPET::total_interior_points_per_second
   CARPET::local_interior_point_updates_count
   CARPET::total_interior_point_updates_count
   CARPET::io_per_second
   CARPET::io_bytes_per_second
   CARPET::io_bytes_ascii_per_second
   CARPET::io_bytes_binary_per_second
   CARPET::io_count
   CARPET::io_bytes_count
   CARPET::io_bytes_ascii_count
   CARPET::io_bytes_binary_count
   CARPET::comm_per_second
   CARPET::comm_bytes_per_second
   CARPET::comm_count
   CARPET::comm_bytes_count
   CARPET::time_levels
   CARPETREDUCE::weight
   ML_ADMCONSTRAINTS::H
   ML_ADMCONSTRAINTS::M1
   ML_ADMCONSTRAINTS::M2
   ML_ADMCONSTRAINTS::M3
   QUASILOCALMEASURES::qlm_calc_error[0]
   QUASILOCALMEASURES::qlm_calc_error[1]
   QUASILOCALMEASURES::qlm_calc_error[2]
   QUASILOCALMEASURES::qlm_calc_error[3]
   QUASILOCALMEASURES::qlm_calc_error[4]
   QUASILOCALMEASURES::qlm_calc_error[5]
   QUASILOCALMEASURES::qlm_have_valid_data[0]
   QUASILOCALMEASURES::qlm_have_valid_data[1]
   QUASILOCALMEASURES::qlm_have_valid_data[2]
   QUASILOCALMEASURES::qlm_have_valid_data[3]
   QUASILOCALMEASURES::qlm_have_valid_data[4]
   QUASILOCALMEASURES::qlm_have_valid_data[5]
   QUASILOCALMEASURES::qlm_have_killing_vector[0]
   QUASILOCALMEASURES::qlm_have_killing_vector[1]
   QUASILOCALMEASURES::qlm_have_killing_vector[2]
   QUASILOCALMEASURES::qlm_have_killing_vector[3]
   QUASILOCALMEASURES::qlm_have_killing_vector[4]
   QUASILOCALMEASURES::qlm_have_killing_vector[5]
   QUASILOCALMEASURES::qlm_timederiv_order[0]
   QUASILOCALMEASURES::qlm_timederiv_order[1]
   QUASILOCALMEASURES::qlm_timederiv_order[2]
   QUASILOCALMEASURES::qlm_timederiv_order[3]
   QUASILOCALMEASURES::qlm_timederiv_order[4]
   QUASILOCALMEASURES::qlm_timederiv_order[5]
   QUASILOCALMEASURES::qlm_iteration[0]
   QUASILOCALMEASURES::qlm_iteration[1]
   QUASILOCALMEASURES::qlm_iteration[2]
   QUASILOCALMEASURES::qlm_iteration[3]
   QUASILOCALMEASURES::qlm_iteration[4]
   QUASILOCALMEASURES::qlm_iteration[5]
   QUASILOCALMEASURES::qlm_nghoststheta[0]
   QUASILOCALMEASURES::qlm_nghoststheta[1]
   QUASILOCALMEASURES::qlm_nghoststheta[2]
   QUASILOCALMEASURES::qlm_nghoststheta[3]
   QUASILOCALMEASURES::qlm_nghoststheta[4]
   QUASILOCALMEASURES::qlm_nghoststheta[5]
   QUASILOCALMEASURES::qlm_nghostsphi[0]
   QUASILOCALMEASURES::qlm_nghostsphi[1]
   QUASILOCALMEASURES::qlm_nghostsphi[2]
   QUASILOCALMEASURES::qlm_nghostsphi[3]
   QUASILOCALMEASURES::qlm_nghostsphi[4]
   QUASILOCALMEASURES::qlm_nghostsphi[5]
   QUASILOCALMEASURES::qlm_ntheta[0]
   QUASILOCALMEASURES::qlm_ntheta[1]
   QUASILOCALMEASURES::qlm_ntheta[2]
   QUASILOCALMEASURES::qlm_ntheta[3]
   QUASILOCALMEASURES::qlm_ntheta[4]
   QUASILOCALMEASURES::qlm_ntheta[5]
   QUASILOCALMEASURES::qlm_nphi[0]
   QUASILOCALMEASURES::qlm_nphi[1]
   QUASILOCALMEASURES::qlm_nphi[2]
   QUASILOCALMEASURES::qlm_nphi[3]
   QUASILOCALMEASURES::qlm_nphi[4]
   QUASILOCALMEASURES::qlm_nphi[5]
   QUASILOCALMEASURES::qlm_origin_x[0]
   QUASILOCALMEASURES::qlm_origin_x[1]
   QUASILOCALMEASURES::qlm_origin_x[2]
   QUASILOCALMEASURES::qlm_origin_x[3]
   QUASILOCALMEASURES::qlm_origin_x[4]
   QUASILOCALMEASURES::qlm_origin_x[5]
   QUASILOCALMEASURES::qlm_origin_y[0]
   QUASILOCALMEASURES::qlm_origin_y[1]
   QUASILOCALMEASURES::qlm_origin_y[2]
   QUASILOCALMEASURES::qlm_origin_y[3]
   QUASILOCALMEASURES::qlm_origin_y[4]
   QUASILOCALMEASURES::qlm_origin_y[5]
   QUASILOCALMEASURES::qlm_origin_z[0]
   QUASILOCALMEASURES::qlm_origin_z[1]
   QUASILOCALMEASURES::qlm_origin_z[2]
   QUASILOCALMEASURES::qlm_origin_z[3]
   QUASILOCALMEASURES::qlm_origin_z[4]
   QUASILOCALMEASURES::qlm_origin_z[5]
   QUASILOCALMEASURES::qlm_origin_theta[0]
   QUASILOCALMEASURES::qlm_origin_theta[1]
   QUASILOCALMEASURES::qlm_origin_theta[2]
   QUASILOCALMEASURES::qlm_origin_theta[3]
   QUASILOCALMEASURES::qlm_origin_theta[4]
   QUASILOCALMEASURES::qlm_origin_theta[5]
   QUASILOCALMEASURES::qlm_origin_phi[0]
   QUASILOCALMEASURES::qlm_origin_phi[1]
   QUASILOCALMEASURES::qlm_origin_phi[2]
   QUASILOCALMEASURES::qlm_origin_phi[3]
   QUASILOCALMEASURES::qlm_origin_phi[4]
   QUASILOCALMEASURES::qlm_origin_phi[5]
   QUASILOCALMEASURES::qlm_delta_theta[0]
   QUASILOCALMEASURES::qlm_delta_theta[1]
   QUASILOCALMEASURES::qlm_delta_theta[2]
   QUASILOCALMEASURES::qlm_delta_theta[3]
   QUASILOCALMEASURES::qlm_delta_theta[4]
   QUASILOCALMEASURES::qlm_delta_theta[5]
   QUASILOCALMEASURES::qlm_delta_phi[0]
   QUASILOCALMEASURES::qlm_delta_phi[1]
   QUASILOCALMEASURES::qlm_delta_phi[2]
   QUASILOCALMEASURES::qlm_delta_phi[3]
   QUASILOCALMEASURES::qlm_delta_phi[4]
   QUASILOCALMEASURES::qlm_delta_phi[5]
   QUASILOCALMEASURES::qlm_mp_m0[0]
   QUASILOCALMEASURES::qlm_mp_m0[1]
   QUASILOCALMEASURES::qlm_mp_m0[2]
   QUASILOCALMEASURES::qlm_mp_m0[3]
   QUASILOCALMEASURES::qlm_mp_m0[4]
   QUASILOCALMEASURES::qlm_mp_m0[5]
   QUASILOCALMEASURES::qlm_mp_m1[0]
   QUASILOCALMEASURES::qlm_mp_m1[1]
   QUASILOCALMEASURES::qlm_mp_m1[2]
   QUASILOCALMEASURES::qlm_mp_m1[3]
   QUASILOCALMEASURES::qlm_mp_m1[4]
   QUASILOCALMEASURES::qlm_mp_m1[5]
   QUASILOCALMEASURES::qlm_mp_m2[0]
   QUASILOCALMEASURES::qlm_mp_m2[1]
   QUASILOCALMEASURES::qlm_mp_m2[2]
   QUASILOCALMEASURES::qlm_mp_m2[3]
   QUASILOCALMEASURES::qlm_mp_m2[4]
   QUASILOCALMEASURES::qlm_mp_m2[5]
   QUASILOCALMEASURES::qlm_mp_m3[0]
   QUASILOCALMEASURES::qlm_mp_m3[1]
   QUASILOCALMEASURES::qlm_mp_m3[2]
   QUASILOCALMEASURES::qlm_mp_m3[3]
   QUASILOCALMEASURES::qlm_mp_m3[4]
   QUASILOCALMEASURES::qlm_mp_m3[5]
   QUASILOCALMEASURES::qlm_mp_m4[0]
   QUASILOCALMEASURES::qlm_mp_m4[1]
   QUASILOCALMEASURES::qlm_mp_m4[2]
   QUASILOCALMEASURES::qlm_mp_m4[3]
   QUASILOCALMEASURES::qlm_mp_m4[4]
   QUASILOCALMEASURES::qlm_mp_m4[5]
   QUASILOCALMEASURES::qlm_mp_m5[0]
   QUASILOCALMEASURES::qlm_mp_m5[1]
   QUASILOCALMEASURES::qlm_mp_m5[2]
   QUASILOCALMEASURES::qlm_mp_m5[3]
   QUASILOCALMEASURES::qlm_mp_m5[4]
   QUASILOCALMEASURES::qlm_mp_m5[5]
   QUASILOCALMEASURES::qlm_mp_m6[0]
   QUASILOCALMEASURES::qlm_mp_m6[1]
   QUASILOCALMEASURES::qlm_mp_m6[2]
   QUASILOCALMEASURES::qlm_mp_m6[3]
   QUASILOCALMEASURES::qlm_mp_m6[4]
   QUASILOCALMEASURES::qlm_mp_m6[5]
   QUASILOCALMEASURES::qlm_mp_m7[0]
   QUASILOCALMEASURES::qlm_mp_m7[1]
   QUASILOCALMEASURES::qlm_mp_m7[2]
   QUASILOCALMEASURES::qlm_mp_m7[3]
   QUASILOCALMEASURES::qlm_mp_m7[4]
   QUASILOCALMEASURES::qlm_mp_m7[5]
   QUASILOCALMEASURES::qlm_mp_m8[0]
   QUASILOCALMEASURES::qlm_mp_m8[1]
   QUASILOCALMEASURES::qlm_mp_m8[2]
   QUASILOCALMEASURES::qlm_mp_m8[3]
   QUASILOCALMEASURES::qlm_mp_m8[4]
   QUASILOCALMEASURES::qlm_mp_m8[5]
   QUASILOCALMEASURES::qlm_mp_j0[0]
   QUASILOCALMEASURES::qlm_mp_j0[1]
   QUASILOCALMEASURES::qlm_mp_j0[2]
   QUASILOCALMEASURES::qlm_mp_j0[3]
   QUASILOCALMEASURES::qlm_mp_j0[4]
   QUASILOCALMEASURES::qlm_mp_j0[5]
   QUASILOCALMEASURES::qlm_mp_j1[0]
   QUASILOCALMEASURES::qlm_mp_j1[1]
   QUASILOCALMEASURES::qlm_mp_j1[2]
   QUASILOCALMEASURES::qlm_mp_j1[3]
   QUASILOCALMEASURES::qlm_mp_j1[4]
   QUASILOCALMEASURES::qlm_mp_j1[5]
   QUASILOCALMEASURES::qlm_mp_j2[0]
   QUASILOCALMEASURES::qlm_mp_j2[1]
   QUASILOCALMEASURES::qlm_mp_j2[2]
   QUASILOCALMEASURES::qlm_mp_j2[3]
   QUASILOCALMEASURES::qlm_mp_j2[4]
   QUASILOCALMEASURES::qlm_mp_j2[5]
   QUASILOCALMEASURES::qlm_mp_j3[0]
   QUASILOCALMEASURES::qlm_mp_j3[1]
   QUASILOCALMEASURES::qlm_mp_j3[2]
   QUASILOCALMEASURES::qlm_mp_j3[3]
   QUASILOCALMEASURES::qlm_mp_j3[4]
   QUASILOCALMEASURES::qlm_mp_j3[5]
   QUASILOCALMEASURES::qlm_mp_j4[0]
   QUASILOCALMEASURES::qlm_mp_j4[1]
   QUASILOCALMEASURES::qlm_mp_j4[2]
   QUASILOCALMEASURES::qlm_mp_j4[3]
   QUASILOCALMEASURES::qlm_mp_j4[4]
   QUASILOCALMEASURES::qlm_mp_j4[5]
   QUASILOCALMEASURES::qlm_mp_j5[0]
   QUASILOCALMEASURES::qlm_mp_j5[1]
   QUASILOCALMEASURES::qlm_mp_j5[2]
   QUASILOCALMEASURES::qlm_mp_j5[3]
   QUASILOCALMEASURES::qlm_mp_j5[4]
   QUASILOCALMEASURES::qlm_mp_j5[5]
   QUASILOCALMEASURES::qlm_mp_j6[0]
   QUASILOCALMEASURES::qlm_mp_j6[1]
   QUASILOCALMEASURES::qlm_mp_j6[2]
   QUASILOCALMEASURES::qlm_mp_j6[3]
   QUASILOCALMEASURES::qlm_mp_j6[4]
   QUASILOCALMEASURES::qlm_mp_j6[5]
   QUASILOCALMEASURES::qlm_mp_j7[0]
   QUASILOCALMEASURES::qlm_mp_j7[1]
   QUASILOCALMEASURES::qlm_mp_j7[2]
   QUASILOCALMEASURES::qlm_mp_j7[3]
   QUASILOCALMEASURES::qlm_mp_j7[4]
   QUASILOCALMEASURES::qlm_mp_j7[5]
   QUASILOCALMEASURES::qlm_mp_j8[0]
   QUASILOCALMEASURES::qlm_mp_j8[1]
   QUASILOCALMEASURES::qlm_mp_j8[2]
   QUASILOCALMEASURES::qlm_mp_j8[3]
   QUASILOCALMEASURES::qlm_mp_j8[4]
   QUASILOCALMEASURES::qlm_mp_j8[5]
   QUASILOCALMEASURES::qlm_time[0]
   QUASILOCALMEASURES::qlm_time[1]
   QUASILOCALMEASURES::qlm_time[2]
   QUASILOCALMEASURES::qlm_time[3]
   QUASILOCALMEASURES::qlm_time[4]
   QUASILOCALMEASURES::qlm_time[5]
   QUASILOCALMEASURES::qlm_equatorial_circumference[0]
   QUASILOCALMEASURES::qlm_equatorial_circumference[1]
   QUASILOCALMEASURES::qlm_equatorial_circumference[2]
   QUASILOCALMEASURES::qlm_equatorial_circumference[3]
   QUASILOCALMEASURES::qlm_equatorial_circumference[4]
   QUASILOCALMEASURES::qlm_equatorial_circumference[5]
   QUASILOCALMEASURES::qlm_polar_circumference_0[0]
   QUASILOCALMEASURES::qlm_polar_circumference_0[1]
   QUASILOCALMEASURES::qlm_polar_circumference_0[2]
   QUASILOCALMEASURES::qlm_polar_circumference_0[3]
   QUASILOCALMEASURES::qlm_polar_circumference_0[4]
   QUASILOCALMEASURES::qlm_polar_circumference_0[5]
   QUASILOCALMEASURES::qlm_polar_circumference_pi_2[0]
   QUASILOCALMEASURES::qlm_polar_circumference_pi_2[1]
   QUASILOCALMEASURES::qlm_polar_circumference_pi_2[2]
   QUASILOCALMEASURES::qlm_polar_circumference_pi_2[3]
   QUASILOCALMEASURES::qlm_polar_circumference_pi_2[4]
   QUASILOCALMEASURES::qlm_polar_circumference_pi_2[5]
   QUASILOCALMEASURES::qlm_area[0]
   QUASILOCALMEASURES::qlm_area[1]
   QUASILOCALMEASURES::qlm_area[2]
   QUASILOCALMEASURES::qlm_area[3]
   QUASILOCALMEASURES::qlm_area[4]
   QUASILOCALMEASURES::qlm_area[5]
   QUASILOCALMEASURES::qlm_irreducible_mass[0]
   QUASILOCALMEASURES::qlm_irreducible_mass[1]
   QUASILOCALMEASURES::qlm_irreducible_mass[2]
   QUASILOCALMEASURES::qlm_irreducible_mass[3]
   QUASILOCALMEASURES::qlm_irreducible_mass[4]
   QUASILOCALMEASURES::qlm_irreducible_mass[5]
   QUASILOCALMEASURES::qlm_radius[0]
   QUASILOCALMEASURES::qlm_radius[1]
   QUASILOCALMEASURES::qlm_radius[2]
   QUASILOCALMEASURES::qlm_radius[3]
   QUASILOCALMEASURES::qlm_radius[4]
   QUASILOCALMEASURES::qlm_radius[5]
   QUASILOCALMEASURES::qlm_spin_guess[0]
   QUASILOCALMEASURES::qlm_spin_guess[1]
   QUASILOCALMEASURES::qlm_spin_guess[2]
   QUASILOCALMEASURES::qlm_spin_guess[3]
   QUASILOCALMEASURES::qlm_spin_guess[4]
   QUASILOCALMEASURES::qlm_spin_guess[5]
   QUASILOCALMEASURES::qlm_mass_guess[0]
   QUASILOCALMEASURES::qlm_mass_guess[1]
   QUASILOCALMEASURES::qlm_mass_guess[2]
   QUASILOCALMEASURES::qlm_mass_guess[3]
   QUASILOCALMEASURES::qlm_mass_guess[4]
   QUASILOCALMEASURES::qlm_mass_guess[5]
   QUASILOCALMEASURES::qlm_killing_eigenvalue_re[0]
   QUASILOCALMEASURES::qlm_killing_eigenvalue_re[1]
   QUASILOCALMEASURES::qlm_killing_eigenvalue_re[2]
   QUASILOCALMEASURES::qlm_killing_eigenvalue_re[3]
   QUASILOCALMEASURES::qlm_killing_eigenvalue_re[4]
   QUASILOCALMEASURES::qlm_killing_eigenvalue_re[5]
   QUASILOCALMEASURES::qlm_killing_eigenvalue_im[0]
   QUASILOCALMEASURES::qlm_killing_eigenvalue_im[1]
   QUASILOCALMEASURES::qlm_killing_eigenvalue_im[2]
   QUASILOCALMEASURES::qlm_killing_eigenvalue_im[3]
   QUASILOCALMEASURES::qlm_killing_eigenvalue_im[4]
   QUASILOCALMEASURES::qlm_killing_eigenvalue_im[5]
   QUASILOCALMEASURES::qlm_spin[0]
   QUASILOCALMEASURES::qlm_spin[1]
   QUASILOCALMEASURES::qlm_spin[2]
   QUASILOCALMEASURES::qlm_spin[3]
   QUASILOCALMEASURES::qlm_spin[4]
   QUASILOCALMEASURES::qlm_spin[5]
   QUASILOCALMEASURES::qlm_npspin[0]
   QUASILOCALMEASURES::qlm_npspin[1]
   QUASILOCALMEASURES::qlm_npspin[2]
   QUASILOCALMEASURES::qlm_npspin[3]
   QUASILOCALMEASURES::qlm_npspin[4]
   QUASILOCALMEASURES::qlm_npspin[5]
   QUASILOCALMEASURES::qlm_wsspin[0]
   QUASILOCALMEASURES::qlm_wsspin[1]
   QUASILOCALMEASURES::qlm_wsspin[2]
   QUASILOCALMEASURES::qlm_wsspin[3]
   QUASILOCALMEASURES::qlm_wsspin[4]
   QUASILOCALMEASURES::qlm_wsspin[5]
   QUASILOCALMEASURES::qlm_cvspin[0]
   QUASILOCALMEASURES::qlm_cvspin[1]
   QUASILOCALMEASURES::qlm_cvspin[2]
   QUASILOCALMEASURES::qlm_cvspin[3]
   QUASILOCALMEASURES::qlm_cvspin[4]
   QUASILOCALMEASURES::qlm_cvspin[5]
   QUASILOCALMEASURES::qlm_coordspinx[0]
   QUASILOCALMEASURES::qlm_coordspinx[1]
   QUASILOCALMEASURES::qlm_coordspinx[2]
   QUASILOCALMEASURES::qlm_coordspinx[3]
   QUASILOCALMEASURES::qlm_coordspinx[4]
   QUASILOCALMEASURES::qlm_coordspinx[5]
   QUASILOCALMEASURES::qlm_coordspiny[0]
   QUASILOCALMEASURES::qlm_coordspiny[1]
   QUASILOCALMEASURES::qlm_coordspiny[2]
   QUASILOCALMEASURES::qlm_coordspiny[3]
   QUASILOCALMEASURES::qlm_coordspiny[4]
   QUASILOCALMEASURES::qlm_coordspiny[5]
   QUASILOCALMEASURES::qlm_coordspinz[0]
   QUASILOCALMEASURES::qlm_coordspinz[1]
   QUASILOCALMEASURES::qlm_coordspinz[2]
   QUASILOCALMEASURES::qlm_coordspinz[3]
   QUASILOCALMEASURES::qlm_coordspinz[4]
   QUASILOCALMEASURES::qlm_coordspinz[5]
   QUASILOCALMEASURES::qlm_mass[0]
   QUASILOCALMEASURES::qlm_mass[1]
   QUASILOCALMEASURES::qlm_mass[2]
   QUASILOCALMEASURES::qlm_mass[3]
   QUASILOCALMEASURES::qlm_mass[4]
   QUASILOCALMEASURES::qlm_mass[5]
   QUASILOCALMEASURES::qlm_adm_energy[0]
   QUASILOCALMEASURES::qlm_adm_energy[1]
   QUASILOCALMEASURES::qlm_adm_energy[2]
   QUASILOCALMEASURES::qlm_adm_energy[3]
   QUASILOCALMEASURES::qlm_adm_energy[4]
   QUASILOCALMEASURES::qlm_adm_energy[5]
   QUASILOCALMEASURES::qlm_adm_momentum_x[0]
   QUASILOCALMEASURES::qlm_adm_momentum_x[1]
   QUASILOCALMEASURES::qlm_adm_momentum_x[2]
   QUASILOCALMEASURES::qlm_adm_momentum_x[3]
   QUASILOCALMEASURES::qlm_adm_momentum_x[4]
   QUASILOCALMEASURES::qlm_adm_momentum_x[5]
   QUASILOCALMEASURES::qlm_adm_momentum_y[0]
   QUASILOCALMEASURES::qlm_adm_momentum_y[1]
   QUASILOCALMEASURES::qlm_adm_momentum_y[2]
   QUASILOCALMEASURES::qlm_adm_momentum_y[3]
   QUASILOCALMEASURES::qlm_adm_momentum_y[4]
   QUASILOCALMEASURES::qlm_adm_momentum_y[5]
   QUASILOCALMEASURES::qlm_adm_momentum_z[0]
   QUASILOCALMEASURES::qlm_adm_momentum_z[1]
   QUASILOCALMEASURES::qlm_adm_momentum_z[2]
   QUASILOCALMEASURES::qlm_adm_momentum_z[3]
   QUASILOCALMEASURES::qlm_adm_momentum_z[4]
   QUASILOCALMEASURES::qlm_adm_momentum_z[5]
   QUASILOCALMEASURES::qlm_adm_angular_momentum_x[0]
   QUASILOCALMEASURES::qlm_adm_angular_momentum_x[1]
   QUASILOCALMEASURES::qlm_adm_angular_momentum_x[2]
   QUASILOCALMEASURES::qlm_adm_angular_momentum_x[3]
   QUASILOCALMEASURES::qlm_adm_angular_momentum_x[4]
   QUASILOCALMEASURES::qlm_adm_angular_momentum_x[5]
   QUASILOCALMEASURES::qlm_adm_angular_momentum_y[0]
   QUASILOCALMEASURES::qlm_adm_angular_momentum_y[1]
   QUASILOCALMEASURES::qlm_adm_angular_momentum_y[2]
   QUASILOCALMEASURES::qlm_adm_angular_momentum_y[3]
   QUASILOCALMEASURES::qlm_adm_angular_momentum_y[4]
   QUASILOCALMEASURES::qlm_adm_angular_momentum_y[5]
   QUASILOCALMEASURES::qlm_adm_angular_momentum_z[0]
   QUASILOCALMEASURES::qlm_adm_angular_momentum_z[1]
   QUASILOCALMEASURES::qlm_adm_angular_momentum_z[2]
   QUASILOCALMEASURES::qlm_adm_angular_momentum_z[3]
   QUASILOCALMEASURES::qlm_adm_angular_momentum_z[4]
   QUASILOCALMEASURES::qlm_adm_angular_momentum_z[5]
   QUASILOCALMEASURES::qlm_ll_energy[0]
   QUASILOCALMEASURES::qlm_ll_energy[1]
   QUASILOCALMEASURES::qlm_ll_energy[2]
   QUASILOCALMEASURES::qlm_ll_energy[3]
   QUASILOCALMEASURES::qlm_ll_energy[4]
   QUASILOCALMEASURES::qlm_ll_energy[5]
   QUASILOCALMEASURES::qlm_ll_momentum_x[0]
   QUASILOCALMEASURES::qlm_ll_momentum_x[1]
   QUASILOCALMEASURES::qlm_ll_momentum_x[2]
   QUASILOCALMEASURES::qlm_ll_momentum_x[3]
   QUASILOCALMEASURES::qlm_ll_momentum_x[4]
   QUASILOCALMEASURES::qlm_ll_momentum_x[5]
   QUASILOCALMEASURES::qlm_ll_momentum_y[0]
   QUASILOCALMEASURES::qlm_ll_momentum_y[1]
   QUASILOCALMEASURES::qlm_ll_momentum_y[2]
   QUASILOCALMEASURES::qlm_ll_momentum_y[3]
   QUASILOCALMEASURES::qlm_ll_momentum_y[4]
   QUASILOCALMEASURES::qlm_ll_momentum_y[5]
   QUASILOCALMEASURES::qlm_ll_momentum_z[0]
   QUASILOCALMEASURES::qlm_ll_momentum_z[1]
   QUASILOCALMEASURES::qlm_ll_momentum_z[2]
   QUASILOCALMEASURES::qlm_ll_momentum_z[3]
   QUASILOCALMEASURES::qlm_ll_momentum_z[4]
   QUASILOCALMEASURES::qlm_ll_momentum_z[5]
   QUASILOCALMEASURES::qlm_ll_angular_momentum_x[0]
   QUASILOCALMEASURES::qlm_ll_angular_momentum_x[1]
   QUASILOCALMEASURES::qlm_ll_angular_momentum_x[2]
   QUASILOCALMEASURES::qlm_ll_angular_momentum_x[3]
   QUASILOCALMEASURES::qlm_ll_angular_momentum_x[4]
   QUASILOCALMEASURES::qlm_ll_angular_momentum_x[5]
   QUASILOCALMEASURES::qlm_ll_angular_momentum_y[0]
   QUASILOCALMEASURES::qlm_ll_angular_momentum_y[1]
   QUASILOCALMEASURES::qlm_ll_angular_momentum_y[2]
   QUASILOCALMEASURES::qlm_ll_angular_momentum_y[3]
   QUASILOCALMEASURES::qlm_ll_angular_momentum_y[4]
   QUASILOCALMEASURES::qlm_ll_angular_momentum_y[5]
   QUASILOCALMEASURES::qlm_ll_angular_momentum_z[0]
   QUASILOCALMEASURES::qlm_ll_angular_momentum_z[1]
   QUASILOCALMEASURES::qlm_ll_angular_momentum_z[2]
   QUASILOCALMEASURES::qlm_ll_angular_momentum_z[3]
   QUASILOCALMEASURES::qlm_ll_angular_momentum_z[4]
   QUASILOCALMEASURES::qlm_ll_angular_momentum_z[5]
   SPHERICALSURFACE::sf_active[0]
   SPHERICALSURFACE::sf_active[1]
   SPHERICALSURFACE::sf_active[2]
   SPHERICALSURFACE::sf_active[3]
   SPHERICALSURFACE::sf_active[4]
   SPHERICALSURFACE::sf_active[5]
   SPHERICALSURFACE::sf_valid[0]
   SPHERICALSURFACE::sf_valid[1]
   SPHERICALSURFACE::sf_valid[2]
   SPHERICALSURFACE::sf_valid[3]
   SPHERICALSURFACE::sf_valid[4]
   SPHERICALSURFACE::sf_valid[5]
   SPHERICALSURFACE::sf_area[0]
   SPHERICALSURFACE::sf_area[1]
   SPHERICALSURFACE::sf_area[2]
   SPHERICALSURFACE::sf_area[3]
   SPHERICALSURFACE::sf_area[4]
   SPHERICALSURFACE::sf_area[5]
   SPHERICALSURFACE::sf_mean_radius[0]
   SPHERICALSURFACE::sf_mean_radius[1]
   SPHERICALSURFACE::sf_mean_radius[2]
   SPHERICALSURFACE::sf_mean_radius[3]
   SPHERICALSURFACE::sf_mean_radius[4]
   SPHERICALSURFACE::sf_mean_radius[5]
   SPHERICALSURFACE::sf_centroid_x[0]
   SPHERICALSURFACE::sf_centroid_x[1]
   SPHERICALSURFACE::sf_centroid_x[2]
   SPHERICALSURFACE::sf_centroid_x[3]
   SPHERICALSURFACE::sf_centroid_x[4]
   SPHERICALSURFACE::sf_centroid_x[5]
   SPHERICALSURFACE::sf_centroid_y[0]
   SPHERICALSURFACE::sf_centroid_y[1]
   SPHERICALSURFACE::sf_centroid_y[2]
   SPHERICALSURFACE::sf_centroid_y[3]
   SPHERICALSURFACE::sf_centroid_y[4]
   SPHERICALSURFACE::sf_centroid_y[5]
   SPHERICALSURFACE::sf_centroid_z[0]
   SPHERICALSURFACE::sf_centroid_z[1]
   SPHERICALSURFACE::sf_centroid_z[2]
   SPHERICALSURFACE::sf_centroid_z[3]
   SPHERICALSURFACE::sf_centroid_z[4]
   SPHERICALSURFACE::sf_centroid_z[5]
   SPHERICALSURFACE::sf_quadrupole_xx[0]
   SPHERICALSURFACE::sf_quadrupole_xx[1]
   SPHERICALSURFACE::sf_quadrupole_xx[2]
   SPHERICALSURFACE::sf_quadrupole_xx[3]
   SPHERICALSURFACE::sf_quadrupole_xx[4]
   SPHERICALSURFACE::sf_quadrupole_xx[5]
   SPHERICALSURFACE::sf_quadrupole_xy[0]
   SPHERICALSURFACE::sf_quadrupole_xy[1]
   SPHERICALSURFACE::sf_quadrupole_xy[2]
   SPHERICALSURFACE::sf_quadrupole_xy[3]
   SPHERICALSURFACE::sf_quadrupole_xy[4]
   SPHERICALSURFACE::sf_quadrupole_xy[5]
   SPHERICALSURFACE::sf_quadrupole_xz[0]
   SPHERICALSURFACE::sf_quadrupole_xz[1]
   SPHERICALSURFACE::sf_quadrupole_xz[2]
   SPHERICALSURFACE::sf_quadrupole_xz[3]
   SPHERICALSURFACE::sf_quadrupole_xz[4]
   SPHERICALSURFACE::sf_quadrupole_xz[5]
   SPHERICALSURFACE::sf_quadrupole_yy[0]
   SPHERICALSURFACE::sf_quadrupole_yy[1]
   SPHERICALSURFACE::sf_quadrupole_yy[2]
   SPHERICALSURFACE::sf_quadrupole_yy[3]
   SPHERICALSURFACE::sf_quadrupole_yy[4]
   SPHERICALSURFACE::sf_quadrupole_yy[5]
   SPHERICALSURFACE::sf_quadrupole_yz[0]
   SPHERICALSURFACE::sf_quadrupole_yz[1]
   SPHERICALSURFACE::sf_quadrupole_yz[2]
   SPHERICALSURFACE::sf_quadrupole_yz[3]
   SPHERICALSURFACE::sf_quadrupole_yz[4]
   SPHERICALSURFACE::sf_quadrupole_yz[5]
   SPHERICALSURFACE::sf_quadrupole_zz[0]
   SPHERICALSURFACE::sf_quadrupole_zz[1]
   SPHERICALSURFACE::sf_quadrupole_zz[2]
   SPHERICALSURFACE::sf_quadrupole_zz[3]
   SPHERICALSURFACE::sf_quadrupole_zz[4]
   SPHERICALSURFACE::sf_quadrupole_zz[5]
   SPHERICALSURFACE::sf_min_radius[0]
   SPHERICALSURFACE::sf_min_radius[1]
   SPHERICALSURFACE::sf_min_radius[2]
   SPHERICALSURFACE::sf_min_radius[3]
   SPHERICALSURFACE::sf_min_radius[4]
   SPHERICALSURFACE::sf_min_radius[5]
   SPHERICALSURFACE::sf_max_radius[0]
   SPHERICALSURFACE::sf_max_radius[1]
   SPHERICALSURFACE::sf_max_radius[2]
   SPHERICALSURFACE::sf_max_radius[3]
   SPHERICALSURFACE::sf_max_radius[4]
   SPHERICALSURFACE::sf_max_radius[5]
   SPHERICALSURFACE::sf_min_x[0]
   SPHERICALSURFACE::sf_min_x[1]
   SPHERICALSURFACE::sf_min_x[2]
   SPHERICALSURFACE::sf_min_x[3]
   SPHERICALSURFACE::sf_min_x[4]
   SPHERICALSURFACE::sf_min_x[5]
   SPHERICALSURFACE::sf_min_y[0]
   SPHERICALSURFACE::sf_min_y[1]
   SPHERICALSURFACE::sf_min_y[2]
   SPHERICALSURFACE::sf_min_y[3]
   SPHERICALSURFACE::sf_min_y[4]
   SPHERICALSURFACE::sf_min_y[5]
   SPHERICALSURFACE::sf_min_z[0]
   SPHERICALSURFACE::sf_min_z[1]
   SPHERICALSURFACE::sf_min_z[2]
   SPHERICALSURFACE::sf_min_z[3]
   SPHERICALSURFACE::sf_min_z[4]
   SPHERICALSURFACE::sf_min_z[5]
   SPHERICALSURFACE::sf_max_x[0]
   SPHERICALSURFACE::sf_max_x[1]
   SPHERICALSURFACE::sf_max_x[2]
   SPHERICALSURFACE::sf_max_x[3]
   SPHERICALSURFACE::sf_max_x[4]
   SPHERICALSURFACE::sf_max_x[5]
   SPHERICALSURFACE::sf_max_y[0]
   SPHERICALSURFACE::sf_max_y[1]
   SPHERICALSURFACE::sf_max_y[2]
   SPHERICALSURFACE::sf_max_y[3]
   SPHERICALSURFACE::sf_max_y[4]
   SPHERICALSURFACE::sf_max_y[5]
   SPHERICALSURFACE::sf_max_z[0]
   SPHERICALSURFACE::sf_max_z[1]
   SPHERICALSURFACE::sf_max_z[2]
   SPHERICALSURFACE::sf_max_z[3]
   SPHERICALSURFACE::sf_max_z[4]
   SPHERICALSURFACE::sf_max_z[5]
   SPHERICALSURFACE::sf_radius[0]
   SPHERICALSURFACE::sf_radius[1]
   SPHERICALSURFACE::sf_radius[2]
   SPHERICALSURFACE::sf_radius[3]
   SPHERICALSURFACE::sf_radius[4]
   SPHERICALSURFACE::sf_radius[5]
   SPHERICALSURFACE::sf_origin_x[0]
   SPHERICALSURFACE::sf_origin_x[1]
   SPHERICALSURFACE::sf_origin_x[2]
   SPHERICALSURFACE::sf_origin_x[3]
   SPHERICALSURFACE::sf_origin_x[4]
   SPHERICALSURFACE::sf_origin_x[5]
   SPHERICALSURFACE::sf_origin_y[0]
   SPHERICALSURFACE::sf_origin_y[1]
   SPHERICALSURFACE::sf_origin_y[2]
   SPHERICALSURFACE::sf_origin_y[3]
   SPHERICALSURFACE::sf_origin_y[4]
   SPHERICALSURFACE::sf_origin_y[5]
   SPHERICALSURFACE::sf_origin_z[0]
   SPHERICALSURFACE::sf_origin_z[1]
   SPHERICALSURFACE::sf_origin_z[2]
   SPHERICALSURFACE::sf_origin_z[3]
   SPHERICALSURFACE::sf_origin_z[4]
   SPHERICALSURFACE::sf_origin_z[5]
   SPHERICALSURFACE::sf_origin_theta[0]
   SPHERICALSURFACE::sf_origin_theta[1]
   SPHERICALSURFACE::sf_origin_theta[2]
   SPHERICALSURFACE::sf_origin_theta[3]
   SPHERICALSURFACE::sf_origin_theta[4]
   SPHERICALSURFACE::sf_origin_theta[5]
   SPHERICALSURFACE::sf_origin_phi[0]
   SPHERICALSURFACE::sf_origin_phi[1]
   SPHERICALSURFACE::sf_origin_phi[2]
   SPHERICALSURFACE::sf_origin_phi[3]
   SPHERICALSURFACE::sf_origin_phi[4]
   SPHERICALSURFACE::sf_origin_phi[5]
   SPHERICALSURFACE::sf_delta_theta[0]
   SPHERICALSURFACE::sf_delta_theta[1]
   SPHERICALSURFACE::sf_delta_theta[2]
   SPHERICALSURFACE::sf_delta_theta[3]
   SPHERICALSURFACE::sf_delta_theta[4]
   SPHERICALSURFACE::sf_delta_theta[5]
   SPHERICALSURFACE::sf_delta_phi[0]
   SPHERICALSURFACE::sf_delta_phi[1]
   SPHERICALSURFACE::sf_delta_phi[2]
   SPHERICALSURFACE::sf_delta_phi[3]
   SPHERICALSURFACE::sf_delta_phi[4]
   SPHERICALSURFACE::sf_delta_phi[5]
   WEYLSCAL4::Psi4r
   WEYLSCAL4::Psi4i
INFO (CarpetIOASCII): I/O Method 'IOASCII_1D' registered: 1D AMR output of grid variables to ASCII files
INFO (CarpetIOASCII): Periodic 1D AMR output requested for:
   ADMBASE::gxx
   ADMBASE::gxy
   ADMBASE::gxz
   ADMBASE::gyy
   ADMBASE::gyz
   ADMBASE::gzz
   ADMBASE::kxx
   ADMBASE::kxy
   ADMBASE::kxz
   ADMBASE::kyy
   ADMBASE::kyz
   ADMBASE::kzz
   ADMBASE::alp
   ADMBASE::betax
   ADMBASE::betay
   ADMBASE::betaz
   ADMBASE::dtalp
   ADMBASE::dtbetax
   ADMBASE::dtbetay
   ADMBASE::dtbetaz
   CARPETREDUCE::weight
   ML_ADMCONSTRAINTS::H
   ML_ADMCONSTRAINTS::M1
   ML_ADMCONSTRAINTS::M2
   ML_ADMCONSTRAINTS::M3
   QUASILOCALMEASURES::qlm_shape[0]
   QUASILOCALMEASURES::qlm_shape[1]
   QUASILOCALMEASURES::qlm_shape[2]
   QUASILOCALMEASURES::qlm_shape[3]
   QUASILOCALMEASURES::qlm_shape[4]
   QUASILOCALMEASURES::qlm_shape[5]
   QUASILOCALMEASURES::qlm_x[0]
   QUASILOCALMEASURES::qlm_x[1]
   QUASILOCALMEASURES::qlm_x[2]
   QUASILOCALMEASURES::qlm_x[3]
   QUASILOCALMEASURES::qlm_x[4]
   QUASILOCALMEASURES::qlm_x[5]
   QUASILOCALMEASURES::qlm_y[0]
   QUASILOCALMEASURES::qlm_y[1]
   QUASILOCALMEASURES::qlm_y[2]
   QUASILOCALMEASURES::qlm_y[3]
   QUASILOCALMEASURES::qlm_y[4]
   QUASILOCALMEASURES::qlm_y[5]
   QUASILOCALMEASURES::qlm_z[0]
   QUASILOCALMEASURES::qlm_z[1]
   QUASILOCALMEASURES::qlm_z[2]
   QUASILOCALMEASURES::qlm_z[3]
   QUASILOCALMEASURES::qlm_z[4]
   QUASILOCALMEASURES::qlm_z[5]
   QUASILOCALMEASURES::qlm_l0[0]
   QUASILOCALMEASURES::qlm_l0[1]
   QUASILOCALMEASURES::qlm_l0[2]
   QUASILOCALMEASURES::qlm_l0[3]
   QUASILOCALMEASURES::qlm_l0[4]
   QUASILOCALMEASURES::qlm_l0[5]
   QUASILOCALMEASURES::qlm_l1[0]
   QUASILOCALMEASURES::qlm_l1[1]
   QUASILOCALMEASURES::qlm_l1[2]
   QUASILOCALMEASURES::qlm_l1[3]
   QUASILOCALMEASURES::qlm_l1[4]
   QUASILOCALMEASURES::qlm_l1[5]
   QUASILOCALMEASURES::qlm_l2[0]
   QUASILOCALMEASURES::qlm_l2[1]
   QUASILOCALMEASURES::qlm_l2[2]
   QUASILOCALMEASURES::qlm_l2[3]
   QUASILOCALMEASURES::qlm_l2[4]
   QUASILOCALMEASURES::qlm_l2[5]
   QUASILOCALMEASURES::qlm_l3[0]
   QUASILOCALMEASURES::qlm_l3[1]
   QUASILOCALMEASURES::qlm_l3[2]
   QUASILOCALMEASURES::qlm_l3[3]
   QUASILOCALMEASURES::qlm_l3[4]
   QUASILOCALMEASURES::qlm_l3[5]
   QUASILOCALMEASURES::qlm_n0[0]
   QUASILOCALMEASURES::qlm_n0[1]
   QUASILOCALMEASURES::qlm_n0[2]
   QUASILOCALMEASURES::qlm_n0[3]
   QUASILOCALMEASURES::qlm_n0[4]
   QUASILOCALMEASURES::qlm_n0[5]
   QUASILOCALMEASURES::qlm_n1[0]
   QUASILOCALMEASURES::qlm_n1[1]
   QUASILOCALMEASURES::qlm_n1[2]
   QUASILOCALMEASURES::qlm_n1[3]
   QUASILOCALMEASURES::qlm_n1[4]
   QUASILOCALMEASURES::qlm_n1[5]
   QUASILOCALMEASURES::qlm_n2[0]
   QUASILOCALMEASURES::qlm_n2[1]
   QUASILOCALMEASURES::qlm_n2[2]
   QUASILOCALMEASURES::qlm_n2[3]
   QUASILOCALMEASURES::qlm_n2[4]
   QUASILOCALMEASURES::qlm_n2[5]
   QUASILOCALMEASURES::qlm_n3[0]
   QUASILOCALMEASURES::qlm_n3[1]
   QUASILOCALMEASURES::qlm_n3[2]
   QUASILOCALMEASURES::qlm_n3[3]
   QUASILOCALMEASURES::qlm_n3[4]
   QUASILOCALMEASURES::qlm_n3[5]
   QUASILOCALMEASURES::qlm_m0[0]
   QUASILOCALMEASURES::qlm_m0[1]
   QUASILOCALMEASURES::qlm_m0[2]
   QUASILOCALMEASURES::qlm_m0[3]
   QUASILOCALMEASURES::qlm_m0[4]
   QUASILOCALMEASURES::qlm_m0[5]
   QUASILOCALMEASURES::qlm_m1[0]
   QUASILOCALMEASURES::qlm_m1[1]
   QUASILOCALMEASURES::qlm_m1[2]
   QUASILOCALMEASURES::qlm_m1[3]
   QUASILOCALMEASURES::qlm_m1[4]
   QUASILOCALMEASURES::qlm_m1[5]
   QUASILOCALMEASURES::qlm_m2[0]
   QUASILOCALMEASURES::qlm_m2[1]
   QUASILOCALMEASURES::qlm_m2[2]
   QUASILOCALMEASURES::qlm_m2[3]
   QUASILOCALMEASURES::qlm_m2[4]
   QUASILOCALMEASURES::qlm_m2[5]
   QUASILOCALMEASURES::qlm_m3[0]
   QUASILOCALMEASURES::qlm_m3[1]
   QUASILOCALMEASURES::qlm_m3[2]
   QUASILOCALMEASURES::qlm_m3[3]
   QUASILOCALMEASURES::qlm_m3[4]
   QUASILOCALMEASURES::qlm_m3[5]
   QUASILOCALMEASURES::qlm_npkappa[0]
   QUASILOCALMEASURES::qlm_npkappa[1]
   QUASILOCALMEASURES::qlm_npkappa[2]
   QUASILOCALMEASURES::qlm_npkappa[3]
   QUASILOCALMEASURES::qlm_npkappa[4]
   QUASILOCALMEASURES::qlm_npkappa[5]
   QUASILOCALMEASURES::qlm_nptau[0]
   QUASILOCALMEASURES::qlm_nptau[1]
   QUASILOCALMEASURES::qlm_nptau[2]
   QUASILOCALMEASURES::qlm_nptau[3]
   QUASILOCALMEASURES::qlm_nptau[4]
   QUASILOCALMEASURES::qlm_nptau[5]
   QUASILOCALMEASURES::qlm_npsigma[0]
   QUASILOCALMEASURES::qlm_npsigma[1]
   QUASILOCALMEASURES::qlm_npsigma[2]
   QUASILOCALMEASURES::qlm_npsigma[3]
   QUASILOCALMEASURES::qlm_npsigma[4]
   QUASILOCALMEASURES::qlm_npsigma[5]
   QUASILOCALMEASURES::qlm_nprho[0]
   QUASILOCALMEASURES::qlm_nprho[1]
   QUASILOCALMEASURES::qlm_nprho[2]
   QUASILOCALMEASURES::qlm_nprho[3]
   QUASILOCALMEASURES::qlm_nprho[4]
   QUASILOCALMEASURES::qlm_nprho[5]
   QUASILOCALMEASURES::qlm_npepsilon[0]
   QUASILOCALMEASURES::qlm_npepsilon[1]
   QUASILOCALMEASURES::qlm_npepsilon[2]
   QUASILOCALMEASURES::qlm_npepsilon[3]
   QUASILOCALMEASURES::qlm_npepsilon[4]
   QUASILOCALMEASURES::qlm_npepsilon[5]
   QUASILOCALMEASURES::qlm_npgamma[0]
   QUASILOCALMEASURES::qlm_npgamma[1]
   QUASILOCALMEASURES::qlm_npgamma[2]
   QUASILOCALMEASURES::qlm_npgamma[3]
   QUASILOCALMEASURES::qlm_npgamma[4]
   QUASILOCALMEASURES::qlm_npgamma[5]
   QUASILOCALMEASURES::qlm_npbeta[0]
   QUASILOCALMEASURES::qlm_npbeta[1]
   QUASILOCALMEASURES::qlm_npbeta[2]
   QUASILOCALMEASURES::qlm_npbeta[3]
   QUASILOCALMEASURES::qlm_npbeta[4]
   QUASILOCALMEASURES::qlm_npbeta[5]
   QUASILOCALMEASURES::qlm_npalpha[0]
   QUASILOCALMEASURES::qlm_npalpha[1]
   QUASILOCALMEASURES::qlm_npalpha[2]
   QUASILOCALMEASURES::qlm_npalpha[3]
   QUASILOCALMEASURES::qlm_npalpha[4]
   QUASILOCALMEASURES::qlm_npalpha[5]
   QUASILOCALMEASURES::qlm_nppi[0]
   QUASILOCALMEASURES::qlm_nppi[1]
   QUASILOCALMEASURES::qlm_nppi[2]
   QUASILOCALMEASURES::qlm_nppi[3]
   QUASILOCALMEASURES::qlm_nppi[4]
   QUASILOCALMEASURES::qlm_nppi[5]
   QUASILOCALMEASURES::qlm_npnu[0]
   QUASILOCALMEASURES::qlm_npnu[1]
   QUASILOCALMEASURES::qlm_npnu[2]
   QUASILOCALMEASURES::qlm_npnu[3]
   QUASILOCALMEASURES::qlm_npnu[4]
   QUASILOCALMEASURES::qlm_npnu[5]
   QUASILOCALMEASURES::qlm_npmu[0]
   QUASILOCALMEASURES::qlm_npmu[1]
   QUASILOCALMEASURES::qlm_npmu[2]
   QUASILOCALMEASURES::qlm_npmu[3]
   QUASILOCALMEASURES::qlm_npmu[4]
   QUASILOCALMEASURES::qlm_npmu[5]
   QUASILOCALMEASURES::qlm_nplambda[0]
   QUASILOCALMEASURES::qlm_nplambda[1]
   QUASILOCALMEASURES::qlm_nplambda[2]
   QUASILOCALMEASURES::qlm_nplambda[3]
   QUASILOCALMEASURES::qlm_nplambda[4]
   QUASILOCALMEASURES::qlm_nplambda[5]
   QUASILOCALMEASURES::qlm_psi0[0]
   QUASILOCALMEASURES::qlm_psi0[1]
   QUASILOCALMEASURES::qlm_psi0[2]
   QUASILOCALMEASURES::qlm_psi0[3]
   QUASILOCALMEASURES::qlm_psi0[4]
   QUASILOCALMEASURES::qlm_psi0[5]
   QUASILOCALMEASURES::qlm_psi1[0]
   QUASILOCALMEASURES::qlm_psi1[1]
   QUASILOCALMEASURES::qlm_psi1[2]
   QUASILOCALMEASURES::qlm_psi1[3]
   QUASILOCALMEASURES::qlm_psi1[4]
   QUASILOCALMEASURES::qlm_psi1[5]
   QUASILOCALMEASURES::qlm_psi2[0]
   QUASILOCALMEASURES::qlm_psi2[1]
   QUASILOCALMEASURES::qlm_psi2[2]
   QUASILOCALMEASURES::qlm_psi2[3]
   QUASILOCALMEASURES::qlm_psi2[4]
   QUASILOCALMEASURES::qlm_psi2[5]
   QUASILOCALMEASURES::qlm_psi3[0]
   QUASILOCALMEASURES::qlm_psi3[1]
   QUASILOCALMEASURES::qlm_psi3[2]
   QUASILOCALMEASURES::qlm_psi3[3]
   QUASILOCALMEASURES::qlm_psi3[4]
   QUASILOCALMEASURES::qlm_psi3[5]
   QUASILOCALMEASURES::qlm_psi4[0]
   QUASILOCALMEASURES::qlm_psi4[1]
   QUASILOCALMEASURES::qlm_psi4[2]
   QUASILOCALMEASURES::qlm_psi4[3]
   QUASILOCALMEASURES::qlm_psi4[4]
   QUASILOCALMEASURES::qlm_psi4[5]
   QUASILOCALMEASURES::qlm_i[0]
   QUASILOCALMEASURES::qlm_i[1]
   QUASILOCALMEASURES::qlm_i[2]
   QUASILOCALMEASURES::qlm_i[3]
   QUASILOCALMEASURES::qlm_i[4]
   QUASILOCALMEASURES::qlm_i[5]
   QUASILOCALMEASURES::qlm_j[0]
   QUASILOCALMEASURES::qlm_j[1]
   QUASILOCALMEASURES::qlm_j[2]
   QUASILOCALMEASURES::qlm_j[3]
   QUASILOCALMEASURES::qlm_j[4]
   QUASILOCALMEASURES::qlm_j[5]
   QUASILOCALMEASURES::qlm_s[0]
   QUASILOCALMEASURES::qlm_s[1]
   QUASILOCALMEASURES::qlm_s[2]
   QUASILOCALMEASURES::qlm_s[3]
   QUASILOCALMEASURES::qlm_s[4]
   QUASILOCALMEASURES::qlm_s[5]
   QUASILOCALMEASURES::qlm_sdiff[0]
   QUASILOCALMEASURES::qlm_sdiff[1]
   QUASILOCALMEASURES::qlm_sdiff[2]
   QUASILOCALMEASURES::qlm_sdiff[3]
   QUASILOCALMEASURES::qlm_sdiff[4]
   QUASILOCALMEASURES::qlm_sdiff[5]
   QUASILOCALMEASURES::qlm_phi00[0]
   QUASILOCALMEASURES::qlm_phi00[1]
   QUASILOCALMEASURES::qlm_phi00[2]
   QUASILOCALMEASURES::qlm_phi00[3]
   QUASILOCALMEASURES::qlm_phi00[4]
   QUASILOCALMEASURES::qlm_phi00[5]
   QUASILOCALMEASURES::qlm_phi11[0]
   QUASILOCALMEASURES::qlm_phi11[1]
   QUASILOCALMEASURES::qlm_phi11[2]
   QUASILOCALMEASURES::qlm_phi11[3]
   QUASILOCALMEASURES::qlm_phi11[4]
   QUASILOCALMEASURES::qlm_phi11[5]
   QUASILOCALMEASURES::qlm_phi01[0]
   QUASILOCALMEASURES::qlm_phi01[1]
   QUASILOCALMEASURES::qlm_phi01[2]
   QUASILOCALMEASURES::qlm_phi01[3]
   QUASILOCALMEASURES::qlm_phi01[4]
   QUASILOCALMEASURES::qlm_phi01[5]
   QUASILOCALMEASURES::qlm_phi12[0]
   QUASILOCALMEASURES::qlm_phi12[1]
   QUASILOCALMEASURES::qlm_phi12[2]
   QUASILOCALMEASURES::qlm_phi12[3]
   QUASILOCALMEASURES::qlm_phi12[4]
   QUASILOCALMEASURES::qlm_phi12[5]
   QUASILOCALMEASURES::qlm_phi10[0]
   QUASILOCALMEASURES::qlm_phi10[1]
   QUASILOCALMEASURES::qlm_phi10[2]
   QUASILOCALMEASURES::qlm_phi10[3]
   QUASILOCALMEASURES::qlm_phi10[4]
   QUASILOCALMEASURES::qlm_phi10[5]
   QUASILOCALMEASURES::qlm_phi21[0]
   QUASILOCALMEASURES::qlm_phi21[1]
   QUASILOCALMEASURES::qlm_phi21[2]
   QUASILOCALMEASURES::qlm_phi21[3]
   QUASILOCALMEASURES::qlm_phi21[4]
   QUASILOCALMEASURES::qlm_phi21[5]
   QUASILOCALMEASURES::qlm_phi02[0]
   QUASILOCALMEASURES::qlm_phi02[1]
   QUASILOCALMEASURES::qlm_phi02[2]
   QUASILOCALMEASURES::qlm_phi02[3]
   QUASILOCALMEASURES::qlm_phi02[4]
   QUASILOCALMEASURES::qlm_phi02[5]
   QUASILOCALMEASURES::qlm_phi22[0]
   QUASILOCALMEASURES::qlm_phi22[1]
   QUASILOCALMEASURES::qlm_phi22[2]
   QUASILOCALMEASURES::qlm_phi22[3]
   QUASILOCALMEASURES::qlm_phi22[4]
   QUASILOCALMEASURES::qlm_phi22[5]
   QUASILOCALMEASURES::qlm_phi20[0]
   QUASILOCALMEASURES::qlm_phi20[1]
   QUASILOCALMEASURES::qlm_phi20[2]
   QUASILOCALMEASURES::qlm_phi20[3]
   QUASILOCALMEASURES::qlm_phi20[4]
   QUASILOCALMEASURES::qlm_phi20[5]
   QUASILOCALMEASURES::qlm_lambda[0]
   QUASILOCALMEASURES::qlm_lambda[1]
   QUASILOCALMEASURES::qlm_lambda[2]
   QUASILOCALMEASURES::qlm_lambda[3]
   QUASILOCALMEASURES::qlm_lambda[4]
   QUASILOCALMEASURES::qlm_lambda[5]
   QUASILOCALMEASURES::qlm_lie_n_theta_l[0]
   QUASILOCALMEASURES::qlm_lie_n_theta_l[1]
   QUASILOCALMEASURES::qlm_lie_n_theta_l[2]
   QUASILOCALMEASURES::qlm_lie_n_theta_l[3]
   QUASILOCALMEASURES::qlm_lie_n_theta_l[4]
   QUASILOCALMEASURES::qlm_lie_n_theta_l[5]
   QUASILOCALMEASURES::qlm_qtt[0]
   QUASILOCALMEASURES::qlm_qtt[1]
   QUASILOCALMEASURES::qlm_qtt[2]
   QUASILOCALMEASURES::qlm_qtt[3]
   QUASILOCALMEASURES::qlm_qtt[4]
   QUASILOCALMEASURES::qlm_qtt[5]
   QUASILOCALMEASURES::qlm_qtp[0]
   QUASILOCALMEASURES::qlm_qtp[1]
   QUASILOCALMEASURES::qlm_qtp[2]
   QUASILOCALMEASURES::qlm_qtp[3]
   QUASILOCALMEASURES::qlm_qtp[4]
   QUASILOCALMEASURES::qlm_qtp[5]
   QUASILOCALMEASURES::qlm_qpp[0]
   QUASILOCALMEASURES::qlm_qpp[1]
   QUASILOCALMEASURES::qlm_qpp[2]
   QUASILOCALMEASURES::qlm_qpp[3]
   QUASILOCALMEASURES::qlm_qpp[4]
   QUASILOCALMEASURES::qlm_qpp[5]
   QUASILOCALMEASURES::qlm_rsc[0]
   QUASILOCALMEASURES::qlm_rsc[1]
   QUASILOCALMEASURES::qlm_rsc[2]
   QUASILOCALMEASURES::qlm_rsc[3]
   QUASILOCALMEASURES::qlm_rsc[4]
   QUASILOCALMEASURES::qlm_rsc[5]
   QUASILOCALMEASURES::qlm_xi_t[0]
   QUASILOCALMEASURES::qlm_xi_t[1]
   QUASILOCALMEASURES::qlm_xi_t[2]
   QUASILOCALMEASURES::qlm_xi_t[3]
   QUASILOCALMEASURES::qlm_xi_t[4]
   QUASILOCALMEASURES::qlm_xi_t[5]
   QUASILOCALMEASURES::qlm_xi_p[0]
   QUASILOCALMEASURES::qlm_xi_p[1]
   QUASILOCALMEASURES::qlm_xi_p[2]
   QUASILOCALMEASURES::qlm_xi_p[3]
   QUASILOCALMEASURES::qlm_xi_p[4]
   QUASILOCALMEASURES::qlm_xi_p[5]
   QUASILOCALMEASURES::qlm_chi[0]
   QUASILOCALMEASURES::qlm_chi[1]
   QUASILOCALMEASURES::qlm_chi[2]
   QUASILOCALMEASURES::qlm_chi[3]
   QUASILOCALMEASURES::qlm_chi[4]
   QUASILOCALMEASURES::qlm_chi[5]
   QUASILOCALMEASURES::qlm_lqtt[0]
   QUASILOCALMEASURES::qlm_lqtt[1]
   QUASILOCALMEASURES::qlm_lqtt[2]
   QUASILOCALMEASURES::qlm_lqtt[3]
   QUASILOCALMEASURES::qlm_lqtt[4]
   QUASILOCALMEASURES::qlm_lqtt[5]
   QUASILOCALMEASURES::qlm_lqtp[0]
   QUASILOCALMEASURES::qlm_lqtp[1]
   QUASILOCALMEASURES::qlm_lqtp[2]
   QUASILOCALMEASURES::qlm_lqtp[3]
   QUASILOCALMEASURES::qlm_lqtp[4]
   QUASILOCALMEASURES::qlm_lqtp[5]
   QUASILOCALMEASURES::qlm_lqpp[0]
   QUASILOCALMEASURES::qlm_lqpp[1]
   QUASILOCALMEASURES::qlm_lqpp[2]
   QUASILOCALMEASURES::qlm_lqpp[3]
   QUASILOCALMEASURES::qlm_lqpp[4]
   QUASILOCALMEASURES::qlm_lqpp[5]
   QUASILOCALMEASURES::qlm_inv_z[0]
   QUASILOCALMEASURES::qlm_inv_z[1]
   QUASILOCALMEASURES::qlm_inv_z[2]
   QUASILOCALMEASURES::qlm_inv_z[3]
   QUASILOCALMEASURES::qlm_inv_z[4]
   QUASILOCALMEASURES::qlm_inv_z[5]
   QUASILOCALMEASURES::qlm_3det[0]
   QUASILOCALMEASURES::qlm_3det[1]
   QUASILOCALMEASURES::qlm_3det[2]
   QUASILOCALMEASURES::qlm_3det[3]
   QUASILOCALMEASURES::qlm_3det[4]
   QUASILOCALMEASURES::qlm_3det[5]
   SPHERICALSURFACE::sf_radius[0]
   SPHERICALSURFACE::sf_radius[1]
   SPHERICALSURFACE::sf_radius[2]
   SPHERICALSURFACE::sf_radius[3]
   SPHERICALSURFACE::sf_radius[4]
   SPHERICALSURFACE::sf_radius[5]
   WEYLSCAL4::Psi4r
   WEYLSCAL4::Psi4i
INFO (CarpetIOASCII): I/O Method 'IOASCII_2D' registered: 2D AMR output of grid variables to ASCII files
INFO (CarpetIOASCII): Periodic 2D AMR output requested for:
   SPHERICALSURFACE::sf_radius[0]
   SPHERICALSURFACE::sf_radius[1]
   SPHERICALSURFACE::sf_radius[2]
   SPHERICALSURFACE::sf_radius[3]
   SPHERICALSURFACE::sf_radius[4]
   SPHERICALSURFACE::sf_radius[5]
INFO (CarpetIOASCII): I/O Method 'IOASCII_3D' registered: 3D AMR output of grid variables to ASCII files
INFO (CarpetRegrid2): Initialising position of centre 0 to [1.16864,0,0]
INFO (CarpetRegrid2): Initialising position of centre 1 to [-1.16864,0,0]
INFO (CarpetRegrid2): Initialising position of centre 2 to [0,0,0]
--------------------------------------------------------------------------------
INFO (Formaline): Writing tarballs with the Cactus sources into the directory "qc0-mclachlan/cactus-source"
INFO (MoL): Using Runge-Kutta 4 as the time integrator.
INFO (SymBase): Symmetry on lower x-face: rotating_symmetry_180
INFO (SymBase): Symmetry on lower z-face: reflection_symmetry
INFO (MoL): The maximum number of evolved variables is 25. 25 are registered.
INFO (MoL): The maximum number of evolved implicit variables is 0. 0 are registered.
INFO (MoL): The maximum number of constrained variables is 20. 20 are registered.
INFO (MoL): The maximum number of SandR variables is 0. 0 are registered.
INFO (MoL): The maximum number of evolved complex variables is 0. 0 are registered.
INFO (MoL): The maximum number of constrained complex variables is 0. 0 are registered.
INFO (MoL): The maximum number of SandR complex variables is 0. 0 are registered.
INFO (MoL): The maximum number of evolved array variables is 0. 0 are registered.
INFO (MoL): The maximum number of constrained array variables is 0. 0 are registered.
INFO (MoL): The maximum number of SandR array variables is 0. 0 are registered.
INFO (MoL): The maximum number of evolved complex array variables is 0. 0 are registered.
INFO (MoL): The maximum number of constrained complex array variables is 0. 0 are registered.
INFO (MoL): The maximum number of SandR complex array variables is 0. 0 are registered.
INFO (MoL): The maximum size of any array variables is 0.
WARNING level 1 in thorn Multipole processor 0 host nid07855
  (line 245 of /mnt/a/u/sciteam/rhaas/Zelmani/arrangements/EinsteinAnalysis/Multipole/src/multipole.cc): 
  -> The parameter l_mode is deprecated. Use l_max instead.  For compatibility, l_max = l_mode is being used.
WARNING level 1 in thorn Multipole processor 0 host nid07855
  (line 260 of /mnt/a/u/sciteam/rhaas/Zelmani/arrangements/EinsteinAnalysis/Multipole/src/multipole.cc): 
  -> The parameter m_mode is deprecated. All m modes will be computed.
INFO (Vectors): Testing vectorisation... [errors may result in segfaults]
INFO (Vectors): 92/92 tests passed 
INFO (CarpetRegrid2): Centre 1 is at position [1.16864,0,0] with 7 levels
INFO (CarpetRegrid2): Centre 2 is at position [-1.16864,0,0] with 7 levels
INFO (CarpetRegrid2): Centre 3 is not active
INFO (CarpetRegrid2): Regridding level 0 map 0 at iteration 0 time 0
INFO (CarpetRegrid2): Regridding levels 1 and up
INFO (CarpetRegrid2): Enforcing grid structure properties, iteration 0
INFO (CarpetRegrid2): Enforcing grid structure properties, iteration 1
INFO (CarpetRegrid2): Enforcing grid structure properties, iteration 0
INFO (CarpetRegrid2): Enforcing grid structure properties, iteration 1
INFO (CarpetRegrid2): Enforcing grid structure properties, iteration 0
INFO (CarpetRegrid2): Enforcing grid structure properties, iteration 1
INFO (CarpetRegrid2): Enforcing grid structure properties, iteration 0
INFO (CarpetRegrid2): Enforcing grid structure properties, iteration 1
INFO (CarpetRegrid2): Enforcing grid structure properties, iteration 0
INFO (CarpetRegrid2): Enforcing grid structure properties, iteration 1
INFO (CarpetRegrid2): Enforcing grid structure properties, iteration 0
INFO (CarpetRegrid2): Enforcing grid structure properties, iteration 1
INFO (Carpet): Grid structure (superregions, grid points):
   [0][0][0]   exterior: [0,0,0] : [65,124,65]   ([66,125,66] + PADDING) 544500
   [1][0][0]   exterior: [3,51,3] : [80,197,79]   ([78,147,77] + PADDING) 882882
   [2][0][0]   exterior: [9,207,9] : [55,289,53]   ([47,83,45] + PADDING) 175545
   [3][0][0]   exterior: [21,455,21] : [70,537,65]   ([50,83,45] + PADDING) 186750
   [4][0][0]   exterior: [45,951,45] : [98,1033,89]   ([54,83,45] + PADDING) 201690
   [5][0][0]   exterior: [93,1943,93] : [156,2025,137]   ([64,83,45] + PADDING) 239040
   [6][0][0]   exterior: [189,3927,189] : [270,4009,233]   ([82,83,45] + PADDING) 306270
INFO (Carpet): Grid structure (superregions, coordinates):
   [0][0][0]   exterior: [-6.000000000000000,-124.000000000000000,-6.000000000000000] : [124.000000000000000,124.000000000000000,124.000000000000000] : [2.000000000000000,2.000000000000000,2.000000000000000]
   [1][0][0]   exterior: [-3.000000000000000,-73.000000000000000,-3.000000000000000] : [74.000000000000000,73.000000000000000,73.000000000000000] : [1.000000000000000,1.000000000000000,1.000000000000000]
   [2][0][0]   exterior: [-1.500000000000000,-20.500000000000000,-1.500000000000000] : [21.500000000000000,20.500000000000000,20.500000000000000] : [0.500000000000000,0.500000000000000,0.500000000000000]
   [3][0][0]   exterior: [-0.750000000000000,-10.250000000000000,-0.750000000000000] : [11.500000000000000,10.250000000000000,10.250000000000000] : [0.250000000000000,0.250000000000000,0.250000000000000]
   [4][0][0]   exterior: [-0.375000000000000,-5.125000000000000,-0.375000000000000] : [6.250000000000000,5.125000000000000,5.125000000000000] : [0.125000000000000,0.125000000000000,0.125000000000000]
   [5][0][0]   exterior: [-0.187500000000000,-2.562500000000000,-0.187500000000000] : [3.750000000000000,2.562500000000000,2.562500000000000] : [0.062500000000000,0.062500000000000,0.062500000000000]
   [6][0][0]   exterior: [-0.093750000000000,-1.281250000000000,-0.093750000000000] : [2.437500000000000,1.281250000000000,1.281250000000000] : [0.031250000000000,0.031250000000000,0.031250000000000]
INFO (Carpet): Global grid structure statistics:
INFO (Carpet): GF: rhs: 137k active, 248k owned (+81%), 422k total (+71%), 64 steps/time
INFO (Carpet): GF: vars: 271, pts: 404M active, 604M owned (+49%), 981M total (+62%), 1.0 comp/proc
INFO (Carpet): GA: vars: 1508, pts: 10M active, 10M total (+0%)
INFO (Carpet): Total required memory: 7.939 GByte (for GAs and currently active GFs)
INFO (Carpet): Load balance:  min     avg     max     sdv     max/avg-1
INFO (Carpet): Level  0:      14M     15M     16M      1M owned      8%
INFO (Carpet): Level  1:      26M     28M     29M      1M owned      5%
INFO (Carpet): Level  2:       5M      5M      6M      0M owned      9%
INFO (Carpet): Level  3:       5M      6M      6M      0M owned      8%
INFO (Carpet): Level  4:       6M      6M      6M      0M owned      7%
INFO (Carpet): Level  5:       6M      7M      8M      1M owned      8%
INFO (Carpet): Level  6:       8M      9M     10M      1M owned      6%
INFO (ADMMacros): Spatial finite differencing order: 4
INFO (CartGrid3D): Grid Spacings:
INFO (CartGrid3D): dx=>2.0000000e+00  dy=>2.0000000e+00  dz=>2.0000000e+00
INFO (CartGrid3D): Computational Coordinates:
INFO (CartGrid3D): x=>[-6.000,124.000]  y=>[-124.000,124.000]  z=>[-6.000,124.000]
INFO (CartGrid3D): Indices of Physical Coordinates:
INFO (CartGrid3D): x=>[0,65]  y=>[0,124]  z=>[0,65]
INFO (AHFinderDirect): setting up AHFinderDirect data structures
INFO (AHFinderDirect):            to search for 6 horizons on 8 processors
INFO (AHFinderDirect):       constructing full sphere patch system
INFO (AHFinderDirect):                    at origin (1.16864,0,0)
INFO (AHFinderDirect):                    with 18 angular zones per right angle
INFO (AHFinderDirect):       ==> 2166 nominal, 3174 ghosted angular grid points
INFO (AHFinderDirect):       constructing full sphere patch system
INFO (AHFinderDirect):                    at origin (-1.16864,0,0)
INFO (AHFinderDirect):                    with 18 angular zones per right angle
INFO (AHFinderDirect):       ==> 2166 nominal, 3174 ghosted angular grid points
INFO (AHFinderDirect):       constructing full sphere patch system
INFO (AHFinderDirect):                    at origin (0,0,0)
INFO (AHFinderDirect):                    with 18 angular zones per right angle
INFO (AHFinderDirect):       ==> 2166 nominal, 3174 ghosted angular grid points
INFO (AHFinderDirect):       constructing full sphere patch system
INFO (AHFinderDirect):                    at origin (0,0,0)
INFO (AHFinderDirect):                    with 18 angular zones per right angle
INFO (AHFinderDirect):       ==> 2166 nominal, 3174 ghosted angular grid points
INFO (AHFinderDirect):       constructing full sphere patch system
INFO (AHFinderDirect):                    at origin (0,0,0)
INFO (AHFinderDirect):                    with 18 angular zones per right angle
INFO (AHFinderDirect):       ==> 2166 nominal, 3174 ghosted angular grid points
INFO (AHFinderDirect):       constructing full sphere patch system
INFO (AHFinderDirect):                    at origin (0,0,0)
INFO (AHFinderDirect):                    with 18 angular zones per right angle
INFO (AHFinderDirect):       ==> 2166 nominal, 3174 ghosted angular grid points
INFO (Time): Timestep set to 0.5 (courant_static)
INFO (TwoPunctures): Solving puncture equation for BH-BH system
INFO (TwoPunctures): b = 1.16864
Newton: it=0 	 |F|=1.052185e-01
bare mass: mp=0.453 	 mm=0.453
bicgstab:  itmax 100, tol 1.052185e-04
bicgstab:     0   1.703e+00
bicgstab:     1   1.266e+01   1.034e+00   0.000e+00   7.384e-01
bicgstab:     2   4.055e+00   1.695e+00   2.615e-02   4.375e-01
bicgstab:     3   9.935e-01   6.443e-01   2.068e-01   6.593e-01
bicgstab:     4   1.344e-01   8.687e-01   7.549e-02   4.485e-01
bicgstab:     5   9.850e-02   1.208e+00   1.948e-01   4.016e-01
bicgstab:     6   1.570e-03   7.741e-02  -3.713e-02   1.395e+00
bicgstab:     7   2.545e-04   4.524e+00  -7.124e-01   1.291e+00
bicgstab:     8   8.248e-05   8.538e-01   3.128e-01   1.291e+00
Newton: it=1 	 |F|=1.448405e-03
bare mass: mp=0.453 	 mm=0.453
bicgstab:  itmax 100, tol 1.448405e-06
bicgstab:     0   2.157e-02
bicgstab:     1   1.584e-01   1.087e+00   0.000e+00   7.219e-01
bicgstab:     2   1.562e-01  -1.251e-01   9.412e-03   1.838e-01
bicgstab:     3   3.967e-03  -6.365e+00  -1.396e+00   1.044e+00
bicgstab:     4   2.974e-04   8.945e-01   1.165e-01   4.852e-01
bicgstab:     5   7.354e-05   5.797e-01   3.206e-01   8.337e-01
bicgstab:     6   1.665e-05   1.074e+00  -1.282e-01   4.702e-01
bicgstab:     7   1.465e-04  -1.573e+01   1.920e-01   4.068e-01
bicgstab:     8   3.143e-07  -4.611e-02  -3.882e+02   1.234e+00
Newton: it=2 	 |F|=2.097371e-07
bare mass: mp=0.453 	 mm=0.453
bicgstab:  itmax 100, tol 2.097371e-10
bicgstab:     0   3.072e-06
bicgstab:     1   2.194e-05   6.915e-01   0.000e+00   9.605e-01
bicgstab:     2   2.261e-05  -2.956e-01  -6.153e-02   1.428e-01
bicgstab:     3   7.595e-07  -4.572e+00  -1.807e+00   5.627e-01
bicgstab:     4   6.103e-08   4.793e-01  -1.841e-01   7.241e-01
bicgstab:     5   9.350e-09   1.308e+00  -1.051e-01   5.048e-01
bicgstab:     6   5.087e-09   7.228e-01  -1.664e-01   6.853e-01
bicgstab:     7   1.004e-09   1.433e+00   3.243e-01   4.794e-01
bicgstab:     8   9.421e-11   5.142e-01   3.581e-01   2.679e+00
Newton: it=3 	 |F|=1.913827e-11 
d3tensor: 30 30 16
d3tensor: 30 30 16
INFO (TwoPunctures): The two puncture masses are mp=0.45300000000000001 and mm=0.45300000000000001
INFO (TwoPunctures): Puncture 1 ADM mass is 0.516817
INFO (TwoPunctures): Puncture 2 ADM mass is 0.516817
INFO (TwoPunctures): The total ADM mass is 1.00788
INFO (TwoPunctures): Interpolating result
INFO (QuasiLocalMeasures): Initialising Quasi-Local Measure calculations
INFO (ADMMacros): Spatial finite differencing order: 4
INFO (Time): Timestep set to 0.5 (courant_static)
INFO (TwoPunctures): Interpolating result
INFO (ADMMacros): Spatial finite differencing order: 4
INFO (Time): Timestep set to 0.25 (courant_static)
INFO (TwoPunctures): Interpolating result
INFO (ADMMacros): Spatial finite differencing order: 4
INFO (Time): Timestep set to 0.125 (courant_static)
INFO (TwoPunctures): Interpolating result
INFO (ADMMacros): Spatial finite differencing order: 4
INFO (Time): Timestep set to 0.0625 (courant_static)
INFO (TwoPunctures): Interpolating result
INFO (ADMMacros): Spatial finite differencing order: 4
INFO (Time): Timestep set to 0.03125 (courant_static)
INFO (TwoPunctures): Interpolating result
INFO (ADMMacros): Spatial finite differencing order: 4
INFO (Time): Timestep set to 0.015625 (courant_static)
INFO (TwoPunctures): Interpolating result
INFO (AHFinderDirect): proc 0: searching for horizons 1,5/6
INFO (AHFinderDirect): AH 4/6: r=48.9874 at (-0.000000,-0.000000,0.000000)
INFO (AHFinderDirect): AH 4/6: area=31416.42056 m_irreducible=25.00019656
INFO (AHFinderDirect): AH 1/6: r=0.198405 at (1.168133,-0.004122,-0.000000)
INFO (AHFinderDirect): AH 1/6: area=13.42617844 m_irreducible=0.516822342
INFO (AHFinderDirect): AH 2/6: r=0.198405 at (-1.168133,0.004122,-0.000000)
INFO (AHFinderDirect): AH 2/6: area=13.42617844 m_irreducible=0.516822342
INFO (AHFinderDirect): AH 5/6: r=0.198612 at (1.168134,-0.004135,0.000000)
INFO (AHFinderDirect): AH 5/6: area=13.42613768 m_irreducible=0.5168215575
INFO (CarpetIOHDF5): ---------------------------------------------------------
INFO (CarpetIOHDF5): Dumping initial checkpoint at iteration 0, simulation time 0
INFO (CarpetIOHDF5): ---------------------------------------------------------
Memory statistics from CarpetLib:
   Current number of objects: 2036
   Current allocated memory:  935.422 MB
   Maximum number of objects: 2050
   Maximum allocated memory:  940.534 MB
   Current administrative memory: 1.327 MB
   Total allocated used system memory: 73.344 MB
   Total allocated free system memory: 36.404 MB
   gh::allmemory:    118120
   dh::allmemory:    446668
   th::allmemory:    19924
   ggf::allmemory:   551656
   gdata::allmemory: 190728
INFO (QuasiLocalMeasures): Calculating quasi-local quantities for surface    0
INFO (QuasiLocalMeasures): Importing from spherical surface    0
WARNING level 3 in thorn QuasiLocalMeasures processor 0 host nid07855
  (line 120 of qlm_killing_transport.F90): 
  -> Did not manage to find an eigenvector with the eigenvalue 1
INFO (QuasiLocalMeasures): Geometric quantities for surface    0:
INFO (QuasiLocalMeasures):    Area A:                            13.4261
INFO (QuasiLocalMeasures):    Irreducible mass M = R/2:         0.516820
INFO (QuasiLocalMeasures):    Areal radius R = sqrt(A/4pi):      1.03364
INFO (QuasiLocalMeasures): Coordinate-dependent quantities for surface    0:
INFO (QuasiLocalMeasures):    Equatorial circumference:             6.49990
INFO (QuasiLocalMeasures):    Polar circumference at phi=0:         6.45401
INFO (QuasiLocalMeasures):    Polar circumference at phi=pi/2:      6.49463
INFO (QuasiLocalMeasures):    Spin guess J from distortion:        0.216814E-01
INFO (QuasiLocalMeasures):    Mass guess M from distortion:        0.517246
INFO (QuasiLocalMeasures): Isolated Horizon quantities for surface    0:
INFO (QuasiLocalMeasures):    Killing vector field eigenvalue norm:      1.00064
INFO (QuasiLocalMeasures):    Spin J:                                  -0.282843E-05
INFO (QuasiLocalMeasures):    Kerr spin parameter a = J/M:             -0.547274E-05
INFO (QuasiLocalMeasures):    Dimensionless spin parameter a = J/M^2:  -0.105893E-04
INFO (QuasiLocalMeasures):    Spin J from NP:                          -0.291828E-03
INFO (QuasiLocalMeasures):    Spin J from phi-coordinate-vector:         0.00000
INFO (QuasiLocalMeasures):    Mass M:                                   0.516820
INFO (QuasiLocalMeasures): Global quantities for surface    0:
INFO (QuasiLocalMeasures):    ADM energy:                 -14.0468
INFO (QuasiLocalMeasures):    ADM momentum x:             0.146038E-05
INFO (QuasiLocalMeasures):    ADM momentum y:             0.123218E-01
INFO (QuasiLocalMeasures):    ADM momentum z:             0.422849E-18
INFO (QuasiLocalMeasures):    ADM angular momentum x:     0.165301E-17
INFO (QuasiLocalMeasures):    ADM angular momentum y:    -0.526753E-18
INFO (QuasiLocalMeasures):    ADM angular momentum z:     0.144191E-01
INFO (QuasiLocalMeasures):    Landau-Lifshitz energy:                  28.1989
INFO (QuasiLocalMeasures):    Landau-Lifshitz momentum x:            -0.210398E-06
INFO (QuasiLocalMeasures):    Landau-Lifshitz momentum y:             0.333177
INFO (QuasiLocalMeasures):    Landau-Lifshitz momentum z:            -0.203704E-17
INFO (QuasiLocalMeasures):    Landau-Lifshitz angular momentum x:     0.143566E-17
INFO (QuasiLocalMeasures):    Landau-Lifshitz angular momentum y:     0.312655E-17
INFO (QuasiLocalMeasures):    Landau-Lifshitz angular momentum z:     0.389365
WARNING level 2 in thorn QuasiLocalMeasures processor 0 host nid07855
  (line 128 of qlm_calculate.F90): 
  -> There were not enough past time levels available for accurate calculations
INFO (TimerReport): Timer Report at iteration 0 time 0
INFO (TimerReport): Top timers at iteration 0 time 0
======================================================================
    %    Time/s   Min/s   Max/s   Timer (gettimeofday)
======================================================================
100.0   103.195 103.090 103.353   CCTK total time
 95.7    98.789  98.683  99.513   meta mode/meta mode/global mode
 51.1    52.720  52.602  52.778   meta mode/meta mode/global mode/level(0)
 39.2    40.403  40.402  40.406   main/Initialise/CallInitial
 36.9    38.043  37.415  38.295   main/Initialise/CallInitial/CCTK_INITIAL
 36.9    38.041  37.413  38.293   main/Initialise/CallInitial/CCTK_INITIAL/CallFunction
 34.7    35.844  33.777  38.171   main/Initialise/CallInitial/CCTK_INITIAL/CallFunction/thorns
 34.6    35.721  33.647  38.046   [0096] TwoPunctures: TwoPunctures in CCTK_INITIAL
 34.6    35.720  33.647  38.046   main/Initialise/CallInitial/CCTK_INITIAL/CallFunction/thorns/TwoPunctures
 29.8    30.778  30.775  30.780   main/Initialise/CallAnalysis/CCTK_CPINITIAL
 29.8    30.777  30.775  30.780   [0172] CarpetIOHDF5: CarpetIOHDF5_InitialDataCheckpoint in CCTK_CPINITIAL
 29.8    30.777  30.775  30.780   main/Initialise/CallAnalysis/CCTK_CPINITIAL/CallFunction
 29.8    30.777  30.774  30.779   main/Initialise/CallAnalysis/CCTK_CPINITIAL/CallFunction/thorns
 29.8    30.777  30.774  30.779   main/Initialise/CallAnalysis/CCTK_CPINITIAL/CallFunction/thorns/CarpetIOHDF5_InitialDataCheckpoint
 13.8    14.270  14.266  14.272   main/Initialise/CallPostInitial
 13.8    14.266  14.263  14.269   main/Initialise/CallPostInitial/CCTK_POSTSTEP
 13.8    14.264  14.261  14.267   main/Initialise/CallPostInitial/CCTK_POSTSTEP/CallFunction
 13.8    14.254  14.252  14.257   main/Initialise/CallPostInitial/CCTK_POSTSTEP/CallFunction/thorns
 13.2    13.606  12.844  14.250   meta mode/meta mode/global mode/level(1)
 12.8    13.237  13.233  13.240   main/Initialise/CallAnalysis/OutputGH
======================================================================
----------------------------------------------------------------------------------------------------------------------------------------------------------
Iteration      Time | *me_per_hour | *STRAINTS::H | *qlm_spin[0] | *f_radius[0] | *f_radius[1] | *f_radius[2] | *f_radius[3] | *f_radius[4] | *f_radius[5]
                    |              |        norm2 |              |        norm2 |        norm2 |        norm2 |        norm2 |        norm2 |        norm2
----------------------------------------------------------------------------------------------------------------------------------------------------------
        0     0.000 |    0.0000000 |    0.0000359 |   -0.0000028 |    0.1983839 |    0.1982607 |         -nan |   48.9871929 |    0.1985915 |         -nan
INFO (CarpetRegrid2): Centre 1 is at position [1.16813,-0.00412195,-1.15767e-16] with 7 levels
INFO (CarpetRegrid2): Centre 2 is at position [-1.16813,0.00412195,-3.30764e-17] with 7 levels
INFO (CarpetRegrid2): Centre 3 is not active
INFO (CarpetRegrid2): Refined regions have not changed sufficiently; skipping regridding
INFO (CarpetRegrid2): Centre 1 is at position [1.16813,-0.00412195,-1.15767e-16] with 7 levels
INFO (CarpetRegrid2): Centre 2 is at position [-1.16813,0.00412195,-3.30764e-17] with 7 levels
INFO (CarpetRegrid2): Centre 3 is not active
INFO (CarpetRegrid2): Refined regions have not changed sufficiently; skipping regridding
INFO (CarpetRegrid2): Centre 1 is at position [1.16813,-0.00412195,-1.15767e-16] with 7 levels
INFO (CarpetRegrid2): Centre 2 is at position [-1.16813,0.00412195,-3.30764e-17] with 7 levels
INFO (CarpetRegrid2): Centre 3 is not active
INFO (CarpetRegrid2): Refined regions have not changed sufficiently; skipping regridding
INFO (CarpetRegrid2): Centre 1 is at position [1.16813,-0.00412195,-1.15767e-16] with 7 levels
INFO (CarpetRegrid2): Centre 2 is at position [-1.16813,0.00412195,-3.30764e-17] with 7 levels
INFO (CarpetRegrid2): Centre 3 is not active
INFO (CarpetRegrid2): Refined regions have not changed sufficiently; skipping regridding
INFO (CarpetRegrid2): Centre 1 is at position [1.16813,-0.00412195,-1.15767e-16] with 7 levels
INFO (CarpetRegrid2): Centre 2 is at position [-1.16813,0.00412195,-3.30764e-17] with 7 levels
INFO (CarpetRegrid2): Centre 3 is not active
INFO (CarpetRegrid2): Refined regions have not changed sufficiently; skipping regridding
INFO (CarpetRegrid2): Centre 1 is at position [1.16813,-0.00412195,-1.15767e-16] with 7 levels
INFO (CarpetRegrid2): Centre 2 is at position [-1.16813,0.00412195,-3.30764e-17] with 7 levels
INFO (CarpetRegrid2): Centre 3 is not active
INFO (CarpetRegrid2): Refined regions have not changed sufficiently; skipping regridding
INFO (CarpetRegrid2): Centre 1 is at position [1.16813,-0.00412195,-1.15767e-16] with 7 levels
INFO (CarpetRegrid2): Centre 2 is at position [-1.16813,0.00412195,-3.30764e-17] with 7 levels
INFO (CarpetRegrid2): Centre 3 is not active
INFO (CarpetRegrid2): Refined regions have not changed sufficiently; skipping regridding
INFO (AHFinderDirect): proc 0: searching for horizons 1,5/6
INFO (AHFinderDirect): AH 4/6: r=48.987 at (0.000000,0.000000,0.000000)
INFO (AHFinderDirect): AH 4/6: area=31415.93611 m_irreducible=25.00000381
INFO (AHFinderDirect): AH 1/6: r=0.221551 at (1.168055,-0.000366,-0.000000)
INFO (AHFinderDirect): AH 1/6: area=13.42341219 m_irreducible=0.5167690978
INFO (AHFinderDirect): AH 2/6: r=0.221551 at (-1.168055,0.000366,0.000000)
INFO (AHFinderDirect): AH 2/6: area=13.42341219 m_irreducible=0.5167690978
INFO (AHFinderDirect): AH 5/6: r=0.221782 at (1.168054,-0.000377,-0.000000)
INFO (AHFinderDirect): AH 5/6: area=13.42491841 m_irreducible=0.5167980899
INFO (QuasiLocalMeasures): Calculating quasi-local quantities for surface    0
INFO (QuasiLocalMeasures): Importing from spherical surface    0
WARNING level 3 in thorn QuasiLocalMeasures processor 0 host nid07855
  (line 120 of qlm_killing_transport.F90): 
  -> Did not manage to find an eigenvector with the eigenvalue 1
INFO (QuasiLocalMeasures): Geometric quantities for surface    0:
INFO (QuasiLocalMeasures):    Area A:                            13.4235
INFO (QuasiLocalMeasures):    Irreducible mass M = R/2:         0.516770
INFO (QuasiLocalMeasures):    Areal radius R = sqrt(A/4pi):      1.03354
INFO (QuasiLocalMeasures): Coordinate-dependent quantities for surface    0:
INFO (QuasiLocalMeasures):    Equatorial circumference:             6.50122
INFO (QuasiLocalMeasures):    Polar circumference at phi=0:         6.45060
INFO (QuasiLocalMeasures):    Polar circumference at phi=pi/2:      6.65434
INFO (QuasiLocalMeasures):    Spin guess J from distortion:        0.253251E-01
INFO (QuasiLocalMeasures):    Mass guess M from distortion:        0.517351
INFO (QuasiLocalMeasures): Isolated Horizon quantities for surface    0:
INFO (QuasiLocalMeasures):    Killing vector field eigenvalue norm:     0.999708
INFO (QuasiLocalMeasures):    Spin J:                                   0.198405E-05
INFO (QuasiLocalMeasures):    Kerr spin parameter a = J/M:              0.383933E-05
INFO (QuasiLocalMeasures):    Dimensionless spin parameter a = J/M^2:   0.742946E-05
INFO (QuasiLocalMeasures):    Spin J from NP:                          -0.160709E-02
INFO (QuasiLocalMeasures):    Spin J from phi-coordinate-vector:         0.00000
INFO (QuasiLocalMeasures):    Mass M:                                   0.516770
INFO (QuasiLocalMeasures): Global quantities for surface    0:
INFO (QuasiLocalMeasures):    ADM energy:                 -10.5412
INFO (QuasiLocalMeasures):    ADM momentum x:            -0.116857E-03
INFO (QuasiLocalMeasures):    ADM momentum y:             0.151268E-01
INFO (QuasiLocalMeasures):    ADM momentum z:             0.261323E-17
INFO (QuasiLocalMeasures):    ADM angular momentum x:     0.453656E-18
INFO (QuasiLocalMeasures):    ADM angular momentum y:    -0.285379E-17
INFO (QuasiLocalMeasures):    ADM angular momentum z:     0.180815E-01
INFO (QuasiLocalMeasures):    Landau-Lifshitz energy:                  21.4226
INFO (QuasiLocalMeasures):    Landau-Lifshitz momentum x:             0.576877E-04
INFO (QuasiLocalMeasures):    Landau-Lifshitz momentum y:             0.329129
INFO (QuasiLocalMeasures):    Landau-Lifshitz momentum z:             0.196908E-16
INFO (QuasiLocalMeasures):    Landau-Lifshitz angular momentum x:     0.197068E-17
INFO (QuasiLocalMeasures):    Landau-Lifshitz angular momentum y:    -0.134593E-16
INFO (QuasiLocalMeasures):    Landau-Lifshitz angular momentum z:     0.387554
WARNING level 2 in thorn QuasiLocalMeasures processor 0 host nid07855
  (line 128 of qlm_calculate.F90): 
  -> There were not enough past time levels available for accurate calculations
      128     0.250 |   18.4919225 |    0.0000226 |    0.0000020 |    0.2217243 |    0.2215540 |         -nan |   48.9868176 |    0.2219555 |         -nan
INFO (CarpetRegrid2): Centre 1 is at position [1.16806,-0.000365648,-4.54894e-17] with 7 levels
INFO (CarpetRegrid2): Centre 2 is at position [-1.16806,0.000365648,4.54894e-17] with 7 levels
INFO (CarpetRegrid2): Centre 3 is not active
INFO (CarpetRegrid2): Refined regions have not changed sufficiently; skipping regridding
INFO (CarpetRegrid2): Centre 1 is at position [1.16806,-0.000365648,-4.54894e-17] with 7 levels
INFO (CarpetRegrid2): Centre 2 is at position [-1.16806,0.000365648,4.54894e-17] with 7 levels
INFO (CarpetRegrid2): Centre 3 is not active
INFO (CarpetRegrid2): Refined regions have not changed sufficiently; skipping regridding
INFO (CarpetRegrid2): Centre 1 is at position [1.16806,-0.000365648,-4.54894e-17] with 7 levels
INFO (CarpetRegrid2): Centre 2 is at position [-1.16806,0.000365648,4.54894e-17] with 7 levels
INFO (CarpetRegrid2): Centre 3 is not active
INFO (CarpetRegrid2): Refined regions have not changed sufficiently; skipping regridding
INFO (CarpetRegrid2): Centre 1 is at position [1.16806,-0.000365648,-4.54894e-17] with 7 levels
INFO (CarpetRegrid2): Centre 2 is at position [-1.16806,0.000365648,4.54894e-17] with 7 levels
INFO (CarpetRegrid2): Centre 3 is not active
INFO (CarpetRegrid2): Refined regions have not changed sufficiently; skipping regridding
INFO (CarpetRegrid2): Centre 1 is at position [1.16806,-0.000365648,-4.54894e-17] with 7 levels
INFO (CarpetRegrid2): Centre 2 is at position [-1.16806,0.000365648,4.54894e-17] with 7 levels
INFO (CarpetRegrid2): Centre 3 is not active
INFO (CarpetRegrid2): Refined regions have not changed sufficiently; skipping regridding
INFO (CarpetRegrid2): Centre 1 is at position [1.16806,-0.000365648,-4.54894e-17] with 7 levels
INFO (CarpetRegrid2): Centre 2 is at position [-1.16806,0.000365648,4.54894e-17] with 7 levels
INFO (CarpetRegrid2): Centre 3 is not active
INFO (CarpetRegrid2): Refined regions have not changed sufficiently; skipping regridding
INFO (CarpetRegrid2): Centre 1 is at position [1.16806,-0.000365648,-4.54894e-17] with 7 levels
INFO (CarpetRegrid2): Centre 2 is at position [-1.16806,0.000365648,4.54894e-17] with 7 levels
INFO (CarpetRegrid2): Centre 3 is not active
INFO (CarpetRegrid2): Refined regions have not changed sufficiently; skipping regridding
INFO (AHFinderDirect): proc 0: searching for horizons 1,5/6
INFO (AHFinderDirect): AH 4/6: r=48.987 at (-0.000000,-0.000000,-0.000000)
INFO (AHFinderDirect): AH 4/6: area=31415.9263 m_irreducible=24.99999991
INFO (AHFinderDirect): AH 1/6: r=0.244884 at (1.167881,0.018376,-0.000000)
INFO (AHFinderDirect): AH 1/6: area=13.42265728 m_irreducible=0.5167545665
INFO (AHFinderDirect): AH 2/6: r=0.244884 at (-1.167881,-0.018376,0.000000)
INFO (AHFinderDirect): AH 2/6: area=13.42265728 m_irreducible=0.5167545665
INFO (AHFinderDirect): AH 5/6: r=0.245136 at (1.167880,0.018363,-0.000000)
INFO (AHFinderDirect): AH 5/6: area=13.42559005 m_irreducible=0.5168110173
INFO (QuasiLocalMeasures): Calculating quasi-local quantities for surface    0
INFO (QuasiLocalMeasures): Importing from spherical surface    0
INFO (QuasiLocalMeasures): Geometric quantities for surface    0:
INFO (QuasiLocalMeasures):    Area A:                            13.4228
INFO (QuasiLocalMeasures):    Irreducible mass M = R/2:         0.516757
INFO (QuasiLocalMeasures):    Areal radius R = sqrt(A/4pi):      1.03351
INFO (QuasiLocalMeasures): Coordinate-dependent quantities for surface    0:
INFO (QuasiLocalMeasures):    Equatorial circumference:             6.50292
INFO (QuasiLocalMeasures):    Polar circumference at phi=0:         6.42569
INFO (QuasiLocalMeasures):    Polar circumference at phi=pi/2:      6.83184
INFO (QuasiLocalMeasures):    Spin guess J from distortion:        0.283791E-01
INFO (QuasiLocalMeasures):    Mass guess M from distortion:        0.517486
INFO (QuasiLocalMeasures): Isolated Horizon quantities for surface    0:
INFO (QuasiLocalMeasures):    Killing vector field eigenvalue norm:     0.999957
INFO (QuasiLocalMeasures):    Spin J:                                  -0.213423E-05
INFO (QuasiLocalMeasures):    Kerr spin parameter a = J/M:             -0.413006E-05
INFO (QuasiLocalMeasures):    Dimensionless spin parameter a = J/M^2:  -0.799226E-05
INFO (QuasiLocalMeasures):    Spin J from NP:                          -0.435500E-02
INFO (QuasiLocalMeasures):    Spin J from phi-coordinate-vector:         0.00000
INFO (QuasiLocalMeasures):    Mass M:                                   0.516757
INFO (QuasiLocalMeasures): Global quantities for surface    0:
INFO (QuasiLocalMeasures):    ADM energy:                 -8.09056
INFO (QuasiLocalMeasures):    ADM momentum x:            -0.273523E-03
INFO (QuasiLocalMeasures):    ADM momentum y:             0.174886E-01
INFO (QuasiLocalMeasures):    ADM momentum z:             0.300829E-16
INFO (QuasiLocalMeasures):    ADM angular momentum x:     0.451152E-17
INFO (QuasiLocalMeasures):    ADM angular momentum y:    -0.331831E-16
INFO (QuasiLocalMeasures):    ADM angular momentum z:     0.218311E-01
INFO (QuasiLocalMeasures):    Landau-Lifshitz energy:                  16.6343
INFO (QuasiLocalMeasures):    Landau-Lifshitz momentum x:            -0.242348E-03
INFO (QuasiLocalMeasures):    Landau-Lifshitz momentum y:             0.326420
INFO (QuasiLocalMeasures):    Landau-Lifshitz momentum z:             0.338120E-16
INFO (QuasiLocalMeasures):    Landau-Lifshitz angular momentum x:     0.465811E-17
INFO (QuasiLocalMeasures):    Landau-Lifshitz angular momentum y:    -0.477165E-16
INFO (QuasiLocalMeasures):    Landau-Lifshitz angular momentum z:     0.386133
      256     0.500 |   17.8442714 |    0.0000171 |   -0.0000021 |    0.2446481 |    0.2444620 |         -nan |   48.9868268 |    0.2449016 |         -nan
INFO (CarpetRegrid2): Centre 1 is at position [1.16788,0.0183765,-1.9851e-16] with 7 levels
INFO (CarpetRegrid2): Centre 2 is at position [-1.16788,-0.0183765,8.68482e-17] with 7 levels
INFO (CarpetRegrid2): Centre 3 is not active
INFO (CarpetRegrid2): Refined regions have not changed sufficiently; skipping regridding
INFO (CarpetRegrid2): Centre 1 is at position [1.16788,0.0183765,-1.9851e-16] with 7 levels
INFO (CarpetRegrid2): Centre 2 is at position [-1.16788,-0.0183765,8.68482e-17] with 7 levels
INFO (CarpetRegrid2): Centre 3 is not active
INFO (CarpetRegrid2): Refined regions have not changed sufficiently; skipping regridding
INFO (CarpetRegrid2): Centre 1 is at position [1.16788,0.0183765,-1.9851e-16] with 7 levels
INFO (CarpetRegrid2): Centre 2 is at position [-1.16788,-0.0183765,8.68482e-17] with 7 levels
INFO (CarpetRegrid2): Centre 3 is not active
INFO (CarpetRegrid2): Refined regions have not changed sufficiently; skipping regridding
INFO (CarpetRegrid2): Centre 1 is at position [1.16788,0.0183765,-1.9851e-16] with 7 levels
INFO (CarpetRegrid2): Centre 2 is at position [-1.16788,-0.0183765,8.68482e-17] with 7 levels
INFO (CarpetRegrid2): Centre 3 is not active
INFO (CarpetRegrid2): Refined regions have not changed sufficiently; skipping regridding
INFO (CarpetRegrid2): Centre 1 is at position [1.16788,0.0183765,-1.9851e-16] with 7 levels
INFO (CarpetRegrid2): Centre 2 is at position [-1.16788,-0.0183765,8.68482e-17] with 7 levels
INFO (CarpetRegrid2): Centre 3 is not active
INFO (CarpetRegrid2): Refined regions have not changed sufficiently; skipping regridding
INFO (CarpetRegrid2): Centre 1 is at position [1.16788,0.0183765,-1.9851e-16] with 7 levels
INFO (CarpetRegrid2): Centre 2 is at position [-1.16788,-0.0183765,8.68482e-17] with 7 levels
INFO (CarpetRegrid2): Centre 3 is not active
INFO (CarpetRegrid2): Refined regions have not changed sufficiently; skipping regridding
INFO (CarpetRegrid2): Centre 1 is at position [1.16788,0.0183765,-1.9851e-16] with 7 levels
INFO (CarpetRegrid2): Centre 2 is at position [-1.16788,-0.0183765,8.68482e-17] with 7 levels
INFO (CarpetRegrid2): Centre 3 is not active
INFO (CarpetRegrid2): Refined regions have not changed sufficiently; skipping regridding
INFO (AHFinderDirect): proc 0: searching for horizons 1,5/6
INFO (AHFinderDirect): AH 4/6: r=48.987 at (0.000000,0.000000,-0.000000)
INFO (AHFinderDirect): AH 4/6: area=31415.92567 m_irreducible=24.99999966
INFO (AHFinderDirect): AH 1/6: r=0.266463 at (1.167358,0.054171,-0.000000)
INFO (AHFinderDirect): AH 1/6: area=13.42280427 m_irreducible=0.5167573958
INFO (AHFinderDirect): AH 2/6: r=0.266463 at (-1.167358,-0.054171,0.000000)
INFO (AHFinderDirect): AH 2/6: area=13.42280427 m_irreducible=0.5167573958
INFO (AHFinderDirect): AH 5/6: r=0.266738 at (1.167357,0.054152,-0.000000)
INFO (AHFinderDirect): AH 5/6: area=13.42718886 m_irreducible=0.516841789
INFO (QuasiLocalMeasures): Calculating quasi-local quantities for surface    0
INFO (QuasiLocalMeasures): Importing from spherical surface    0
INFO (QuasiLocalMeasures): Geometric quantities for surface    0:
INFO (QuasiLocalMeasures):    Area A:                            13.4228
INFO (QuasiLocalMeasures):    Irreducible mass M = R/2:         0.516757
INFO (QuasiLocalMeasures):    Areal radius R = sqrt(A/4pi):      1.03351
INFO (QuasiLocalMeasures): Coordinate-dependent quantities for surface    0:
INFO (QuasiLocalMeasures):    Equatorial circumference:             6.50470
INFO (QuasiLocalMeasures):    Polar circumference at phi=0:         6.41335
INFO (QuasiLocalMeasures):    Polar circumference at phi=pi/2:      6.83824
INFO (QuasiLocalMeasures):    Spin guess J from distortion:        0.310197E-01
INFO (QuasiLocalMeasures):    Mass guess M from distortion:        0.517627
INFO (QuasiLocalMeasures): Isolated Horizon quantities for surface    0:
INFO (QuasiLocalMeasures):    Killing vector field eigenvalue norm:     0.999983
INFO (QuasiLocalMeasures):    Spin J:                                  -0.143083E-06
INFO (QuasiLocalMeasures):    Kerr spin parameter a = J/M:             -0.276886E-06
INFO (QuasiLocalMeasures):    Dimensionless spin parameter a = J/M^2:  -0.535815E-06
INFO (QuasiLocalMeasures):    Spin J from NP:                          -0.725614E-02
INFO (QuasiLocalMeasures):    Spin J from phi-coordinate-vector:         0.00000
INFO (QuasiLocalMeasures):    Mass M:                                   0.516757
INFO (QuasiLocalMeasures): Global quantities for surface    0:
INFO (QuasiLocalMeasures):    ADM energy:                 -6.38647
INFO (QuasiLocalMeasures):    ADM momentum x:            -0.480699E-03
INFO (QuasiLocalMeasures):    ADM momentum y:             0.198524E-01
INFO (QuasiLocalMeasures):    ADM momentum z:             0.115693E-16
INFO (QuasiLocalMeasures):    ADM angular momentum x:     0.184316E-17
INFO (QuasiLocalMeasures):    ADM angular momentum y:    -0.110279E-16
INFO (QuasiLocalMeasures):    ADM angular momentum z:     0.259147E-01
INFO (QuasiLocalMeasures):    Landau-Lifshitz energy:                  13.2809
INFO (QuasiLocalMeasures):    Landau-Lifshitz momentum x:            -0.977303E-03
INFO (QuasiLocalMeasures):    Landau-Lifshitz momentum y:             0.326169
INFO (QuasiLocalMeasures):    Landau-Lifshitz momentum z:             0.264109E-17
INFO (QuasiLocalMeasures):    Landau-Lifshitz angular momentum x:     0.407195E-17
INFO (QuasiLocalMeasures):    Landau-Lifshitz angular momentum y:    -0.211629E-16
INFO (QuasiLocalMeasures):    Landau-Lifshitz angular momentum z:     0.384218
      384     0.750 |   18.0277193 |    0.0000167 |   -0.0000001 |    0.2661321 |    0.2659186 |         -nan |   48.9868605 |    0.2664117 |         -nan
INFO (CarpetRegrid2): Centre 1 is at position [1.16736,0.0541706,-4.13559e-17] with 7 levels
INFO (CarpetRegrid2): Centre 2 is at position [-1.16736,-0.0541706,1.65423e-17] with 7 levels
INFO (CarpetRegrid2): Centre 3 is not active
INFO (CarpetRegrid2): Refined regions have not changed sufficiently; skipping regridding
INFO (CarpetRegrid2): Centre 1 is at position [1.16736,0.0541706,-4.13559e-17] with 7 levels
INFO (CarpetRegrid2): Centre 2 is at position [-1.16736,-0.0541706,1.65423e-17] with 7 levels
INFO (CarpetRegrid2): Centre 3 is not active
INFO (CarpetRegrid2): Refined regions have not changed sufficiently; skipping regridding
INFO (CarpetRegrid2): Centre 1 is at position [1.16736,0.0541706,-4.13559e-17] with 7 levels
INFO (CarpetRegrid2): Centre 2 is at position [-1.16736,-0.0541706,1.65423e-17] with 7 levels
INFO (CarpetRegrid2): Centre 3 is not active
INFO (CarpetRegrid2): Refined regions have not changed sufficiently; skipping regridding
INFO (CarpetRegrid2): Centre 1 is at position [1.16736,0.0541706,-4.13559e-17] with 7 levels
INFO (CarpetRegrid2): Centre 2 is at position [-1.16736,-0.0541706,1.65423e-17] with 7 levels
INFO (CarpetRegrid2): Centre 3 is not active
INFO (CarpetRegrid2): Refined regions have not changed sufficiently; skipping regridding
INFO (CarpetRegrid2): Centre 1 is at position [1.16736,0.0541706,-4.13559e-17] with 7 levels
INFO (CarpetRegrid2): Centre 2 is at position [-1.16736,-0.0541706,1.65423e-17] with 7 levels
INFO (CarpetRegrid2): Centre 3 is not active
INFO (CarpetRegrid2): Refined regions have not changed sufficiently; skipping regridding
INFO (CarpetRegrid2): Centre 1 is at position [1.16736,0.0541706,-4.13559e-17] with 7 levels
INFO (CarpetRegrid2): Centre 2 is at position [-1.16736,-0.0541706,1.65423e-17] with 7 levels
INFO (CarpetRegrid2): Centre 3 is not active
INFO (CarpetRegrid2): Refined regions have not changed sufficiently; skipping regridding
INFO (CarpetRegrid2): Centre 1 is at position [1.16736,0.0541706,-4.13559e-17] with 7 levels
INFO (CarpetRegrid2): Centre 2 is at position [-1.16736,-0.0541706,1.65423e-17] with 7 levels
INFO (CarpetRegrid2): Centre 3 is not active
INFO (CarpetRegrid2): Refined regions have not changed sufficiently; skipping regridding
INFO (AHFinderDirect): proc 0: searching for horizons 1,5/6
INFO (AHFinderDirect): AH 4/6: r=48.9871 at (-0.000000,0.000000,-0.000000)
INFO (AHFinderDirect): AH 4/6: area=31415.92532 m_irreducible=24.99999952
INFO (AHFinderDirect): AH 1/6: r=0.286118 at (1.166156,0.101950,0.000000)
INFO (AHFinderDirect): AH 1/6: area=13.42284846 m_irreducible=0.5167582466
INFO (AHFinderDirect): AH 2/6: r=0.286118 at (-1.166156,-0.101950,-0.000000)
INFO (AHFinderDirect): AH 2/6: area=13.42284846 m_irreducible=0.5167582466
INFO (AHFinderDirect): AH 5/6: r=0.286413 at (1.166156,0.101925,-0.000000)
INFO (AHFinderDirect): AH 5/6: area=13.42851369 m_irreducible=0.5168672861
INFO (QuasiLocalMeasures): Calculating quasi-local quantities for surface    0
INFO (QuasiLocalMeasures): Importing from spherical surface    0
WARNING level 3 in thorn QuasiLocalMeasures processor 0 host nid07855
  (line 120 of qlm_killing_transport.F90): 
  -> Did not manage to find an eigenvector with the eigenvalue 1
INFO (QuasiLocalMeasures): Geometric quantities for surface    0:
INFO (QuasiLocalMeasures):    Area A:                            13.4228
INFO (QuasiLocalMeasures):    Irreducible mass M = R/2:         0.516758
INFO (QuasiLocalMeasures):    Areal radius R = sqrt(A/4pi):      1.03352
INFO (QuasiLocalMeasures): Coordinate-dependent quantities for surface    0:
INFO (QuasiLocalMeasures):    Equatorial circumference:             6.50655
INFO (QuasiLocalMeasures):    Polar circumference at phi=0:         6.41479
INFO (QuasiLocalMeasures):    Polar circumference at phi=pi/2:      6.74047
INFO (QuasiLocalMeasures):    Spin guess J from distortion:        0.335212E-01
INFO (QuasiLocalMeasures):    Mass guess M from distortion:        0.517775
INFO (QuasiLocalMeasures): Isolated Horizon quantities for surface    0:
INFO (QuasiLocalMeasures):    Killing vector field eigenvalue norm:     0.999839
INFO (QuasiLocalMeasures):    Spin J:                                  -0.180178E-06
INFO (QuasiLocalMeasures):    Kerr spin parameter a = J/M:             -0.348670E-06
INFO (QuasiLocalMeasures):    Dimensionless spin parameter a = J/M^2:  -0.674726E-06
INFO (QuasiLocalMeasures):    Spin J from NP:                          -0.990067E-02
INFO (QuasiLocalMeasures):    Spin J from phi-coordinate-vector:         0.00000
INFO (QuasiLocalMeasures):    Mass M:                                   0.516758
INFO (QuasiLocalMeasures): Global quantities for surface    0:
INFO (QuasiLocalMeasures):    ADM energy:                 -5.15918
INFO (QuasiLocalMeasures):    ADM momentum x:            -0.784489E-03
INFO (QuasiLocalMeasures):    ADM momentum y:             0.222109E-01
INFO (QuasiLocalMeasures):    ADM momentum z:            -0.371691E-16
INFO (QuasiLocalMeasures):    ADM angular momentum x:    -0.629133E-17
INFO (QuasiLocalMeasures):    ADM angular momentum y:     0.341996E-16
INFO (QuasiLocalMeasures):    ADM angular momentum z:     0.299447E-01
INFO (QuasiLocalMeasures):    Landau-Lifshitz energy:                  10.8683
INFO (QuasiLocalMeasures):    Landau-Lifshitz momentum x:            -0.218488E-02
INFO (QuasiLocalMeasures):    Landau-Lifshitz momentum y:             0.325974
INFO (QuasiLocalMeasures):    Landau-Lifshitz momentum z:             0.503803E-16
INFO (QuasiLocalMeasures):    Landau-Lifshitz angular momentum x:     0.694427E-17
INFO (QuasiLocalMeasures):    Landau-Lifshitz angular momentum y:     0.361698E-16
INFO (QuasiLocalMeasures):    Landau-Lifshitz angular momentum z:     0.383370
      512     1.000 |   17.1774496 |    0.0000150 |   -0.0000002 |    0.2861861 |    0.2859271 |         -nan |   48.9869082 |    0.2864830 |         -nan
INFO (CarpetRegrid2): Centre 1 is at position [1.16616,0.10195,1.24067e-16] with 7 levels
INFO (CarpetRegrid2): Centre 2 is at position [-1.16616,-0.10195,-2.1505e-16] with 7 levels
INFO (CarpetRegrid2): Centre 3 is not active
INFO (CarpetRegrid2): Refined regions have not changed sufficiently; skipping regridding
INFO (CarpetRegrid2): Centre 1 is at position [1.16616,0.10195,1.24067e-16] with 7 levels
INFO (CarpetRegrid2): Centre 2 is at position [-1.16616,-0.10195,-2.1505e-16] with 7 levels
INFO (CarpetRegrid2): Centre 3 is not active
INFO (CarpetRegrid2): Refined regions have not changed sufficiently; skipping regridding
INFO (CarpetRegrid2): Centre 1 is at position [1.16616,0.10195,1.24067e-16] with 7 levels
INFO (CarpetRegrid2): Centre 2 is at position [-1.16616,-0.10195,-2.1505e-16] with 7 levels
INFO (CarpetRegrid2): Centre 3 is not active
INFO (CarpetRegrid2): Refined regions have not changed sufficiently; skipping regridding
INFO (CarpetRegrid2): Centre 1 is at position [1.16616,0.10195,1.24067e-16] with 7 levels
INFO (CarpetRegrid2): Centre 2 is at position [-1.16616,-0.10195,-2.1505e-16] with 7 levels
INFO (CarpetRegrid2): Centre 3 is not active
INFO (CarpetRegrid2): Refined regions have not changed sufficiently; skipping regridding
INFO (CarpetRegrid2): Centre 1 is at position [1.16616,0.10195,1.24067e-16] with 7 levels
INFO (CarpetRegrid2): Centre 2 is at position [-1.16616,-0.10195,-2.1505e-16] with 7 levels
INFO (CarpetRegrid2): Centre 3 is not active
INFO (CarpetRegrid2): Refined regions have not changed sufficiently; skipping regridding
INFO (CarpetRegrid2): Centre 1 is at position [1.16616,0.10195,1.24067e-16] with 7 levels
INFO (CarpetRegrid2): Centre 2 is at position [-1.16616,-0.10195,-2.1505e-16] with 7 levels
INFO (CarpetRegrid2): Centre 3 is not active
INFO (CarpetRegrid2): Refined regions have not changed sufficiently; skipping regridding
INFO (CarpetRegrid2): Centre 1 is at position [1.16616,0.10195,1.24067e-16] with 7 levels
INFO (CarpetRegrid2): Centre 2 is at position [-1.16616,-0.10195,-2.1505e-16] with 7 levels
INFO (CarpetRegrid2): Centre 3 is not active
INFO (CarpetRegrid2): Refined regions have not changed sufficiently; skipping regridding
INFO (AHFinderDirect): proc 0: searching for horizons 1,5/6
INFO (AHFinderDirect): AH 4/6: r=48.9871 at (-0.000000,-0.000000,-0.000000)
INFO (AHFinderDirect): AH 4/6: area=31415.92497 m_irreducible=24.99999938
INFO (AHFinderDirect): AH 1/6: r=0.30412 at (1.163937,0.157121,-0.000000)
INFO (AHFinderDirect): AH 1/6: area=13.42200821 m_irreducible=0.5167420721
INFO (AHFinderDirect): AH 2/6: r=0.30412 at (-1.163937,-0.157121,-0.000000)
INFO (AHFinderDirect): AH 2/6: area=13.42200821 m_irreducible=0.5167420721
INFO (AHFinderDirect): AH 5/6: r=0.304434 at (1.163936,0.157090,0.000000)
INFO (AHFinderDirect): AH 5/6: area=13.42889102 m_irreducible=0.5168745478
INFO (QuasiLocalMeasures): Calculating quasi-local quantities for surface    0
INFO (QuasiLocalMeasures): Importing from spherical surface    0
INFO (QuasiLocalMeasures): Geometric quantities for surface    0:
INFO (QuasiLocalMeasures):    Area A:                            13.4220
INFO (QuasiLocalMeasures):    Irreducible mass M = R/2:         0.516741
INFO (QuasiLocalMeasures):    Areal radius R = sqrt(A/4pi):      1.03348
INFO (QuasiLocalMeasures): Coordinate-dependent quantities for surface    0:
INFO (QuasiLocalMeasures):    Equatorial circumference:             6.50784
INFO (QuasiLocalMeasures):    Polar circumference at phi=0:         6.41541
INFO (QuasiLocalMeasures):    Polar circumference at phi=pi/2:      6.65829
INFO (QuasiLocalMeasures):    Spin guess J from distortion:        0.354374E-01
INFO (QuasiLocalMeasures):    Mass guess M from distortion:        0.517878
INFO (QuasiLocalMeasures): Isolated Horizon quantities for surface    0:
INFO (QuasiLocalMeasures):    Killing vector field eigenvalue norm:      1.00001
INFO (QuasiLocalMeasures):    Spin J:                                   0.966546E-05
INFO (QuasiLocalMeasures):    Kerr spin parameter a = J/M:              0.187046E-04
INFO (QuasiLocalMeasures):    Dimensionless spin parameter a = J/M^2:   0.361973E-04
INFO (QuasiLocalMeasures):    Spin J from NP:                          -0.124059E-01
INFO (QuasiLocalMeasures):    Spin J from phi-coordinate-vector:         0.00000
INFO (QuasiLocalMeasures):    Mass M:                                   0.516741
INFO (QuasiLocalMeasures): Global quantities for surface    0:
INFO (QuasiLocalMeasures):    ADM energy:                 -4.26052
INFO (QuasiLocalMeasures):    ADM momentum x:            -0.124320E-02
INFO (QuasiLocalMeasures):    ADM momentum y:             0.245704E-01
INFO (QuasiLocalMeasures):    ADM momentum z:             0.147264E-16
INFO (QuasiLocalMeasures):    ADM angular momentum x:     0.305612E-17
INFO (QuasiLocalMeasures):    ADM angular momentum y:    -0.127667E-16
INFO (QuasiLocalMeasures):    ADM angular momentum z:     0.335838E-01
INFO (QuasiLocalMeasures):    Landau-Lifshitz energy:                  9.10002
INFO (QuasiLocalMeasures):    Landau-Lifshitz momentum x:            -0.399123E-02
INFO (QuasiLocalMeasures):    Landau-Lifshitz momentum y:             0.324639
INFO (QuasiLocalMeasures):    Landau-Lifshitz momentum z:             0.324288E-16
INFO (QuasiLocalMeasures):    Landau-Lifshitz angular momentum x:     0.104492E-16
INFO (QuasiLocalMeasures):    Landau-Lifshitz angular momentum y:    -0.724561E-16
INFO (QuasiLocalMeasures):    Landau-Lifshitz angular momentum z:     0.383986
      640     1.250 |   17.3245196 |    0.0000154 |    0.0000097 |    0.3045025 |    0.3041990 |         -nan |   48.9869696 |    0.3048177 |         -nan
INFO (CarpetRegrid2): Centre 1 is at position [1.16394,0.157121,-9.92599e-17] with 7 levels
INFO (CarpetRegrid2): Centre 2 is at position [-1.16394,-0.157121,-1.4889e-16] with 7 levels
INFO (CarpetRegrid2): Centre 3 is not active
INFO (CarpetRegrid2): Refined regions have not changed sufficiently; skipping regridding
INFO (CarpetRegrid2): Centre 1 is at position [1.16394,0.157121,-9.92599e-17] with 7 levels
INFO (CarpetRegrid2): Centre 2 is at position [-1.16394,-0.157121,-1.4889e-16] with 7 levels
INFO (CarpetRegrid2): Centre 3 is not active
INFO (CarpetRegrid2): Refined regions have not changed sufficiently; skipping regridding
INFO (CarpetRegrid2): Centre 1 is at position [1.16394,0.157121,-9.92599e-17] with 7 levels
INFO (CarpetRegrid2): Centre 2 is at position [-1.16394,-0.157121,-1.4889e-16] with 7 levels
INFO (CarpetRegrid2): Centre 3 is not active
INFO (CarpetRegrid2): Refined regions have not changed sufficiently; skipping regridding
INFO (CarpetRegrid2): Centre 1 is at position [1.16394,0.157121,-9.92599e-17] with 7 levels
INFO (CarpetRegrid2): Centre 2 is at position [-1.16394,-0.157121,-1.4889e-16] with 7 levels
INFO (CarpetRegrid2): Centre 3 is not active
INFO (CarpetRegrid2): Refined regions have not changed sufficiently; skipping regridding
INFO (CarpetRegrid2): Centre 1 is at position [1.16394,0.157121,-9.92599e-17] with 7 levels
INFO (CarpetRegrid2): Centre 2 is at position [-1.16394,-0.157121,-1.4889e-16] with 7 levels
INFO (CarpetRegrid2): Centre 3 is not active
INFO (CarpetRegrid2): Refined regions have not changed sufficiently; skipping regridding
INFO (CarpetRegrid2): Centre 1 is at position [1.16394,0.157121,-9.92599e-17] with 7 levels
INFO (CarpetRegrid2): Centre 2 is at position [-1.16394,-0.157121,-1.4889e-16] with 7 levels
INFO (CarpetRegrid2): Centre 3 is not active
INFO (CarpetRegrid2): Refined regions have not changed sufficiently; skipping regridding
INFO (CarpetRegrid2): Centre 1 is at position [1.16394,0.157121,-9.92599e-17] with 7 levels
INFO (CarpetRegrid2): Centre 2 is at position [-1.16394,-0.157121,-1.4889e-16] with 7 levels
INFO (CarpetRegrid2): Centre 3 is not active
INFO (CarpetRegrid2): Refined regions have not changed sufficiently; skipping regridding
INFO (AHFinderDirect): proc 0: searching for horizons 1,5/6
INFO (AHFinderDirect): AH 4/6: r=48.9872 at (-0.000000,0.000000,-0.000000)
INFO (AHFinderDirect): AH 4/6: area=31415.92462 m_irreducible=24.99999924
INFO (AHFinderDirect): AH 1/6: r=0.320432 at (1.160333,0.216683,-0.000000)
INFO (AHFinderDirect): AH 1/6: area=13.42200853 m_irreducible=0.5167420783
INFO (AHFinderDirect): AH 2/6: r=0.320432 at (-1.160333,-0.216683,-0.000000)
INFO (AHFinderDirect): AH 2/6: area=13.42200853 m_irreducible=0.5167420783
INFO (AHFinderDirect): AH 5/6: r=0.320764 at (1.160333,0.216648,0.000000)
INFO (AHFinderDirect): AH 5/6: area=13.42999348 m_irreducible=0.5168957641
INFO (QuasiLocalMeasures): Calculating quasi-local quantities for surface    0
INFO (QuasiLocalMeasures): Importing from spherical surface    0
INFO (QuasiLocalMeasures): Geometric quantities for surface    0:
INFO (QuasiLocalMeasures):    Area A:                            13.4220
INFO (QuasiLocalMeasures):    Irreducible mass M = R/2:         0.516741
INFO (QuasiLocalMeasures):    Areal radius R = sqrt(A/4pi):      1.03348
INFO (QuasiLocalMeasures): Coordinate-dependent quantities for surface    0:
INFO (QuasiLocalMeasures):    Equatorial circumference:             6.50911
INFO (QuasiLocalMeasures):    Polar circumference at phi=0:         6.41704
INFO (QuasiLocalMeasures):    Polar circumference at phi=pi/2:      6.60055
INFO (QuasiLocalMeasures):    Spin guess J from distortion:        0.369824E-01
INFO (QuasiLocalMeasures):    Mass guess M from distortion:        0.517979
INFO (QuasiLocalMeasures): Isolated Horizon quantities for surface    0:
INFO (QuasiLocalMeasures):    Killing vector field eigenvalue norm:      1.00008
INFO (QuasiLocalMeasures):    Spin J:                                   0.239668E-04
INFO (QuasiLocalMeasures):    Kerr spin parameter a = J/M:              0.463808E-04
INFO (QuasiLocalMeasures):    Dimensionless spin parameter a = J/M^2:   0.897562E-04
INFO (QuasiLocalMeasures):    Spin J from NP:                          -0.149116E-01
INFO (QuasiLocalMeasures):    Spin J from phi-coordinate-vector:         0.00000
INFO (QuasiLocalMeasures):    Mass M:                                   0.516741
INFO (QuasiLocalMeasures): Global quantities for surface    0:
INFO (QuasiLocalMeasures):    ADM energy:                 -3.59451
INFO (QuasiLocalMeasures):    ADM momentum x:            -0.191056E-02
INFO (QuasiLocalMeasures):    ADM momentum y:             0.270102E-01
INFO (QuasiLocalMeasures):    ADM momentum z:            -0.178075E-16
INFO (QuasiLocalMeasures):    ADM angular momentum x:    -0.423010E-17
INFO (QuasiLocalMeasures):    ADM angular momentum y:     0.171304E-16
INFO (QuasiLocalMeasures):    ADM angular momentum z:     0.366207E-01
INFO (QuasiLocalMeasures):    Landau-Lifshitz energy:                  7.78636
INFO (QuasiLocalMeasures):    Landau-Lifshitz momentum x:            -0.658574E-02
INFO (QuasiLocalMeasures):    Landau-Lifshitz momentum y:             0.321764
INFO (QuasiLocalMeasures):    Landau-Lifshitz momentum z:             0.888258E-16
INFO (QuasiLocalMeasures):    Landau-Lifshitz angular momentum x:     0.173383E-16
INFO (QuasiLocalMeasures):    Landau-Lifshitz angular momentum y:    -0.248119E-16
INFO (QuasiLocalMeasures):    Landau-Lifshitz angular momentum z:     0.386016
      768     1.500 |   17.3559007 |    0.0000157 |    0.0000240 |    0.3210140 |    0.3206764 |         -nan |   48.9870447 |    0.3213473 |         -nan
INFO (CarpetRegrid2): Centre 1 is at position [1.16033,0.216683,-2.4815e-17] with 7 levels
INFO (CarpetRegrid2): Centre 2 is at position [-1.16033,-0.216683,-8.27166e-18] with 7 levels
INFO (CarpetRegrid2): Centre 3 is not active
INFO (CarpetRegrid2): Regridding level 0 map 0 at iteration 769 time 1.5
INFO (CarpetRegrid2): Regridding levels 1 and up
INFO (CarpetRegrid2): Enforcing grid structure properties, iteration 0
INFO (CarpetRegrid2): Enforcing grid structure properties, iteration 1
INFO (CarpetRegrid2): Enforcing grid structure properties, iteration 0
INFO (CarpetRegrid2): Enforcing grid structure properties, iteration 1
INFO (CarpetRegrid2): Enforcing grid structure properties, iteration 0
INFO (CarpetRegrid2): Enforcing grid structure properties, iteration 1
INFO (CarpetRegrid2): Enforcing grid structure properties, iteration 0
INFO (CarpetRegrid2): Enforcing grid structure properties, iteration 1
INFO (CarpetRegrid2): Enforcing grid structure properties, iteration 0
INFO (CarpetRegrid2): Enforcing grid structure properties, iteration 1
INFO (CarpetRegrid2): Enforcing grid structure properties, iteration 0
INFO (CarpetRegrid2): Enforcing grid structure properties, iteration 1
INFO (Carpet): Grid structure (superregions, grid points):
   [0][0][0]   exterior: [0,0,0] : [65,124,65]   ([66,125,66] + PADDING) 544500
   [1][0][0]   exterior: [3,51,3] : [80,197,79]   ([78,147,77] + PADDING) 882882
   [2][0][0]   exterior: [9,207,9] : [55,289,53]   ([47,83,45] + PADDING) 175545
   [3][0][0]   exterior: [21,454,21] : [70,538,65]   ([50,85,45] + PADDING) 191250
   [4][0][0]   exterior: [45,949,45] : [98,1035,89]   ([54,87,45] + PADDING) 211410
   [5][0][0]   exterior: [93,1940,93] : [156,2028,137]   ([64,89,45] + PADDING) 256320
   [6][0][0]   exterior: [189,3920,189] : [196,3933,233]   ([8,14,45] + PADDING) 5040
   [6][0][1]   exterior: [189,3934,189] : [270,4016,233]   ([82,83,45] + PADDING) 306270
INFO (Carpet): Grid structure (superregions, coordinates):
   [0][0][0]   exterior: [-6.000,-124.000,-6.000] : [124.000,124.000,124.000] : [2.000,2.000,2.000]
   [1][0][0]   exterior: [-3.000,-73.000,-3.000] : [74.000,73.000,73.000] : [1.000,1.000,1.000]
   [2][0][0]   exterior: [-1.500,-20.500,-1.500] : [21.500,20.500,20.500] : [0.500,0.500,0.500]
   [3][0][0]   exterior: [-0.750,-10.500,-0.750] : [11.500,10.500,10.250] : [0.250,0.250,0.250]
   [4][0][0]   exterior: [-0.375,-5.375,-0.375] : [6.250,5.375,5.125] : [0.125,0.125,0.125]
   [5][0][0]   exterior: [-0.188,-2.750,-0.188] : [3.750,2.750,2.562] : [0.062,0.062,0.062]
   [6][0][0]   exterior: [-0.094,-1.500,-0.094] : [0.125,-1.094,1.281] : [0.031,0.031,0.031]
   [6][0][1]   exterior: [-0.094,-1.062,-0.094] : [2.438,1.500,1.281] : [0.031,0.031,0.031]
INFO (Carpet): Global grid structure statistics:
INFO (Carpet): GF: rhs: 281k active, 508k owned (+81%), 861k total (+69%), 128 steps/time
INFO (Carpet): GF: vars: 271, pts: 409M active, 612M owned (+50%), 992M total (+62%), 1.0 comp/proc
INFO (Carpet): GA: vars: 1508, pts: 10M active, 10M total (+0%)
INFO (Carpet): Total required memory: 8.031 GByte (for GAs and currently active GFs)
INFO (Carpet): Load balance:  min     avg     max     sdv     max/avg-1
INFO (Carpet): Level  0:      14M     15M     16M      1M owned      8%
INFO (Carpet): Level  1:      26M     28M     29M      1M owned      5%
INFO (Carpet): Level  2:       5M      5M      6M      0M owned      9%
INFO (Carpet): Level  3:       5M      6M      6M      0M owned      9%
INFO (Carpet): Level  4:       6M      6M      7M      0M owned      7%
INFO (Carpet): Level  5:       7M      8M      9M      1M owned     10%
INFO (Carpet): Level  6:       1M      9M     11M      3M owned     22%
INFO (AHFinderDirect): proc 0: searching for horizons 1,5/6
INFO (AHFinderDirect): AH 4/6: r=48.9873 at (0.000000,0.000000,0.000000)
INFO (AHFinderDirect): AH 4/6: area=31415.92427 m_irreducible=24.9999991
INFO (AHFinderDirect): AH 1/6: r=0.334998 at (1.154974,0.278617,-0.000000)
INFO (AHFinderDirect): AH 1/6: area=13.42487908 m_irreducible=0.516797333
INFO (AHFinderDirect): AH 2/6: r=0.334998 at (-1.154974,-0.278617,0.000000)
INFO (AHFinderDirect): AH 2/6: area=13.42487908 m_irreducible=0.516797333
INFO (AHFinderDirect): AH 5/6: r=0.335347 at (1.154974,0.278580,0.000000)
INFO (AHFinderDirect): AH 5/6: area=13.43382213 m_irreducible=0.5169694377
INFO (QuasiLocalMeasures): Calculating quasi-local quantities for surface    0
INFO (QuasiLocalMeasures): Importing from spherical surface    0
INFO (QuasiLocalMeasures): Geometric quantities for surface    0:
INFO (QuasiLocalMeasures):    Area A:                            13.4248
INFO (QuasiLocalMeasures):    Irreducible mass M = R/2:         0.516797
INFO (QuasiLocalMeasures):    Areal radius R = sqrt(A/4pi):      1.03359
INFO (QuasiLocalMeasures): Coordinate-dependent quantities for surface    0:
INFO (QuasiLocalMeasures):    Equatorial circumference:             6.51106
INFO (QuasiLocalMeasures):    Polar circumference at phi=0:         6.42191
INFO (QuasiLocalMeasures):    Polar circumference at phi=pi/2:      6.55536
INFO (QuasiLocalMeasures):    Spin guess J from distortion:        0.384467E-01
INFO (QuasiLocalMeasures):    Mass guess M from distortion:        0.518134
INFO (QuasiLocalMeasures): Isolated Horizon quantities for surface    0:
INFO (QuasiLocalMeasures):    Killing vector field eigenvalue norm:     0.999998
INFO (QuasiLocalMeasures):    Spin J:                                   0.369451E-04
INFO (QuasiLocalMeasures):    Kerr spin parameter a = J/M:              0.714887E-04
INFO (QuasiLocalMeasures):    Dimensionless spin parameter a = J/M^2:   0.138330E-03
INFO (QuasiLocalMeasures):    Spin J from NP:                          -0.175813E-01
INFO (QuasiLocalMeasures):    Spin J from phi-coordinate-vector:         0.00000
INFO (QuasiLocalMeasures):    Mass M:                                   0.516797
INFO (QuasiLocalMeasures): Global quantities for surface    0:
INFO (QuasiLocalMeasures):    ADM energy:                 -3.09936
INFO (QuasiLocalMeasures):    ADM momentum x:            -0.283647E-02
INFO (QuasiLocalMeasures):    ADM momentum y:             0.295935E-01
INFO (QuasiLocalMeasures):    ADM momentum z:            -0.107800E-12
INFO (QuasiLocalMeasures):    ADM angular momentum x:    -0.301744E-13
INFO (QuasiLocalMeasures):    ADM angular momentum y:     0.901656E-13
INFO (QuasiLocalMeasures):    ADM angular momentum z:     0.389461E-01
INFO (QuasiLocalMeasures):    Landau-Lifshitz energy:                  6.80431
INFO (QuasiLocalMeasures):    Landau-Lifshitz momentum x:            -0.100835E-01
INFO (QuasiLocalMeasures):    Landau-Lifshitz momentum y:             0.317291
INFO (QuasiLocalMeasures):    Landau-Lifshitz momentum z:             0.281111E-12
INFO (QuasiLocalMeasures):    Landau-Lifshitz angular momentum x:     0.166173E-13
INFO (QuasiLocalMeasures):    Landau-Lifshitz angular momentum y:     0.858289E-13
INFO (QuasiLocalMeasures):    Landau-Lifshitz angular momentum z:     0.389187
      896     1.750 |   17.5065656 |    0.0000106 |    0.0000369 |    0.3357051 |    0.3353437 |         -nan |   48.9871335 |    0.3360550 |         -nan
INFO (CarpetRegrid2): Centre 1 is at position [1.15497,0.278617,-1.15778e-16] with 7 levels
INFO (CarpetRegrid2): Centre 2 is at position [-1.15497,-0.278617,4.96194e-17] with 7 levels
INFO (CarpetRegrid2): Centre 3 is not active
INFO (CarpetRegrid2): Refined regions have not changed sufficiently; skipping regridding
INFO (CarpetRegrid2): Centre 1 is at position [1.15497,0.278617,-1.15778e-16] with 7 levels
INFO (CarpetRegrid2): Centre 2 is at position [-1.15497,-0.278617,4.96194e-17] with 7 levels
INFO (CarpetRegrid2): Centre 3 is not active
INFO (CarpetRegrid2): Refined regions have not changed sufficiently; skipping regridding
INFO (CarpetRegrid2): Centre 1 is at position [1.15497,0.278617,-1.15778e-16] with 7 levels
INFO (CarpetRegrid2): Centre 2 is at position [-1.15497,-0.278617,4.96194e-17] with 7 levels
INFO (CarpetRegrid2): Centre 3 is not active
INFO (CarpetRegrid2): Refined regions have not changed sufficiently; skipping regridding
INFO (CarpetRegrid2): Centre 1 is at position [1.15497,0.278617,-1.15778e-16] with 7 levels
INFO (CarpetRegrid2): Centre 2 is at position [-1.15497,-0.278617,4.96194e-17] with 7 levels
INFO (CarpetRegrid2): Centre 3 is not active
INFO (CarpetRegrid2): Refined regions have not changed sufficiently; skipping regridding
INFO (CarpetRegrid2): Centre 1 is at position [1.15497,0.278617,-1.15778e-16] with 7 levels
INFO (CarpetRegrid2): Centre 2 is at position [-1.15497,-0.278617,4.96194e-17] with 7 levels
INFO (CarpetRegrid2): Centre 3 is not active
INFO (CarpetRegrid2): Refined regions have not changed sufficiently; skipping regridding
INFO (CarpetRegrid2): Centre 1 is at position [1.15497,0.278617,-1.15778e-16] with 7 levels
INFO (CarpetRegrid2): Centre 2 is at position [-1.15497,-0.278617,4.96194e-17] with 7 levels
INFO (CarpetRegrid2): Centre 3 is not active
INFO (CarpetRegrid2): Refined regions have not changed sufficiently; skipping regridding
INFO (CarpetRegrid2): Centre 1 is at position [1.15497,0.278617,-1.15778e-16] with 7 levels
INFO (CarpetRegrid2): Centre 2 is at position [-1.15497,-0.278617,4.96194e-17] with 7 levels
INFO (CarpetRegrid2): Centre 3 is not active
INFO (CarpetRegrid2): Refined regions have not changed sufficiently; skipping regridding
INFO (AHFinderDirect): proc 0: searching for horizons 1,5/6
INFO (AHFinderDirect): AH 4/6: r=48.9874 at (-0.000000,0.000000,0.000000)
INFO (AHFinderDirect): AH 4/6: area=31415.92392 m_irreducible=24.99999896
INFO (AHFinderDirect): AH 1/6: r=0.347663 at (1.147437,0.341366,0.000000)
INFO (AHFinderDirect): AH 1/6: area=13.42784824 m_irreducible=0.5168544794
INFO (AHFinderDirect): AH 2/6: r=0.347663 at (-1.147437,-0.341366,0.000000)
INFO (AHFinderDirect): AH 2/6: area=13.42784824 m_irreducible=0.5168544794
INFO (AHFinderDirect): AH 5/6: r=0.348023 at (1.147438,0.341325,0.000000)
INFO (AHFinderDirect): AH 5/6: area=13.43751477 m_irreducible=0.5170404842
INFO (QuasiLocalMeasures): Calculating quasi-local quantities for surface    0
INFO (QuasiLocalMeasures): Importing from spherical surface    0
INFO (QuasiLocalMeasures): Geometric quantities for surface    0:
INFO (QuasiLocalMeasures):    Area A:                            13.4278
INFO (QuasiLocalMeasures):    Irreducible mass M = R/2:         0.516854
INFO (QuasiLocalMeasures):    Areal radius R = sqrt(A/4pi):      1.03371
INFO (QuasiLocalMeasures): Coordinate-dependent quantities for surface    0:
INFO (QuasiLocalMeasures):    Equatorial circumference:             6.51299
INFO (QuasiLocalMeasures):    Polar circumference at phi=0:         6.42899
INFO (QuasiLocalMeasures):    Polar circumference at phi=pi/2:      6.51440
INFO (QuasiLocalMeasures):    Spin guess J from distortion:        0.398150E-01
INFO (QuasiLocalMeasures):    Mass guess M from distortion:        0.518287
INFO (QuasiLocalMeasures): Isolated Horizon quantities for surface    0:
INFO (QuasiLocalMeasures):    Killing vector field eigenvalue norm:      1.00001
INFO (QuasiLocalMeasures):    Spin J:                                   0.505830E-04
INFO (QuasiLocalMeasures):    Kerr spin parameter a = J/M:              0.978671E-04
INFO (QuasiLocalMeasures):    Dimensionless spin parameter a = J/M^2:   0.189352E-03
INFO (QuasiLocalMeasures):    Spin J from NP:                          -0.204478E-01
INFO (QuasiLocalMeasures):    Spin J from phi-coordinate-vector:         0.00000
INFO (QuasiLocalMeasures):    Mass M:                                   0.516854
INFO (QuasiLocalMeasures): Global quantities for surface    0:
INFO (QuasiLocalMeasures):    ADM energy:                 -2.73396
INFO (QuasiLocalMeasures):    ADM momentum x:            -0.405613E-02
INFO (QuasiLocalMeasures):    ADM momentum y:             0.322858E-01
INFO (QuasiLocalMeasures):    ADM momentum z:             0.131933E-12
INFO (QuasiLocalMeasures):    ADM angular momentum x:     0.381083E-13
INFO (QuasiLocalMeasures):    ADM angular momentum y:    -0.960793E-13
INFO (QuasiLocalMeasures):    ADM angular momentum z:     0.405445E-01
INFO (QuasiLocalMeasures):    Landau-Lifshitz energy:                  6.07235
INFO (QuasiLocalMeasures):    Landau-Lifshitz momentum x:            -0.146111E-01
INFO (QuasiLocalMeasures):    Landau-Lifshitz momentum y:             0.311414
INFO (QuasiLocalMeasures):    Landau-Lifshitz momentum z:            -0.354425E-12
INFO (QuasiLocalMeasures):    Landau-Lifshitz angular momentum x:     0.701086E-14
INFO (QuasiLocalMeasures):    Landau-Lifshitz angular momentum y:    -0.155799E-12
INFO (QuasiLocalMeasures):    Landau-Lifshitz angular momentum z:     0.393053
     1024     2.000 |   17.0739322 |    0.0000097 |    0.0000506 |    0.3483952 |    0.3480245 |         -nan |   48.9872361 |    0.3487568 |         -nan
INFO (CarpetRegrid2): Centre 1 is at position [1.14744,0.341366,2.06702e-16] with 7 levels
INFO (CarpetRegrid2): Centre 2 is at position [-1.14744,-0.341366,1.15753e-16] with 7 levels
INFO (CarpetRegrid2): Centre 3 is not active
INFO (CarpetRegrid2): Refined regions have not changed sufficiently; skipping regridding
INFO (CarpetRegrid2): Centre 1 is at position [1.14744,0.341366,2.06702e-16] with 7 levels
INFO (CarpetRegrid2): Centre 2 is at position [-1.14744,-0.341366,1.15753e-16] with 7 levels
INFO (CarpetRegrid2): Centre 3 is not active
INFO (CarpetRegrid2): Refined regions have not changed sufficiently; skipping regridding
INFO (CarpetRegrid2): Centre 1 is at position [1.14744,0.341366,2.06702e-16] with 7 levels
INFO (CarpetRegrid2): Centre 2 is at position [-1.14744,-0.341366,1.15753e-16] with 7 levels
INFO (CarpetRegrid2): Centre 3 is not active
INFO (CarpetRegrid2): Refined regions have not changed sufficiently; skipping regridding
INFO (CarpetRegrid2): Centre 1 is at position [1.14744,0.341366,2.06702e-16] with 7 levels
INFO (CarpetRegrid2): Centre 2 is at position [-1.14744,-0.341366,1.15753e-16] with 7 levels
INFO (CarpetRegrid2): Centre 3 is not active
INFO (CarpetRegrid2): Refined regions have not changed sufficiently; skipping regridding
INFO (CarpetRegrid2): Centre 1 is at position [1.14744,0.341366,2.06702e-16] with 7 levels
INFO (CarpetRegrid2): Centre 2 is at position [-1.14744,-0.341366,1.15753e-16] with 7 levels
INFO (CarpetRegrid2): Centre 3 is not active
INFO (CarpetRegrid2): Refined regions have not changed sufficiently; skipping regridding
INFO (CarpetRegrid2): Centre 1 is at position [1.14744,0.341366,2.06702e-16] with 7 levels
INFO (CarpetRegrid2): Centre 2 is at position [-1.14744,-0.341366,1.15753e-16] with 7 levels
INFO (CarpetRegrid2): Centre 3 is not active
INFO (CarpetRegrid2): Refined regions have not changed sufficiently; skipping regridding
INFO (CarpetRegrid2): Centre 1 is at position [1.14744,0.341366,2.06702e-16] with 7 levels
INFO (CarpetRegrid2): Centre 2 is at position [-1.14744,-0.341366,1.15753e-16] with 7 levels
INFO (CarpetRegrid2): Centre 3 is not active
INFO (CarpetRegrid2): Refined regions have not changed sufficiently; skipping regridding
INFO (AHFinderDirect): proc 0: searching for horizons 1,5/6
INFO (AHFinderDirect): AH 4/6: r=48.9875 at (0.000000,-0.000000,-0.000000)
INFO (AHFinderDirect): AH 4/6: area=31415.92357 m_irreducible=24.99999882
INFO (AHFinderDirect): AH 1/6: r=0.358331 at (1.137306,0.403652,-0.000000)
INFO (AHFinderDirect): AH 1/6: area=13.42811523 m_irreducible=0.5168596176
INFO (AHFinderDirect): AH 2/6: r=0.358331 at (-1.137306,-0.403652,-0.000000)
INFO (AHFinderDirect): AH 2/6: area=13.42811523 m_irreducible=0.5168596176
INFO (AHFinderDirect): AH 5/6: r=0.358701 at (1.137308,0.403608,-0.000000)
INFO (AHFinderDirect): AH 5/6: area=13.43836374 m_irreducible=0.5170568171
INFO (QuasiLocalMeasures): Calculating quasi-local quantities for surface    0
INFO (QuasiLocalMeasures): Importing from spherical surface    0
INFO (QuasiLocalMeasures): Geometric quantities for surface    0:
INFO (QuasiLocalMeasures):    Area A:                            13.4281
INFO (QuasiLocalMeasures):    Irreducible mass M = R/2:         0.516859
INFO (QuasiLocalMeasures):    Areal radius R = sqrt(A/4pi):      1.03372
INFO (QuasiLocalMeasures): Coordinate-dependent quantities for surface    0:
INFO (QuasiLocalMeasures):    Equatorial circumference:             6.51515
INFO (QuasiLocalMeasures):    Polar circumference at phi=0:         6.43709
INFO (QuasiLocalMeasures):    Polar circumference at phi=pi/2:      6.47682
INFO (QuasiLocalMeasures):    Spin guess J from distortion:        0.420752E-01
INFO (QuasiLocalMeasures):    Mass guess M from distortion:        0.518459
INFO (QuasiLocalMeasures): Isolated Horizon quantities for surface    0:
INFO (QuasiLocalMeasures):    Killing vector field eigenvalue norm:      1.00001
INFO (QuasiLocalMeasures):    Spin J:                                   0.743714E-04
INFO (QuasiLocalMeasures):    Kerr spin parameter a = J/M:              0.143891E-03
INFO (QuasiLocalMeasures):    Dimensionless spin parameter a = J/M^2:   0.278395E-03
INFO (QuasiLocalMeasures):    Spin J from NP:                          -0.234994E-01
INFO (QuasiLocalMeasures):    Spin J from phi-coordinate-vector:         0.00000
INFO (QuasiLocalMeasures):    Mass M:                                   0.516859
INFO (QuasiLocalMeasures): Global quantities for surface    0:
INFO (QuasiLocalMeasures):    ADM energy:                 -2.46732
INFO (QuasiLocalMeasures):    ADM momentum x:            -0.559235E-02
INFO (QuasiLocalMeasures):    ADM momentum y:             0.349379E-01
INFO (QuasiLocalMeasures):    ADM momentum z:             0.214044E-12
INFO (QuasiLocalMeasures):    ADM angular momentum x:     0.623675E-13
INFO (QuasiLocalMeasures):    ADM angular momentum y:    -0.134790E-12
INFO (QuasiLocalMeasures):    ADM angular momentum z:     0.414870E-01
INFO (QuasiLocalMeasures):    Landau-Lifshitz energy:                  5.53172
INFO (QuasiLocalMeasures):    Landau-Lifshitz momentum x:            -0.202963E-01
INFO (QuasiLocalMeasures):    Landau-Lifshitz momentum y:             0.304445
INFO (QuasiLocalMeasures):    Landau-Lifshitz momentum z:            -0.579833E-12
INFO (QuasiLocalMeasures):    Landau-Lifshitz angular momentum x:     0.588510E-13
INFO (QuasiLocalMeasures):    Landau-Lifshitz angular momentum y:    -0.309271E-12
INFO (QuasiLocalMeasures):    Landau-Lifshitz angular momentum z:     0.397005
     1152     2.250 |   17.0694454 |    0.0000091 |    0.0000744 |    0.3589657 |    0.3585943 |         -nan |   48.9873524 |    0.3593377 |         -nan
INFO (CarpetRegrid2): Centre 1 is at position [1.13731,0.403652,-1.65358e-17] with 7 levels
INFO (CarpetRegrid2): Centre 2 is at position [-1.13731,-0.403652,-7.44111e-17] with 7 levels
INFO (CarpetRegrid2): Centre 3 is not active
INFO (CarpetRegrid2): Regridding level 0 map 0 at iteration 1153 time 2.5
INFO (CarpetRegrid2): Regridding levels 2 and up
INFO (CarpetRegrid2): Enforcing grid structure properties, iteration 0
INFO (CarpetRegrid2): Enforcing grid structure properties, iteration 1
INFO (CarpetRegrid2): Enforcing grid structure properties, iteration 0
INFO (CarpetRegrid2): Enforcing grid structure properties, iteration 1
INFO (CarpetRegrid2): Enforcing grid structure properties, iteration 0
INFO (CarpetRegrid2): Enforcing grid structure properties, iteration 1
INFO (CarpetRegrid2): Enforcing grid structure properties, iteration 0
INFO (CarpetRegrid2): Enforcing grid structure properties, iteration 1
INFO (CarpetRegrid2): Enforcing grid structure properties, iteration 0
INFO (CarpetRegrid2): Enforcing grid structure properties, iteration 1
INFO (Carpet): Grid structure (superregions, grid points):
   [0][0][0]   exterior: [0,0,0] : [65,124,65]   ([66,125,66] + PADDING) 544500
   [1][0][0]   exterior: [3,51,3] : [80,197,79]   ([78,147,77] + PADDING) 882882
   [2][0][0]   exterior: [9,206,9] : [55,290,53]   ([47,85,45] + PADDING) 179775
   [3][0][0]   exterior: [21,453,21] : [70,539,65]   ([50,87,45] + PADDING) 195750
   [4][0][0]   exterior: [45,948,45] : [98,1036,89]   ([54,89,45] + PADDING) 216270
   [5][0][0]   exterior: [93,1937,93] : [155,2031,137]   ([63,95,45] + PADDING) 269325
   [6][0][0]   exterior: [189,3914,189] : [197,3939,233]   ([9,26,45] + PADDING) 10530
   [6][0][1]   exterior: [189,3940,189] : [269,4022,233]   ([81,83,45] + PADDING) 302535
INFO (Carpet): Grid structure (superregions, coordinates):
   [0][0][0]   exterior: [-6.000,-124.000,-6.000] : [124.000,124.000,124.000] : [2.000,2.000,2.000]
   [1][0][0]   exterior: [-3.000,-73.000,-3.000] : [74.000,73.000,73.000] : [1.000,1.000,1.000]
   [2][0][0]   exterior: [-1.500,-21.000,-1.500] : [21.500,21.000,20.500] : [0.500,0.500,0.500]
   [3][0][0]   exterior: [-0.750,-10.750,-0.750] : [11.500,10.750,10.250] : [0.250,0.250,0.250]
   [4][0][0]   exterior: [-0.375,-5.500,-0.375] : [6.250,5.500,5.125] : [0.125,0.125,0.125]
   [5][0][0]   exterior: [-0.188,-2.938,-0.188] : [3.688,2.938,2.562] : [0.062,0.062,0.062]
   [6][0][0]   exterior: [-0.094,-1.688,-0.094] : [0.156,-0.906,1.281] : [0.031,0.031,0.031]
   [6][0][1]   exterior: [-0.094,-0.875,-0.094] : [2.406,1.688,1.281] : [0.031,0.031,0.031]
INFO (Carpet): Global grid structure statistics:
INFO (Carpet): GF: rhs: 284k active, 516k owned (+82%), 876k total (+70%), 128 steps/time
INFO (Carpet): GF: vars: 271, pts: 412M active, 618M owned (+50%), 1003M total (+62%), 1.0 comp/proc
INFO (Carpet): GA: vars: 1508, pts: 10M active, 10M total (+0%)
INFO (Carpet): Total required memory: 8.115 GByte (for GAs and currently active GFs)
INFO (Carpet): Load balance:  min     avg     max     sdv     max/avg-1
INFO (Carpet): Level  0:      14M     15M     16M      1M owned      8%
INFO (Carpet): Level  1:      26M     28M     29M      1M owned      5%
INFO (Carpet): Level  2:       5M      5M      6M      0M owned      8%
INFO (Carpet): Level  3:       5M      6M      6M      0M owned     10%
INFO (Carpet): Level  4:       6M      6M      7M      0M owned      8%
INFO (Carpet): Level  5:       7M      8M      9M      1M owned      6%
INFO (Carpet): Level  6:       2M      9M     11M      3M owned     17%
INFO (AHFinderDirect): proc 0: searching for horizons 1,5/6
INFO (AHFinderDirect): AH 4/6: r=48.9877 at (0.000000,0.000000,0.000000)
INFO (AHFinderDirect): AH 4/6: area=31415.92322 m_irreducible=24.99999868
INFO (AHFinderDirect): AH 1/6: r=0.367109 at (1.124308,0.464446,-0.000000)
INFO (AHFinderDirect): AH 1/6: area=13.42794662 m_irreducible=0.5168563727
INFO (AHFinderDirect): AH 2/6: r=0.367109 at (-1.124308,-0.464446,-0.000000)
INFO (AHFinderDirect): AH 2/6: area=13.42794662 m_irreducible=0.5168563727
INFO (AHFinderDirect): AH 5/6: r=0.367489 at (1.124311,0.464402,-0.000000)
INFO (AHFinderDirect): AH 5/6: area=13.43864638 m_irreducible=0.5170622544
INFO (QuasiLocalMeasures): Calculating quasi-local quantities for surface    0
INFO (QuasiLocalMeasures): Importing from spherical surface    0
INFO (QuasiLocalMeasures): Geometric quantities for surface    0:
INFO (QuasiLocalMeasures):    Area A:                            13.4279
INFO (QuasiLocalMeasures):    Irreducible mass M = R/2:         0.516856
INFO (QuasiLocalMeasures):    Areal radius R = sqrt(A/4pi):      1.03371
INFO (QuasiLocalMeasures): Coordinate-dependent quantities for surface    0:
INFO (QuasiLocalMeasures):    Equatorial circumference:             6.51853
INFO (QuasiLocalMeasures):    Polar circumference at phi=0:         6.44605
INFO (QuasiLocalMeasures):    Polar circumference at phi=pi/2:      6.44347
INFO (QuasiLocalMeasures):    Spin guess J from distortion:        0.455168E-01
INFO (QuasiLocalMeasures):    Mass guess M from distortion:        0.518728
INFO (QuasiLocalMeasures): Isolated Horizon quantities for surface    0:
INFO (QuasiLocalMeasures):    Killing vector field eigenvalue norm:     0.999976
INFO (QuasiLocalMeasures):    Spin J:                                   0.995604E-04
INFO (QuasiLocalMeasures):    Kerr spin parameter a = J/M:              0.192627E-03
INFO (QuasiLocalMeasures):    Dimensionless spin parameter a = J/M^2:   0.372690E-03
INFO (QuasiLocalMeasures):    Spin J from NP:                          -0.266929E-01
INFO (QuasiLocalMeasures):    Spin J from phi-coordinate-vector:         0.00000
INFO (QuasiLocalMeasures):    Mass M:                                   0.516856
INFO (QuasiLocalMeasures): Global quantities for surface    0:
INFO (QuasiLocalMeasures):    ADM energy:                 -2.27585
INFO (QuasiLocalMeasures):    ADM momentum x:            -0.744099E-02
INFO (QuasiLocalMeasures):    ADM momentum y:             0.372847E-01
INFO (QuasiLocalMeasures):    ADM momentum z:             0.444614E-12
INFO (QuasiLocalMeasures):    ADM angular momentum x:     0.129149E-12
INFO (QuasiLocalMeasures):    ADM angular momentum y:    -0.242857E-12
INFO (QuasiLocalMeasures):    ADM angular momentum z:     0.418774E-01
INFO (QuasiLocalMeasures):    Landau-Lifshitz energy:                  5.13795
INFO (QuasiLocalMeasures):    Landau-Lifshitz momentum x:            -0.271896E-01
INFO (QuasiLocalMeasures):    Landau-Lifshitz momentum y:             0.296572
INFO (QuasiLocalMeasures):    Landau-Lifshitz momentum z:            -0.115556E-11
INFO (QuasiLocalMeasures):    Landau-Lifshitz angular momentum x:     0.230210E-12
INFO (QuasiLocalMeasures):    Landau-Lifshitz angular momentum y:    -0.731159E-12
INFO (QuasiLocalMeasures):    Landau-Lifshitz angular momentum z:     0.400235
     1280     2.500 |   17.0075685 |    0.0000084 |    0.0000996 |    0.3675107 |    0.3671338 |         -nan |   48.9874823 |    0.3678916 |         -nan
INFO (CarpetRegrid2): Centre 1 is at position [1.12431,0.464446,-4.134e-17] with 7 levels
INFO (CarpetRegrid2): Centre 2 is at position [-1.12431,-0.464446,-2.067e-16] with 7 levels
INFO (CarpetRegrid2): Centre 3 is not active
INFO (CarpetRegrid2): Refined regions have not changed sufficiently; skipping regridding
INFO (CarpetRegrid2): Centre 1 is at position [1.12431,0.464446,-4.134e-17] with 7 levels
INFO (CarpetRegrid2): Centre 2 is at position [-1.12431,-0.464446,-2.067e-16] with 7 levels
INFO (CarpetRegrid2): Centre 3 is not active
INFO (CarpetRegrid2): Refined regions have not changed sufficiently; skipping regridding
INFO (CarpetRegrid2): Centre 1 is at position [1.12431,0.464446,-4.134e-17] with 7 levels
INFO (CarpetRegrid2): Centre 2 is at position [-1.12431,-0.464446,-2.067e-16] with 7 levels
INFO (CarpetRegrid2): Centre 3 is not active
INFO (CarpetRegrid2): Refined regions have not changed sufficiently; skipping regridding
INFO (CarpetRegrid2): Centre 1 is at position [1.12431,0.464446,-4.134e-17] with 7 levels
INFO (CarpetRegrid2): Centre 2 is at position [-1.12431,-0.464446,-2.067e-16] with 7 levels
INFO (CarpetRegrid2): Centre 3 is not active
INFO (CarpetRegrid2): Refined regions have not changed sufficiently; skipping regridding
INFO (CarpetRegrid2): Centre 1 is at position [1.12431,0.464446,-4.134e-17] with 7 levels
INFO (CarpetRegrid2): Centre 2 is at position [-1.12431,-0.464446,-2.067e-16] with 7 levels
INFO (CarpetRegrid2): Centre 3 is not active
INFO (CarpetRegrid2): Refined regions have not changed sufficiently; skipping regridding
INFO (CarpetRegrid2): Centre 1 is at position [1.12431,0.464446,-4.134e-17] with 7 levels
INFO (CarpetRegrid2): Centre 2 is at position [-1.12431,-0.464446,-2.067e-16] with 7 levels
INFO (CarpetRegrid2): Centre 3 is not active
INFO (CarpetRegrid2): Refined regions have not changed sufficiently; skipping regridding
INFO (CarpetRegrid2): Centre 1 is at position [1.12431,0.464446,-4.134e-17] with 7 levels
INFO (CarpetRegrid2): Centre 2 is at position [-1.12431,-0.464446,-2.067e-16] with 7 levels
INFO (CarpetRegrid2): Centre 3 is not active
INFO (CarpetRegrid2): Refined regions have not changed sufficiently; skipping regridding
INFO (AHFinderDirect): proc 0: searching for horizons 1,5/6
INFO (AHFinderDirect): AH 4/6: r=48.9878 at (-0.000000,-0.000000,-0.000000)
INFO (AHFinderDirect): AH 4/6: area=31415.92287 m_irreducible=24.99999854
INFO (AHFinderDirect): AH 1/6: r=0.374079 at (1.108359,0.522958,0.000000)
INFO (AHFinderDirect): AH 1/6: area=13.42886481 m_irreducible=0.5168740434
INFO (AHFinderDirect): AH 2/6: r=0.374079 at (-1.108359,-0.522958,-0.000000)
INFO (AHFinderDirect): AH 2/6: area=13.42886481 m_irreducible=0.5168740434
INFO (AHFinderDirect): AH 5/6: r=0.374467 at (1.108363,0.522914,-0.000000)
INFO (AHFinderDirect): AH 5/6: area=13.43989203 m_irreducible=0.5170862175
INFO (QuasiLocalMeasures): Calculating quasi-local quantities for surface    0
INFO (QuasiLocalMeasures): Importing from spherical surface    0
INFO (QuasiLocalMeasures): Geometric quantities for surface    0:
INFO (QuasiLocalMeasures):    Area A:                            13.4288
INFO (QuasiLocalMeasures):    Irreducible mass M = R/2:         0.516874
INFO (QuasiLocalMeasures):    Areal radius R = sqrt(A/4pi):      1.03375
INFO (QuasiLocalMeasures): Coordinate-dependent quantities for surface    0:
INFO (QuasiLocalMeasures):    Equatorial circumference:             6.52330
INFO (QuasiLocalMeasures):    Polar circumference at phi=0:         6.45589
INFO (QuasiLocalMeasures):    Polar circumference at phi=pi/2:      6.41411
INFO (QuasiLocalMeasures):    Spin guess J from distortion:        0.497297E-01
INFO (QuasiLocalMeasures):    Mass guess M from distortion:        0.519107
INFO (QuasiLocalMeasures): Isolated Horizon quantities for surface    0:
INFO (QuasiLocalMeasures):    Killing vector field eigenvalue norm:     0.999982
INFO (QuasiLocalMeasures):    Spin J:                                   0.121754E-03
INFO (QuasiLocalMeasures):    Kerr spin parameter a = J/M:              0.235558E-03
INFO (QuasiLocalMeasures):    Dimensionless spin parameter a = J/M^2:   0.455736E-03
INFO (QuasiLocalMeasures):    Spin J from NP:                          -0.298925E-01
INFO (QuasiLocalMeasures):    Spin J from phi-coordinate-vector:         0.00000
INFO (QuasiLocalMeasures):    Mass M:                                   0.516874
INFO (QuasiLocalMeasures): Global quantities for surface    0:
INFO (QuasiLocalMeasures):    ADM energy:                 -2.14355
INFO (QuasiLocalMeasures):    ADM momentum x:            -0.953934E-02
INFO (QuasiLocalMeasures):    ADM momentum y:             0.390540E-01
INFO (QuasiLocalMeasures):    ADM momentum z:             0.190356E-12
INFO (QuasiLocalMeasures):    ADM angular momentum x:     0.552849E-13
INFO (QuasiLocalMeasures):    ADM angular momentum y:    -0.915852E-13
INFO (QuasiLocalMeasures):    ADM angular momentum z:     0.418194E-01
INFO (QuasiLocalMeasures):    Landau-Lifshitz energy:                  4.85907
INFO (QuasiLocalMeasures):    Landau-Lifshitz momentum x:            -0.352394E-01
INFO (QuasiLocalMeasures):    Landau-Lifshitz momentum y:             0.287846
INFO (QuasiLocalMeasures):    Landau-Lifshitz momentum z:            -0.457045E-12
INFO (QuasiLocalMeasures):    Landau-Lifshitz angular momentum x:     0.145463E-12
INFO (QuasiLocalMeasures):    Landau-Lifshitz angular momentum y:    -0.339327E-12
INFO (QuasiLocalMeasures):    Landau-Lifshitz angular momentum z:     0.402175
     1408     2.750 |   16.9877475 |    0.0000077 |    0.0001218 |    0.3741398 |    0.3737485 |         -nan |   48.9876260 |    0.3745280 |         -nan
INFO (CarpetRegrid2): Centre 1 is at position [1.10836,0.522958,1.65349e-17] with 7 levels
INFO (CarpetRegrid2): Centre 2 is at position [-1.10836,-0.522958,-8.26744e-17] with 7 levels
INFO (CarpetRegrid2): Centre 3 is not active
INFO (CarpetRegrid2): Refined regions have not changed sufficiently; skipping regridding
INFO (CarpetRegrid2): Centre 1 is at position [1.10836,0.522958,1.65349e-17] with 7 levels
INFO (CarpetRegrid2): Centre 2 is at position [-1.10836,-0.522958,-8.26744e-17] with 7 levels
INFO (CarpetRegrid2): Centre 3 is not active
INFO (CarpetRegrid2): Refined regions have not changed sufficiently; skipping regridding
INFO (CarpetRegrid2): Centre 1 is at position [1.10836,0.522958,1.65349e-17] with 7 levels
INFO (CarpetRegrid2): Centre 2 is at position [-1.10836,-0.522958,-8.26744e-17] with 7 levels
INFO (CarpetRegrid2): Centre 3 is not active
INFO (CarpetRegrid2): Refined regions have not changed sufficiently; skipping regridding
INFO (CarpetRegrid2): Centre 1 is at position [1.10836,0.522958,1.65349e-17] with 7 levels
INFO (CarpetRegrid2): Centre 2 is at position [-1.10836,-0.522958,-8.26744e-17] with 7 levels
INFO (CarpetRegrid2): Centre 3 is not active
INFO (CarpetRegrid2): Refined regions have not changed sufficiently; skipping regridding
INFO (CarpetRegrid2): Centre 1 is at position [1.10836,0.522958,1.65349e-17] with 7 levels
INFO (CarpetRegrid2): Centre 2 is at position [-1.10836,-0.522958,-8.26744e-17] with 7 levels
INFO (CarpetRegrid2): Centre 3 is not active
INFO (CarpetRegrid2): Refined regions have not changed sufficiently; skipping regridding
INFO (CarpetRegrid2): Centre 1 is at position [1.10836,0.522958,1.65349e-17] with 7 levels
INFO (CarpetRegrid2): Centre 2 is at position [-1.10836,-0.522958,-8.26744e-17] with 7 levels
INFO (CarpetRegrid2): Centre 3 is not active
INFO (CarpetRegrid2): Refined regions have not changed sufficiently; skipping regridding
INFO (CarpetRegrid2): Centre 1 is at position [1.10836,0.522958,1.65349e-17] with 7 levels
INFO (CarpetRegrid2): Centre 2 is at position [-1.10836,-0.522958,-8.26744e-17] with 7 levels
INFO (CarpetRegrid2): Centre 3 is not active
INFO (CarpetRegrid2): Refined regions have not changed sufficiently; skipping regridding
INFO (AHFinderDirect): proc 0: searching for horizons 1,5/6
INFO (AHFinderDirect): AH 4/6: r=48.988 at (-0.000000,0.000000,0.000000)
INFO (AHFinderDirect): AH 4/6: area=31415.92253 m_irreducible=24.9999984
INFO (AHFinderDirect): AH 1/6: r=0.379319 at (1.089506,0.578677,-0.000000)
INFO (AHFinderDirect): AH 1/6: area=13.43018757 m_irreducible=0.5168994992
INFO (AHFinderDirect): AH 2/6: r=0.379319 at (-1.089506,-0.578677,0.000000)
INFO (AHFinderDirect): AH 2/6: area=13.43018757 m_irreducible=0.5168994992
INFO (AHFinderDirect): AH 5/6: r=0.379712 at (1.089511,0.578634,-0.000000)
INFO (AHFinderDirect): AH 5/6: area=13.44142652 m_irreducible=0.5171157357
INFO (QuasiLocalMeasures): Calculating quasi-local quantities for surface    0
INFO (QuasiLocalMeasures): Importing from spherical surface    0
INFO (QuasiLocalMeasures): Geometric quantities for surface    0:
INFO (QuasiLocalMeasures):    Area A:                            13.4302
INFO (QuasiLocalMeasures):    Irreducible mass M = R/2:         0.516899
INFO (QuasiLocalMeasures):    Areal radius R = sqrt(A/4pi):      1.03380
INFO (QuasiLocalMeasures): Coordinate-dependent quantities for surface    0:
INFO (QuasiLocalMeasures):    Equatorial circumference:             6.52896
INFO (QuasiLocalMeasures):    Polar circumference at phi=0:         6.46577
INFO (QuasiLocalMeasures):    Polar circumference at phi=pi/2:      6.38899
INFO (QuasiLocalMeasures):    Spin guess J from distortion:        0.542769E-01
INFO (QuasiLocalMeasures):    Mass guess M from distortion:        0.519558
INFO (QuasiLocalMeasures): Isolated Horizon quantities for surface    0:
INFO (QuasiLocalMeasures):    Killing vector field eigenvalue norm:     0.999975
INFO (QuasiLocalMeasures):    Spin J:                                   0.134365E-03
INFO (QuasiLocalMeasures):    Kerr spin parameter a = J/M:              0.259944E-03
INFO (QuasiLocalMeasures):    Dimensionless spin parameter a = J/M^2:   0.502892E-03
INFO (QuasiLocalMeasures):    Spin J from NP:                          -0.329779E-01
INFO (QuasiLocalMeasures):    Spin J from phi-coordinate-vector:         0.00000
INFO (QuasiLocalMeasures):    Mass M:                                   0.516899
INFO (QuasiLocalMeasures): Global quantities for surface    0:
INFO (QuasiLocalMeasures):    ADM energy:                 -2.05793
INFO (QuasiLocalMeasures):    ADM momentum x:            -0.117822E-01
INFO (QuasiLocalMeasures):    ADM momentum y:             0.400601E-01
INFO (QuasiLocalMeasures):    ADM momentum z:             0.979103E-16
INFO (QuasiLocalMeasures):    ADM angular momentum x:     0.327709E-16
INFO (QuasiLocalMeasures):    ADM angular momentum y:    -0.494542E-16
INFO (QuasiLocalMeasures):    ADM angular momentum z:     0.414410E-01
INFO (QuasiLocalMeasures):    Landau-Lifshitz energy:                  4.67072
INFO (QuasiLocalMeasures):    Landau-Lifshitz momentum x:            -0.443216E-01
INFO (QuasiLocalMeasures):    Landau-Lifshitz momentum y:             0.278516
INFO (QuasiLocalMeasures):    Landau-Lifshitz momentum z:            -0.585765E-16
INFO (QuasiLocalMeasures):    Landau-Lifshitz angular momentum x:     0.176078E-15
INFO (QuasiLocalMeasures):    Landau-Lifshitz angular momentum y:    -0.270980E-15
INFO (QuasiLocalMeasures):    Landau-Lifshitz angular momentum z:     0.402572
     1536     3.000 |   16.6718914 |    0.0000076 |    0.0001344 |    0.3789651 |    0.3785562 |         -nan |   48.9877833 |    0.3793587 |         -nan
INFO (CarpetRegrid2): Centre 1 is at position [1.08951,0.578677,-2.31465e-16] with 7 levels
INFO (CarpetRegrid2): Centre 2 is at position [-1.08951,-0.578677,4.13331e-17] with 7 levels
INFO (CarpetRegrid2): Centre 3 is not active
INFO (CarpetRegrid2): Regridding level 0 map 0 at iteration 1537 time 3
INFO (CarpetRegrid2): Regridding levels 1 and up
INFO (CarpetRegrid2): Enforcing grid structure properties, iteration 0
INFO (CarpetRegrid2): Enforcing grid structure properties, iteration 1
INFO (CarpetRegrid2): Enforcing grid structure properties, iteration 0
INFO (CarpetRegrid2): Enforcing grid structure properties, iteration 1
WARNING level 1 in thorn CarpetRegrid2 processor 0 host nid07855
  (line 408 of /mnt/a/u/sciteam/rhaas/Zelmani/arrangements/Carpet/CarpetRegrid2/src/regrid.cc): 
  -> Could not enforce grid structure properties in this round, starting another round
INFO (CarpetRegrid2): Enforcing grid structure properties, iteration 2
INFO (CarpetRegrid2): Enforcing grid structure properties, iteration 0
INFO (CarpetRegrid2): Enforcing grid structure properties, iteration 1
INFO (CarpetRegrid2): Enforcing grid structure properties, iteration 0
INFO (CarpetRegrid2): Enforcing grid structure properties, iteration 1
INFO (CarpetRegrid2): Enforcing grid structure properties, iteration 0
INFO (CarpetRegrid2): Enforcing grid structure properties, iteration 1
INFO (CarpetRegrid2): Enforcing grid structure properties, iteration 0
INFO (CarpetRegrid2): Enforcing grid structure properties, iteration 1
INFO (Carpet): Grid structure (superregions, grid points):
   [0][0][0]   exterior: [0,0,0] : [65,124,65]   ([66,125,66] + PADDING) 544500
   [1][0][0]   exterior: [3,50,3] : [80,198,79]   ([78,149,77] + PADDING) 894894
   [2][0][0]   exterior: [9,206,9] : [55,290,53]   ([47,85,45] + PADDING) 179775
   [3][0][0]   exterior: [21,453,21] : [69,539,65]   ([49,87,45] + PADDING) 191835
   [4][0][0]   exterior: [45,946,45] : [98,1038,89]   ([54,93,45] + PADDING) 225990
   [5][0][0]   exterior: [93,1934,93] : [154,2034,137]   ([62,101,45] + PADDING) 281790
   [6][0][0]   exterior: [189,3908,189] : [198,3945,233]   ([10,38,45] + PADDING) 17100
   [6][0][1]   exterior: [189,3946,189] : [268,4028,233]   ([80,83,45] + PADDING) 298800
INFO (Carpet): Grid structure (superregions, coordinates):
   [0][0][0]   exterior: [-6.000,-124.000,-6.000] : [124.000,124.000,124.000] : [2.000,2.000,2.000]
   [1][0][0]   exterior: [-3.000,-74.000,-3.000] : [74.000,74.000,73.000] : [1.000,1.000,1.000]
   [2][0][0]   exterior: [-1.500,-21.000,-1.500] : [21.500,21.000,20.500] : [0.500,0.500,0.500]
   [3][0][0]   exterior: [-0.750,-10.750,-0.750] : [11.250,10.750,10.250] : [0.250,0.250,0.250]
   [4][0][0]   exterior: [-0.375,-5.750,-0.375] : [6.250,5.750,5.125] : [0.125,0.125,0.125]
   [5][0][0]   exterior: [-0.188,-3.125,-0.188] : [3.625,3.125,2.562] : [0.062,0.062,0.062]
   [6][0][0]   exterior: [-0.094,-1.875,-0.094] : [0.188,-0.719,1.281] : [0.031,0.031,0.031]
   [6][0][1]   exterior: [-0.094,-0.688,-0.094] : [2.375,1.875,1.281] : [0.031,0.031,0.031]
INFO (Carpet): Global grid structure statistics:
INFO (Carpet): GF: rhs: 287k active, 525k owned (+83%), 888k total (+69%), 128 steps/time
INFO (Carpet): GF: vars: 271, pts: 417M active, 626M owned (+50%), 1013M total (+62%), 1.0 comp/proc
INFO (Carpet): GA: vars: 1508, pts: 10M active, 10M total (+0%)
INFO (Carpet): Total required memory: 8.194 GByte (for GAs and currently active GFs)
INFO (Carpet): Load balance:  min     avg     max     sdv     max/avg-1
INFO (Carpet): Level  0:      14M     15M     16M      1M owned      8%
INFO (Carpet): Level  1:      27M     28M     30M      1M owned      6%
INFO (Carpet): Level  2:       5M      5M      6M      0M owned      8%
INFO (Carpet): Level  3:       5M      6M      6M      0M owned      6%
INFO (Carpet): Level  4:       6M      7M      7M      0M owned      9%
INFO (Carpet): Level  5:       8M      8M      9M      0M owned      8%
INFO (Carpet): Level  6:       3M      9M     11M      2M owned     17%
INFO (AHFinderDirect): proc 0: searching for horizons 1,5/6
INFO (AHFinderDirect): AH 4/6: r=48.9881 at (-0.000000,0.000000,0.000000)
INFO (AHFinderDirect): AH 4/6: area=31415.92218 m_irreducible=24.99999827
INFO (AHFinderDirect): AH 1/6: r=0.382968 at (1.067852,0.631324,-0.000000)
INFO (AHFinderDirect): AH 1/6: area=13.43105951 m_irreducible=0.5169162785
INFO (AHFinderDirect): AH 2/6: r=0.382968 at (-1.067852,-0.631324,0.000000)
INFO (AHFinderDirect): AH 2/6: area=13.43105951 m_irreducible=0.5169162785
INFO (AHFinderDirect): AH 5/6: r=0.383365 at (1.067860,0.631282,0.000000)
INFO (AHFinderDirect): AH 5/6: area=13.4424279 m_irreducible=0.5171349978
INFO (QuasiLocalMeasures): Calculating quasi-local quantities for surface    0
INFO (QuasiLocalMeasures): Importing from spherical surface    0
INFO (QuasiLocalMeasures): Geometric quantities for surface    0:
INFO (QuasiLocalMeasures):    Area A:                            13.4310
INFO (QuasiLocalMeasures):    Irreducible mass M = R/2:         0.516916
INFO (QuasiLocalMeasures):    Areal radius R = sqrt(A/4pi):      1.03383
INFO (QuasiLocalMeasures): Coordinate-dependent quantities for surface    0:
INFO (QuasiLocalMeasures):    Equatorial circumference:             6.53516
INFO (QuasiLocalMeasures):    Polar circumference at phi=0:         6.47459
INFO (QuasiLocalMeasures):    Polar circumference at phi=pi/2:      6.36814
INFO (QuasiLocalMeasures):    Spin guess J from distortion:        0.589549E-01
INFO (QuasiLocalMeasures):    Mass guess M from distortion:        0.520052
INFO (QuasiLocalMeasures): Isolated Horizon quantities for surface    0:
INFO (QuasiLocalMeasures):    Killing vector field eigenvalue norm:     0.999955
INFO (QuasiLocalMeasures):    Spin J:                                   0.154050E-03
INFO (QuasiLocalMeasures):    Kerr spin parameter a = J/M:              0.298018E-03
INFO (QuasiLocalMeasures):    Dimensionless spin parameter a = J/M^2:   0.576532E-03
INFO (QuasiLocalMeasures):    Spin J from NP:                          -0.358905E-01
INFO (QuasiLocalMeasures):    Spin J from phi-coordinate-vector:         0.00000
INFO (QuasiLocalMeasures):    Mass M:                                   0.516916
INFO (QuasiLocalMeasures): Global quantities for surface    0:
INFO (QuasiLocalMeasures):    ADM energy:                 -2.00841
INFO (QuasiLocalMeasures):    ADM momentum x:            -0.140662E-01
INFO (QuasiLocalMeasures):    ADM momentum y:             0.402692E-01
INFO (QuasiLocalMeasures):    ADM momentum z:             0.749215E-13
INFO (QuasiLocalMeasures):    ADM angular momentum x:     0.224878E-13
INFO (QuasiLocalMeasures):    ADM angular momentum y:    -0.302091E-13
INFO (QuasiLocalMeasures):    ADM angular momentum z:     0.409504E-01
INFO (QuasiLocalMeasures):    Landau-Lifshitz energy:                  4.55353
INFO (QuasiLocalMeasures):    Landau-Lifshitz momentum x:            -0.544803E-01
INFO (QuasiLocalMeasures):    Landau-Lifshitz momentum y:             0.269193
INFO (QuasiLocalMeasures):    Landau-Lifshitz momentum z:            -0.152341E-12
INFO (QuasiLocalMeasures):    Landau-Lifshitz angular momentum x:     0.848186E-13
INFO (QuasiLocalMeasures):    Landau-Lifshitz angular momentum y:    -0.139209E-12
INFO (QuasiLocalMeasures):    Landau-Lifshitz angular momentum z:     0.401701
     1664     3.250 |   16.7423697 |    0.0000070 |    0.0001541 |    0.3821505 |    0.3817245 |         -nan |   48.9879544 |    0.3825480 |         -nan
INFO (CarpetRegrid2): Centre 1 is at position [1.06785,0.631324,-5.78626e-17] with 7 levels
INFO (CarpetRegrid2): Centre 2 is at position [-1.06785,-0.631324,1.81854e-16] with 7 levels
INFO (CarpetRegrid2): Centre 3 is not active
INFO (CarpetRegrid2): Refined regions have not changed sufficiently; skipping regridding
INFO (CarpetRegrid2): Centre 1 is at position [1.06785,0.631324,-5.78626e-17] with 7 levels
INFO (CarpetRegrid2): Centre 2 is at position [-1.06785,-0.631324,1.81854e-16] with 7 levels
INFO (CarpetRegrid2): Centre 3 is not active
INFO (CarpetRegrid2): Refined regions have not changed sufficiently; skipping regridding
INFO (CarpetRegrid2): Centre 1 is at position [1.06785,0.631324,-5.78626e-17] with 7 levels
INFO (CarpetRegrid2): Centre 2 is at position [-1.06785,-0.631324,1.81854e-16] with 7 levels
INFO (CarpetRegrid2): Centre 3 is not active
INFO (CarpetRegrid2): Refined regions have not changed sufficiently; skipping regridding
INFO (CarpetRegrid2): Centre 1 is at position [1.06785,0.631324,-5.78626e-17] with 7 levels
INFO (CarpetRegrid2): Centre 2 is at position [-1.06785,-0.631324,1.81854e-16] with 7 levels
INFO (CarpetRegrid2): Centre 3 is not active
INFO (CarpetRegrid2): Refined regions have not changed sufficiently; skipping regridding
INFO (CarpetRegrid2): Centre 1 is at position [1.06785,0.631324,-5.78626e-17] with 7 levels
INFO (CarpetRegrid2): Centre 2 is at position [-1.06785,-0.631324,1.81854e-16] with 7 levels
INFO (CarpetRegrid2): Centre 3 is not active
INFO (CarpetRegrid2): Refined regions have not changed sufficiently; skipping regridding
INFO (CarpetRegrid2): Centre 1 is at position [1.06785,0.631324,-5.78626e-17] with 7 levels
INFO (CarpetRegrid2): Centre 2 is at position [-1.06785,-0.631324,1.81854e-16] with 7 levels
INFO (CarpetRegrid2): Centre 3 is not active
INFO (CarpetRegrid2): Refined regions have not changed sufficiently; skipping regridding
INFO (CarpetRegrid2): Centre 1 is at position [1.06785,0.631324,-5.78626e-17] with 7 levels
INFO (CarpetRegrid2): Centre 2 is at position [-1.06785,-0.631324,1.81854e-16] with 7 levels
INFO (CarpetRegrid2): Centre 3 is not active
INFO (CarpetRegrid2): Refined regions have not changed sufficiently; skipping regridding
INFO (AHFinderDirect): proc 0: searching for horizons 1,5/6
INFO (AHFinderDirect): AH 4/6: r=48.9883 at (-0.000000,0.000000,-0.000000)
INFO (AHFinderDirect): AH 4/6: area=31415.92183 m_irreducible=24.99999813
INFO (AHFinderDirect): AH 1/6: r=0.385261 at (1.043531,0.680795,0.000000)
INFO (AHFinderDirect): AH 1/6: area=13.43219172 m_irreducible=0.5169380656
INFO (AHFinderDirect): AH 2/6: r=0.385261 at (-1.043531,-0.680795,-0.000000)
INFO (AHFinderDirect): AH 2/6: area=13.43219172 m_irreducible=0.5169380656
INFO (AHFinderDirect): AH 5/6: r=0.38566 at (1.043540,0.680754,-0.000000)
INFO (AHFinderDirect): AH 5/6: area=13.4436088 m_irreducible=0.5171577121
INFO (QuasiLocalMeasures): Calculating quasi-local quantities for surface    0
INFO (QuasiLocalMeasures): Importing from spherical surface    0
INFO (QuasiLocalMeasures): Geometric quantities for surface    0:
INFO (QuasiLocalMeasures):    Area A:                            13.4321
INFO (QuasiLocalMeasures):    Irreducible mass M = R/2:         0.516937
INFO (QuasiLocalMeasures):    Areal radius R = sqrt(A/4pi):      1.03387
INFO (QuasiLocalMeasures): Coordinate-dependent quantities for surface    0:
INFO (QuasiLocalMeasures):    Equatorial circumference:             6.54177
INFO (QuasiLocalMeasures):    Polar circumference at phi=0:         6.48190
INFO (QuasiLocalMeasures):    Polar circumference at phi=pi/2:      6.35197
INFO (QuasiLocalMeasures):    Spin guess J from distortion:        0.635406E-01
INFO (QuasiLocalMeasures):    Mass guess M from distortion:        0.520578
INFO (QuasiLocalMeasures): Isolated Horizon quantities for surface    0:
INFO (QuasiLocalMeasures):    Killing vector field eigenvalue norm:     0.999980
INFO (QuasiLocalMeasures):    Spin J:                                   0.160459E-03
INFO (QuasiLocalMeasures):    Kerr spin parameter a = J/M:              0.310403E-03
INFO (QuasiLocalMeasures):    Dimensionless spin parameter a = J/M^2:   0.600466E-03
INFO (QuasiLocalMeasures):    Spin J from NP:                          -0.387773E-01
INFO (QuasiLocalMeasures):    Spin J from phi-coordinate-vector:         0.00000
INFO (QuasiLocalMeasures):    Mass M:                                   0.516937
INFO (QuasiLocalMeasures): Global quantities for surface    0:
INFO (QuasiLocalMeasures):    ADM energy:                 -1.98608
INFO (QuasiLocalMeasures):    ADM momentum x:            -0.163059E-01
INFO (QuasiLocalMeasures):    ADM momentum y:             0.397246E-01
INFO (QuasiLocalMeasures):    ADM momentum z:            -0.570526E-13
INFO (QuasiLocalMeasures):    ADM angular momentum x:    -0.178167E-13
INFO (QuasiLocalMeasures):    ADM angular momentum y:     0.219092E-13
INFO (QuasiLocalMeasures):    ADM angular momentum z:     0.405258E-01
INFO (QuasiLocalMeasures):    Landau-Lifshitz energy:                  4.49148
INFO (QuasiLocalMeasures):    Landau-Lifshitz momentum x:            -0.658319E-01
INFO (QuasiLocalMeasures):    Landau-Lifshitz momentum y:             0.260264
INFO (QuasiLocalMeasures):    Landau-Lifshitz momentum z:             0.107329E-12
INFO (QuasiLocalMeasures):    Landau-Lifshitz angular momentum x:    -0.707486E-13
INFO (QuasiLocalMeasures):    Landau-Lifshitz angular momentum y:     0.103781E-12
INFO (QuasiLocalMeasures):    Landau-Lifshitz angular momentum z:     0.399811
     1792     3.500 |   16.8622751 |    0.0000067 |    0.0001605 |    0.3839464 |    0.3835032 |         -nan |   48.9881391 |    0.3843460 |         -nan
INFO (CarpetRegrid2): Centre 1 is at position [1.04353,0.680795,4.13269e-17] with 7 levels
INFO (CarpetRegrid2): Centre 2 is at position [-1.04353,-0.680795,-1.23981e-16] with 7 levels
INFO (CarpetRegrid2): Centre 3 is not active
INFO (CarpetRegrid2): Refined regions have not changed sufficiently; skipping regridding
INFO (CarpetRegrid2): Centre 1 is at position [1.04353,0.680795,4.13269e-17] with 7 levels
INFO (CarpetRegrid2): Centre 2 is at position [-1.04353,-0.680795,-1.23981e-16] with 7 levels
INFO (CarpetRegrid2): Centre 3 is not active
INFO (CarpetRegrid2): Refined regions have not changed sufficiently; skipping regridding
INFO (CarpetRegrid2): Centre 1 is at position [1.04353,0.680795,4.13269e-17] with 7 levels
INFO (CarpetRegrid2): Centre 2 is at position [-1.04353,-0.680795,-1.23981e-16] with 7 levels
INFO (CarpetRegrid2): Centre 3 is not active
INFO (CarpetRegrid2): Refined regions have not changed sufficiently; skipping regridding
INFO (CarpetRegrid2): Centre 1 is at position [1.04353,0.680795,4.13269e-17] with 7 levels
INFO (CarpetRegrid2): Centre 2 is at position [-1.04353,-0.680795,-1.23981e-16] with 7 levels
INFO (CarpetRegrid2): Centre 3 is not active
INFO (CarpetRegrid2): Refined regions have not changed sufficiently; skipping regridding
INFO (CarpetRegrid2): Centre 1 is at position [1.04353,0.680795,4.13269e-17] with 7 levels
INFO (CarpetRegrid2): Centre 2 is at position [-1.04353,-0.680795,-1.23981e-16] with 7 levels
INFO (CarpetRegrid2): Centre 3 is not active
INFO (CarpetRegrid2): Refined regions have not changed sufficiently; skipping regridding
INFO (CarpetRegrid2): Centre 1 is at position [1.04353,0.680795,4.13269e-17] with 7 levels
INFO (CarpetRegrid2): Centre 2 is at position [-1.04353,-0.680795,-1.23981e-16] with 7 levels
INFO (CarpetRegrid2): Centre 3 is not active
INFO (CarpetRegrid2): Refined regions have not changed sufficiently; skipping regridding
INFO (CarpetRegrid2): Centre 1 is at position [1.04353,0.680795,4.13269e-17] with 7 levels
INFO (CarpetRegrid2): Centre 2 is at position [-1.04353,-0.680795,-1.23981e-16] with 7 levels
INFO (CarpetRegrid2): Centre 3 is not active
INFO (CarpetRegrid2): Refined regions have not changed sufficiently; skipping regridding
INFO (AHFinderDirect): proc 0: searching for horizons 1,5/6
INFO (AHFinderDirect): AH 4/6: r=48.9885 at (-0.000000,0.000000,0.000000)
INFO (AHFinderDirect): AH 4/6: area=31415.92149 m_irreducible=24.99999799
INFO (AHFinderDirect): AH 1/6: r=0.386391 at (1.016676,0.727051,-0.000000)
INFO (AHFinderDirect): AH 1/6: area=13.43295496 m_irreducible=0.516952752
INFO (AHFinderDirect): AH 2/6: r=0.386391 at (-1.016676,-0.727051,0.000000)
INFO (AHFinderDirect): AH 2/6: area=13.43295496 m_irreducible=0.516952752
INFO (AHFinderDirect): AH 5/6: r=0.386792 at (1.016687,0.727012,0.000000)
INFO (AHFinderDirect): AH 5/6: area=13.44437419 m_irreducible=0.5171724337
INFO (QuasiLocalMeasures): Calculating quasi-local quantities for surface    0
INFO (QuasiLocalMeasures): Importing from spherical surface    0
INFO (QuasiLocalMeasures): Geometric quantities for surface    0:
INFO (QuasiLocalMeasures):    Area A:                            13.4329
INFO (QuasiLocalMeasures):    Irreducible mass M = R/2:         0.516952
INFO (QuasiLocalMeasures):    Areal radius R = sqrt(A/4pi):      1.03390
INFO (QuasiLocalMeasures): Coordinate-dependent quantities for surface    0:
INFO (QuasiLocalMeasures):    Equatorial circumference:             6.54838
INFO (QuasiLocalMeasures):    Polar circumference at phi=0:         6.48712
INFO (QuasiLocalMeasures):    Polar circumference at phi=pi/2:      6.33920
INFO (QuasiLocalMeasures):    Spin guess J from distortion:        0.678769E-01
INFO (QuasiLocalMeasures):    Mass guess M from distortion:        0.521104
INFO (QuasiLocalMeasures): Isolated Horizon quantities for surface    0:
INFO (QuasiLocalMeasures):    Killing vector field eigenvalue norm:     0.999935
INFO (QuasiLocalMeasures):    Spin J:                                   0.170440E-03
INFO (QuasiLocalMeasures):    Kerr spin parameter a = J/M:              0.329703E-03
INFO (QuasiLocalMeasures):    Dimensionless spin parameter a = J/M^2:   0.637782E-03
INFO (QuasiLocalMeasures):    Spin J from NP:                          -0.415602E-01
INFO (QuasiLocalMeasures):    Spin J from phi-coordinate-vector:         0.00000
INFO (QuasiLocalMeasures):    Mass M:                                   0.516952
INFO (QuasiLocalMeasures): Global quantities for surface    0:
INFO (QuasiLocalMeasures):    ADM energy:                 -1.98460
INFO (QuasiLocalMeasures):    ADM momentum x:            -0.184300E-01
INFO (QuasiLocalMeasures):    ADM momentum y:             0.385527E-01
INFO (QuasiLocalMeasures):    ADM momentum z:            -0.244534E-13
INFO (QuasiLocalMeasures):    ADM angular momentum x:    -0.809565E-14
INFO (QuasiLocalMeasures):    ADM angular momentum y:     0.914368E-14
INFO (QuasiLocalMeasures):    ADM angular momentum z:     0.402895E-01
INFO (QuasiLocalMeasures):    Landau-Lifshitz energy:                  4.47243
INFO (QuasiLocalMeasures):    Landau-Lifshitz momentum x:            -0.784390E-01
INFO (QuasiLocalMeasures):    Landau-Lifshitz momentum y:             0.251948
INFO (QuasiLocalMeasures):    Landau-Lifshitz momentum z:             0.420750E-13
INFO (QuasiLocalMeasures):    Landau-Lifshitz angular momentum x:    -0.321665E-13
INFO (QuasiLocalMeasures):    Landau-Lifshitz angular momentum y:     0.428570E-13
INFO (QuasiLocalMeasures):    Landau-Lifshitz angular momentum z:     0.397370
     1920     3.750 |   17.0343922 |    0.0000065 |    0.0001704 |    0.3845593 |    0.3840991 |         -nan |   48.9883376 |    0.3849600 |         -nan
INFO (CarpetRegrid2): Centre 1 is at position [1.01668,0.727051,-6.61194e-17] with 7 levels
INFO (CarpetRegrid2): Centre 2 is at position [-1.01668,-0.727051,9.9179e-17] with 7 levels
INFO (CarpetRegrid2): Centre 3 is not active
INFO (CarpetRegrid2): Regridding level 0 map 0 at iteration 1921 time 4
INFO (CarpetRegrid2): Regridding levels 2 and up
INFO (CarpetRegrid2): Enforcing grid structure properties, iteration 0
INFO (CarpetRegrid2): Enforcing grid structure properties, iteration 1
INFO (CarpetRegrid2): Enforcing grid structure properties, iteration 0
INFO (CarpetRegrid2): Enforcing grid structure properties, iteration 1
INFO (CarpetRegrid2): Enforcing grid structure properties, iteration 0
INFO (CarpetRegrid2): Enforcing grid structure properties, iteration 1
INFO (CarpetRegrid2): Enforcing grid structure properties, iteration 0
INFO (CarpetRegrid2): Enforcing grid structure properties, iteration 1
INFO (CarpetRegrid2): Enforcing grid structure properties, iteration 0
INFO (CarpetRegrid2): Enforcing grid structure properties, iteration 1
INFO (Carpet): Grid structure (superregions, grid points):
   [0][0][0]   exterior: [0,0,0] : [65,124,65]   ([66,125,66] + PADDING) 544500
   [1][0][0]   exterior: [3,50,3] : [80,198,79]   ([78,149,77] + PADDING) 894894
   [2][0][0]   exterior: [9,206,9] : [55,290,53]   ([47,85,45] + PADDING) 179775
   [3][0][0]   exterior: [21,452,21] : [69,540,65]   ([49,89,45] + PADDING) 196245
   [4][0][0]   exterior: [45,945,45] : [97,1039,89]   ([53,95,45] + PADDING) 226575
   [5][0][0]   exterior: [93,1931,93] : [121,1954,137]   ([29,24,45] + PADDING) 31320
   [5][0][1]   exterior: [93,1955,93] : [153,2037,137]   ([61,83,45] + PADDING) 227835
   [6][0][0]   exterior: [189,3904,189] : [200,3949,233]   ([12,46,45] + PADDING) 24840
   [6][0][1]   exterior: [189,3950,189] : [266,4032,233]   ([78,83,45] + PADDING) 291330
INFO (Carpet): Grid structure (superregions, coordinates):
   [0][0][0]   exterior: [-6.000,-124.000,-6.000] : [124.000,124.000,124.000] : [2.000,2.000,2.000]
   [1][0][0]   exterior: [-3.000,-74.000,-3.000] : [74.000,74.000,73.000] : [1.000,1.000,1.000]
   [2][0][0]   exterior: [-1.500,-21.000,-1.500] : [21.500,21.000,20.500] : [0.500,0.500,0.500]
   [3][0][0]   exterior: [-0.750,-11.000,-0.750] : [11.250,11.000,10.250] : [0.250,0.250,0.250]
   [4][0][0]   exterior: [-0.375,-5.875,-0.375] : [6.125,5.875,5.125] : [0.125,0.125,0.125]
   [5][0][0]   exterior: [-0.188,-3.312,-0.188] : [1.562,-1.875,2.562] : [0.062,0.062,0.062]
   [5][0][1]   exterior: [-0.188,-1.812,-0.188] : [3.562,3.312,2.562] : [0.062,0.062,0.062]
   [6][0][0]   exterior: [-0.094,-2.000,-0.094] : [0.250,-0.594,1.281] : [0.031,0.031,0.031]
   [6][0][1]   exterior: [-0.094,-0.562,-0.094] : [2.312,2.000,1.281] : [0.031,0.031,0.031]
INFO (Carpet): Global grid structure statistics:
INFO (Carpet): GF: rhs: 274k active, 513k owned (+88%), 875k total (+70%), 128 steps/time
INFO (Carpet): GF: vars: 271, pts: 412M active, 621M owned (+51%), 1007M total (+62%), 1.0 comp/proc
INFO (Carpet): GA: vars: 1508, pts: 10M active, 10M total (+0%)
INFO (Carpet): Total required memory: 8.146 GByte (for GAs and currently active GFs)
INFO (Carpet): Load balance:  min     avg     max     sdv     max/avg-1
INFO (Carpet): Level  0:      14M     15M     16M      1M owned      8%
INFO (Carpet): Level  1:      27M     28M     30M      1M owned      6%
INFO (Carpet): Level  2:       5M      5M      6M      0M owned      8%
INFO (Carpet): Level  3:       6M      6M      6M      0M owned      8%
INFO (Carpet): Level  4:       6M      7M      7M      0M owned      5%
INFO (Carpet): Level  5:       7M      8M      9M      1M owned     11%
INFO (Carpet): Level  6:       5M      9M     11M      2M owned     13%
INFO (AHFinderDirect): proc 0: searching for horizons 1,5/6
INFO (AHFinderDirect): AH 4/6: r=48.9887 at (0.000000,0.000000,0.000000)
INFO (AHFinderDirect): AH 4/6: area=31415.92114 m_irreducible=24.99999785
INFO (AHFinderDirect): AH 1/6: r=0.386564 at (0.987445,0.770095,-0.000000)
INFO (AHFinderDirect): AH 1/6: area=13.43347055 m_irreducible=0.5169626729
INFO (AHFinderDirect): AH 2/6: r=0.386564 at (-0.987445,-0.770095,-0.000000)
INFO (AHFinderDirect): AH 2/6: area=13.43347055 m_irreducible=0.5169626729
INFO (AHFinderDirect): AH 5/6: r=0.386965 at (0.987459,0.770056,-0.000000)
INFO (AHFinderDirect): AH 5/6: area=13.44484665 m_irreducible=0.5171815208
INFO (QuasiLocalMeasures): Calculating quasi-local quantities for surface    0
INFO (QuasiLocalMeasures): Importing from spherical surface    0
INFO (QuasiLocalMeasures): Geometric quantities for surface    0:
INFO (QuasiLocalMeasures):    Area A:                            13.4334
INFO (QuasiLocalMeasures):    Irreducible mass M = R/2:         0.516962
INFO (QuasiLocalMeasures):    Areal radius R = sqrt(A/4pi):      1.03392
INFO (QuasiLocalMeasures): Coordinate-dependent quantities for surface    0:
INFO (QuasiLocalMeasures):    Equatorial circumference:             6.55484
INFO (QuasiLocalMeasures):    Polar circumference at phi=0:         6.49044
INFO (QuasiLocalMeasures):    Polar circumference at phi=pi/2:      6.32936
INFO (QuasiLocalMeasures):    Spin guess J from distortion:        0.718964E-01
INFO (QuasiLocalMeasures):    Mass guess M from distortion:        0.521618
INFO (QuasiLocalMeasures): Isolated Horizon quantities for surface    0:
INFO (QuasiLocalMeasures):    Killing vector field eigenvalue norm:     0.999943
INFO (QuasiLocalMeasures):    Spin J:                                   0.170710E-03
INFO (QuasiLocalMeasures):    Kerr spin parameter a = J/M:              0.330217E-03
INFO (QuasiLocalMeasures):    Dimensionless spin parameter a = J/M^2:   0.638765E-03
INFO (QuasiLocalMeasures):    Spin J from NP:                          -0.441415E-01
INFO (QuasiLocalMeasures):    Spin J from phi-coordinate-vector:         0.00000
INFO (QuasiLocalMeasures):    Mass M:                                   0.516962
INFO (QuasiLocalMeasures): Global quantities for surface    0:
INFO (QuasiLocalMeasures):    ADM energy:                 -1.99909
INFO (QuasiLocalMeasures):    ADM momentum x:            -0.203914E-01
INFO (QuasiLocalMeasures):    ADM momentum y:             0.369115E-01
INFO (QuasiLocalMeasures):    ADM momentum z:            -0.958425E-13
INFO (QuasiLocalMeasures):    ADM angular momentum x:    -0.339658E-13
INFO (QuasiLocalMeasures):    ADM angular momentum y:     0.354442E-13
INFO (QuasiLocalMeasures):    ADM angular momentum z:     0.402842E-01
INFO (QuasiLocalMeasures):    Landau-Lifshitz energy:                  4.48678
INFO (QuasiLocalMeasures):    Landau-Lifshitz momentum x:            -0.922357E-01
INFO (QuasiLocalMeasures):    Landau-Lifshitz momentum y:             0.244236
INFO (QuasiLocalMeasures):    Landau-Lifshitz momentum z:             0.149564E-12
INFO (QuasiLocalMeasures):    Landau-Lifshitz angular momentum x:    -0.128731E-12
INFO (QuasiLocalMeasures):    Landau-Lifshitz angular momentum y:     0.158920E-12
INFO (QuasiLocalMeasures):    Landau-Lifshitz angular momentum z:     0.394793
     2048     4.000 |   16.8125997 |    0.0000061 |    0.0001707 |    0.3842066 |    0.3837282 |         -nan |   48.9885498 |    0.3846073 |         -nan
INFO (CarpetRegrid2): Centre 1 is at position [0.987445,0.770095,-3.30584e-17] with 7 levels
INFO (CarpetRegrid2): Centre 2 is at position [-0.987445,-0.770095,-9.91752e-17] with 7 levels
INFO (CarpetRegrid2): Centre 3 is not active
INFO (CarpetRegrid2): Refined regions have not changed sufficiently; skipping regridding
INFO (CarpetRegrid2): Centre 1 is at position [0.987445,0.770095,-3.30584e-17] with 7 levels
INFO (CarpetRegrid2): Centre 2 is at position [-0.987445,-0.770095,-9.91752e-17] with 7 levels
INFO (CarpetRegrid2): Centre 3 is not active
INFO (CarpetRegrid2): Refined regions have not changed sufficiently; skipping regridding
INFO (CarpetRegrid2): Centre 1 is at position [0.987445,0.770095,-3.30584e-17] with 7 levels
INFO (CarpetRegrid2): Centre 2 is at position [-0.987445,-0.770095,-9.91752e-17] with 7 levels
INFO (CarpetRegrid2): Centre 3 is not active
INFO (CarpetRegrid2): Refined regions have not changed sufficiently; skipping regridding
INFO (CarpetRegrid2): Centre 1 is at position [0.987445,0.770095,-3.30584e-17] with 7 levels
INFO (CarpetRegrid2): Centre 2 is at position [-0.987445,-0.770095,-9.91752e-17] with 7 levels
INFO (CarpetRegrid2): Centre 3 is not active
INFO (CarpetRegrid2): Refined regions have not changed sufficiently; skipping regridding
INFO (CarpetRegrid2): Centre 1 is at position [0.987445,0.770095,-3.30584e-17] with 7 levels
INFO (CarpetRegrid2): Centre 2 is at position [-0.987445,-0.770095,-9.91752e-17] with 7 levels
INFO (CarpetRegrid2): Centre 3 is not active
INFO (CarpetRegrid2): Refined regions have not changed sufficiently; skipping regridding
INFO (CarpetRegrid2): Centre 1 is at position [0.987445,0.770095,-3.30584e-17] with 7 levels
INFO (CarpetRegrid2): Centre 2 is at position [-0.987445,-0.770095,-9.91752e-17] with 7 levels
INFO (CarpetRegrid2): Centre 3 is not active
INFO (CarpetRegrid2): Refined regions have not changed sufficiently; skipping regridding
INFO (CarpetRegrid2): Centre 1 is at position [0.987445,0.770095,-3.30584e-17] with 7 levels
INFO (CarpetRegrid2): Centre 2 is at position [-0.987445,-0.770095,-9.91752e-17] with 7 levels
INFO (CarpetRegrid2): Centre 3 is not active
INFO (CarpetRegrid2): Refined regions have not changed sufficiently; skipping regridding
INFO (AHFinderDirect): proc 0: searching for horizons 1,5/6
INFO (AHFinderDirect): AH 4/6: r=48.989 at (-0.000000,-0.000000,-0.000000)
INFO (AHFinderDirect): AH 4/6: area=31415.9208 m_irreducible=24.99999772
INFO (AHFinderDirect): AH 1/6: r=0.385961 at (0.956014,0.809959,-0.000000)
INFO (AHFinderDirect): AH 1/6: area=13.43371654 m_irreducible=0.5169674061
INFO (AHFinderDirect): AH 2/6: r=0.385961 at (-0.956014,-0.809959,0.000000)
INFO (AHFinderDirect): AH 2/6: area=13.43371654 m_irreducible=0.5169674061
INFO (AHFinderDirect): AH 5/6: r=0.386362 at (0.956031,0.809922,-0.000000)
INFO (AHFinderDirect): AH 5/6: area=13.4450265 m_irreducible=0.5171849799
INFO (QuasiLocalMeasures): Calculating quasi-local quantities for surface    0
INFO (QuasiLocalMeasures): Importing from spherical surface    0
INFO (QuasiLocalMeasures): Geometric quantities for surface    0:
INFO (QuasiLocalMeasures):    Area A:                            13.4337
INFO (QuasiLocalMeasures):    Irreducible mass M = R/2:         0.516966
INFO (QuasiLocalMeasures):    Areal radius R = sqrt(A/4pi):      1.03393
INFO (QuasiLocalMeasures): Coordinate-dependent quantities for surface    0:
INFO (QuasiLocalMeasures):    Equatorial circumference:             6.56097
INFO (QuasiLocalMeasures):    Polar circumference at phi=0:         6.49209
INFO (QuasiLocalMeasures):    Polar circumference at phi=pi/2:      6.32201
INFO (QuasiLocalMeasures):    Spin guess J from distortion:        0.755562E-01
INFO (QuasiLocalMeasures):    Mass guess M from distortion:        0.522106
INFO (QuasiLocalMeasures): Isolated Horizon quantities for surface    0:
INFO (QuasiLocalMeasures):    Killing vector field eigenvalue norm:     0.999940
INFO (QuasiLocalMeasures):    Spin J:                                   0.176553E-03
INFO (QuasiLocalMeasures):    Kerr spin parameter a = J/M:              0.341518E-03
INFO (QuasiLocalMeasures):    Dimensionless spin parameter a = J/M^2:   0.660619E-03
INFO (QuasiLocalMeasures):    Spin J from NP:                          -0.463796E-01
INFO (QuasiLocalMeasures):    Spin J from phi-coordinate-vector:         0.00000
INFO (QuasiLocalMeasures):    Mass M:                                   0.516966
INFO (QuasiLocalMeasures): Global quantities for surface    0:
INFO (QuasiLocalMeasures):    ADM energy:                 -2.02581
INFO (QuasiLocalMeasures):    ADM momentum x:            -0.221687E-01
INFO (QuasiLocalMeasures):    ADM momentum y:             0.349522E-01
INFO (QuasiLocalMeasures):    ADM momentum z:             0.935795E-16
INFO (QuasiLocalMeasures):    ADM angular momentum x:     0.391509E-16
INFO (QuasiLocalMeasures):    ADM angular momentum y:    -0.371188E-16
INFO (QuasiLocalMeasures):    ADM angular momentum z:     0.404904E-01
INFO (QuasiLocalMeasures):    Landau-Lifshitz energy:                  4.52697
INFO (QuasiLocalMeasures):    Landau-Lifshitz momentum x:            -0.107051
INFO (QuasiLocalMeasures):    Landau-Lifshitz momentum y:             0.236967
INFO (QuasiLocalMeasures):    Landau-Lifshitz momentum z:            -0.403575E-16
INFO (QuasiLocalMeasures):    Landau-Lifshitz angular momentum x:     0.207637E-15
INFO (QuasiLocalMeasures):    Landau-Lifshitz angular momentum y:    -0.201100E-15
INFO (QuasiLocalMeasures):    Landau-Lifshitz angular momentum z:     0.392356
     2176     4.250 |   16.8790929 |    0.0000059 |    0.0001766 |    0.3830851 |    0.3825885 |         -nan |   48.9887757 |    0.3834850 |         -nan
INFO (CarpetRegrid2): Centre 1 is at position [0.956014,0.809959,-2.64462e-16] with 7 levels
INFO (CarpetRegrid2): Centre 2 is at position [-0.956014,-0.809959,2.31405e-16] with 7 levels
INFO (CarpetRegrid2): Centre 3 is not active
INFO (CarpetRegrid2): Refined regions have not changed sufficiently; skipping regridding
INFO (CarpetRegrid2): Centre 1 is at position [0.956014,0.809959,-2.64462e-16] with 7 levels
INFO (CarpetRegrid2): Centre 2 is at position [-0.956014,-0.809959,2.31405e-16] with 7 levels
INFO (CarpetRegrid2): Centre 3 is not active
INFO (CarpetRegrid2): Refined regions have not changed sufficiently; skipping regridding
INFO (CarpetRegrid2): Centre 1 is at position [0.956014,0.809959,-2.64462e-16] with 7 levels
INFO (CarpetRegrid2): Centre 2 is at position [-0.956014,-0.809959,2.31405e-16] with 7 levels
INFO (CarpetRegrid2): Centre 3 is not active
INFO (CarpetRegrid2): Refined regions have not changed sufficiently; skipping regridding
INFO (CarpetRegrid2): Centre 1 is at position [0.956014,0.809959,-2.64462e-16] with 7 levels
INFO (CarpetRegrid2): Centre 2 is at position [-0.956014,-0.809959,2.31405e-16] with 7 levels
INFO (CarpetRegrid2): Centre 3 is not active
INFO (CarpetRegrid2): Refined regions have not changed sufficiently; skipping regridding
INFO (CarpetRegrid2): Centre 1 is at position [0.956014,0.809959,-2.64462e-16] with 7 levels
INFO (CarpetRegrid2): Centre 2 is at position [-0.956014,-0.809959,2.31405e-16] with 7 levels
INFO (CarpetRegrid2): Centre 3 is not active
INFO (CarpetRegrid2): Refined regions have not changed sufficiently; skipping regridding
INFO (CarpetRegrid2): Centre 1 is at position [0.956014,0.809959,-2.64462e-16] with 7 levels
INFO (CarpetRegrid2): Centre 2 is at position [-0.956014,-0.809959,2.31405e-16] with 7 levels
INFO (CarpetRegrid2): Centre 3 is not active
INFO (CarpetRegrid2): Refined regions have not changed sufficiently; skipping regridding
INFO (CarpetRegrid2): Centre 1 is at position [0.956014,0.809959,-2.64462e-16] with 7 levels
INFO (CarpetRegrid2): Centre 2 is at position [-0.956014,-0.809959,2.31405e-16] with 7 levels
INFO (CarpetRegrid2): Centre 3 is not active
INFO (CarpetRegrid2): Refined regions have not changed sufficiently; skipping regridding
INFO (AHFinderDirect): proc 0: searching for horizons 1,5/6
INFO (AHFinderDirect): AH 4/6: r=48.9892 at (0.000000,-0.000000,-0.000000)
INFO (AHFinderDirect): AH 4/6: area=31415.92045 m_irreducible=24.99999758
INFO (AHFinderDirect): AH 1/6: r=0.38475 at (0.922566,0.846705,0.000000)
INFO (AHFinderDirect): AH 1/6: area=13.4338606 m_irreducible=0.516970178
INFO (AHFinderDirect): AH 2/6: r=0.38475 at (-0.922566,-0.846705,-0.000000)
INFO (AHFinderDirect): AH 2/6: area=13.4338606 m_irreducible=0.516970178
INFO (AHFinderDirect): AH 5/6: r=0.385149 at (0.922586,0.846669,-0.000000)
INFO (AHFinderDirect): AH 5/6: area=13.44509192 m_irreducible=0.5171862381
INFO (QuasiLocalMeasures): Calculating quasi-local quantities for surface    0
INFO (QuasiLocalMeasures): Importing from spherical surface    0
INFO (QuasiLocalMeasures): Geometric quantities for surface    0:
INFO (QuasiLocalMeasures):    Area A:                            13.4338
INFO (QuasiLocalMeasures):    Irreducible mass M = R/2:         0.516969
INFO (QuasiLocalMeasures):    Areal radius R = sqrt(A/4pi):      1.03394
INFO (QuasiLocalMeasures): Coordinate-dependent quantities for surface    0:
INFO (QuasiLocalMeasures):    Equatorial circumference:             6.56670
INFO (QuasiLocalMeasures):    Polar circumference at phi=0:         6.49234
INFO (QuasiLocalMeasures):    Polar circumference at phi=pi/2:      6.31670
INFO (QuasiLocalMeasures):    Spin guess J from distortion:        0.788344E-01
INFO (QuasiLocalMeasures):    Mass guess M from distortion:        0.522562
INFO (QuasiLocalMeasures): Isolated Horizon quantities for surface    0:
INFO (QuasiLocalMeasures):    Killing vector field eigenvalue norm:     0.999913
INFO (QuasiLocalMeasures):    Spin J:                                   0.178406E-03
INFO (QuasiLocalMeasures):    Kerr spin parameter a = J/M:              0.345100E-03
INFO (QuasiLocalMeasures):    Dimensionless spin parameter a = J/M^2:   0.667545E-03
INFO (QuasiLocalMeasures):    Spin J from NP:                          -0.482741E-01
INFO (QuasiLocalMeasures):    Spin J from phi-coordinate-vector:         0.00000
INFO (QuasiLocalMeasures):    Mass M:                                   0.516969
INFO (QuasiLocalMeasures): Global quantities for surface    0:
INFO (QuasiLocalMeasures):    ADM energy:                 -2.06179
INFO (QuasiLocalMeasures):    ADM momentum x:            -0.237601E-01
INFO (QuasiLocalMeasures):    ADM momentum y:             0.328102E-01
INFO (QuasiLocalMeasures):    ADM momentum z:            -0.106839E-12
INFO (QuasiLocalMeasures):    ADM angular momentum x:    -0.445022E-13
INFO (QuasiLocalMeasures):    ADM angular momentum y:     0.397776E-13
INFO (QuasiLocalMeasures):    ADM angular momentum z:     0.408587E-01
INFO (QuasiLocalMeasures):    Landau-Lifshitz energy:                  4.58695
INFO (QuasiLocalMeasures):    Landau-Lifshitz momentum x:            -0.122639
INFO (QuasiLocalMeasures):    Landau-Lifshitz momentum y:             0.229955
INFO (QuasiLocalMeasures):    Landau-Lifshitz momentum z:             0.123284E-12
INFO (QuasiLocalMeasures):    Landau-Lifshitz angular momentum x:    -0.141627E-12
INFO (QuasiLocalMeasures):    Landau-Lifshitz angular momentum y:     0.154123E-12
INFO (QuasiLocalMeasures):    Landau-Lifshitz angular momentum z:     0.390250
     2304     4.500 |   16.9538425 |    0.0000057 |    0.0001784 |    0.3813749 |    0.3808613 |         -nan |   48.9890153 |    0.3817736 |         -nan
INFO (CarpetRegrid2): Centre 1 is at position [0.922566,0.846705,1.9008e-16] with 7 levels
INFO (CarpetRegrid2): Centre 2 is at position [-0.922566,-0.846705,-1.9008e-16] with 7 levels
INFO (CarpetRegrid2): Centre 3 is not active
INFO (CarpetRegrid2): Refined regions have not changed sufficiently; skipping regridding
INFO (CarpetRegrid2): Centre 1 is at position [0.922566,0.846705,1.9008e-16] with 7 levels
INFO (CarpetRegrid2): Centre 2 is at position [-0.922566,-0.846705,-1.9008e-16] with 7 levels
INFO (CarpetRegrid2): Centre 3 is not active
INFO (CarpetRegrid2): Refined regions have not changed sufficiently; skipping regridding
INFO (CarpetRegrid2): Centre 1 is at position [0.922566,0.846705,1.9008e-16] with 7 levels
INFO (CarpetRegrid2): Centre 2 is at position [-0.922566,-0.846705,-1.9008e-16] with 7 levels
INFO (CarpetRegrid2): Centre 3 is not active
INFO (CarpetRegrid2): Refined regions have not changed sufficiently; skipping regridding
INFO (CarpetRegrid2): Centre 1 is at position [0.922566,0.846705,1.9008e-16] with 7 levels
INFO (CarpetRegrid2): Centre 2 is at position [-0.922566,-0.846705,-1.9008e-16] with 7 levels
INFO (CarpetRegrid2): Centre 3 is not active
INFO (CarpetRegrid2): Refined regions have not changed sufficiently; skipping regridding
INFO (CarpetRegrid2): Centre 1 is at position [0.922566,0.846705,1.9008e-16] with 7 levels
INFO (CarpetRegrid2): Centre 2 is at position [-0.922566,-0.846705,-1.9008e-16] with 7 levels
INFO (CarpetRegrid2): Centre 3 is not active
INFO (CarpetRegrid2): Refined regions have not changed sufficiently; skipping regridding
INFO (CarpetRegrid2): Centre 1 is at position [0.922566,0.846705,1.9008e-16] with 7 levels
INFO (CarpetRegrid2): Centre 2 is at position [-0.922566,-0.846705,-1.9008e-16] with 7 levels
INFO (CarpetRegrid2): Centre 3 is not active
INFO (CarpetRegrid2): Refined regions have not changed sufficiently; skipping regridding
INFO (CarpetRegrid2): Centre 1 is at position [0.922566,0.846705,1.9008e-16] with 7 levels
INFO (CarpetRegrid2): Centre 2 is at position [-0.922566,-0.846705,-1.9008e-16] with 7 levels
INFO (CarpetRegrid2): Centre 3 is not active
INFO (CarpetRegrid2): Refined regions have not changed sufficiently; skipping regridding
INFO (AHFinderDirect): proc 0: searching for horizons 1,5/6
INFO (AHFinderDirect): AH 4/6: r=48.9895 at (-0.000000,-0.000000,0.000000)
INFO (AHFinderDirect): AH 4/6: area=31415.92011 m_irreducible=24.99999744
INFO (AHFinderDirect): AH 1/6: r=0.383078 at (0.887292,0.880412,-0.000000)
INFO (AHFinderDirect): AH 1/6: area=13.43416362 m_irreducible=0.5169760085
INFO (AHFinderDirect): AH 2/6: r=0.383078 at (-0.887292,-0.880412,-0.000000)
INFO (AHFinderDirect): AH 2/6: area=13.43416362 m_irreducible=0.5169760085
INFO (AHFinderDirect): AH 5/6: r=0.383476 at (0.887315,0.880377,0.000000)
INFO (AHFinderDirect): AH 5/6: area=13.44530552 m_irreducible=0.5171903464
INFO (QuasiLocalMeasures): Calculating quasi-local quantities for surface    0
INFO (QuasiLocalMeasures): Importing from spherical surface    0
WARNING level 3 in thorn QuasiLocalMeasures processor 0 host nid07855
  (line 120 of qlm_killing_transport.F90): 
  -> Did not manage to find an eigenvector with the eigenvalue 1
INFO (QuasiLocalMeasures): Geometric quantities for surface    0:
INFO (QuasiLocalMeasures):    Area A:                            13.4341
INFO (QuasiLocalMeasures):    Irreducible mass M = R/2:         0.516975
INFO (QuasiLocalMeasures):    Areal radius R = sqrt(A/4pi):      1.03395
INFO (QuasiLocalMeasures): Coordinate-dependent quantities for surface    0:
INFO (QuasiLocalMeasures):    Equatorial circumference:             6.57198
INFO (QuasiLocalMeasures):    Polar circumference at phi=0:         6.49152
INFO (QuasiLocalMeasures):    Polar circumference at phi=pi/2:      6.31312
INFO (QuasiLocalMeasures):    Spin guess J from distortion:        0.817197E-01
INFO (QuasiLocalMeasures):    Mass guess M from distortion:        0.522982
INFO (QuasiLocalMeasures): Isolated Horizon quantities for surface    0:
INFO (QuasiLocalMeasures):    Killing vector field eigenvalue norm:     0.999892
INFO (QuasiLocalMeasures):    Spin J:                                   0.176707E-03
INFO (QuasiLocalMeasures):    Kerr spin parameter a = J/M:              0.341809E-03
INFO (QuasiLocalMeasures):    Dimensionless spin parameter a = J/M^2:   0.661172E-03
INFO (QuasiLocalMeasures):    Spin J from NP:                          -0.497733E-01
INFO (QuasiLocalMeasures):    Spin J from phi-coordinate-vector:         0.00000
INFO (QuasiLocalMeasures):    Mass M:                                   0.516975
INFO (QuasiLocalMeasures): Global quantities for surface    0:
INFO (QuasiLocalMeasures):    ADM energy:                 -2.10467
INFO (QuasiLocalMeasures):    ADM momentum x:            -0.251773E-01
INFO (QuasiLocalMeasures):    ADM momentum y:             0.305931E-01
INFO (QuasiLocalMeasures):    ADM momentum z:            -0.126863E-16
INFO (QuasiLocalMeasures):    ADM angular momentum x:    -0.574418E-17
INFO (QuasiLocalMeasures):    ADM angular momentum y:     0.379591E-17
INFO (QuasiLocalMeasures):    ADM angular momentum z:     0.413235E-01
INFO (QuasiLocalMeasures):    Landau-Lifshitz energy:                  4.66185
INFO (QuasiLocalMeasures):    Landau-Lifshitz momentum x:            -0.138703
INFO (QuasiLocalMeasures):    Landau-Lifshitz momentum y:             0.223002
INFO (QuasiLocalMeasures):    Landau-Lifshitz momentum z:             0.105657E-15
INFO (QuasiLocalMeasures):    Landau-Lifshitz angular momentum x:     0.215085E-16
INFO (QuasiLocalMeasures):    Landau-Lifshitz angular momentum y:    -0.133906E-16
INFO (QuasiLocalMeasures):    Landau-Lifshitz angular momentum z:     0.388550
     2432     4.750 |   17.0452363 |    0.0000055 |    0.0001767 |    0.3792367 |    0.3787087 |         -nan |   48.9892687 |    0.3796338 |         -nan
INFO (CarpetRegrid2): Centre 1 is at position [0.887292,0.880412,-2.47925e-17] with 7 levels
INFO (CarpetRegrid2): Centre 2 is at position [-0.887292,-0.880412,-8.26418e-18] with 7 levels
INFO (CarpetRegrid2): Centre 3 is not active
INFO (CarpetRegrid2): Regridding level 0 map 0 at iteration 2433 time 5
INFO (CarpetRegrid2): Regridding levels 2 and up
INFO (CarpetRegrid2): Enforcing grid structure properties, iteration 0
INFO (CarpetRegrid2): Enforcing grid structure properties, iteration 1
INFO (CarpetRegrid2): Enforcing grid structure properties, iteration 0
INFO (CarpetRegrid2): Enforcing grid structure properties, iteration 1
INFO (CarpetRegrid2): Enforcing grid structure properties, iteration 0
INFO (CarpetRegrid2): Enforcing grid structure properties, iteration 1
INFO (CarpetRegrid2): Enforcing grid structure properties, iteration 0
INFO (CarpetRegrid2): Enforcing grid structure properties, iteration 1
INFO (CarpetRegrid2): Enforcing grid structure properties, iteration 0
INFO (CarpetRegrid2): Enforcing grid structure properties, iteration 1
INFO (Carpet): Grid structure (superregions, grid points):
   [0][0][0]   exterior: [0,0,0] : [65,124,65]   ([66,125,66] + PADDING) 544500
   [1][0][0]   exterior: [3,50,3] : [80,198,79]   ([78,149,77] + PADDING) 894894
   [2][0][0]   exterior: [9,205,9] : [55,291,53]   ([47,87,45] + PADDING) 184005
   [3][0][0]   exterior: [21,451,21] : [69,541,65]   ([49,91,45] + PADDING) 200655
   [4][0][0]   exterior: [45,944,45] : [96,1040,89]   ([52,97,45] + PADDING) 226980
   [5][0][0]   exterior: [93,1929,93] : [123,1956,137]   ([31,28,45] + PADDING) 39060
   [5][0][1]   exterior: [93,1957,93] : [151,2039,137]   ([59,83,45] + PADDING) 220365
   [6][0][0]   exterior: [189,3899,189] : [205,3954,233]   ([17,56,45] + PADDING) 42840
   [6][0][1]   exterior: [189,3955,189] : [261,4037,233]   ([73,83,45] + PADDING) 272655
INFO (Carpet): Grid structure (superregions, coordinates):
   [0][0][0]   exterior: [-6.000,-124.000,-6.000] : [124.000,124.000,124.000] : [2.000,2.000,2.000]
   [1][0][0]   exterior: [-3.000,-74.000,-3.000] : [74.000,74.000,73.000] : [1.000,1.000,1.000]
   [2][0][0]   exterior: [-1.500,-21.500,-1.500] : [21.500,21.500,20.500] : [0.500,0.500,0.500]
   [3][0][0]   exterior: [-0.750,-11.250,-0.750] : [11.250,11.250,10.250] : [0.250,0.250,0.250]
   [4][0][0]   exterior: [-0.375,-6.000,-0.375] : [6.000,6.000,5.125] : [0.125,0.125,0.125]
   [5][0][0]   exterior: [-0.188,-3.438,-0.188] : [1.688,-1.750,2.562] : [0.062,0.062,0.062]
   [5][0][1]   exterior: [-0.188,-1.688,-0.188] : [3.438,3.438,2.562] : [0.062,0.062,0.062]
   [6][0][0]   exterior: [-0.094,-2.156,-0.094] : [0.406,-0.438,1.281] : [0.031,0.031,0.031]
   [6][0][1]   exterior: [-0.094,-0.406,-0.094] : [2.156,2.156,1.281] : [0.031,0.031,0.031]
INFO (Carpet): Global grid structure statistics:
INFO (Carpet): GF: rhs: 272k active, 512k owned (+88%), 871k total (+70%), 128 steps/time
INFO (Carpet): GF: vars: 271, pts: 412M active, 622M owned (+51%), 1007M total (+62%), 1.0 comp/proc
INFO (Carpet): GA: vars: 1508, pts: 10M active, 10M total (+0%)
INFO (Carpet): Total required memory: 8.153 GByte (for GAs and currently active GFs)
INFO (Carpet): Load balance:  min     avg     max     sdv     max/avg-1
INFO (Carpet): Level  0:      14M     15M     16M      1M owned      8%
INFO (Carpet): Level  1:      27M     28M     30M      1M owned      6%
INFO (Carpet): Level  2:       5M      5M      6M      0M owned      6%
INFO (Carpet): Level  3:       6M      6M      6M      0M owned      5%
INFO (Carpet): Level  4:       6M      7M      7M      0M owned      9%
INFO (Carpet): Level  5:       4M      8M      9M      2M owned     20%
INFO (Carpet): Level  6:       9M      9M     10M      1M owned      9%
INFO (AHFinderDirect): proc 0: searching for horizons 1,5/6
INFO (AHFinderDirect): AH 4/6: r=48.9897 at (0.000000,0.000000,0.000000)
INFO (AHFinderDirect): AH 4/6: area=31415.91977 m_irreducible=24.99999731
INFO (AHFinderDirect): AH 1/6: r=0.381063 at (0.850382,0.911182,-0.000000)
INFO (AHFinderDirect): AH 1/6: area=13.43459627 m_irreducible=0.5169843331
INFO (AHFinderDirect): AH 2/6: r=0.381063 at (-0.850382,-0.911182,-0.000000)
INFO (AHFinderDirect): AH 2/6: area=13.43459627 m_irreducible=0.5169843331
INFO (AHFinderDirect): AH 5/6: r=0.381459 at (0.850407,0.911149,-0.000000)
INFO (AHFinderDirect): AH 5/6: area=13.44563653 m_irreducible=0.5171967126
INFO (QuasiLocalMeasures): Calculating quasi-local quantities for surface    0
INFO (QuasiLocalMeasures): Importing from spherical surface    0
WARNING level 3 in thorn QuasiLocalMeasures processor 0 host nid07855
  (line 120 of qlm_killing_transport.F90): 
  -> Did not manage to find an eigenvector with the eigenvalue 1
INFO (QuasiLocalMeasures): Geometric quantities for surface    0:
INFO (QuasiLocalMeasures):    Area A:                            13.4345
INFO (QuasiLocalMeasures):    Irreducible mass M = R/2:         0.516983
INFO (QuasiLocalMeasures):    Areal radius R = sqrt(A/4pi):      1.03397
INFO (QuasiLocalMeasures): Coordinate-dependent quantities for surface    0:
INFO (QuasiLocalMeasures):    Equatorial circumference:             6.57673
INFO (QuasiLocalMeasures):    Polar circumference at phi=0:         6.48991
INFO (QuasiLocalMeasures):    Polar circumference at phi=pi/2:      6.31103
INFO (QuasiLocalMeasures):    Spin guess J from distortion:        0.842136E-01
INFO (QuasiLocalMeasures):    Mass guess M from distortion:        0.523359
INFO (QuasiLocalMeasures): Isolated Horizon quantities for surface    0:
INFO (QuasiLocalMeasures):    Killing vector field eigenvalue norm:     0.999866
INFO (QuasiLocalMeasures):    Spin J:                                   0.172977E-03
INFO (QuasiLocalMeasures):    Kerr spin parameter a = J/M:              0.334589E-03
INFO (QuasiLocalMeasures):    Dimensionless spin parameter a = J/M^2:   0.647195E-03
INFO (QuasiLocalMeasures):    Spin J from NP:                          -0.509955E-01
INFO (QuasiLocalMeasures):    Spin J from phi-coordinate-vector:         0.00000
INFO (QuasiLocalMeasures):    Mass M:                                   0.516983
INFO (QuasiLocalMeasures): Global quantities for surface    0:
INFO (QuasiLocalMeasures):    ADM energy:                 -2.15258
INFO (QuasiLocalMeasures):    ADM momentum x:            -0.264423E-01
INFO (QuasiLocalMeasures):    ADM momentum y:             0.283747E-01
INFO (QuasiLocalMeasures):    ADM momentum z:            -0.133729E-17
INFO (QuasiLocalMeasures):    ADM angular momentum x:    -0.104507E-17
INFO (QuasiLocalMeasures):    ADM angular momentum y:     0.115218E-17
INFO (QuasiLocalMeasures):    ADM angular momentum z:     0.418165E-01
INFO (QuasiLocalMeasures):    Landau-Lifshitz energy:                  4.74771
INFO (QuasiLocalMeasures):    Landau-Lifshitz momentum x:            -0.154953
INFO (QuasiLocalMeasures):    Landau-Lifshitz momentum y:             0.215911
INFO (QuasiLocalMeasures):    Landau-Lifshitz momentum z:             0.591197E-16
INFO (QuasiLocalMeasures):    Landau-Lifshitz angular momentum x:     0.457008E-16
INFO (QuasiLocalMeasures):    Landau-Lifshitz angular momentum y:    -0.337027E-16
INFO (QuasiLocalMeasures):    Landau-Lifshitz angular momentum z:     0.387251
----------------------------------------------------------------------------------------------------------------------------------------------------------
Iteration      Time | *me_per_hour | *STRAINTS::H | *qlm_spin[0] | *f_radius[0] | *f_radius[1] | *f_radius[2] | *f_radius[3] | *f_radius[4] | *f_radius[5]
                    |              |        norm2 |              |        norm2 |        norm2 |        norm2 |        norm2 |        norm2 |        norm2
----------------------------------------------------------------------------------------------------------------------------------------------------------
     2560     5.000 |   16.9144704 |    0.0000054 |    0.0001730 |    0.3768004 |    0.3762614 |         -nan |   48.9895358 |    0.3771954 |         -nan
INFO (CarpetRegrid2): Centre 1 is at position [0.850382,0.911182,-2.47917e-17] with 7 levels
INFO (CarpetRegrid2): Centre 2 is at position [-0.850382,-0.911182,-5.78474e-17] with 7 levels
INFO (CarpetRegrid2): Centre 3 is not active
INFO (CarpetRegrid2): Refined regions have not changed sufficiently; skipping regridding
INFO (CarpetRegrid2): Centre 1 is at position [0.850382,0.911182,-2.47917e-17] with 7 levels
INFO (CarpetRegrid2): Centre 2 is at position [-0.850382,-0.911182,-5.78474e-17] with 7 levels
INFO (CarpetRegrid2): Centre 3 is not active
INFO (CarpetRegrid2): Refined regions have not changed sufficiently; skipping regridding
INFO (CarpetRegrid2): Centre 1 is at position [0.850382,0.911182,-2.47917e-17] with 7 levels
INFO (CarpetRegrid2): Centre 2 is at position [-0.850382,-0.911182,-5.78474e-17] with 7 levels
INFO (CarpetRegrid2): Centre 3 is not active
INFO (CarpetRegrid2): Refined regions have not changed sufficiently; skipping regridding
INFO (CarpetRegrid2): Centre 1 is at position [0.850382,0.911182,-2.47917e-17] with 7 levels
INFO (CarpetRegrid2): Centre 2 is at position [-0.850382,-0.911182,-5.78474e-17] with 7 levels
INFO (CarpetRegrid2): Centre 3 is not active
INFO (CarpetRegrid2): Refined regions have not changed sufficiently; skipping regridding
INFO (CarpetRegrid2): Centre 1 is at position [0.850382,0.911182,-2.47917e-17] with 7 levels
INFO (CarpetRegrid2): Centre 2 is at position [-0.850382,-0.911182,-5.78474e-17] with 7 levels
INFO (CarpetRegrid2): Centre 3 is not active
INFO (CarpetRegrid2): Refined regions have not changed sufficiently; skipping regridding
INFO (CarpetRegrid2): Centre 1 is at position [0.850382,0.911182,-2.47917e-17] with 7 levels
INFO (CarpetRegrid2): Centre 2 is at position [-0.850382,-0.911182,-5.78474e-17] with 7 levels
INFO (CarpetRegrid2): Centre 3 is not active
INFO (CarpetRegrid2): Refined regions have not changed sufficiently; skipping regridding
INFO (CarpetRegrid2): Centre 1 is at position [0.850382,0.911182,-2.47917e-17] with 7 levels
INFO (CarpetRegrid2): Centre 2 is at position [-0.850382,-0.911182,-5.78474e-17] with 7 levels
INFO (CarpetRegrid2): Centre 3 is not active
INFO (CarpetRegrid2): Refined regions have not changed sufficiently; skipping regridding
INFO (AHFinderDirect): proc 0: searching for horizons 1,5/6
INFO (AHFinderDirect): AH 4/6: r=48.99 at (-0.000000,0.000000,-0.000000)
INFO (AHFinderDirect): AH 4/6: area=31415.91943 m_irreducible=24.99999717
INFO (AHFinderDirect): AH 1/6: r=0.378786 at (0.812018,0.939119,-0.000000)
INFO (AHFinderDirect): AH 1/6: area=13.43472769 m_irreducible=0.5169868616
INFO (AHFinderDirect): AH 2/6: r=0.378786 at (-0.812018,-0.939119,-0.000000)
INFO (AHFinderDirect): AH 2/6: area=13.43472769 m_irreducible=0.5169868616
INFO (AHFinderDirect): AH 5/6: r=0.37918 at (0.812046,0.939087,-0.000000)
INFO (AHFinderDirect): AH 5/6: area=13.4456634 m_irreducible=0.5171972295
INFO (QuasiLocalMeasures): Calculating quasi-local quantities for surface    0
INFO (QuasiLocalMeasures): Importing from spherical surface    0
WARNING level 3 in thorn QuasiLocalMeasures processor 0 host nid07855
  (line 120 of qlm_killing_transport.F90): 
  -> Did not manage to find an eigenvector with the eigenvalue 1
INFO (QuasiLocalMeasures): Geometric quantities for surface    0:
INFO (QuasiLocalMeasures):    Area A:                            13.4347
INFO (QuasiLocalMeasures):    Irreducible mass M = R/2:         0.516986
INFO (QuasiLocalMeasures):    Areal radius R = sqrt(A/4pi):      1.03397
INFO (QuasiLocalMeasures): Coordinate-dependent quantities for surface    0:
INFO (QuasiLocalMeasures):    Equatorial circumference:             6.58077
INFO (QuasiLocalMeasures):    Polar circumference at phi=0:         6.48769
INFO (QuasiLocalMeasures):    Polar circumference at phi=pi/2:      6.30995
INFO (QuasiLocalMeasures):    Spin guess J from distortion:        0.863098E-01
INFO (QuasiLocalMeasures):    Mass guess M from distortion:        0.523681
INFO (QuasiLocalMeasures): Isolated Horizon quantities for surface    0:
INFO (QuasiLocalMeasures):    Killing vector field eigenvalue norm:     0.999895
INFO (QuasiLocalMeasures):    Spin J:                                   0.168765E-03
INFO (QuasiLocalMeasures):    Kerr spin parameter a = J/M:              0.326440E-03
INFO (QuasiLocalMeasures):    Dimensionless spin parameter a = J/M^2:   0.631430E-03
INFO (QuasiLocalMeasures):    Spin J from NP:                          -0.519170E-01
INFO (QuasiLocalMeasures):    Spin J from phi-coordinate-vector:         0.00000
INFO (QuasiLocalMeasures):    Mass M:                                   0.516986
INFO (QuasiLocalMeasures): Global quantities for surface    0:
INFO (QuasiLocalMeasures):    ADM energy:                 -2.20417
INFO (QuasiLocalMeasures):    ADM momentum x:            -0.275763E-01
INFO (QuasiLocalMeasures):    ADM momentum y:             0.262104E-01
INFO (QuasiLocalMeasures):    ADM momentum z:            -0.336000E-14
INFO (QuasiLocalMeasures):    ADM angular momentum x:    -0.177624E-14
INFO (QuasiLocalMeasures):    ADM angular momentum y:     0.125920E-14
INFO (QuasiLocalMeasures):    ADM angular momentum z:     0.422783E-01
INFO (QuasiLocalMeasures):    Landau-Lifshitz energy:                  4.84145
INFO (QuasiLocalMeasures):    Landau-Lifshitz momentum x:            -0.171104
INFO (QuasiLocalMeasures):    Landau-Lifshitz momentum y:             0.208531
INFO (QuasiLocalMeasures):    Landau-Lifshitz momentum z:             0.120360E-14
INFO (QuasiLocalMeasures):    Landau-Lifshitz angular momentum x:    -0.381578E-14
INFO (QuasiLocalMeasures):    Landau-Lifshitz angular momentum y:     0.364980E-14
INFO (QuasiLocalMeasures):    Landau-Lifshitz angular momentum z:     0.386328
     2688     5.250 |   16.9836691 |    0.0000052 |    0.0001688 |    0.3741600 |    0.3736144 |         -nan |   48.9898166 |    0.3745527 |         -nan
INFO (CarpetRegrid2): Centre 1 is at position [0.812018,0.939119,-2.31387e-16] with 7 levels
INFO (CarpetRegrid2): Centre 2 is at position [-0.812018,-0.939119,-6.61106e-17] with 7 levels
INFO (CarpetRegrid2): Centre 3 is not active
INFO (CarpetRegrid2): Refined regions have not changed sufficiently; skipping regridding
INFO (CarpetRegrid2): Centre 1 is at position [0.812018,0.939119,-2.31387e-16] with 7 levels
INFO (CarpetRegrid2): Centre 2 is at position [-0.812018,-0.939119,-6.61106e-17] with 7 levels
INFO (CarpetRegrid2): Centre 3 is not active
INFO (CarpetRegrid2): Refined regions have not changed sufficiently; skipping regridding
INFO (CarpetRegrid2): Centre 1 is at position [0.812018,0.939119,-2.31387e-16] with 7 levels
INFO (CarpetRegrid2): Centre 2 is at position [-0.812018,-0.939119,-6.61106e-17] with 7 levels
INFO (CarpetRegrid2): Centre 3 is not active
INFO (CarpetRegrid2): Refined regions have not changed sufficiently; skipping regridding
INFO (CarpetRegrid2): Centre 1 is at position [0.812018,0.939119,-2.31387e-16] with 7 levels
INFO (CarpetRegrid2): Centre 2 is at position [-0.812018,-0.939119,-6.61106e-17] with 7 levels
INFO (CarpetRegrid2): Centre 3 is not active
INFO (CarpetRegrid2): Refined regions have not changed sufficiently; skipping regridding
INFO (CarpetRegrid2): Centre 1 is at position [0.812018,0.939119,-2.31387e-16] with 7 levels
INFO (CarpetRegrid2): Centre 2 is at position [-0.812018,-0.939119,-6.61106e-17] with 7 levels
INFO (CarpetRegrid2): Centre 3 is not active
INFO (CarpetRegrid2): Refined regions have not changed sufficiently; skipping regridding
INFO (CarpetRegrid2): Centre 1 is at position [0.812018,0.939119,-2.31387e-16] with 7 levels
INFO (CarpetRegrid2): Centre 2 is at position [-0.812018,-0.939119,-6.61106e-17] with 7 levels
INFO (CarpetRegrid2): Centre 3 is not active
INFO (CarpetRegrid2): Refined regions have not changed sufficiently; skipping regridding
INFO (CarpetRegrid2): Centre 1 is at position [0.812018,0.939119,-2.31387e-16] with 7 levels
INFO (CarpetRegrid2): Centre 2 is at position [-0.812018,-0.939119,-6.61106e-17] with 7 levels
INFO (CarpetRegrid2): Centre 3 is not active
INFO (CarpetRegrid2): Refined regions have not changed sufficiently; skipping regridding
INFO (AHFinderDirect): proc 0: searching for horizons 1,5/6
INFO (AHFinderDirect): AH 4/6: r=48.9903 at (0.000000,0.000000,-0.000000)
INFO (AHFinderDirect): AH 4/6: area=31415.91909 m_irreducible=24.99999704
INFO (AHFinderDirect): AH 1/6: r=0.376345 at (0.772380,0.964344,0.000000)
INFO (AHFinderDirect): AH 1/6: area=13.43500443 m_irreducible=0.5169921863
INFO (AHFinderDirect): AH 2/6: r=0.376345 at (-0.772380,-0.964344,-0.000000)
INFO (AHFinderDirect): AH 2/6: area=13.43500443 m_irreducible=0.5169921863
INFO (AHFinderDirect): AH 5/6: r=0.376737 at (0.772411,0.964314,-0.000000)
INFO (AHFinderDirect): AH 5/6: area=13.44584091 m_irreducible=0.5172006435
INFO (QuasiLocalMeasures): Calculating quasi-local quantities for surface    0
INFO (QuasiLocalMeasures): Importing from spherical surface    0
INFO (QuasiLocalMeasures): Geometric quantities for surface    0:
INFO (QuasiLocalMeasures):    Area A:                            13.4349
INFO (QuasiLocalMeasures):    Irreducible mass M = R/2:         0.516991
INFO (QuasiLocalMeasures):    Areal radius R = sqrt(A/4pi):      1.03398
INFO (QuasiLocalMeasures): Coordinate-dependent quantities for surface    0:
INFO (QuasiLocalMeasures):    Equatorial circumference:             6.58417
INFO (QuasiLocalMeasures):    Polar circumference at phi=0:         6.48528
INFO (QuasiLocalMeasures):    Polar circumference at phi=pi/2:      6.31003
INFO (QuasiLocalMeasures):    Spin guess J from distortion:        0.880132E-01
INFO (QuasiLocalMeasures):    Mass guess M from distortion:        0.523951
INFO (QuasiLocalMeasures): Isolated Horizon quantities for surface    0:
INFO (QuasiLocalMeasures):    Killing vector field eigenvalue norm:     0.999901
INFO (QuasiLocalMeasures):    Spin J:                                   0.161850E-03
INFO (QuasiLocalMeasures):    Kerr spin parameter a = J/M:              0.313062E-03
INFO (QuasiLocalMeasures):    Dimensionless spin parameter a = J/M^2:   0.605547E-03
INFO (QuasiLocalMeasures):    Spin J from NP:                          -0.526418E-01
INFO (QuasiLocalMeasures):    Spin J from phi-coordinate-vector:         0.00000
INFO (QuasiLocalMeasures):    Mass M:                                   0.516991
INFO (QuasiLocalMeasures): Global quantities for surface    0:
INFO (QuasiLocalMeasures):    ADM energy:                 -2.25788
INFO (QuasiLocalMeasures):    ADM momentum x:            -0.286009E-01
INFO (QuasiLocalMeasures):    ADM momentum y:             0.241282E-01
INFO (QuasiLocalMeasures):    ADM momentum z:            -0.404237E-13
INFO (QuasiLocalMeasures):    ADM angular momentum x:    -0.228897E-13
INFO (QuasiLocalMeasures):    ADM angular momentum y:     0.149707E-13
INFO (QuasiLocalMeasures):    ADM angular momentum z:     0.426582E-01
INFO (QuasiLocalMeasures):    Landau-Lifshitz energy:                  4.94019
INFO (QuasiLocalMeasures):    Landau-Lifshitz momentum x:            -0.186882
INFO (QuasiLocalMeasures):    Landau-Lifshitz momentum y:             0.200709
INFO (QuasiLocalMeasures):    Landau-Lifshitz momentum z:             0.290911E-14
INFO (QuasiLocalMeasures):    Landau-Lifshitz angular momentum x:    -0.448612E-13
INFO (QuasiLocalMeasures):    Landau-Lifshitz angular momentum y:     0.405737E-13
INFO (QuasiLocalMeasures):    Landau-Lifshitz angular momentum z:     0.385663
     2816     5.500 |   17.0312891 |    0.0000050 |    0.0001619 |    0.3714209 |    0.3708736 |         -nan |   48.9901111 |    0.3718114 |         -nan
INFO (CarpetRegrid2): Centre 1 is at position [0.77238,0.964344,1.48746e-16] with 7 levels
INFO (CarpetRegrid2): Centre 2 is at position [-0.77238,-0.964344,-1.07428e-16] with 7 levels
INFO (CarpetRegrid2): Centre 3 is not active
INFO (CarpetRegrid2): Refined regions have not changed sufficiently; skipping regridding
INFO (CarpetRegrid2): Centre 1 is at position [0.77238,0.964344,1.48746e-16] with 7 levels
INFO (CarpetRegrid2): Centre 2 is at position [-0.77238,-0.964344,-1.07428e-16] with 7 levels
INFO (CarpetRegrid2): Centre 3 is not active
INFO (CarpetRegrid2): Refined regions have not changed sufficiently; skipping regridding
INFO (CarpetRegrid2): Centre 1 is at position [0.77238,0.964344,1.48746e-16] with 7 levels
INFO (CarpetRegrid2): Centre 2 is at position [-0.77238,-0.964344,-1.07428e-16] with 7 levels
INFO (CarpetRegrid2): Centre 3 is not active
INFO (CarpetRegrid2): Refined regions have not changed sufficiently; skipping regridding
INFO (CarpetRegrid2): Centre 1 is at position [0.77238,0.964344,1.48746e-16] with 7 levels
INFO (CarpetRegrid2): Centre 2 is at position [-0.77238,-0.964344,-1.07428e-16] with 7 levels
INFO (CarpetRegrid2): Centre 3 is not active
INFO (CarpetRegrid2): Refined regions have not changed sufficiently; skipping regridding
INFO (CarpetRegrid2): Centre 1 is at position [0.77238,0.964344,1.48746e-16] with 7 levels
INFO (CarpetRegrid2): Centre 2 is at position [-0.77238,-0.964344,-1.07428e-16] with 7 levels
INFO (CarpetRegrid2): Centre 3 is not active
INFO (CarpetRegrid2): Refined regions have not changed sufficiently; skipping regridding
INFO (CarpetRegrid2): Centre 1 is at position [0.77238,0.964344,1.48746e-16] with 7 levels
INFO (CarpetRegrid2): Centre 2 is at position [-0.77238,-0.964344,-1.07428e-16] with 7 levels
INFO (CarpetRegrid2): Centre 3 is not active
INFO (CarpetRegrid2): Refined regions have not changed sufficiently; skipping regridding
INFO (CarpetRegrid2): Centre 1 is at position [0.77238,0.964344,1.48746e-16] with 7 levels
INFO (CarpetRegrid2): Centre 2 is at position [-0.77238,-0.964344,-1.07428e-16] with 7 levels
INFO (CarpetRegrid2): Centre 3 is not active
INFO (CarpetRegrid2): Refined regions have not changed sufficiently; skipping regridding
INFO (AHFinderDirect): proc 0: searching for horizons 1,5/6
INFO (AHFinderDirect): AH 4/6: r=48.9906 at (0.000000,0.000000,-0.000000)
INFO (AHFinderDirect): AH 4/6: area=31415.91875 m_irreducible=24.9999969
INFO (AHFinderDirect): AH 1/6: r=0.373811 at (0.731634,0.986969,-0.000000)
INFO (AHFinderDirect): AH 1/6: area=13.43550613 m_irreducible=0.5170018392
INFO (AHFinderDirect): AH 2/6: r=0.373811 at (-0.731634,-0.986969,0.000000)
INFO (AHFinderDirect): AH 2/6: area=13.43550613 m_irreducible=0.5170018392
INFO (AHFinderDirect): AH 5/6: r=0.374201 at (0.731667,0.986941,0.000000)
INFO (AHFinderDirect): AH 5/6: area=13.44623839 m_irreducible=0.517208288
INFO (QuasiLocalMeasures): Calculating quasi-local quantities for surface    0
INFO (QuasiLocalMeasures): Importing from spherical surface    0
WARNING level 3 in thorn QuasiLocalMeasures processor 0 host nid07855
  (line 120 of qlm_killing_transport.F90): 
  -> Did not manage to find an eigenvector with the eigenvalue 1
INFO (QuasiLocalMeasures): Geometric quantities for surface    0:
INFO (QuasiLocalMeasures):    Area A:                            13.4354
INFO (QuasiLocalMeasures):    Irreducible mass M = R/2:         0.517000
INFO (QuasiLocalMeasures):    Areal radius R = sqrt(A/4pi):      1.03400
INFO (QuasiLocalMeasures): Coordinate-dependent quantities for surface    0:
INFO (QuasiLocalMeasures):    Equatorial circumference:             6.58686
INFO (QuasiLocalMeasures):    Polar circumference at phi=0:         6.48288
INFO (QuasiLocalMeasures):    Polar circumference at phi=pi/2:      6.31100
INFO (QuasiLocalMeasures):    Spin guess J from distortion:        0.893092E-01
INFO (QuasiLocalMeasures):    Mass guess M from distortion:        0.524166
INFO (QuasiLocalMeasures): Isolated Horizon quantities for surface    0:
INFO (QuasiLocalMeasures):    Killing vector field eigenvalue norm:     0.999865
INFO (QuasiLocalMeasures):    Spin J:                                   0.153917E-03
INFO (QuasiLocalMeasures):    Kerr spin parameter a = J/M:              0.297712E-03
INFO (QuasiLocalMeasures):    Dimensionless spin parameter a = J/M^2:   0.575845E-03
INFO (QuasiLocalMeasures):    Spin J from NP:                          -0.531695E-01
INFO (QuasiLocalMeasures):    Spin J from phi-coordinate-vector:         0.00000
INFO (QuasiLocalMeasures):    Mass M:                                   0.517000
INFO (QuasiLocalMeasures): Global quantities for surface    0:
INFO (QuasiLocalMeasures):    ADM energy:                 -2.31257
INFO (QuasiLocalMeasures):    ADM momentum x:            -0.295322E-01
INFO (QuasiLocalMeasures):    ADM momentum y:             0.221456E-01
INFO (QuasiLocalMeasures):    ADM momentum z:             0.312198E-13
INFO (QuasiLocalMeasures):    ADM angular momentum x:     0.187612E-13
INFO (QuasiLocalMeasures):    ADM angular momentum y:    -0.113074E-13
INFO (QuasiLocalMeasures):    ADM angular momentum z:     0.429227E-01
INFO (QuasiLocalMeasures):    Landau-Lifshitz energy:                  5.04156
INFO (QuasiLocalMeasures):    Landau-Lifshitz momentum x:            -0.202048
INFO (QuasiLocalMeasures):    Landau-Lifshitz momentum y:             0.192347
INFO (QuasiLocalMeasures):    Landau-Lifshitz momentum z:             0.705484E-14
INFO (QuasiLocalMeasures):    Landau-Lifshitz angular momentum x:     0.329594E-13
INFO (QuasiLocalMeasures):    Landau-Lifshitz angular momentum y:    -0.286355E-13
INFO (QuasiLocalMeasures):    Landau-Lifshitz angular momentum z:     0.385154
     2944     5.750 |   17.1042673 |    0.0000050 |    0.0001539 |    0.3686599 |    0.3681162 |         -nan |   48.9904193 |    0.3690479 |         -nan
INFO (CarpetRegrid2): Centre 1 is at position [0.731634,0.986969,-1.40477e-16] with 7 levels
INFO (CarpetRegrid2): Centre 2 is at position [-0.731634,-0.986969,1.57004e-16] with 7 levels
INFO (CarpetRegrid2): Centre 3 is not active
INFO (CarpetRegrid2): Regridding level 0 map 0 at iteration 2945 time 6
INFO (CarpetRegrid2): Regridding levels 2 and up
INFO (CarpetRegrid2): Enforcing grid structure properties, iteration 0
INFO (CarpetRegrid2): Enforcing grid structure properties, iteration 1
INFO (CarpetRegrid2): Enforcing grid structure properties, iteration 0
INFO (CarpetRegrid2): Enforcing grid structure properties, iteration 1
INFO (CarpetRegrid2): Enforcing grid structure properties, iteration 0
INFO (CarpetRegrid2): Enforcing grid structure properties, iteration 1
INFO (CarpetRegrid2): Enforcing grid structure properties, iteration 0
INFO (CarpetRegrid2): Enforcing grid structure properties, iteration 1
INFO (CarpetRegrid2): Enforcing grid structure properties, iteration 0
INFO (CarpetRegrid2): Enforcing grid structure properties, iteration 1
INFO (Carpet): Grid structure (superregions, grid points):
   [0][0][0]   exterior: [0,0,0] : [65,124,65]   ([66,125,66] + PADDING) 544500
   [1][0][0]   exterior: [3,50,3] : [80,198,79]   ([78,149,77] + PADDING) 894894
   [2][0][0]   exterior: [9,205,9] : [54,291,53]   ([46,87,45] + PADDING) 180090
   [3][0][0]   exterior: [21,451,21] : [68,541,65]   ([48,91,45] + PADDING) 196560
   [4][0][0]   exterior: [45,943,45] : [95,1041,89]   ([51,99,45] + PADDING) 227205
   [5][0][0]   exterior: [93,1927,93] : [125,1958,137]   ([33,32,45] + PADDING) 47520
   [5][0][1]   exterior: [93,1959,93] : [149,2041,137]   ([57,83,45] + PADDING) 212895
   [6][0][0]   exterior: [189,3895,189] : [210,3958,233]   ([22,64,45] + PADDING) 63360
   [6][0][1]   exterior: [189,3959,189] : [256,4041,233]   ([68,83,45] + PADDING) 253980
INFO (Carpet): Grid structure (superregions, coordinates):
   [0][0][0]   exterior: [-6.000,-124.000,-6.000] : [124.000,124.000,124.000] : [2.000,2.000,2.000]
   [1][0][0]   exterior: [-3.000,-74.000,-3.000] : [74.000,74.000,73.000] : [1.000,1.000,1.000]
   [2][0][0]   exterior: [-1.500,-21.500,-1.500] : [21.000,21.500,20.500] : [0.500,0.500,0.500]
   [3][0][0]   exterior: [-0.750,-11.250,-0.750] : [11.000,11.250,10.250] : [0.250,0.250,0.250]
   [4][0][0]   exterior: [-0.375,-6.125,-0.375] : [5.875,6.125,5.125] : [0.125,0.125,0.125]
   [5][0][0]   exterior: [-0.188,-3.562,-0.188] : [1.812,-1.625,2.562] : [0.062,0.062,0.062]
   [5][0][1]   exterior: [-0.188,-1.562,-0.188] : [3.312,3.562,2.562] : [0.062,0.062,0.062]
   [6][0][0]   exterior: [-0.094,-2.281,-0.094] : [0.562,-0.312,1.281] : [0.031,0.031,0.031]
   [6][0][1]   exterior: [-0.094,-0.281,-0.094] : [2.000,2.281,1.281] : [0.031,0.031,0.031]
INFO (Carpet): Global grid structure statistics:
INFO (Carpet): GF: rhs: 273k active, 512k owned (+87%), 866k total (+69%), 128 steps/time
INFO (Carpet): GF: vars: 271, pts: 412M active, 621M owned (+51%), 1004M total (+62%), 1.0 comp/proc
INFO (Carpet): GA: vars: 1508, pts: 10M active, 10M total (+0%)
INFO (Carpet): Total required memory: 8.123 GByte (for GAs and currently active GFs)
INFO (Carpet): Load balance:  min     avg     max     sdv     max/avg-1
INFO (Carpet): Level  0:      14M     15M     16M      1M owned      8%
INFO (Carpet): Level  1:      27M     28M     30M      1M owned      6%
INFO (Carpet): Level  2:       5M      5M      6M      0M owned      8%
INFO (Carpet): Level  3:       5M      6M      6M      0M owned      8%
INFO (Carpet): Level  4:       6M      7M      7M      0M owned      5%
INFO (Carpet): Level  5:       5M      8M      9M      1M owned     15%
INFO (Carpet): Level  6:       7M      9M     11M      1M owned     15%
INFO (AHFinderDirect): proc 0: searching for horizons 1,5/6
INFO (AHFinderDirect): AH 4/6: r=48.9909 at (-0.000000,-0.000000,0.000000)
INFO (AHFinderDirect): AH 4/6: area=31415.91841 m_irreducible=24.99999677
INFO (AHFinderDirect): AH 1/6: r=0.371229 at (0.689932,1.007108,0.000000)
INFO (AHFinderDirect): AH 1/6: area=13.43591503 m_irreducible=0.5170097065
INFO (AHFinderDirect): AH 2/6: r=0.371229 at (-0.689932,-1.007108,-0.000000)
INFO (AHFinderDirect): AH 2/6: area=13.43591503 m_irreducible=0.5170097065
INFO (AHFinderDirect): AH 5/6: r=0.371617 at (0.689967,1.007081,-0.000000)
INFO (AHFinderDirect): AH 5/6: area=13.44654378 m_irreducible=0.5172141613
INFO (QuasiLocalMeasures): Calculating quasi-local quantities for surface    0
INFO (QuasiLocalMeasures): Importing from spherical surface    0
WARNING level 3 in thorn QuasiLocalMeasures processor 0 host nid07855
  (line 120 of qlm_killing_transport.F90): 
  -> Did not manage to find an eigenvector with the eigenvalue 1
INFO (QuasiLocalMeasures): Geometric quantities for surface    0:
INFO (QuasiLocalMeasures):    Area A:                            13.4358
INFO (QuasiLocalMeasures):    Irreducible mass M = R/2:         0.517008
INFO (QuasiLocalMeasures):    Areal radius R = sqrt(A/4pi):      1.03402
INFO (QuasiLocalMeasures): Coordinate-dependent quantities for surface    0:
INFO (QuasiLocalMeasures):    Equatorial circumference:             6.58874
INFO (QuasiLocalMeasures):    Polar circumference at phi=0:         6.48057
INFO (QuasiLocalMeasures):    Polar circumference at phi=pi/2:      6.31287
INFO (QuasiLocalMeasures):    Spin guess J from distortion:        0.901977E-01
INFO (QuasiLocalMeasures):    Mass guess M from distortion:        0.524315
INFO (QuasiLocalMeasures): Isolated Horizon quantities for surface    0:
INFO (QuasiLocalMeasures):    Killing vector field eigenvalue norm:     0.999875
INFO (QuasiLocalMeasures):    Spin J:                                   0.157552E-03
INFO (QuasiLocalMeasures):    Kerr spin parameter a = J/M:              0.304738E-03
INFO (QuasiLocalMeasures):    Dimensionless spin parameter a = J/M^2:   0.589425E-03
INFO (QuasiLocalMeasures):    Spin J from NP:                          -0.535911E-01
INFO (QuasiLocalMeasures):    Spin J from phi-coordinate-vector:         0.00000
INFO (QuasiLocalMeasures):    Mass M:                                   0.517008
INFO (QuasiLocalMeasures): Global quantities for surface    0:
INFO (QuasiLocalMeasures):    ADM energy:                 -2.36738
INFO (QuasiLocalMeasures):    ADM momentum x:            -0.303821E-01
INFO (QuasiLocalMeasures):    ADM momentum y:             0.202709E-01
INFO (QuasiLocalMeasures):    ADM momentum z:            -0.658837E-13
INFO (QuasiLocalMeasures):    ADM angular momentum x:    -0.417629E-13
INFO (QuasiLocalMeasures):    ADM angular momentum y:     0.230594E-13
INFO (QuasiLocalMeasures):    ADM angular momentum z:     0.430526E-01
INFO (QuasiLocalMeasures):    Landau-Lifshitz energy:                  5.14382
INFO (QuasiLocalMeasures):    Landau-Lifshitz momentum x:            -0.216406
INFO (QuasiLocalMeasures):    Landau-Lifshitz momentum y:             0.183394
INFO (QuasiLocalMeasures):    Landau-Lifshitz momentum z:            -0.329922E-13
INFO (QuasiLocalMeasures):    Landau-Lifshitz angular momentum x:    -0.664889E-13
INFO (QuasiLocalMeasures):    Landau-Lifshitz angular momentum y:     0.549487E-13
INFO (QuasiLocalMeasures):    Landau-Lifshitz angular momentum z:     0.384724
     3072     6.000 |   16.9970437 |    0.0000048 |    0.0001576 |    0.3659229 |    0.3653885 |         -nan |   48.9907412 |    0.3663082 |         -nan
INFO (CarpetRegrid2): Centre 1 is at position [0.689932,1.00711,5.78417e-17] with 7 levels
INFO (CarpetRegrid2): Centre 2 is at position [-0.689932,-1.00711,-2.47893e-16] with 7 levels
INFO (CarpetRegrid2): Centre 3 is not active
INFO (CarpetRegrid2): Refined regions have not changed sufficiently; skipping regridding
INFO (CarpetRegrid2): Centre 1 is at position [0.689932,1.00711,5.78417e-17] with 7 levels
INFO (CarpetRegrid2): Centre 2 is at position [-0.689932,-1.00711,-2.47893e-16] with 7 levels
INFO (CarpetRegrid2): Centre 3 is not active
INFO (CarpetRegrid2): Refined regions have not changed sufficiently; skipping regridding
INFO (CarpetRegrid2): Centre 1 is at position [0.689932,1.00711,5.78417e-17] with 7 levels
INFO (CarpetRegrid2): Centre 2 is at position [-0.689932,-1.00711,-2.47893e-16] with 7 levels
INFO (CarpetRegrid2): Centre 3 is not active
INFO (CarpetRegrid2): Refined regions have not changed sufficiently; skipping regridding
INFO (CarpetRegrid2): Centre 1 is at position [0.689932,1.00711,5.78417e-17] with 7 levels
INFO (CarpetRegrid2): Centre 2 is at position [-0.689932,-1.00711,-2.47893e-16] with 7 levels
INFO (CarpetRegrid2): Centre 3 is not active
INFO (CarpetRegrid2): Refined regions have not changed sufficiently; skipping regridding
INFO (CarpetRegrid2): Centre 1 is at position [0.689932,1.00711,5.78417e-17] with 7 levels
INFO (CarpetRegrid2): Centre 2 is at position [-0.689932,-1.00711,-2.47893e-16] with 7 levels
INFO (CarpetRegrid2): Centre 3 is not active
INFO (CarpetRegrid2): Refined regions have not changed sufficiently; skipping regridding
INFO (CarpetRegrid2): Centre 1 is at position [0.689932,1.00711,5.78417e-17] with 7 levels
INFO (CarpetRegrid2): Centre 2 is at position [-0.689932,-1.00711,-2.47893e-16] with 7 levels
INFO (CarpetRegrid2): Centre 3 is not active
INFO (CarpetRegrid2): Refined regions have not changed sufficiently; skipping regridding
INFO (CarpetRegrid2): Centre 1 is at position [0.689932,1.00711,5.78417e-17] with 7 levels
INFO (CarpetRegrid2): Centre 2 is at position [-0.689932,-1.00711,-2.47893e-16] with 7 levels
INFO (CarpetRegrid2): Centre 3 is not active
INFO (CarpetRegrid2): Refined regions have not changed sufficiently; skipping regridding
INFO (AHFinderDirect): proc 0: searching for horizons 1,5/6
INFO (AHFinderDirect): AH 4/6: r=48.9913 at (-0.000000,-0.000000,0.000000)
INFO (AHFinderDirect): AH 4/6: area=31415.91807 m_irreducible=24.99999663
INFO (AHFinderDirect): AH 1/6: r=0.368651 at (0.647421,1.024869,-0.000000)
INFO (AHFinderDirect): AH 1/6: area=13.43643592 m_irreducible=0.517019728
INFO (AHFinderDirect): AH 2/6: r=0.368651 at (-0.647421,-1.024869,0.000000)
INFO (AHFinderDirect): AH 2/6: area=13.43643592 m_irreducible=0.517019728
INFO (AHFinderDirect): AH 5/6: r=0.369036 at (0.647458,1.024844,0.000000)
INFO (AHFinderDirect): AH 5/6: area=13.44696606 m_irreducible=0.5172222826
INFO (QuasiLocalMeasures): Calculating quasi-local quantities for surface    0
INFO (QuasiLocalMeasures): Importing from spherical surface    0
INFO (QuasiLocalMeasures): Geometric quantities for surface    0:
INFO (QuasiLocalMeasures):    Area A:                            13.4364
INFO (QuasiLocalMeasures):    Irreducible mass M = R/2:         0.517018
INFO (QuasiLocalMeasures):    Areal radius R = sqrt(A/4pi):      1.03404
INFO (QuasiLocalMeasures): Coordinate-dependent quantities for surface    0:
INFO (QuasiLocalMeasures):    Equatorial circumference:             6.58980
INFO (QuasiLocalMeasures):    Polar circumference at phi=0:         6.47867
INFO (QuasiLocalMeasures):    Polar circumference at phi=pi/2:      6.31567
INFO (QuasiLocalMeasures):    Spin guess J from distortion:        0.906584E-01
INFO (QuasiLocalMeasures):    Mass guess M from distortion:        0.524399
INFO (QuasiLocalMeasures): Isolated Horizon quantities for surface    0:
INFO (QuasiLocalMeasures):    Killing vector field eigenvalue norm:     0.999934
INFO (QuasiLocalMeasures):    Spin J:                                   0.156309E-03
INFO (QuasiLocalMeasures):    Kerr spin parameter a = J/M:              0.302327E-03
INFO (QuasiLocalMeasures):    Dimensionless spin parameter a = J/M^2:   0.584752E-03
INFO (QuasiLocalMeasures):    Spin J from NP:                          -0.538645E-01
INFO (QuasiLocalMeasures):    Spin J from phi-coordinate-vector:         0.00000
INFO (QuasiLocalMeasures):    Mass M:                                   0.517018
INFO (QuasiLocalMeasures): Global quantities for surface    0:
INFO (QuasiLocalMeasures):    ADM energy:                 -2.42140
INFO (QuasiLocalMeasures):    ADM momentum x:            -0.311637E-01
INFO (QuasiLocalMeasures):    ADM momentum y:             0.184989E-01
INFO (QuasiLocalMeasures):    ADM momentum z:             0.407012E-13
INFO (QuasiLocalMeasures):    ADM angular momentum x:     0.270219E-13
INFO (QuasiLocalMeasures):    ADM angular momentum y:    -0.136116E-13
INFO (QuasiLocalMeasures):    ADM angular momentum z:     0.430396E-01
INFO (QuasiLocalMeasures):    Landau-Lifshitz energy:                  5.24527
INFO (QuasiLocalMeasures):    Landau-Lifshitz momentum x:            -0.229801
INFO (QuasiLocalMeasures):    Landau-Lifshitz momentum y:             0.173800
INFO (QuasiLocalMeasures):    Landau-Lifshitz momentum z:             0.306608E-13
INFO (QuasiLocalMeasures):    Landau-Lifshitz angular momentum x:     0.398185E-13
INFO (QuasiLocalMeasures):    Landau-Lifshitz angular momentum y:    -0.311589E-13
INFO (QuasiLocalMeasures):    Landau-Lifshitz angular momentum z:     0.384276
     3200     6.250 |   17.0434001 |    0.0000048 |    0.0001563 |    0.3632624 |    0.3627421 |         -nan |   48.9910768 |    0.3636451 |         -nan
INFO (CarpetRegrid2): Centre 1 is at position [0.647421,1.02487,-1.65256e-16] with 7 levels
INFO (CarpetRegrid2): Centre 2 is at position [-0.647421,-1.02487,1.15679e-16] with 7 levels
INFO (CarpetRegrid2): Centre 3 is not active
INFO (CarpetRegrid2): Refined regions have not changed sufficiently; skipping regridding
INFO (CarpetRegrid2): Centre 1 is at position [0.647421,1.02487,-1.65256e-16] with 7 levels
INFO (CarpetRegrid2): Centre 2 is at position [-0.647421,-1.02487,1.15679e-16] with 7 levels
INFO (CarpetRegrid2): Centre 3 is not active
INFO (CarpetRegrid2): Refined regions have not changed sufficiently; skipping regridding
INFO (CarpetRegrid2): Centre 1 is at position [0.647421,1.02487,-1.65256e-16] with 7 levels
INFO (CarpetRegrid2): Centre 2 is at position [-0.647421,-1.02487,1.15679e-16] with 7 levels
INFO (CarpetRegrid2): Centre 3 is not active
INFO (CarpetRegrid2): Refined regions have not changed sufficiently; skipping regridding
INFO (CarpetRegrid2): Centre 1 is at position [0.647421,1.02487,-1.65256e-16] with 7 levels
INFO (CarpetRegrid2): Centre 2 is at position [-0.647421,-1.02487,1.15679e-16] with 7 levels
INFO (CarpetRegrid2): Centre 3 is not active
INFO (CarpetRegrid2): Refined regions have not changed sufficiently; skipping regridding
INFO (CarpetRegrid2): Centre 1 is at position [0.647421,1.02487,-1.65256e-16] with 7 levels
INFO (CarpetRegrid2): Centre 2 is at position [-0.647421,-1.02487,1.15679e-16] with 7 levels
INFO (CarpetRegrid2): Centre 3 is not active
INFO (CarpetRegrid2): Refined regions have not changed sufficiently; skipping regridding
INFO (CarpetRegrid2): Centre 1 is at position [0.647421,1.02487,-1.65256e-16] with 7 levels
INFO (CarpetRegrid2): Centre 2 is at position [-0.647421,-1.02487,1.15679e-16] with 7 levels
INFO (CarpetRegrid2): Centre 3 is not active
INFO (CarpetRegrid2): Refined regions have not changed sufficiently; skipping regridding
INFO (CarpetRegrid2): Centre 1 is at position [0.647421,1.02487,-1.65256e-16] with 7 levels
INFO (CarpetRegrid2): Centre 2 is at position [-0.647421,-1.02487,1.15679e-16] with 7 levels
INFO (CarpetRegrid2): Centre 3 is not active
INFO (CarpetRegrid2): Refined regions have not changed sufficiently; skipping regridding
INFO (AHFinderDirect): proc 0: searching for horizons 1,5/6
INFO (AHFinderDirect): AH 4/6: r=48.9916 at (0.000000,-0.000000,0.000000)
INFO (AHFinderDirect): AH 4/6: area=31415.91774 m_irreducible=24.9999965
INFO (AHFinderDirect): AH 1/6: r=0.366119 at (0.604226,1.040358,0.000000)
INFO (AHFinderDirect): AH 1/6: area=13.43718237 m_irreducible=0.5170340893
INFO (AHFinderDirect): AH 2/6: r=0.366119 at (-0.604226,-1.040358,-0.000000)
INFO (AHFinderDirect): AH 2/6: area=13.43718237 m_irreducible=0.5170340893
INFO (AHFinderDirect): AH 5/6: r=0.366501 at (0.604265,1.040335,0.000000)
INFO (AHFinderDirect): AH 5/6: area=13.44761498 m_irreducible=0.5172347626
INFO (QuasiLocalMeasures): Calculating quasi-local quantities for surface    0
INFO (QuasiLocalMeasures): Importing from spherical surface    0
WARNING level 3 in thorn QuasiLocalMeasures processor 0 host nid07855
  (line 120 of qlm_killing_transport.F90): 
  -> Did not manage to find an eigenvector with the eigenvalue 1
INFO (QuasiLocalMeasures): Geometric quantities for surface    0:
INFO (QuasiLocalMeasures):    Area A:                            13.4371
INFO (QuasiLocalMeasures):    Irreducible mass M = R/2:         0.517033
INFO (QuasiLocalMeasures):    Areal radius R = sqrt(A/4pi):      1.03407
INFO (QuasiLocalMeasures): Coordinate-dependent quantities for surface    0:
INFO (QuasiLocalMeasures):    Equatorial circumference:             6.58997
INFO (QuasiLocalMeasures):    Polar circumference at phi=0:         6.47712
INFO (QuasiLocalMeasures):    Polar circumference at phi=pi/2:      6.31943
INFO (QuasiLocalMeasures):    Spin guess J from distortion:        0.906598E-01
INFO (QuasiLocalMeasures):    Mass guess M from distortion:        0.524413
INFO (QuasiLocalMeasures): Isolated Horizon quantities for surface    0:
INFO (QuasiLocalMeasures):    Killing vector field eigenvalue norm:     0.999869
INFO (QuasiLocalMeasures):    Spin J:                                   0.162928E-03
INFO (QuasiLocalMeasures):    Kerr spin parameter a = J/M:              0.315122E-03
INFO (QuasiLocalMeasures):    Dimensionless spin parameter a = J/M^2:   0.609481E-03
INFO (QuasiLocalMeasures):    Spin J from NP:                          -0.540318E-01
INFO (QuasiLocalMeasures):    Spin J from phi-coordinate-vector:         0.00000
INFO (QuasiLocalMeasures):    Mass M:                                   0.517033
INFO (QuasiLocalMeasures): Global quantities for surface    0:
INFO (QuasiLocalMeasures):    ADM energy:                 -2.47387
INFO (QuasiLocalMeasures):    ADM momentum x:            -0.318825E-01
INFO (QuasiLocalMeasures):    ADM momentum y:             0.168183E-01
INFO (QuasiLocalMeasures):    ADM momentum z:             0.108466E-12
INFO (QuasiLocalMeasures):    ADM angular momentum x:     0.747980E-13
INFO (QuasiLocalMeasures):    ADM angular momentum y:    -0.342264E-13
INFO (QuasiLocalMeasures):    ADM angular momentum z:     0.428805E-01
INFO (QuasiLocalMeasures):    Landau-Lifshitz energy:                  5.34448
INFO (QuasiLocalMeasures):    Landau-Lifshitz momentum x:            -0.242086
INFO (QuasiLocalMeasures):    Landau-Lifshitz momentum y:             0.163560
INFO (QuasiLocalMeasures):    Landau-Lifshitz momentum z:             0.103659E-12
INFO (QuasiLocalMeasures):    Landau-Lifshitz angular momentum x:     0.101069E-12
INFO (QuasiLocalMeasures):    Landau-Lifshitz angular momentum y:    -0.756711E-13
INFO (QuasiLocalMeasures):    Landau-Lifshitz angular momentum z:     0.383692
     3328     6.500 |   17.0944144 |    0.0000048 |    0.0001629 |    0.3607171 |    0.3602161 |         -nan |   48.9914261 |    0.3610971 |         -nan
INFO (CarpetRegrid2): Centre 1 is at position [0.604226,1.04036,1.0741e-16] with 7 levels
INFO (CarpetRegrid2): Centre 2 is at position [-0.604226,-1.04036,-2.1482e-16] with 7 levels
INFO (CarpetRegrid2): Centre 3 is not active
INFO (CarpetRegrid2): Refined regions have not changed sufficiently; skipping regridding
INFO (CarpetRegrid2): Centre 1 is at position [0.604226,1.04036,1.0741e-16] with 7 levels
INFO (CarpetRegrid2): Centre 2 is at position [-0.604226,-1.04036,-2.1482e-16] with 7 levels
INFO (CarpetRegrid2): Centre 3 is not active
INFO (CarpetRegrid2): Refined regions have not changed sufficiently; skipping regridding
INFO (CarpetRegrid2): Centre 1 is at position [0.604226,1.04036,1.0741e-16] with 7 levels
INFO (CarpetRegrid2): Centre 2 is at position [-0.604226,-1.04036,-2.1482e-16] with 7 levels
INFO (CarpetRegrid2): Centre 3 is not active
INFO (CarpetRegrid2): Refined regions have not changed sufficiently; skipping regridding
INFO (CarpetRegrid2): Centre 1 is at position [0.604226,1.04036,1.0741e-16] with 7 levels
INFO (CarpetRegrid2): Centre 2 is at position [-0.604226,-1.04036,-2.1482e-16] with 7 levels
INFO (CarpetRegrid2): Centre 3 is not active
INFO (CarpetRegrid2): Refined regions have not changed sufficiently; skipping regridding
INFO (CarpetRegrid2): Centre 1 is at position [0.604226,1.04036,1.0741e-16] with 7 levels
INFO (CarpetRegrid2): Centre 2 is at position [-0.604226,-1.04036,-2.1482e-16] with 7 levels
INFO (CarpetRegrid2): Centre 3 is not active
INFO (CarpetRegrid2): Refined regions have not changed sufficiently; skipping regridding
INFO (CarpetRegrid2): Centre 1 is at position [0.604226,1.04036,1.0741e-16] with 7 levels
INFO (CarpetRegrid2): Centre 2 is at position [-0.604226,-1.04036,-2.1482e-16] with 7 levels
INFO (CarpetRegrid2): Centre 3 is not active
INFO (CarpetRegrid2): Refined regions have not changed sufficiently; skipping regridding
INFO (CarpetRegrid2): Centre 1 is at position [0.604226,1.04036,1.0741e-16] with 7 levels
INFO (CarpetRegrid2): Centre 2 is at position [-0.604226,-1.04036,-2.1482e-16] with 7 levels
INFO (CarpetRegrid2): Centre 3 is not active
INFO (CarpetRegrid2): Refined regions have not changed sufficiently; skipping regridding
INFO (AHFinderDirect): proc 0: searching for horizons 1,5/6
INFO (AHFinderDirect): AH 4/6: r=48.992 at (0.000000,0.000000,-0.000000)
INFO (AHFinderDirect): AH 4/6: area=31415.9174 m_irreducible=24.99999636
INFO (AHFinderDirect): AH 1/6: r=0.363651 at (0.560467,1.053667,-0.000000)
INFO (AHFinderDirect): AH 1/6: area=13.43787169 m_irreducible=0.5170473509
INFO (AHFinderDirect): AH 2/6: r=0.363651 at (-0.560467,-1.053667,-0.000000)
INFO (AHFinderDirect): AH 2/6: area=13.43787169 m_irreducible=0.5170473509
INFO (AHFinderDirect): AH 5/6: r=0.364031 at (0.560506,1.053646,-0.000000)
INFO (AHFinderDirect): AH 5/6: area=13.44821287 m_irreducible=0.5172462608
INFO (QuasiLocalMeasures): Calculating quasi-local quantities for surface    0
INFO (QuasiLocalMeasures): Importing from spherical surface    0
INFO (QuasiLocalMeasures): Geometric quantities for surface    0:
INFO (QuasiLocalMeasures):    Area A:                            13.4378
INFO (QuasiLocalMeasures):    Irreducible mass M = R/2:         0.517046
INFO (QuasiLocalMeasures):    Areal radius R = sqrt(A/4pi):      1.03409
INFO (QuasiLocalMeasures): Coordinate-dependent quantities for surface    0:
INFO (QuasiLocalMeasures):    Equatorial circumference:             6.58918
INFO (QuasiLocalMeasures):    Polar circumference at phi=0:         6.47612
INFO (QuasiLocalMeasures):    Polar circumference at phi=pi/2:      6.32408
INFO (QuasiLocalMeasures):    Spin guess J from distortion:        0.901906E-01
INFO (QuasiLocalMeasures):    Mass guess M from distortion:        0.524350
INFO (QuasiLocalMeasures): Isolated Horizon quantities for surface    0:
INFO (QuasiLocalMeasures):    Killing vector field eigenvalue norm:     0.999912
INFO (QuasiLocalMeasures):    Spin J:                                   0.163479E-03
INFO (QuasiLocalMeasures):    Kerr spin parameter a = J/M:              0.316178E-03
INFO (QuasiLocalMeasures):    Dimensionless spin parameter a = J/M^2:   0.611509E-03
INFO (QuasiLocalMeasures):    Spin J from NP:                          -0.541920E-01
INFO (QuasiLocalMeasures):    Spin J from phi-coordinate-vector:         0.00000
INFO (QuasiLocalMeasures):    Mass M:                                   0.517046
INFO (QuasiLocalMeasures): Global quantities for surface    0:
INFO (QuasiLocalMeasures):    ADM energy:                 -2.52432
INFO (QuasiLocalMeasures):    ADM momentum x:            -0.325455E-01
INFO (QuasiLocalMeasures):    ADM momentum y:             0.152150E-01
INFO (QuasiLocalMeasures):    ADM momentum z:             0.487167E-13
INFO (QuasiLocalMeasures):    ADM angular momentum x:     0.347307E-13
INFO (QuasiLocalMeasures):    ADM angular momentum y:    -0.143376E-13
INFO (QuasiLocalMeasures):    ADM angular momentum z:     0.425844E-01
INFO (QuasiLocalMeasures):    Landau-Lifshitz energy:                  5.44052
INFO (QuasiLocalMeasures):    Landau-Lifshitz momentum x:            -0.253190
INFO (QuasiLocalMeasures):    Landau-Lifshitz momentum y:             0.152696
INFO (QuasiLocalMeasures):    Landau-Lifshitz momentum z:             0.552296E-13
INFO (QuasiLocalMeasures):    Landau-Lifshitz angular momentum x:     0.447440E-13
INFO (QuasiLocalMeasures):    Landau-Lifshitz angular momentum y:    -0.315970E-13
INFO (QuasiLocalMeasures):    Landau-Lifshitz angular momentum z:     0.382928
     3456     6.750 |   17.1414377 |    0.0000046 |    0.0001635 |    0.3582996 |    0.3578219 |         -nan |   48.9917891 |    0.3586770 |         -nan
INFO (CarpetRegrid2): Centre 1 is at position [0.560467,1.05367,-1.56976e-16] with 7 levels
INFO (CarpetRegrid2): Centre 2 is at position [-0.560467,-1.05367,-7.43571e-17] with 7 levels
INFO (CarpetRegrid2): Centre 3 is not active
INFO (CarpetRegrid2): Regridding level 0 map 0 at iteration 3457 time 7
INFO (CarpetRegrid2): Regridding levels 2 and up
INFO (CarpetRegrid2): Enforcing grid structure properties, iteration 0
INFO (CarpetRegrid2): Enforcing grid structure properties, iteration 1
INFO (CarpetRegrid2): Enforcing grid structure properties, iteration 0
INFO (CarpetRegrid2): Enforcing grid structure properties, iteration 1
WARNING level 1 in thorn CarpetRegrid2 processor 0 host nid07855
  (line 408 of /mnt/a/u/sciteam/rhaas/Zelmani/arrangements/Carpet/CarpetRegrid2/src/regrid.cc): 
  -> Could not enforce grid structure properties in this round, starting another round
INFO (CarpetRegrid2): Enforcing grid structure properties, iteration 2
INFO (CarpetRegrid2): Enforcing grid structure properties, iteration 0
INFO (CarpetRegrid2): Enforcing grid structure properties, iteration 1
INFO (CarpetRegrid2): Enforcing grid structure properties, iteration 0
INFO (CarpetRegrid2): Enforcing grid structure properties, iteration 1
INFO (CarpetRegrid2): Enforcing grid structure properties, iteration 0
INFO (CarpetRegrid2): Enforcing grid structure properties, iteration 1
INFO (Carpet): Grid structure (superregions, grid points):
   [0][0][0]   exterior: [0,0,0] : [65,124,65]   ([66,125,66] + PADDING) 544500
   [1][0][0]   exterior: [3,50,3] : [80,198,79]   ([78,149,77] + PADDING) 894894
   [2][0][0]   exterior: [9,205,9] : [54,291,53]   ([46,87,45] + PADDING) 180090
   [3][0][0]   exterior: [21,451,21] : [67,541,65]   ([47,91,45] + PADDING) 192465
   [4][0][0]   exterior: [45,943,45] : [93,1041,89]   ([49,99,45] + PADDING) 218295
   [5][0][0]   exterior: [93,1926,93] : [146,2042,137]   ([54,117,45] + PADDING) 284310
   [6][0][0]   exterior: [189,3893,189] : [215,3960,233]   ([27,68,45] + PADDING) 82620
   [6][0][1]   exterior: [189,3961,189] : [251,4043,233]   ([63,83,45] + PADDING) 235305
INFO (Carpet): Grid structure (superregions, coordinates):
   [0][0][0]   exterior: [-6.000,-124.000,-6.000] : [124.000,124.000,124.000] : [2.000,2.000,2.000]
   [1][0][0]   exterior: [-3.000,-74.000,-3.000] : [74.000,74.000,73.000] : [1.000,1.000,1.000]
   [2][0][0]   exterior: [-1.500,-21.500,-1.500] : [21.000,21.500,20.500] : [0.500,0.500,0.500]
   [3][0][0]   exterior: [-0.750,-11.250,-0.750] : [10.750,11.250,10.250] : [0.250,0.250,0.250]
   [4][0][0]   exterior: [-0.375,-6.125,-0.375] : [5.625,6.125,5.125] : [0.125,0.125,0.125]
   [5][0][0]   exterior: [-0.188,-3.625,-0.188] : [3.125,3.625,2.562] : [0.062,0.062,0.062]
   [6][0][0]   exterior: [-0.094,-2.344,-0.094] : [0.719,-0.250,1.281] : [0.031,0.031,0.031]
   [6][0][1]   exterior: [-0.094,-0.219,-0.094] : [1.844,2.344,1.281] : [0.031,0.031,0.031]
INFO (Carpet): Global grid structure statistics:
INFO (Carpet): GF: rhs: 283k active, 521k owned (+84%), 879k total (+69%), 128 steps/time
INFO (Carpet): GF: vars: 271, pts: 415M active, 623M owned (+50%), 1008M total (+62%), 1.0 comp/proc
INFO (Carpet): GA: vars: 1508, pts: 10M active, 10M total (+0%)
INFO (Carpet): Total required memory: 8.156 GByte (for GAs and currently active GFs)
INFO (Carpet): Load balance:  min     avg     max     sdv     max/avg-1
INFO (Carpet): Level  0:      14M     15M     16M      1M owned      8%
INFO (Carpet): Level  1:      27M     28M     30M      1M owned      6%
INFO (Carpet): Level  2:       5M      5M      6M      0M owned      8%
INFO (Carpet): Level  3:       5M      6M      6M      0M owned      6%
INFO (Carpet): Level  4:       6M      6M      7M      0M owned      5%
INFO (Carpet): Level  5:       8M      8M      9M      1M owned      9%
INFO (Carpet): Level  6:       9M      9M     10M      0M owned      5%
INFO (AHFinderDirect): proc 0: searching for horizons 1,5/6
INFO (AHFinderDirect): AH 4/6: r=48.9923 at (-0.000000,0.000000,0.000000)
INFO (AHFinderDirect): AH 4/6: area=31415.91707 m_irreducible=24.99999623
INFO (AHFinderDirect): AH 1/6: r=0.361277 at (0.516247,1.064883,0.000000)
INFO (AHFinderDirect): AH 1/6: area=13.43870904 m_irreducible=0.5170634599
INFO (AHFinderDirect): AH 2/6: r=0.361277 at (-0.516247,-1.064883,-0.000000)
INFO (AHFinderDirect): AH 2/6: area=13.43870904 m_irreducible=0.5170634599
INFO (AHFinderDirect): AH 5/6: r=0.361655 at (0.516288,1.064864,-0.000000)
INFO (AHFinderDirect): AH 5/6: area=13.44897252 m_irreducible=0.5172608694
INFO (QuasiLocalMeasures): Calculating quasi-local quantities for surface    0
INFO (QuasiLocalMeasures): Importing from spherical surface    0
INFO (QuasiLocalMeasures): Geometric quantities for surface    0:
INFO (QuasiLocalMeasures):    Area A:                            13.4386
INFO (QuasiLocalMeasures):    Irreducible mass M = R/2:         0.517062
INFO (QuasiLocalMeasures):    Areal radius R = sqrt(A/4pi):      1.03412
INFO (QuasiLocalMeasures): Coordinate-dependent quantities for surface    0:
INFO (QuasiLocalMeasures):    Equatorial circumference:             6.58743
INFO (QuasiLocalMeasures):    Polar circumference at phi=0:         6.47558
INFO (QuasiLocalMeasures):    Polar circumference at phi=pi/2:      6.32971
INFO (QuasiLocalMeasures):    Spin guess J from distortion:        0.892222E-01
INFO (QuasiLocalMeasures):    Mass guess M from distortion:        0.524211
INFO (QuasiLocalMeasures): Isolated Horizon quantities for surface    0:
INFO (QuasiLocalMeasures):    Killing vector field eigenvalue norm:     0.999927
INFO (QuasiLocalMeasures):    Spin J:                                   0.168884E-03
INFO (QuasiLocalMeasures):    Kerr spin parameter a = J/M:              0.326623E-03
INFO (QuasiLocalMeasures):    Dimensionless spin parameter a = J/M^2:   0.631690E-03
INFO (QuasiLocalMeasures):    Spin J from NP:                          -0.543283E-01
INFO (QuasiLocalMeasures):    Spin J from phi-coordinate-vector:         0.00000
INFO (QuasiLocalMeasures):    Mass M:                                   0.517062
INFO (QuasiLocalMeasures): Global quantities for surface    0:
INFO (QuasiLocalMeasures):    ADM energy:                 -2.57229
INFO (QuasiLocalMeasures):    ADM momentum x:            -0.331584E-01
INFO (QuasiLocalMeasures):    ADM momentum y:             0.136723E-01
INFO (QuasiLocalMeasures):    ADM momentum z:             0.140417E-12
INFO (QuasiLocalMeasures):    ADM angular momentum x:     0.102969E-12
INFO (QuasiLocalMeasures):    ADM angular momentum y:    -0.379760E-13
INFO (QuasiLocalMeasures):    ADM angular momentum z:     0.421657E-01
INFO (QuasiLocalMeasures):    Landau-Lifshitz energy:                  5.53244
INFO (QuasiLocalMeasures):    Landau-Lifshitz momentum x:            -0.263065
INFO (QuasiLocalMeasures):    Landau-Lifshitz momentum y:             0.141247
INFO (QuasiLocalMeasures):    Landau-Lifshitz momentum z:             0.176864E-12
INFO (QuasiLocalMeasures):    Landau-Lifshitz angular momentum x:     0.126261E-12
INFO (QuasiLocalMeasures):    Landau-Lifshitz angular momentum y:    -0.840425E-13
INFO (QuasiLocalMeasures):    Landau-Lifshitz angular momentum z:     0.381944
     3584     7.000 |   17.0190536 |    0.0000047 |    0.0001689 |    0.3560331 |    0.3555821 |         -nan |   48.9921658 |    0.3564083 |         -nan
INFO (CarpetRegrid2): Centre 1 is at position [0.516247,1.06488,8.26138e-18] with 7 levels
INFO (CarpetRegrid2): Centre 2 is at position [-0.516247,-1.06488,-4.13069e-17] with 7 levels
INFO (CarpetRegrid2): Centre 3 is not active
INFO (CarpetRegrid2): Refined regions have not changed sufficiently; skipping regridding
INFO (CarpetRegrid2): Centre 1 is at position [0.516247,1.06488,8.26138e-18] with 7 levels
INFO (CarpetRegrid2): Centre 2 is at position [-0.516247,-1.06488,-4.13069e-17] with 7 levels
INFO (CarpetRegrid2): Centre 3 is not active
INFO (CarpetRegrid2): Refined regions have not changed sufficiently; skipping regridding
INFO (CarpetRegrid2): Centre 1 is at position [0.516247,1.06488,8.26138e-18] with 7 levels
INFO (CarpetRegrid2): Centre 2 is at position [-0.516247,-1.06488,-4.13069e-17] with 7 levels
INFO (CarpetRegrid2): Centre 3 is not active
INFO (CarpetRegrid2): Refined regions have not changed sufficiently; skipping regridding
INFO (CarpetRegrid2): Centre 1 is at position [0.516247,1.06488,8.26138e-18] with 7 levels
INFO (CarpetRegrid2): Centre 2 is at position [-0.516247,-1.06488,-4.13069e-17] with 7 levels
INFO (CarpetRegrid2): Centre 3 is not active
INFO (CarpetRegrid2): Refined regions have not changed sufficiently; skipping regridding
INFO (CarpetRegrid2): Centre 1 is at position [0.516247,1.06488,8.26138e-18] with 7 levels
INFO (CarpetRegrid2): Centre 2 is at position [-0.516247,-1.06488,-4.13069e-17] with 7 levels
INFO (CarpetRegrid2): Centre 3 is not active
INFO (CarpetRegrid2): Refined regions have not changed sufficiently; skipping regridding
INFO (CarpetRegrid2): Centre 1 is at position [0.516247,1.06488,8.26138e-18] with 7 levels
INFO (CarpetRegrid2): Centre 2 is at position [-0.516247,-1.06488,-4.13069e-17] with 7 levels
INFO (CarpetRegrid2): Centre 3 is not active
INFO (CarpetRegrid2): Refined regions have not changed sufficiently; skipping regridding
INFO (CarpetRegrid2): Centre 1 is at position [0.516247,1.06488,8.26138e-18] with 7 levels
INFO (CarpetRegrid2): Centre 2 is at position [-0.516247,-1.06488,-4.13069e-17] with 7 levels
INFO (CarpetRegrid2): Centre 3 is not active
INFO (CarpetRegrid2): Refined regions have not changed sufficiently; skipping regridding
INFO (AHFinderDirect): proc 0: searching for horizons 1,5/6
INFO (AHFinderDirect): AH 4/6: r=48.9927 at (-0.000000,-0.000000,-0.000000)
INFO (AHFinderDirect): AH 4/6: area=31415.91673 m_irreducible=24.9999961
INFO (AHFinderDirect): AH 1/6: r=0.359013 at (0.471664,1.074080,0.000000)
INFO (AHFinderDirect): AH 1/6: area=13.43965691 m_irreducible=0.5170816946
INFO (AHFinderDirect): AH 2/6: r=0.359013 at (-0.471664,-1.074080,0.000000)
INFO (AHFinderDirect): AH 2/6: area=13.43965691 m_irreducible=0.5170816946
INFO (AHFinderDirect): AH 5/6: r=0.359388 at (0.471706,1.074063,-0.000000)
INFO (AHFinderDirect): AH 5/6: area=13.44984587 m_irreducible=0.517277664
INFO (QuasiLocalMeasures): Calculating quasi-local quantities for surface    0
INFO (QuasiLocalMeasures): Importing from spherical surface    0
WARNING level 3 in thorn QuasiLocalMeasures processor 0 host nid07855
  (line 120 of qlm_killing_transport.F90): 
  -> Did not manage to find an eigenvector with the eigenvalue 1
INFO (QuasiLocalMeasures): Geometric quantities for surface    0:
INFO (QuasiLocalMeasures):    Area A:                            13.4396
INFO (QuasiLocalMeasures):    Irreducible mass M = R/2:         0.517080
INFO (QuasiLocalMeasures):    Areal radius R = sqrt(A/4pi):      1.03416
INFO (QuasiLocalMeasures): Coordinate-dependent quantities for surface    0:
INFO (QuasiLocalMeasures):    Equatorial circumference:             6.58470
INFO (QuasiLocalMeasures):    Polar circumference at phi=0:         6.47560
INFO (QuasiLocalMeasures):    Polar circumference at phi=pi/2:      6.33628
INFO (QuasiLocalMeasures):    Spin guess J from distortion:        0.877379E-01
INFO (QuasiLocalMeasures):    Mass guess M from distortion:        0.523994
INFO (QuasiLocalMeasures): Isolated Horizon quantities for surface    0:
INFO (QuasiLocalMeasures):    Killing vector field eigenvalue norm:     0.999884
INFO (QuasiLocalMeasures):    Spin J:                                   0.174969E-03
INFO (QuasiLocalMeasures):    Kerr spin parameter a = J/M:              0.338379E-03
INFO (QuasiLocalMeasures):    Dimensionless spin parameter a = J/M^2:   0.654404E-03
INFO (QuasiLocalMeasures):    Spin J from NP:                          -0.544674E-01
INFO (QuasiLocalMeasures):    Spin J from phi-coordinate-vector:         0.00000
INFO (QuasiLocalMeasures):    Mass M:                                   0.517080
INFO (QuasiLocalMeasures): Global quantities for surface    0:
INFO (QuasiLocalMeasures):    ADM energy:                 -2.61744
INFO (QuasiLocalMeasures):    ADM momentum x:            -0.337248E-01
INFO (QuasiLocalMeasures):    ADM momentum y:             0.121715E-01
INFO (QuasiLocalMeasures):    ADM momentum z:             0.126529E-12
INFO (QuasiLocalMeasures):    ADM angular momentum x:     0.948344E-13
INFO (QuasiLocalMeasures):    ADM angular momentum y:    -0.308697E-13
INFO (QuasiLocalMeasures):    ADM angular momentum z:     0.416432E-01
INFO (QuasiLocalMeasures):    Landau-Lifshitz energy:                  5.61962
INFO (QuasiLocalMeasures):    Landau-Lifshitz momentum x:            -0.271717
INFO (QuasiLocalMeasures):    Landau-Lifshitz momentum y:             0.129262
INFO (QuasiLocalMeasures):    Landau-Lifshitz momentum z:             0.168915E-12
INFO (QuasiLocalMeasures):    Landau-Lifshitz angular momentum x:     0.112950E-12
INFO (QuasiLocalMeasures):    Landau-Lifshitz angular momentum y:    -0.699893E-13
INFO (QuasiLocalMeasures):    Landau-Lifshitz angular momentum z:     0.380736
     3712     7.250 |   17.0293084 |    0.0000048 |    0.0001750 |    0.3539253 |    0.3535032 |         -nan |   48.9925562 |    0.3542983 |         -nan
INFO (CarpetRegrid2): Centre 1 is at position [0.471664,1.07408,4.95648e-17] with 7 levels
INFO (CarpetRegrid2): Centre 2 is at position [-0.471664,-1.07408,7.43472e-17] with 7 levels
INFO (CarpetRegrid2): Centre 3 is not active
INFO (CarpetRegrid2): Refined regions have not changed sufficiently; skipping regridding
INFO (CarpetRegrid2): Centre 1 is at position [0.471664,1.07408,4.95648e-17] with 7 levels
INFO (CarpetRegrid2): Centre 2 is at position [-0.471664,-1.07408,7.43472e-17] with 7 levels
INFO (CarpetRegrid2): Centre 3 is not active
INFO (CarpetRegrid2): Refined regions have not changed sufficiently; skipping regridding
INFO (CarpetRegrid2): Centre 1 is at position [0.471664,1.07408,4.95648e-17] with 7 levels
INFO (CarpetRegrid2): Centre 2 is at position [-0.471664,-1.07408,7.43472e-17] with 7 levels
INFO (CarpetRegrid2): Centre 3 is not active
INFO (CarpetRegrid2): Refined regions have not changed sufficiently; skipping regridding
INFO (CarpetRegrid2): Centre 1 is at position [0.471664,1.07408,4.95648e-17] with 7 levels
INFO (CarpetRegrid2): Centre 2 is at position [-0.471664,-1.07408,7.43472e-17] with 7 levels
INFO (CarpetRegrid2): Centre 3 is not active
INFO (CarpetRegrid2): Refined regions have not changed sufficiently; skipping regridding
INFO (CarpetRegrid2): Centre 1 is at position [0.471664,1.07408,4.95648e-17] with 7 levels
INFO (CarpetRegrid2): Centre 2 is at position [-0.471664,-1.07408,7.43472e-17] with 7 levels
INFO (CarpetRegrid2): Centre 3 is not active
INFO (CarpetRegrid2): Refined regions have not changed sufficiently; skipping regridding
INFO (CarpetRegrid2): Centre 1 is at position [0.471664,1.07408,4.95648e-17] with 7 levels
INFO (CarpetRegrid2): Centre 2 is at position [-0.471664,-1.07408,7.43472e-17] with 7 levels
INFO (CarpetRegrid2): Centre 3 is not active
INFO (CarpetRegrid2): Refined regions have not changed sufficiently; skipping regridding
INFO (CarpetRegrid2): Centre 1 is at position [0.471664,1.07408,4.95648e-17] with 7 levels
INFO (CarpetRegrid2): Centre 2 is at position [-0.471664,-1.07408,7.43472e-17] with 7 levels
INFO (CarpetRegrid2): Centre 3 is not active
INFO (CarpetRegrid2): Refined regions have not changed sufficiently; skipping regridding
INFO (AHFinderDirect): proc 0: searching for horizons 1,5/6
INFO (AHFinderDirect): AH 4/6: r=48.9931 at (0.000000,-0.000000,-0.000000)
INFO (AHFinderDirect): AH 4/6: area=31415.9164 m_irreducible=24.99999597
INFO (AHFinderDirect): AH 1/6: r=0.356866 at (0.426809,1.081329,-0.000000)
INFO (AHFinderDirect): AH 1/6: area=13.44065834 m_irreducible=0.5171009589
INFO (AHFinderDirect): AH 2/6: r=0.356866 at (-0.426809,-1.081329,0.000000)
INFO (AHFinderDirect): AH 2/6: area=13.44065834 m_irreducible=0.5171009589
INFO (AHFinderDirect): AH 5/6: r=0.357239 at (0.426851,1.081315,-0.000000)
INFO (AHFinderDirect): AH 5/6: area=13.45077339 m_irreducible=0.5172954999
INFO (QuasiLocalMeasures): Calculating quasi-local quantities for surface    0
INFO (QuasiLocalMeasures): Importing from spherical surface    0
INFO (QuasiLocalMeasures): Geometric quantities for surface    0:
INFO (QuasiLocalMeasures):    Area A:                            13.4406
INFO (QuasiLocalMeasures):    Irreducible mass M = R/2:         0.517100
INFO (QuasiLocalMeasures):    Areal radius R = sqrt(A/4pi):      1.03420
INFO (QuasiLocalMeasures): Coordinate-dependent quantities for surface    0:
INFO (QuasiLocalMeasures):    Equatorial circumference:             6.58099
INFO (QuasiLocalMeasures):    Polar circumference at phi=0:         6.47612
INFO (QuasiLocalMeasures):    Polar circumference at phi=pi/2:      6.34384
INFO (QuasiLocalMeasures):    Spin guess J from distortion:        0.857105E-01
INFO (QuasiLocalMeasures):    Mass guess M from distortion:        0.523699
INFO (QuasiLocalMeasures): Isolated Horizon quantities for surface    0:
INFO (QuasiLocalMeasures):    Killing vector field eigenvalue norm:     0.999914
INFO (QuasiLocalMeasures):    Spin J:                                   0.180954E-03
INFO (QuasiLocalMeasures):    Kerr spin parameter a = J/M:              0.349941E-03
INFO (QuasiLocalMeasures):    Dimensionless spin parameter a = J/M^2:   0.676738E-03
INFO (QuasiLocalMeasures):    Spin J from NP:                          -0.546957E-01
INFO (QuasiLocalMeasures):    Spin J from phi-coordinate-vector:         0.00000
INFO (QuasiLocalMeasures):    Mass M:                                   0.517100
INFO (QuasiLocalMeasures): Global quantities for surface    0:
INFO (QuasiLocalMeasures):    ADM energy:                 -2.65953
INFO (QuasiLocalMeasures):    ADM momentum x:            -0.342464E-01
INFO (QuasiLocalMeasures):    ADM momentum y:             0.106934E-01
INFO (QuasiLocalMeasures):    ADM momentum z:            -0.979953E-14
INFO (QuasiLocalMeasures):    ADM angular momentum x:    -0.747387E-14
INFO (QuasiLocalMeasures):    ADM angular momentum y:     0.211442E-14
INFO (QuasiLocalMeasures):    ADM angular momentum z:     0.410383E-01
INFO (QuasiLocalMeasures):    Landau-Lifshitz energy:                  5.70164
INFO (QuasiLocalMeasures):    Landau-Lifshitz momentum x:            -0.279181
INFO (QuasiLocalMeasures):    Landau-Lifshitz momentum y:             0.116801
INFO (QuasiLocalMeasures):    Landau-Lifshitz momentum z:            -0.133710E-13
INFO (QuasiLocalMeasures):    Landau-Lifshitz angular momentum x:    -0.891479E-14
INFO (QuasiLocalMeasures):    Landau-Lifshitz angular momentum y:     0.504584E-14
INFO (QuasiLocalMeasures):    Landau-Lifshitz angular momentum z:     0.379312
     3840     7.500 |   17.0414016 |    0.0000046 |    0.0001810 |    0.3519770 |    0.3515851 |         -nan |   48.9929603 |    0.3523477 |         -nan
INFO (CarpetRegrid2): Centre 1 is at position [0.426809,1.08133,-8.26018e-18] with 7 levels
INFO (CarpetRegrid2): Centre 2 is at position [-0.426809,-1.08133,7.43417e-17] with 7 levels
INFO (CarpetRegrid2): Centre 3 is not active
INFO (CarpetRegrid2): Refined regions have not changed sufficiently; skipping regridding
INFO (CarpetRegrid2): Centre 1 is at position [0.426809,1.08133,-8.26018e-18] with 7 levels
INFO (CarpetRegrid2): Centre 2 is at position [-0.426809,-1.08133,7.43417e-17] with 7 levels
INFO (CarpetRegrid2): Centre 3 is not active
INFO (CarpetRegrid2): Refined regions have not changed sufficiently; skipping regridding
INFO (CarpetRegrid2): Centre 1 is at position [0.426809,1.08133,-8.26018e-18] with 7 levels
INFO (CarpetRegrid2): Centre 2 is at position [-0.426809,-1.08133,7.43417e-17] with 7 levels
INFO (CarpetRegrid2): Centre 3 is not active
INFO (CarpetRegrid2): Refined regions have not changed sufficiently; skipping regridding
INFO (CarpetRegrid2): Centre 1 is at position [0.426809,1.08133,-8.26018e-18] with 7 levels
INFO (CarpetRegrid2): Centre 2 is at position [-0.426809,-1.08133,7.43417e-17] with 7 levels
INFO (CarpetRegrid2): Centre 3 is not active
INFO (CarpetRegrid2): Refined regions have not changed sufficiently; skipping regridding
INFO (CarpetRegrid2): Centre 1 is at position [0.426809,1.08133,-8.26018e-18] with 7 levels
INFO (CarpetRegrid2): Centre 2 is at position [-0.426809,-1.08133,7.43417e-17] with 7 levels
INFO (CarpetRegrid2): Centre 3 is not active
INFO (CarpetRegrid2): Refined regions have not changed sufficiently; skipping regridding
INFO (CarpetRegrid2): Centre 1 is at position [0.426809,1.08133,-8.26018e-18] with 7 levels
INFO (CarpetRegrid2): Centre 2 is at position [-0.426809,-1.08133,7.43417e-17] with 7 levels
INFO (CarpetRegrid2): Centre 3 is not active
INFO (CarpetRegrid2): Refined regions have not changed sufficiently; skipping regridding
INFO (CarpetRegrid2): Centre 1 is at position [0.426809,1.08133,-8.26018e-18] with 7 levels
INFO (CarpetRegrid2): Centre 2 is at position [-0.426809,-1.08133,7.43417e-17] with 7 levels
INFO (CarpetRegrid2): Centre 3 is not active
INFO (CarpetRegrid2): Refined regions have not changed sufficiently; skipping regridding
INFO (AHFinderDirect): proc 0: searching for horizons 1,5/6
INFO (AHFinderDirect): AH 4/6: r=48.9936 at (0.000000,-0.000000,0.000000)
INFO (AHFinderDirect): AH 4/6: area=31415.91607 m_irreducible=24.99999584
INFO (AHFinderDirect): AH 1/6: r=0.354844 at (0.381762,1.086689,-0.000000)
INFO (AHFinderDirect): AH 1/6: area=13.44172339 m_irreducible=0.5171214462
INFO (AHFinderDirect): AH 2/6: r=0.354844 at (-0.381762,-1.086689,-0.000000)
INFO (AHFinderDirect): AH 2/6: area=13.44172339 m_irreducible=0.5171214462
INFO (AHFinderDirect): AH 5/6: r=0.355215 at (0.381804,1.086676,-0.000000)
INFO (AHFinderDirect): AH 5/6: area=13.45177944 m_irreducible=0.5173148451
INFO (QuasiLocalMeasures): Calculating quasi-local quantities for surface    0
INFO (QuasiLocalMeasures): Importing from spherical surface    0
INFO (QuasiLocalMeasures): Geometric quantities for surface    0:
INFO (QuasiLocalMeasures):    Area A:                            13.4417
INFO (QuasiLocalMeasures):    Irreducible mass M = R/2:         0.517120
INFO (QuasiLocalMeasures):    Areal radius R = sqrt(A/4pi):      1.03424
INFO (QuasiLocalMeasures): Coordinate-dependent quantities for surface    0:
INFO (QuasiLocalMeasures):    Equatorial circumference:             6.57634
INFO (QuasiLocalMeasures):    Polar circumference at phi=0:         6.47706
INFO (QuasiLocalMeasures):    Polar circumference at phi=pi/2:      6.35225
INFO (QuasiLocalMeasures):    Spin guess J from distortion:        0.831225E-01
INFO (QuasiLocalMeasures):    Mass guess M from distortion:        0.523328
INFO (QuasiLocalMeasures): Isolated Horizon quantities for surface    0:
INFO (QuasiLocalMeasures):    Killing vector field eigenvalue norm:     0.999904
INFO (QuasiLocalMeasures):    Spin J:                                   0.185953E-03
INFO (QuasiLocalMeasures):    Kerr spin parameter a = J/M:              0.359593E-03
INFO (QuasiLocalMeasures):    Dimensionless spin parameter a = J/M^2:   0.695376E-03
INFO (QuasiLocalMeasures):    Spin J from NP:                          -0.550116E-01
INFO (QuasiLocalMeasures):    Spin J from phi-coordinate-vector:         0.00000
INFO (QuasiLocalMeasures):    Mass M:                                   0.517120
INFO (QuasiLocalMeasures): Global quantities for surface    0:
INFO (QuasiLocalMeasures):    ADM energy:                 -2.69851
INFO (QuasiLocalMeasures):    ADM momentum x:            -0.347207E-01
INFO (QuasiLocalMeasures):    ADM momentum y:             0.922138E-02
INFO (QuasiLocalMeasures):    ADM momentum z:             0.269591E-12
INFO (QuasiLocalMeasures):    ADM angular momentum x:     0.207774E-12
INFO (QuasiLocalMeasures):    ADM angular momentum y:    -0.501384E-13
INFO (QuasiLocalMeasures):    ADM angular momentum z:     0.403745E-01
INFO (QuasiLocalMeasures):    Landau-Lifshitz energy:                  5.77827
INFO (QuasiLocalMeasures):    Landau-Lifshitz momentum x:            -0.285528
INFO (QuasiLocalMeasures):    Landau-Lifshitz momentum y:             0.103921
INFO (QuasiLocalMeasures):    Landau-Lifshitz momentum z:             0.360655E-12
INFO (QuasiLocalMeasures):    Landau-Lifshitz angular momentum x:     0.251614E-12
INFO (QuasiLocalMeasures):    Landau-Lifshitz angular momentum y:    -0.129408E-12
INFO (QuasiLocalMeasures):    Landau-Lifshitz angular momentum z:     0.377699
     3968     7.750 |   17.0843624 |    0.0000048 |    0.0001860 |    0.3501859 |    0.3498247 |         -nan |   48.9933781 |    0.3505547 |         -nan
INFO (CarpetRegrid2): Centre 1 is at position [0.381762,1.08669,-8.25953e-18] with 7 levels
INFO (CarpetRegrid2): Centre 2 is at position [-0.381762,-1.08669,-6.60762e-17] with 7 levels
INFO (CarpetRegrid2): Centre 3 is not active
INFO (CarpetRegrid2): Regridding level 0 map 0 at iteration 3969 time 8
INFO (CarpetRegrid2): Regridding levels 2 and up
INFO (CarpetRegrid2): Enforcing grid structure properties, iteration 0
INFO (CarpetRegrid2): Enforcing grid structure properties, iteration 1
INFO (CarpetRegrid2): Enforcing grid structure properties, iteration 0
INFO (CarpetRegrid2): Enforcing grid structure properties, iteration 1
INFO (CarpetRegrid2): Enforcing grid structure properties, iteration 0
INFO (CarpetRegrid2): Enforcing grid structure properties, iteration 1
INFO (CarpetRegrid2): Enforcing grid structure properties, iteration 0
INFO (CarpetRegrid2): Enforcing grid structure properties, iteration 1
INFO (CarpetRegrid2): Enforcing grid structure properties, iteration 0
INFO (CarpetRegrid2): Enforcing grid structure properties, iteration 1
INFO (Carpet): Grid structure (superregions, grid points):
   [0][0][0]   exterior: [0,0,0] : [65,124,65]   ([66,125,66] + PADDING) 544500
   [1][0][0]   exterior: [3,50,3] : [80,198,79]   ([78,149,77] + PADDING) 894894
   [2][0][0]   exterior: [9,205,9] : [54,291,53]   ([46,87,45] + PADDING) 180090
   [3][0][0]   exterior: [21,451,21] : [67,541,65]   ([47,91,45] + PADDING) 192465
   [4][0][0]   exterior: [45,942,45] : [92,1042,89]   ([48,101,45] + PADDING) 218160
   [5][0][0]   exterior: [93,1926,93] : [143,2042,137]   ([51,117,45] + PADDING) 268515
   [6][0][0]   exterior: [189,3892,189] : [221,3961,233]   ([33,70,45] + PADDING) 103950
   [6][0][1]   exterior: [189,3962,189] : [245,4044,233]   ([57,83,45] + PADDING) 212895
INFO (Carpet): Grid structure (superregions, coordinates):
   [0][0][0]   exterior: [-6.000,-124.000,-6.000] : [124.000,124.000,124.000] : [2.000,2.000,2.000]
   [1][0][0]   exterior: [-3.000,-74.000,-3.000] : [74.000,74.000,73.000] : [1.000,1.000,1.000]
   [2][0][0]   exterior: [-1.500,-21.500,-1.500] : [21.000,21.500,20.500] : [0.500,0.500,0.500]
   [3][0][0]   exterior: [-0.750,-11.250,-0.750] : [10.750,11.250,10.250] : [0.250,0.250,0.250]
   [4][0][0]   exterior: [-0.375,-6.250,-0.375] : [5.500,6.250,5.125] : [0.125,0.125,0.125]
   [5][0][0]   exterior: [-0.188,-3.625,-0.188] : [2.938,3.625,2.562] : [0.062,0.062,0.062]
   [6][0][0]   exterior: [-0.094,-2.375,-0.094] : [0.906,-0.219,1.281] : [0.031,0.031,0.031]
   [6][0][1]   exterior: [-0.094,-0.188,-0.094] : [1.656,2.375,1.281] : [0.031,0.031,0.031]
INFO (Carpet): Global grid structure statistics:
INFO (Carpet): GF: rhs: 280k active, 512k owned (+83%), 870k total (+70%), 128 steps/time
INFO (Carpet): GF: vars: 271, pts: 413M active, 619M owned (+50%), 1003M total (+62%), 1.0 comp/proc
INFO (Carpet): GA: vars: 1508, pts: 10M active, 10M total (+0%)
INFO (Carpet): Total required memory: 8.113 GByte (for GAs and currently active GFs)
INFO (Carpet): Load balance:  min     avg     max     sdv     max/avg-1
INFO (Carpet): Level  0:      14M     15M     16M      1M owned      8%
INFO (Carpet): Level  1:      27M     28M     30M      1M owned      6%
INFO (Carpet): Level  2:       5M      5M      6M      0M owned      8%
INFO (Carpet): Level  3:       5M      6M      6M      0M owned      6%
INFO (Carpet): Level  4:       6M      6M      7M      0M owned     10%
INFO (Carpet): Level  5:       8M      8M      9M      0M owned      7%
INFO (Carpet): Level  6:       8M      9M     11M      1M owned     12%
INFO (AHFinderDirect): proc 0: searching for horizons 1,5/6
INFO (AHFinderDirect): AH 4/6: r=48.994 at (-0.000000,-0.000000,0.000000)
INFO (AHFinderDirect): AH 4/6: area=31415.91574 m_irreducible=24.99999571
INFO (AHFinderDirect): AH 1/6: r=0.352958 at (0.336597,1.090210,-0.000000)
INFO (AHFinderDirect): AH 1/6: area=13.44308462 m_irreducible=0.5171476297
INFO (AHFinderDirect): AH 2/6: r=0.352958 at (-0.336597,-1.090210,-0.000000)
INFO (AHFinderDirect): AH 2/6: area=13.44308462 m_irreducible=0.5171476297
INFO (AHFinderDirect): AH 5/6: r=0.353327 at (0.336639,1.090199,-0.000000)
INFO (AHFinderDirect): AH 5/6: area=13.45308217 m_irreducible=0.517339894
INFO (QuasiLocalMeasures): Calculating quasi-local quantities for surface    0
INFO (QuasiLocalMeasures): Importing from spherical surface    0
WARNING level 3 in thorn QuasiLocalMeasures processor 0 host nid07855
  (line 120 of qlm_killing_transport.F90): 
  -> Did not manage to find an eigenvector with the eigenvalue 1
INFO (QuasiLocalMeasures): Geometric quantities for surface    0:
INFO (QuasiLocalMeasures):    Area A:                            13.4430
INFO (QuasiLocalMeasures):    Irreducible mass M = R/2:         0.517146
INFO (QuasiLocalMeasures):    Areal radius R = sqrt(A/4pi):      1.03429
INFO (QuasiLocalMeasures): Coordinate-dependent quantities for surface    0:
INFO (QuasiLocalMeasures):    Equatorial circumference:             6.57085
INFO (QuasiLocalMeasures):    Polar circumference at phi=0:         6.47851
INFO (QuasiLocalMeasures):    Polar circumference at phi=pi/2:      6.36152
INFO (QuasiLocalMeasures):    Spin guess J from distortion:        0.799487E-01
INFO (QuasiLocalMeasures):    Mass guess M from distortion:        0.522891
INFO (QuasiLocalMeasures): Isolated Horizon quantities for surface    0:
INFO (QuasiLocalMeasures):    Killing vector field eigenvalue norm:     0.999867
INFO (QuasiLocalMeasures):    Spin J:                                   0.196025E-03
INFO (QuasiLocalMeasures):    Kerr spin parameter a = J/M:              0.379051E-03
INFO (QuasiLocalMeasures):    Dimensionless spin parameter a = J/M^2:   0.732967E-03
INFO (QuasiLocalMeasures):    Spin J from NP:                          -0.554190E-01
INFO (QuasiLocalMeasures):    Spin J from phi-coordinate-vector:         0.00000
INFO (QuasiLocalMeasures):    Mass M:                                   0.517146
INFO (QuasiLocalMeasures): Global quantities for surface    0:
INFO (QuasiLocalMeasures):    ADM energy:                 -2.73433
INFO (QuasiLocalMeasures):    ADM momentum x:            -0.351435E-01
INFO (QuasiLocalMeasures):    ADM momentum y:             0.774077E-02
INFO (QuasiLocalMeasures):    ADM momentum z:             0.128970E-12
INFO (QuasiLocalMeasures):    ADM angular momentum x:     0.998979E-13
INFO (QuasiLocalMeasures):    ADM angular momentum y:    -0.199762E-13
INFO (QuasiLocalMeasures):    ADM angular momentum z:     0.396771E-01
INFO (QuasiLocalMeasures):    Landau-Lifshitz energy:                  5.84937
INFO (QuasiLocalMeasures):    Landau-Lifshitz momentum x:            -0.290870
INFO (QuasiLocalMeasures):    Landau-Lifshitz momentum y:             0.906732E-01
INFO (QuasiLocalMeasures):    Landau-Lifshitz momentum z:             0.163192E-12
INFO (QuasiLocalMeasures):    Landau-Lifshitz angular momentum x:     0.125583E-12
INFO (QuasiLocalMeasures):    Landau-Lifshitz angular momentum y:    -0.575246E-13
INFO (QuasiLocalMeasures):    Landau-Lifshitz angular momentum z:     0.375944
     4096     8.000 |   16.9791037 |    0.0000047 |    0.0001960 |    0.3485533 |    0.3482228 |         -nan |   48.9938096 |    0.3489202 |         -nan
INFO (CarpetRegrid2): Centre 1 is at position [0.336597,1.09021,-1.73433e-16] with 7 levels
INFO (CarpetRegrid2): Centre 2 is at position [-0.336597,-1.09021,-2.47761e-17] with 7 levels
INFO (CarpetRegrid2): Centre 3 is not active
INFO (CarpetRegrid2): Refined regions have not changed sufficiently; skipping regridding
INFO (CarpetRegrid2): Centre 1 is at position [0.336597,1.09021,-1.73433e-16] with 7 levels
INFO (CarpetRegrid2): Centre 2 is at position [-0.336597,-1.09021,-2.47761e-17] with 7 levels
INFO (CarpetRegrid2): Centre 3 is not active
INFO (CarpetRegrid2): Refined regions have not changed sufficiently; skipping regridding
INFO (CarpetRegrid2): Centre 1 is at position [0.336597,1.09021,-1.73433e-16] with 7 levels
INFO (CarpetRegrid2): Centre 2 is at position [-0.336597,-1.09021,-2.47761e-17] with 7 levels
INFO (CarpetRegrid2): Centre 3 is not active
INFO (CarpetRegrid2): Refined regions have not changed sufficiently; skipping regridding
INFO (CarpetRegrid2): Centre 1 is at position [0.336597,1.09021,-1.73433e-16] with 7 levels
INFO (CarpetRegrid2): Centre 2 is at position [-0.336597,-1.09021,-2.47761e-17] with 7 levels
INFO (CarpetRegrid2): Centre 3 is not active
INFO (CarpetRegrid2): Refined regions have not changed sufficiently; skipping regridding
INFO (CarpetRegrid2): Centre 1 is at position [0.336597,1.09021,-1.73433e-16] with 7 levels
INFO (CarpetRegrid2): Centre 2 is at position [-0.336597,-1.09021,-2.47761e-17] with 7 levels
INFO (CarpetRegrid2): Centre 3 is not active
INFO (CarpetRegrid2): Refined regions have not changed sufficiently; skipping regridding
INFO (CarpetRegrid2): Centre 1 is at position [0.336597,1.09021,-1.73433e-16] with 7 levels
INFO (CarpetRegrid2): Centre 2 is at position [-0.336597,-1.09021,-2.47761e-17] with 7 levels
INFO (CarpetRegrid2): Centre 3 is not active
INFO (CarpetRegrid2): Refined regions have not changed sufficiently; skipping regridding
INFO (CarpetRegrid2): Centre 1 is at position [0.336597,1.09021,-1.73433e-16] with 7 levels
INFO (CarpetRegrid2): Centre 2 is at position [-0.336597,-1.09021,-2.47761e-17] with 7 levels
INFO (CarpetRegrid2): Centre 3 is not active
INFO (CarpetRegrid2): Refined regions have not changed sufficiently; skipping regridding
INFO (AHFinderDirect): proc 0: searching for horizons 1,5/6
INFO (AHFinderDirect): AH 4/6: r=48.9944 at (0.000000,-0.000000,-0.000000)
INFO (AHFinderDirect): AH 4/6: area=31415.91542 m_irreducible=24.99999558
INFO (AHFinderDirect): AH 1/6: r=0.351192 at (0.291390,1.091937,-0.000000)
INFO (AHFinderDirect): AH 1/6: area=13.44439424 m_irreducible=0.5171728193
INFO (AHFinderDirect): AH 2/6: r=0.351192 at (-0.291390,-1.091937,-0.000000)
INFO (AHFinderDirect): AH 2/6: area=13.44439424 m_irreducible=0.5171728193
INFO (AHFinderDirect): AH 5/6: r=0.351559 at (0.291432,1.091929,0.000000)
INFO (AHFinderDirect): AH 5/6: area=13.45434913 m_irreducible=0.5173642539
INFO (QuasiLocalMeasures): Calculating quasi-local quantities for surface    0
INFO (QuasiLocalMeasures): Importing from spherical surface    0
WARNING level 3 in thorn QuasiLocalMeasures processor 0 host nid07855
  (line 120 of qlm_killing_transport.F90): 
  -> Did not manage to find an eigenvector with the eigenvalue 1
INFO (QuasiLocalMeasures): Geometric quantities for surface    0:
INFO (QuasiLocalMeasures):    Area A:                            13.4443
INFO (QuasiLocalMeasures):    Irreducible mass M = R/2:         0.517172
INFO (QuasiLocalMeasures):    Areal radius R = sqrt(A/4pi):      1.03434
INFO (QuasiLocalMeasures): Coordinate-dependent quantities for surface    0:
INFO (QuasiLocalMeasures):    Equatorial circumference:             6.56452
INFO (QuasiLocalMeasures):    Polar circumference at phi=0:         6.48036
INFO (QuasiLocalMeasures):    Polar circumference at phi=pi/2:      6.37145
INFO (QuasiLocalMeasures):    Spin guess J from distortion:        0.761667E-01
INFO (QuasiLocalMeasures):    Mass guess M from distortion:        0.522388
INFO (QuasiLocalMeasures): Isolated Horizon quantities for surface    0:
INFO (QuasiLocalMeasures):    Killing vector field eigenvalue norm:     0.999893
INFO (QuasiLocalMeasures):    Spin J:                                   0.206185E-03
INFO (QuasiLocalMeasures):    Kerr spin parameter a = J/M:              0.398678E-03
INFO (QuasiLocalMeasures):    Dimensionless spin parameter a = J/M^2:   0.770882E-03
INFO (QuasiLocalMeasures):    Spin J from NP:                          -0.559921E-01
INFO (QuasiLocalMeasures):    Spin J from phi-coordinate-vector:         0.00000
INFO (QuasiLocalMeasures):    Mass M:                                   0.517172
INFO (QuasiLocalMeasures): Global quantities for surface    0:
INFO (QuasiLocalMeasures):    ADM energy:                 -2.76716
INFO (QuasiLocalMeasures):    ADM momentum x:            -0.355067E-01
INFO (QuasiLocalMeasures):    ADM momentum y:             0.624060E-02
INFO (QuasiLocalMeasures):    ADM momentum z:             0.246542E-12
INFO (QuasiLocalMeasures):    ADM angular momentum x:     0.190838E-12
INFO (QuasiLocalMeasures):    ADM angular momentum y:    -0.303385E-13
INFO (QuasiLocalMeasures):    ADM angular momentum z:     0.389682E-01
INFO (QuasiLocalMeasures):    Landau-Lifshitz energy:                  5.91514
INFO (QuasiLocalMeasures):    Landau-Lifshitz momentum x:            -0.295308
INFO (QuasiLocalMeasures):    Landau-Lifshitz momentum y:             0.771160E-01
INFO (QuasiLocalMeasures):    Landau-Lifshitz momentum z:             0.279141E-12
INFO (QuasiLocalMeasures):    Landau-Lifshitz angular momentum x:     0.249364E-12
INFO (QuasiLocalMeasures):    Landau-Lifshitz angular momentum y:    -0.100909E-12
INFO (QuasiLocalMeasures):    Landau-Lifshitz angular momentum z:     0.374091
     4224     8.250 |   17.0012158 |    0.0000048 |    0.0002062 |    0.3470566 |    0.3467552 |         -nan |   48.9942547 |    0.3474219 |         -nan
INFO (CarpetRegrid2): Centre 1 is at position [0.29139,1.09194,-1.89931e-16] with 7 levels
INFO (CarpetRegrid2): Centre 2 is at position [-0.29139,-1.09194,-1.98189e-16] with 7 levels
INFO (CarpetRegrid2): Centre 3 is not active
INFO (CarpetRegrid2): Refined regions have not changed sufficiently; skipping regridding
INFO (CarpetRegrid2): Centre 1 is at position [0.29139,1.09194,-1.89931e-16] with 7 levels
INFO (CarpetRegrid2): Centre 2 is at position [-0.29139,-1.09194,-1.98189e-16] with 7 levels
INFO (CarpetRegrid2): Centre 3 is not active
INFO (CarpetRegrid2): Refined regions have not changed sufficiently; skipping regridding
INFO (CarpetRegrid2): Centre 1 is at position [0.29139,1.09194,-1.89931e-16] with 7 levels
INFO (CarpetRegrid2): Centre 2 is at position [-0.29139,-1.09194,-1.98189e-16] with 7 levels
INFO (CarpetRegrid2): Centre 3 is not active
INFO (CarpetRegrid2): Refined regions have not changed sufficiently; skipping regridding
INFO (CarpetRegrid2): Centre 1 is at position [0.29139,1.09194,-1.89931e-16] with 7 levels
INFO (CarpetRegrid2): Centre 2 is at position [-0.29139,-1.09194,-1.98189e-16] with 7 levels
INFO (CarpetRegrid2): Centre 3 is not active
INFO (CarpetRegrid2): Refined regions have not changed sufficiently; skipping regridding
INFO (CarpetRegrid2): Centre 1 is at position [0.29139,1.09194,-1.89931e-16] with 7 levels
INFO (CarpetRegrid2): Centre 2 is at position [-0.29139,-1.09194,-1.98189e-16] with 7 levels
INFO (CarpetRegrid2): Centre 3 is not active
INFO (CarpetRegrid2): Refined regions have not changed sufficiently; skipping regridding
INFO (CarpetRegrid2): Centre 1 is at position [0.29139,1.09194,-1.89931e-16] with 7 levels
INFO (CarpetRegrid2): Centre 2 is at position [-0.29139,-1.09194,-1.98189e-16] with 7 levels
INFO (CarpetRegrid2): Centre 3 is not active
INFO (CarpetRegrid2): Refined regions have not changed sufficiently; skipping regridding
INFO (CarpetRegrid2): Centre 1 is at position [0.29139,1.09194,-1.89931e-16] with 7 levels
INFO (CarpetRegrid2): Centre 2 is at position [-0.29139,-1.09194,-1.98189e-16] with 7 levels
INFO (CarpetRegrid2): Centre 3 is not active
INFO (CarpetRegrid2): Refined regions have not changed sufficiently; skipping regridding
INFO (AHFinderDirect): proc 0: searching for horizons 1,5/6
INFO (AHFinderDirect): AH 4/6: r=48.9949 at (0.000000,-0.000000,0.000000)
INFO (AHFinderDirect): AH 4/6: area=31415.91509 m_irreducible=24.99999545
INFO (AHFinderDirect): AH 1/6: r=0.349543 at (0.246208,1.091908,0.000000)
INFO (AHFinderDirect): AH 1/6: area=13.44569817 m_irreducible=0.5171978982
INFO (AHFinderDirect): AH 2/6: r=0.349543 at (-0.246208,-1.091908,0.000000)
INFO (AHFinderDirect): AH 2/6: area=13.44569817 m_irreducible=0.5171978982
INFO (AHFinderDirect): AH 5/6: r=0.349909 at (0.246250,1.091902,-0.000000)
INFO (AHFinderDirect): AH 5/6: area=13.45563336 m_irreducible=0.5173889449
INFO (QuasiLocalMeasures): Calculating quasi-local quantities for surface    0
INFO (QuasiLocalMeasures): Importing from spherical surface    0
INFO (QuasiLocalMeasures): Geometric quantities for surface    0:
INFO (QuasiLocalMeasures):    Area A:                            13.4456
INFO (QuasiLocalMeasures):    Irreducible mass M = R/2:         0.517197
INFO (QuasiLocalMeasures):    Areal radius R = sqrt(A/4pi):      1.03439
INFO (QuasiLocalMeasures): Coordinate-dependent quantities for surface    0:
INFO (QuasiLocalMeasures):    Equatorial circumference:             6.55753
INFO (QuasiLocalMeasures):    Polar circumference at phi=0:         6.48247
INFO (QuasiLocalMeasures):    Polar circumference at phi=pi/2:      6.38184
INFO (QuasiLocalMeasures):    Spin guess J from distortion:        0.717852E-01
INFO (QuasiLocalMeasures):    Mass guess M from distortion:        0.521832
INFO (QuasiLocalMeasures): Isolated Horizon quantities for surface    0:
INFO (QuasiLocalMeasures):    Killing vector field eigenvalue norm:     0.999951
INFO (QuasiLocalMeasures):    Spin J:                                   0.218431E-03
INFO (QuasiLocalMeasures):    Kerr spin parameter a = J/M:              0.422336E-03
INFO (QuasiLocalMeasures):    Dimensionless spin parameter a = J/M^2:   0.816586E-03
INFO (QuasiLocalMeasures):    Spin J from NP:                          -0.566618E-01
INFO (QuasiLocalMeasures):    Spin J from phi-coordinate-vector:         0.00000
INFO (QuasiLocalMeasures):    Mass M:                                   0.517197
INFO (QuasiLocalMeasures): Global quantities for surface    0:
INFO (QuasiLocalMeasures):    ADM energy:                 -2.79728
INFO (QuasiLocalMeasures):    ADM momentum x:            -0.358021E-01
INFO (QuasiLocalMeasures):    ADM momentum y:             0.471283E-02
INFO (QuasiLocalMeasures):    ADM momentum z:             0.179082E-12
INFO (QuasiLocalMeasures):    ADM angular momentum x:     0.137873E-12
INFO (QuasiLocalMeasures):    ADM angular momentum y:    -0.162963E-13
INFO (QuasiLocalMeasures):    ADM angular momentum z:     0.382707E-01
INFO (QuasiLocalMeasures):    Landau-Lifshitz energy:                  5.97594
INFO (QuasiLocalMeasures):    Landau-Lifshitz momentum x:            -0.298980
INFO (QuasiLocalMeasures):    Landau-Lifshitz momentum y:             0.632820E-01
INFO (QuasiLocalMeasures):    Landau-Lifshitz momentum z:             0.175098E-12
INFO (QuasiLocalMeasures):    Landau-Lifshitz angular momentum x:     0.192614E-12
INFO (QuasiLocalMeasures):    Landau-Lifshitz angular momentum y:    -0.667145E-13
INFO (QuasiLocalMeasures):    Landau-Lifshitz angular momentum z:     0.372198
     4352     8.500 |   17.0135806 |    0.0000047 |    0.0002184 |    0.3456819 |    0.3454083 |         -nan |   48.9947136 |    0.3460462 |         -nan
INFO (CarpetRegrid2): Centre 1 is at position [0.246208,1.09191,1.07342e-16] with 7 levels
INFO (CarpetRegrid2): Centre 2 is at position [-0.246208,-1.09191,2.14684e-16] with 7 levels
INFO (CarpetRegrid2): Centre 3 is not active
INFO (CarpetRegrid2): Refined regions have not changed sufficiently; skipping regridding
INFO (CarpetRegrid2): Centre 1 is at position [0.246208,1.09191,1.07342e-16] with 7 levels
INFO (CarpetRegrid2): Centre 2 is at position [-0.246208,-1.09191,2.14684e-16] with 7 levels
INFO (CarpetRegrid2): Centre 3 is not active
INFO (CarpetRegrid2): Refined regions have not changed sufficiently; skipping regridding
INFO (CarpetRegrid2): Centre 1 is at position [0.246208,1.09191,1.07342e-16] with 7 levels
INFO (CarpetRegrid2): Centre 2 is at position [-0.246208,-1.09191,2.14684e-16] with 7 levels
INFO (CarpetRegrid2): Centre 3 is not active
INFO (CarpetRegrid2): Refined regions have not changed sufficiently; skipping regridding
INFO (CarpetRegrid2): Centre 1 is at position [0.246208,1.09191,1.07342e-16] with 7 levels
INFO (CarpetRegrid2): Centre 2 is at position [-0.246208,-1.09191,2.14684e-16] with 7 levels
INFO (CarpetRegrid2): Centre 3 is not active
INFO (CarpetRegrid2): Refined regions have not changed sufficiently; skipping regridding
INFO (CarpetRegrid2): Centre 1 is at position [0.246208,1.09191,1.07342e-16] with 7 levels
INFO (CarpetRegrid2): Centre 2 is at position [-0.246208,-1.09191,2.14684e-16] with 7 levels
INFO (CarpetRegrid2): Centre 3 is not active
INFO (CarpetRegrid2): Refined regions have not changed sufficiently; skipping regridding
INFO (CarpetRegrid2): Centre 1 is at position [0.246208,1.09191,1.07342e-16] with 7 levels
INFO (CarpetRegrid2): Centre 2 is at position [-0.246208,-1.09191,2.14684e-16] with 7 levels
INFO (CarpetRegrid2): Centre 3 is not active
INFO (CarpetRegrid2): Refined regions have not changed sufficiently; skipping regridding
INFO (CarpetRegrid2): Centre 1 is at position [0.246208,1.09191,1.07342e-16] with 7 levels
INFO (CarpetRegrid2): Centre 2 is at position [-0.246208,-1.09191,2.14684e-16] with 7 levels
INFO (CarpetRegrid2): Centre 3 is not active
INFO (CarpetRegrid2): Refined regions have not changed sufficiently; skipping regridding
INFO (AHFinderDirect): proc 0: searching for horizons 1,5/6
INFO (AHFinderDirect): AH 4/6: r=48.9954 at (-0.000000,-0.000000,0.000000)
INFO (AHFinderDirect): AH 4/6: area=31415.91477 m_irreducible=24.99999532
INFO (AHFinderDirect): AH 1/6: r=0.348017 at (0.201116,1.090152,-0.000000)
INFO (AHFinderDirect): AH 1/6: area=13.44736353 m_irreducible=0.5172299268
INFO (AHFinderDirect): AH 2/6: r=0.348017 at (-0.201116,-1.090152,-0.000000)
INFO (AHFinderDirect): AH 2/6: area=13.44736353 m_irreducible=0.5172299268
INFO (AHFinderDirect): AH 5/6: r=0.348381 at (0.201158,1.090148,0.000000)
INFO (AHFinderDirect): AH 5/6: area=13.45725426 m_irreducible=0.5174201069
INFO (QuasiLocalMeasures): Calculating quasi-local quantities for surface    0
INFO (QuasiLocalMeasures): Importing from spherical surface    0
WARNING level 3 in thorn QuasiLocalMeasures processor 0 host nid07855
  (line 120 of qlm_killing_transport.F90): 
  -> Did not manage to find an eigenvector with the eigenvalue 1
INFO (QuasiLocalMeasures): Geometric quantities for surface    0:
INFO (QuasiLocalMeasures):    Area A:                            13.4473
INFO (QuasiLocalMeasures):    Irreducible mass M = R/2:         0.517229
INFO (QuasiLocalMeasures):    Areal radius R = sqrt(A/4pi):      1.03446
INFO (QuasiLocalMeasures): Coordinate-dependent quantities for surface    0:
INFO (QuasiLocalMeasures):    Equatorial circumference:             6.55008
INFO (QuasiLocalMeasures):    Polar circumference at phi=0:         6.48489
INFO (QuasiLocalMeasures):    Polar circumference at phi=pi/2:      6.39260
INFO (QuasiLocalMeasures):    Spin guess J from distortion:        0.667570E-01
INFO (QuasiLocalMeasures):    Mass guess M from distortion:        0.521239
INFO (QuasiLocalMeasures): Isolated Horizon quantities for surface    0:
INFO (QuasiLocalMeasures):    Killing vector field eigenvalue norm:     0.999852
INFO (QuasiLocalMeasures):    Spin J:                                   0.240823E-03
INFO (QuasiLocalMeasures):    Kerr spin parameter a = J/M:              0.465604E-03
INFO (QuasiLocalMeasures):    Dimensionless spin parameter a = J/M^2:   0.900189E-03
INFO (QuasiLocalMeasures):    Spin J from NP:                          -0.574394E-01
INFO (QuasiLocalMeasures):    Spin J from phi-coordinate-vector:         0.00000
INFO (QuasiLocalMeasures):    Mass M:                                   0.517229
INFO (QuasiLocalMeasures): Global quantities for surface    0:
INFO (QuasiLocalMeasures):    ADM energy:                 -2.82473
INFO (QuasiLocalMeasures):    ADM momentum x:            -0.360185E-01
INFO (QuasiLocalMeasures):    ADM momentum y:             0.315485E-02
INFO (QuasiLocalMeasures):    ADM momentum z:             0.212413E-12
INFO (QuasiLocalMeasures):    ADM angular momentum x:     0.161893E-12
INFO (QuasiLocalMeasures):    ADM angular momentum y:    -0.125568E-13
INFO (QuasiLocalMeasures):    ADM angular momentum z:     0.376026E-01
INFO (QuasiLocalMeasures):    Landau-Lifshitz energy:                  6.03189
INFO (QuasiLocalMeasures):    Landau-Lifshitz momentum x:            -0.301994
INFO (QuasiLocalMeasures):    Landau-Lifshitz momentum y:             0.492086E-01
INFO (QuasiLocalMeasures):    Landau-Lifshitz momentum z:             0.163893E-12
INFO (QuasiLocalMeasures):    Landau-Lifshitz angular momentum x:     0.239278E-12
INFO (QuasiLocalMeasures):    Landau-Lifshitz angular momentum y:    -0.702416E-13
INFO (QuasiLocalMeasures):    Landau-Lifshitz angular momentum z:     0.370303
     4480     8.750 |   17.0513535 |    0.0000047 |    0.0002408 |    0.3444273 |    0.3441797 |         -nan |   48.9951862 |    0.3447898 |         -nan
INFO (CarpetRegrid2): Centre 1 is at position [0.201116,1.09015,-4.95364e-17] with 7 levels
INFO (CarpetRegrid2): Centre 2 is at position [-0.201116,-1.09015,-2.14658e-16] with 7 levels
INFO (CarpetRegrid2): Centre 3 is not active
INFO (CarpetRegrid2): Regridding level 0 map 0 at iteration 4481 time 9
INFO (CarpetRegrid2): Regridding levels 2 and up
INFO (CarpetRegrid2): Enforcing grid structure properties, iteration 0
INFO (CarpetRegrid2): Enforcing grid structure properties, iteration 1
INFO (CarpetRegrid2): Enforcing grid structure properties, iteration 0
INFO (CarpetRegrid2): Enforcing grid structure properties, iteration 1
INFO (CarpetRegrid2): Enforcing grid structure properties, iteration 0
INFO (CarpetRegrid2): Enforcing grid structure properties, iteration 1
INFO (CarpetRegrid2): Enforcing grid structure properties, iteration 0
INFO (CarpetRegrid2): Enforcing grid structure properties, iteration 1
INFO (CarpetRegrid2): Enforcing grid structure properties, iteration 0
INFO (CarpetRegrid2): Enforcing grid structure properties, iteration 1
INFO (Carpet): Grid structure (superregions, grid points):
   [0][0][0]   exterior: [0,0,0] : [65,124,65]   ([66,125,66] + PADDING) 544500
   [1][0][0]   exterior: [3,50,3] : [80,198,79]   ([78,149,77] + PADDING) 894894
   [2][0][0]   exterior: [9,205,9] : [53,291,53]   ([45,87,45] + PADDING) 176175
   [3][0][0]   exterior: [21,451,21] : [66,541,65]   ([46,91,45] + PADDING) 188370
   [4][0][0]   exterior: [45,942,45] : [91,1042,89]   ([47,101,45] + PADDING) 213615
   [5][0][0]   exterior: [93,1926,93] : [140,2042,137]   ([48,117,45] + PADDING) 252720
   [6][0][0]   exterior: [189,3892,189] : [227,3961,233]   ([39,70,45] + PADDING) 122850
   [6][0][1]   exterior: [189,3962,189] : [239,4044,233]   ([51,83,45] + PADDING) 190485
INFO (Carpet): Grid structure (superregions, coordinates):
   [0][0][0]   exterior: [-6.000,-124.000,-6.000] : [124.000,124.000,124.000] : [2.000,2.000,2.000]
   [1][0][0]   exterior: [-3.000,-74.000,-3.000] : [74.000,74.000,73.000] : [1.000,1.000,1.000]
   [2][0][0]   exterior: [-1.500,-21.500,-1.500] : [20.500,21.500,20.500] : [0.500,0.500,0.500]
   [3][0][0]   exterior: [-0.750,-11.250,-0.750] : [10.500,11.250,10.250] : [0.250,0.250,0.250]
   [4][0][0]   exterior: [-0.375,-6.250,-0.375] : [5.375,6.250,5.125] : [0.125,0.125,0.125]
   [5][0][0]   exterior: [-0.188,-3.625,-0.188] : [2.750,3.625,2.562] : [0.062,0.062,0.062]
   [6][0][0]   exterior: [-0.094,-2.375,-0.094] : [1.094,-0.219,1.281] : [0.031,0.031,0.031]
   [6][0][1]   exterior: [-0.094,-0.188,-0.094] : [1.469,2.375,1.281] : [0.031,0.031,0.031]
INFO (Carpet): Global grid structure statistics:
INFO (Carpet): GF: rhs: 275k active, 500k owned (+82%), 853k total (+71%), 128 steps/time
INFO (Carpet): GF: vars: 271, pts: 408M active, 611M owned (+50%), 991M total (+62%), 1.0 comp/proc
INFO (Carpet): GA: vars: 1508, pts: 10M active, 10M total (+0%)
INFO (Carpet): Total required memory: 8.025 GByte (for GAs and currently active GFs)
INFO (Carpet): Load balance:  min     avg     max     sdv     max/avg-1
INFO (Carpet): Level  0:      14M     15M     16M      1M owned      8%
INFO (Carpet): Level  1:      27M     28M     30M      1M owned      6%
INFO (Carpet): Level  2:       5M      5M      6M      0M owned      6%
INFO (Carpet): Level  3:       5M      6M      6M      0M owned      8%
INFO (Carpet): Level  4:       6M      6M      7M      0M owned      8%
INFO (Carpet): Level  5:       7M      7M      8M      1M owned      9%
INFO (Carpet): Level  6:       9M      9M     10M      0M owned      6%
INFO (AHFinderDirect): proc 0: searching for horizons 1,5/6
INFO (AHFinderDirect): AH 4/6: r=48.9959 at (-0.000000,-0.000000,0.000000)
INFO (AHFinderDirect): AH 4/6: area=31415.91444 m_irreducible=24.99999519
INFO (AHFinderDirect): AH 1/6: r=0.34657 at (0.156189,1.086696,-0.000000)
INFO (AHFinderDirect): AH 1/6: area=13.44854323 m_irreducible=0.5172526139
INFO (AHFinderDirect): AH 2/6: r=0.34657 at (-0.156189,-1.086696,0.000000)
INFO (AHFinderDirect): AH 2/6: area=13.44854323 m_irreducible=0.5172526139
INFO (AHFinderDirect): AH 5/6: r=0.346933 at (0.156231,1.086694,0.000000)
INFO (AHFinderDirect): AH 5/6: area=13.45841528 m_irreducible=0.5174424265
INFO (QuasiLocalMeasures): Calculating quasi-local quantities for surface    0
INFO (QuasiLocalMeasures): Importing from spherical surface    0
INFO (QuasiLocalMeasures): Geometric quantities for surface    0:
INFO (QuasiLocalMeasures):    Area A:                            13.4485
INFO (QuasiLocalMeasures):    Irreducible mass M = R/2:         0.517251
INFO (QuasiLocalMeasures):    Areal radius R = sqrt(A/4pi):      1.03450
INFO (QuasiLocalMeasures): Coordinate-dependent quantities for surface    0:
INFO (QuasiLocalMeasures):    Equatorial circumference:             6.54222
INFO (QuasiLocalMeasures):    Polar circumference at phi=0:         6.48745
INFO (QuasiLocalMeasures):    Polar circumference at phi=pi/2:      6.40331
INFO (QuasiLocalMeasures):    Spin guess J from distortion:        0.611076E-01
INFO (QuasiLocalMeasures):    Mass guess M from distortion:        0.520613
INFO (QuasiLocalMeasures): Isolated Horizon quantities for surface    0:
INFO (QuasiLocalMeasures):    Killing vector field eigenvalue norm:     0.999907
INFO (QuasiLocalMeasures):    Spin J:                                   0.258276E-03
INFO (QuasiLocalMeasures):    Kerr spin parameter a = J/M:              0.499324E-03
INFO (QuasiLocalMeasures):    Dimensionless spin parameter a = J/M^2:   0.965342E-03
INFO (QuasiLocalMeasures):    Spin J from NP:                          -0.583174E-01
INFO (QuasiLocalMeasures):    Spin J from phi-coordinate-vector:         0.00000
INFO (QuasiLocalMeasures):    Mass M:                                   0.517252
INFO (QuasiLocalMeasures): Global quantities for surface    0:
INFO (QuasiLocalMeasures):    ADM energy:                 -2.85021
INFO (QuasiLocalMeasures):    ADM momentum x:            -0.361478E-01
INFO (QuasiLocalMeasures):    ADM momentum y:             0.156643E-02
INFO (QuasiLocalMeasures):    ADM momentum z:             0.135975E-12
INFO (QuasiLocalMeasures):    ADM angular momentum x:     0.102317E-12
INFO (QuasiLocalMeasures):    ADM angular momentum y:    -0.374759E-14
INFO (QuasiLocalMeasures):    ADM angular momentum z:     0.369794E-01
INFO (QuasiLocalMeasures):    Landau-Lifshitz energy:                  6.08408
INFO (QuasiLocalMeasures):    Landau-Lifshitz momentum x:            -0.304464
INFO (QuasiLocalMeasures):    Landau-Lifshitz momentum y:             0.349262E-01
INFO (QuasiLocalMeasures):    Landau-Lifshitz momentum z:             0.745799E-13
INFO (QuasiLocalMeasures):    Landau-Lifshitz angular momentum x:     0.162580E-12
INFO (QuasiLocalMeasures):    Landau-Lifshitz angular momentum y:    -0.384276E-13
INFO (QuasiLocalMeasures):    Landau-Lifshitz angular momentum z:     0.368470
     4608     9.000 |   16.9764102 |    0.0000049 |    0.0002583 |    0.3432424 |    0.3430174 |         -nan |   48.9956725 |    0.3436037 |         -nan
INFO (CarpetRegrid2): Centre 1 is at position [0.156189,1.0867,-3.21958e-16] with 7 levels
INFO (CarpetRegrid2): Centre 2 is at position [-0.156189,-1.0867,8.25534e-17] with 7 levels
INFO (CarpetRegrid2): Centre 3 is not active
INFO (CarpetRegrid2): Refined regions have not changed sufficiently; skipping regridding
INFO (CarpetRegrid2): Centre 1 is at position [0.156189,1.0867,-3.21958e-16] with 7 levels
INFO (CarpetRegrid2): Centre 2 is at position [-0.156189,-1.0867,8.25534e-17] with 7 levels
INFO (CarpetRegrid2): Centre 3 is not active
INFO (CarpetRegrid2): Refined regions have not changed sufficiently; skipping regridding
INFO (CarpetRegrid2): Centre 1 is at position [0.156189,1.0867,-3.21958e-16] with 7 levels
INFO (CarpetRegrid2): Centre 2 is at position [-0.156189,-1.0867,8.25534e-17] with 7 levels
INFO (CarpetRegrid2): Centre 3 is not active
INFO (CarpetRegrid2): Refined regions have not changed sufficiently; skipping regridding
INFO (CarpetRegrid2): Centre 1 is at position [0.156189,1.0867,-3.21958e-16] with 7 levels
INFO (CarpetRegrid2): Centre 2 is at position [-0.156189,-1.0867,8.25534e-17] with 7 levels
INFO (CarpetRegrid2): Centre 3 is not active
INFO (CarpetRegrid2): Refined regions have not changed sufficiently; skipping regridding
INFO (CarpetRegrid2): Centre 1 is at position [0.156189,1.0867,-3.21958e-16] with 7 levels
INFO (CarpetRegrid2): Centre 2 is at position [-0.156189,-1.0867,8.25534e-17] with 7 levels
INFO (CarpetRegrid2): Centre 3 is not active
INFO (CarpetRegrid2): Refined regions have not changed sufficiently; skipping regridding
INFO (CarpetRegrid2): Centre 1 is at position [0.156189,1.0867,-3.21958e-16] with 7 levels
INFO (CarpetRegrid2): Centre 2 is at position [-0.156189,-1.0867,8.25534e-17] with 7 levels
INFO (CarpetRegrid2): Centre 3 is not active
INFO (CarpetRegrid2): Refined regions have not changed sufficiently; skipping regridding
INFO (CarpetRegrid2): Centre 1 is at position [0.156189,1.0867,-3.21958e-16] with 7 levels
INFO (CarpetRegrid2): Centre 2 is at position [-0.156189,-1.0867,8.25534e-17] with 7 levels
INFO (CarpetRegrid2): Centre 3 is not active
INFO (CarpetRegrid2): Refined regions have not changed sufficiently; skipping regridding
INFO (AHFinderDirect): proc 0: searching for horizons 1,5/6
INFO (AHFinderDirect): AH 4/6: r=48.9964 at (-0.000000,0.000000,0.000000)
INFO (AHFinderDirect): AH 4/6: area=31415.91412 m_irreducible=24.99999506
INFO (AHFinderDirect): AH 1/6: r=0.345219 at (0.111488,1.081557,-0.000000)
INFO (AHFinderDirect): AH 1/6: area=13.45002482 m_irreducible=0.5172811052
INFO (AHFinderDirect): AH 2/6: r=0.345219 at (-0.111488,-1.081557,-0.000000)
INFO (AHFinderDirect): AH 2/6: area=13.45002482 m_irreducible=0.5172811052
INFO (AHFinderDirect): AH 5/6: r=0.345581 at (0.111529,1.081557,-0.000000)
INFO (AHFinderDirect): AH 5/6: area=13.45989375 m_irreducible=0.5174708475
INFO (QuasiLocalMeasures): Calculating quasi-local quantities for surface    0
INFO (QuasiLocalMeasures): Importing from spherical surface    0
INFO (QuasiLocalMeasures): Geometric quantities for surface    0:
INFO (QuasiLocalMeasures):    Area A:                            13.4500
INFO (QuasiLocalMeasures):    Irreducible mass M = R/2:         0.517280
INFO (QuasiLocalMeasures):    Areal radius R = sqrt(A/4pi):      1.03456
INFO (QuasiLocalMeasures): Coordinate-dependent quantities for surface    0:
INFO (QuasiLocalMeasures):    Equatorial circumference:             6.53440
INFO (QuasiLocalMeasures):    Polar circumference at phi=0:         6.48997
INFO (QuasiLocalMeasures):    Polar circumference at phi=pi/2:      6.41384
INFO (QuasiLocalMeasures):    Spin guess J from distortion:        0.548661E-01
INFO (QuasiLocalMeasures):    Mass guess M from distortion:        0.519991
INFO (QuasiLocalMeasures): Isolated Horizon quantities for surface    0:
INFO (QuasiLocalMeasures):    Killing vector field eigenvalue norm:     0.999969
INFO (QuasiLocalMeasures):    Spin J:                                   0.280760E-03
INFO (QuasiLocalMeasures):    Kerr spin parameter a = J/M:              0.542761E-03
INFO (QuasiLocalMeasures):    Dimensionless spin parameter a = J/M^2:   0.104926E-02
INFO (QuasiLocalMeasures):    Spin J from NP:                          -0.592467E-01
INFO (QuasiLocalMeasures):    Spin J from phi-coordinate-vector:         0.00000
INFO (QuasiLocalMeasures):    Mass M:                                   0.517280
INFO (QuasiLocalMeasures): Global quantities for surface    0:
INFO (QuasiLocalMeasures):    ADM energy:                 -2.87390
INFO (QuasiLocalMeasures):    ADM momentum x:            -0.361840E-01
INFO (QuasiLocalMeasures):    ADM momentum y:            -0.481666E-04
INFO (QuasiLocalMeasures):    ADM momentum z:            -0.395845E-13
INFO (QuasiLocalMeasures):    ADM angular momentum x:    -0.293367E-13
INFO (QuasiLocalMeasures):    ADM angular momentum y:    -0.123616E-15
INFO (QuasiLocalMeasures):    ADM angular momentum z:     0.364148E-01
INFO (QuasiLocalMeasures):    Landau-Lifshitz energy:                  6.13278
INFO (QuasiLocalMeasures):    Landau-Lifshitz momentum x:            -0.306492
INFO (QuasiLocalMeasures):    Landau-Lifshitz momentum y:             0.204646E-01
INFO (QuasiLocalMeasures):    Landau-Lifshitz momentum z:            -0.117789E-13
INFO (QuasiLocalMeasures):    Landau-Lifshitz angular momentum x:    -0.494658E-13
INFO (QuasiLocalMeasures):    Landau-Lifshitz angular momentum y:     0.912863E-14
INFO (QuasiLocalMeasures):    Landau-Lifshitz angular momentum z:     0.366750
     4736     9.250 |   17.0201633 |    0.0000046 |    0.0002808 |    0.3421339 |    0.3419299 |         -nan |   48.9961724 |    0.3424945 |         -nan
INFO (CarpetRegrid2): Centre 1 is at position [0.111488,1.08156,-3.30177e-17] with 7 levels
INFO (CarpetRegrid2): Centre 2 is at position [-0.111488,-1.08156,-2.06361e-16] with 7 levels
INFO (CarpetRegrid2): Centre 3 is not active
INFO (CarpetRegrid2): Refined regions have not changed sufficiently; skipping regridding
INFO (CarpetRegrid2): Centre 1 is at position [0.111488,1.08156,-3.30177e-17] with 7 levels
INFO (CarpetRegrid2): Centre 2 is at position [-0.111488,-1.08156,-2.06361e-16] with 7 levels
INFO (CarpetRegrid2): Centre 3 is not active
INFO (CarpetRegrid2): Refined regions have not changed sufficiently; skipping regridding
INFO (CarpetRegrid2): Centre 1 is at position [0.111488,1.08156,-3.30177e-17] with 7 levels
INFO (CarpetRegrid2): Centre 2 is at position [-0.111488,-1.08156,-2.06361e-16] with 7 levels
INFO (CarpetRegrid2): Centre 3 is not active
INFO (CarpetRegrid2): Refined regions have not changed sufficiently; skipping regridding
INFO (CarpetRegrid2): Centre 1 is at position [0.111488,1.08156,-3.30177e-17] with 7 levels
INFO (CarpetRegrid2): Centre 2 is at position [-0.111488,-1.08156,-2.06361e-16] with 7 levels
INFO (CarpetRegrid2): Centre 3 is not active
INFO (CarpetRegrid2): Refined regions have not changed sufficiently; skipping regridding
INFO (CarpetRegrid2): Centre 1 is at position [0.111488,1.08156,-3.30177e-17] with 7 levels
INFO (CarpetRegrid2): Centre 2 is at position [-0.111488,-1.08156,-2.06361e-16] with 7 levels
INFO (CarpetRegrid2): Centre 3 is not active
INFO (CarpetRegrid2): Refined regions have not changed sufficiently; skipping regridding
INFO (CarpetRegrid2): Centre 1 is at position [0.111488,1.08156,-3.30177e-17] with 7 levels
INFO (CarpetRegrid2): Centre 2 is at position [-0.111488,-1.08156,-2.06361e-16] with 7 levels
INFO (CarpetRegrid2): Centre 3 is not active
INFO (CarpetRegrid2): Refined regions have not changed sufficiently; skipping regridding
INFO (CarpetRegrid2): Centre 1 is at position [0.111488,1.08156,-3.30177e-17] with 7 levels
INFO (CarpetRegrid2): Centre 2 is at position [-0.111488,-1.08156,-2.06361e-16] with 7 levels
INFO (CarpetRegrid2): Centre 3 is not active
INFO (CarpetRegrid2): Refined regions have not changed sufficiently; skipping regridding
INFO (AHFinderDirect): proc 0: searching for horizons 1,5/6
INFO (AHFinderDirect): AH 4/6: r=48.9969 at (-0.000000,-0.000000,0.000000)
INFO (AHFinderDirect): AH 4/6: area=31415.9138 m_irreducible=24.99999493
INFO (AHFinderDirect): AH 1/6: r=0.343945 at (0.067076,1.074747,-0.000000)
INFO (AHFinderDirect): AH 1/6: area=13.45157532 m_irreducible=0.5173109201
INFO (AHFinderDirect): AH 2/6: r=0.343945 at (-0.067076,-1.074747,0.000000)
INFO (AHFinderDirect): AH 2/6: area=13.45157532 m_irreducible=0.5173109201
INFO (AHFinderDirect): AH 5/6: r=0.344305 at (0.067117,1.074749,0.000000)
INFO (AHFinderDirect): AH 5/6: area=13.46141801 m_irreducible=0.5175001471
INFO (QuasiLocalMeasures): Calculating quasi-local quantities for surface    0
INFO (QuasiLocalMeasures): Importing from spherical surface    0
WARNING level 3 in thorn QuasiLocalMeasures processor 0 host nid07855
  (line 120 of qlm_killing_transport.F90): 
  -> Did not manage to find an eigenvector with the eigenvalue 1
INFO (QuasiLocalMeasures): Geometric quantities for surface    0:
INFO (QuasiLocalMeasures):    Area A:                            13.4515
INFO (QuasiLocalMeasures):    Irreducible mass M = R/2:         0.517310
INFO (QuasiLocalMeasures):    Areal radius R = sqrt(A/4pi):      1.03462
INFO (QuasiLocalMeasures): Coordinate-dependent quantities for surface    0:
INFO (QuasiLocalMeasures):    Equatorial circumference:             6.52671
INFO (QuasiLocalMeasures):    Polar circumference at phi=0:         6.49254
INFO (QuasiLocalMeasures):    Polar circumference at phi=pi/2:      6.42395
INFO (QuasiLocalMeasures):    Spin guess J from distortion:        0.479194E-01
INFO (QuasiLocalMeasures):    Mass guess M from distortion:        0.519379
INFO (QuasiLocalMeasures): Isolated Horizon quantities for surface    0:
INFO (QuasiLocalMeasures):    Killing vector field eigenvalue norm:     0.999864
INFO (QuasiLocalMeasures):    Spin J:                                   0.307514E-03
INFO (QuasiLocalMeasures):    Kerr spin parameter a = J/M:              0.594448E-03
INFO (QuasiLocalMeasures):    Dimensionless spin parameter a = J/M^2:   0.114911E-02
INFO (QuasiLocalMeasures):    Spin J from NP:                          -0.601935E-01
INFO (QuasiLocalMeasures):    Spin J from phi-coordinate-vector:         0.00000
INFO (QuasiLocalMeasures):    Mass M:                                   0.517310
INFO (QuasiLocalMeasures): Global quantities for surface    0:
INFO (QuasiLocalMeasures):    ADM energy:                 -2.89614
INFO (QuasiLocalMeasures):    ADM momentum x:            -0.361192E-01
INFO (QuasiLocalMeasures):    ADM momentum y:            -0.168403E-02
INFO (QuasiLocalMeasures):    ADM momentum z:             0.155914E-12
INFO (QuasiLocalMeasures):    ADM angular momentum x:     0.113762E-12
INFO (QuasiLocalMeasures):    ADM angular momentum y:     0.516678E-14
INFO (QuasiLocalMeasures):    ADM angular momentum z:     0.359116E-01
INFO (QuasiLocalMeasures):    Landau-Lifshitz energy:                  6.17870
INFO (QuasiLocalMeasures):    Landau-Lifshitz momentum x:            -0.308124
INFO (QuasiLocalMeasures):    Landau-Lifshitz momentum y:             0.585167E-02
INFO (QuasiLocalMeasures):    Landau-Lifshitz momentum z:             0.586829E-14
INFO (QuasiLocalMeasures):    Landau-Lifshitz angular momentum x:     0.202491E-12
INFO (QuasiLocalMeasures):    Landau-Lifshitz angular momentum y:    -0.270468E-13
INFO (QuasiLocalMeasures):    Landau-Lifshitz angular momentum z:     0.365167
     4864     9.500 |   17.0534439 |    0.0000053 |    0.0003075 |    0.3410764 |    0.3408910 |         -nan |   48.9966861 |    0.3414352 |         -nan
INFO (CarpetRegrid2): Centre 1 is at position [0.0670761,1.07475,-3.63153e-16] with 7 levels
INFO (CarpetRegrid2): Centre 2 is at position [-0.0670761,-1.07475,1.48563e-16] with 7 levels
INFO (CarpetRegrid2): Centre 3 is not active
INFO (CarpetRegrid2): Refined regions have not changed sufficiently; skipping regridding
INFO (CarpetRegrid2): Centre 1 is at position [0.0670761,1.07475,-3.63153e-16] with 7 levels
INFO (CarpetRegrid2): Centre 2 is at position [-0.0670761,-1.07475,1.48563e-16] with 7 levels
INFO (CarpetRegrid2): Centre 3 is not active
INFO (CarpetRegrid2): Refined regions have not changed sufficiently; skipping regridding
INFO (CarpetRegrid2): Centre 1 is at position [0.0670761,1.07475,-3.63153e-16] with 7 levels
INFO (CarpetRegrid2): Centre 2 is at position [-0.0670761,-1.07475,1.48563e-16] with 7 levels
INFO (CarpetRegrid2): Centre 3 is not active
INFO (CarpetRegrid2): Refined regions have not changed sufficiently; skipping regridding
INFO (CarpetRegrid2): Centre 1 is at position [0.0670761,1.07475,-3.63153e-16] with 7 levels
INFO (CarpetRegrid2): Centre 2 is at position [-0.0670761,-1.07475,1.48563e-16] with 7 levels
INFO (CarpetRegrid2): Centre 3 is not active
INFO (CarpetRegrid2): Refined regions have not changed sufficiently; skipping regridding
INFO (CarpetRegrid2): Centre 1 is at position [0.0670761,1.07475,-3.63153e-16] with 7 levels
INFO (CarpetRegrid2): Centre 2 is at position [-0.0670761,-1.07475,1.48563e-16] with 7 levels
INFO (CarpetRegrid2): Centre 3 is not active
INFO (CarpetRegrid2): Refined regions have not changed sufficiently; skipping regridding
INFO (CarpetRegrid2): Centre 1 is at position [0.0670761,1.07475,-3.63153e-16] with 7 levels
INFO (CarpetRegrid2): Centre 2 is at position [-0.0670761,-1.07475,1.48563e-16] with 7 levels
INFO (CarpetRegrid2): Centre 3 is not active
INFO (CarpetRegrid2): Refined regions have not changed sufficiently; skipping regridding
INFO (CarpetRegrid2): Centre 1 is at position [0.0670761,1.07475,-3.63153e-16] with 7 levels
INFO (CarpetRegrid2): Centre 2 is at position [-0.0670761,-1.07475,1.48563e-16] with 7 levels
INFO (CarpetRegrid2): Centre 3 is not active
INFO (CarpetRegrid2): Refined regions have not changed sufficiently; skipping regridding
INFO (AHFinderDirect): proc 0: searching for horizons 1,5/6
INFO (AHFinderDirect): AH 4/6: r=48.9974 at (0.000000,-0.000000,0.000000)
INFO (AHFinderDirect): AH 4/6: area=31415.91348 m_irreducible=24.99999481
INFO (AHFinderDirect): AH 1/6: r=0.342705 at (0.023034,1.066276,0.000000)
INFO (AHFinderDirect): AH 1/6: area=13.45249232 m_irreducible=0.5173285525
INFO (AHFinderDirect): AH 2/6: r=0.342705 at (-0.023034,-1.066276,0.000000)
INFO (AHFinderDirect): AH 2/6: area=13.45249232 m_irreducible=0.5173285525
INFO (AHFinderDirect): AH 5/6: r=0.343064 at (0.023075,1.066280,0.000000)
INFO (AHFinderDirect): AH 5/6: area=13.46233019 m_irreducible=0.5175176802
INFO (QuasiLocalMeasures): Calculating quasi-local quantities for surface    0
INFO (QuasiLocalMeasures): Importing from spherical surface    0
INFO (QuasiLocalMeasures): Geometric quantities for surface    0:
INFO (QuasiLocalMeasures):    Area A:                            13.4524
INFO (QuasiLocalMeasures):    Irreducible mass M = R/2:         0.517328
INFO (QuasiLocalMeasures):    Areal radius R = sqrt(A/4pi):      1.03466
INFO (QuasiLocalMeasures): Coordinate-dependent quantities for surface    0:
INFO (QuasiLocalMeasures):    Equatorial circumference:             6.51929
INFO (QuasiLocalMeasures):    Polar circumference at phi=0:         6.49489
INFO (QuasiLocalMeasures):    Polar circumference at phi=pi/2:      6.43322
INFO (QuasiLocalMeasures):    Spin guess J from distortion:        0.402525E-01
INFO (QuasiLocalMeasures):    Mass guess M from distortion:        0.518788
INFO (QuasiLocalMeasures): Isolated Horizon quantities for surface    0:
INFO (QuasiLocalMeasures):    Killing vector field eigenvalue norm:     0.999981
INFO (QuasiLocalMeasures):    Spin J:                                   0.329785E-03
INFO (QuasiLocalMeasures):    Kerr spin parameter a = J/M:              0.637477E-03
INFO (QuasiLocalMeasures):    Dimensionless spin parameter a = J/M^2:   0.123225E-02
INFO (QuasiLocalMeasures):    Spin J from NP:                          -0.611670E-01
INFO (QuasiLocalMeasures):    Spin J from phi-coordinate-vector:         0.00000
INFO (QuasiLocalMeasures):    Mass M:                                   0.517328
INFO (QuasiLocalMeasures): Global quantities for surface    0:
INFO (QuasiLocalMeasures):    ADM energy:                 -2.91773
INFO (QuasiLocalMeasures):    ADM momentum x:            -0.359563E-01
INFO (QuasiLocalMeasures):    ADM momentum y:            -0.333568E-02
INFO (QuasiLocalMeasures):    ADM momentum z:             0.102591E-12
INFO (QuasiLocalMeasures):    ADM angular momentum x:     0.738051E-13
INFO (QuasiLocalMeasures):    ADM angular momentum y:     0.642826E-14
INFO (QuasiLocalMeasures):    ADM angular momentum z:     0.354749E-01
INFO (QuasiLocalMeasures):    Landau-Lifshitz energy:                  6.22311
INFO (QuasiLocalMeasures):    Landau-Lifshitz momentum x:            -0.309422
INFO (QuasiLocalMeasures):    Landau-Lifshitz momentum y:            -0.888469E-02
INFO (QuasiLocalMeasures):    Landau-Lifshitz momentum z:            -0.225759E-13
INFO (QuasiLocalMeasures):    Landau-Lifshitz angular momentum x:     0.138519E-12
INFO (QuasiLocalMeasures):    Landau-Lifshitz angular momentum y:    -0.115191E-13
INFO (QuasiLocalMeasures):    Landau-Lifshitz angular momentum z:     0.363789
     4992     9.750 |   17.1085416 |    0.0000053 |    0.0003298 |    0.3400225 |    0.3398521 |         -nan |   48.9972134 |    0.3403802 |         -nan
INFO (CarpetRegrid2): Centre 1 is at position [0.0230344,1.06628,1.65058e-17] with 7 levels
INFO (CarpetRegrid2): Centre 2 is at position [-0.0230344,-1.06628,5.77704e-17] with 7 levels
INFO (CarpetRegrid2): Centre 3 is not active
INFO (CarpetRegrid2): Regridding level 0 map 0 at iteration 4993 time 10
INFO (CarpetRegrid2): Regridding levels 2 and up
INFO (CarpetRegrid2): Enforcing grid structure properties, iteration 0
INFO (CarpetRegrid2): Enforcing grid structure properties, iteration 1
INFO (CarpetRegrid2): Enforcing grid structure properties, iteration 0
INFO (CarpetRegrid2): Enforcing grid structure properties, iteration 1
INFO (CarpetRegrid2): Enforcing grid structure properties, iteration 0
INFO (CarpetRegrid2): Enforcing grid structure properties, iteration 1
INFO (CarpetRegrid2): Enforcing grid structure properties, iteration 0
INFO (CarpetRegrid2): Enforcing grid structure properties, iteration 1
INFO (CarpetRegrid2): Enforcing grid structure properties, iteration 0
INFO (CarpetRegrid2): Enforcing grid structure properties, iteration 1
INFO (Carpet): Grid structure (superregions, grid points):
   [0][0][0]   exterior: [0,0,0] : [65,124,65]   ([66,125,66] + PADDING) 544500
   [1][0][0]   exterior: [3,50,3] : [80,198,79]   ([78,149,77] + PADDING) 894894
   [2][0][0]   exterior: [9,205,9] : [53,291,53]   ([45,87,45] + PADDING) 176175
   [3][0][0]   exterior: [21,451,21] : [65,541,65]   ([45,91,45] + PADDING) 184275
   [4][0][0]   exterior: [45,942,45] : [89,1042,89]   ([45,101,45] + PADDING) 204525
   [5][0][0]   exterior: [93,1926,93] : [137,2042,137]   ([45,117,45] + PADDING) 236925
   [6][0][0]   exterior: [189,3893,189] : [234,4043,233]   ([46,151,45] + PADDING) 312570
INFO (Carpet): Grid structure (superregions, coordinates):
   [0][0][0]   exterior: [-6.000,-124.000,-6.000] : [124.000,124.000,124.000] : [2.000,2.000,2.000]
   [1][0][0]   exterior: [-3.000,-74.000,-3.000] : [74.000,74.000,73.000] : [1.000,1.000,1.000]
   [2][0][0]   exterior: [-1.500,-21.500,-1.500] : [20.500,21.500,20.500] : [0.500,0.500,0.500]
   [3][0][0]   exterior: [-0.750,-11.250,-0.750] : [10.250,11.250,10.250] : [0.250,0.250,0.250]
   [4][0][0]   exterior: [-0.375,-6.250,-0.375] : [5.125,6.250,5.125] : [0.125,0.125,0.125]
   [5][0][0]   exterior: [-0.188,-3.625,-0.188] : [2.562,3.625,2.562] : [0.062,0.062,0.062]
   [6][0][0]   exterior: [-0.094,-2.344,-0.094] : [1.312,2.344,1.281] : [0.031,0.031,0.031]
INFO (Carpet): Global grid structure statistics:
INFO (Carpet): GF: rhs: 271k active, 489k owned (+80%), 842k total (+72%), 128 steps/time
INFO (Carpet): GF: vars: 271, pts: 404M active, 603M owned (+49%), 982M total (+63%), 1.0 comp/proc
INFO (Carpet): GA: vars: 1508, pts: 10M active, 10M total (+0%)
INFO (Carpet): Total required memory: 7.947 GByte (for GAs and currently active GFs)
INFO (Carpet): Load balance:  min     avg     max     sdv     max/avg-1
INFO (Carpet): Level  0:      14M     15M     16M      1M owned      8%
INFO (Carpet): Level  1:      27M     28M     30M      1M owned      6%
INFO (Carpet): Level  2:       5M      5M      6M      0M owned      6%
INFO (Carpet): Level  3:       5M      5M      6M      0M owned      6%
INFO (Carpet): Level  4:       6M      6M      7M      0M owned      8%
INFO (Carpet): Level  5:       7M      7M      8M      0M owned      7%
INFO (Carpet): Level  6:       9M      9M     10M      1M owned      8%
INFO (AHFinderDirect): proc 0: searching for horizons 1,5/6
INFO (AHFinderDirect): AH 4/6: r=48.9979 at (0.000000,0.000000,-0.000000)
INFO (AHFinderDirect): AH 4/6: area=31415.91317 m_irreducible=24.99999468
INFO (AHFinderDirect): AH 1/6: r=0.341513 at (-0.020582,1.056146,0.000000)
INFO (AHFinderDirect): AH 1/6: area=13.45351585 m_irreducible=0.5173482325
INFO (AHFinderDirect): AH 2/6: r=0.341513 at (0.020582,-1.056146,0.000000)
INFO (AHFinderDirect): AH 2/6: area=13.45351585 m_irreducible=0.5173482325
INFO (AHFinderDirect): AH 5/6: r=0.341871 at (-0.020542,1.056151,-0.000000)
INFO (AHFinderDirect): AH 5/6: area=13.46336474 m_irreducible=0.517537565
Memory statistics from CarpetLib:
   Current number of objects: 2036
   Current allocated memory:  951.985 MB
   Maximum number of objects: 2287
   Maximum allocated memory:  1198.512 MB
   Current administrative memory: 1.325 MB
   Total allocated used system memory: 849.912 MB
   Total allocated free system memory: 165.556 MB
   gh::allmemory:    118120
   dh::allmemory:    444164
   th::allmemory:    19924
   ggf::allmemory:   551656
   gdata::allmemory: 190728
INFO (QuasiLocalMeasures): Calculating quasi-local quantities for surface    0
INFO (QuasiLocalMeasures): Importing from spherical surface    0
INFO (QuasiLocalMeasures): Geometric quantities for surface    0:
INFO (QuasiLocalMeasures):    Area A:                            13.4535
INFO (QuasiLocalMeasures):    Irreducible mass M = R/2:         0.517347
INFO (QuasiLocalMeasures):    Areal radius R = sqrt(A/4pi):      1.03469
INFO (QuasiLocalMeasures): Coordinate-dependent quantities for surface    0:
INFO (QuasiLocalMeasures):    Equatorial circumference:             6.51257
INFO (QuasiLocalMeasures):    Polar circumference at phi=0:         6.49671
INFO (QuasiLocalMeasures):    Polar circumference at phi=pi/2:      6.44154
INFO (QuasiLocalMeasures):    Spin guess J from distortion:        0.317045E-01
INFO (QuasiLocalMeasures):    Mass guess M from distortion:        0.518254
INFO (QuasiLocalMeasures): Isolated Horizon quantities for surface    0:
INFO (QuasiLocalMeasures):    Killing vector field eigenvalue norm:     0.999962
INFO (QuasiLocalMeasures):    Spin J:                                   0.357495E-03
INFO (QuasiLocalMeasures):    Kerr spin parameter a = J/M:              0.691015E-03
INFO (QuasiLocalMeasures):    Dimensionless spin parameter a = J/M^2:   0.133569E-02
INFO (QuasiLocalMeasures):    Spin J from NP:                          -0.621345E-01
INFO (QuasiLocalMeasures):    Spin J from phi-coordinate-vector:         0.00000
INFO (QuasiLocalMeasures):    Mass M:                                   0.517347
INFO (QuasiLocalMeasures): Global quantities for surface    0:
INFO (QuasiLocalMeasures):    ADM energy:                 -2.93879
INFO (QuasiLocalMeasures):    ADM momentum x:            -0.356947E-01
INFO (QuasiLocalMeasures):    ADM momentum y:            -0.499597E-02
INFO (QuasiLocalMeasures):    ADM momentum z:             0.355981E-12
INFO (QuasiLocalMeasures):    ADM angular momentum x:     0.252659E-12
INFO (QuasiLocalMeasures):    ADM angular momentum y:     0.326878E-13
INFO (QuasiLocalMeasures):    ADM angular momentum z:     0.351017E-01
INFO (QuasiLocalMeasures):    Landau-Lifshitz energy:                  6.26634
INFO (QuasiLocalMeasures):    Landau-Lifshitz momentum x:            -0.310406
INFO (QuasiLocalMeasures):    Landau-Lifshitz momentum y:            -0.237016E-01
INFO (QuasiLocalMeasures):    Landau-Lifshitz momentum z:            -0.185801E-12
INFO (QuasiLocalMeasures):    Landau-Lifshitz angular momentum x:     0.481185E-12
INFO (QuasiLocalMeasures):    Landau-Lifshitz angular momentum y:    -0.199935E-13
INFO (QuasiLocalMeasures):    Landau-Lifshitz angular momentum z:     0.362641
INFO (TimerReport): Timer Report at iteration 5120 time 10
INFO (TimerReport): Top timers at iteration 5120 time 10
======================================================================
    %    Time/s   Min/s   Max/s   Timer (gettimeofday)
======================================================================
100.0   2219.63 2219.55 2219.73   CCTK total time
 99.4   2206.84 2205.56 2209.72   meta mode/meta mode/global mode
 66.1   1466.51 1466.12 1466.92   main/Evolve/CallAnalysis
 51.5   1143.19 1142.06 1143.90   main/Evolve/CallAnalysis/CCTK_POSTSTEP
 51.5   1142.88 1141.75 1143.59   main/Evolve/CallAnalysis/CCTK_POSTSTEP/CallFunction
 51.3   1138.86 1137.78 1139.56   main/Evolve/CallAnalysis/CCTK_POSTSTEP/CallFunction/thorns
 39.2    869.65  863.81  875.95   meta mode/meta mode/global mode/level(6)
 35.1    778.79  681.94  839.26   [0160] NaNChecker: NaNChecker_NaNCheck_Check in CCTK_POSTSTEP
 34.9    773.60  676.84  833.84   main/Evolve/CallAnalysis/CCTK_POSTSTEP/CallFunction/thorns/NaNChecker_NaNCheck_Check
 23.1    513.60  513.46  513.78   main/Evolve/CallEvol
 22.5    498.63  497.79  500.53   main/Evolve/CallEvol/CCTK_EVOL
 22.4    497.37  496.59  499.17   main/Evolve/CallEvol/CCTK_EVOL/CallFunction
 18.4    408.58  407.60  409.41   meta mode/meta mode/global mode/level(5)
 15.2    337.75  320.48  356.93   main/Evolve/CallEvol/CCTK_EVOL/CallFunction/thorns
 10.8    240.25  236.01  243.38   main/Evolve/CallAnalysis/OutputGH
 10.8    240.24  236.01  243.37   main/Evolve/CallAnalysis/OutputGH/OutputGH
  8.9    198.49  197.70  199.00   meta mode/meta mode/global mode/level(4)
  8.1    180.12  180.02  180.20   [0153] AHFinderDirect: AHFinderDirect_find_horizons in CCTK_POSTSTEP
  7.7    171.64  171.54  171.72   main/Evolve/CallAnalysis/CCTK_POSTSTEP/CallFunction/thorns/AHFinderDirect_find_horizons
  7.4    163.45  102.95  260.17   [0161] NaNChecker: NaNChecker_NaNCheck_Finish in CCTK_POSTSTEP
======================================================================
----------------------------------------------------------------------------------------------------------------------------------------------------------
Iteration      Time | *me_per_hour | *STRAINTS::H | *qlm_spin[0] | *f_radius[0] | *f_radius[1] | *f_radius[2] | *f_radius[3] | *f_radius[4] | *f_radius[5]
                    |              |        norm2 |              |        norm2 |        norm2 |        norm2 |        norm2 |        norm2 |        norm2
----------------------------------------------------------------------------------------------------------------------------------------------------------
     5120    10.000 |   17.0237299 |    0.0000046 |    0.0003575 |    0.3389791 |    0.3388236 |         -nan |   48.9977544 |    0.3393361 |         -nan
INFO (CarpetRegrid2): Centre 1 is at position [-0.0205818,1.05615,4.95137e-17] with 7 levels
INFO (CarpetRegrid2): Centre 2 is at position [0.0205818,-1.05615,0] with 7 levels
INFO (CarpetRegrid2): Centre 3 is not active
INFO (CarpetRegrid2): Refined regions have not changed sufficiently; skipping regridding
INFO (CarpetRegrid2): Centre 1 is at position [-0.0205818,1.05615,4.95137e-17] with 7 levels
INFO (CarpetRegrid2): Centre 2 is at position [0.0205818,-1.05615,0] with 7 levels
INFO (CarpetRegrid2): Centre 3 is not active
INFO (CarpetRegrid2): Refined regions have not changed sufficiently; skipping regridding
INFO (CarpetRegrid2): Centre 1 is at position [-0.0205818,1.05615,4.95137e-17] with 7 levels
INFO (CarpetRegrid2): Centre 2 is at position [0.0205818,-1.05615,0] with 7 levels
INFO (CarpetRegrid2): Centre 3 is not active
INFO (CarpetRegrid2): Refined regions have not changed sufficiently; skipping regridding
INFO (CarpetRegrid2): Centre 1 is at position [-0.0205818,1.05615,4.95137e-17] with 7 levels
INFO (CarpetRegrid2): Centre 2 is at position [0.0205818,-1.05615,0] with 7 levels
INFO (CarpetRegrid2): Centre 3 is not active
INFO (CarpetRegrid2): Refined regions have not changed sufficiently; skipping regridding
INFO (CarpetRegrid2): Centre 1 is at position [-0.0205818,1.05615,4.95137e-17] with 7 levels
INFO (CarpetRegrid2): Centre 2 is at position [0.0205818,-1.05615,0] with 7 levels
INFO (CarpetRegrid2): Centre 3 is not active
INFO (CarpetRegrid2): Refined regions have not changed sufficiently; skipping regridding
INFO (CarpetRegrid2): Centre 1 is at position [-0.0205818,1.05615,4.95137e-17] with 7 levels
INFO (CarpetRegrid2): Centre 2 is at position [0.0205818,-1.05615,0] with 7 levels
INFO (CarpetRegrid2): Centre 3 is not active
INFO (CarpetRegrid2): Refined regions have not changed sufficiently; skipping regridding
INFO (CarpetRegrid2): Centre 1 is at position [-0.0205818,1.05615,4.95137e-17] with 7 levels
INFO (CarpetRegrid2): Centre 2 is at position [0.0205818,-1.05615,0] with 7 levels
INFO (CarpetRegrid2): Centre 3 is not active
INFO (CarpetRegrid2): Refined regions have not changed sufficiently; skipping regridding
INFO (AHFinderDirect): proc 0: searching for horizons 1,5/6
INFO (AHFinderDirect): AH 4/6: r=48.9985 at (-0.000000,-0.000000,0.000000)
INFO (AHFinderDirect): AH 4/6: area=31415.91285 m_irreducible=24.99999456
INFO (AHFinderDirect): AH 1/6: r=0.34036 at (-0.063696,1.044356,-0.000000)
INFO (AHFinderDirect): AH 1/6: area=13.45467499 m_irreducible=0.517370519
INFO (AHFinderDirect): AH 2/6: r=0.34036 at (0.063696,-1.044356,-0.000000)
INFO (AHFinderDirect): AH 2/6: area=13.45467499 m_irreducible=0.517370519
INFO (AHFinderDirect): AH 5/6: r=0.340717 at (-0.063656,1.044363,0.000000)
INFO (AHFinderDirect): AH 5/6: area=13.46451672 m_irreducible=0.5175597057
INFO (QuasiLocalMeasures): Calculating quasi-local quantities for surface    0
INFO (QuasiLocalMeasures): Importing from spherical surface    0
INFO (QuasiLocalMeasures): Geometric quantities for surface    0:
INFO (QuasiLocalMeasures):    Area A:                            13.4546
INFO (QuasiLocalMeasures):    Irreducible mass M = R/2:         0.517369
INFO (QuasiLocalMeasures):    Areal radius R = sqrt(A/4pi):      1.03474
INFO (QuasiLocalMeasures): Coordinate-dependent quantities for surface    0:
INFO (QuasiLocalMeasures):    Equatorial circumference:             6.50666
INFO (QuasiLocalMeasures):    Polar circumference at phi=0:         6.49837
INFO (QuasiLocalMeasures):    Polar circumference at phi=pi/2:      6.44879
INFO (QuasiLocalMeasures):    Spin guess J from distortion:        0.214286E-01
INFO (QuasiLocalMeasures):    Mass guess M from distortion:        0.517784
INFO (QuasiLocalMeasures): Isolated Horizon quantities for surface    0:
INFO (QuasiLocalMeasures):    Killing vector field eigenvalue norm:      1.00003
INFO (QuasiLocalMeasures):    Spin J:                                   0.380108E-03
INFO (QuasiLocalMeasures):    Kerr spin parameter a = J/M:              0.734694E-03
INFO (QuasiLocalMeasures):    Dimensionless spin parameter a = J/M^2:   0.142006E-02
INFO (QuasiLocalMeasures):    Spin J from NP:                          -0.631359E-01
INFO (QuasiLocalMeasures):    Spin J from phi-coordinate-vector:         0.00000
INFO (QuasiLocalMeasures):    Mass M:                                   0.517370
INFO (QuasiLocalMeasures): Global quantities for surface    0:
INFO (QuasiLocalMeasures):    ADM energy:                 -2.95956
INFO (QuasiLocalMeasures):    ADM momentum x:            -0.353386E-01
INFO (QuasiLocalMeasures):    ADM momentum y:            -0.665962E-02
INFO (QuasiLocalMeasures):    ADM momentum z:             0.939142E-14
INFO (QuasiLocalMeasures):    ADM angular momentum x:     0.658469E-14
INFO (QuasiLocalMeasures):    ADM angular momentum y:     0.113606E-14
INFO (QuasiLocalMeasures):    ADM angular momentum z:     0.347857E-01
INFO (QuasiLocalMeasures):    Landau-Lifshitz energy:                  6.30899
INFO (QuasiLocalMeasures):    Landau-Lifshitz momentum x:            -0.311070
INFO (QuasiLocalMeasures):    Landau-Lifshitz momentum y:            -0.385623E-01
INFO (QuasiLocalMeasures):    Landau-Lifshitz momentum z:            -0.757024E-14
INFO (QuasiLocalMeasures):    Landau-Lifshitz angular momentum x:     0.128760E-13
INFO (QuasiLocalMeasures):    Landau-Lifshitz angular momentum y:     0.209020E-16
INFO (QuasiLocalMeasures):    Landau-Lifshitz angular momentum z:     0.361737
     5248    10.250 |   17.0468960 |    0.0000057 |    0.0003801 |    0.3379331 |    0.3377906 |         -nan |   48.9983091 |    0.3382887 |         -nan
INFO (CarpetRegrid2): Centre 1 is at position [-0.0636965,1.04436,-2.47547e-17] with 7 levels
INFO (CarpetRegrid2): Centre 2 is at position [0.0636965,-1.04436,-2.22793e-16] with 7 levels
INFO (CarpetRegrid2): Centre 3 is not active
INFO (CarpetRegrid2): Refined regions have not changed sufficiently; skipping regridding
INFO (CarpetRegrid2): Centre 1 is at position [-0.0636965,1.04436,-2.47547e-17] with 7 levels
INFO (CarpetRegrid2): Centre 2 is at position [0.0636965,-1.04436,-2.22793e-16] with 7 levels
INFO (CarpetRegrid2): Centre 3 is not active
INFO (CarpetRegrid2): Refined regions have not changed sufficiently; skipping regridding
INFO (CarpetRegrid2): Centre 1 is at position [-0.0636965,1.04436,-2.47547e-17] with 7 levels
INFO (CarpetRegrid2): Centre 2 is at position [0.0636965,-1.04436,-2.22793e-16] with 7 levels
INFO (CarpetRegrid2): Centre 3 is not active
INFO (CarpetRegrid2): Refined regions have not changed sufficiently; skipping regridding
INFO (CarpetRegrid2): Centre 1 is at position [-0.0636965,1.04436,-2.47547e-17] with 7 levels
INFO (CarpetRegrid2): Centre 2 is at position [0.0636965,-1.04436,-2.22793e-16] with 7 levels
INFO (CarpetRegrid2): Centre 3 is not active
INFO (CarpetRegrid2): Refined regions have not changed sufficiently; skipping regridding
INFO (CarpetRegrid2): Centre 1 is at position [-0.0636965,1.04436,-2.47547e-17] with 7 levels
INFO (CarpetRegrid2): Centre 2 is at position [0.0636965,-1.04436,-2.22793e-16] with 7 levels
INFO (CarpetRegrid2): Centre 3 is not active
INFO (CarpetRegrid2): Refined regions have not changed sufficiently; skipping regridding
INFO (CarpetRegrid2): Centre 1 is at position [-0.0636965,1.04436,-2.47547e-17] with 7 levels
INFO (CarpetRegrid2): Centre 2 is at position [0.0636965,-1.04436,-2.22793e-16] with 7 levels
INFO (CarpetRegrid2): Centre 3 is not active
INFO (CarpetRegrid2): Refined regions have not changed sufficiently; skipping regridding
INFO (CarpetRegrid2): Centre 1 is at position [-0.0636965,1.04436,-2.47547e-17] with 7 levels
INFO (CarpetRegrid2): Centre 2 is at position [0.0636965,-1.04436,-2.22793e-16] with 7 levels
INFO (CarpetRegrid2): Centre 3 is not active
INFO (CarpetRegrid2): Refined regions have not changed sufficiently; skipping regridding
INFO (AHFinderDirect): proc 0: searching for horizons 1,5/6
INFO (AHFinderDirect): AH 4/6: r=48.9991 at (-0.000000,-0.000000,0.000000)
INFO (AHFinderDirect): AH 4/6: area=31415.91254 m_irreducible=24.99999443
INFO (AHFinderDirect): AH 1/6: r=0.339197 at (-0.106225,1.030903,0.000000)
INFO (AHFinderDirect): AH 1/6: area=13.45501498 m_irreducible=0.5173770558
INFO (AHFinderDirect): AH 2/6: r=0.339197 at (0.106225,-1.030903,-0.000000)
INFO (AHFinderDirect): AH 2/6: area=13.45501498 m_irreducible=0.5173770558
INFO (AHFinderDirect): AH 5/6: r=0.339553 at (-0.106185,1.030912,0.000000)
INFO (AHFinderDirect): AH 5/6: area=13.46486128 m_irreducible=0.5175663279
INFO (QuasiLocalMeasures): Calculating quasi-local quantities for surface    0
INFO (QuasiLocalMeasures): Importing from spherical surface    0
INFO (QuasiLocalMeasures): Geometric quantities for surface    0:
INFO (QuasiLocalMeasures):    Area A:                            13.4550
INFO (QuasiLocalMeasures):    Irreducible mass M = R/2:         0.517376
INFO (QuasiLocalMeasures):    Areal radius R = sqrt(A/4pi):      1.03475
INFO (QuasiLocalMeasures): Coordinate-dependent quantities for surface    0:
INFO (QuasiLocalMeasures):    Equatorial circumference:             6.50168
INFO (QuasiLocalMeasures):    Polar circumference at phi=0:         6.49925
INFO (QuasiLocalMeasures):    Polar circumference at phi=pi/2:      6.45460
INFO (QuasiLocalMeasures):    Spin guess J from distortion:        0.349220E-02
INFO (QuasiLocalMeasures):    Mass guess M from distortion:        0.517387
INFO (QuasiLocalMeasures): Isolated Horizon quantities for surface    0:
INFO (QuasiLocalMeasures):    Killing vector field eigenvalue norm:      1.00000
INFO (QuasiLocalMeasures):    Spin J:                                   0.410629E-03
INFO (QuasiLocalMeasures):    Kerr spin parameter a = J/M:              0.793676E-03
INFO (QuasiLocalMeasures):    Dimensionless spin parameter a = J/M^2:   0.153404E-02
INFO (QuasiLocalMeasures):    Spin J from NP:                          -0.641500E-01
INFO (QuasiLocalMeasures):    Spin J from phi-coordinate-vector:         0.00000
INFO (QuasiLocalMeasures):    Mass M:                                   0.517376
INFO (QuasiLocalMeasures): Global quantities for surface    0:
INFO (QuasiLocalMeasures):    ADM energy:                 -2.98083
INFO (QuasiLocalMeasures):    ADM momentum x:            -0.348959E-01
INFO (QuasiLocalMeasures):    ADM momentum y:            -0.832203E-02
INFO (QuasiLocalMeasures):    ADM momentum z:            -0.120601E-12
INFO (QuasiLocalMeasures):    ADM angular momentum x:    -0.835575E-13
INFO (QuasiLocalMeasures):    ADM angular momentum y:    -0.180698E-13
INFO (QuasiLocalMeasures):    ADM angular momentum z:     0.345190E-01
INFO (QuasiLocalMeasures):    Landau-Lifshitz energy:                  6.35234
INFO (QuasiLocalMeasures):    Landau-Lifshitz momentum x:            -0.311407
INFO (QuasiLocalMeasures):    Landau-Lifshitz momentum y:            -0.534469E-01
INFO (QuasiLocalMeasures):    Landau-Lifshitz momentum z:             0.136014E-12
INFO (QuasiLocalMeasures):    Landau-Lifshitz angular momentum x:    -0.164061E-12
INFO (QuasiLocalMeasures):    Landau-Lifshitz angular momentum y:    -0.599672E-14
INFO (QuasiLocalMeasures):    Landau-Lifshitz angular momentum z:     0.361116
     5376    10.500 |   17.0592379 |    0.0000075 |    0.0004106 |    0.3368335 |    0.3367025 |         -nan |   48.9988774 |    0.3371878 |         -nan
INFO (CarpetRegrid2): Centre 1 is at position [-0.106225,1.0309,1.23771e-16] with 7 levels
INFO (CarpetRegrid2): Centre 2 is at position [0.106225,-1.0309,-1.07268e-16] with 7 levels
INFO (CarpetRegrid2): Centre 3 is not active
INFO (CarpetRegrid2): Refined regions have not changed sufficiently; skipping regridding
INFO (CarpetRegrid2): Centre 1 is at position [-0.106225,1.0309,1.23771e-16] with 7 levels
INFO (CarpetRegrid2): Centre 2 is at position [0.106225,-1.0309,-1.07268e-16] with 7 levels
INFO (CarpetRegrid2): Centre 3 is not active
INFO (CarpetRegrid2): Refined regions have not changed sufficiently; skipping regridding
INFO (CarpetRegrid2): Centre 1 is at position [-0.106225,1.0309,1.23771e-16] with 7 levels
INFO (CarpetRegrid2): Centre 2 is at position [0.106225,-1.0309,-1.07268e-16] with 7 levels
INFO (CarpetRegrid2): Centre 3 is not active
INFO (CarpetRegrid2): Refined regions have not changed sufficiently; skipping regridding
INFO (CarpetRegrid2): Centre 1 is at position [-0.106225,1.0309,1.23771e-16] with 7 levels
INFO (CarpetRegrid2): Centre 2 is at position [0.106225,-1.0309,-1.07268e-16] with 7 levels
INFO (CarpetRegrid2): Centre 3 is not active
INFO (CarpetRegrid2): Refined regions have not changed sufficiently; skipping regridding
INFO (CarpetRegrid2): Centre 1 is at position [-0.106225,1.0309,1.23771e-16] with 7 levels
INFO (CarpetRegrid2): Centre 2 is at position [0.106225,-1.0309,-1.07268e-16] with 7 levels
INFO (CarpetRegrid2): Centre 3 is not active
INFO (CarpetRegrid2): Refined regions have not changed sufficiently; skipping regridding
INFO (CarpetRegrid2): Centre 1 is at position [-0.106225,1.0309,1.23771e-16] with 7 levels
INFO (CarpetRegrid2): Centre 2 is at position [0.106225,-1.0309,-1.07268e-16] with 7 levels
INFO (CarpetRegrid2): Centre 3 is not active
INFO (CarpetRegrid2): Refined regions have not changed sufficiently; skipping regridding
INFO (CarpetRegrid2): Centre 1 is at position [-0.106225,1.0309,1.23771e-16] with 7 levels
INFO (CarpetRegrid2): Centre 2 is at position [0.106225,-1.0309,-1.07268e-16] with 7 levels
INFO (CarpetRegrid2): Centre 3 is not active
INFO (CarpetRegrid2): Refined regions have not changed sufficiently; skipping regridding
INFO (AHFinderDirect): proc 0: searching for horizons 1,5/6
INFO (AHFinderDirect): AH 4/6: r=48.9996 at (-0.000000,0.000000,-0.000000)
INFO (AHFinderDirect): AH 4/6: area=31415.91223 m_irreducible=24.99999431
INFO (AHFinderDirect): AH 1/6: r=0.338043 at (-0.148096,1.015781,0.000000)
INFO (AHFinderDirect): AH 1/6: area=13.45533774 m_irreducible=0.5173832613
INFO (AHFinderDirect): AH 2/6: r=0.338043 at (0.148096,-1.015781,-0.000000)
INFO (AHFinderDirect): AH 2/6: area=13.45533774 m_irreducible=0.5173832613
INFO (AHFinderDirect): AH 5/6: r=0.338398 at (-0.148057,1.015792,-0.000000)
INFO (AHFinderDirect): AH 5/6: area=13.46520212 m_irreducible=0.5175728786
INFO (QuasiLocalMeasures): Calculating quasi-local quantities for surface    0
INFO (QuasiLocalMeasures): Importing from spherical surface    0
INFO (QuasiLocalMeasures): Geometric quantities for surface    0:
INFO (QuasiLocalMeasures):    Area A:                            13.4553
INFO (QuasiLocalMeasures):    Irreducible mass M = R/2:         0.517382
INFO (QuasiLocalMeasures):    Areal radius R = sqrt(A/4pi):      1.03476
INFO (QuasiLocalMeasures): Coordinate-dependent quantities for surface    0:
INFO (QuasiLocalMeasures):    Equatorial circumference:             6.49798
INFO (QuasiLocalMeasures):    Polar circumference at phi=0:         6.49917
INFO (QuasiLocalMeasures):    Polar circumference at phi=pi/2:      6.45899
INFO (QuasiLocalMeasures):    No valid spin guess from distortion.
INFO (QuasiLocalMeasures):    (Spin guess is imaginary.)
INFO (QuasiLocalMeasures):    Magnitude of invalid spin guess:     0.179064E-01
INFO (QuasiLocalMeasures):    Mass guess M from distortion:        0.517093
INFO (QuasiLocalMeasures): Isolated Horizon quantities for surface    0:
INFO (QuasiLocalMeasures):    Killing vector field eigenvalue norm:     0.999938
INFO (QuasiLocalMeasures):    Spin J:                                   0.436370E-03
INFO (QuasiLocalMeasures):    Kerr spin parameter a = J/M:              0.843419E-03
INFO (QuasiLocalMeasures):    Dimensionless spin parameter a = J/M^2:   0.163017E-02
INFO (QuasiLocalMeasures):    Spin J from NP:                          -0.652443E-01
INFO (QuasiLocalMeasures):    Spin J from phi-coordinate-vector:         0.00000
INFO (QuasiLocalMeasures):    Mass M:                                   0.517382
INFO (QuasiLocalMeasures): Global quantities for surface    0:
INFO (QuasiLocalMeasures):    ADM energy:                 -3.00263
INFO (QuasiLocalMeasures):    ADM momentum x:            -0.343728E-01
INFO (QuasiLocalMeasures):    ADM momentum y:            -0.997955E-02
INFO (QuasiLocalMeasures):    ADM momentum z:            -0.329530E-13
INFO (QuasiLocalMeasures):    ADM angular momentum x:    -0.225305E-13
INFO (QuasiLocalMeasures):    ADM angular momentum y:    -0.588754E-14
INFO (QuasiLocalMeasures):    ADM angular momentum z:     0.342905E-01
INFO (QuasiLocalMeasures):    Landau-Lifshitz energy:                  6.39655
INFO (QuasiLocalMeasures):    Landau-Lifshitz momentum x:            -0.311381
INFO (QuasiLocalMeasures):    Landau-Lifshitz momentum y:            -0.683179E-01
INFO (QuasiLocalMeasures):    Landau-Lifshitz momentum z:             0.480674E-13
INFO (QuasiLocalMeasures):    Landau-Lifshitz angular momentum x:    -0.446183E-13
INFO (QuasiLocalMeasures):    Landau-Lifshitz angular momentum y:    -0.320465E-14
INFO (QuasiLocalMeasures):    Landau-Lifshitz angular momentum z:     0.360769
     5504    10.750 |   17.0905871 |    0.0000045 |    0.0004364 |    0.3356955 |    0.3355773 |         -nan |   48.9994595 |    0.3360491 |         -nan
INFO (CarpetRegrid2): Centre 1 is at position [-0.148096,1.01578,5.77582e-17] with 7 levels
INFO (CarpetRegrid2): Centre 2 is at position [0.148096,-1.01578,-4.9507e-17] with 7 levels
INFO (CarpetRegrid2): Centre 3 is not active
INFO (CarpetRegrid2): Regridding level 0 map 0 at iteration 5505 time 11
INFO (CarpetRegrid2): Regridding levels 2 and up
INFO (CarpetRegrid2): Enforcing grid structure properties, iteration 0
INFO (CarpetRegrid2): Enforcing grid structure properties, iteration 1
INFO (CarpetRegrid2): Enforcing grid structure properties, iteration 0
INFO (CarpetRegrid2): Enforcing grid structure properties, iteration 1
INFO (CarpetRegrid2): Enforcing grid structure properties, iteration 0
INFO (CarpetRegrid2): Enforcing grid structure properties, iteration 1
INFO (CarpetRegrid2): Enforcing grid structure properties, iteration 0
INFO (CarpetRegrid2): Enforcing grid structure properties, iteration 1
INFO (CarpetRegrid2): Enforcing grid structure properties, iteration 0
INFO (CarpetRegrid2): Enforcing grid structure properties, iteration 1
INFO (Carpet): Grid structure (superregions, grid points):
   [0][0][0]   exterior: [0,0,0] : [65,124,65]   ([66,125,66] + PADDING) 544500
   [1][0][0]   exterior: [3,50,3] : [80,198,79]   ([78,149,77] + PADDING) 894894
   [2][0][0]   exterior: [9,205,9] : [53,291,53]   ([45,87,45] + PADDING) 176175
   [3][0][0]   exterior: [21,451,21] : [66,541,65]   ([46,91,45] + PADDING) 188370
   [4][0][0]   exterior: [45,943,45] : [90,1041,89]   ([46,99,45] + PADDING) 204930
   [5][0][0]   exterior: [93,1927,93] : [139,2041,137]   ([47,115,45] + PADDING) 243225
   [6][0][0]   exterior: [189,3894,189] : [238,4042,233]   ([50,149,45] + PADDING) 335250
INFO (Carpet): Grid structure (superregions, coordinates):
   [0][0][0]   exterior: [-6.000,-124.000,-6.000] : [124.000,124.000,124.000] : [2.000,2.000,2.000]
   [1][0][0]   exterior: [-3.000,-74.000,-3.000] : [74.000,74.000,73.000] : [1.000,1.000,1.000]
   [2][0][0]   exterior: [-1.500,-21.500,-1.500] : [20.500,21.500,20.500] : [0.500,0.500,0.500]
   [3][0][0]   exterior: [-0.750,-11.250,-0.750] : [10.500,11.250,10.250] : [0.250,0.250,0.250]
   [4][0][0]   exterior: [-0.375,-6.125,-0.375] : [5.250,6.125,5.125] : [0.125,0.125,0.125]
   [5][0][0]   exterior: [-0.188,-3.562,-0.188] : [2.688,3.562,2.562] : [0.062,0.062,0.062]
   [6][0][0]   exterior: [-0.094,-2.312,-0.094] : [1.438,2.312,1.281] : [0.031,0.031,0.031]
INFO (Carpet): Global grid structure statistics:
INFO (Carpet): GF: rhs: 289k active, 514k owned (+78%), 876k total (+70%), 128 steps/time
INFO (Carpet): GF: vars: 271, pts: 410M active, 612M owned (+49%), 994M total (+62%), 1.0 comp/proc
INFO (Carpet): GA: vars: 1508, pts: 10M active, 10M total (+0%)
INFO (Carpet): Total required memory: 8.041 GByte (for GAs and currently active GFs)
INFO (Carpet): Load balance:  min     avg     max     sdv     max/avg-1
INFO (Carpet): Level  0:      14M     15M     16M      1M owned      8%
INFO (Carpet): Level  1:      27M     28M     30M      1M owned      6%
INFO (Carpet): Level  2:       5M      5M      6M      0M owned      6%
INFO (Carpet): Level  3:       5M      6M      6M      0M owned      8%
INFO (Carpet): Level  4:       5M      6M      7M      0M owned      8%
INFO (Carpet): Level  5:       7M      7M      8M      0M owned      5%
INFO (Carpet): Level  6:       9M     10M     11M      1M owned      9%
INFO (AHFinderDirect): proc 0: searching for horizons 1,5/6
INFO (AHFinderDirect): AH 4/6: r=49.0002 at (-0.000000,0.000000,0.000000)
INFO (AHFinderDirect): AH 4/6: area=31415.91192 m_irreducible=24.99999418
INFO (AHFinderDirect): AH 1/6: r=0.336902 at (-0.189234,0.998982,0.000000)
INFO (AHFinderDirect): AH 1/6: area=13.45588818 m_irreducible=0.5173938438
INFO (AHFinderDirect): AH 2/6: r=0.336902 at (0.189234,-0.998982,-0.000000)
INFO (AHFinderDirect): AH 2/6: area=13.45588818 m_irreducible=0.5173938438
INFO (AHFinderDirect): AH 5/6: r=0.337256 at (-0.189195,0.998995,-0.000000)
INFO (AHFinderDirect): AH 5/6: area=13.46577579 m_irreducible=0.5175839039
INFO (QuasiLocalMeasures): Calculating quasi-local quantities for surface    0
INFO (QuasiLocalMeasures): Importing from spherical surface    0
INFO (QuasiLocalMeasures): Geometric quantities for surface    0:
INFO (QuasiLocalMeasures):    Area A:                            13.4558
INFO (QuasiLocalMeasures):    Irreducible mass M = R/2:         0.517393
INFO (QuasiLocalMeasures):    Areal radius R = sqrt(A/4pi):      1.03479
INFO (QuasiLocalMeasures): Coordinate-dependent quantities for surface    0:
INFO (QuasiLocalMeasures):    Equatorial circumference:             6.49572
INFO (QuasiLocalMeasures):    Polar circumference at phi=0:         6.49835
INFO (QuasiLocalMeasures):    Polar circumference at phi=pi/2:      6.46202
INFO (QuasiLocalMeasures):    No valid spin guess from distortion.
INFO (QuasiLocalMeasures):    (Spin guess is imaginary.)
INFO (QuasiLocalMeasures):    Magnitude of invalid spin guess:     0.230617E-01
INFO (QuasiLocalMeasures):    Mass guess M from distortion:        0.516913
INFO (QuasiLocalMeasures): Isolated Horizon quantities for surface    0:
INFO (QuasiLocalMeasures):    Killing vector field eigenvalue norm:      1.00001
INFO (QuasiLocalMeasures):    Spin J:                                   0.456314E-03
INFO (QuasiLocalMeasures):    Kerr spin parameter a = J/M:              0.881949E-03
INFO (QuasiLocalMeasures):    Dimensionless spin parameter a = J/M^2:   0.170460E-02
INFO (QuasiLocalMeasures):    Spin J from NP:                          -0.664491E-01
INFO (QuasiLocalMeasures):    Spin J from phi-coordinate-vector:         0.00000
INFO (QuasiLocalMeasures):    Mass M:                                   0.517393
INFO (QuasiLocalMeasures): Global quantities for surface    0:
INFO (QuasiLocalMeasures):    ADM energy:                 -3.02499
INFO (QuasiLocalMeasures):    ADM momentum x:            -0.337759E-01
INFO (QuasiLocalMeasures):    ADM momentum y:            -0.116316E-01
INFO (QuasiLocalMeasures):    ADM momentum z:            -0.867814E-14
INFO (QuasiLocalMeasures):    ADM angular momentum x:    -0.584022E-14
INFO (QuasiLocalMeasures):    ADM angular momentum y:    -0.179774E-14
INFO (QuasiLocalMeasures):    ADM angular momentum z:     0.340890E-01
INFO (QuasiLocalMeasures):    Landau-Lifshitz energy:                  6.44187
INFO (QuasiLocalMeasures):    Landau-Lifshitz momentum x:            -0.310968
INFO (QuasiLocalMeasures):    Landau-Lifshitz momentum y:            -0.831652E-01
INFO (QuasiLocalMeasures):    Landau-Lifshitz momentum z:             0.154352E-13
INFO (QuasiLocalMeasures):    Landau-Lifshitz angular momentum x:    -0.118827E-13
INFO (QuasiLocalMeasures):    Landau-Lifshitz angular momentum y:    -0.131021E-14
INFO (QuasiLocalMeasures):    Landau-Lifshitz angular momentum z:     0.360695
     5632    11.000 |   17.0330541 |    0.0000051 |    0.0004563 |    0.3345198 |    0.3344155 |         -nan |   49.0000552 |    0.3348726 |         -nan
INFO (CarpetRegrid2): Centre 1 is at position [-0.189234,0.998982,4.9505e-17] with 7 levels
INFO (CarpetRegrid2): Centre 2 is at position [0.189234,-0.998982,-6.60067e-17] with 7 levels
INFO (CarpetRegrid2): Centre 3 is not active
INFO (CarpetRegrid2): Refined regions have not changed sufficiently; skipping regridding
INFO (CarpetRegrid2): Centre 1 is at position [-0.189234,0.998982,4.9505e-17] with 7 levels
INFO (CarpetRegrid2): Centre 2 is at position [0.189234,-0.998982,-6.60067e-17] with 7 levels
INFO (CarpetRegrid2): Centre 3 is not active
INFO (CarpetRegrid2): Refined regions have not changed sufficiently; skipping regridding
INFO (CarpetRegrid2): Centre 1 is at position [-0.189234,0.998982,4.9505e-17] with 7 levels
INFO (CarpetRegrid2): Centre 2 is at position [0.189234,-0.998982,-6.60067e-17] with 7 levels
INFO (CarpetRegrid2): Centre 3 is not active
INFO (CarpetRegrid2): Refined regions have not changed sufficiently; skipping regridding
INFO (CarpetRegrid2): Centre 1 is at position [-0.189234,0.998982,4.9505e-17] with 7 levels
INFO (CarpetRegrid2): Centre 2 is at position [0.189234,-0.998982,-6.60067e-17] with 7 levels
INFO (CarpetRegrid2): Centre 3 is not active
INFO (CarpetRegrid2): Refined regions have not changed sufficiently; skipping regridding
INFO (CarpetRegrid2): Centre 1 is at position [-0.189234,0.998982,4.9505e-17] with 7 levels
INFO (CarpetRegrid2): Centre 2 is at position [0.189234,-0.998982,-6.60067e-17] with 7 levels
INFO (CarpetRegrid2): Centre 3 is not active
INFO (CarpetRegrid2): Refined regions have not changed sufficiently; skipping regridding
INFO (CarpetRegrid2): Centre 1 is at position [-0.189234,0.998982,4.9505e-17] with 7 levels
INFO (CarpetRegrid2): Centre 2 is at position [0.189234,-0.998982,-6.60067e-17] with 7 levels
INFO (CarpetRegrid2): Centre 3 is not active
INFO (CarpetRegrid2): Refined regions have not changed sufficiently; skipping regridding
INFO (CarpetRegrid2): Centre 1 is at position [-0.189234,0.998982,4.9505e-17] with 7 levels
INFO (CarpetRegrid2): Centre 2 is at position [0.189234,-0.998982,-6.60067e-17] with 7 levels
INFO (CarpetRegrid2): Centre 3 is not active
INFO (CarpetRegrid2): Refined regions have not changed sufficiently; skipping regridding
INFO (AHFinderDirect): proc 0: searching for horizons 1,5/6
INFO (AHFinderDirect): AH 4/6: r=49.0009 at (0.000000,-0.000000,0.000000)
INFO (AHFinderDirect): AH 4/6: area=31415.91161 m_irreducible=24.99999406
INFO (AHFinderDirect): AH 1/6: r=0.335754 at (-0.229539,0.980494,-0.000000)
INFO (AHFinderDirect): AH 1/6: area=13.45628333 m_irreducible=0.5174014408
INFO (AHFinderDirect): AH 2/6: r=0.335754 at (0.229539,-0.980494,-0.000000)
INFO (AHFinderDirect): AH 2/6: area=13.45628333 m_irreducible=0.5174014408
INFO (AHFinderDirect): AH 5/6: r=0.336105 at (-0.229500,0.980508,0.000000)
INFO (AHFinderDirect): AH 5/6: area=13.46614746 m_irreducible=0.5175910467
INFO (QuasiLocalMeasures): Calculating quasi-local quantities for surface    0
INFO (QuasiLocalMeasures): Importing from spherical surface    0
INFO (QuasiLocalMeasures): Geometric quantities for surface    0:
INFO (QuasiLocalMeasures):    Area A:                            13.4562
INFO (QuasiLocalMeasures):    Irreducible mass M = R/2:         0.517400
INFO (QuasiLocalMeasures):    Areal radius R = sqrt(A/4pi):      1.03480
INFO (QuasiLocalMeasures): Coordinate-dependent quantities for surface    0:
INFO (QuasiLocalMeasures):    Equatorial circumference:             6.49486
INFO (QuasiLocalMeasures):    Polar circumference at phi=0:         6.49661
INFO (QuasiLocalMeasures):    Polar circumference at phi=pi/2:      6.46359
INFO (QuasiLocalMeasures):    No valid spin guess from distortion.
INFO (QuasiLocalMeasures):    (Spin guess is imaginary.)
INFO (QuasiLocalMeasures):    Magnitude of invalid spin guess:     0.248172E-01
INFO (QuasiLocalMeasures):    Mass guess M from distortion:        0.516844
INFO (QuasiLocalMeasures): Isolated Horizon quantities for surface    0:
INFO (QuasiLocalMeasures):    Killing vector field eigenvalue norm:      1.00007
INFO (QuasiLocalMeasures):    Spin J:                                   0.476829E-03
INFO (QuasiLocalMeasures):    Kerr spin parameter a = J/M:              0.921587E-03
INFO (QuasiLocalMeasures):    Dimensionless spin parameter a = J/M^2:   0.178119E-02
INFO (QuasiLocalMeasures):    Spin J from NP:                          -0.677899E-01
INFO (QuasiLocalMeasures):    Spin J from phi-coordinate-vector:         0.00000
INFO (QuasiLocalMeasures):    Mass M:                                   0.517401
INFO (QuasiLocalMeasures): Global quantities for surface    0:
INFO (QuasiLocalMeasures):    ADM energy:                 -3.04816
INFO (QuasiLocalMeasures):    ADM momentum x:            -0.331113E-01
INFO (QuasiLocalMeasures):    ADM momentum y:            -0.132777E-01
INFO (QuasiLocalMeasures):    ADM momentum z:            -0.533957E-12
INFO (QuasiLocalMeasures):    ADM angular momentum x:    -0.352355E-12
INFO (QuasiLocalMeasures):    ADM angular momentum y:    -0.125206E-12
INFO (QuasiLocalMeasures):    ADM angular momentum z:     0.339002E-01
INFO (QuasiLocalMeasures):    Landau-Lifshitz energy:                  6.48877
INFO (QuasiLocalMeasures):    Landau-Lifshitz momentum x:            -0.310091
INFO (QuasiLocalMeasures):    Landau-Lifshitz momentum y:            -0.979742E-01
INFO (QuasiLocalMeasures):    Landau-Lifshitz momentum z:             0.114883E-11
INFO (QuasiLocalMeasures):    Landau-Lifshitz angular momentum x:    -0.723205E-12
INFO (QuasiLocalMeasures):    Landau-Lifshitz angular momentum y:    -0.102512E-12
INFO (QuasiLocalMeasures):    Landau-Lifshitz angular momentum z:     0.360859
     5760    11.250 |   17.0678904 |    0.0000064 |    0.0004768 |    0.3332876 |    0.3331978 |         -nan |   49.0006646 |    0.3336381 |         -nan
INFO (CarpetRegrid2): Centre 1 is at position [-0.229539,0.980494,-8.25059e-18] with 7 levels
INFO (CarpetRegrid2): Centre 2 is at position [0.229539,-0.980494,-1.48511e-16] with 7 levels
INFO (CarpetRegrid2): Centre 3 is not active
INFO (CarpetRegrid2): Refined regions have not changed sufficiently; skipping regridding
INFO (CarpetRegrid2): Centre 1 is at position [-0.229539,0.980494,-8.25059e-18] with 7 levels
INFO (CarpetRegrid2): Centre 2 is at position [0.229539,-0.980494,-1.48511e-16] with 7 levels
INFO (CarpetRegrid2): Centre 3 is not active
INFO (CarpetRegrid2): Refined regions have not changed sufficiently; skipping regridding
INFO (CarpetRegrid2): Centre 1 is at position [-0.229539,0.980494,-8.25059e-18] with 7 levels
INFO (CarpetRegrid2): Centre 2 is at position [0.229539,-0.980494,-1.48511e-16] with 7 levels
INFO (CarpetRegrid2): Centre 3 is not active
INFO (CarpetRegrid2): Refined regions have not changed sufficiently; skipping regridding
INFO (CarpetRegrid2): Centre 1 is at position [-0.229539,0.980494,-8.25059e-18] with 7 levels
INFO (CarpetRegrid2): Centre 2 is at position [0.229539,-0.980494,-1.48511e-16] with 7 levels
INFO (CarpetRegrid2): Centre 3 is not active
INFO (CarpetRegrid2): Refined regions have not changed sufficiently; skipping regridding
INFO (CarpetRegrid2): Centre 1 is at position [-0.229539,0.980494,-8.25059e-18] with 7 levels
INFO (CarpetRegrid2): Centre 2 is at position [0.229539,-0.980494,-1.48511e-16] with 7 levels
INFO (CarpetRegrid2): Centre 3 is not active
INFO (CarpetRegrid2): Refined regions have not changed sufficiently; skipping regridding
INFO (CarpetRegrid2): Centre 1 is at position [-0.229539,0.980494,-8.25059e-18] with 7 levels
INFO (CarpetRegrid2): Centre 2 is at position [0.229539,-0.980494,-1.48511e-16] with 7 levels
INFO (CarpetRegrid2): Centre 3 is not active
INFO (CarpetRegrid2): Refined regions have not changed sufficiently; skipping regridding
INFO (CarpetRegrid2): Centre 1 is at position [-0.229539,0.980494,-8.25059e-18] with 7 levels
INFO (CarpetRegrid2): Centre 2 is at position [0.229539,-0.980494,-1.48511e-16] with 7 levels
INFO (CarpetRegrid2): Centre 3 is not active
INFO (CarpetRegrid2): Refined regions have not changed sufficiently; skipping regridding
INFO (AHFinderDirect): proc 0: searching for horizons 1,5/6
INFO (AHFinderDirect): AH 4/6: r=49.0015 at (-0.000000,-0.000000,-0.000000)
INFO (AHFinderDirect): AH 4/6: area=31415.91131 m_irreducible=24.99999394
INFO (AHFinderDirect): AH 1/6: r=0.33458 at (-0.268915,0.960305,-0.000000)
INFO (AHFinderDirect): AH 1/6: area=13.45626182 m_irreducible=0.5174010273
INFO (AHFinderDirect): AH 2/6: r=0.33458 at (0.268915,-0.960305,-0.000000)
INFO (AHFinderDirect): AH 2/6: area=13.45626182 m_irreducible=0.5174010273
INFO (AHFinderDirect): AH 5/6: r=0.334931 at (-0.268876,0.960321,-0.000000)
INFO (AHFinderDirect): AH 5/6: area=13.46614943 m_irreducible=0.5175910846
INFO (QuasiLocalMeasures): Calculating quasi-local quantities for surface    0
INFO (QuasiLocalMeasures): Importing from spherical surface    0
INFO (QuasiLocalMeasures): Geometric quantities for surface    0:
INFO (QuasiLocalMeasures):    Area A:                            13.4562
INFO (QuasiLocalMeasures):    Irreducible mass M = R/2:         0.517400
INFO (QuasiLocalMeasures):    Areal radius R = sqrt(A/4pi):      1.03480
INFO (QuasiLocalMeasures): Coordinate-dependent quantities for surface    0:
INFO (QuasiLocalMeasures):    Equatorial circumference:             6.49551
INFO (QuasiLocalMeasures):    Polar circumference at phi=0:         6.49345
INFO (QuasiLocalMeasures):    Polar circumference at phi=pi/2:      6.46377
INFO (QuasiLocalMeasures):    No valid spin guess from distortion.
INFO (QuasiLocalMeasures):    (Spin guess is imaginary.)
INFO (QuasiLocalMeasures):    Magnitude of invalid spin guess:     0.236144E-01
INFO (QuasiLocalMeasures):    Mass guess M from distortion:        0.516896
INFO (QuasiLocalMeasures): Isolated Horizon quantities for surface    0:
INFO (QuasiLocalMeasures):    Killing vector field eigenvalue norm:     0.999995
INFO (QuasiLocalMeasures):    Spin J:                                   0.496955E-03
INFO (QuasiLocalMeasures):    Kerr spin parameter a = J/M:              0.960486E-03
INFO (QuasiLocalMeasures):    Dimensionless spin parameter a = J/M^2:   0.185637E-02
INFO (QuasiLocalMeasures):    Spin J from NP:                          -0.692951E-01
INFO (QuasiLocalMeasures):    Spin J from phi-coordinate-vector:         0.00000
INFO (QuasiLocalMeasures):    Mass M:                                   0.517400
INFO (QuasiLocalMeasures): Global quantities for surface    0:
INFO (QuasiLocalMeasures):    ADM energy:                 -3.07257
INFO (QuasiLocalMeasures):    ADM momentum x:            -0.323870E-01
INFO (QuasiLocalMeasures):    ADM momentum y:            -0.149218E-01
INFO (QuasiLocalMeasures):    ADM momentum z:            -0.189960E-16
INFO (QuasiLocalMeasures):    ADM angular momentum x:    -0.119651E-16
INFO (QuasiLocalMeasures):    ADM angular momentum y:    -0.573100E-17
INFO (QuasiLocalMeasures):    ADM angular momentum z:     0.337146E-01
INFO (QuasiLocalMeasures):    Landau-Lifshitz energy:                  6.53789
INFO (QuasiLocalMeasures):    Landau-Lifshitz momentum x:            -0.308715
INFO (QuasiLocalMeasures):    Landau-Lifshitz momentum y:            -0.112771
INFO (QuasiLocalMeasures):    Landau-Lifshitz momentum z:             0.970403E-16
INFO (QuasiLocalMeasures):    Landau-Lifshitz angular momentum x:     0.274122E-16
INFO (QuasiLocalMeasures):    Landau-Lifshitz angular momentum y:    -0.927921E-20
INFO (QuasiLocalMeasures):    Landau-Lifshitz angular momentum z:     0.361271
     5888    11.500 |   17.0866592 |    0.0000075 |    0.0004970 |    0.3319810 |    0.3319084 |         -nan |   49.0012877 |    0.3323306 |         -nan
INFO (CarpetRegrid2): Centre 1 is at position [-0.268915,0.960305,-8.25061e-18] with 7 levels
INFO (CarpetRegrid2): Centre 2 is at position [0.268915,-0.960305,-3.30024e-17] with 7 levels
INFO (CarpetRegrid2): Centre 3 is not active
INFO (CarpetRegrid2): Refined regions have not changed sufficiently; skipping regridding
INFO (CarpetRegrid2): Centre 1 is at position [-0.268915,0.960305,-8.25061e-18] with 7 levels
INFO (CarpetRegrid2): Centre 2 is at position [0.268915,-0.960305,-3.30024e-17] with 7 levels
INFO (CarpetRegrid2): Centre 3 is not active
INFO (CarpetRegrid2): Refined regions have not changed sufficiently; skipping regridding
INFO (CarpetRegrid2): Centre 1 is at position [-0.268915,0.960305,-8.25061e-18] with 7 levels
INFO (CarpetRegrid2): Centre 2 is at position [0.268915,-0.960305,-3.30024e-17] with 7 levels
INFO (CarpetRegrid2): Centre 3 is not active
INFO (CarpetRegrid2): Refined regions have not changed sufficiently; skipping regridding
INFO (CarpetRegrid2): Centre 1 is at position [-0.268915,0.960305,-8.25061e-18] with 7 levels
INFO (CarpetRegrid2): Centre 2 is at position [0.268915,-0.960305,-3.30024e-17] with 7 levels
INFO (CarpetRegrid2): Centre 3 is not active
INFO (CarpetRegrid2): Refined regions have not changed sufficiently; skipping regridding
INFO (CarpetRegrid2): Centre 1 is at position [-0.268915,0.960305,-8.25061e-18] with 7 levels
INFO (CarpetRegrid2): Centre 2 is at position [0.268915,-0.960305,-3.30024e-17] with 7 levels
INFO (CarpetRegrid2): Centre 3 is not active
INFO (CarpetRegrid2): Refined regions have not changed sufficiently; skipping regridding
INFO (CarpetRegrid2): Centre 1 is at position [-0.268915,0.960305,-8.25061e-18] with 7 levels
INFO (CarpetRegrid2): Centre 2 is at position [0.268915,-0.960305,-3.30024e-17] with 7 levels
INFO (CarpetRegrid2): Centre 3 is not active
INFO (CarpetRegrid2): Refined regions have not changed sufficiently; skipping regridding
INFO (CarpetRegrid2): Centre 1 is at position [-0.268915,0.960305,-8.25061e-18] with 7 levels
INFO (CarpetRegrid2): Centre 2 is at position [0.268915,-0.960305,-3.30024e-17] with 7 levels
INFO (CarpetRegrid2): Centre 3 is not active
INFO (CarpetRegrid2): Refined regions have not changed sufficiently; skipping regridding
INFO (AHFinderDirect): proc 0: searching for horizons 1,5/6
INFO (AHFinderDirect): AH 4/6: r=49.0021 at (-0.000000,0.000000,0.000000)
INFO (AHFinderDirect): AH 4/6: area=31415.911 m_irreducible=24.99999382
INFO (AHFinderDirect): AH 1/6: r=0.333397 at (-0.307269,0.938404,0.000000)
INFO (AHFinderDirect): AH 1/6: area=13.45628303 m_irreducible=0.5174014351
INFO (AHFinderDirect): AH 2/6: r=0.333397 at (0.307269,-0.938404,0.000000)
INFO (AHFinderDirect): AH 2/6: area=13.45628303 m_irreducible=0.5174014351
INFO (AHFinderDirect): AH 5/6: r=0.333747 at (-0.307231,0.938422,-0.000000)
INFO (AHFinderDirect): AH 5/6: area=13.46619655 m_irreducible=0.5175919901
INFO (QuasiLocalMeasures): Calculating quasi-local quantities for surface    0
INFO (QuasiLocalMeasures): Importing from spherical surface    0
INFO (QuasiLocalMeasures): Geometric quantities for surface    0:
INFO (QuasiLocalMeasures):    Area A:                            13.4562
INFO (QuasiLocalMeasures):    Irreducible mass M = R/2:         0.517400
INFO (QuasiLocalMeasures):    Areal radius R = sqrt(A/4pi):      1.03480
INFO (QuasiLocalMeasures): Coordinate-dependent quantities for surface    0:
INFO (QuasiLocalMeasures):    Equatorial circumference:             6.49780
INFO (QuasiLocalMeasures):    Polar circumference at phi=0:         6.48902
INFO (QuasiLocalMeasures):    Polar circumference at phi=pi/2:      6.46265
INFO (QuasiLocalMeasures):    No valid spin guess from distortion.
INFO (QuasiLocalMeasures):    (Spin guess is imaginary.)
INFO (QuasiLocalMeasures):    Magnitude of invalid spin guess:     0.188926E-01
INFO (QuasiLocalMeasures):    Mass guess M from distortion:        0.517078
INFO (QuasiLocalMeasures): Isolated Horizon quantities for surface    0:
INFO (QuasiLocalMeasures):    Killing vector field eigenvalue norm:      1.00001
INFO (QuasiLocalMeasures):    Spin J:                                   0.513241E-03
INFO (QuasiLocalMeasures):    Kerr spin parameter a = J/M:              0.991960E-03
INFO (QuasiLocalMeasures):    Dimensionless spin parameter a = J/M^2:   0.191720E-02
INFO (QuasiLocalMeasures):    Spin J from NP:                          -0.709459E-01
INFO (QuasiLocalMeasures):    Spin J from phi-coordinate-vector:         0.00000
INFO (QuasiLocalMeasures):    Mass M:                                   0.517401
INFO (QuasiLocalMeasures): Global quantities for surface    0:
INFO (QuasiLocalMeasures):    ADM energy:                 -3.09806
INFO (QuasiLocalMeasures):    ADM momentum x:            -0.316064E-01
INFO (QuasiLocalMeasures):    ADM momentum y:            -0.165688E-01
INFO (QuasiLocalMeasures):    ADM momentum z:             0.279679E-12
INFO (QuasiLocalMeasures):    ADM angular momentum x:     0.175970E-12
INFO (QuasiLocalMeasures):    ADM angular momentum y:     0.804492E-13
INFO (QuasiLocalMeasures):    ADM angular momentum z:     0.335232E-01
INFO (QuasiLocalMeasures):    Landau-Lifshitz energy:                  6.58913
INFO (QuasiLocalMeasures):    Landau-Lifshitz momentum x:            -0.306793
INFO (QuasiLocalMeasures):    Landau-Lifshitz momentum y:            -0.127581
INFO (QuasiLocalMeasures):    Landau-Lifshitz momentum z:            -0.808933E-12
INFO (QuasiLocalMeasures):    Landau-Lifshitz angular momentum x:     0.375962E-12
INFO (QuasiLocalMeasures):    Landau-Lifshitz angular momentum y:     0.819517E-13
INFO (QuasiLocalMeasures):    Landau-Lifshitz angular momentum z:     0.361906
     6016    11.750 |   17.1265569 |    0.0000058 |    0.0005132 |    0.3306149 |    0.3305627 |         -nan |   49.0019244 |    0.3309636 |         -nan
INFO (CarpetRegrid2): Centre 1 is at position [-0.307269,0.938404,4.1253e-17] with 7 levels
INFO (CarpetRegrid2): Centre 2 is at position [0.307269,-0.938404,7.42553e-17] with 7 levels
INFO (CarpetRegrid2): Centre 3 is not active
INFO (CarpetRegrid2): Regridding level 0 map 0 at iteration 6017 time 12
INFO (CarpetRegrid2): Regridding levels 2 and up
INFO (CarpetRegrid2): Enforcing grid structure properties, iteration 0
INFO (CarpetRegrid2): Enforcing grid structure properties, iteration 1
INFO (CarpetRegrid2): Enforcing grid structure properties, iteration 0
INFO (CarpetRegrid2): Enforcing grid structure properties, iteration 1
INFO (CarpetRegrid2): Enforcing grid structure properties, iteration 0
INFO (CarpetRegrid2): Enforcing grid structure properties, iteration 1
INFO (CarpetRegrid2): Enforcing grid structure properties, iteration 0
INFO (CarpetRegrid2): Enforcing grid structure properties, iteration 1
INFO (CarpetRegrid2): Enforcing grid structure properties, iteration 0
INFO (CarpetRegrid2): Enforcing grid structure properties, iteration 1
INFO (Carpet): Grid structure (superregions, grid points):
   [0][0][0]   exterior: [0,0,0] : [65,124,65]   ([66,125,66] + PADDING) 544500
   [1][0][0]   exterior: [3,50,3] : [80,198,79]   ([78,149,77] + PADDING) 894894
   [2][0][0]   exterior: [9,205,9] : [54,291,53]   ([46,87,45] + PADDING) 180090
   [3][0][0]   exterior: [21,451,21] : [66,541,65]   ([46,91,45] + PADDING) 188370
   [4][0][0]   exterior: [45,943,45] : [91,1041,89]   ([47,99,45] + PADDING) 209385
   [5][0][0]   exterior: [93,1928,93] : [142,2040,137]   ([50,113,45] + PADDING) 254250
   [6][0][0]   exterior: [189,3980,189] : [223,4039,233]   ([35,60,45] + PADDING) 94500
   [6][0][1]   exterior: [189,3897,189] : [243,3979,233]   ([55,83,45] + PADDING) 205425
INFO (Carpet): Grid structure (superregions, coordinates):
   [0][0][0]   exterior: [-6.000,-124.000,-6.000] : [124.000,124.000,124.000] : [2.000,2.000,2.000]
   [1][0][0]   exterior: [-3.000,-74.000,-3.000] : [74.000,74.000,73.000] : [1.000,1.000,1.000]
   [2][0][0]   exterior: [-1.500,-21.500,-1.500] : [21.000,21.500,20.500] : [0.500,0.500,0.500]
   [3][0][0]   exterior: [-0.750,-11.250,-0.750] : [10.500,11.250,10.250] : [0.250,0.250,0.250]
   [4][0][0]   exterior: [-0.375,-6.125,-0.375] : [5.375,6.125,5.125] : [0.125,0.125,0.125]
   [5][0][0]   exterior: [-0.188,-3.500,-0.188] : [2.875,3.500,2.562] : [0.062,0.062,0.062]
   [6][0][0]   exterior: [-0.094,0.375,-0.094] : [0.969,2.219,1.281] : [0.031,0.031,0.031]
   [6][0][1]   exterior: [-0.094,-2.219,-0.094] : [1.594,0.344,1.281] : [0.031,0.031,0.031]
INFO (Carpet): Global grid structure statistics:
INFO (Carpet): GF: rhs: 267k active, 489k owned (+83%), 837k total (+71%), 128 steps/time
INFO (Carpet): GF: vars: 271, pts: 407M active, 608M owned (+50%), 988M total (+62%), 1.0 comp/proc
INFO (Carpet): GA: vars: 1508, pts: 10M active, 10M total (+0%)
INFO (Carpet): Total required memory: 7.994 GByte (for GAs and currently active GFs)
INFO (Carpet): Load balance:  min     avg     max     sdv     max/avg-1
INFO (Carpet): Level  0:      14M     15M     16M      1M owned      8%
INFO (Carpet): Level  1:      27M     28M     30M      1M owned      6%
INFO (Carpet): Level  2:       5M      5M      6M      0M owned      8%
INFO (Carpet): Level  3:       5M      6M      6M      0M owned      8%
INFO (Carpet): Level  4:       6M      6M      7M      0M owned      6%
INFO (Carpet): Level  5:       7M      8M      8M      0M owned      9%
INFO (Carpet): Level  6:       7M      9M     10M      1M owned     14%
INFO (AHFinderDirect): proc 0: searching for horizons 1,5/6
INFO (AHFinderDirect): AH 4/6: r=49.0028 at (0.000000,0.000000,0.000000)
INFO (AHFinderDirect): AH 4/6: area=31415.9107 m_irreducible=24.9999937
INFO (AHFinderDirect): AH 1/6: r=0.33221 at (-0.344492,0.914781,0.000000)
INFO (AHFinderDirect): AH 1/6: area=13.45658849 m_irreducible=0.5174073075
INFO (AHFinderDirect): AH 2/6: r=0.33221 at (0.344492,-0.914781,-0.000000)
INFO (AHFinderDirect): AH 2/6: area=13.45658849 m_irreducible=0.5174073075
INFO (AHFinderDirect): AH 5/6: r=0.332559 at (-0.344455,0.914800,-0.000000)
INFO (AHFinderDirect): AH 5/6: area=13.46651203 m_irreducible=0.517598053
INFO (QuasiLocalMeasures): Calculating quasi-local quantities for surface    0
INFO (QuasiLocalMeasures): Importing from spherical surface    0
INFO (QuasiLocalMeasures): Geometric quantities for surface    0:
INFO (QuasiLocalMeasures):    Area A:                            13.4565
INFO (QuasiLocalMeasures):    Irreducible mass M = R/2:         0.517406
INFO (QuasiLocalMeasures):    Areal radius R = sqrt(A/4pi):      1.03481
INFO (QuasiLocalMeasures): Coordinate-dependent quantities for surface    0:
INFO (QuasiLocalMeasures):    Equatorial circumference:             6.50174
INFO (QuasiLocalMeasures):    Polar circumference at phi=0:         6.48358
INFO (QuasiLocalMeasures):    Polar circumference at phi=pi/2:      6.46051
INFO (QuasiLocalMeasures):    No valid spin guess from distortion.
INFO (QuasiLocalMeasures):    (Spin guess is imaginary.)
INFO (QuasiLocalMeasures):    Magnitude of invalid spin guess:     0.397774E-02
INFO (QuasiLocalMeasures):    Mass guess M from distortion:        0.517392
INFO (QuasiLocalMeasures): Isolated Horizon quantities for surface    0:
INFO (QuasiLocalMeasures):    Killing vector field eigenvalue norm:     0.999966
INFO (QuasiLocalMeasures):    Spin J:                                   0.523566E-03
INFO (QuasiLocalMeasures):    Kerr spin parameter a = J/M:              0.101191E-02
INFO (QuasiLocalMeasures):    Dimensionless spin parameter a = J/M^2:   0.195573E-02
INFO (QuasiLocalMeasures):    Spin J from NP:                          -0.728186E-01
INFO (QuasiLocalMeasures):    Spin J from phi-coordinate-vector:         0.00000
INFO (QuasiLocalMeasures):    Mass M:                                   0.517406
INFO (QuasiLocalMeasures): Global quantities for surface    0:
INFO (QuasiLocalMeasures):    ADM energy:                 -3.12459
INFO (QuasiLocalMeasures):    ADM momentum x:            -0.307707E-01
INFO (QuasiLocalMeasures):    ADM momentum y:            -0.182257E-01
INFO (QuasiLocalMeasures):    ADM momentum z:             0.706585E-12
INFO (QuasiLocalMeasures):    ADM angular momentum x:     0.432068E-12
INFO (QuasiLocalMeasures):    ADM angular momentum y:     0.221098E-12
INFO (QuasiLocalMeasures):    ADM angular momentum z:     0.333201E-01
INFO (QuasiLocalMeasures):    Landau-Lifshitz energy:                  6.64243
INFO (QuasiLocalMeasures):    Landau-Lifshitz momentum x:            -0.304264
INFO (QuasiLocalMeasures):    Landau-Lifshitz momentum y:            -0.142458
INFO (QuasiLocalMeasures):    Landau-Lifshitz momentum z:            -0.232668E-11
INFO (QuasiLocalMeasures):    Landau-Lifshitz angular momentum x:     0.941340E-12
INFO (QuasiLocalMeasures):    Landau-Lifshitz angular momentum y:     0.241148E-12
INFO (QuasiLocalMeasures):    Landau-Lifshitz angular momentum z:     0.362732
     6144    12.000 |   17.0677239 |    0.0000048 |    0.0005236 |    0.3291973 |    0.3291686 |         -nan |   49.0025749 |    0.3295446 |         -nan
INFO (CarpetRegrid2): Centre 1 is at position [-0.344492,0.914781,1.32006e-16] with 7 levels
INFO (CarpetRegrid2): Centre 2 is at position [0.344492,-0.914781,-9.07545e-17] with 7 levels
INFO (CarpetRegrid2): Centre 3 is not active
INFO (CarpetRegrid2): Refined regions have not changed sufficiently; skipping regridding
INFO (CarpetRegrid2): Centre 1 is at position [-0.344492,0.914781,1.32006e-16] with 7 levels
INFO (CarpetRegrid2): Centre 2 is at position [0.344492,-0.914781,-9.07545e-17] with 7 levels
INFO (CarpetRegrid2): Centre 3 is not active
INFO (CarpetRegrid2): Refined regions have not changed sufficiently; skipping regridding
INFO (CarpetRegrid2): Centre 1 is at position [-0.344492,0.914781,1.32006e-16] with 7 levels
INFO (CarpetRegrid2): Centre 2 is at position [0.344492,-0.914781,-9.07545e-17] with 7 levels
INFO (CarpetRegrid2): Centre 3 is not active
INFO (CarpetRegrid2): Refined regions have not changed sufficiently; skipping regridding
INFO (CarpetRegrid2): Centre 1 is at position [-0.344492,0.914781,1.32006e-16] with 7 levels
INFO (CarpetRegrid2): Centre 2 is at position [0.344492,-0.914781,-9.07545e-17] with 7 levels
INFO (CarpetRegrid2): Centre 3 is not active
INFO (CarpetRegrid2): Refined regions have not changed sufficiently; skipping regridding
INFO (CarpetRegrid2): Centre 1 is at position [-0.344492,0.914781,1.32006e-16] with 7 levels
INFO (CarpetRegrid2): Centre 2 is at position [0.344492,-0.914781,-9.07545e-17] with 7 levels
INFO (CarpetRegrid2): Centre 3 is not active
INFO (CarpetRegrid2): Refined regions have not changed sufficiently; skipping regridding
INFO (CarpetRegrid2): Centre 1 is at position [-0.344492,0.914781,1.32006e-16] with 7 levels
INFO (CarpetRegrid2): Centre 2 is at position [0.344492,-0.914781,-9.07545e-17] with 7 levels
INFO (CarpetRegrid2): Centre 3 is not active
INFO (CarpetRegrid2): Refined regions have not changed sufficiently; skipping regridding
INFO (CarpetRegrid2): Centre 1 is at position [-0.344492,0.914781,1.32006e-16] with 7 levels
INFO (CarpetRegrid2): Centre 2 is at position [0.344492,-0.914781,-9.07545e-17] with 7 levels
INFO (CarpetRegrid2): Centre 3 is not active
INFO (CarpetRegrid2): Refined regions have not changed sufficiently; skipping regridding
INFO (AHFinderDirect): proc 0: searching for horizons 1,5/6
INFO (AHFinderDirect): AH 4/6: r=49.0034 at (-0.000000,-0.000000,0.000000)
INFO (AHFinderDirect): AH 4/6: area=31415.9104 m_irreducible=24.99999358
INFO (AHFinderDirect): AH 1/6: r=0.331016 at (-0.380468,0.889427,-0.000000)
INFO (AHFinderDirect): AH 1/6: area=13.45719977 m_irreducible=0.5174190594
INFO (AHFinderDirect): AH 2/6: r=0.331016 at (0.380468,-0.889427,0.000000)
INFO (AHFinderDirect): AH 2/6: area=13.45719977 m_irreducible=0.5174190594
INFO (AHFinderDirect): AH 5/6: r=0.331364 at (-0.380432,0.889449,0.000000)
INFO (AHFinderDirect): AH 5/6: area=13.46714204 m_irreducible=0.5176101604
INFO (QuasiLocalMeasures): Calculating quasi-local quantities for surface    0
INFO (QuasiLocalMeasures): Importing from spherical surface    0
INFO (QuasiLocalMeasures): Geometric quantities for surface    0:
INFO (QuasiLocalMeasures):    Area A:                            13.4571
INFO (QuasiLocalMeasures):    Irreducible mass M = R/2:         0.517418
INFO (QuasiLocalMeasures):    Areal radius R = sqrt(A/4pi):      1.03484
INFO (QuasiLocalMeasures): Coordinate-dependent quantities for surface    0:
INFO (QuasiLocalMeasures):    Equatorial circumference:             6.50731
INFO (QuasiLocalMeasures):    Polar circumference at phi=0:         6.47725
INFO (QuasiLocalMeasures):    Polar circumference at phi=pi/2:      6.45750
INFO (QuasiLocalMeasures):    Spin guess J from distortion:        0.215044E-01
INFO (QuasiLocalMeasures):    Mass guess M from distortion:        0.517835
INFO (QuasiLocalMeasures): Isolated Horizon quantities for surface    0:
INFO (QuasiLocalMeasures):    Killing vector field eigenvalue norm:     0.999958
INFO (QuasiLocalMeasures):    Spin J:                                   0.530628E-03
INFO (QuasiLocalMeasures):    Kerr spin parameter a = J/M:              0.102553E-02
INFO (QuasiLocalMeasures):    Dimensionless spin parameter a = J/M^2:   0.198202E-02
INFO (QuasiLocalMeasures):    Spin J from NP:                          -0.748653E-01
INFO (QuasiLocalMeasures):    Spin J from phi-coordinate-vector:         0.00000
INFO (QuasiLocalMeasures):    Mass M:                                   0.517418
INFO (QuasiLocalMeasures): Global quantities for surface    0:
INFO (QuasiLocalMeasures):    ADM energy:                 -3.15221
INFO (QuasiLocalMeasures):    ADM momentum x:            -0.298769E-01
INFO (QuasiLocalMeasures):    ADM momentum y:            -0.198969E-01
INFO (QuasiLocalMeasures):    ADM momentum z:             0.767019E-16
INFO (QuasiLocalMeasures):    ADM angular momentum x:     0.471942E-16
INFO (QuasiLocalMeasures):    ADM angular momentum y:     0.271017E-16
INFO (QuasiLocalMeasures):    ADM angular momentum z:     0.331018E-01
INFO (QuasiLocalMeasures):    Landau-Lifshitz energy:                  6.69792
INFO (QuasiLocalMeasures):    Landau-Lifshitz momentum x:            -0.301076
INFO (QuasiLocalMeasures):    Landau-Lifshitz momentum y:            -0.157475
INFO (QuasiLocalMeasures):    Landau-Lifshitz momentum z:             0.452514E-16
INFO (QuasiLocalMeasures):    Landau-Lifshitz angular momentum x:     0.178891E-15
INFO (QuasiLocalMeasures):    Landau-Lifshitz angular momentum y:     0.880620E-16
INFO (QuasiLocalMeasures):    Landau-Lifshitz angular momentum z:     0.363722
     6272    12.250 |   17.1076450 |    0.0000047 |    0.0005306 |    0.3277281 |    0.3277264 |         -nan |   49.0032389 |    0.3280743 |         -nan
INFO (CarpetRegrid2): Centre 1 is at position [-0.380468,0.889427,-3.05251e-16] with 7 levels
INFO (CarpetRegrid2): Centre 2 is at position [0.380468,-0.889427,1.32e-16] with 7 levels
INFO (CarpetRegrid2): Centre 3 is not active
INFO (CarpetRegrid2): Refined regions have not changed sufficiently; skipping regridding
INFO (CarpetRegrid2): Centre 1 is at position [-0.380468,0.889427,-3.05251e-16] with 7 levels
INFO (CarpetRegrid2): Centre 2 is at position [0.380468,-0.889427,1.32e-16] with 7 levels
INFO (CarpetRegrid2): Centre 3 is not active
INFO (CarpetRegrid2): Refined regions have not changed sufficiently; skipping regridding
INFO (CarpetRegrid2): Centre 1 is at position [-0.380468,0.889427,-3.05251e-16] with 7 levels
INFO (CarpetRegrid2): Centre 2 is at position [0.380468,-0.889427,1.32e-16] with 7 levels
INFO (CarpetRegrid2): Centre 3 is not active
INFO (CarpetRegrid2): Refined regions have not changed sufficiently; skipping regridding
INFO (CarpetRegrid2): Centre 1 is at position [-0.380468,0.889427,-3.05251e-16] with 7 levels
INFO (CarpetRegrid2): Centre 2 is at position [0.380468,-0.889427,1.32e-16] with 7 levels
INFO (CarpetRegrid2): Centre 3 is not active
INFO (CarpetRegrid2): Refined regions have not changed sufficiently; skipping regridding
INFO (CarpetRegrid2): Centre 1 is at position [-0.380468,0.889427,-3.05251e-16] with 7 levels
INFO (CarpetRegrid2): Centre 2 is at position [0.380468,-0.889427,1.32e-16] with 7 levels
INFO (CarpetRegrid2): Centre 3 is not active
INFO (CarpetRegrid2): Refined regions have not changed sufficiently; skipping regridding
INFO (CarpetRegrid2): Centre 1 is at position [-0.380468,0.889427,-3.05251e-16] with 7 levels
INFO (CarpetRegrid2): Centre 2 is at position [0.380468,-0.889427,1.32e-16] with 7 levels
INFO (CarpetRegrid2): Centre 3 is not active
INFO (CarpetRegrid2): Refined regions have not changed sufficiently; skipping regridding
INFO (CarpetRegrid2): Centre 1 is at position [-0.380468,0.889427,-3.05251e-16] with 7 levels
INFO (CarpetRegrid2): Centre 2 is at position [0.380468,-0.889427,1.32e-16] with 7 levels
INFO (CarpetRegrid2): Centre 3 is not active
INFO (CarpetRegrid2): Refined regions have not changed sufficiently; skipping regridding
INFO (AHFinderDirect): proc 0: searching for horizons 1,5/6
INFO (AHFinderDirect): AH 4/6: r=49.0041 at (0.000000,0.000000,0.000000)
INFO (AHFinderDirect): AH 4/6: area=31415.91011 m_irreducible=24.99999346
INFO (AHFinderDirect): AH 1/6: r=0.329813 at (-0.415076,0.862341,-0.000000)
INFO (AHFinderDirect): AH 1/6: area=13.45809847 m_irreducible=0.5174363361
INFO (AHFinderDirect): AH 2/6: r=0.329813 at (0.415076,-0.862341,-0.000000)
INFO (AHFinderDirect): AH 2/6: area=13.45809847 m_irreducible=0.5174363361
INFO (AHFinderDirect): AH 5/6: r=0.33016 at (-0.415041,0.862364,-0.000000)
INFO (AHFinderDirect): AH 5/6: area=13.4680609 m_irreducible=0.5176278182
INFO (QuasiLocalMeasures): Calculating quasi-local quantities for surface    0
INFO (QuasiLocalMeasures): Importing from spherical surface    0
INFO (QuasiLocalMeasures): Geometric quantities for surface    0:
INFO (QuasiLocalMeasures):    Area A:                            13.4580
INFO (QuasiLocalMeasures):    Irreducible mass M = R/2:         0.517435
INFO (QuasiLocalMeasures):    Areal radius R = sqrt(A/4pi):      1.03487
INFO (QuasiLocalMeasures): Coordinate-dependent quantities for surface    0:
INFO (QuasiLocalMeasures):    Equatorial circumference:             6.51439
INFO (QuasiLocalMeasures):    Polar circumference at phi=0:         6.47038
INFO (QuasiLocalMeasures):    Polar circumference at phi=pi/2:      6.45380
INFO (QuasiLocalMeasures):    Spin guess J from distortion:        0.326975E-01
INFO (QuasiLocalMeasures):    Mass guess M from distortion:        0.518399
INFO (QuasiLocalMeasures): Isolated Horizon quantities for surface    0:
INFO (QuasiLocalMeasures):    Killing vector field eigenvalue norm:     0.999953
INFO (QuasiLocalMeasures):    Spin J:                                   0.536185E-03
INFO (QuasiLocalMeasures):    Kerr spin parameter a = J/M:              0.103624E-02
INFO (QuasiLocalMeasures):    Dimensionless spin parameter a = J/M^2:   0.200264E-02
INFO (QuasiLocalMeasures):    Spin J from NP:                          -0.770875E-01
INFO (QuasiLocalMeasures):    Spin J from phi-coordinate-vector:         0.00000
INFO (QuasiLocalMeasures):    Mass M:                                   0.517435
INFO (QuasiLocalMeasures): Global quantities for surface    0:
INFO (QuasiLocalMeasures):    ADM energy:                 -3.18099
INFO (QuasiLocalMeasures):    ADM momentum x:            -0.289174E-01
INFO (QuasiLocalMeasures):    ADM momentum y:            -0.215845E-01
INFO (QuasiLocalMeasures):    ADM momentum z:             0.507100E-17
INFO (QuasiLocalMeasures):    ADM angular momentum x:     0.415590E-17
INFO (QuasiLocalMeasures):    ADM angular momentum y:     0.132233E-17
INFO (QuasiLocalMeasures):    ADM angular momentum z:     0.328677E-01
INFO (QuasiLocalMeasures):    Landau-Lifshitz energy:                  6.75572
INFO (QuasiLocalMeasures):    Landau-Lifshitz momentum x:            -0.297164
INFO (QuasiLocalMeasures):    Landau-Lifshitz momentum y:            -0.172736
INFO (QuasiLocalMeasures):    Landau-Lifshitz momentum z:             0.648834E-16
INFO (QuasiLocalMeasures):    Landau-Lifshitz angular momentum x:     0.723827E-16
INFO (QuasiLocalMeasures):    Landau-Lifshitz angular momentum y:     0.343444E-16
INFO (QuasiLocalMeasures):    Landau-Lifshitz angular momentum z:     0.364834
     6400    12.500 |   17.1404645 |    0.0000046 |    0.0005362 |    0.3262072 |    0.3262361 |         -nan |   49.0039167 |    0.3265522 |         -nan
INFO (CarpetRegrid2): Centre 1 is at position [-0.415076,0.862341,-5.77464e-17] with 7 levels
INFO (CarpetRegrid2): Centre 2 is at position [0.415076,-0.862341,-1.6499e-17] with 7 levels
INFO (CarpetRegrid2): Centre 3 is not active
INFO (CarpetRegrid2): Refined regions have not changed sufficiently; skipping regridding
INFO (CarpetRegrid2): Centre 1 is at position [-0.415076,0.862341,-5.77464e-17] with 7 levels
INFO (CarpetRegrid2): Centre 2 is at position [0.415076,-0.862341,-1.6499e-17] with 7 levels
INFO (CarpetRegrid2): Centre 3 is not active
INFO (CarpetRegrid2): Refined regions have not changed sufficiently; skipping regridding
INFO (CarpetRegrid2): Centre 1 is at position [-0.415076,0.862341,-5.77464e-17] with 7 levels
INFO (CarpetRegrid2): Centre 2 is at position [0.415076,-0.862341,-1.6499e-17] with 7 levels
INFO (CarpetRegrid2): Centre 3 is not active
INFO (CarpetRegrid2): Refined regions have not changed sufficiently; skipping regridding
INFO (CarpetRegrid2): Centre 1 is at position [-0.415076,0.862341,-5.77464e-17] with 7 levels
INFO (CarpetRegrid2): Centre 2 is at position [0.415076,-0.862341,-1.6499e-17] with 7 levels
INFO (CarpetRegrid2): Centre 3 is not active
INFO (CarpetRegrid2): Refined regions have not changed sufficiently; skipping regridding
INFO (CarpetRegrid2): Centre 1 is at position [-0.415076,0.862341,-5.77464e-17] with 7 levels
INFO (CarpetRegrid2): Centre 2 is at position [0.415076,-0.862341,-1.6499e-17] with 7 levels
INFO (CarpetRegrid2): Centre 3 is not active
INFO (CarpetRegrid2): Refined regions have not changed sufficiently; skipping regridding
INFO (CarpetRegrid2): Centre 1 is at position [-0.415076,0.862341,-5.77464e-17] with 7 levels
INFO (CarpetRegrid2): Centre 2 is at position [0.415076,-0.862341,-1.6499e-17] with 7 levels
INFO (CarpetRegrid2): Centre 3 is not active
INFO (CarpetRegrid2): Refined regions have not changed sufficiently; skipping regridding
INFO (CarpetRegrid2): Centre 1 is at position [-0.415076,0.862341,-5.77464e-17] with 7 levels
INFO (CarpetRegrid2): Centre 2 is at position [0.415076,-0.862341,-1.6499e-17] with 7 levels
INFO (CarpetRegrid2): Centre 3 is not active
INFO (CarpetRegrid2): Refined regions have not changed sufficiently; skipping regridding
INFO (AHFinderDirect): proc 0: searching for horizons 1,5/6
INFO (AHFinderDirect): AH 4/6: r=49.0048 at (-0.000000,-0.000000,0.000000)
INFO (AHFinderDirect): AH 4/6: area=31415.90981 m_irreducible=24.99999335
INFO (AHFinderDirect): AH 1/6: r=0.328592 at (-0.448188,0.833525,-0.000000)
INFO (AHFinderDirect): AH 1/6: area=13.45921238 m_irreducible=0.5174577495
INFO (AHFinderDirect): AH 2/6: r=0.328592 at (0.448188,-0.833525,0.000000)
INFO (AHFinderDirect): AH 2/6: area=13.45921238 m_irreducible=0.5174577495
INFO (AHFinderDirect): AH 5/6: r=0.328938 at (-0.448153,0.833550,-0.000000)
INFO (AHFinderDirect): AH 5/6: area=13.46919078 m_irreducible=0.5176495306
INFO (QuasiLocalMeasures): Calculating quasi-local quantities for surface    0
INFO (QuasiLocalMeasures): Importing from spherical surface    0
INFO (QuasiLocalMeasures): Geometric quantities for surface    0:
INFO (QuasiLocalMeasures):    Area A:                            13.4591
INFO (QuasiLocalMeasures):    Irreducible mass M = R/2:         0.517456
INFO (QuasiLocalMeasures):    Areal radius R = sqrt(A/4pi):      1.03491
INFO (QuasiLocalMeasures): Coordinate-dependent quantities for surface    0:
INFO (QuasiLocalMeasures):    Equatorial circumference:             6.52286
INFO (QuasiLocalMeasures):    Polar circumference at phi=0:         6.46342
INFO (QuasiLocalMeasures):    Polar circumference at phi=pi/2:      6.44957
INFO (QuasiLocalMeasures):    Spin guess J from distortion:        0.423571E-01
INFO (QuasiLocalMeasures):    Mass guess M from distortion:        0.519072
INFO (QuasiLocalMeasures): Isolated Horizon quantities for surface    0:
INFO (QuasiLocalMeasures):    Killing vector field eigenvalue norm:     0.999953
INFO (QuasiLocalMeasures):    Spin J:                                   0.542307E-03
INFO (QuasiLocalMeasures):    Kerr spin parameter a = J/M:              0.104802E-02
INFO (QuasiLocalMeasures):    Dimensionless spin parameter a = J/M^2:   0.202534E-02
INFO (QuasiLocalMeasures):    Spin J from NP:                          -0.794546E-01
INFO (QuasiLocalMeasures):    Spin J from phi-coordinate-vector:         0.00000
INFO (QuasiLocalMeasures):    Mass M:                                   0.517457
INFO (QuasiLocalMeasures): Global quantities for surface    0:
INFO (QuasiLocalMeasures):    ADM energy:                 -3.21108
INFO (QuasiLocalMeasures):    ADM momentum x:            -0.278826E-01
INFO (QuasiLocalMeasures):    ADM momentum y:            -0.232846E-01
INFO (QuasiLocalMeasures):    ADM momentum z:            -0.288766E-16
INFO (QuasiLocalMeasures):    ADM angular momentum x:    -0.138165E-16
INFO (QuasiLocalMeasures):    ADM angular momentum y:    -0.104299E-16
INFO (QuasiLocalMeasures):    ADM angular momentum z:     0.326193E-01
INFO (QuasiLocalMeasures):    Landau-Lifshitz energy:                  6.81605
INFO (QuasiLocalMeasures):    Landau-Lifshitz momentum x:            -0.292456
INFO (QuasiLocalMeasures):    Landau-Lifshitz momentum y:            -0.188326
INFO (QuasiLocalMeasures):    Landau-Lifshitz momentum z:             0.833070E-16
INFO (QuasiLocalMeasures):    Landau-Lifshitz angular momentum x:     0.616779E-17
INFO (QuasiLocalMeasures):    Landau-Lifshitz angular momentum y:     0.407000E-18
INFO (QuasiLocalMeasures):    Landau-Lifshitz angular momentum z:     0.366014
     6528    12.750 |   17.1868804 |    0.0000045 |    0.0005423 |    0.3246319 |    0.3246944 |         -nan |   49.0046081 |    0.3249756 |         -nan
INFO (CarpetRegrid2): Centre 1 is at position [-0.448188,0.833525,-4.1244e-17] with 7 levels
INFO (CarpetRegrid2): Centre 2 is at position [0.448188,-0.833525,0] with 7 levels
INFO (CarpetRegrid2): Centre 3 is not active
INFO (CarpetRegrid2): Regridding level 0 map 0 at iteration 6529 time 13
INFO (CarpetRegrid2): Regridding levels 2 and up
INFO (CarpetRegrid2): Enforcing grid structure properties, iteration 0
INFO (CarpetRegrid2): Enforcing grid structure properties, iteration 1
INFO (CarpetRegrid2): Enforcing grid structure properties, iteration 0
INFO (CarpetRegrid2): Enforcing grid structure properties, iteration 1
INFO (CarpetRegrid2): Enforcing grid structure properties, iteration 0
INFO (CarpetRegrid2): Enforcing grid structure properties, iteration 1
INFO (CarpetRegrid2): Enforcing grid structure properties, iteration 0
INFO (CarpetRegrid2): Enforcing grid structure properties, iteration 1
INFO (CarpetRegrid2): Enforcing grid structure properties, iteration 0
INFO (CarpetRegrid2): Enforcing grid structure properties, iteration 1
INFO (Carpet): Grid structure (superregions, grid points):
   [0][0][0]   exterior: [0,0,0] : [65,124,65]   ([66,125,66] + PADDING) 544500
   [1][0][0]   exterior: [3,50,3] : [80,198,79]   ([78,149,77] + PADDING) 894894
   [2][0][0]   exterior: [9,205,9] : [54,291,53]   ([46,87,45] + PADDING) 180090
   [3][0][0]   exterior: [21,452,21] : [67,540,65]   ([47,89,45] + PADDING) 188235
   [4][0][0]   exterior: [45,944,45] : [93,1040,89]   ([49,97,45] + PADDING) 213885
   [5][0][0]   exterior: [93,1930,93] : [144,2038,137]   ([52,109,45] + PADDING) 255060
   [6][0][0]   exterior: [189,3983,189] : [219,4036,233]   ([31,54,45] + PADDING) 75330
   [6][0][1]   exterior: [189,3900,189] : [247,3982,233]   ([59,83,45] + PADDING) 220365
INFO (Carpet): Grid structure (superregions, coordinates):
   [0][0][0]   exterior: [-6.000,-124.000,-6.000] : [124.000,124.000,124.000] : [2.000,2.000,2.000]
   [1][0][0]   exterior: [-3.000,-74.000,-3.000] : [74.000,74.000,73.000] : [1.000,1.000,1.000]
   [2][0][0]   exterior: [-1.500,-21.500,-1.500] : [21.000,21.500,20.500] : [0.500,0.500,0.500]
   [3][0][0]   exterior: [-0.750,-11.000,-0.750] : [10.750,11.000,10.250] : [0.250,0.250,0.250]
   [4][0][0]   exterior: [-0.375,-6.000,-0.375] : [5.625,6.000,5.125] : [0.125,0.125,0.125]
   [5][0][0]   exterior: [-0.188,-3.375,-0.188] : [3.000,3.375,2.562] : [0.062,0.062,0.062]
   [6][0][0]   exterior: [-0.094,0.469,-0.094] : [0.844,2.125,1.281] : [0.031,0.031,0.031]
   [6][0][1]   exterior: [-0.094,-2.125,-0.094] : [1.719,0.438,1.281] : [0.031,0.031,0.031]
INFO (Carpet): Global grid structure statistics:
INFO (Carpet): GF: rhs: 265k active, 487k owned (+84%), 831k total (+71%), 128 steps/time
INFO (Carpet): GF: vars: 271, pts: 407M active, 609M owned (+50%), 988M total (+62%), 1.0 comp/proc
INFO (Carpet): GA: vars: 1508, pts: 10M active, 10M total (+0%)
INFO (Carpet): Total required memory: 7.994 GByte (for GAs and currently active GFs)
INFO (Carpet): Load balance:  min     avg     max     sdv     max/avg-1
INFO (Carpet): Level  0:      14M     15M     16M      1M owned      8%
INFO (Carpet): Level  1:      27M     28M     30M      1M owned      6%
INFO (Carpet): Level  2:       5M      5M      6M      0M owned      8%
INFO (Carpet): Level  3:       5M      6M      6M      0M owned      8%
INFO (Carpet): Level  4:       6M      6M      7M      0M owned      8%
INFO (Carpet): Level  5:       7M      8M      8M      0M owned      9%
INFO (Carpet): Level  6:       8M      9M      9M      0M owned      5%
INFO (AHFinderDirect): proc 0: searching for horizons 1,5/6
INFO (AHFinderDirect): AH 4/6: r=49.0055 at (0.000000,0.000000,-0.000000)
INFO (AHFinderDirect): AH 4/6: area=31415.90952 m_irreducible=24.99999323
INFO (AHFinderDirect): AH 1/6: r=0.327347 at (-0.479670,0.802994,-0.000000)
INFO (AHFinderDirect): AH 1/6: area=13.46048782 m_irreducible=0.5174822669
INFO (AHFinderDirect): AH 2/6: r=0.327347 at (0.479670,-0.802994,0.000000)
INFO (AHFinderDirect): AH 2/6: area=13.46048782 m_irreducible=0.5174822669
INFO (AHFinderDirect): AH 5/6: r=0.327692 at (-0.479637,0.803021,0.000000)
INFO (AHFinderDirect): AH 5/6: area=13.47047803 m_irreducible=0.5176742659
INFO (QuasiLocalMeasures): Calculating quasi-local quantities for surface    0
INFO (QuasiLocalMeasures): Importing from spherical surface    0
INFO (QuasiLocalMeasures): Geometric quantities for surface    0:
INFO (QuasiLocalMeasures):    Area A:                            13.4604
INFO (QuasiLocalMeasures):    Irreducible mass M = R/2:         0.517481
INFO (QuasiLocalMeasures):    Areal radius R = sqrt(A/4pi):      1.03496
INFO (QuasiLocalMeasures): Coordinate-dependent quantities for surface    0:
INFO (QuasiLocalMeasures):    Equatorial circumference:             6.53253
INFO (QuasiLocalMeasures):    Polar circumference at phi=0:         6.45696
INFO (QuasiLocalMeasures):    Polar circumference at phi=pi/2:      6.44497
INFO (QuasiLocalMeasures):    Spin guess J from distortion:        0.512266E-01
INFO (QuasiLocalMeasures):    Mass guess M from distortion:        0.519843
INFO (QuasiLocalMeasures): Isolated Horizon quantities for surface    0:
INFO (QuasiLocalMeasures):    Killing vector field eigenvalue norm:     0.999910
INFO (QuasiLocalMeasures):    Spin J:                                   0.547961E-03
INFO (QuasiLocalMeasures):    Kerr spin parameter a = J/M:              0.105890E-02
INFO (QuasiLocalMeasures):    Dimensionless spin parameter a = J/M^2:   0.204626E-02
INFO (QuasiLocalMeasures):    Spin J from NP:                          -0.819644E-01
INFO (QuasiLocalMeasures):    Spin J from phi-coordinate-vector:         0.00000
INFO (QuasiLocalMeasures):    Mass M:                                   0.517481
INFO (QuasiLocalMeasures): Global quantities for surface    0:
INFO (QuasiLocalMeasures):    ADM energy:                 -3.24261
INFO (QuasiLocalMeasures):    ADM momentum x:            -0.267599E-01
INFO (QuasiLocalMeasures):    ADM momentum y:            -0.249886E-01
INFO (QuasiLocalMeasures):    ADM momentum z:             0.146452E-11
INFO (QuasiLocalMeasures):    ADM angular momentum x:     0.774486E-12
INFO (QuasiLocalMeasures):    ADM angular momentum y:     0.592953E-12
INFO (QuasiLocalMeasures):    ADM angular momentum z:     0.323594E-01
INFO (QuasiLocalMeasures):    Landau-Lifshitz energy:                  6.87916
INFO (QuasiLocalMeasures):    Landau-Lifshitz momentum x:            -0.286870
INFO (QuasiLocalMeasures):    Landau-Lifshitz momentum y:            -0.204331
INFO (QuasiLocalMeasures):    Landau-Lifshitz momentum z:            -0.731113E-11
INFO (QuasiLocalMeasures):    Landau-Lifshitz angular momentum x:     0.186111E-11
INFO (QuasiLocalMeasures):    Landau-Lifshitz angular momentum y:     0.797200E-12
INFO (QuasiLocalMeasures):    Landau-Lifshitz angular momentum z:     0.367192
     6656    13.000 |   17.1312501 |    0.0000044 |    0.0005480 |    0.3230006 |    0.3230994 |         -nan |   49.0053132 |    0.3233428 |         -nan
INFO (CarpetRegrid2): Centre 1 is at position [-0.47967,0.802994,-4.12401e-17] with 7 levels
INFO (CarpetRegrid2): Centre 2 is at position [0.47967,-0.802994,1.2372e-16] with 7 levels
INFO (CarpetRegrid2): Centre 3 is not active
INFO (CarpetRegrid2): Refined regions have not changed sufficiently; skipping regridding
INFO (CarpetRegrid2): Centre 1 is at position [-0.47967,0.802994,-4.12401e-17] with 7 levels
INFO (CarpetRegrid2): Centre 2 is at position [0.47967,-0.802994,1.2372e-16] with 7 levels
INFO (CarpetRegrid2): Centre 3 is not active
INFO (CarpetRegrid2): Refined regions have not changed sufficiently; skipping regridding
INFO (CarpetRegrid2): Centre 1 is at position [-0.47967,0.802994,-4.12401e-17] with 7 levels
INFO (CarpetRegrid2): Centre 2 is at position [0.47967,-0.802994,1.2372e-16] with 7 levels
INFO (CarpetRegrid2): Centre 3 is not active
INFO (CarpetRegrid2): Refined regions have not changed sufficiently; skipping regridding
INFO (CarpetRegrid2): Centre 1 is at position [-0.47967,0.802994,-4.12401e-17] with 7 levels
INFO (CarpetRegrid2): Centre 2 is at position [0.47967,-0.802994,1.2372e-16] with 7 levels
INFO (CarpetRegrid2): Centre 3 is not active
INFO (CarpetRegrid2): Refined regions have not changed sufficiently; skipping regridding
INFO (CarpetRegrid2): Centre 1 is at position [-0.47967,0.802994,-4.12401e-17] with 7 levels
INFO (CarpetRegrid2): Centre 2 is at position [0.47967,-0.802994,1.2372e-16] with 7 levels
INFO (CarpetRegrid2): Centre 3 is not active
INFO (CarpetRegrid2): Refined regions have not changed sufficiently; skipping regridding
INFO (CarpetRegrid2): Centre 1 is at position [-0.47967,0.802994,-4.12401e-17] with 7 levels
INFO (CarpetRegrid2): Centre 2 is at position [0.47967,-0.802994,1.2372e-16] with 7 levels
INFO (CarpetRegrid2): Centre 3 is not active
INFO (CarpetRegrid2): Refined regions have not changed sufficiently; skipping regridding
INFO (CarpetRegrid2): Centre 1 is at position [-0.47967,0.802994,-4.12401e-17] with 7 levels
INFO (CarpetRegrid2): Centre 2 is at position [0.47967,-0.802994,1.2372e-16] with 7 levels
INFO (CarpetRegrid2): Centre 3 is not active
INFO (CarpetRegrid2): Refined regions have not changed sufficiently; skipping regridding
INFO (AHFinderDirect): proc 0: searching for horizons 1,5/6
INFO (AHFinderDirect): AH 4/6: r=49.0062 at (-0.000000,0.000000,-0.000000)
INFO (AHFinderDirect): AH 4/6: area=31415.90923 m_irreducible=24.99999311
INFO (AHFinderDirect): AH 1/6: r=0.32607 at (-0.509390,0.770771,0.000000)
INFO (AHFinderDirect): AH 1/6: area=13.46193672 m_irreducible=0.5175101174
INFO (AHFinderDirect): AH 2/6: r=0.32607 at (0.509390,-0.770771,-0.000000)
INFO (AHFinderDirect): AH 2/6: area=13.46193672 m_irreducible=0.5175101174
INFO (AHFinderDirect): AH 5/6: r=0.326413 at (-0.509357,0.770799,-0.000000)
INFO (AHFinderDirect): AH 5/6: area=13.47194001 m_irreducible=0.5177023573
INFO (QuasiLocalMeasures): Calculating quasi-local quantities for surface    0
INFO (QuasiLocalMeasures): Importing from spherical surface    0
WARNING level 3 in thorn QuasiLocalMeasures processor 0 host nid07855
  (line 120 of qlm_killing_transport.F90): 
  -> Did not manage to find an eigenvector with the eigenvalue 1
INFO (QuasiLocalMeasures): Geometric quantities for surface    0:
INFO (QuasiLocalMeasures):    Area A:                            13.4619
INFO (QuasiLocalMeasures):    Irreducible mass M = R/2:         0.517509
INFO (QuasiLocalMeasures):    Areal radius R = sqrt(A/4pi):      1.03502
INFO (QuasiLocalMeasures): Coordinate-dependent quantities for surface    0:
INFO (QuasiLocalMeasures):    Equatorial circumference:             6.54323
INFO (QuasiLocalMeasures):    Polar circumference at phi=0:         6.45168
INFO (QuasiLocalMeasures):    Polar circumference at phi=pi/2:      6.44015
INFO (QuasiLocalMeasures):    Spin guess J from distortion:        0.595174E-01
INFO (QuasiLocalMeasures):    Mass guess M from distortion:        0.520694
INFO (QuasiLocalMeasures): Isolated Horizon quantities for surface    0:
INFO (QuasiLocalMeasures):    Killing vector field eigenvalue norm:     0.999892
INFO (QuasiLocalMeasures):    Spin J:                                   0.554734E-03
INFO (QuasiLocalMeasures):    Kerr spin parameter a = J/M:              0.107193E-02
INFO (QuasiLocalMeasures):    Dimensionless spin parameter a = J/M^2:   0.207133E-02
INFO (QuasiLocalMeasures):    Spin J from NP:                          -0.845681E-01
INFO (QuasiLocalMeasures):    Spin J from phi-coordinate-vector:         0.00000
INFO (QuasiLocalMeasures):    Mass M:                                   0.517509
INFO (QuasiLocalMeasures): Global quantities for surface    0:
INFO (QuasiLocalMeasures):    ADM energy:                 -3.27578
INFO (QuasiLocalMeasures):    ADM momentum x:            -0.255368E-01
INFO (QuasiLocalMeasures):    ADM momentum y:            -0.266859E-01
INFO (QuasiLocalMeasures):    ADM momentum z:            -0.175964E-11
INFO (QuasiLocalMeasures):    ADM angular momentum x:    -0.887471E-12
INFO (QuasiLocalMeasures):    ADM angular momentum y:    -0.747608E-12
INFO (QuasiLocalMeasures):    ADM angular momentum z:     0.320917E-01
INFO (QuasiLocalMeasures):    Landau-Lifshitz energy:                  6.94533
INFO (QuasiLocalMeasures):    Landau-Lifshitz momentum x:            -0.280305
INFO (QuasiLocalMeasures):    Landau-Lifshitz momentum y:            -0.220837
INFO (QuasiLocalMeasures):    Landau-Lifshitz momentum z:             0.958264E-11
INFO (QuasiLocalMeasures):    Landau-Lifshitz angular momentum x:    -0.220896E-11
INFO (QuasiLocalMeasures):    Landau-Lifshitz angular momentum y:    -0.106162E-11
INFO (QuasiLocalMeasures):    Landau-Lifshitz angular momentum z:     0.368298
     6784    13.250 |   17.1556272 |    0.0000046 |    0.0005547 |    0.3213127 |    0.3214500 |         -nan |   49.0060319 |    0.3216533 |         -nan
INFO (CarpetRegrid2): Centre 1 is at position [-0.50939,0.770771,0] with 7 levels
INFO (CarpetRegrid2): Centre 2 is at position [0.50939,-0.770771,-8.24713e-17] with 7 levels
INFO (CarpetRegrid2): Centre 3 is not active
INFO (CarpetRegrid2): Refined regions have not changed sufficiently; skipping regridding
INFO (CarpetRegrid2): Centre 1 is at position [-0.50939,0.770771,0] with 7 levels
INFO (CarpetRegrid2): Centre 2 is at position [0.50939,-0.770771,-8.24713e-17] with 7 levels
INFO (CarpetRegrid2): Centre 3 is not active
INFO (CarpetRegrid2): Refined regions have not changed sufficiently; skipping regridding
INFO (CarpetRegrid2): Centre 1 is at position [-0.50939,0.770771,0] with 7 levels
INFO (CarpetRegrid2): Centre 2 is at position [0.50939,-0.770771,-8.24713e-17] with 7 levels
INFO (CarpetRegrid2): Centre 3 is not active
INFO (CarpetRegrid2): Refined regions have not changed sufficiently; skipping regridding
INFO (CarpetRegrid2): Centre 1 is at position [-0.50939,0.770771,0] with 7 levels
INFO (CarpetRegrid2): Centre 2 is at position [0.50939,-0.770771,-8.24713e-17] with 7 levels
INFO (CarpetRegrid2): Centre 3 is not active
INFO (CarpetRegrid2): Refined regions have not changed sufficiently; skipping regridding
INFO (CarpetRegrid2): Centre 1 is at position [-0.50939,0.770771,0] with 7 levels
INFO (CarpetRegrid2): Centre 2 is at position [0.50939,-0.770771,-8.24713e-17] with 7 levels
INFO (CarpetRegrid2): Centre 3 is not active
INFO (CarpetRegrid2): Refined regions have not changed sufficiently; skipping regridding
INFO (CarpetRegrid2): Centre 1 is at position [-0.50939,0.770771,0] with 7 levels
INFO (CarpetRegrid2): Centre 2 is at position [0.50939,-0.770771,-8.24713e-17] with 7 levels
INFO (CarpetRegrid2): Centre 3 is not active
INFO (CarpetRegrid2): Refined regions have not changed sufficiently; skipping regridding
INFO (CarpetRegrid2): Centre 1 is at position [-0.50939,0.770771,0] with 7 levels
INFO (CarpetRegrid2): Centre 2 is at position [0.50939,-0.770771,-8.24713e-17] with 7 levels
INFO (CarpetRegrid2): Centre 3 is not active
INFO (CarpetRegrid2): Refined regions have not changed sufficiently; skipping regridding
INFO (AHFinderDirect): proc 0: searching for horizons 1,5/6
INFO (AHFinderDirect): AH 4/6: r=49.007 at (0.000000,-0.000000,0.000000)
INFO (AHFinderDirect): AH 4/6: area=31415.90894 m_irreducible=24.999993
INFO (AHFinderDirect): AH 1/6: r=0.324746 at (-0.537210,0.736894,-0.000000)
INFO (AHFinderDirect): AH 1/6: area=13.46338276 m_irreducible=0.5175379114
INFO (AHFinderDirect): AH 2/6: r=0.324746 at (0.537210,-0.736894,-0.000000)
INFO (AHFinderDirect): AH 2/6: area=13.46338276 m_irreducible=0.5175379114
INFO (AHFinderDirect): AH 5/6: r=0.325088 at (-0.537179,0.736924,-0.000000)
INFO (AHFinderDirect): AH 5/6: area=13.47339315 m_irreducible=0.5177302772
INFO (QuasiLocalMeasures): Calculating quasi-local quantities for surface    0
INFO (QuasiLocalMeasures): Importing from spherical surface    0
INFO (QuasiLocalMeasures): Geometric quantities for surface    0:
INFO (QuasiLocalMeasures):    Area A:                            13.4633
INFO (QuasiLocalMeasures):    Irreducible mass M = R/2:         0.517536
INFO (QuasiLocalMeasures):    Areal radius R = sqrt(A/4pi):      1.03507
INFO (QuasiLocalMeasures): Coordinate-dependent quantities for surface    0:
INFO (QuasiLocalMeasures):    Equatorial circumference:             6.55472
INFO (QuasiLocalMeasures):    Polar circumference at phi=0:         6.44821
INFO (QuasiLocalMeasures):    Polar circumference at phi=pi/2:      6.43523
INFO (QuasiLocalMeasures):    Spin guess J from distortion:        0.673293E-01
INFO (QuasiLocalMeasures):    Mass guess M from distortion:        0.521608
INFO (QuasiLocalMeasures): Isolated Horizon quantities for surface    0:
INFO (QuasiLocalMeasures):    Killing vector field eigenvalue norm:     0.999954
INFO (QuasiLocalMeasures):    Spin J:                                   0.561839E-03
INFO (QuasiLocalMeasures):    Kerr spin parameter a = J/M:              0.108560E-02
INFO (QuasiLocalMeasures):    Dimensionless spin parameter a = J/M^2:   0.209763E-02
INFO (QuasiLocalMeasures):    Spin J from NP:                          -0.872898E-01
INFO (QuasiLocalMeasures):    Spin J from phi-coordinate-vector:         0.00000
INFO (QuasiLocalMeasures):    Mass M:                                   0.517537
INFO (QuasiLocalMeasures): Global quantities for surface    0:
INFO (QuasiLocalMeasures):    ADM energy:                 -3.31094
INFO (QuasiLocalMeasures):    ADM momentum x:            -0.242029E-01
INFO (QuasiLocalMeasures):    ADM momentum y:            -0.283655E-01
INFO (QuasiLocalMeasures):    ADM momentum z:             0.780595E-17
INFO (QuasiLocalMeasures):    ADM angular momentum x:     0.285711E-17
INFO (QuasiLocalMeasures):    ADM angular momentum y:     0.401954E-17
INFO (QuasiLocalMeasures):    ADM angular momentum z:     0.318218E-01
INFO (QuasiLocalMeasures):    Landau-Lifshitz energy:                  7.01506
INFO (QuasiLocalMeasures):    Landau-Lifshitz momentum x:            -0.272667
INFO (QuasiLocalMeasures):    Landau-Lifshitz momentum y:            -0.237926
INFO (QuasiLocalMeasures):    Landau-Lifshitz momentum z:             0.636961E-16
INFO (QuasiLocalMeasures):    Landau-Lifshitz angular momentum x:     0.313682E-16
INFO (QuasiLocalMeasures):    Landau-Lifshitz angular momentum y:     0.410154E-16
INFO (QuasiLocalMeasures):    Landau-Lifshitz angular momentum z:     0.369287
     6912    13.500 |   17.1726802 |    0.0000049 |    0.0005618 |    0.3195600 |    0.3197375 |         -nan |   49.0067643 |    0.3198990 |         -nan
INFO (CarpetRegrid2): Centre 1 is at position [-0.53721,0.736894,-1.07201e-16] with 7 levels
INFO (CarpetRegrid2): Centre 2 is at position [0.53721,-0.736894,-5.77237e-17] with 7 levels
INFO (CarpetRegrid2): Centre 3 is not active
INFO (CarpetRegrid2): Refined regions have not changed sufficiently; skipping regridding
INFO (CarpetRegrid2): Centre 1 is at position [-0.53721,0.736894,-1.07201e-16] with 7 levels
INFO (CarpetRegrid2): Centre 2 is at position [0.53721,-0.736894,-5.77237e-17] with 7 levels
INFO (CarpetRegrid2): Centre 3 is not active
INFO (CarpetRegrid2): Refined regions have not changed sufficiently; skipping regridding
INFO (CarpetRegrid2): Centre 1 is at position [-0.53721,0.736894,-1.07201e-16] with 7 levels
INFO (CarpetRegrid2): Centre 2 is at position [0.53721,-0.736894,-5.77237e-17] with 7 levels
INFO (CarpetRegrid2): Centre 3 is not active
INFO (CarpetRegrid2): Refined regions have not changed sufficiently; skipping regridding
INFO (CarpetRegrid2): Centre 1 is at position [-0.53721,0.736894,-1.07201e-16] with 7 levels
INFO (CarpetRegrid2): Centre 2 is at position [0.53721,-0.736894,-5.77237e-17] with 7 levels
INFO (CarpetRegrid2): Centre 3 is not active
INFO (CarpetRegrid2): Refined regions have not changed sufficiently; skipping regridding
INFO (CarpetRegrid2): Centre 1 is at position [-0.53721,0.736894,-1.07201e-16] with 7 levels
INFO (CarpetRegrid2): Centre 2 is at position [0.53721,-0.736894,-5.77237e-17] with 7 levels
INFO (CarpetRegrid2): Centre 3 is not active
INFO (CarpetRegrid2): Refined regions have not changed sufficiently; skipping regridding
INFO (CarpetRegrid2): Centre 1 is at position [-0.53721,0.736894,-1.07201e-16] with 7 levels
INFO (CarpetRegrid2): Centre 2 is at position [0.53721,-0.736894,-5.77237e-17] with 7 levels
INFO (CarpetRegrid2): Centre 3 is not active
INFO (CarpetRegrid2): Refined regions have not changed sufficiently; skipping regridding
INFO (CarpetRegrid2): Centre 1 is at position [-0.53721,0.736894,-1.07201e-16] with 7 levels
INFO (CarpetRegrid2): Centre 2 is at position [0.53721,-0.736894,-5.77237e-17] with 7 levels
INFO (CarpetRegrid2): Centre 3 is not active
INFO (CarpetRegrid2): Refined regions have not changed sufficiently; skipping regridding
INFO (AHFinderDirect): proc 0: searching for horizons 1,5/6
INFO (AHFinderDirect): AH 4/6: r=49.0077 at (-0.000000,-0.000000,0.000000)
INFO (AHFinderDirect): AH 4/6: area=31415.90866 m_irreducible=24.99999289
INFO (AHFinderDirect): AH 1/6: r=0.32337 at (-0.563000,0.701413,0.000000)
INFO (AHFinderDirect): AH 1/6: area=13.46495733 m_irreducible=0.517568174
INFO (AHFinderDirect): AH 2/6: r=0.32337 at (0.563000,-0.701413,-0.000000)
INFO (AHFinderDirect): AH 2/6: area=13.46495733 m_irreducible=0.517568174
INFO (AHFinderDirect): AH 5/6: r=0.32371 at (-0.562970,0.701445,-0.000000)
INFO (AHFinderDirect): AH 5/6: area=13.47497187 m_irreducible=0.5177606084
INFO (QuasiLocalMeasures): Calculating quasi-local quantities for surface    0
INFO (QuasiLocalMeasures): Importing from spherical surface    0
INFO (QuasiLocalMeasures): Geometric quantities for surface    0:
INFO (QuasiLocalMeasures):    Area A:                            13.4649
INFO (QuasiLocalMeasures):    Irreducible mass M = R/2:         0.517567
INFO (QuasiLocalMeasures):    Areal radius R = sqrt(A/4pi):      1.03513
INFO (QuasiLocalMeasures): Coordinate-dependent quantities for surface    0:
INFO (QuasiLocalMeasures):    Equatorial circumference:             6.56683
INFO (QuasiLocalMeasures):    Polar circumference at phi=0:         6.44704
INFO (QuasiLocalMeasures):    Polar circumference at phi=pi/2:      6.43026
INFO (QuasiLocalMeasures):    Spin guess J from distortion:        0.746900E-01
INFO (QuasiLocalMeasures):    Mass guess M from distortion:        0.522572
INFO (QuasiLocalMeasures): Isolated Horizon quantities for surface    0:
INFO (QuasiLocalMeasures):    Killing vector field eigenvalue norm:      1.00007
INFO (QuasiLocalMeasures):    Spin J:                                   0.565728E-03
INFO (QuasiLocalMeasures):    Kerr spin parameter a = J/M:              0.109305E-02
INFO (QuasiLocalMeasures):    Dimensionless spin parameter a = J/M^2:   0.211191E-02
INFO (QuasiLocalMeasures):    Spin J from NP:                          -0.901716E-01
INFO (QuasiLocalMeasures):    Spin J from phi-coordinate-vector:         0.00000
INFO (QuasiLocalMeasures):    Mass M:                                   0.517567
INFO (QuasiLocalMeasures): Global quantities for surface    0:
INFO (QuasiLocalMeasures):    ADM energy:                 -3.34822
INFO (QuasiLocalMeasures):    ADM momentum x:            -0.227503E-01
INFO (QuasiLocalMeasures):    ADM momentum y:            -0.300128E-01
INFO (QuasiLocalMeasures):    ADM momentum z:            -0.316744E-11
INFO (QuasiLocalMeasures):    ADM angular momentum x:    -0.142709E-11
INFO (QuasiLocalMeasures):    ADM angular momentum y:    -0.145620E-11
INFO (QuasiLocalMeasures):    ADM angular momentum z:     0.315531E-01
INFO (QuasiLocalMeasures):    Landau-Lifshitz energy:                  7.08866
INFO (QuasiLocalMeasures):    Landau-Lifshitz momentum x:            -0.263869
INFO (QuasiLocalMeasures):    Landau-Lifshitz momentum y:            -0.255619
INFO (QuasiLocalMeasures):    Landau-Lifshitz momentum z:             0.201937E-10
INFO (QuasiLocalMeasures):    Landau-Lifshitz angular momentum x:    -0.391362E-11
INFO (QuasiLocalMeasures):    Landau-Lifshitz angular momentum y:    -0.233110E-11
INFO (QuasiLocalMeasures):    Landau-Lifshitz angular momentum z:     0.370111
     7040    13.750 |   17.2053276 |    0.0000049 |    0.0005657 |    0.3177437 |    0.3179627 |         -nan |   49.0075104 |    0.3180809 |         -nan
INFO (CarpetRegrid2): Centre 1 is at position [-0.563,0.701413,1.64906e-16] with 7 levels
INFO (CarpetRegrid2): Centre 2 is at position [0.563,-0.701413,-1.15434e-16] with 7 levels
INFO (CarpetRegrid2): Centre 3 is not active
INFO (CarpetRegrid2): Regridding level 0 map 0 at iteration 7041 time 14
INFO (CarpetRegrid2): Regridding levels 2 and up
INFO (CarpetRegrid2): Enforcing grid structure properties, iteration 0
INFO (CarpetRegrid2): Enforcing grid structure properties, iteration 1
INFO (CarpetRegrid2): Enforcing grid structure properties, iteration 0
INFO (CarpetRegrid2): Enforcing grid structure properties, iteration 1
INFO (CarpetRegrid2): Enforcing grid structure properties, iteration 0
INFO (CarpetRegrid2): Enforcing grid structure properties, iteration 1
INFO (CarpetRegrid2): Enforcing grid structure properties, iteration 0
INFO (CarpetRegrid2): Enforcing grid structure properties, iteration 1
INFO (CarpetRegrid2): Enforcing grid structure properties, iteration 0
INFO (CarpetRegrid2): Enforcing grid structure properties, iteration 1
INFO (Carpet): Grid structure (superregions, grid points):
   [0][0][0]   exterior: [0,0,0] : [65,124,65]   ([66,125,66] + PADDING) 544500
   [1][0][0]   exterior: [3,50,3] : [80,198,79]   ([78,149,77] + PADDING) 894894
   [2][0][0]   exterior: [9,206,9] : [54,290,53]   ([46,85,45] + PADDING) 175950
   [3][0][0]   exterior: [21,452,21] : [67,540,65]   ([47,89,45] + PADDING) 188235
   [4][0][0]   exterior: [45,945,45] : [94,1039,89]   ([50,95,45] + PADDING) 213750
   [5][0][0]   exterior: [93,1932,93] : [146,2036,137]   ([54,105,45] + PADDING) 255150
   [6][0][0]   exterior: [189,3988,189] : [215,4031,233]   ([27,44,45] + PADDING) 53460
   [6][0][1]   exterior: [189,3905,189] : [251,3987,233]   ([63,83,45] + PADDING) 235305
INFO (Carpet): Grid structure (superregions, coordinates):
   [0][0][0]   exterior: [-6.000,-124.000,-6.000] : [124.000,124.000,124.000] : [2.000,2.000,2.000]
   [1][0][0]   exterior: [-3.000,-74.000,-3.000] : [74.000,74.000,73.000] : [1.000,1.000,1.000]
   [2][0][0]   exterior: [-1.500,-21.000,-1.500] : [21.000,21.000,20.500] : [0.500,0.500,0.500]
   [3][0][0]   exterior: [-0.750,-11.000,-0.750] : [10.750,11.000,10.250] : [0.250,0.250,0.250]
   [4][0][0]   exterior: [-0.375,-5.875,-0.375] : [5.750,5.875,5.125] : [0.125,0.125,0.125]
   [5][0][0]   exterior: [-0.188,-3.250,-0.188] : [3.125,3.250,2.562] : [0.062,0.062,0.062]
   [6][0][0]   exterior: [-0.094,0.625,-0.094] : [0.719,1.969,1.281] : [0.031,0.031,0.031]
   [6][0][1]   exterior: [-0.094,-1.969,-0.094] : [1.844,0.594,1.281] : [0.031,0.031,0.031]
INFO (Carpet): Global grid structure statistics:
INFO (Carpet): GF: rhs: 262k active, 482k owned (+84%), 824k total (+71%), 128 steps/time
INFO (Carpet): GF: vars: 271, pts: 405M active, 607M owned (+50%), 984M total (+62%), 1.0 comp/proc
INFO (Carpet): GA: vars: 1508, pts: 10M active, 10M total (+0%)
INFO (Carpet): Total required memory: 7.968 GByte (for GAs and currently active GFs)
INFO (Carpet): Load balance:  min     avg     max     sdv     max/avg-1
INFO (Carpet): Level  0:      14M     15M     16M      1M owned      8%
INFO (Carpet): Level  1:      27M     28M     30M      1M owned      6%
INFO (Carpet): Level  2:       5M      5M      6M      0M owned     11%
INFO (Carpet): Level  3:       5M      6M      6M      0M owned      8%
INFO (Carpet): Level  4:       6M      6M      7M      0M owned      8%
INFO (Carpet): Level  5:       7M      8M      8M      0M owned      9%
INFO (Carpet): Level  6:       6M      9M     10M      2M owned     15%
INFO (AHFinderDirect): proc 0: searching for horizons 1,5/6
INFO (AHFinderDirect): AH 4/6: r=49.0085 at (-0.000000,0.000000,0.000000)
INFO (AHFinderDirect): AH 4/6: area=31415.90837 m_irreducible=24.99999277
INFO (AHFinderDirect): AH 1/6: r=0.321922 at (-0.586629,0.664396,0.000000)
INFO (AHFinderDirect): AH 1/6: area=13.46644868 m_irreducible=0.5175968355
INFO (AHFinderDirect): AH 2/6: r=0.321922 at (0.586629,-0.664396,-0.000000)
INFO (AHFinderDirect): AH 2/6: area=13.46644868 m_irreducible=0.5175968355
INFO (AHFinderDirect): AH 5/6: r=0.322261 at (-0.586601,0.664430,-0.000000)
INFO (AHFinderDirect): AH 5/6: area=13.47648995 m_irreducible=0.5177897728
INFO (QuasiLocalMeasures): Calculating quasi-local quantities for surface    0
INFO (QuasiLocalMeasures): Importing from spherical surface    0
INFO (QuasiLocalMeasures): Geometric quantities for surface    0:
INFO (QuasiLocalMeasures):    Area A:                            13.4664
INFO (QuasiLocalMeasures):    Irreducible mass M = R/2:         0.517595
INFO (QuasiLocalMeasures):    Areal radius R = sqrt(A/4pi):      1.03519
INFO (QuasiLocalMeasures): Coordinate-dependent quantities for surface    0:
INFO (QuasiLocalMeasures):    Equatorial circumference:             6.57929
INFO (QuasiLocalMeasures):    Polar circumference at phi=0:         6.44855
INFO (QuasiLocalMeasures):    Polar circumference at phi=pi/2:      6.42529
INFO (QuasiLocalMeasures):    Spin guess J from distortion:        0.815998E-01
INFO (QuasiLocalMeasures):    Mass guess M from distortion:        0.523563
INFO (QuasiLocalMeasures): Isolated Horizon quantities for surface    0:
INFO (QuasiLocalMeasures):    Killing vector field eigenvalue norm:      1.00010
INFO (QuasiLocalMeasures):    Spin J:                                   0.568924E-03
INFO (QuasiLocalMeasures):    Kerr spin parameter a = J/M:              0.109917E-02
INFO (QuasiLocalMeasures):    Dimensionless spin parameter a = J/M^2:   0.212360E-02
INFO (QuasiLocalMeasures):    Spin J from NP:                          -0.931582E-01
INFO (QuasiLocalMeasures):    Spin J from phi-coordinate-vector:         0.00000
INFO (QuasiLocalMeasures):    Mass M:                                   0.517595
INFO (QuasiLocalMeasures): Global quantities for surface    0:
INFO (QuasiLocalMeasures):    ADM energy:                 -3.38805
INFO (QuasiLocalMeasures):    ADM momentum x:            -0.211716E-01
INFO (QuasiLocalMeasures):    ADM momentum y:            -0.316127E-01
INFO (QuasiLocalMeasures):    ADM momentum z:            -0.271601E-16
INFO (QuasiLocalMeasures):    ADM angular momentum x:    -0.122171E-16
INFO (QuasiLocalMeasures):    ADM angular momentum y:    -0.127013E-16
INFO (QuasiLocalMeasures):    ADM angular momentum z:     0.312865E-01
INFO (QuasiLocalMeasures):    Landau-Lifshitz energy:                  7.16680
INFO (QuasiLocalMeasures):    Landau-Lifshitz momentum x:            -0.253796
INFO (QuasiLocalMeasures):    Landau-Lifshitz momentum y:            -0.273908
INFO (QuasiLocalMeasures):    Landau-Lifshitz momentum z:             0.248682E-16
INFO (QuasiLocalMeasures):    Landau-Lifshitz angular momentum x:    -0.106568E-16
INFO (QuasiLocalMeasures):    Landau-Lifshitz angular momentum y:    -0.441671E-17
INFO (QuasiLocalMeasures):    Landau-Lifshitz angular momentum z:     0.370719
     7168    14.000 |   17.1512565 |    0.0000044 |    0.0005689 |    0.3158528 |    0.3161138 |         -nan |   49.0082701 |    0.3161887 |         -nan
INFO (CarpetRegrid2): Centre 1 is at position [-0.586629,0.664396,4.94662e-17] with 7 levels
INFO (CarpetRegrid2): Centre 2 is at position [0.586629,-0.664396,-3.29775e-17] with 7 levels
INFO (CarpetRegrid2): Centre 3 is not active
INFO (CarpetRegrid2): Refined regions have not changed sufficiently; skipping regridding
INFO (CarpetRegrid2): Centre 1 is at position [-0.586629,0.664396,4.94662e-17] with 7 levels
INFO (CarpetRegrid2): Centre 2 is at position [0.586629,-0.664396,-3.29775e-17] with 7 levels
INFO (CarpetRegrid2): Centre 3 is not active
INFO (CarpetRegrid2): Refined regions have not changed sufficiently; skipping regridding
INFO (CarpetRegrid2): Centre 1 is at position [-0.586629,0.664396,4.94662e-17] with 7 levels
INFO (CarpetRegrid2): Centre 2 is at position [0.586629,-0.664396,-3.29775e-17] with 7 levels
INFO (CarpetRegrid2): Centre 3 is not active
INFO (CarpetRegrid2): Refined regions have not changed sufficiently; skipping regridding
INFO (CarpetRegrid2): Centre 1 is at position [-0.586629,0.664396,4.94662e-17] with 7 levels
INFO (CarpetRegrid2): Centre 2 is at position [0.586629,-0.664396,-3.29775e-17] with 7 levels
INFO (CarpetRegrid2): Centre 3 is not active
INFO (CarpetRegrid2): Refined regions have not changed sufficiently; skipping regridding
INFO (CarpetRegrid2): Centre 1 is at position [-0.586629,0.664396,4.94662e-17] with 7 levels
INFO (CarpetRegrid2): Centre 2 is at position [0.586629,-0.664396,-3.29775e-17] with 7 levels
INFO (CarpetRegrid2): Centre 3 is not active
INFO (CarpetRegrid2): Refined regions have not changed sufficiently; skipping regridding
INFO (CarpetRegrid2): Centre 1 is at position [-0.586629,0.664396,4.94662e-17] with 7 levels
INFO (CarpetRegrid2): Centre 2 is at position [0.586629,-0.664396,-3.29775e-17] with 7 levels
INFO (CarpetRegrid2): Centre 3 is not active
INFO (CarpetRegrid2): Refined regions have not changed sufficiently; skipping regridding
INFO (CarpetRegrid2): Centre 1 is at position [-0.586629,0.664396,4.94662e-17] with 7 levels
INFO (CarpetRegrid2): Centre 2 is at position [0.586629,-0.664396,-3.29775e-17] with 7 levels
INFO (CarpetRegrid2): Centre 3 is not active
INFO (CarpetRegrid2): Refined regions have not changed sufficiently; skipping regridding
INFO (AHFinderDirect): proc 0: searching for horizons 1,5/6
INFO (AHFinderDirect): AH 4/6: r=49.0092 at (-0.000000,-0.000000,0.000000)
INFO (AHFinderDirect): AH 4/6: area=31415.90809 m_irreducible=24.99999266
INFO (AHFinderDirect): AH 1/6: r=0.320389 at (-0.607967,0.625923,-0.000000)
INFO (AHFinderDirect): AH 1/6: area=13.46784034 m_irreducible=0.5176235798
INFO (AHFinderDirect): AH 2/6: r=0.320389 at (0.607967,-0.625923,0.000000)
INFO (AHFinderDirect): AH 2/6: area=13.46784034 m_irreducible=0.5176235798
INFO (AHFinderDirect): AH 5/6: r=0.320728 at (-0.607941,0.625959,0.000000)
INFO (AHFinderDirect): AH 5/6: area=13.47791449 m_irreducible=0.5178171387
INFO (QuasiLocalMeasures): Calculating quasi-local quantities for surface    0
INFO (QuasiLocalMeasures): Importing from spherical surface    0
WARNING level 3 in thorn QuasiLocalMeasures processor 0 host nid07855
  (line 120 of qlm_killing_transport.F90): 
  -> Did not manage to find an eigenvector with the eigenvalue 1
INFO (QuasiLocalMeasures): Geometric quantities for surface    0:
INFO (QuasiLocalMeasures):    Area A:                            13.4677
INFO (QuasiLocalMeasures):    Irreducible mass M = R/2:         0.517622
INFO (QuasiLocalMeasures):    Areal radius R = sqrt(A/4pi):      1.03524
INFO (QuasiLocalMeasures): Coordinate-dependent quantities for surface    0:
INFO (QuasiLocalMeasures):    Equatorial circumference:             6.59184
INFO (QuasiLocalMeasures):    Polar circumference at phi=0:         6.45285
INFO (QuasiLocalMeasures):    Polar circumference at phi=pi/2:      6.42026
INFO (QuasiLocalMeasures):    Spin guess J from distortion:        0.880427E-01
INFO (QuasiLocalMeasures):    Mass guess M from distortion:        0.524562
INFO (QuasiLocalMeasures): Isolated Horizon quantities for surface    0:
INFO (QuasiLocalMeasures):    Killing vector field eigenvalue norm:     0.999818
INFO (QuasiLocalMeasures):    Spin J:                                   0.583959E-03
INFO (QuasiLocalMeasures):    Kerr spin parameter a = J/M:              0.112816E-02
INFO (QuasiLocalMeasures):    Dimensionless spin parameter a = J/M^2:   0.217950E-02
INFO (QuasiLocalMeasures):    Spin J from NP:                          -0.961460E-01
INFO (QuasiLocalMeasures):    Spin J from phi-coordinate-vector:         0.00000
INFO (QuasiLocalMeasures):    Mass M:                                   0.517622
INFO (QuasiLocalMeasures): Global quantities for surface    0:
INFO (QuasiLocalMeasures):    ADM energy:                 -3.43077
INFO (QuasiLocalMeasures):    ADM momentum x:            -0.194636E-01
INFO (QuasiLocalMeasures):    ADM momentum y:            -0.331499E-01
INFO (QuasiLocalMeasures):    ADM momentum z:            -0.370327E-11
INFO (QuasiLocalMeasures):    ADM angular momentum x:    -0.144650E-11
INFO (QuasiLocalMeasures):    ADM angular momentum y:    -0.180323E-11
INFO (QuasiLocalMeasures):    ADM angular momentum z:     0.310222E-01
INFO (QuasiLocalMeasures):    Landau-Lifshitz energy:                  7.25005
INFO (QuasiLocalMeasures):    Landau-Lifshitz momentum x:            -0.242343
INFO (QuasiLocalMeasures):    Landau-Lifshitz momentum y:            -0.292751
INFO (QuasiLocalMeasures):    Landau-Lifshitz momentum z:             0.269126E-10
INFO (QuasiLocalMeasures):    Landau-Lifshitz angular momentum x:    -0.459906E-11
INFO (QuasiLocalMeasures):    Landau-Lifshitz angular momentum y:    -0.336846E-11
INFO (QuasiLocalMeasures):    Landau-Lifshitz angular momentum z:     0.371078
     7296    14.250 |   17.1665567 |    0.0000044 |    0.0005840 |    0.3138823 |    0.3141856 |         -nan |   49.0090435 |    0.3142173 |         -nan
INFO (CarpetRegrid2): Centre 1 is at position [-0.607967,0.625923,-6.59481e-17] with 7 levels
INFO (CarpetRegrid2): Centre 2 is at position [0.607967,-0.625923,1.07166e-16] with 7 levels
INFO (CarpetRegrid2): Centre 3 is not active
INFO (CarpetRegrid2): Refined regions have not changed sufficiently; skipping regridding
INFO (CarpetRegrid2): Centre 1 is at position [-0.607967,0.625923,-6.59481e-17] with 7 levels
INFO (CarpetRegrid2): Centre 2 is at position [0.607967,-0.625923,1.07166e-16] with 7 levels
INFO (CarpetRegrid2): Centre 3 is not active
INFO (CarpetRegrid2): Refined regions have not changed sufficiently; skipping regridding
INFO (CarpetRegrid2): Centre 1 is at position [-0.607967,0.625923,-6.59481e-17] with 7 levels
INFO (CarpetRegrid2): Centre 2 is at position [0.607967,-0.625923,1.07166e-16] with 7 levels
INFO (CarpetRegrid2): Centre 3 is not active
INFO (CarpetRegrid2): Refined regions have not changed sufficiently; skipping regridding
INFO (CarpetRegrid2): Centre 1 is at position [-0.607967,0.625923,-6.59481e-17] with 7 levels
INFO (CarpetRegrid2): Centre 2 is at position [0.607967,-0.625923,1.07166e-16] with 7 levels
INFO (CarpetRegrid2): Centre 3 is not active
INFO (CarpetRegrid2): Refined regions have not changed sufficiently; skipping regridding
INFO (CarpetRegrid2): Centre 1 is at position [-0.607967,0.625923,-6.59481e-17] with 7 levels
INFO (CarpetRegrid2): Centre 2 is at position [0.607967,-0.625923,1.07166e-16] with 7 levels
INFO (CarpetRegrid2): Centre 3 is not active
INFO (CarpetRegrid2): Refined regions have not changed sufficiently; skipping regridding
INFO (CarpetRegrid2): Centre 1 is at position [-0.607967,0.625923,-6.59481e-17] with 7 levels
INFO (CarpetRegrid2): Centre 2 is at position [0.607967,-0.625923,1.07166e-16] with 7 levels
INFO (CarpetRegrid2): Centre 3 is not active
INFO (CarpetRegrid2): Refined regions have not changed sufficiently; skipping regridding
INFO (CarpetRegrid2): Centre 1 is at position [-0.607967,0.625923,-6.59481e-17] with 7 levels
INFO (CarpetRegrid2): Centre 2 is at position [0.607967,-0.625923,1.07166e-16] with 7 levels
INFO (CarpetRegrid2): Centre 3 is not active
INFO (CarpetRegrid2): Refined regions have not changed sufficiently; skipping regridding
INFO (AHFinderDirect): proc 0: searching for horizons 1,5/6
INFO (AHFinderDirect): AH 4/6: r=49.01 at (0.000000,0.000000,0.000000)
INFO (AHFinderDirect): AH 4/6: area=31415.90781 m_irreducible=24.99999255
INFO (AHFinderDirect): AH 1/6: r=0.318758 at (-0.626898,0.586097,0.000000)
INFO (AHFinderDirect): AH 1/6: area=13.46908236 m_irreducible=0.5176474472
INFO (AHFinderDirect): AH 2/6: r=0.318758 at (0.626898,-0.586097,-0.000000)
INFO (AHFinderDirect): AH 2/6: area=13.46908236 m_irreducible=0.5176474472
INFO (AHFinderDirect): AH 5/6: r=0.319095 at (-0.626873,0.586135,-0.000000)
INFO (AHFinderDirect): AH 5/6: area=13.47915578 m_irreducible=0.5178409831
INFO (QuasiLocalMeasures): Calculating quasi-local quantities for surface    0
INFO (QuasiLocalMeasures): Importing from spherical surface    0
WARNING level 3 in thorn QuasiLocalMeasures processor 0 host nid07855
  (line 120 of qlm_killing_transport.F90): 
  -> Did not manage to find an eigenvector with the eigenvalue 1
INFO (QuasiLocalMeasures): Geometric quantities for surface    0:
INFO (QuasiLocalMeasures):    Area A:                            13.4690
INFO (QuasiLocalMeasures):    Irreducible mass M = R/2:         0.517645
INFO (QuasiLocalMeasures):    Areal radius R = sqrt(A/4pi):      1.03529
INFO (QuasiLocalMeasures): Coordinate-dependent quantities for surface    0:
INFO (QuasiLocalMeasures):    Equatorial circumference:             6.60423
INFO (QuasiLocalMeasures):    Polar circumference at phi=0:         6.45990
INFO (QuasiLocalMeasures):    Polar circumference at phi=pi/2:      6.41513
INFO (QuasiLocalMeasures):    Spin guess J from distortion:        0.939973E-01
INFO (QuasiLocalMeasures):    Mass guess M from distortion:        0.525548
INFO (QuasiLocalMeasures): Isolated Horizon quantities for surface    0:
INFO (QuasiLocalMeasures):    Killing vector field eigenvalue norm:     0.999716
INFO (QuasiLocalMeasures):    Spin J:                                   0.591267E-03
INFO (QuasiLocalMeasures):    Kerr spin parameter a = J/M:              0.114222E-02
INFO (QuasiLocalMeasures):    Dimensionless spin parameter a = J/M^2:   0.220657E-02
INFO (QuasiLocalMeasures):    Spin J from NP:                          -0.992263E-01
INFO (QuasiLocalMeasures):    Spin J from phi-coordinate-vector:         0.00000
INFO (QuasiLocalMeasures):    Mass M:                                   0.517646
INFO (QuasiLocalMeasures): Global quantities for surface    0:
INFO (QuasiLocalMeasures):    ADM energy:                 -3.47664
INFO (QuasiLocalMeasures):    ADM momentum x:            -0.176260E-01
INFO (QuasiLocalMeasures):    ADM momentum y:            -0.346093E-01
INFO (QuasiLocalMeasures):    ADM momentum z:             0.416902E-11
INFO (QuasiLocalMeasures):    ADM angular momentum x:     0.149240E-11
INFO (QuasiLocalMeasures):    ADM angular momentum y:     0.206879E-11
INFO (QuasiLocalMeasures):    ADM angular momentum z:     0.307575E-01
INFO (QuasiLocalMeasures):    Landau-Lifshitz energy:                  7.33897
INFO (QuasiLocalMeasures):    Landau-Lifshitz momentum x:            -0.229419
INFO (QuasiLocalMeasures):    Landau-Lifshitz momentum y:            -0.312042
INFO (QuasiLocalMeasures):    Landau-Lifshitz momentum z:            -0.321489E-10
INFO (QuasiLocalMeasures):    Landau-Lifshitz angular momentum x:     0.521308E-11
INFO (QuasiLocalMeasures):    Landau-Lifshitz angular momentum y:     0.419977E-11
INFO (QuasiLocalMeasures):    Landau-Lifshitz angular momentum z:     0.371154
     7424    14.500 |   17.1868666 |    0.0000048 |    0.0005913 |    0.3118279 |    0.3121736 |         -nan |   49.0098305 |    0.3121607 |         -nan
INFO (CarpetRegrid2): Centre 1 is at position [-0.626898,0.586097,2.47283e-17] with 7 levels
INFO (CarpetRegrid2): Centre 2 is at position [0.626898,-0.586097,-1.07156e-16] with 7 levels
INFO (CarpetRegrid2): Centre 3 is not active
INFO (CarpetRegrid2): Refined regions have not changed sufficiently; skipping regridding
INFO (CarpetRegrid2): Centre 1 is at position [-0.626898,0.586097,2.47283e-17] with 7 levels
INFO (CarpetRegrid2): Centre 2 is at position [0.626898,-0.586097,-1.07156e-16] with 7 levels
INFO (CarpetRegrid2): Centre 3 is not active
INFO (CarpetRegrid2): Refined regions have not changed sufficiently; skipping regridding
INFO (CarpetRegrid2): Centre 1 is at position [-0.626898,0.586097,2.47283e-17] with 7 levels
INFO (CarpetRegrid2): Centre 2 is at position [0.626898,-0.586097,-1.07156e-16] with 7 levels
INFO (CarpetRegrid2): Centre 3 is not active
INFO (CarpetRegrid2): Refined regions have not changed sufficiently; skipping regridding
INFO (CarpetRegrid2): Centre 1 is at position [-0.626898,0.586097,2.47283e-17] with 7 levels
INFO (CarpetRegrid2): Centre 2 is at position [0.626898,-0.586097,-1.07156e-16] with 7 levels
INFO (CarpetRegrid2): Centre 3 is not active
INFO (CarpetRegrid2): Refined regions have not changed sufficiently; skipping regridding
INFO (CarpetRegrid2): Centre 1 is at position [-0.626898,0.586097,2.47283e-17] with 7 levels
INFO (CarpetRegrid2): Centre 2 is at position [0.626898,-0.586097,-1.07156e-16] with 7 levels
INFO (CarpetRegrid2): Centre 3 is not active
INFO (CarpetRegrid2): Refined regions have not changed sufficiently; skipping regridding
INFO (CarpetRegrid2): Centre 1 is at position [-0.626898,0.586097,2.47283e-17] with 7 levels
INFO (CarpetRegrid2): Centre 2 is at position [0.626898,-0.586097,-1.07156e-16] with 7 levels
INFO (CarpetRegrid2): Centre 3 is not active
INFO (CarpetRegrid2): Refined regions have not changed sufficiently; skipping regridding
INFO (CarpetRegrid2): Centre 1 is at position [-0.626898,0.586097,2.47283e-17] with 7 levels
INFO (CarpetRegrid2): Centre 2 is at position [0.626898,-0.586097,-1.07156e-16] with 7 levels
INFO (CarpetRegrid2): Centre 3 is not active
INFO (CarpetRegrid2): Refined regions have not changed sufficiently; skipping regridding
INFO (AHFinderDirect): proc 0: searching for horizons 1,5/6
INFO (AHFinderDirect): AH 4/6: r=49.0108 at (-0.000000,0.000000,-0.000000)
INFO (AHFinderDirect): AH 4/6: area=31415.90754 m_irreducible=24.99999244
INFO (AHFinderDirect): AH 1/6: r=0.317006 at (-0.643324,0.545042,-0.000000)
INFO (AHFinderDirect): AH 1/6: area=13.46988421 m_irreducible=0.5176628553
INFO (AHFinderDirect): AH 2/6: r=0.317006 at (0.643324,-0.545042,0.000000)
INFO (AHFinderDirect): AH 2/6: area=13.46988421 m_irreducible=0.5176628553
INFO (AHFinderDirect): AH 5/6: r=0.317341 at (-0.643301,0.545083,0.000000)
INFO (AHFinderDirect): AH 5/6: area=13.47996888 m_irreducible=0.5178566019
INFO (QuasiLocalMeasures): Calculating quasi-local quantities for surface    0
INFO (QuasiLocalMeasures): Importing from spherical surface    0
WARNING level 3 in thorn QuasiLocalMeasures processor 0 host nid07855
  (line 120 of qlm_killing_transport.F90): 
  -> Did not manage to find an eigenvector with the eigenvalue 1
INFO (QuasiLocalMeasures): Geometric quantities for surface    0:
INFO (QuasiLocalMeasures):    Area A:                            13.4698
INFO (QuasiLocalMeasures):    Irreducible mass M = R/2:         0.517661
INFO (QuasiLocalMeasures):    Areal radius R = sqrt(A/4pi):      1.03532
INFO (QuasiLocalMeasures): Coordinate-dependent quantities for surface    0:
INFO (QuasiLocalMeasures):    Equatorial circumference:             6.61617
INFO (QuasiLocalMeasures):    Polar circumference at phi=0:         6.46951
INFO (QuasiLocalMeasures):    Polar circumference at phi=pi/2:      6.40978
INFO (QuasiLocalMeasures):    Spin guess J from distortion:        0.994549E-01
INFO (QuasiLocalMeasures):    Mass guess M from distortion:        0.526498
INFO (QuasiLocalMeasures): Isolated Horizon quantities for surface    0:
INFO (QuasiLocalMeasures):    Killing vector field eigenvalue norm:     0.999762
INFO (QuasiLocalMeasures):    Spin J:                                   0.592450E-03
INFO (QuasiLocalMeasures):    Kerr spin parameter a = J/M:              0.114447E-02
INFO (QuasiLocalMeasures):    Dimensionless spin parameter a = J/M^2:   0.221086E-02
INFO (QuasiLocalMeasures):    Spin J from NP:                          -0.102471
INFO (QuasiLocalMeasures):    Spin J from phi-coordinate-vector:         0.00000
INFO (QuasiLocalMeasures):    Mass M:                                   0.517661
INFO (QuasiLocalMeasures): Global quantities for surface    0:
INFO (QuasiLocalMeasures):    ADM energy:                 -3.52611
INFO (QuasiLocalMeasures):    ADM momentum x:            -0.156566E-01
INFO (QuasiLocalMeasures):    ADM momentum y:            -0.359783E-01
INFO (QuasiLocalMeasures):    ADM momentum z:            -0.466162E-11
INFO (QuasiLocalMeasures):    ADM angular momentum x:    -0.151642E-11
INFO (QuasiLocalMeasures):    ADM angular momentum y:    -0.235032E-11
INFO (QuasiLocalMeasures):    ADM angular momentum z:     0.304884E-01
INFO (QuasiLocalMeasures):    Landau-Lifshitz energy:                  7.43436
INFO (QuasiLocalMeasures):    Landau-Lifshitz momentum x:            -0.214934
INFO (QuasiLocalMeasures):    Landau-Lifshitz momentum y:            -0.331673
INFO (QuasiLocalMeasures):    Landau-Lifshitz momentum z:             0.376791E-10
INFO (QuasiLocalMeasures):    Landau-Lifshitz angular momentum x:    -0.596359E-11
INFO (QuasiLocalMeasures):    Landau-Lifshitz angular momentum y:    -0.533253E-11
INFO (QuasiLocalMeasures):    Landau-Lifshitz angular momentum z:     0.370935
     7552    14.750 |   17.2202588 |    0.0000061 |    0.0005924 |    0.3096747 |    0.3100638 |         -nan |   49.0106311 |    0.3100057 |         -nan
INFO (CarpetRegrid2): Centre 1 is at position [-0.643324,0.545042,-8.24226e-17] with 7 levels
INFO (CarpetRegrid2): Centre 2 is at position [0.643324,-0.545042,1.56603e-16] with 7 levels
INFO (CarpetRegrid2): Centre 3 is not active
INFO (CarpetRegrid2): Regridding level 0 map 0 at iteration 7553 time 15
INFO (CarpetRegrid2): Regridding levels 2 and up
INFO (CarpetRegrid2): Enforcing grid structure properties, iteration 0
INFO (CarpetRegrid2): Enforcing grid structure properties, iteration 1
INFO (CarpetRegrid2): Enforcing grid structure properties, iteration 0
INFO (CarpetRegrid2): Enforcing grid structure properties, iteration 1
INFO (CarpetRegrid2): Enforcing grid structure properties, iteration 0
INFO (CarpetRegrid2): Enforcing grid structure properties, iteration 1
INFO (CarpetRegrid2): Enforcing grid structure properties, iteration 0
INFO (CarpetRegrid2): Enforcing grid structure properties, iteration 1
INFO (CarpetRegrid2): Enforcing grid structure properties, iteration 0
INFO (CarpetRegrid2): Enforcing grid structure properties, iteration 1
INFO (Carpet): Grid structure (superregions, grid points):
   [0][0][0]   exterior: [0,0,0] : [65,124,65]   ([66,125,66] + PADDING) 544500
   [1][0][0]   exterior: [3,50,3] : [80,198,79]   ([78,149,77] + PADDING) 894894
   [2][0][0]   exterior: [9,206,9] : [54,290,53]   ([46,85,45] + PADDING) 175950
   [3][0][0]   exterior: [21,453,21] : [68,539,65]   ([48,87,45] + PADDING) 187920
   [4][0][0]   exterior: [45,947,45] : [94,1037,89]   ([50,91,45] + PADDING) 204750
   [5][0][0]   exterior: [93,1934,93] : [147,2034,137]   ([55,101,45] + PADDING) 249975
   [6][0][0]   exterior: [189,3993,189] : [212,4026,233]   ([24,34,45] + PADDING) 36720
   [6][0][1]   exterior: [189,3910,189] : [254,3992,233]   ([66,83,45] + PADDING) 246510
INFO (Carpet): Grid structure (superregions, coordinates):
   [0][0][0]   exterior: [-6.000,-124.000,-6.000] : [124.000,124.000,124.000] : [2.000,2.000,2.000]
   [1][0][0]   exterior: [-3.000,-74.000,-3.000] : [74.000,74.000,73.000] : [1.000,1.000,1.000]
   [2][0][0]   exterior: [-1.500,-21.000,-1.500] : [21.000,21.000,20.500] : [0.500,0.500,0.500]
   [3][0][0]   exterior: [-0.750,-10.750,-0.750] : [11.000,10.750,10.250] : [0.250,0.250,0.250]
   [4][0][0]   exterior: [-0.375,-5.625,-0.375] : [5.750,5.625,5.125] : [0.125,0.125,0.125]
   [5][0][0]   exterior: [-0.188,-3.125,-0.188] : [3.188,3.125,2.562] : [0.062,0.062,0.062]
   [6][0][0]   exterior: [-0.094,0.781,-0.094] : [0.625,1.812,1.281] : [0.031,0.031,0.031]
   [6][0][1]   exterior: [-0.094,-1.812,-0.094] : [1.938,0.750,1.281] : [0.031,0.031,0.031]
INFO (Carpet): Global grid structure statistics:
INFO (Carpet): GF: rhs: 257k active, 474k owned (+85%), 816k total (+72%), 128 steps/time
INFO (Carpet): GF: vars: 271, pts: 403M active, 602M owned (+50%), 979M total (+62%), 1.0 comp/proc
INFO (Carpet): GA: vars: 1508, pts: 10M active, 10M total (+0%)
INFO (Carpet): Total required memory: 7.925 GByte (for GAs and currently active GFs)
INFO (Carpet): Load balance:  min     avg     max     sdv     max/avg-1
INFO (Carpet): Level  0:      14M     15M     16M      1M owned      8%
INFO (Carpet): Level  1:      27M     28M     30M      1M owned      6%
INFO (Carpet): Level  2:       5M      5M      6M      0M owned     11%
INFO (Carpet): Level  3:       5M      6M      6M      0M owned      8%
INFO (Carpet): Level  4:       6M      6M      7M      0M owned      8%
INFO (Carpet): Level  5:       7M      7M      8M      0M owned      7%
INFO (Carpet): Level  6:       8M      8M      9M      0M owned      7%
INFO (AHFinderDirect): proc 0: searching for horizons 1,5/6
INFO (AHFinderDirect): AH 4/6: r=49.0116 at (0.000000,0.000000,-0.000000)
INFO (AHFinderDirect): AH 4/6: area=31415.90726 m_irreducible=24.99999233
INFO (AHFinderDirect): AH 1/6: r=0.315128 at (-0.657139,0.502890,-0.000000)
INFO (AHFinderDirect): AH 1/6: area=13.47048798 m_irreducible=0.517674457
INFO (AHFinderDirect): AH 2/6: r=0.315128 at (0.657139,-0.502890,-0.000000)
INFO (AHFinderDirect): AH 2/6: area=13.47048798 m_irreducible=0.517674457
INFO (AHFinderDirect): AH 5/6: r=0.315462 at (-0.657119,0.502933,-0.000000)
INFO (AHFinderDirect): AH 5/6: area=13.48060169 m_irreducible=0.5178687568
INFO (QuasiLocalMeasures): Calculating quasi-local quantities for surface    0
INFO (QuasiLocalMeasures): Importing from spherical surface    0
WARNING level 3 in thorn QuasiLocalMeasures processor 0 host nid07855
  (line 120 of qlm_killing_transport.F90): 
  -> Did not manage to find an eigenvector with the eigenvalue 1
INFO (QuasiLocalMeasures): Geometric quantities for surface    0:
INFO (QuasiLocalMeasures):    Area A:                            13.4704
INFO (QuasiLocalMeasures):    Irreducible mass M = R/2:         0.517672
INFO (QuasiLocalMeasures):    Areal radius R = sqrt(A/4pi):      1.03534
INFO (QuasiLocalMeasures): Coordinate-dependent quantities for surface    0:
INFO (QuasiLocalMeasures):    Equatorial circumference:             6.62760
INFO (QuasiLocalMeasures):    Polar circumference at phi=0:         6.48195
INFO (QuasiLocalMeasures):    Polar circumference at phi=pi/2:      6.40396
INFO (QuasiLocalMeasures):    Spin guess J from distortion:        0.104434
INFO (QuasiLocalMeasures):    Mass guess M from distortion:        0.527408
INFO (QuasiLocalMeasures): Isolated Horizon quantities for surface    0:
INFO (QuasiLocalMeasures):    Killing vector field eigenvalue norm:     0.999827
INFO (QuasiLocalMeasures):    Spin J:                                   0.603524E-03
INFO (QuasiLocalMeasures):    Kerr spin parameter a = J/M:              0.116584E-02
INFO (QuasiLocalMeasures):    Dimensionless spin parameter a = J/M^2:   0.225208E-02
INFO (QuasiLocalMeasures):    Spin J from NP:                          -0.105802
INFO (QuasiLocalMeasures):    Spin J from phi-coordinate-vector:         0.00000
INFO (QuasiLocalMeasures):    Mass M:                                   0.517673
INFO (QuasiLocalMeasures): Global quantities for surface    0:
INFO (QuasiLocalMeasures):    ADM energy:                 -3.57955
INFO (QuasiLocalMeasures):    ADM momentum x:            -0.135641E-01
INFO (QuasiLocalMeasures):    ADM momentum y:            -0.372417E-01
INFO (QuasiLocalMeasures):    ADM momentum z:            -0.549161E-11
INFO (QuasiLocalMeasures):    ADM angular momentum x:    -0.160227E-11
INFO (QuasiLocalMeasures):    ADM angular momentum y:    -0.279423E-11
INFO (QuasiLocalMeasures):    ADM angular momentum z:     0.302117E-01
INFO (QuasiLocalMeasures):    Landau-Lifshitz energy:                  7.53693
INFO (QuasiLocalMeasures):    Landau-Lifshitz momentum x:            -0.198828
INFO (QuasiLocalMeasures):    Landau-Lifshitz momentum y:            -0.351499
INFO (QuasiLocalMeasures):    Landau-Lifshitz momentum z:             0.464027E-10
INFO (QuasiLocalMeasures):    Landau-Lifshitz angular momentum x:    -0.712137E-11
INFO (QuasiLocalMeasures):    Landau-Lifshitz angular momentum y:    -0.699111E-11
INFO (QuasiLocalMeasures):    Landau-Lifshitz angular momentum z:     0.370427
----------------------------------------------------------------------------------------------------------------------------------------------------------
Iteration      Time | *me_per_hour | *STRAINTS::H | *qlm_spin[0] | *f_radius[0] | *f_radius[1] | *f_radius[2] | *f_radius[3] | *f_radius[4] | *f_radius[5]
                    |              |        norm2 |              |        norm2 |        norm2 |        norm2 |        norm2 |        norm2 |        norm2
----------------------------------------------------------------------------------------------------------------------------------------------------------
     7680    15.000 |   17.1207119 |    0.0000058 |    0.0006035 |    0.3074242 |    0.3078554 |         -nan |   49.0114454 |    0.3077538 |         -nan
INFO (CarpetRegrid2): Centre 1 is at position [-0.657139,0.50289,-1.40112e-16] with 7 levels
INFO (CarpetRegrid2): Centre 2 is at position [0.657139,-0.50289,-4.12095e-17] with 7 levels
INFO (CarpetRegrid2): Centre 3 is not active
INFO (CarpetRegrid2): Refined regions have not changed sufficiently; skipping regridding
INFO (CarpetRegrid2): Centre 1 is at position [-0.657139,0.50289,-1.40112e-16] with 7 levels
INFO (CarpetRegrid2): Centre 2 is at position [0.657139,-0.50289,-4.12095e-17] with 7 levels
INFO (CarpetRegrid2): Centre 3 is not active
INFO (CarpetRegrid2): Refined regions have not changed sufficiently; skipping regridding
INFO (CarpetRegrid2): Centre 1 is at position [-0.657139,0.50289,-1.40112e-16] with 7 levels
INFO (CarpetRegrid2): Centre 2 is at position [0.657139,-0.50289,-4.12095e-17] with 7 levels
INFO (CarpetRegrid2): Centre 3 is not active
INFO (CarpetRegrid2): Refined regions have not changed sufficiently; skipping regridding
INFO (CarpetRegrid2): Centre 1 is at position [-0.657139,0.50289,-1.40112e-16] with 7 levels
INFO (CarpetRegrid2): Centre 2 is at position [0.657139,-0.50289,-4.12095e-17] with 7 levels
INFO (CarpetRegrid2): Centre 3 is not active
INFO (CarpetRegrid2): Refined regions have not changed sufficiently; skipping regridding
INFO (CarpetRegrid2): Centre 1 is at position [-0.657139,0.50289,-1.40112e-16] with 7 levels
INFO (CarpetRegrid2): Centre 2 is at position [0.657139,-0.50289,-4.12095e-17] with 7 levels
INFO (CarpetRegrid2): Centre 3 is not active
INFO (CarpetRegrid2): Refined regions have not changed sufficiently; skipping regridding
INFO (CarpetRegrid2): Centre 1 is at position [-0.657139,0.50289,-1.40112e-16] with 7 levels
INFO (CarpetRegrid2): Centre 2 is at position [0.657139,-0.50289,-4.12095e-17] with 7 levels
INFO (CarpetRegrid2): Centre 3 is not active
INFO (CarpetRegrid2): Refined regions have not changed sufficiently; skipping regridding
INFO (CarpetRegrid2): Centre 1 is at position [-0.657139,0.50289,-1.40112e-16] with 7 levels
INFO (CarpetRegrid2): Centre 2 is at position [0.657139,-0.50289,-4.12095e-17] with 7 levels
INFO (CarpetRegrid2): Centre 3 is not active
INFO (CarpetRegrid2): Refined regions have not changed sufficiently; skipping regridding
INFO (AHFinderDirect): proc 0: searching for horizons 1,5/6
INFO (AHFinderDirect): AH 4/6: r=49.0125 at (0.000000,0.000000,0.000000)
INFO (AHFinderDirect): AH 4/6: area=31415.90699 m_irreducible=24.99999222
INFO (AHFinderDirect): AH 1/6: r=0.313127 at (-0.668274,0.459796,-0.000000)
INFO (AHFinderDirect): AH 1/6: area=13.4712567 m_irreducible=0.517689228
INFO (AHFinderDirect): AH 2/6: r=0.313127 at (0.668274,-0.459796,0.000000)
INFO (AHFinderDirect): AH 2/6: area=13.4712567 m_irreducible=0.517689228
INFO (AHFinderDirect): AH 5/6: r=0.31346 at (-0.668257,0.459841,0.000000)
INFO (AHFinderDirect): AH 5/6: area=13.48139297 m_irreducible=0.5178839556
INFO (QuasiLocalMeasures): Calculating quasi-local quantities for surface    0
INFO (QuasiLocalMeasures): Importing from spherical surface    0
WARNING level 3 in thorn QuasiLocalMeasures processor 0 host nid07855
  (line 120 of qlm_killing_transport.F90): 
  -> Did not manage to find an eigenvector with the eigenvalue 1
INFO (QuasiLocalMeasures): Geometric quantities for surface    0:
INFO (QuasiLocalMeasures):    Area A:                            13.4711
INFO (QuasiLocalMeasures):    Irreducible mass M = R/2:         0.517687
INFO (QuasiLocalMeasures):    Areal radius R = sqrt(A/4pi):      1.03537
INFO (QuasiLocalMeasures): Coordinate-dependent quantities for surface    0:
INFO (QuasiLocalMeasures):    Equatorial circumference:             6.63842
INFO (QuasiLocalMeasures):    Polar circumference at phi=0:         6.49677
INFO (QuasiLocalMeasures):    Polar circumference at phi=pi/2:      6.39790
INFO (QuasiLocalMeasures):    Spin guess J from distortion:        0.108925
INFO (QuasiLocalMeasures):    Mass guess M from distortion:        0.528268
INFO (QuasiLocalMeasures): Isolated Horizon quantities for surface    0:
INFO (QuasiLocalMeasures):    Killing vector field eigenvalue norm:     0.999818
INFO (QuasiLocalMeasures):    Spin J:                                   0.607391E-03
INFO (QuasiLocalMeasures):    Kerr spin parameter a = J/M:              0.117328E-02
INFO (QuasiLocalMeasures):    Dimensionless spin parameter a = J/M^2:   0.226638E-02
INFO (QuasiLocalMeasures):    Spin J from NP:                          -0.109343
INFO (QuasiLocalMeasures):    Spin J from phi-coordinate-vector:         0.00000
INFO (QuasiLocalMeasures):    Mass M:                                   0.517687
INFO (QuasiLocalMeasures): Global quantities for surface    0:
INFO (QuasiLocalMeasures):    ADM energy:                 -3.63705
INFO (QuasiLocalMeasures):    ADM momentum x:            -0.113521E-01
INFO (QuasiLocalMeasures):    ADM momentum y:            -0.383868E-01
INFO (QuasiLocalMeasures):    ADM momentum z:             0.285943E-16
INFO (QuasiLocalMeasures):    ADM angular momentum x:     0.703149E-17
INFO (QuasiLocalMeasures):    ADM angular momentum y:     0.147412E-16
INFO (QuasiLocalMeasures):    ADM angular momentum z:     0.299214E-01
INFO (QuasiLocalMeasures):    Landau-Lifshitz energy:                  7.64699
INFO (QuasiLocalMeasures):    Landau-Lifshitz momentum x:            -0.181039
INFO (QuasiLocalMeasures):    Landau-Lifshitz momentum y:            -0.371342
INFO (QuasiLocalMeasures):    Landau-Lifshitz momentum z:             0.384020E-16
INFO (QuasiLocalMeasures):    Landau-Lifshitz angular momentum x:     0.405723E-16
INFO (QuasiLocalMeasures):    Landau-Lifshitz angular momentum y:     0.767550E-16
INFO (QuasiLocalMeasures):    Landau-Lifshitz angular momentum z:     0.369621
     7808    15.250 |   17.0957676 |    0.0000061 |    0.0006074 |    0.3050825 |    0.3055574 |         -nan |   49.0122733 |    0.3054104 |         -nan
INFO (CarpetRegrid2): Centre 1 is at position [-0.668274,0.459796,-7.41728e-17] with 7 levels
INFO (CarpetRegrid2): Centre 2 is at position [0.668274,-0.459796,1.07138e-16] with 7 levels
INFO (CarpetRegrid2): Centre 3 is not active
INFO (CarpetRegrid2): Refined regions have not changed sufficiently; skipping regridding
INFO (CarpetRegrid2): Centre 1 is at position [-0.668274,0.459796,-7.41728e-17] with 7 levels
INFO (CarpetRegrid2): Centre 2 is at position [0.668274,-0.459796,1.07138e-16] with 7 levels
INFO (CarpetRegrid2): Centre 3 is not active
INFO (CarpetRegrid2): Refined regions have not changed sufficiently; skipping regridding
INFO (CarpetRegrid2): Centre 1 is at position [-0.668274,0.459796,-7.41728e-17] with 7 levels
INFO (CarpetRegrid2): Centre 2 is at position [0.668274,-0.459796,1.07138e-16] with 7 levels
INFO (CarpetRegrid2): Centre 3 is not active
INFO (CarpetRegrid2): Refined regions have not changed sufficiently; skipping regridding
INFO (CarpetRegrid2): Centre 1 is at position [-0.668274,0.459796,-7.41728e-17] with 7 levels
INFO (CarpetRegrid2): Centre 2 is at position [0.668274,-0.459796,1.07138e-16] with 7 levels
INFO (CarpetRegrid2): Centre 3 is not active
INFO (CarpetRegrid2): Refined regions have not changed sufficiently; skipping regridding
INFO (CarpetRegrid2): Centre 1 is at position [-0.668274,0.459796,-7.41728e-17] with 7 levels
INFO (CarpetRegrid2): Centre 2 is at position [0.668274,-0.459796,1.07138e-16] with 7 levels
INFO (CarpetRegrid2): Centre 3 is not active
INFO (CarpetRegrid2): Refined regions have not changed sufficiently; skipping regridding
INFO (CarpetRegrid2): Centre 1 is at position [-0.668274,0.459796,-7.41728e-17] with 7 levels
INFO (CarpetRegrid2): Centre 2 is at position [0.668274,-0.459796,1.07138e-16] with 7 levels
INFO (CarpetRegrid2): Centre 3 is not active
INFO (CarpetRegrid2): Refined regions have not changed sufficiently; skipping regridding
INFO (CarpetRegrid2): Centre 1 is at position [-0.668274,0.459796,-7.41728e-17] with 7 levels
INFO (CarpetRegrid2): Centre 2 is at position [0.668274,-0.459796,1.07138e-16] with 7 levels
INFO (CarpetRegrid2): Centre 3 is not active
INFO (CarpetRegrid2): Refined regions have not changed sufficiently; skipping regridding
INFO (AHFinderDirect): proc 0: searching for horizons 1,5/6
INFO (AHFinderDirect): AH 4/6: r=49.0133 at (-0.000000,0.000000,0.000000)
INFO (AHFinderDirect): AH 4/6: area=31415.90673 m_irreducible=24.99999212
INFO (AHFinderDirect): AH 1/6: r=0.310987 at (-0.676655,0.415932,0.000000)
INFO (AHFinderDirect): AH 1/6: area=13.47193411 m_irreducible=0.517702244
INFO (AHFinderDirect): AH 2/6: r=0.310987 at (0.676655,-0.415932,-0.000000)
INFO (AHFinderDirect): AH 2/6: area=13.47193411 m_irreducible=0.517702244
INFO (AHFinderDirect): AH 5/6: r=0.311317 at (-0.676640,0.415979,-0.000000)
INFO (AHFinderDirect): AH 5/6: area=13.48207095 m_irreducible=0.5178969775
INFO (QuasiLocalMeasures): Calculating quasi-local quantities for surface    0
INFO (QuasiLocalMeasures): Importing from spherical surface    0
WARNING level 3 in thorn QuasiLocalMeasures processor 0 host nid07855
  (line 120 of qlm_killing_transport.F90): 
  -> Did not manage to find an eigenvector with the eigenvalue 1
INFO (QuasiLocalMeasures): Geometric quantities for surface    0:
INFO (QuasiLocalMeasures):    Area A:                            13.4718
INFO (QuasiLocalMeasures):    Irreducible mass M = R/2:         0.517700
INFO (QuasiLocalMeasures):    Areal radius R = sqrt(A/4pi):      1.03540
INFO (QuasiLocalMeasures): Coordinate-dependent quantities for surface    0:
INFO (QuasiLocalMeasures):    Equatorial circumference:             6.64830
INFO (QuasiLocalMeasures):    Polar circumference at phi=0:         6.51427
INFO (QuasiLocalMeasures):    Polar circumference at phi=pi/2:      6.39146
INFO (QuasiLocalMeasures):    Spin guess J from distortion:        0.112881
INFO (QuasiLocalMeasures):    Mass guess M from distortion:        0.529055
INFO (QuasiLocalMeasures): Isolated Horizon quantities for surface    0:
INFO (QuasiLocalMeasures):    Killing vector field eigenvalue norm:     0.999630
INFO (QuasiLocalMeasures):    Spin J:                                   0.620140E-03
INFO (QuasiLocalMeasures):    Kerr spin parameter a = J/M:              0.119787E-02
INFO (QuasiLocalMeasures):    Dimensionless spin parameter a = J/M^2:   0.231384E-02
INFO (QuasiLocalMeasures):    Spin J from NP:                          -0.112988
INFO (QuasiLocalMeasures):    Spin J from phi-coordinate-vector:         0.00000
INFO (QuasiLocalMeasures):    Mass M:                                   0.517700
INFO (QuasiLocalMeasures): Global quantities for surface    0:
INFO (QuasiLocalMeasures):    ADM energy:                 -3.69900
INFO (QuasiLocalMeasures):    ADM momentum x:            -0.903204E-02
INFO (QuasiLocalMeasures):    ADM momentum y:            -0.393985E-01
INFO (QuasiLocalMeasures):    ADM momentum z:             0.596752E-11
INFO (QuasiLocalMeasures):    ADM angular momentum x:     0.133112E-11
INFO (QuasiLocalMeasures):    ADM angular momentum y:     0.305102E-11
INFO (QuasiLocalMeasures):    ADM angular momentum z:     0.296101E-01
INFO (QuasiLocalMeasures):    Landau-Lifshitz energy:                  7.76537
INFO (QuasiLocalMeasures):    Landau-Lifshitz momentum x:            -0.161549
INFO (QuasiLocalMeasures):    Landau-Lifshitz momentum y:            -0.390992
INFO (QuasiLocalMeasures):    Landau-Lifshitz momentum z:            -0.540062E-10
INFO (QuasiLocalMeasures):    Landau-Lifshitz angular momentum x:     0.780562E-11
INFO (QuasiLocalMeasures):    Landau-Lifshitz angular momentum y:     0.938390E-11
INFO (QuasiLocalMeasures):    Landau-Lifshitz angular momentum z:     0.368529
     7936    15.500 |   17.0655331 |    0.0000080 |    0.0006201 |    0.3026406 |    0.3031583 |         -nan |   49.0131149 |    0.3029658 |         -nan
INFO (CarpetRegrid2): Centre 1 is at position [-0.676655,0.415932,3.70845e-17] with 7 levels
INFO (CarpetRegrid2): Centre 2 is at position [0.676655,-0.415932,-6.18076e-17] with 7 levels
INFO (CarpetRegrid2): Centre 3 is not active
INFO (CarpetRegrid2): Refined regions have not changed sufficiently; skipping regridding
INFO (CarpetRegrid2): Centre 1 is at position [-0.676655,0.415932,3.70845e-17] with 7 levels
INFO (CarpetRegrid2): Centre 2 is at position [0.676655,-0.415932,-6.18076e-17] with 7 levels
INFO (CarpetRegrid2): Centre 3 is not active
INFO (CarpetRegrid2): Refined regions have not changed sufficiently; skipping regridding
INFO (CarpetRegrid2): Centre 1 is at position [-0.676655,0.415932,3.70845e-17] with 7 levels
INFO (CarpetRegrid2): Centre 2 is at position [0.676655,-0.415932,-6.18076e-17] with 7 levels
INFO (CarpetRegrid2): Centre 3 is not active
INFO (CarpetRegrid2): Refined regions have not changed sufficiently; skipping regridding
INFO (CarpetRegrid2): Centre 1 is at position [-0.676655,0.415932,3.70845e-17] with 7 levels
INFO (CarpetRegrid2): Centre 2 is at position [0.676655,-0.415932,-6.18076e-17] with 7 levels
INFO (CarpetRegrid2): Centre 3 is not active
INFO (CarpetRegrid2): Refined regions have not changed sufficiently; skipping regridding
INFO (CarpetRegrid2): Centre 1 is at position [-0.676655,0.415932,3.70845e-17] with 7 levels
INFO (CarpetRegrid2): Centre 2 is at position [0.676655,-0.415932,-6.18076e-17] with 7 levels
INFO (CarpetRegrid2): Centre 3 is not active
INFO (CarpetRegrid2): Refined regions have not changed sufficiently; skipping regridding
INFO (CarpetRegrid2): Centre 1 is at position [-0.676655,0.415932,3.70845e-17] with 7 levels
INFO (CarpetRegrid2): Centre 2 is at position [0.676655,-0.415932,-6.18076e-17] with 7 levels
INFO (CarpetRegrid2): Centre 3 is not active
INFO (CarpetRegrid2): Refined regions have not changed sufficiently; skipping regridding
INFO (CarpetRegrid2): Centre 1 is at position [-0.676655,0.415932,3.70845e-17] with 7 levels
INFO (CarpetRegrid2): Centre 2 is at position [0.676655,-0.415932,-6.18076e-17] with 7 levels
INFO (CarpetRegrid2): Centre 3 is not active
INFO (CarpetRegrid2): Refined regions have not changed sufficiently; skipping regridding
INFO (AHFinderDirect): proc 0: searching for horizons 1,5/6
INFO (AHFinderDirect): AH 4/6: r=49.0142 at (-0.000000,0.000000,0.000000)
INFO (AHFinderDirect): AH 4/6: area=31415.90646 m_irreducible=24.99999201
INFO (AHFinderDirect): AH 1/6: r=0.308682 at (-0.682236,0.371494,-0.000000)
INFO (AHFinderDirect): AH 1/6: area=13.47217483 m_irreducible=0.517706869
INFO (AHFinderDirect): AH 2/6: r=0.308682 at (0.682236,-0.371494,-0.000000)
INFO (AHFinderDirect): AH 2/6: area=13.47217483 m_irreducible=0.517706869
INFO (AHFinderDirect): AH 5/6: r=0.30901 at (-0.682224,0.371543,-0.000000)
INFO (AHFinderDirect): AH 5/6: area=13.48230458 m_irreducible=0.5179014648
INFO (QuasiLocalMeasures): Calculating quasi-local quantities for surface    0
INFO (QuasiLocalMeasures): Importing from spherical surface    0
WARNING level 3 in thorn QuasiLocalMeasures processor 0 host nid07855
  (line 120 of qlm_killing_transport.F90): 
  -> Did not manage to find an eigenvector with the eigenvalue 1
INFO (QuasiLocalMeasures): Geometric quantities for surface    0:
INFO (QuasiLocalMeasures):    Area A:                            13.4720
INFO (QuasiLocalMeasures):    Irreducible mass M = R/2:         0.517704
INFO (QuasiLocalMeasures):    Areal radius R = sqrt(A/4pi):      1.03541
INFO (QuasiLocalMeasures): Coordinate-dependent quantities for surface    0:
INFO (QuasiLocalMeasures):    Equatorial circumference:             6.65719
INFO (QuasiLocalMeasures):    Polar circumference at phi=0:         6.53382
INFO (QuasiLocalMeasures):    Polar circumference at phi=pi/2:      6.38465
INFO (QuasiLocalMeasures):    Spin guess J from distortion:        0.116366
INFO (QuasiLocalMeasures):    Mass guess M from distortion:        0.529763
INFO (QuasiLocalMeasures): Isolated Horizon quantities for surface    0:
INFO (QuasiLocalMeasures):    Killing vector field eigenvalue norm:     0.999837
INFO (QuasiLocalMeasures):    Spin J:                                   0.629365E-03
INFO (QuasiLocalMeasures):    Kerr spin parameter a = J/M:              0.121568E-02
INFO (QuasiLocalMeasures):    Dimensionless spin parameter a = J/M^2:   0.234822E-02
INFO (QuasiLocalMeasures):    Spin J from NP:                          -0.117063
INFO (QuasiLocalMeasures):    Spin J from phi-coordinate-vector:         0.00000
INFO (QuasiLocalMeasures):    Mass M:                                   0.517705
INFO (QuasiLocalMeasures): Global quantities for surface    0:
INFO (QuasiLocalMeasures):    ADM energy:                 -3.76627
INFO (QuasiLocalMeasures):    ADM momentum x:            -0.661110E-02
INFO (QuasiLocalMeasures):    ADM momentum y:            -0.402673E-01
INFO (QuasiLocalMeasures):    ADM momentum z:             0.623078E-11
INFO (QuasiLocalMeasures):    ADM angular momentum x:     0.117990E-11
INFO (QuasiLocalMeasures):    ADM angular momentum y:     0.317340E-11
INFO (QuasiLocalMeasures):    ADM angular momentum z:     0.292725E-01
INFO (QuasiLocalMeasures):    Landau-Lifshitz energy:                  7.89357
INFO (QuasiLocalMeasures):    Landau-Lifshitz momentum x:            -0.140341
INFO (QuasiLocalMeasures):    Landau-Lifshitz momentum y:            -0.410245
INFO (QuasiLocalMeasures):    Landau-Lifshitz momentum z:            -0.576816E-10
INFO (QuasiLocalMeasures):    Landau-Lifshitz angular momentum x:     0.809423E-11
INFO (QuasiLocalMeasures):    Landau-Lifshitz angular momentum y:     0.107845E-10
INFO (QuasiLocalMeasures):    Landau-Lifshitz angular momentum z:     0.367194
     8064    15.750 |   17.0487605 |    0.0000082 |    0.0006294 |    0.3000748 |    0.3006364 |         -nan |   49.0139701 |    0.3003972 |         -nan
INFO (CarpetRegrid2): Centre 1 is at position [-0.682236,0.371494,-1.07131e-16] with 7 levels
INFO (CarpetRegrid2): Centre 2 is at position [0.682236,-0.371494,-7.00473e-17] with 7 levels
INFO (CarpetRegrid2): Centre 3 is not active
INFO (CarpetRegrid2): Regridding level 0 map 0 at iteration 8065 time 16
INFO (CarpetRegrid2): Regridding levels 2 and up
INFO (CarpetRegrid2): Enforcing grid structure properties, iteration 0
INFO (CarpetRegrid2): Enforcing grid structure properties, iteration 1
INFO (CarpetRegrid2): Enforcing grid structure properties, iteration 0
INFO (CarpetRegrid2): Enforcing grid structure properties, iteration 1
INFO (CarpetRegrid2): Enforcing grid structure properties, iteration 0
INFO (CarpetRegrid2): Enforcing grid structure properties, iteration 1
INFO (CarpetRegrid2): Enforcing grid structure properties, iteration 0
INFO (CarpetRegrid2): Enforcing grid structure properties, iteration 1
INFO (CarpetRegrid2): Enforcing grid structure properties, iteration 0
INFO (CarpetRegrid2): Enforcing grid structure properties, iteration 1
INFO (Carpet): Grid structure (superregions, grid points):
   [0][0][0]   exterior: [0,0,0] : [65,124,65]   ([66,125,66] + PADDING) 544500
   [1][0][0]   exterior: [3,50,3] : [80,198,79]   ([78,149,77] + PADDING) 894894
   [2][0][0]   exterior: [9,206,9] : [54,290,53]   ([46,85,45] + PADDING) 175950
   [3][0][0]   exterior: [21,454,21] : [68,538,65]   ([48,85,45] + PADDING) 183600
   [4][0][0]   exterior: [45,948,45] : [94,1036,89]   ([50,89,45] + PADDING) 200250
   [5][0][0]   exterior: [93,1937,93] : [148,2031,137]   ([56,95,45] + PADDING) 239400
   [6][0][0]   exterior: [189,3998,189] : [211,4021,233]   ([23,24,45] + PADDING) 24840
   [6][0][1]   exterior: [189,3915,189] : [255,3997,233]   ([67,83,45] + PADDING) 250245
INFO (Carpet): Grid structure (superregions, coordinates):
   [0][0][0]   exterior: [-6.000,-124.000,-6.000] : [124.000,124.000,124.000] : [2.000,2.000,2.000]
   [1][0][0]   exterior: [-3.000,-74.000,-3.000] : [74.000,74.000,73.000] : [1.000,1.000,1.000]
   [2][0][0]   exterior: [-1.500,-21.000,-1.500] : [21.000,21.000,20.500] : [0.500,0.500,0.500]
   [3][0][0]   exterior: [-0.750,-10.500,-0.750] : [11.000,10.500,10.250] : [0.250,0.250,0.250]
   [4][0][0]   exterior: [-0.375,-5.500,-0.375] : [5.750,5.500,5.125] : [0.125,0.125,0.125]
   [5][0][0]   exterior: [-0.188,-2.938,-0.188] : [3.250,2.938,2.562] : [0.062,0.062,0.062]
   [6][0][0]   exterior: [-0.094,0.938,-0.094] : [0.594,1.656,1.281] : [0.031,0.031,0.031]
   [6][0][1]   exterior: [-0.094,-1.656,-0.094] : [1.969,0.906,1.281] : [0.031,0.031,0.031]
INFO (Carpet): Global grid structure statistics:
INFO (Carpet): GF: rhs: 250k active, 462k owned (+84%), 798k total (+73%), 128 steps/time
INFO (Carpet): GF: vars: 271, pts: 399M active, 596M owned (+49%), 970M total (+63%), 1.0 comp/proc
INFO (Carpet): GA: vars: 1508, pts: 10M active, 10M total (+0%)
INFO (Carpet): Total required memory: 7.852 GByte (for GAs and currently active GFs)
INFO (Carpet): Load balance:  min     avg     max     sdv     max/avg-1
INFO (Carpet): Level  0:      14M     15M     16M      1M owned      8%
INFO (Carpet): Level  1:      27M     28M     30M      1M owned      6%
INFO (Carpet): Level  2:       5M      5M      6M      0M owned     11%
INFO (Carpet): Level  3:       5M      5M      6M      0M owned      7%
INFO (Carpet): Level  4:       6M      6M      7M      0M owned     10%
INFO (Carpet): Level  5:       7M      7M      8M      0M owned      7%
INFO (Carpet): Level  6:       5M      8M      9M      1M owned     14%
INFO (AHFinderDirect): proc 0: searching for horizons 1,5/6
INFO (AHFinderDirect): AH 4/6: r=49.015 at (-0.000000,-0.000000,-0.000000)
INFO (AHFinderDirect): AH 4/6: area=31415.9062 m_irreducible=24.99999191
INFO (AHFinderDirect): AH 1/6: r=0.306238 at (-0.684982,0.326671,0.000000)
INFO (AHFinderDirect): AH 1/6: area=13.47283003 m_irreducible=0.5177194578
INFO (AHFinderDirect): AH 2/6: r=0.306238 at (0.684982,-0.326671,-0.000000)
INFO (AHFinderDirect): AH 2/6: area=13.47283003 m_irreducible=0.5177194578
INFO (AHFinderDirect): AH 5/6: r=0.306563 at (-0.684973,0.326721,-0.000000)
INFO (AHFinderDirect): AH 5/6: area=13.48296608 m_irreducible=0.51791417
INFO (QuasiLocalMeasures): Calculating quasi-local quantities for surface    0
INFO (QuasiLocalMeasures): Importing from spherical surface    0
WARNING level 3 in thorn QuasiLocalMeasures processor 0 host nid07855
  (line 120 of qlm_killing_transport.F90): 
  -> Did not manage to find an eigenvector with the eigenvalue 1
INFO (QuasiLocalMeasures): Geometric quantities for surface    0:
INFO (QuasiLocalMeasures):    Area A:                            13.4727
INFO (QuasiLocalMeasures):    Irreducible mass M = R/2:         0.517717
INFO (QuasiLocalMeasures):    Areal radius R = sqrt(A/4pi):      1.03543
INFO (QuasiLocalMeasures): Coordinate-dependent quantities for surface    0:
INFO (QuasiLocalMeasures):    Equatorial circumference:             6.66522
INFO (QuasiLocalMeasures):    Polar circumference at phi=0:         6.55560
INFO (QuasiLocalMeasures):    Polar circumference at phi=pi/2:      6.37769
INFO (QuasiLocalMeasures):    Spin guess J from distortion:        0.119387
INFO (QuasiLocalMeasures):    Mass guess M from distortion:        0.530401
INFO (QuasiLocalMeasures): Isolated Horizon quantities for surface    0:
INFO (QuasiLocalMeasures):    Killing vector field eigenvalue norm:     0.999898
INFO (QuasiLocalMeasures):    Spin J:                                   0.644450E-03
INFO (QuasiLocalMeasures):    Kerr spin parameter a = J/M:              0.124479E-02
INFO (QuasiLocalMeasures):    Dimensionless spin parameter a = J/M^2:   0.240438E-02
INFO (QuasiLocalMeasures):    Spin J from NP:                          -0.121464
INFO (QuasiLocalMeasures):    Spin J from phi-coordinate-vector:         0.00000
INFO (QuasiLocalMeasures):    Mass M:                                   0.517717
INFO (QuasiLocalMeasures): Global quantities for surface    0:
INFO (QuasiLocalMeasures):    ADM energy:                 -3.83866
INFO (QuasiLocalMeasures):    ADM momentum x:            -0.409995E-02
INFO (QuasiLocalMeasures):    ADM momentum y:            -0.409796E-01
INFO (QuasiLocalMeasures):    ADM momentum z:            -0.449148E-17
INFO (QuasiLocalMeasures):    ADM angular momentum x:    -0.354912E-18
INFO (QuasiLocalMeasures):    ADM angular momentum y:    -0.138364E-17
INFO (QuasiLocalMeasures):    ADM angular momentum z:     0.289022E-01
INFO (QuasiLocalMeasures):    Landau-Lifshitz energy:                  8.03155
INFO (QuasiLocalMeasures):    Landau-Lifshitz momentum x:            -0.117414
INFO (QuasiLocalMeasures):    Landau-Lifshitz momentum y:            -0.428886
INFO (QuasiLocalMeasures):    Landau-Lifshitz momentum z:             0.825012E-16
INFO (QuasiLocalMeasures):    Landau-Lifshitz angular momentum x:     0.464877E-17
INFO (QuasiLocalMeasures):    Landau-Lifshitz angular momentum y:     0.353467E-16
INFO (QuasiLocalMeasures):    Landau-Lifshitz angular momentum z:     0.365625
     8192    16.000 |   16.9699593 |    0.0000087 |    0.0006444 |    0.2974093 |    0.2980154 |         -nan |   49.0148389 |    0.2977292 |         -nan
INFO (CarpetRegrid2): Centre 1 is at position [-0.684982,0.326671,4.12023e-18] with 7 levels
INFO (CarpetRegrid2): Centre 2 is at position [0.684982,-0.326671,-1.44208e-16] with 7 levels
INFO (CarpetRegrid2): Centre 3 is not active
INFO (CarpetRegrid2): Refined regions have not changed sufficiently; skipping regridding
INFO (CarpetRegrid2): Centre 1 is at position [-0.684982,0.326671,4.12023e-18] with 7 levels
INFO (CarpetRegrid2): Centre 2 is at position [0.684982,-0.326671,-1.44208e-16] with 7 levels
INFO (CarpetRegrid2): Centre 3 is not active
INFO (CarpetRegrid2): Refined regions have not changed sufficiently; skipping regridding
INFO (CarpetRegrid2): Centre 1 is at position [-0.684982,0.326671,4.12023e-18] with 7 levels
INFO (CarpetRegrid2): Centre 2 is at position [0.684982,-0.326671,-1.44208e-16] with 7 levels
INFO (CarpetRegrid2): Centre 3 is not active
INFO (CarpetRegrid2): Refined regions have not changed sufficiently; skipping regridding
INFO (CarpetRegrid2): Centre 1 is at position [-0.684982,0.326671,4.12023e-18] with 7 levels
INFO (CarpetRegrid2): Centre 2 is at position [0.684982,-0.326671,-1.44208e-16] with 7 levels
INFO (CarpetRegrid2): Centre 3 is not active
INFO (CarpetRegrid2): Refined regions have not changed sufficiently; skipping regridding
INFO (CarpetRegrid2): Centre 1 is at position [-0.684982,0.326671,4.12023e-18] with 7 levels
INFO (CarpetRegrid2): Centre 2 is at position [0.684982,-0.326671,-1.44208e-16] with 7 levels
INFO (CarpetRegrid2): Centre 3 is not active
INFO (CarpetRegrid2): Refined regions have not changed sufficiently; skipping regridding
INFO (CarpetRegrid2): Centre 1 is at position [-0.684982,0.326671,4.12023e-18] with 7 levels
INFO (CarpetRegrid2): Centre 2 is at position [0.684982,-0.326671,-1.44208e-16] with 7 levels
INFO (CarpetRegrid2): Centre 3 is not active
INFO (CarpetRegrid2): Refined regions have not changed sufficiently; skipping regridding
INFO (CarpetRegrid2): Centre 1 is at position [-0.684982,0.326671,4.12023e-18] with 7 levels
INFO (CarpetRegrid2): Centre 2 is at position [0.684982,-0.326671,-1.44208e-16] with 7 levels
INFO (CarpetRegrid2): Centre 3 is not active
INFO (CarpetRegrid2): Refined regions have not changed sufficiently; skipping regridding
INFO (AHFinderDirect): proc 0: searching for horizons 1,5/6
INFO (AHFinderDirect): AH 4/6: r=49.0159 at (0.000000,0.000000,-0.000000)
INFO (AHFinderDirect): AH 4/6: area=31415.90594 m_irreducible=24.9999918
INFO (AHFinderDirect): AH 1/6: r=0.303641 at (-0.684878,0.281684,-0.000000)
INFO (AHFinderDirect): AH 1/6: area=13.47369417 m_irreducible=0.5177360607
INFO (AHFinderDirect): AH 2/6: r=0.303641 at (0.684878,-0.281684,0.000000)
INFO (AHFinderDirect): AH 2/6: area=13.47369417 m_irreducible=0.5177360607
INFO (AHFinderDirect): AH 5/6: r=0.303963 at (-0.684872,0.281736,-0.000000)
INFO (AHFinderDirect): AH 5/6: area=13.48381705 m_irreducible=0.5179305135
INFO (QuasiLocalMeasures): Calculating quasi-local quantities for surface    0
INFO (QuasiLocalMeasures): Importing from spherical surface    0
WARNING level 3 in thorn QuasiLocalMeasures processor 0 host nid07855
  (line 120 of qlm_killing_transport.F90): 
  -> Did not manage to find an eigenvector with the eigenvalue 1
INFO (QuasiLocalMeasures): Geometric quantities for surface    0:
INFO (QuasiLocalMeasures):    Area A:                            13.4735
INFO (QuasiLocalMeasures):    Irreducible mass M = R/2:         0.517733
INFO (QuasiLocalMeasures):    Areal radius R = sqrt(A/4pi):      1.03547
INFO (QuasiLocalMeasures): Coordinate-dependent quantities for surface    0:
INFO (QuasiLocalMeasures):    Equatorial circumference:             6.67216
INFO (QuasiLocalMeasures):    Polar circumference at phi=0:         6.57924
INFO (QuasiLocalMeasures):    Polar circumference at phi=pi/2:      6.37148
INFO (QuasiLocalMeasures):    Spin guess J from distortion:        0.121923
INFO (QuasiLocalMeasures):    Mass guess M from distortion:        0.530954
INFO (QuasiLocalMeasures): Isolated Horizon quantities for surface    0:
INFO (QuasiLocalMeasures):    Killing vector field eigenvalue norm:     0.999857
INFO (QuasiLocalMeasures):    Spin J:                                   0.664924E-03
INFO (QuasiLocalMeasures):    Kerr spin parameter a = J/M:              0.128430E-02
INFO (QuasiLocalMeasures):    Dimensionless spin parameter a = J/M^2:   0.248061E-02
INFO (QuasiLocalMeasures):    Spin J from NP:                          -0.126602
INFO (QuasiLocalMeasures):    Spin J from phi-coordinate-vector:         0.00000
INFO (QuasiLocalMeasures):    Mass M:                                   0.517734
INFO (QuasiLocalMeasures): Global quantities for surface    0:
INFO (QuasiLocalMeasures):    ADM energy:                 -3.91653
INFO (QuasiLocalMeasures):    ADM momentum x:            -0.151100E-02
INFO (QuasiLocalMeasures):    ADM momentum y:            -0.415267E-01
INFO (QuasiLocalMeasures):    ADM momentum z:             0.683170E-16
INFO (QuasiLocalMeasures):    ADM angular momentum x:     0.719654E-17
INFO (QuasiLocalMeasures):    ADM angular momentum y:     0.324427E-16
INFO (QuasiLocalMeasures):    ADM angular momentum z:     0.284950E-01
INFO (QuasiLocalMeasures):    Landau-Lifshitz energy:                  8.18035
INFO (QuasiLocalMeasures):    Landau-Lifshitz momentum x:            -0.928326E-01
INFO (QuasiLocalMeasures):    Landau-Lifshitz momentum y:            -0.446705
INFO (QuasiLocalMeasures):    Landau-Lifshitz momentum z:             0.110019E-16
INFO (QuasiLocalMeasures):    Landau-Lifshitz angular momentum x:     0.570190E-16
INFO (QuasiLocalMeasures):    Landau-Lifshitz angular momentum y:     0.153524E-15
INFO (QuasiLocalMeasures):    Landau-Lifshitz angular momentum z:     0.363876
     8320    16.250 |   16.9565161 |    0.0000093 |    0.0006649 |    0.2946301 |    0.2952819 |         -nan |   49.0157213 |    0.2949469 |         -nan
INFO (CarpetRegrid2): Centre 1 is at position [-0.684878,0.281684,-1.93638e-16] with 7 levels
INFO (CarpetRegrid2): Centre 2 is at position [0.684878,-0.281684,1.02999e-16] with 7 levels
INFO (CarpetRegrid2): Centre 3 is not active
INFO (CarpetRegrid2): Refined regions have not changed sufficiently; skipping regridding
INFO (CarpetRegrid2): Centre 1 is at position [-0.684878,0.281684,-1.93638e-16] with 7 levels
INFO (CarpetRegrid2): Centre 2 is at position [0.684878,-0.281684,1.02999e-16] with 7 levels
INFO (CarpetRegrid2): Centre 3 is not active
INFO (CarpetRegrid2): Refined regions have not changed sufficiently; skipping regridding
INFO (CarpetRegrid2): Centre 1 is at position [-0.684878,0.281684,-1.93638e-16] with 7 levels
INFO (CarpetRegrid2): Centre 2 is at position [0.684878,-0.281684,1.02999e-16] with 7 levels
INFO (CarpetRegrid2): Centre 3 is not active
INFO (CarpetRegrid2): Refined regions have not changed sufficiently; skipping regridding
INFO (CarpetRegrid2): Centre 1 is at position [-0.684878,0.281684,-1.93638e-16] with 7 levels
INFO (CarpetRegrid2): Centre 2 is at position [0.684878,-0.281684,1.02999e-16] with 7 levels
INFO (CarpetRegrid2): Centre 3 is not active
INFO (CarpetRegrid2): Refined regions have not changed sufficiently; skipping regridding
INFO (CarpetRegrid2): Centre 1 is at position [-0.684878,0.281684,-1.93638e-16] with 7 levels
INFO (CarpetRegrid2): Centre 2 is at position [0.684878,-0.281684,1.02999e-16] with 7 levels
INFO (CarpetRegrid2): Centre 3 is not active
INFO (CarpetRegrid2): Refined regions have not changed sufficiently; skipping regridding
INFO (CarpetRegrid2): Centre 1 is at position [-0.684878,0.281684,-1.93638e-16] with 7 levels
INFO (CarpetRegrid2): Centre 2 is at position [0.684878,-0.281684,1.02999e-16] with 7 levels
INFO (CarpetRegrid2): Centre 3 is not active
INFO (CarpetRegrid2): Refined regions have not changed sufficiently; skipping regridding
INFO (CarpetRegrid2): Centre 1 is at position [-0.684878,0.281684,-1.93638e-16] with 7 levels
INFO (CarpetRegrid2): Centre 2 is at position [0.684878,-0.281684,1.02999e-16] with 7 levels
INFO (CarpetRegrid2): Centre 3 is not active
INFO (CarpetRegrid2): Refined regions have not changed sufficiently; skipping regridding
INFO (AHFinderDirect): proc 0: searching for horizons 1,5/6
INFO (AHFinderDirect): AH 4/6: r=49.0168 at (-0.000000,-0.000000,0.000000)
INFO (AHFinderDirect): AH 4/6: area=31415.90568 m_irreducible=24.9999917
INFO (AHFinderDirect): AH 1/6: r=0.300869 at (-0.681924,0.236763,-0.000000)
INFO (AHFinderDirect): AH 1/6: area=13.47425374 m_irreducible=0.5177468116
INFO (AHFinderDirect): AH 2/6: r=0.300869 at (0.681924,-0.236763,0.000000)
INFO (AHFinderDirect): AH 2/6: area=13.47425374 m_irreducible=0.5177468116
INFO (AHFinderDirect): AH 5/6: r=0.301188 at (-0.681922,0.236816,0.000000)
INFO (AHFinderDirect): AH 5/6: area=13.4843568 m_irreducible=0.5179408798
