+ set -e
+ cd /mnt/scratch/cvaishak/simulations/ETK_10_2019p/q1a10a20p4/output-0000-active
+ echo Checking:
+ pwd
+ hostname
+ date
+ cat /var/spool/PBS/aux/50400.hn1
+ module load use.own
++ /usr/bin/modulecmd bash load use.own
+ eval LOADEDMODULES=use.own ';export' 'LOADEDMODULES;MODULEPATH=/mnt/modulefiles/parallel:/mnt/modulefiles/libraries:/mnt/modulefiles/compilers:/mnt/modulefiles/tools:/usr/share/Modules/modulefiles:/etc/modulefiles:/mnt/home/visitor/cvaishak/privatemodules' ';export' 'MODULEPATH;_LMFILES_=/usr/share/Modules/modulefiles/use.own' ';export' '_LMFILES_;'
++ LOADEDMODULES=use.own
++ export LOADEDMODULES
++ MODULEPATH=/mnt/modulefiles/parallel:/mnt/modulefiles/libraries:/mnt/modulefiles/compilers:/mnt/modulefiles/tools:/usr/share/Modules/modulefiles:/etc/modulefiles:/mnt/home/visitor/cvaishak/privatemodules
++ export MODULEPATH
++ _LMFILES_=/usr/share/Modules/modulefiles/use.own
++ export _LMFILES_
+ module load intel-2019.5.local
++ /usr/bin/modulecmd bash load intel-2019.5.local
+ eval INTELCOMPILER=/mnt/home/visitor/cvaishak/Installations/MPI/intel ';export' 'INTELCOMPILER;LD_LIBRARY_PATH=/mnt/home/visitor/cvaishak/Installations/MPI/intel/compilers_and_libraries_2019.5.281/linux/compiler/lib/intel64_lin:/mnt/home/visitor/cvaishak/Installations/MPI/intel/compilers_and_libraries_2019.5.281/linux/mpi/intel64/libfabric/lib:/mnt/home/visitor/cvaishak/Installations/MPI/intel/compilers_and_libraries_2019.5.281/linux/mpi/intel64/lib/release:/mnt/home/visitor/cvaishak/Installations/MPI/intel/compilers_and_libraries_2019.5.281/linux/mpi/intel64/lib:/mnt/home/visitor/cvaishak/Installations/MPI/intel/compilers_and_libraries_2019.5.281/linux/ipp/lib/intel64:/mnt/home/visitor/cvaishak/Installations/MPI/intel/compilers_and_libraries_2019.5.281/linux/compiler/lib/intel64_lin:/mnt/home/visitor/cvaishak/Installations/MPI/intel/compilers_and_libraries_2019.5.281/linux/mkl/lib/intel64_lin:/mnt/home/visitor/cvaishak/Installations/MPI/intel/compilers_and_libraries_2019.5.281/linux/tbb/lib/intel64/gcc4.7:/mnt/home/visitor/cvaishak/Installations/MPI/intel/compilers_and_libraries_2019.5.281/linux/tbb/lib/intel64/gcc4.7:/mnt/home/visitor/cvaishak/Installations/MPI/intel/debugger_2019/libipt/intel64/lib:/mnt/home/visitor/cvaishak/Installations/MPI/intel/compilers_and_libraries_2019.5.281/linux/daal/lib/intel64_lin:/mnt/home/visitor/cvaishak/Installations/MPI/intel/compilers_and_libraries_2019.5.281/linux/daal/../tbb/lib/intel64_lin/gcc4.4:/opt/pbs/18.2.3/lib/:/mnt/csoft/compilers/gcc-8.2.0/lib:/mnt/csoft/compilers/gcc-8.2.0/lib64:/mnt/home/visitor/cvaishak/Installations/HDF5/hdf5-1.8.12/lib:/mnt/home/visitor/cvaishak/Installations/Python/frame:/lib:/lib64:/usr/lib:/usr/lib64:/usr/local/lib64:/mnt/home/visitor/cvaishak/Installations/soft1/root/usr/lib:/mnt/home/visitor/cvaishak/Installations/soft1/root/usr/lib64:' ';export' 'LD_LIBRARY_PATH;LOADEDMODULES=use.own:intel-2019.5.local' ';export' 'LOADEDMODULES;PATH=/mnt/home/visitor/cvaishak/Installations/MPI/intel/compilers_and_libraries_2019.5.281/linux/bin/intel64:/mnt/home/visitor/cvaishak/Installations/MPI/intel/compilers_and_libraries_2019.5.281/linux/bin:/mnt/home/visitor/cvaishak/Installations/MPI/intel/compilers_and_libraries_2019.5.281/linux/mpi/intel64/libfabric/bin:/mnt/home/visitor/cvaishak/Installations/MPI/intel/compilers_and_libraries_2019.5.281/linux/mpi/intel64/bin:/mnt/home/visitor/cvaishak/Installations/MPI/intel/debugger_2019/gdb/intel64/bin:/mnt/home/visitor/cvaishak/.conda/envs/usual33/bin:/mnt/csoft/tools/anaconda3/condabin:/mnt/csoft/compilers/gcc-8.2.0/bin:/mnt/home/visitor/cvaishak/Installations/HDF5/hdf5-1.8.12/bin:/mnt/home/visitor/cvaishak/Installations/soft1/root/usr/sbin:/mnt/home/visitor/cvaishak/Installations/soft1/root/usr/bin:/mnt/home/visitor/cvaishak/Installations/soft1/root/bin:/usr/bin:/bin:/usr/local/bin:/opt/pbs/18.2.3/bin:/bin:/usr/bin:/usr/local/sbin:/usr/sbin:/opt/ibutils/bin:/opt/pbs/bin:/mnt/home/visitor/cvaishak/bin' ';export' 'PATH;_LMFILES_=/usr/share/Modules/modulefiles/use.own:/mnt/home/visitor/cvaishak/privatemodules/intel-2019.5.local' ';export' '_LMFILES_;'
++ INTELCOMPILER=/mnt/home/visitor/cvaishak/Installations/MPI/intel
++ export INTELCOMPILER
++ LD_LIBRARY_PATH=/mnt/home/visitor/cvaishak/Installations/MPI/intel/compilers_and_libraries_2019.5.281/linux/compiler/lib/intel64_lin:/mnt/home/visitor/cvaishak/Installations/MPI/intel/compilers_and_libraries_2019.5.281/linux/mpi/intel64/libfabric/lib:/mnt/home/visitor/cvaishak/Installations/MPI/intel/compilers_and_libraries_2019.5.281/linux/mpi/intel64/lib/release:/mnt/home/visitor/cvaishak/Installations/MPI/intel/compilers_and_libraries_2019.5.281/linux/mpi/intel64/lib:/mnt/home/visitor/cvaishak/Installations/MPI/intel/compilers_and_libraries_2019.5.281/linux/ipp/lib/intel64:/mnt/home/visitor/cvaishak/Installations/MPI/intel/compilers_and_libraries_2019.5.281/linux/compiler/lib/intel64_lin:/mnt/home/visitor/cvaishak/Installations/MPI/intel/compilers_and_libraries_2019.5.281/linux/mkl/lib/intel64_lin:/mnt/home/visitor/cvaishak/Installations/MPI/intel/compilers_and_libraries_2019.5.281/linux/tbb/lib/intel64/gcc4.7:/mnt/home/visitor/cvaishak/Installations/MPI/intel/compilers_and_libraries_2019.5.281/linux/tbb/lib/intel64/gcc4.7:/mnt/home/visitor/cvaishak/Installations/MPI/intel/debugger_2019/libipt/intel64/lib:/mnt/home/visitor/cvaishak/Installations/MPI/intel/compilers_and_libraries_2019.5.281/linux/daal/lib/intel64_lin:/mnt/home/visitor/cvaishak/Installations/MPI/intel/compilers_and_libraries_2019.5.281/linux/daal/../tbb/lib/intel64_lin/gcc4.4:/opt/pbs/18.2.3/lib/:/mnt/csoft/compilers/gcc-8.2.0/lib:/mnt/csoft/compilers/gcc-8.2.0/lib64:/mnt/home/visitor/cvaishak/Installations/HDF5/hdf5-1.8.12/lib:/mnt/home/visitor/cvaishak/Installations/Python/frame:/lib:/lib64:/usr/lib:/usr/lib64:/usr/local/lib64:/mnt/home/visitor/cvaishak/Installations/soft1/root/usr/lib:/mnt/home/visitor/cvaishak/Installations/soft1/root/usr/lib64:
++ export LD_LIBRARY_PATH
++ LOADEDMODULES=use.own:intel-2019.5.local
++ export LOADEDMODULES
++ PATH=/mnt/home/visitor/cvaishak/Installations/MPI/intel/compilers_and_libraries_2019.5.281/linux/bin/intel64:/mnt/home/visitor/cvaishak/Installations/MPI/intel/compilers_and_libraries_2019.5.281/linux/bin:/mnt/home/visitor/cvaishak/Installations/MPI/intel/compilers_and_libraries_2019.5.281/linux/mpi/intel64/libfabric/bin:/mnt/home/visitor/cvaishak/Installations/MPI/intel/compilers_and_libraries_2019.5.281/linux/mpi/intel64/bin:/mnt/home/visitor/cvaishak/Installations/MPI/intel/debugger_2019/gdb/intel64/bin:/mnt/home/visitor/cvaishak/.conda/envs/usual33/bin:/mnt/csoft/tools/anaconda3/condabin:/mnt/csoft/compilers/gcc-8.2.0/bin:/mnt/home/visitor/cvaishak/Installations/HDF5/hdf5-1.8.12/bin:/mnt/home/visitor/cvaishak/Installations/soft1/root/usr/sbin:/mnt/home/visitor/cvaishak/Installations/soft1/root/usr/bin:/mnt/home/visitor/cvaishak/Installations/soft1/root/bin:/usr/bin:/bin:/usr/local/bin:/opt/pbs/18.2.3/bin:/bin:/usr/bin:/usr/local/sbin:/usr/sbin:/opt/ibutils/bin:/opt/pbs/bin:/mnt/home/visitor/cvaishak/bin
++ export PATH
++ _LMFILES_=/usr/share/Modules/modulefiles/use.own:/mnt/home/visitor/cvaishak/privatemodules/intel-2019.5.local
++ export _LMFILES_
+ echo Environment:
+ export CACTUS_NUM_PROCS=256
+ CACTUS_NUM_PROCS=256
+ export CACTUS_NUM_THREADS=1
+ CACTUS_NUM_THREADS=1
+ export GMON_OUT_PREFIX=gmon.out
+ GMON_OUT_PREFIX=gmon.out
+ export OMP_NUM_THREADS=1
+ OMP_NUM_THREADS=1
+ env
+ sort
+ echo Starting:
++ date +%s
+ export CACTUS_STARTTIME=1598441133
+ CACTUS_STARTTIME=1598441133
+ '[' 256 = 1 ']'
+ mpirun -np 256 /mnt/scratch/cvaishak/simulations/ETK_10_2019p/q1a10a20p4/SIMFACTORY/exe/cactus_sim -L 3 /mnt/scratch/cvaishak/simulations/ETK_10_2019p/q1a10a20p4/output-0000/q1a10a20p4.par
WARNING[L1,P171] (Carpet): Although OpenMP is disabled, the environment variable OMP_NUM_THREADS is set to 1. It will be ignored.
WARNING[L1,P179] (Carpet): Although OpenMP is disabled, the environment variable OMP_NUM_THREADS is set to 1. It will be ignored.
WARNING[L1,P185] (Carpet): Although OpenMP is disabled, the environment variable OMP_NUM_THREADS is set to 1. It will be ignored.
WARNING[L1,P161] (Carpet): Although OpenMP is disabled, the environment variable OMP_NUM_THREADS is set to 1. It will be ignored.
WARNING[L1,P160] (Carpet): Although OpenMP is disabled, the environment variable OMP_NUM_THREADS is set to 1. It will be ignored.
WARNING[L1,P170] (Carpet): Although OpenMP is disabled, the environment variable OMP_NUM_THREADS is set to 1. It will be ignored.
WARNING[L1,P164] (Carpet): Although OpenMP is disabled, the environment variable OMP_NUM_THREADS is set to 1. It will be ignored.
WARNING[L1,P169] (Carpet): Although OpenMP is disabled, the environment variable OMP_NUM_THREADS is set to 1. It will be ignored.
WARNING[L1,P177] (Carpet): Although OpenMP is disabled, the environment variable OMP_NUM_THREADS is set to 1. It will be ignored.
WARNING[L1,P180] (Carpet): Although OpenMP is disabled, the environment variable OMP_NUM_THREADS is set to 1. It will be ignored.
WARNING[L1,P183] (Carpet): Although OpenMP is disabled, the environment variable OMP_NUM_THREADS is set to 1. It will be ignored.
WARNING[L1,P186] (Carpet): Although OpenMP is disabled, the environment variable OMP_NUM_THREADS is set to 1. It will be ignored.
WARNING[L1,P178] (Carpet): Although OpenMP is disabled, the environment variable OMP_NUM_THREADS is set to 1. It will be ignored.
WARNING[L1,P163] (Carpet): Although OpenMP is disabled, the environment variable OMP_NUM_THREADS is set to 1. It will be ignored.
WARNING[L1,P181] (Carpet): Although OpenMP is disabled, the environment variable OMP_NUM_THREADS is set to 1. It will be ignored.
WARNING[L1,P173] (Carpet): Although OpenMP is disabled, the environment variable OMP_NUM_THREADS is set to 1. It will be ignored.
WARNING[L1,P188] (Carpet): Although OpenMP is disabled, the environment variable OMP_NUM_THREADS is set to 1. It will be ignored.
WARNING[L1,P191] (Carpet): Although OpenMP is disabled, the environment variable OMP_NUM_THREADS is set to 1. It will be ignored.
WARNING[L1,P187] (Carpet): Although OpenMP is disabled, the environment variable OMP_NUM_THREADS is set to 1. It will be ignored.
WARNING[L1,P165] (Carpet): Although OpenMP is disabled, the environment variable OMP_NUM_THREADS is set to 1. It will be ignored.
WARNING[L1,P175] (Carpet): Although OpenMP is disabled, the environment variable OMP_NUM_THREADS is set to 1. It will be ignored.
WARNING[L1,P174] (Carpet): Although OpenMP is disabled, the environment variable OMP_NUM_THREADS is set to 1. It will be ignored.
WARNING[L1,P182] (Carpet): Although OpenMP is disabled, the environment variable OMP_NUM_THREADS is set to 1. It will be ignored.
WARNING[L1,P167] (Carpet): Although OpenMP is disabled, the environment variable OMP_NUM_THREADS is set to 1. It will be ignored.
WARNING[L1,P162] (Carpet): Although OpenMP is disabled, the environment variable OMP_NUM_THREADS is set to 1. It will be ignored.
WARNING[L1,P184] (Carpet): Although OpenMP is disabled, the environment variable OMP_NUM_THREADS is set to 1. It will be ignored.
WARNING[L1,P189] (Carpet): Although OpenMP is disabled, the environment variable OMP_NUM_THREADS is set to 1. It will be ignored.
WARNING[L1,P166] (Carpet): Although OpenMP is disabled, the environment variable OMP_NUM_THREADS is set to 1. It will be ignored.
WARNING[L1,P190] (Carpet): Although OpenMP is disabled, the environment variable OMP_NUM_THREADS is set to 1. It will be ignored.
WARNING[L1,P168] (Carpet): Although OpenMP is disabled, the environment variable OMP_NUM_THREADS is set to 1. It will be ignored.
WARNING[L1,P172] (Carpet): Although OpenMP is disabled, the environment variable OMP_NUM_THREADS is set to 1. It will be ignored.
WARNING[L1,P176] (Carpet): Although OpenMP is disabled, the environment variable OMP_NUM_THREADS is set to 1. It will be ignored.
WARNING[L1,P133] (Carpet): Although OpenMP is disabled, the environment variable OMP_NUM_THREADS is set to 1. It will be ignored.
WARNING[L1,P115] (Carpet): Although OpenMP is disabled, the environment variable OMP_NUM_THREADS is set to 1. It will be ignored.
WARNING[L1,P63] (Carpet): Although OpenMP is disabled, the environment variable OMP_NUM_THREADS is set to 1. It will be ignored.
WARNING[L1,P65] (Carpet): Although OpenMP is disabled, the environment variable OMP_NUM_THREADS is set to 1. It will be ignored.
WARNING[L1,P72] (Carpet): Although OpenMP is disabled, the environment variable OMP_NUM_THREADS is set to 1. It will be ignored.
WARNING[L1,P69] (Carpet): Although OpenMP is disabled, the environment variable OMP_NUM_THREADS is set to 1. It will be ignored.
WARNING[L1,P67] (Carpet): Although OpenMP is disabled, the environment variable OMP_NUM_THREADS is set to 1. It will be ignored.
WARNING[L1,P64] (Carpet): Although OpenMP is disabled, the environment variable OMP_NUM_THREADS is set to 1. It will be ignored.
WARNING[L1,P94] (Carpet): Although OpenMP is disabled, the environment variable OMP_NUM_THREADS is set to 1. It will be ignored.
WARNING[L1,P74] (Carpet): Although OpenMP is disabled, the environment variable OMP_NUM_THREADS is set to 1. It will be ignored.
WARNING[L1,P62] (Carpet):WARNING[L1,P48] (Carpet): Although OpenMP is disabled, the environment variable OMP_NUM_THREADS is set to 1. It will be ignored.
WARNING[L1,P60] (Carpet): Although OpenMP is disabled, the environment variable OMP_NUM_THREADS is set to 1. It will be ignored.
 Although OpenMP is disabled, the environment variable OMP_NUM_THREADS is set to 1. It will be ignored.WARNING[L1,P49] (Carpet): Although OpenMP is disabled, the environment variable OMP_NUM_THREADS is set to 1. It will be ignored.

WARNING[L1,P52] (Carpet): Although OpenMP is disabled, the environment variable OMP_NUM_THREADS is set to 1. It will be ignored.
WARNING[L1,P58] (Carpet):WARNING[L1,P51] (Carpet): Although OpenMP is disabled, the environment variable OMP_NUM_THREADS is set to 1. It will be ignored.
WARNING[L1,P56] (Carpet): Although OpenMP is disabled, the environment variable OMP_NUM_THREADS is set to 1. It will be ignored.
WARNING[L1,P59] (Carpet): Although OpenMP is disabled, the environment variable OMP_NUM_THREADS is set to 1. It will be ignored.
WARNING[L1,P36] (Carpet): Although OpenMP is disabled, the environment variable OMP_NUM_THREADS is set to 1. It will be ignored.
WARNING[L1,P37] (Carpet): Although OpenMP is disabled, the environment variable OMP_NUM_THREADS is set to 1. It will be ignored.
WARNING[L1,P38] (Carpet): Although OpenMP is disabled, the environment variable OMP_NUM_THREADS is set to 1. It will be ignored.
WARNING[L1,P47] (Carpet): Although OpenMP is disabled, the environment variable OMP_NUM_THREADS is set to 1. It will be ignored.
WARNING[L1,P57] (Carpet): Although OpenMP is disabled, the environment variable OMP_NUM_THREADS is set to 1. It will be ignored.
WARNING[L1,P44] (Carpet): Although OpenMP is disabled, the environment variable OMP_NUM_THREADS is set to 1. It will be ignored.
WARNING[L1,P40] (Carpet): Although OpenMP is disabled, the environment variable OMP_NUM_THREADS is set to 1. It will be ignored.
WARNING[L1,P41] (Carpet): Although OpenMP is disabled, the environment variable OMP_NUM_THREADS is set to 1. It will be ignored.
WARNING[L1,P42] (Carpet): Although OpenMP is disabled, the environment variable OMP_NUM_THREADS is set to 1. It will be ignored.
WARNING[L1,P137] (Carpet): Although OpenMP is disabled, the environment variable OMP_NUM_THREADS is set to 1. It will be ignored.
WARNING[L1,P43] (Carpet): Although OpenMP is disabled, the environment variable OMP_NUM_THREADS is set to 1. It will be ignored.
WARNING[L1,P50] (Carpet): Although OpenMP is disabled, the environment variable OMP_NUM_THREADS is set to 1. It will be ignored.
WARNING[L1,P55] (Carpet): Although OpenMP is disabled, the environment variable OMP_NUM_THREADS is set to 1. It will be ignored.
WARNING[L1,P46] (Carpet): Although OpenMP is disabled, the environment variable OMP_NUM_THREADS is set to 1. It will be ignored.
 Although OpenMP is disabled, the environment variable OMP_NUM_THREADS is set to 1. It will be ignored.
WARNING[L1,P45] (Carpet): Although OpenMP is disabled, the environment variable OMP_NUM_THREADS is set to 1. It will be ignored.
WARNING[L1,P54] (Carpet):WARNING[L1,P34] (Carpet): Although OpenMP is disabled, the environment variable OMP_NUM_THREADS is set to 1. It will be ignored.
WARNING[L1,P53] (Carpet): Although OpenMP is disabled, the environment variable OMP_NUM_THREADS is set to 1. It will be ignored.
WARNING[L1,P61] (Carpet): Although OpenMP is disabled, the environment variable OMP_NUM_THREADS is set to 1. It will be ignored.
WARNING[L1,P148] (Carpet): Although OpenMP is disabled, the environment variable OMP_NUM_THREADS is set to 1. It will be ignored.
WARNING[L1,P33] (Carpet): Although OpenMP is disabled, the environment variable OMP_NUM_THREADS is set to 1. It will be ignored.
WARNING[L1,P149] (Carpet): Although OpenMP is disabled, the environment variable OMP_NUM_THREADS is set to 1. It will be ignored.
 WARNING[L1,P131] (Carpet): Although OpenMP is disabled, the environment variable OMP_NUM_THREADS is set to 1. It will be ignored.
WARNING[L1,P39] (Carpet): Although OpenMP is disabled, the environment variable OMP_NUM_THREADS is set to 1. It will be ignored.
WARNING[L1,P141] (Carpet): Although OpenMP is disabled, the environment variable OMP_NUM_THREADS is set to 1. It will be ignored.
Although OpenMP is disabled, the environment variable OMP_NUM_THREADS is set to 1. It will be ignored.
WARNING[L1,P32] (Carpet): Although OpenMP is disabled, the environment variable OMP_NUM_THREADS is set to 1. It will be ignored.
WARNING[L1,P152] (Carpet): Although OpenMP is disabled, the environment variable OMP_NUM_THREADS is set to 1. It will be ignored.
WARNING[L1,P35] (Carpet):WARNING[L1,P159] (Carpet): Although OpenMP is disabled, the environment variable OMP_NUM_THREADS is set to 1. It will be ignored.
WARNING[L1,P139] (Carpet): Although OpenMP is disabled, the environment variable OMP_NUM_THREADS is set to 1. It will be ignored.
 WARNING[L1,P128] (Carpet): Although OpenMP is disabled, the environment variable OMP_NUM_THREADS is set to 1. It will be ignored.
Although OpenMP is disabled, the environment variable OMP_NUM_THREADS is set to 1. It will be ignored.
WARNING[L1,P147] (Carpet): Although OpenMP is disabled, the environment variable OMP_NUM_THREADS is set to 1. It will be ignored.
WARNING[L1,P129] (Carpet): Although OpenMP is disabled, the environment variable OMP_NUM_THREADS is set to 1. It will be ignored.
WARNING[L1,P76] (Carpet): Although OpenMP is disabled, the environment variable OMP_NUM_THREADS is set to 1. It will be ignored.
WARNING[L1,P89] (Carpet): Although OpenMP is disabled, the environment variable OMP_NUM_THREADS is set to 1. It will be ignored.
WARNING[L1,P91] (Carpet): Although OpenMP is disabled, the environment variable OMP_NUM_THREADS is set to 1. It will be ignored.
WARNING[L1,P90] (Carpet): Although OpenMP is disabled, the environment variable OMP_NUM_THREADS is set to 1. It will be ignored.
WARNING[L1,P26] (Carpet): Although OpenMP is disabled, the environment variable OMP_NUM_THREADS is set to 1. It will be ignored.
WARNING[L1,P70] (Carpet): Although OpenMP is disabled, the environment variable OMP_NUM_THREADS is set to 1. It will be ignored.
WARNING[L1,P80] (Carpet): Although OpenMP is disabled, the environment variable OMP_NUM_THREADS is set to 1. It will be ignored.
WARNING[L1,P19] (Carpet): Although OpenMP is disabled, the environment variable OMP_NUM_THREADS is set to 1. It will be ignored.
WARNING[L1,P81] (Carpet): Although OpenMP is disabled, the environment variable OMP_NUM_THREADS is set to 1. It will be ignored.
WARNING[L1,P86] (Carpet): Although OpenMP is disabled, the environment variable OMP_NUM_THREADS is set to 1. It will be ignored.
WARNING[L1,P66] (Carpet): Although OpenMP is disabled, the environment variable OMP_NUM_THREADS is set to 1. It will be ignored.
WARNING[L1,P83] (Carpet): Although OpenMP is disabled, the environment variable OMP_NUM_THREADS is set to 1. It will be ignored.
WARNING[L1,P73] (Carpet): Although OpenMP is disabled, the environment variable OMP_NUM_THREADS is set to 1. It will be ignored.
WARNING[L1,P93] (Carpet): Although OpenMP is disabled, the environment variable OMP_NUM_THREADS is set to 1. It will be ignored.
WARNING[L1,P95] (Carpet): Although OpenMP is disabled, the environment variable OMP_NUM_THREADS is set to 1. It will be ignored.
WARNING[L1,P68] (Carpet): Although OpenMP is disabled, the environment variable OMP_NUM_THREADS is set to 1. It will be ignored.
WARNING[L1,P82] (Carpet): Although OpenMP is disabled, the environment variable OMP_NUM_THREADS is set to 1. It will be ignored.
WARNING[L1,P27] (Carpet): Although OpenMP is disabled, the environment variable OMP_NUM_THREADS is set to 1. It will be ignored.
WARNING[L1,P23] (Carpet): Although OpenMP is disabled, the environment variable OMP_NUM_THREADS is set to 1. It will be ignored.
WARNING[L1,P12] (Carpet): Although OpenMP is disabled, the environment variable OMP_NUM_THREADS is set to 1. It will be ignored.
WARNING[L1,P13] (Carpet): Although OpenMP is disabled, the environment variable OMP_NUM_THREADS is set to 1. It will be ignored.
WARNING[L1,P15] (Carpet): Although OpenMP is disabled, the environment variable OMP_NUM_THREADS is set to 1. It will be ignored.
WARNING[L1,P17] (Carpet): Although OpenMP is disabled, the environment variable OMP_NUM_THREADS is set to 1. It will be ignored.
WARNING[L1,P84] (Carpet): Although OpenMP is disabled, the environment variable OMP_NUM_THREADS is set to 1. It will be ignored.
WARNING[L1,P118] (Carpet): Although OpenMP is disabled, the environment variable OMP_NUM_THREADS is set to 1. It will be ignored.
WARNING[L1,P116] (Carpet): Although OpenMP is disabled, the environment variable OMP_NUM_THREADS is set to 1. It will be ignored.
WARNING[L1,P122] (Carpet): Although OpenMP is disabled, the environment variable OMP_NUM_THREADS is set to 1. It will be ignored.
WARNING[L1,P126] (Carpet): Although OpenMP is disabled, the environment variable OMP_NUM_THREADS is set to 1. It will be ignored.
WARNING[L1,P110] (Carpet): Although OpenMP is disabled, the environment variable OMP_NUM_THREADS is set to 1. It will be ignored.
WARNING[L1,P104] (Carpet): Although OpenMP is disabled, the environment variable OMP_NUM_THREADS is set to 1. It will be ignored.
WARNING[L1,P127] (Carpet): Although OpenMP is disabled, the environment variable OMP_NUM_THREADS is set to 1. It will be ignored.
WARNING[L1,P109] (Carpet): Although OpenMP is disabled, the environment variable OMP_NUM_THREADS is set to 1. It will be ignored.
WARNING[L1,P88] (Carpet):WARNING[L1,P75] (Carpet): Although OpenMP is disabled, the environment variable OMP_NUM_THREADS is set to 1. It will be ignored.
WARNING[L1,P78] (Carpet): Although OpenMP is disabled, the environment variable OMP_NUM_THREADS is set to 1. It will be ignored.
WARNING[L1,P77] (Carpet): Although OpenMP is disabled, the environment variable OMP_NUM_THREADS is set to 1. It will be ignored.
WARNING[L1,P85] (Carpet): Although OpenMP is disabled, the environment variable OMP_NUM_THREADS is set to 1. It will be ignored.
 Although OpenMP is disabled, the environment variable OMP_NUM_THREADS is set to 1. It will be ignored.
WARNING[L1,P92] (Carpet): Although OpenMP is disabled, the environment variable OMP_NUM_THREADS is set to 1. It will be ignored.
WARNING[L1,P87] (Carpet): Although OpenMP is disabled, the environment variable OMP_NUM_THREADS is set to 1. It will be ignored.
WARNING[L1,P71] (Carpet): Although OpenMP is disabled, the environment variable OMP_NUM_THREADS is set to 1. It will be ignored.
WARNING[L1,P2] (Carpet): Although OpenMP is disabled, the environment variable OMP_NUM_THREADS is set to 1. It will be ignored.
WARNING[L1,P9] (Carpet): Although OpenMP is disabled, the environment variable OMP_NUM_THREADS is set to 1. It will be ignored.
WARNING[L1,P31] (Carpet): Although OpenMP is disabled, the environment variable OMP_NUM_THREADS is set to 1. It will be ignored.
WARNING[L1,P30] (Carpet): Although OpenMP is disabled, the environment variable OMP_NUM_THREADS is set to 1. It will be ignored.
WARNING[L1,P120] (Carpet):WARNING[L1,P117] (Carpet): Although OpenMP is disabled, the environment variable OMP_NUM_THREADS is set to 1. It will be ignored.
WARNING[L1,P123] (Carpet): Although OpenMP is disabled, the environment variable OMP_NUM_THREADS is set to 1. It will be ignored.
WARNING[L1,P101] (Carpet): Although OpenMP is disabled, the environment variable OMP_NUM_THREADS is set to 1. It will be ignored.
WARNING[L1,P125] (Carpet): Although OpenMP is disabled, the environment variable OMP_NUM_THREADS is set to 1. It will be ignored.
WARNING[L1,P107] (Carpet): Although OpenMP is disabled, the environment variable OMP_NUM_THREADS is set to 1. It will be ignored.
 WARNING[L1,P106] (Carpet): Although OpenMP is disabled, the environment variable OMP_NUM_THREADS is set to 1. It will be ignored.
WARNING[L1,P96] (Carpet): Although OpenMP is disabled, the environment variable OMP_NUM_THREADS is set to 1. It will be ignored.
WARNING[L1,P98] (Carpet): Although OpenMP is disabled, the environment variable OMP_NUM_THREADS is set to 1. It will be ignored.
WARNING[L1,P113] (Carpet): Although OpenMP is disabled, the environment variable OMP_NUM_THREADS is set to 1. It will be ignored.
WARNING[L1,P105] (Carpet): Although OpenMP is disabled, the environment variable OMP_NUM_THREADS is set to 1. It will be ignored.
WARNING[L1,P114] (Carpet): Although OpenMP is disabled, the environment variable OMP_NUM_THREADS is set to 1. It will be ignored.
Although OpenMP is disabled, the environment variable OMP_NUM_THREADS is set to 1. It will be ignored.WARNING[L1,P108] (Carpet): Although OpenMP is disabled, the environment variable OMP_NUM_THREADS is set to 1. It will be ignored.
WARNING[L1,P102] (Carpet):
WARNING[L1,P97] (Carpet): Although OpenMP is disabled, the environment variable OMP_NUM_THREADS is set to 1. It will be ignored.
WARNING[L1,P100] (Carpet): Although OpenMP is disabled, the environment variable OMP_NUM_THREADS is set to 1. It will be ignored.
WARNING[L1,P119] (Carpet): Although OpenMP is disabled, the environment variable OMP_NUM_THREADS is set to 1. It will be ignored.
WARNING[L1,P121] (Carpet): Although OpenMP is disabled, the environment variable OMP_NUM_THREADS is set to 1. It will be ignored.
WARNING[L1,P103] (Carpet): Although OpenMP is disabled, the environment variable OMP_NUM_THREADS is set to 1. It will be ignored.
WARNING[L1,P112] (Carpet): Although OpenMP is disabled, the environment variable OMP_NUM_THREADS is set to 1. It will be ignored.
 Although OpenMP is disabled, the environment variable OMP_NUM_THREADS is set to 1. It will be ignored.
WARNING[L1,P111] (Carpet):WARNING[L1,P124] (Carpet): Although OpenMP is disabled, the environment variable OMP_NUM_THREADS is set to 1. It will be ignored.
WARNING[L1,P99] (Carpet): Although OpenMP is disabled, the environment variable OMP_NUM_THREADS is set to 1. It will be ignored.
 Although OpenMP is disabled, the environment variable OMP_NUM_THREADS is set to 1. It will be ignored.
WARNING[L1,P135] (Carpet): Although OpenMP is disabled, the environment variable OMP_NUM_THREADS is set to 1. It will be ignored.
WARNING[L1,P138] (Carpet): Although OpenMP is disabled, the environment variable OMP_NUM_THREADS is set to 1. It will be ignored.
WARNING[L1,P157] (Carpet):WARNING[L1,P134] (Carpet): Although OpenMP is disabled, the environment variable OMP_NUM_THREADS is set to 1. It will be ignored.
WARNING[L1,P151] (Carpet): Although OpenMP is disabled, the environment variable OMP_NUM_THREADS is set to 1. It will be ignored.
WARNING[L1,P154] (Carpet): Although OpenMP is disabled, the environment variable OMP_NUM_THREADS is set to 1. It will be ignored.
WARNING[L1,P156] (Carpet): Although OpenMP is disabled, the environment variable OMP_NUM_THREADS is set to 1. It will be ignored.
WARNING[L1,P146] (Carpet): Although OpenMP is disabled, the environment variable OMP_NUM_THREADS is set to 1. It will be ignored.
WARNING[L1,P144] (Carpet): Although OpenMP is disabled, the environment variable OMP_NUM_THREADS is set to 1. It will be ignored.
WARNING[L1,P150] (Carpet): Although OpenMP is disabled, the environment variable OMP_NUM_THREADS is set to 1. It will be ignored.
WARNING[L1,P140] (Carpet): Although OpenMP is disabled, the environment variable OMP_NUM_THREADS is set to 1. It will be ignored.
WARNING[L1,P142] (Carpet): Although OpenMP is disabled, the environment variable OMP_NUM_THREADS is set to 1. It will be ignored.
 WARNING[L1,P145] (Carpet): Although OpenMP is disabled, the environment variable OMP_NUM_THREADS is set to 1. It will be ignored.
WARNING[L1,P153] (Carpet): Although OpenMP is disabled, the environment variable OMP_NUM_THREADS is set to 1. It will be ignored.
WARNING[L1,P132] (Carpet): Although OpenMP is disabled, the environment variable OMP_NUM_THREADS is set to 1. It will be ignored.
WARNING[L1,P136] (Carpet): Although OpenMP is disabled, the environment variable OMP_NUM_THREADS is set to 1. It will be ignored.
WARNING[L1,P143] (Carpet): Although OpenMP is disabled, the environment variable OMP_NUM_THREADS is set to 1. It will be ignored.
Although OpenMP is disabled, the environment variable OMP_NUM_THREADS is set to 1. It will be ignored.
WARNING[L1,P158] (Carpet): Although OpenMP is disabled, the environment variable OMP_NUM_THREADS is set to 1. It will be ignored.
WARNING[L1,P130] (Carpet):WARNING[L1,P155] (Carpet): Although OpenMP is disabled, the environment variable OMP_NUM_THREADS is set to 1. It will be ignored.
 Although OpenMP is disabled, the environment variable OMP_NUM_THREADS is set to 1. It will be ignored.
WARNING[L1,P1] (Carpet): Although OpenMP is disabled, the environment variable OMP_NUM_THREADS is set to 1. It will be ignored.
WARNING[L1,P28] (Carpet): Although OpenMP is disabled, the environment variable OMP_NUM_THREADS is set to 1. It will be ignored.
WARNING[L1,P11] (Carpet): Although OpenMP is disabled, the environment variable OMP_NUM_THREADS is set to 1. It will be ignored.
WARNING[L1,P18] (Carpet): Although OpenMP is disabled, the environment variable OMP_NUM_THREADS is set to 1. It will be ignored.
WARNING[L1,P20] (Carpet): Although OpenMP is disabled, the environment variable OMP_NUM_THREADS is set to 1. It will be ignored.
WARNING[L1,P16] (Carpet): Although OpenMP is disabled, the environment variable OMP_NUM_THREADS is set to 1. It will be ignored.
WARNING[L1,P25] (Carpet): Although OpenMP is disabled, the environment variable OMP_NUM_THREADS is set to 1. It will be ignored.
WARNING[L1,P22] (Carpet): Although OpenMP is disabled, the environment variable OMP_NUM_THREADS is set to 1. It will be ignored.
WARNING[L1,P14] (Carpet): Although OpenMP is disabled, the environment variable OMP_NUM_THREADS is set to 1. It will be ignored.
WARNING[L1,P4] (Carpet): Although OpenMP is disabled, the environment variable OMP_NUM_THREADS is set to 1. It will be ignored.
WARNING[L1,P7] (Carpet): Although OpenMP is disabled, the environment variable OMP_NUM_THREADS is set to 1. It will be ignored.
WARNING[L1,P24] (Carpet): Although OpenMP is disabled, the environment variable OMP_NUM_THREADS is set to 1. It will be ignored.
WARNING[L1,P3] (Carpet): Although OpenMP is disabled, the environment variable OMP_NUM_THREADS is set to 1. It will be ignored.
WARNING[L1,P10] (Carpet): Although OpenMP is disabled, the environment variable OMP_NUM_THREADS is set to 1. It will be ignored.
WARNING[L1,P21] (Carpet):WARNING[L1,P29] (Carpet): Although OpenMP is disabled, the environment variable OMP_NUM_THREADS is set to 1. It will be ignored.
 Although OpenMP is disabled, the environment variable OMP_NUM_THREADS is set to 1. It will be ignored.
WARNING[L1,P8] (Carpet): Although OpenMP is disabled, the environment variable OMP_NUM_THREADS is set to 1. It will be ignored.
WARNING[L1,P5] (Carpet): Although OpenMP is disabled, the environment variable OMP_NUM_THREADS is set to 1. It will be ignored.
WARNING[L1,P6] (Carpet): Although OpenMP is disabled, the environment variable OMP_NUM_THREADS is set to 1. It will be ignored.
WARNING[L1,P0] (Carpet): Although OpenMP is disabled, the environment variable OMP_NUM_THREADS is set to 1. It will be ignored.
WARNING[L1,P204] (Carpet): Although OpenMP is disabled, the environment variable OMP_NUM_THREADS is set to 1. It will be ignored.
WARNING[L1,P202] (Carpet): Although OpenMP is disabled, the environment variable OMP_NUM_THREADS is set to 1. It will be ignored.
WARNING[L1,P195] (Carpet): Although OpenMP is disabled, the environment variable OMP_NUM_THREADS is set to 1. It will be ignored.
WARNING[L1,P198] (Carpet): Although OpenMP is disabled, the environment variable OMP_NUM_THREADS is set to 1. It will be ignored.
WARNING[L1,P222] (Carpet): Although OpenMP is disabled, the environment variable OMP_NUM_THREADS is set to 1. It will be ignored.
WARNING[L1,P208] (Carpet): Although OpenMP is disabled, the environment variable OMP_NUM_THREADS is set to 1. It will be ignored.
WARNING[L1,P194] (Carpet): Although OpenMP is disabled, the environment variable OMP_NUM_THREADS is set to 1. It will be ignored.
WARNING[L1,P206] (Carpet): Although OpenMP is disabled, the environment variable OMP_NUM_THREADS is set to 1. It will be ignored.
WARNING[L1,P209] (Carpet): Although OpenMP is disabled, the environment variable OMP_NUM_THREADS is set to 1. It will be ignored.
WARNING[L1,P207] (Carpet): Although OpenMP is disabled, the environment variable OMP_NUM_THREADS is set to 1. It will be ignored.
WARNING[L1,P220] (Carpet): Although OpenMP is disabled, the environment variable OMP_NUM_THREADS is set to 1. It will be ignored.
WARNING[L1,P197] (Carpet): Although OpenMP is disabled, the environment variable OMP_NUM_THREADS is set to 1. It will be ignored.
WARNING[L1,P196] (Carpet): Although OpenMP is disabled, the environment variable OMP_NUM_THREADS is set to 1. It will be ignored.
WARNING[L1,P212] (Carpet): Although OpenMP is disabled, the environment variable OMP_NUM_THREADS is set to 1. It will be ignored.
WARNING[L1,P211] (Carpet): Although OpenMP is disabled, the environment variable OMP_NUM_THREADS is set to 1. It will be ignored.
WARNING[L1,P221] (Carpet): Although OpenMP is disabled, the environment variable OMP_NUM_THREADS is set to 1. It will be ignored.
WARNING[L1,P205] (Carpet): Although OpenMP is disabled, the environment variable OMP_NUM_THREADS is set to 1. It will be ignored.
WARNING[L1,P218] (Carpet): Although OpenMP is disabled, the environment variable OMP_NUM_THREADS is set to 1. It will be ignored.
WARNING[L1,P199] (Carpet): Although OpenMP is disabled, the environment variable OMP_NUM_THREADS is set to 1. It will be ignored.
WARNING[L1,P214] (Carpet): Although OpenMP is disabled, the environment variable OMP_NUM_THREADS is set to 1. It will be ignored.
WARNING[L1,P210] (Carpet): Although OpenMP is disabled, the environment variable OMP_NUM_THREADS is set to 1. It will be ignored.
WARNING[L1,P216] (Carpet): Although OpenMP is disabled, the environment variable OMP_NUM_THREADS is set to 1. It will be ignored.
WARNING[L1,P213] (Carpet): Although OpenMP is disabled, the environment variable OMP_NUM_THREADS is set to 1. It will be ignored.
WARNING[L1,P201] (Carpet): Although OpenMP is disabled, the environment variable OMP_NUM_THREADS is set to 1. It will be ignored.
WARNING[L1,P193] (Carpet): Although OpenMP is disabled, the environment variable OMP_NUM_THREADS is set to 1. It will be ignored.
WARNING[L1,P215] (Carpet): Although OpenMP is disabled, the environment variable OMP_NUM_THREADS is set to 1. It will be ignored.
WARNING[L1,P200] (Carpet): Although OpenMP is disabled, the environment variable OMP_NUM_THREADS is set to 1. It will be ignored.
WARNING[L1,P223] (Carpet): Although OpenMP is disabled, the environment variable OMP_NUM_THREADS is set to 1. It will be ignored.
WARNING[L1,P192] (Carpet): Although OpenMP is disabled, the environment variable OMP_NUM_THREADS is set to 1. It will be ignored.
WARNING[L1,P219] (Carpet):WARNING[L1,P217] (Carpet): Although OpenMP is disabled, the environment variable OMP_NUM_THREADS is set to 1. It will be ignored.
 Although OpenMP is disabled, the environment variable OMP_NUM_THREADS is set to 1. It will be ignored.
WARNING[L1,P203] (Carpet): Although OpenMP is disabled, the environment variable OMP_NUM_THREADS is set to 1. It will be ignored.
WARNING[L1,P243] (Carpet): Although OpenMP is disabled, the environment variable OMP_NUM_THREADS is set to 1. It will be ignored.
WARNING[L1,P252] (Carpet): Although OpenMP is disabled, the environment variable OMP_NUM_THREADS is set to 1. It will be ignored.
WARNING[L1,P230] (Carpet): Although OpenMP is disabled, the environment variable OMP_NUM_THREADS is set to 1. It will be ignored.
WARNING[L1,P237] (Carpet): Although OpenMP is disabled, the environment variable OMP_NUM_THREADS is set to 1. It will be ignored.
WARNING[L1,P239] (Carpet): Although OpenMP is disabled, the environment variable OMP_NUM_THREADS is set to 1. It will be ignored.
WARNING[L1,P242] (Carpet): Although OpenMP is disabled, the environment variable OMP_NUM_THREADS is set to 1. It will be ignored.
WARNING[L1,P244] (Carpet): Although OpenMP is disabled, the environment variable OMP_NUM_THREADS is set to 1. It will be ignored.
WARNING[L1,P249] (Carpet): Although OpenMP is disabled, the environment variable OMP_NUM_THREADS is set to 1. It will be ignored.
WARNING[L1,P224] (Carpet): Although OpenMP is disabled, the environment variable OMP_NUM_THREADS is set to 1. It will be ignored.
WARNING[L1,P232] (Carpet): Although OpenMP is disabled, the environment variable OMP_NUM_THREADS is set to 1. It will be ignored.
WARNING[L1,P234] (Carpet): Although OpenMP is disabled, the environment variable OMP_NUM_THREADS is set to 1. It will be ignored.
WARNING[L1,P228] (Carpet): Although OpenMP is disabled, the environment variable OMP_NUM_THREADS is set to 1. It will be ignored.
WARNING[L1,P225] (Carpet): Although OpenMP is disabled, the environment variable OMP_NUM_THREADS is set to 1. It will be ignored.
WARNING[L1,P247] (Carpet): Although OpenMP is disabled, the environment variable OMP_NUM_THREADS is set to 1. It will be ignored.
WARNING[L1,P233] (Carpet): Although OpenMP is disabled, the environment variable OMP_NUM_THREADS is set to 1. It will be ignored.
WARNING[L1,P255] (Carpet): Although OpenMP is disabled, the environment variable OMP_NUM_THREADS is set to 1. It will be ignored.
WARNING[L1,P254] (Carpet):WARNING[L1,P241] (Carpet): Although OpenMP is disabled, the environment variable OMP_NUM_THREADS is set to 1. It will be ignored.
WARNING[L1,P253] (Carpet): Although OpenMP is disabled, the environment variable OMP_NUM_THREADS is set to 1. It will be ignored.
WARNING[L1,P236] (Carpet): Although OpenMP is disabled, the environment variable OMP_NUM_THREADS is set to 1. It will be ignored.
WARNING[L1,P229] (Carpet): Although OpenMP is disabled, the environment variable OMP_NUM_THREADS is set to 1. It will be ignored.
 WARNING[L1,P250] (Carpet): Although OpenMP is disabled, the environment variable OMP_NUM_THREADS is set to 1. It will be ignored.
WARNING[L1,P231] (Carpet): Although OpenMP is disabled, the environment variable OMP_NUM_THREADS is set to 1. It will be ignored.
WARNING[L1,P245] (Carpet): Although OpenMP is disabled, the environment variable OMP_NUM_THREADS is set to 1. It will be ignored.
Although OpenMP is disabled, the environment variable OMP_NUM_THREADS is set to 1. It will be ignored.WARNING[L1,P240] (Carpet): Although OpenMP is disabled, the environment variable OMP_NUM_THREADS is set to 1. It will be ignored.

WARNING[L1,P246] (Carpet): Although OpenMP is disabled, the environment variable OMP_NUM_THREADS is set to 1. It will be ignored.
WARNING[L1,P251] (Carpet): Although OpenMP is disabled, the environment variable OMP_NUM_THREADS is set to 1. It will be ignored.
WARNING[L1,P227] (Carpet): Although OpenMP is disabled, the environment variable OMP_NUM_THREADS is set to 1. It will be ignored.
WARNING[L1,P226] (Carpet):WARNING[L1,P238] (Carpet): Although OpenMP is disabled, the environment variable OMP_NUM_THREADS is set to 1. It will be ignored.
 Although OpenMP is disabled, the environment variable OMP_NUM_THREADS is set to 1. It will be ignored.
WARNING[L1,P248] (Carpet): WARNING[L1,P235] (Carpet): Although OpenMP is disabled, the environment variable OMP_NUM_THREADS is set to 1. It will be ignored.
Although OpenMP is disabled, the environment variable OMP_NUM_THREADS is set to 1. It will be ignored.
WARNING[L1,P79] (Carpet): Although OpenMP is disabled, the environment variable OMP_NUM_THREADS is set to 1. It will be ignored.
WARNING[L1,P110] (ML_ADMConstraints): WARNING[L1,P20] (ML_ADMConstraints):GetBoundaryWidths: Could not determine current map (can be caused by calling in LEVEL mode)WARNING[L1,P154] (ML_ADMConstraints):WARNING[L1,P208] (ML_ADMConstraints):WARNING[L1,P65] (ML_ADMConstraints): 
   GetBoundaryWidths: Could not determine current map (can be caused by calling in LEVEL mode)WARNING[L1,P109] (ML_ADMConstraints):GetBoundaryWidths: Could not determine current map (can be caused by calling in LEVEL mode)GetBoundaryWidths: Could not determine current map (can be caused by calling in LEVEL mode)GetBoundaryWidths: Could not determine current map (can be caused by calling in LEVEL mode)
 


GetBoundaryWidths: Could not determine current map (can be caused by calling in LEVEL mode)WARNING[L1,P207] (ML_ADMConstraints):
 GetBoundaryWidths: Could not determine current map (can be caused by calling in LEVEL mode)
WARNING[L1,P19] (ML_ADMConstraints): GetBoundaryWidths: Could not determine current map (can be caused by calling in LEVEL mode)
WARNING[L1,P64] (ML_ADMConstraints): GetBoundaryWidths: Could not determine current map (can be caused by calling in LEVEL mode)
WARNING[L1,P206] (ML_ADMConstraints): GetBoundaryWidths: Could not determine current map (can be caused by calling in LEVEL mode)
WARNING[L1,P205] (ML_ADMConstraints): GetBoundaryWidths: Could not determine current map (can be caused by calling in LEVEL mode)
WARNING[L1,P18] (ML_ADMConstraints): WARNING[L1,P108] (ML_ADMConstraints):WARNING[L1,P63] (ML_ADMConstraints):GetBoundaryWidths: Could not determine current map (can be caused by calling in LEVEL mode)  
GetBoundaryWidths: Could not determine current map (can be caused by calling in LEVEL mode)GetBoundaryWidths: Could not determine current map (can be caused by calling in LEVEL mode)WARNING[L1,P16] (ML_ADMConstraints):

 WARNING[L1,P62] (ML_ADMConstraints):GetBoundaryWidths: Could not determine current map (can be caused by calling in LEVEL mode) 
GetBoundaryWidths: Could not determine current map (can be caused by calling in LEVEL mode)WARNING[L1,P17] (ML_ADMConstraints):
 WARNING[L1,P61] (ML_ADMConstraints):GetBoundaryWidths: Could not determine current map (can be caused by calling in LEVEL mode) 
GetBoundaryWidths: Could not determine current map (can be caused by calling in LEVEL mode)
WARNING[L1,P107] (ML_ADMConstraints): GetBoundaryWidths: Could not determine current map (can be caused by calling in LEVEL mode)
WARNING[L1,P106] (ML_ADMConstraints): GetBoundaryWidths: Could not determine current map (can be caused by calling in LEVEL mode)
WARNING[L1,P151] (ML_ADMConstraints): GetBoundaryWidths: Could not determine current map (can be caused by calling in LEVEL mode)
WARNING[L1,P150] (ML_ADMConstraints): GetBoundaryWidths: Could not determine current map (can be caused by calling in LEVEL mode)
WARNING[L1,P152] (ML_ADMConstraints): GetBoundaryWidths: Could not determine current map (can be caused by calling in LEVEL mode)
WARNING[L1,P153] (ML_ADMConstraints): GetBoundaryWidths: Could not determine current map (can be caused by calling in LEVEL mode)
WARNING[L1,P204] (ML_ADMConstraints): GetBoundaryWidths: Could not determine current map (can be caused by calling in LEVEL mode)
WARNING[L1,P202] (ML_ADMConstraints): GetBoundaryWidths: Could not determine current map (can be caused by calling in LEVEL mode)
WARNING[L1,P203] (ML_ADMConstraints): GetBoundaryWidths: Could not determine current map (can be caused by calling in LEVEL mode)
WARNING[L1,P201] (ML_ADMConstraints): GetBoundaryWidths: Could not determine current map (can be caused by calling in LEVEL mode)
WARNING[L1,P18] (ML_BSSN): GetBoundaryWidths: Could not determine current map (can be caused by calling in LEVEL mode)
WARNING[L1,P63] (ML_BSSN): GetBoundaryWidths: Could not determine current map (can be caused by calling in LEVEL mode)
WARNING[L1,P204] (ML_BSSN):WARNING[L1,P108] (ML_BSSN):  GetBoundaryWidths: Could not determine current map (can be caused by calling in LEVEL mode)GetBoundaryWidths: Could not determine current map (can be caused by calling in LEVEL mode)

WARNING[L1,P153] (ML_BSSN): GetBoundaryWidths: Could not determine current map (can be caused by calling in LEVEL mode)
WARNING[L1,P203] (ML_BSSN): GetBoundaryWidths: Could not determine current map (can be caused by calling in LEVEL mode)
WARNING[L1,P66] (ML_ADMConstraints): GetBoundaryWidths: Could not determine current map (can be caused by calling in LEVEL mode)
WARNING[L1,P21] (ML_ADMConstraints): GetBoundaryWidths: Could not determine current map (can be caused by calling in LEVEL mode)
WARNING[L1,P155] (ML_ADMConstraints): GetBoundaryWidths: Could not determine current map (can be caused by calling in LEVEL mode)
WARNING[L1,P111] (ML_ADMConstraints): GetBoundaryWidths: Could not determine current map (can be caused by calling in LEVEL mode)
WARNING[L1,P209] (ML_ADMConstraints): GetBoundaryWidths: Could not determine current map (can be caused by calling in LEVEL mode)
WARNING[L1,P210] (ML_ADMConstraints): GetBoundaryWidths: Could not determine current map (can be caused by calling in LEVEL mode)
WARNING[L1,P205] (ML_BSSN): GetBoundaryWidths: Could not determine current map (can be caused by calling in LEVEL mode)
WARNING[L1,P206] (ML_BSSN): GetBoundaryWidths: Could not determine current map (can be caused by calling in LEVEL mode)
WARNING[L1,P19] (ML_BSSN): GetBoundaryWidths: Could not determine current map (can be caused by calling in LEVEL mode)
WARNING[L1,P64] (ML_BSSN): GetBoundaryWidths: Could not determine current map (can be caused by calling in LEVEL mode)
WARNING[L1,P154] (ML_BSSN): GetBoundaryWidths: Could not determine current map (can be caused by calling in LEVEL mode)
WARNING[L1,P109] (ML_BSSN): GetBoundaryWidths: Could not determine current map (can be caused by calling in LEVEL mode)
WARNING[L1,P15] (ML_ADMConstraints): WARNING[L1,P105] (ML_ADMConstraints):WARNING[L1,P60] (ML_ADMConstraints):GetBoundaryWidths: Could not determine current map (can be caused by calling in LEVEL mode)  
GetBoundaryWidths: Could not determine current map (can be caused by calling in LEVEL mode)GetBoundaryWidths: Could not determine current map (can be caused by calling in LEVEL mode)

WARNING[L1,P149] (ML_ADMConstraints): GetBoundaryWidths: Could not determine current map (can be caused by calling in LEVEL mode)
WARNING[L1,P199] (ML_ADMConstraints): GetBoundaryWidths: Could not determine current map (can be caused by calling in LEVEL mode)
WARNING[L1,P200] (ML_ADMConstraints): GetBoundaryWidths: Could not determine current map (can be caused by calling in LEVEL mode)
WARNING[L1,P107] (ML_BSSN): GetBoundaryWidths: Could not determine current map (can be caused by calling in LEVEL mode)
WARNING[L1,P17] (ML_BSSN): GetBoundaryWidths: Could not determine current map (can be caused by calling in LEVEL mode)
WARNING[L1,P151] (ML_BSSN):WARNING[L1,P152] (ML_BSSN): GetBoundaryWidths: Could not determine current map (can be caused by calling in LEVEL mode)
 GetBoundaryWidths: Could not determine current map (can be caused by calling in LEVEL mode)
WARNING[L1,P62] (ML_BSSN): GetBoundaryWidths: Could not determine current map (can be caused by calling in LEVEL mode)
WARNING[L1,P67] (ML_ADMConstraints):WARNING[L1,P22] (ML_ADMConstraints):  GetBoundaryWidths: Could not determine current map (can be caused by calling in LEVEL mode)GetBoundaryWidths: Could not determine current map (can be caused by calling in LEVEL mode)

WARNING[L1,P156] (ML_ADMConstraints): GetBoundaryWidths: Could not determine current map (can be caused by calling in LEVEL mode)
WARNING[L1,P112] (ML_ADMConstraints): GetBoundaryWidths: Could not determine current map (can be caused by calling in LEVEL mode)
WARNING[L1,P157] (ML_ADMConstraints): GetBoundaryWidths: Could not determine current map (can be caused by calling in LEVEL mode)
WARNING[L1,P68] (ML_ADMConstraints):WARNING[L1,P23] (ML_ADMConstraints):  GetBoundaryWidths: Could not determine current map (can be caused by calling in LEVEL mode)GetBoundaryWidths: Could not determine current map (can be caused by calling in LEVEL mode)

WARNING[L1,P110] (ML_BSSN): WARNING[L1,P212] (ML_ADMConstraints):GetBoundaryWidths: Could not determine current map (can be caused by calling in LEVEL mode)
 GetBoundaryWidths: Could not determine current map (can be caused by calling in LEVEL mode)
WARNING[L1,P211] (ML_ADMConstraints): GetBoundaryWidths: Could not determine current map (can be caused by calling in LEVEL mode)
WARNING[L1,P65] (ML_BSSN):WARNING[L1,P20] (ML_BSSN):  GetBoundaryWidths: Could not determine current map (can be caused by calling in LEVEL mode)GetBoundaryWidths: Could not determine current map (can be caused by calling in LEVEL mode)WARNING[L1,P208] (ML_BSSN):

 GetBoundaryWidths: Could not determine current map (can be caused by calling in LEVEL mode)
WARNING[L1,P207] (ML_BSSN): GetBoundaryWidths: Could not determine current map (can be caused by calling in LEVEL mode)
WARNING[L1,P155] (ML_BSSN): GetBoundaryWidths: Could not determine current map (can be caused by calling in LEVEL mode)
WARNING[L1,P111] (ML_BSSN): GetBoundaryWidths: Could not determine current map (can be caused by calling in LEVEL mode)
WARNING[L1,P104] (ML_ADMConstraints): GetBoundaryWidths: Could not determine current map (can be caused by calling in LEVEL mode)
WARNING[L1,P14] (ML_ADMConstraints): GetBoundaryWidths: Could not determine current map (can be caused by calling in LEVEL mode)
WARNING[L1,P59] (ML_ADMConstraints): GetBoundaryWidths: Could not determine current map (can be caused by calling in LEVEL mode)
WARNING[L1,P148] (ML_ADMConstraints): GetBoundaryWidths: Could not determine current map (can be caused by calling in LEVEL mode)
WARNING[L1,P202] (ML_BSSN): GetBoundaryWidths: Could not determine current map (can be caused by calling in LEVEL mode)
WARNING[L1,P198] (ML_ADMConstraints): GetBoundaryWidths: Could not determine current map (can be caused by calling in LEVEL mode)
WARNING[L1,P201] (ML_BSSN): GetBoundaryWidths: Could not determine current map (can be caused by calling in LEVEL mode)
WARNING[L1,P197] (ML_ADMConstraints): GetBoundaryWidths: Could not determine current map (can be caused by calling in LEVEL mode)
WARNING[L1,P16] (ML_BSSN): GetBoundaryWidths: Could not determine current map (can be caused by calling in LEVEL mode)
WARNING[L1,P61] (ML_BSSN): GetBoundaryWidths: Could not determine current map (can be caused by calling in LEVEL mode)
WARNING[L1,P106] (ML_BSSN): GetBoundaryWidths: Could not determine current map (can be caused by calling in LEVEL mode)
WARNING[L1,P150] (ML_BSSN): GetBoundaryWidths: Could not determine current map (can be caused by calling in LEVEL mode)
WARNING[L1,P103] (ML_ADMConstraints): GetBoundaryWidths: Could not determine current map (can be caused by calling in LEVEL mode)
WARNING[L1,P15] (ML_BSSN): GetBoundaryWidths: Could not determine current map (can be caused by calling in LEVEL mode)
WARNING[L1,P60] (ML_BSSN): GetBoundaryWidths: Could not determine current map (can be caused by calling in LEVEL mode)
WARNING[L1,P13] (ML_ADMConstraints): GetBoundaryWidths: Could not determine current map (can be caused by calling in LEVEL mode)
WARNING[L1,P58] (ML_ADMConstraints): GetBoundaryWidths: Could not determine current map (can be caused by calling in LEVEL mode)
WARNING[L1,P12] (ML_ADMConstraints): GetBoundaryWidths: Could not determine current map (can be caused by calling in LEVEL mode)
WARNING[L1,P57] (ML_ADMConstraints):WARNING[L1,P147] (ML_ADMConstraints):  GetBoundaryWidths: Could not determine current map (can be caused by calling in LEVEL mode)GetBoundaryWidths: Could not determine current map (can be caused by calling in LEVEL mode)
WARNING[L1,P102] (ML_ADMConstraints):
 GetBoundaryWidths: Could not determine current map (can be caused by calling in LEVEL mode)
WARNING[L1,P105] (ML_BSSN): GetBoundaryWidths: Could not determine current map (can be caused by calling in LEVEL mode)
WARNING[L1,P199] (ML_BSSN): GetBoundaryWidths: Could not determine current map (can be caused by calling in LEVEL mode)
WARNING[L1,P200] (ML_BSSN): GetBoundaryWidths: Could not determine current map (can be caused by calling in LEVEL mode)
WARNING[L1,P196] (ML_ADMConstraints): GetBoundaryWidths: Could not determine current map (can be caused by calling in LEVEL mode)
WARNING[L1,P195] (ML_ADMConstraints): GetBoundaryWidths: Could not determine current map (can be caused by calling in LEVEL mode)
WARNING[L1,P14] (ML_BSSN): GetBoundaryWidths: Could not determine current map (can be caused by calling in LEVEL mode)
WARNING[L1,P59] (ML_BSSN): GetBoundaryWidths: Could not determine current map (can be caused by calling in LEVEL mode)
WARNING[L1,P104] (ML_BSSN):WARNING[L1,P198] (ML_BSSN): GetBoundaryWidths: Could not determine current map (can be caused by calling in LEVEL mode) 
GetBoundaryWidths: Could not determine current map (can be caused by calling in LEVEL mode)
WARNING[L1,P149] (ML_BSSN): GetBoundaryWidths: Could not determine current map (can be caused by calling in LEVEL mode)
WARNING[L1,P197] (ML_BSSN): GetBoundaryWidths: Could not determine current map (can be caused by calling in LEVEL mode)
WARNING[L1,P193] (ML_ADMConstraints): GetBoundaryWidths: Could not determine current map (can be caused by calling in LEVEL mode)
WARNING[L1,P194] (ML_ADMConstraints): GetBoundaryWidths: Could not determine current map (can be caused by calling in LEVEL mode)
WARNING[L1,P11] (ML_ADMConstraints): GetBoundaryWidths: Could not determine current map (can be caused by calling in LEVEL mode)
WARNING[L1,P10] (ML_ADMConstraints): GetBoundaryWidths: Could not determine current map (can be caused by calling in LEVEL mode)
WARNING[L1,P148] (ML_BSSN): GetBoundaryWidths: Could not determine current map (can be caused by calling in LEVEL mode)
WARNING[L1,P55] (ML_ADMConstraints): GetBoundaryWidths: Could not determine current map (can be caused by calling in LEVEL mode)
WARNING[L1,P56] (ML_ADMConstraints): GetBoundaryWidths: Could not determine current map (can be caused by calling in LEVEL mode)
WARNING[L1,P101] (ML_ADMConstraints): GetBoundaryWidths: Could not determine current map (can be caused by calling in LEVEL mode)
WARNING[L1,P100] (ML_ADMConstraints): GetBoundaryWidths: Could not determine current map (can be caused by calling in LEVEL mode)
WARNING[L1,P192] (ML_ADMConstraints): GetBoundaryWidths: Could not determine current map (can be caused by calling in LEVEL mode)
WARNING[L1,P145] (ML_ADMConstraints): WARNING[L1,P146] (ML_ADMConstraints): GetBoundaryWidths: Could not determine current map (can be caused by calling in LEVEL mode)
GetBoundaryWidths: Could not determine current map (can be caused by calling in LEVEL mode)
WARNING[L1,P103] (ML_BSSN): GetBoundaryWidths: Could not determine current map (can be caused by calling in LEVEL mode)
WARNING[L1,P13] (ML_BSSN): GetBoundaryWidths: Could not determine current map (can be caused by calling in LEVEL mode)
WARNING[L1,P58] (ML_BSSN): GetBoundaryWidths: Could not determine current map (can be caused by calling in LEVEL mode)
WARNING[L1,P195] (ML_BSSN): GetBoundaryWidths: Could not determine current map (can be caused by calling in LEVEL mode)
WARNING[L1,P196] (ML_BSSN): GetBoundaryWidths: Could not determine current map (can be caused by calling in LEVEL mode)
WARNING[L1,P191] (ML_ADMConstraints): GetBoundaryWidths: Could not determine current map (can be caused by calling in LEVEL mode)
WARNING[L1,P102] (ML_BSSN): GetBoundaryWidths: Could not determine current map (can be caused by calling in LEVEL mode)
WARNING[L1,P12] (ML_BSSN): WARNING[L1,P57] (ML_BSSN):GetBoundaryWidths: Could not determine current map (can be caused by calling in LEVEL mode) 
GetBoundaryWidths: Could not determine current map (can be caused by calling in LEVEL mode)
WARNING[L1,P147] (ML_BSSN): GetBoundaryWidths: Could not determine current map (can be caused by calling in LEVEL mode)
WARNING[L1,P151] (WeylScal4): GetBoundaryWidths: Could not determine current map (can be caused by calling in LEVEL mode)
WARNING[L1,P202] (WeylScal4): GetBoundaryWidths: Could not determine current map (can be caused by calling in LEVEL mode)
WARNING[L1,P16] (WeylScal4): WARNING[L1,P201] (WeylScal4):GetBoundaryWidths: Could not determine current map (can be caused by calling in LEVEL mode) 
GetBoundaryWidths: Could not determine current map (can be caused by calling in LEVEL mode)
WARNING[L1,P61] (WeylScal4): GetBoundaryWidths: Could not determine current map (can be caused by calling in LEVEL mode)
WARNING[L1,P106] (WeylScal4): WARNING[L1,P150] (WeylScal4):GetBoundaryWidths: Could not determine current map (can be caused by calling in LEVEL mode) 
GetBoundaryWidths: Could not determine current map (can be caused by calling in LEVEL mode)
WARNING[L1,P99] (ML_ADMConstraints): GetBoundaryWidths: Could not determine current map (can be caused by calling in LEVEL mode)
WARNING[L1,P144] (ML_ADMConstraints): GetBoundaryWidths: Could not determine current map (can be caused by calling in LEVEL mode)
WARNING[L1,P54] (ML_ADMConstraints): GetBoundaryWidths: Could not determine current map (can be caused by calling in LEVEL mode)
WARNING[L1,P9] (ML_ADMConstraints): GetBoundaryWidths: Could not determine current map (can be caused by calling in LEVEL mode)
WARNING[L1,P193] (ML_BSSN): GetBoundaryWidths: Could not determine current map (can be caused by calling in LEVEL mode)
WARNING[L1,P194] (ML_BSSN): GetBoundaryWidths: Could not determine current map (can be caused by calling in LEVEL mode)
WARNING[L1,P53] (ML_ADMConstraints): GetBoundaryWidths: Could not determine current map (can be caused by calling in LEVEL mode)
WARNING[L1,P8] (ML_ADMConstraints): GetBoundaryWidths: Could not determine current map (can be caused by calling in LEVEL mode)
WARNING[L1,P98] (ML_ADMConstraints): GetBoundaryWidths: Could not determine current map (can be caused by calling in LEVEL mode)
WARNING[L1,P143] (ML_ADMConstraints): GetBoundaryWidths: Could not determine current map (can be caused by calling in LEVEL mode)
WARNING[L1,P190] (ML_ADMConstraints): GetBoundaryWidths: Could not determine current map (can be caused by calling in LEVEL mode)
WARNING[L1,P188] (ML_ADMConstraints): GetBoundaryWidths: Could not determine current map (can be caused by calling in LEVEL mode)
WARNING[L1,P187] (ML_ADMConstraints): GetBoundaryWidths: Could not determine current map (can be caused by calling in LEVEL mode)
WARNING[L1,P1] (ML_ADMConstraints):WARNING[L1,P5] (ML_ADMConstraints): GetBoundaryWidths: Could not determine current map (can be caused by calling in LEVEL mode)
 GetBoundaryWidths: Could not determine current map (can be caused by calling in LEVEL mode)
WARNING[L1,P4] (ML_ADMConstraints): GetBoundaryWidths: Could not determine current map (can be caused by calling in LEVEL mode)
WARNING[L1,P0] (ML_ADMConstraints): GetBoundaryWidths: Could not determine current map (can be caused by calling in LEVEL mode)
WARNING[L1,P189] (ML_ADMConstraints):WARNING[L1,P3] (ML_ADMConstraints): GetBoundaryWidths: Could not determine current map (can be caused by calling in LEVEL mode)
 GetBoundaryWidths: Could not determine current map (can be caused by calling in LEVEL mode)
WARNING[L1,P51] (ML_ADMConstraints): GetBoundaryWidths: Could not determine current map (can be caused by calling in LEVEL mode)
WARNING[L1,P97] (ML_ADMConstraints): GetBoundaryWidths: Could not determine current map (can be caused by calling in LEVEL mode)
WARNING[L1,P2] (ML_ADMConstraints): GetBoundaryWidths: Could not determine current map (can be caused by calling in LEVEL mode)
WARNING[L1,P96] (ML_ADMConstraints): GetBoundaryWidths: Could not determine current map (can be caused by calling in LEVEL mode)
WARNING[L1,P141] (ML_ADMConstraints):WARNING[L1,P6] (ML_ADMConstraints):  GetBoundaryWidths: Could not determine current map (can be caused by calling in LEVEL mode)GetBoundaryWidths: Could not determine current map (can be caused by calling in LEVEL mode)

WARNING[L1,P7] (ML_ADMConstraints): GetBoundaryWidths: Could not determine current map (can be caused by calling in LEVEL mode)
WARNING[L1,P52] (ML_ADMConstraints): GetBoundaryWidths: Could not determine current map (can be caused by calling in LEVEL mode)
WARNING[L1,P142] (ML_ADMConstraints): GetBoundaryWidths: Could not determine current map (can be caused by calling in LEVEL mode)
WARNING[L1,P11] (ML_BSSN): GetBoundaryWidths: Could not determine current map (can be caused by calling in LEVEL mode)
WARNING[L1,P10] (ML_BSSN): GetBoundaryWidths: Could not determine current map (can be caused by calling in LEVEL mode)
WARNING[L1,P192] (ML_BSSN): GetBoundaryWidths: Could not determine current map (can be caused by calling in LEVEL mode)
WARNING[L1,P56] (ML_BSSN): GetBoundaryWidths: Could not determine current map (can be caused by calling in LEVEL mode)
WARNING[L1,P101] (ML_BSSN):WARNING[L1,P9] (ML_BSSN):  GetBoundaryWidths: Could not determine current map (can be caused by calling in LEVEL mode)GetBoundaryWidths: Could not determine current map (can be caused by calling in LEVEL mode)

WARNING[L1,P190] (ML_BSSN): GetBoundaryWidths: Could not determine current map (can be caused by calling in LEVEL mode)
WARNING[L1,P55] (ML_BSSN):WARNING[L1,P100] (ML_BSSN):  GetBoundaryWidths: Could not determine current map (can be caused by calling in LEVEL mode)GetBoundaryWidths: Could not determine current map (can be caused by calling in LEVEL mode)

WARNING[L1,P145] (ML_BSSN):WARNING[L1,P146] (ML_BSSN): GetBoundaryWidths: Could not determine current map (can be caused by calling in LEVEL mode)
 GetBoundaryWidths: Could not determine current map (can be caused by calling in LEVEL mode)
WARNING[L1,P191] (ML_BSSN): GetBoundaryWidths: Could not determine current map (can be caused by calling in LEVEL mode)
WARNING[L1,P54] (ML_BSSN): GetBoundaryWidths: Could not determine current map (can be caused by calling in LEVEL mode)
WARNING[L1,P99] (ML_BSSN): GetBoundaryWidths: Could not determine current map (can be caused by calling in LEVEL mode)
WARNING[L1,P144] (ML_BSSN): GetBoundaryWidths: Could not determine current map (can be caused by calling in LEVEL mode)
WARNING[L1,P189] (ML_BSSN): GetBoundaryWidths: Could not determine current map (can be caused by calling in LEVEL mode)
WARNING[L1,P186] (ML_ADMConstraints): GetBoundaryWidths: Could not determine current map (can be caused by calling in LEVEL mode)
WARNING[L1,P185] (ML_ADMConstraints): GetBoundaryWidths: Could not determine current map (can be caused by calling in LEVEL mode)
WARNING[L1,P32] (ML_ADMConstraints): WARNING[L1,P77] (ML_ADMConstraints):GetBoundaryWidths: Could not determine current map (can be caused by calling in LEVEL mode) GetBoundaryWidths: Could not determine current map (can be caused by calling in LEVEL mode)

WARNING[L1,P98] (ML_BSSN): GetBoundaryWidths: Could not determine current map (can be caused by calling in LEVEL mode)
WARNING[L1,P8] (ML_BSSN): GetBoundaryWidths: Could not determine current map (can be caused by calling in LEVEL mode)
WARNING[L1,P53] (ML_BSSN): WARNING[L1,P143] (ML_BSSN):GetBoundaryWidths: Could not determine current map (can be caused by calling in LEVEL mode) 
GetBoundaryWidths: Could not determine current map (can be caused by calling in LEVEL mode)WARNING[L1,P0] (ML_BSSN):WARNING[L1,P188] (ML_BSSN): GetBoundaryWidths: Could not determine current map (can be caused by calling in LEVEL mode)
 
GetBoundaryWidths: Could not determine current map (can be caused by calling in LEVEL mode)
WARNING[L1,P187] (ML_BSSN): GetBoundaryWidths: Could not determine current map (can be caused by calling in LEVEL mode)
WARNING[L1,P1] (ML_BSSN): GetBoundaryWidths: Could not determine current map (can be caused by calling in LEVEL mode)
WARNING[L1,P227] (ML_ADMConstraints): GetBoundaryWidths: Could not determine current map (can be caused by calling in LEVEL mode)
WARNING[L1,P2] (ML_BSSN): GetBoundaryWidths: Could not determine current map (can be caused by calling in LEVEL mode)
WARNING[L1,P3] (ML_BSSN): GetBoundaryWidths: Could not determine current map (can be caused by calling in LEVEL mode)
WARNING[L1,P4] (ML_BSSN): GetBoundaryWidths: Could not determine current map (can be caused by calling in LEVEL mode)
WARNING[L1,P33] (ML_ADMConstraints): GetBoundaryWidths: Could not determine current map (can be caused by calling in LEVEL mode)
WARNING[L1,P5] (ML_BSSN): GetBoundaryWidths: Could not determine current map (can be caused by calling in LEVEL mode)
WARNING[L1,P7] (ML_BSSN): GetBoundaryWidths: Could not determine current map (can be caused by calling in LEVEL mode)
WARNING[L1,P52] (ML_BSSN): GetBoundaryWidths: Could not determine current map (can be caused by calling in LEVEL mode)
WARNING[L1,P97] (ML_BSSN): GetBoundaryWidths: Could not determine current map (can be caused by calling in LEVEL mode)
WARNING[L1,P6] (ML_BSSN): GetBoundaryWidths: Could not determine current map (can be caused by calling in LEVEL mode)
WARNING[L1,P186] (ML_BSSN): GetBoundaryWidths: Could not determine current map (can be caused by calling in LEVEL mode)
WARNING[L1,P78] (ML_ADMConstraints): GetBoundaryWidths: Could not determine current map (can be caused by calling in LEVEL mode)
WARNING[L1,P142] (ML_BSSN): WARNING[L1,P141] (ML_BSSN): GetBoundaryWidths: Could not determine current map (can be caused by calling in LEVEL mode)
GetBoundaryWidths: Could not determine current map (can be caused by calling in LEVEL mode)
WARNING[L1,P51] (ML_BSSN): WARNING[L1,P96] (ML_BSSN): GetBoundaryWidths: Could not determine current map (can be caused by calling in LEVEL mode)
GetBoundaryWidths: Could not determine current map (can be caused by calling in LEVEL mode)
WARNING[L1,P185] (ML_BSSN): GetBoundaryWidths: Could not determine current map (can be caused by calling in LEVEL mode)
WARNING[L1,P167] (ML_ADMConstraints): WARNING[L1,P60] (WeylScal4):GetBoundaryWidths: Could not determine current map (can be caused by calling in LEVEL mode) 
GetBoundaryWidths: Could not determine current map (can be caused by calling in LEVEL mode)
WARNING[L1,P15] (WeylScal4): GetBoundaryWidths: Could not determine current map (can be caused by calling in LEVEL mode)
WARNING[L1,P105] (WeylScal4): GetBoundaryWidths: Could not determine current map (can be caused by calling in LEVEL mode)
WARNING[L1,P228] (ML_ADMConstraints): GetBoundaryWidths: Could not determine current map (can be caused by calling in LEVEL mode)
WARNING[L1,P200] (WeylScal4): GetBoundaryWidths: Could not determine current map (can be caused by calling in LEVEL mode)
WARNING[L1,P199] (WeylScal4): GetBoundaryWidths: Could not determine current map (can be caused by calling in LEVEL mode)
WARNING[L1,P149] (WeylScal4): GetBoundaryWidths: Could not determine current map (can be caused by calling in LEVEL mode)
WARNING[L1,P14] (WeylScal4): WARNING[L1,P59] (WeylScal4):GetBoundaryWidths: Could not determine current map (can be caused by calling in LEVEL mode) 
GetBoundaryWidths: Could not determine current map (can be caused by calling in LEVEL mode)
WARNING[L1,P104] (WeylScal4): GetBoundaryWidths: Could not determine current map (can be caused by calling in LEVEL mode)
WARNING[L1,P198] (WeylScal4): GetBoundaryWidths: Could not determine current map (can be caused by calling in LEVEL mode)
WARNING[L1,P197] (WeylScal4): GetBoundaryWidths: Could not determine current map (can be caused by calling in LEVEL mode)
WARNING[L1,P13] (WeylScal4): GetBoundaryWidths: Could not determine current map (can be caused by calling in LEVEL mode)WARNING[L1,P58] (WeylScal4):
WARNING[L1,P103] (WeylScal4):  GetBoundaryWidths: Could not determine current map (can be caused by calling in LEVEL mode)GetBoundaryWidths: Could not determine current map (can be caused by calling in LEVEL mode)

WARNING[L1,P148] (WeylScal4): GetBoundaryWidths: Could not determine current map (can be caused by calling in LEVEL mode)
WARNING[L1,P196] (WeylScal4): GetBoundaryWidths: Could not determine current map (can be caused by calling in LEVEL mode)
WARNING[L1,P195] (WeylScal4): GetBoundaryWidths: Could not determine current map (can be caused by calling in LEVEL mode)
WARNING[L1,P57] (WeylScal4): GetBoundaryWidths: Could not determine current map (can be caused by calling in LEVEL mode)
WARNING[L1,P102] (WeylScal4): WARNING[L1,P12] (WeylScal4):GetBoundaryWidths: Could not determine current map (can be caused by calling in LEVEL mode) 
GetBoundaryWidths: Could not determine current map (can be caused by calling in LEVEL mode)
WARNING[L1,P147] (WeylScal4): GetBoundaryWidths: Could not determine current map (can be caused by calling in LEVEL mode)
WARNING[L1,P193] (WeylScal4): GetBoundaryWidths: Could not determine current map (can be caused by calling in LEVEL mode)
WARNING[L1,P11] (WeylScal4): GetBoundaryWidths: Could not determine current map (can be caused by calling in LEVEL mode)
WARNING[L1,P194] (WeylScal4): GetBoundaryWidths: Could not determine current map (can be caused by calling in LEVEL mode)
WARNING[L1,P10] (WeylScal4): GetBoundaryWidths: Could not determine current map (can be caused by calling in LEVEL mode)
WARNING[L1,P192] (WeylScal4): GetBoundaryWidths: Could not determine current map (can be caused by calling in LEVEL mode)
WARNING[L1,P56] (WeylScal4): GetBoundaryWidths: Could not determine current map (can be caused by calling in LEVEL mode)
WARNING[L1,P101] (WeylScal4): GetBoundaryWidths: Could not determine current map (can be caused by calling in LEVEL mode)
WARNING[L1,P55] (WeylScal4): GetBoundaryWidths: Could not determine current map (can be caused by calling in LEVEL mode)
WARNING[L1,P100] (WeylScal4): GetBoundaryWidths: Could not determine current map (can be caused by calling in LEVEL mode)
WARNING[L1,P145] (WeylScal4): GetBoundaryWidths: Could not determine current map (can be caused by calling in LEVEL mode)
WARNING[L1,P146] (WeylScal4): GetBoundaryWidths: Could not determine current map (can be caused by calling in LEVEL mode)
WARNING[L1,P54] (WeylScal4): GetBoundaryWidths: Could not determine current map (can be caused by calling in LEVEL mode)
WARNING[L1,P99] (WeylScal4): GetBoundaryWidths: Could not determine current map (can be caused by calling in LEVEL mode)
WARNING[L1,P144] (WeylScal4): GetBoundaryWidths: Could not determine current map (can be caused by calling in LEVEL mode)
WARNING[L1,P9] (WeylScal4): GetBoundaryWidths: Could not determine current map (can be caused by calling in LEVEL mode)
WARNING[L1,P143] (WeylScal4): GetBoundaryWidths: Could not determine current map (can be caused by calling in LEVEL mode)
WARNING[L1,P53] (WeylScal4):WARNING[L1,P8] (WeylScal4):  GetBoundaryWidths: Could not determine current map (can be caused by calling in LEVEL mode)GetBoundaryWidths: Could not determine current map (can be caused by calling in LEVEL mode)

WARNING[L1,P0] (WeylScal4): GetBoundaryWidths: Could not determine current map (can be caused by calling in LEVEL mode)
WARNING[L1,P1] (WeylScal4): GetBoundaryWidths: Could not determine current map (can be caused by calling in LEVEL mode)
WARNING[L1,P98] (WeylScal4): GetBoundaryWidths: Could not determine current map (can be caused by calling in LEVEL mode)
WARNING[L1,P191] (WeylScal4): GetBoundaryWidths: Could not determine current map (can be caused by calling in LEVEL mode)
WARNING[L1,P187] (WeylScal4): GetBoundaryWidths: Could not determine current map (can be caused by calling in LEVEL mode)
WARNING[L1,P190] (WeylScal4): GetBoundaryWidths: Could not determine current map (can be caused by calling in LEVEL mode)
WARNING[L1,P189] (WeylScal4): GetBoundaryWidths: Could not determine current map (can be caused by calling in LEVEL mode)
WARNING[L1,P188] (WeylScal4): GetBoundaryWidths: Could not determine current map (can be caused by calling in LEVEL mode)
WARNING[L1,P4] (WeylScal4): GetBoundaryWidths: Could not determine current map (can be caused by calling in LEVEL mode)
WARNING[L1,P5] (WeylScal4): GetBoundaryWidths: Could not determine current map (can be caused by calling in LEVEL mode)
WARNING[L1,P97] (WeylScal4): GetBoundaryWidths: Could not determine current map (can be caused by calling in LEVEL mode)
WARNING[L1,P141] (WeylScal4): GetBoundaryWidths: Could not determine current map (can be caused by calling in LEVEL mode)
WARNING[L1,P51] (WeylScal4): GetBoundaryWidths: Could not determine current map (can be caused by calling in LEVEL mode)
WARNING[L1,P6] (WeylScal4): GetBoundaryWidths: Could not determine current map (can be caused by calling in LEVEL mode)
WARNING[L1,P96] (WeylScal4): GetBoundaryWidths: Could not determine current map (can be caused by calling in LEVEL mode)
WARNING[L1,P142] (WeylScal4): GetBoundaryWidths: Could not determine current map (can be caused by calling in LEVEL mode)
WARNING[L1,P52] (WeylScal4): WARNING[L1,P7] (WeylScal4):GetBoundaryWidths: Could not determine current map (can be caused by calling in LEVEL mode) 
GetBoundaryWidths: Could not determine current map (can be caused by calling in LEVEL mode)
WARNING[L1,P3] (WeylScal4): GetBoundaryWidths: Could not determine current map (can be caused by calling in LEVEL mode)
WARNING[L1,P2] (WeylScal4): GetBoundaryWidths: Could not determine current map (can be caused by calling in LEVEL mode)
WARNING[L1,P186] (WeylScal4): GetBoundaryWidths: Could not determine current map (can be caused by calling in LEVEL mode)
WARNING[L1,P185] (WeylScal4): GetBoundaryWidths: Could not determine current map (can be caused by calling in LEVEL mode)
WARNING[L1,P87] (ML_ADMConstraints):WARNING[L1,P42] (ML_ADMConstraints):  GetBoundaryWidths: Could not determine current map (can be caused by calling in LEVEL mode)GetBoundaryWidths: Could not determine current map (can be caused by calling in LEVEL mode)

WARNING[L1,P242] (ML_ADMConstraints): GetBoundaryWidths: Could not determine current map (can be caused by calling in LEVEL mode)
WARNING[L1,P123] (ML_ADMConstraints): GetBoundaryWidths: Could not determine current map (can be caused by calling in LEVEL mode)
WARNING[L1,P124] (ML_ADMConstraints): GetBoundaryWidths: Could not determine current map (can be caused by calling in LEVEL mode)
WARNING[L1,P168] (ML_ADMConstraints): GetBoundaryWidths: Could not determine current map (can be caused by calling in LEVEL mode)
WARNING[L1,P79] (ML_ADMConstraints): GetBoundaryWidths: Could not determine current map (can be caused by calling in LEVEL mode)
WARNING[L1,P125] (ML_ADMConstraints): GetBoundaryWidths: Could not determine current map (can be caused by calling in LEVEL mode)
WARNING[L1,P34] (ML_ADMConstraints): GetBoundaryWidths: Could not determine current map (can be caused by calling in LEVEL mode)
WARNING[L1,P80] (ML_ADMConstraints): GetBoundaryWidths: Could not determine current map (can be caused by calling in LEVEL mode)
WARNING[L1,P35] (ML_ADMConstraints): GetBoundaryWidths: Could not determine current map (can be caused by calling in LEVEL mode)
WARNING[L1,P229] (ML_ADMConstraints): GetBoundaryWidths: Could not determine current map (can be caused by calling in LEVEL mode)
WARNING[L1,P169] (ML_ADMConstraints): GetBoundaryWidths: Could not determine current map (can be caused by calling in LEVEL mode)
WARNING[L1,P230] (ML_ADMConstraints): GetBoundaryWidths: Could not determine current map (can be caused by calling in LEVEL mode)
WARNING[L1,P231] (ML_ADMConstraints): GetBoundaryWidths: Could not determine current map (can be caused by calling in LEVEL mode)
WARNING[L1,P232] (ML_ADMConstraints): GetBoundaryWidths: Could not determine current map (can be caused by calling in LEVEL mode)
WARNING[L1,P126] (ML_ADMConstraints): GetBoundaryWidths: Could not determine current map (can be caused by calling in LEVEL mode)
WARNING[L1,P168] (ML_BSSN): GetBoundaryWidths: Could not determine current map (can be caused by calling in LEVEL mode)
WARNING[L1,P127] (ML_ADMConstraints): GetBoundaryWidths: Could not determine current map (can be caused by calling in LEVEL mode)
WARNING[L1,P81] (ML_ADMConstraints): GetBoundaryWidths: Could not determine current map (can be caused by calling in LEVEL mode)
WARNING[L1,P36] (ML_ADMConstraints): GetBoundaryWidths: Could not determine current map (can be caused by calling in LEVEL mode)
WARNING[L1,P128] (ML_ADMConstraints): GetBoundaryWidths: Could not determine current map (can be caused by calling in LEVEL mode)
WARNING[L1,P129] (ML_ADMConstraints): GetBoundaryWidths: Could not determine current map (can be caused by calling in LEVEL mode)
WARNING[L1,P131] (ML_ADMConstraints): GetBoundaryWidths: Could not determine current map (can be caused by calling in LEVEL mode)
WARNING[L1,P130] (ML_ADMConstraints): GetBoundaryWidths: Could not determine current map (can be caused by calling in LEVEL mode)
WARNING[L1,P82] (ML_ADMConstraints): GetBoundaryWidths: Could not determine current map (can be caused by calling in LEVEL mode)
WARNING[L1,P124] (ML_BSSN): GetBoundaryWidths: Could not determine current map (can be caused by calling in LEVEL mode)
WARNING[L1,P37] (ML_ADMConstraints): GetBoundaryWidths: Could not determine current map (can be caused by calling in LEVEL mode)
WARNING[L1,P233] (ML_ADMConstraints): GetBoundaryWidths: Could not determine current map (can be caused by calling in LEVEL mode)
WARNING[L1,P235] (ML_ADMConstraints): GetBoundaryWidths: Could not determine current map (can be caused by calling in LEVEL mode)
WARNING[L1,P234] (ML_ADMConstraints): GetBoundaryWidths: Could not determine current map (can be caused by calling in LEVEL mode)
WARNING[L1,P125] (ML_BSSN): GetBoundaryWidths: Could not determine current map (can be caused by calling in LEVEL mode)
WARNING[L1,P86] (ML_ADMConstraints): GetBoundaryWidths: Could not determine current map (can be caused by calling in LEVEL mode)
WARNING[L1,P41] (ML_ADMConstraints): GetBoundaryWidths: Could not determine current map (can be caused by calling in LEVEL mode)
WARNING[L1,P176] (ML_ADMConstraints): GetBoundaryWidths: Could not determine current map (can be caused by calling in LEVEL mode)
WARNING[L1,P240] (ML_ADMConstraints): GetBoundaryWidths: Could not determine current map (can be caused by calling in LEVEL mode)
WARNING[L1,P241] (ML_ADMConstraints): GetBoundaryWidths: Could not determine current map (can be caused by calling in LEVEL mode)
WARNING[L1,P83] (ML_ADMConstraints): GetBoundaryWidths: Could not determine current map (can be caused by calling in LEVEL mode)
WARNING[L1,P38] (ML_ADMConstraints): GetBoundaryWidths: Could not determine current map (can be caused by calling in LEVEL mode)
WARNING[L1,P171] (ML_ADMConstraints): GetBoundaryWidths: Could not determine current map (can be caused by calling in LEVEL mode)
WARNING[L1,P126] (ML_BSSN): GetBoundaryWidths: Could not determine current map (can be caused by calling in LEVEL mode)
WARNING[L1,P236] (ML_ADMConstraints): GetBoundaryWidths: Could not determine current map (can be caused by calling in LEVEL mode)
WARNING[L1,P172] (ML_ADMConstraints): GetBoundaryWidths: Could not determine current map (can be caused by calling in LEVEL mode)
WARNING[L1,P170] (ML_ADMConstraints): GetBoundaryWidths: Could not determine current map (can be caused by calling in LEVEL mode)
WARNING[L1,P175] (ML_ADMConstraints): GetBoundaryWidths: Could not determine current map (can be caused by calling in LEVEL mode)
WARNING[L1,P36] (ML_BSSN): GetBoundaryWidths: Could not determine current map (can be caused by calling in LEVEL mode)WARNING[L1,P35] (ML_BSSN): GetBoundaryWidths: Could not determine current map (can be caused by calling in LEVEL mode)

WARNING[L1,P81] (ML_BSSN): GetBoundaryWidths: Could not determine current map (can be caused by calling in LEVEL mode)
WARNING[L1,P80] (ML_BSSN): GetBoundaryWidths: Could not determine current map (can be caused by calling in LEVEL mode)
WARNING[L1,P230] (ML_BSSN): GetBoundaryWidths: Could not determine current map (can be caused by calling in LEVEL mode)
WARNING[L1,P173] (ML_ADMConstraints):WARNING[L1,P169] (ML_BSSN): GetBoundaryWidths: Could not determine current map (can be caused by calling in LEVEL mode)
 WARNING[L1,P171] (ML_BSSN): GetBoundaryWidths: Could not determine current map (can be caused by calling in LEVEL mode)
GetBoundaryWidths: Could not determine current map (can be caused by calling in LEVEL mode)
WARNING[L1,P237] (ML_ADMConstraints): GetBoundaryWidths: Could not determine current map (can be caused by calling in LEVEL mode)
WARNING[L1,P231] (ML_BSSN): GetBoundaryWidths: Could not determine current map (can be caused by calling in LEVEL mode)
WARNING[L1,P233] (ML_BSSN):WARNING[L1,P232] (ML_BSSN): GetBoundaryWidths: Could not determine current map (can be caused by calling in LEVEL mode)
 GetBoundaryWidths: Could not determine current map (can be caused by calling in LEVEL mode)
WARNING[L1,P170] (ML_BSSN):WARNING[L1,P37] (ML_BSSN): GetBoundaryWidths: Could not determine current map (can be caused by calling in LEVEL mode)
WARNING[L1,P82] (ML_BSSN): GetBoundaryWidths: Could not determine current map (can be caused by calling in LEVEL mode)
WARNING[L1,P234] (ML_BSSN): GetBoundaryWidths: Could not determine current map (can be caused by calling in LEVEL mode)
WARNING[L1,P40] (ML_ADMConstraints): GetBoundaryWidths: Could not determine current map (can be caused by calling in LEVEL mode)
WARNING[L1,P85] (ML_ADMConstraints):WARNING[L1,P39] (ML_ADMConstraints):WARNING[L1,P84] (ML_ADMConstraints): GetBoundaryWidths: Could not determine current map (can be caused by calling in LEVEL mode)
  GetBoundaryWidths: Could not determine current map (can be caused by calling in LEVEL mode)
GetBoundaryWidths: Could not determine current map (can be caused by calling in LEVEL mode)
 GetBoundaryWidths: Could not determine current map (can be caused by calling in LEVEL mode)
WARNING[L1,P239] (ML_ADMConstraints): GetBoundaryWidths: Could not determine current map (can be caused by calling in LEVEL mode)
WARNING[L1,P127] (ML_BSSN): GetBoundaryWidths: Could not determine current map (can be caused by calling in LEVEL mode)
WARNING[L1,P172] (ML_BSSN): GetBoundaryWidths: Could not determine current map (can be caused by calling in LEVEL mode)
WARNING[L1,P235] (ML_BSSN): GetBoundaryWidths: Could not determine current map (can be caused by calling in LEVEL mode)
WARNING[L1,P238] (ML_ADMConstraints): GetBoundaryWidths: Could not determine current map (can be caused by calling in LEVEL mode)
WARNING[L1,P128] (ML_BSSN): GetBoundaryWidths: Could not determine current map (can be caused by calling in LEVEL mode)
WARNING[L1,P130] (ML_BSSN): GetBoundaryWidths: Could not determine current map (can be caused by calling in LEVEL mode)
WARNING[L1,P129] (ML_BSSN): GetBoundaryWidths: Could not determine current map (can be caused by calling in LEVEL mode)
WARNING[L1,P174] (ML_ADMConstraints): GetBoundaryWidths: Could not determine current map (can be caused by calling in LEVEL mode)
WARNING[L1,P174] (ML_BSSN): GetBoundaryWidths: Could not determine current map (can be caused by calling in LEVEL mode)
WARNING[L1,P38] (ML_BSSN): GetBoundaryWidths: Could not determine current map (can be caused by calling in LEVEL mode)
WARNING[L1,P39] (ML_BSSN): GetBoundaryWidths: Could not determine current map (can be caused by calling in LEVEL mode)
WARNING[L1,P83] (ML_BSSN): GetBoundaryWidths: Could not determine current map (can be caused by calling in LEVEL mode)
WARNING[L1,P239] (ML_BSSN): GetBoundaryWidths: Could not determine current map (can be caused by calling in LEVEL mode)
WARNING[L1,P84] (ML_BSSN): GetBoundaryWidths: Could not determine current map (can be caused by calling in LEVEL mode)
WARNING[L1,P236] (ML_BSSN): GetBoundaryWidths: Could not determine current map (can be caused by calling in LEVEL mode)WARNING[L1,P237] (ML_BSSN): GetBoundaryWidths: Could not determine current map (can be caused by calling in LEVEL mode)
WARNING[L1,P175] (ML_BSSN): GetBoundaryWidths: Could not determine current map (can be caused by calling in LEVEL mode)

WARNING[L1,P238] (ML_BSSN): GetBoundaryWidths: Could not determine current map (can be caused by calling in LEVEL mode)WARNING[L1,P173] (ML_BSSN):
 GetBoundaryWidths: Could not determine current map (can be caused by calling in LEVEL mode)
WARNING[L1,P132] (ML_ADMConstraints): GetBoundaryWidths: Could not determine current map (can be caused by calling in LEVEL mode)
WARNING[L1,P140] (ML_ADMConstraints): GetBoundaryWidths: Could not determine current map (can be caused by calling in LEVEL mode)
WARNING[L1,P50] (ML_ADMConstraints): GetBoundaryWidths: Could not determine current map (can be caused by calling in LEVEL mode)
WARNING[L1,P95] (ML_ADMConstraints): GetBoundaryWidths: Could not determine current map (can be caused by calling in LEVEL mode)
WARNING[L1,P40] (ML_BSSN): GetBoundaryWidths: Could not determine current map (can be caused by calling in LEVEL mode)
WARNING[L1,P133] (ML_ADMConstraints): GetBoundaryWidths: Could not determine current map (can be caused by calling in LEVEL mode)
WARNING[L1,P85] (ML_BSSN): GetBoundaryWidths: Could not determine current map (can be caused by calling in LEVEL mode)
WARNING[L1,P240] (ML_BSSN): GetBoundaryWidths: Could not determine current map (can be caused by calling in LEVEL mode)
WARNING[L1,P255] (ML_ADMConstraints): GetBoundaryWidths: Could not determine current map (can be caused by calling in LEVEL mode)
WARNING[L1,P243] (ML_ADMConstraints): GetBoundaryWidths: Could not determine current map (can be caused by calling in LEVEL mode)
WARNING[L1,P134] (ML_ADMConstraints): GetBoundaryWidths: Could not determine current map (can be caused by calling in LEVEL mode)
WARNING[L1,P138] (ML_ADMConstraints): WARNING[L1,P135] (ML_ADMConstraints): GetBoundaryWidths: Could not determine current map (can be caused by calling in LEVEL mode)
GetBoundaryWidths: Could not determine current map (can be caused by calling in LEVEL mode)
WARNING[L1,P49] (ML_ADMConstraints):WARNING[L1,P139] (ML_ADMConstraints):  GetBoundaryWidths: Could not determine current map (can be caused by calling in LEVEL mode)GetBoundaryWidths: Could not determine current map (can be caused by calling in LEVEL mode)

WARNING[L1,P136] (ML_ADMConstraints): GetBoundaryWidths: Could not determine current map (can be caused by calling in LEVEL mode)
WARNING[L1,P253] (ML_ADMConstraints): GetBoundaryWidths: Could not determine current map (can be caused by calling in LEVEL mode)
WARNING[L1,P137] (ML_ADMConstraints): GetBoundaryWidths: Could not determine current map (can be caused by calling in LEVEL mode)
WARNING[L1,P254] (ML_ADMConstraints): GetBoundaryWidths: Could not determine current map (can be caused by calling in LEVEL mode)
WARNING[L1,P94] (ML_ADMConstraints): GetBoundaryWidths: Could not determine current map (can be caused by calling in LEVEL mode)
WARNING[L1,P183] (ML_ADMConstraints):WARNING[L1,P179] (ML_ADMConstraints): GetBoundaryWidths: Could not determine current map (can be caused by calling in LEVEL mode)
 GetBoundaryWidths: Could not determine current map (can be caused by calling in LEVEL mode)
WARNING[L1,P250] (ML_ADMConstraints): GetBoundaryWidths: Could not determine current map (can be caused by calling in LEVEL mode)
WARNING[L1,P184] (ML_ADMConstraints): GetBoundaryWidths: Could not determine current map (can be caused by calling in LEVEL mode)
WARNING[L1,P177] (ML_ADMConstraints): GetBoundaryWidths: Could not determine current map (can be caused by calling in LEVEL mode)
WARNING[L1,P48] (ML_ADMConstraints): GetBoundaryWidths: Could not determine current map (can be caused by calling in LEVEL mode)
WARNING[L1,P93] (ML_ADMConstraints): GetBoundaryWidths: Could not determine current map (can be caused by calling in LEVEL mode)
WARNING[L1,P47] (ML_ADMConstraints): GetBoundaryWidths: Could not determine current map (can be caused by calling in LEVEL mode)
WARNING[L1,P92] (ML_ADMConstraints): GetBoundaryWidths: Could not determine current map (can be caused by calling in LEVEL mode)
WARNING[L1,P255] (ML_BSSN): GetBoundaryWidths: Could not determine current map (can be caused by calling in LEVEL mode)
WARNING[L1,P181] (ML_ADMConstraints): GetBoundaryWidths: Could not determine current map (can be caused by calling in LEVEL mode)
WARNING[L1,P43] (ML_ADMConstraints):WARNING[L1,P44] (ML_ADMConstraints): GetBoundaryWidths: Could not determine current map (can be caused by calling in LEVEL mode)
 GetBoundaryWidths: Could not determine current map (can be caused by calling in LEVEL mode)
WARNING[L1,P89] (ML_ADMConstraints):WARNING[L1,P88] (ML_ADMConstraints): GetBoundaryWidths: Could not determine current map (can be caused by calling in LEVEL mode)
 GetBoundaryWidths: Could not determine current map (can be caused by calling in LEVEL mode)
WARNING[L1,P41] (ML_BSSN): GetBoundaryWidths: Could not determine current map (can be caused by calling in LEVEL mode)
WARNING[L1,P86] (ML_BSSN): GetBoundaryWidths: Could not determine current map (can be caused by calling in LEVEL mode)
WARNING[L1,P251] (ML_ADMConstraints): GetBoundaryWidths: Could not determine current map (can be caused by calling in LEVEL mode)
WARNING[L1,P46] (ML_ADMConstraints): GetBoundaryWidths: Could not determine current map (can be caused by calling in LEVEL mode)
WARNING[L1,P91] (ML_ADMConstraints): GetBoundaryWidths: Could not determine current map (can be caused by calling in LEVEL mode)
WARNING[L1,P45] (ML_ADMConstraints): GetBoundaryWidths: Could not determine current map (can be caused by calling in LEVEL mode)
WARNING[L1,P90] (ML_ADMConstraints):WARNING[L1,P140] (ML_BSSN): WARNING[L1,P245] (ML_ADMConstraints):  GetBoundaryWidths: Could not determine current map (can be caused by calling in LEVEL mode)GetBoundaryWidths: Could not determine current map (can be caused by calling in LEVEL mode)GetBoundaryWidths: Could not determine current map (can be caused by calling in LEVEL mode)


WARNING[L1,P252] (ML_ADMConstraints): GetBoundaryWidths: Could not determine current map (can be caused by calling in LEVEL mode)
WARNING[L1,P244] (ML_ADMConstraints): GetBoundaryWidths: Could not determine current map (can be caused by calling in LEVEL mode)
WARNING[L1,P131] (ML_BSSN): GetBoundaryWidths: Could not determine current map (can be caused by calling in LEVEL mode)
WARNING[L1,P246] (ML_ADMConstraints): GetBoundaryWidths: Could not determine current map (can be caused by calling in LEVEL mode)
WARNING[L1,P241] (ML_BSSN): GetBoundaryWidths: Could not determine current map (can be caused by calling in LEVEL mode)
WARNING[L1,P247] (ML_ADMConstraints): GetBoundaryWidths: Could not determine current map (can be caused by calling in LEVEL mode)
WARNING[L1,P249] (ML_ADMConstraints): GetBoundaryWidths: Could not determine current map (can be caused by calling in LEVEL mode)
WARNING[L1,P248] (ML_ADMConstraints): GetBoundaryWidths: Could not determine current map (can be caused by calling in LEVEL mode)
WARNING[L1,P139] (ML_BSSN): GetBoundaryWidths: Could not determine current map (can be caused by calling in LEVEL mode)
WARNING[L1,P138] (ML_BSSN): GetBoundaryWidths: Could not determine current map (can be caused by calling in LEVEL mode)
WARNING[L1,P132] (ML_BSSN): GetBoundaryWidths: Could not determine current map (can be caused by calling in LEVEL mode)
WARNING[L1,P184] (ML_BSSN): GetBoundaryWidths: Could not determine current map (can be caused by calling in LEVEL mode)
WARNING[L1,P133] (ML_BSSN): GetBoundaryWidths: Could not determine current map (can be caused by calling in LEVEL mode)
WARNING[L1,P137] (ML_BSSN):WARNING[L1,P134] (ML_BSSN): GetBoundaryWidths: Could not determine current map (can be caused by calling in LEVEL mode)
WARNING[L1,P135] (ML_BSSN): GetBoundaryWidths: Could not determine current map (can be caused by calling in LEVEL mode)
 GetBoundaryWidths: Could not determine current map (can be caused by calling in LEVEL mode)
WARNING[L1,P136] (ML_BSSN): GetBoundaryWidths: Could not determine current map (can be caused by calling in LEVEL mode)
WARNING[L1,P176] (ML_BSSN): GetBoundaryWidths: Could not determine current map (can be caused by calling in LEVEL mode)
WARNING[L1,P182] (ML_ADMConstraints): GetBoundaryWidths: Could not determine current map (can be caused by calling in LEVEL mode)
WARNING[L1,P178] (ML_ADMConstraints): GetBoundaryWidths: Could not determine current map (can be caused by calling in LEVEL mode)
WARNING[L1,P50] (ML_BSSN): GetBoundaryWidths: Could not determine current map (can be caused by calling in LEVEL mode)
WARNING[L1,P95] (ML_BSSN): GetBoundaryWidths: Could not determine current map (can be caused by calling in LEVEL mode)
WARNING[L1,P253] (ML_BSSN): GetBoundaryWidths: Could not determine current map (can be caused by calling in LEVEL mode)
WARNING[L1,P254] (ML_BSSN): GetBoundaryWidths: Could not determine current map (can be caused by calling in LEVEL mode)WARNING[L1,P183] (ML_BSSN): GetBoundaryWidths: Could not determine current map (can be caused by calling in LEVEL mode)

WARNING[L1,P180] (ML_ADMConstraints): GetBoundaryWidths: Could not determine current map (can be caused by calling in LEVEL mode)
WARNING[L1,P42] (ML_BSSN): GetBoundaryWidths: Could not determine current map (can be caused by calling in LEVEL mode)
WARNING[L1,P49] (ML_BSSN): GetBoundaryWidths: Could not determine current map (can be caused by calling in LEVEL mode)
WARNING[L1,P87] (ML_BSSN): GetBoundaryWidths: Could not determine current map (can be caused by calling in LEVEL mode)
WARNING[L1,P94] (ML_BSSN): GetBoundaryWidths: Could not determine current map (can be caused by calling in LEVEL mode)WARNING[L1,P242] (ML_BSSN):
 GetBoundaryWidths: Could not determine current map (can be caused by calling in LEVEL mode)
WARNING[L1,P45] (ML_BSSN): GetBoundaryWidths: Could not determine current map (can be caused by calling in LEVEL mode)WARNING[L1,P179] (ML_BSSN): GetBoundaryWidths: Could not determine current map (can be caused by calling in LEVEL mode)

WARNING[L1,P90] (ML_BSSN): GetBoundaryWidths: Could not determine current map (can be caused by calling in LEVEL mode)
WARNING[L1,P43] (ML_BSSN):WARNING[L1,P243] (ML_BSSN):  WARNING[L1,P88] (ML_BSSN):GetBoundaryWidths: Could not determine current map (can be caused by calling in LEVEL mode)GetBoundaryWidths: Could not determine current map (can be caused by calling in LEVEL mode) 

GetBoundaryWidths: Could not determine current map (can be caused by calling in LEVEL mode)
WARNING[L1,P247] (ML_BSSN): GetBoundaryWidths: Could not determine current map (can be caused by calling in LEVEL mode)
WARNING[L1,P177] (ML_BSSN):WARNING[L1,P244] (ML_BSSN): GetBoundaryWidths: Could not determine current map (can be caused by calling in LEVEL mode)
WARNING[L1,P245] (ML_BSSN): WARNING[L1,P44] (ML_BSSN):WARNING[L1,P246] (ML_BSSN): GetBoundaryWidths: Could not determine current map (can be caused by calling in LEVEL mode)
GetBoundaryWidths: Could not determine current map (can be caused by calling in LEVEL mode)WARNING[L1,P89] (ML_BSSN): WARNING[L1,P248] (ML_BSSN): GetBoundaryWidths: Could not determine current map (can be caused by calling in LEVEL mode)
GetBoundaryWidths: Could not determine current map (can be caused by calling in LEVEL mode) 

GetBoundaryWidths: Could not determine current map (can be caused by calling in LEVEL mode)
 GetBoundaryWidths: Could not determine current map (can be caused by calling in LEVEL mode)
WARNING[L1,P46] (ML_BSSN): GetBoundaryWidths: Could not determine current map (can be caused by calling in LEVEL mode)
WARNING[L1,P91] (ML_BSSN): WARNING[L1,P178] (ML_BSSN): GetBoundaryWidths: Could not determine current map (can be caused by calling in LEVEL mode)
GetBoundaryWidths: Could not determine current map (can be caused by calling in LEVEL mode)
WARNING[L1,P48] (ML_BSSN): GetBoundaryWidths: Could not determine current map (can be caused by calling in LEVEL mode)
WARNING[L1,P180] (ML_BSSN):WARNING[L1,P93] (ML_BSSN):WARNING[L1,P252] (ML_BSSN):  GetBoundaryWidths: Could not determine current map (can be caused by calling in LEVEL mode)GetBoundaryWidths: Could not determine current map (can be caused by calling in LEVEL mode)

 GetBoundaryWidths: Could not determine current map (can be caused by calling in LEVEL mode)
WARNING[L1,P182] (ML_BSSN): GetBoundaryWidths: Could not determine current map (can be caused by calling in LEVEL mode)
WARNING[L1,P249] (ML_BSSN): WARNING[L1,P47] (ML_BSSN):WARNING[L1,P92] (ML_BSSN): GetBoundaryWidths: Could not determine current map (can be caused by calling in LEVEL mode) GetBoundaryWidths: Could not determine current map (can be caused by calling in LEVEL mode)
GetBoundaryWidths: Could not determine current map (can be caused by calling in LEVEL mode)

WARNING[L1,P250] (ML_BSSN):WARNING[L1,P251] (ML_BSSN): GetBoundaryWidths: Could not determine current map (can be caused by calling in LEVEL mode)
 GetBoundaryWidths: Could not determine current map (can be caused by calling in LEVEL mode)
WARNING[L1,P128] (WeylScal4): GetBoundaryWidths: Could not determine current map (can be caused by calling in LEVEL mode)
WARNING[L1,P181] (ML_BSSN): GetBoundaryWidths: Could not determine current map (can be caused by calling in LEVEL mode)
WARNING[L1,P172] (WeylScal4): GetBoundaryWidths: Could not determine current map (can be caused by calling in LEVEL mode)
WARNING[L1,P173] (WeylScal4): GetBoundaryWidths: Could not determine current map (can be caused by calling in LEVEL mode)
WARNING[L1,P236] (WeylScal4): GetBoundaryWidths: Could not determine current map (can be caused by calling in LEVEL mode)
WARNING[L1,P129] (WeylScal4): GetBoundaryWidths: Could not determine current map (can be caused by calling in LEVEL mode)
WARNING[L1,P39] (WeylScal4): GetBoundaryWidths: Could not determine current map (can be caused by calling in LEVEL mode)
WARNING[L1,P84] (WeylScal4): GetBoundaryWidths: Could not determine current map (can be caused by calling in LEVEL mode)
WARNING[L1,P237] (WeylScal4): GetBoundaryWidths: Could not determine current map (can be caused by calling in LEVEL mode)
WARNING[L1,P130] (WeylScal4): GetBoundaryWidths: Could not determine current map (can be caused by calling in LEVEL mode)
WARNING[L1,P40] (WeylScal4): GetBoundaryWidths: Could not determine current map (can be caused by calling in LEVEL mode)
WARNING[L1,P238] (WeylScal4): GetBoundaryWidths: Could not determine current map (can be caused by calling in LEVEL mode)
WARNING[L1,P85] (WeylScal4): GetBoundaryWidths: Could not determine current map (can be caused by calling in LEVEL mode)
WARNING[L1,P131] (WeylScal4): GetBoundaryWidths: Could not determine current map (can be caused by calling in LEVEL mode)
WARNING[L1,P41] (WeylScal4): GetBoundaryWidths: Could not determine current map (can be caused by calling in LEVEL mode)
WARNING[L1,P86] (WeylScal4): GetBoundaryWidths: Could not determine current map (can be caused by calling in LEVEL mode)
WARNING[L1,P239] (WeylScal4): GetBoundaryWidths: Could not determine current map (can be caused by calling in LEVEL mode)
WARNING[L1,P42] (WeylScal4): GetBoundaryWidths: Could not determine current map (can be caused by calling in LEVEL mode)
WARNING[L1,P132] (WeylScal4):WARNING[L1,P87] (WeylScal4):  GetBoundaryWidths: Could not determine current map (can be caused by calling in LEVEL mode)GetBoundaryWidths: Could not determine current map (can be caused by calling in LEVEL mode)

WARNING[L1,P240] (WeylScal4): GetBoundaryWidths: Could not determine current map (can be caused by calling in LEVEL mode)
WARNING[L1,P140] (WeylScal4): GetBoundaryWidths: Could not determine current map (can be caused by calling in LEVEL mode)
WARNING[L1,P133] (WeylScal4): GetBoundaryWidths: Could not determine current map (can be caused by calling in LEVEL mode)
WARNING[L1,P241] (WeylScal4): WARNING[L1,P43] (WeylScal4):GetBoundaryWidths: Could not determine current map (can be caused by calling in LEVEL mode) 
GetBoundaryWidths: Could not determine current map (can be caused by calling in LEVEL mode)
WARNING[L1,P242] (WeylScal4): GetBoundaryWidths: Could not determine current map (can be caused by calling in LEVEL mode)
WARNING[L1,P88] (WeylScal4): GetBoundaryWidths: Could not determine current map (can be caused by calling in LEVEL mode)
WARNING[L1,P255] (WeylScal4): GetBoundaryWidths: Could not determine current map (can be caused by calling in LEVEL mode)
WARNING[L1,P50] (WeylScal4): GetBoundaryWidths: Could not determine current map (can be caused by calling in LEVEL mode)
WARNING[L1,P174] (WeylScal4): WARNING[L1,P243] (WeylScal4): GetBoundaryWidths: Could not determine current map (can be caused by calling in LEVEL mode)
GetBoundaryWidths: Could not determine current map (can be caused by calling in LEVEL mode)
WARNING[L1,P95] (WeylScal4): GetBoundaryWidths: Could not determine current map (can be caused by calling in LEVEL mode)
WARNING[L1,P244] (WeylScal4): GetBoundaryWidths: Could not determine current map (can be caused by calling in LEVEL mode)WARNING[L1,P245] (WeylScal4): GetBoundaryWidths: Could not determine current map (can be caused by calling in LEVEL mode)

WARNING[L1,P44] (WeylScal4): GetBoundaryWidths: Could not determine current map (can be caused by calling in LEVEL mode)
WARNING[L1,P135] (WeylScal4):WARNING[L1,P134] (WeylScal4): GetBoundaryWidths: Could not determine current map (can be caused by calling in LEVEL mode)
WARNING[L1,P89] (WeylScal4):  GetBoundaryWidths: Could not determine current map (can be caused by calling in LEVEL mode)GetBoundaryWidths: Could not determine current map (can be caused by calling in LEVEL mode)

WARNING[L1,P179] (WeylScal4): GetBoundaryWidths: Could not determine current map (can be caused by calling in LEVEL mode)
WARNING[L1,P176] (WeylScal4): GetBoundaryWidths: Could not determine current map (can be caused by calling in LEVEL mode)
WARNING[L1,P253] (WeylScal4): GetBoundaryWidths: Could not determine current map (can be caused by calling in LEVEL mode)WARNING[L1,P139] (WeylScal4):
 GetBoundaryWidths: Could not determine current map (can be caused by calling in LEVEL mode)
WARNING[L1,P254] (WeylScal4):WARNING[L1,P138] (WeylScal4):  GetBoundaryWidths: Could not determine current map (can be caused by calling in LEVEL mode)WARNING[L1,P246] (WeylScal4): GetBoundaryWidths: Could not determine current map (can be caused by calling in LEVEL mode)
GetBoundaryWidths: Could not determine current map (can be caused by calling in LEVEL mode)

WARNING[L1,P136] (WeylScal4): GetBoundaryWidths: Could not determine current map (can be caused by calling in LEVEL mode)
WARNING[L1,P137] (WeylScal4): GetBoundaryWidths: Could not determine current map (can be caused by calling in LEVEL mode)
WARNING[L1,P183] (WeylScal4): GetBoundaryWidths: Could not determine current map (can be caused by calling in LEVEL mode)
WARNING[L1,P178] (WeylScal4): GetBoundaryWidths: Could not determine current map (can be caused by calling in LEVEL mode)
WARNING[L1,P175] (WeylScal4): GetBoundaryWidths: Could not determine current map (can be caused by calling in LEVEL mode)
WARNING[L1,P49] (WeylScal4): GetBoundaryWidths: Could not determine current map (can be caused by calling in LEVEL mode)
WARNING[L1,P47] (WeylScal4): GetBoundaryWidths: Could not determine current map (can be caused by calling in LEVEL mode)
WARNING[L1,P92] (WeylScal4): GetBoundaryWidths: Could not determine current map (can be caused by calling in LEVEL mode)
WARNING[L1,P184] (WeylScal4): GetBoundaryWidths: Could not determine current map (can be caused by calling in LEVEL mode)
WARNING[L1,P94] (WeylScal4): GetBoundaryWidths: Could not determine current map (can be caused by calling in LEVEL mode)
WARNING[L1,P48] (WeylScal4): GetBoundaryWidths: Could not determine current map (can be caused by calling in LEVEL mode)
WARNING[L1,P93] (WeylScal4): WARNING[L1,P250] (WeylScal4):GetBoundaryWidths: Could not determine current map (can be caused by calling in LEVEL mode) 
GetBoundaryWidths: Could not determine current map (can be caused by calling in LEVEL mode)
WARNING[L1,P45] (WeylScal4): GetBoundaryWidths: Could not determine current map (can be caused by calling in LEVEL mode)
WARNING[L1,P90] (WeylScal4): GetBoundaryWidths: Could not determine current map (can be caused by calling in LEVEL mode)
WARNING[L1,P251] (WeylScal4): GetBoundaryWidths: Could not determine current map (can be caused by calling in LEVEL mode)
WARNING[L1,P252] (WeylScal4): GetBoundaryWidths: Could not determine current map (can be caused by calling in LEVEL mode)
WARNING[L1,P247] (WeylScal4): GetBoundaryWidths: Could not determine current map (can be caused by calling in LEVEL mode)
WARNING[L1,P177] (WeylScal4): GetBoundaryWidths: Could not determine current map (can be caused by calling in LEVEL mode)
WARNING[L1,P46] (WeylScal4): GetBoundaryWidths: Could not determine current map (can be caused by calling in LEVEL mode)
WARNING[L1,P91] (WeylScal4): GetBoundaryWidths: Could not determine current map (can be caused by calling in LEVEL mode)
WARNING[L1,P181] (WeylScal4): GetBoundaryWidths: Could not determine current map (can be caused by calling in LEVEL mode)
WARNING[L1,P249] (WeylScal4): GetBoundaryWidths: Could not determine current map (can be caused by calling in LEVEL mode)
WARNING[L1,P248] (WeylScal4): GetBoundaryWidths: Could not determine current map (can be caused by calling in LEVEL mode)
WARNING[L1,P180] (WeylScal4): GetBoundaryWidths: Could not determine current map (can be caused by calling in LEVEL mode)
WARNING[L1,P182] (WeylScal4): GetBoundaryWidths: Could not determine current map (can be caused by calling in LEVEL mode)
WARNING[L1,P122] (ML_ADMConstraints): GetBoundaryWidths: Could not determine current map (can be caused by calling in LEVEL mode)
WARNING[L1,P34] (ML_BSSN): GetBoundaryWidths: Could not determine current map (can be caused by calling in LEVEL mode)
WARNING[L1,P79] (ML_BSSN): GetBoundaryWidths: Could not determine current map (can be caused by calling in LEVEL mode)
WARNING[L1,P166] (ML_ADMConstraints):WARNING[L1,P229] (ML_BSSN): GetBoundaryWidths: Could not determine current map (can be caused by calling in LEVEL mode)
 GetBoundaryWidths: Could not determine current map (can be caused by calling in LEVEL mode)
WARNING[L1,P226] (ML_ADMConstraints): GetBoundaryWidths: Could not determine current map (can be caused by calling in LEVEL mode)
WARNING[L1,P76] (ML_ADMConstraints): GetBoundaryWidths: Could not determine current map (can be caused by calling in LEVEL mode)
WARNING[L1,P31] (ML_ADMConstraints): GetBoundaryWidths: Could not determine current map (can be caused by calling in LEVEL mode)
WARNING[L1,P225] (ML_ADMConstraints): GetBoundaryWidths: Could not determine current map (can be caused by calling in LEVEL mode)
WARNING[L1,P123] (ML_BSSN): GetBoundaryWidths: Could not determine current map (can be caused by calling in LEVEL mode)
WARNING[L1,P113] (ML_ADMConstraints): GetBoundaryWidths: Could not determine current map (can be caused by calling in LEVEL mode)
WARNING[L1,P21] (ML_BSSN): GetBoundaryWidths: Could not determine current map (can be caused by calling in LEVEL mode)
WARNING[L1,P66] (ML_BSSN): GetBoundaryWidths: Could not determine current map (can be caused by calling in LEVEL mode)
WARNING[L1,P158] (ML_ADMConstraints): GetBoundaryWidths: Could not determine current map (can be caused by calling in LEVEL mode)
WARNING[L1,P228] (ML_BSSN): GetBoundaryWidths: Could not determine current map (can be caused by calling in LEVEL mode)
WARNING[L1,P167] (ML_BSSN): GetBoundaryWidths: Could not determine current map (can be caused by calling in LEVEL mode)
WARNING[L1,P210] (ML_BSSN): GetBoundaryWidths: Could not determine current map (can be caused by calling in LEVEL mode)
WARNING[L1,P209] (ML_BSSN): GetBoundaryWidths: Could not determine current map (can be caused by calling in LEVEL mode)
WARNING[L1,P114] (ML_ADMConstraints): GetBoundaryWidths: Could not determine current map (can be caused by calling in LEVEL mode)
WARNING[L1,P115] (ML_ADMConstraints): GetBoundaryWidths: Could not determine current map (can be caused by calling in LEVEL mode)
WARNING[L1,P116] (ML_ADMConstraints): GetBoundaryWidths: Could not determine current map (can be caused by calling in LEVEL mode)
WARNING[L1,P121] (ML_ADMConstraints): GetBoundaryWidths: Could not determine current map (can be caused by calling in LEVEL mode)
WARNING[L1,P33] (ML_BSSN): GetBoundaryWidths: Could not determine current map (can be caused by calling in LEVEL mode)
WARNING[L1,P78] (ML_BSSN): GetBoundaryWidths: Could not determine current map (can be caused by calling in LEVEL mode)
WARNING[L1,P117] (ML_ADMConstraints): GetBoundaryWidths: Could not determine current map (can be caused by calling in LEVEL mode)
WARNING[L1,P224] (ML_ADMConstraints): GetBoundaryWidths: Could not determine current map (can be caused by calling in LEVEL mode)
WARNING[L1,P118] (ML_ADMConstraints): GetBoundaryWidths: Could not determine current map (can be caused by calling in LEVEL mode)
WARNING[L1,P120] (ML_ADMConstraints): GetBoundaryWidths: Could not determine current map (can be caused by calling in LEVEL mode)
WARNING[L1,P119] (ML_ADMConstraints): GetBoundaryWidths: Could not determine current map (can be caused by calling in LEVEL mode)
WARNING[L1,P38] (WeylScal4): GetBoundaryWidths: Could not determine current map (can be caused by calling in LEVEL mode)
WARNING[L1,P159] (ML_ADMConstraints): GetBoundaryWidths: Could not determine current map (can be caused by calling in LEVEL mode)
WARNING[L1,P83] (WeylScal4): WARNING[L1,P69] (ML_ADMConstraints): GetBoundaryWidths: Could not determine current map (can be caused by calling in LEVEL mode)
GetBoundaryWidths: Could not determine current map (can be caused by calling in LEVEL mode)
WARNING[L1,P24] (ML_ADMConstraints): GetBoundaryWidths: Could not determine current map (can be caused by calling in LEVEL mode)
WARNING[L1,P235] (WeylScal4): GetBoundaryWidths: Could not determine current map (can be caused by calling in LEVEL mode)
WARNING[L1,P213] (ML_ADMConstraints): GetBoundaryWidths: Could not determine current map (can be caused by calling in LEVEL mode)
WARNING[L1,P214] (ML_ADMConstraints): GetBoundaryWidths: Could not determine current map (can be caused by calling in LEVEL mode)
WARNING[L1,P30] (ML_ADMConstraints): GetBoundaryWidths: Could not determine current map (can be caused by calling in LEVEL mode)WARNING[L1,P75] (ML_ADMConstraints):
 GetBoundaryWidths: Could not determine current map (can be caused by calling in LEVEL mode)
WARNING[L1,P164] (ML_ADMConstraints): GetBoundaryWidths: Could not determine current map (can be caused by calling in LEVEL mode)
WARNING[L1,P165] (ML_ADMConstraints): GetBoundaryWidths: Could not determine current map (can be caused by calling in LEVEL mode)
WARNING[L1,P74] (ML_ADMConstraints): GetBoundaryWidths: Could not determine current map (can be caused by calling in LEVEL mode)
WARNING[L1,P29] (ML_ADMConstraints): GetBoundaryWidths: Could not determine current map (can be caused by calling in LEVEL mode)
WARNING[L1,P122] (ML_BSSN): GetBoundaryWidths: Could not determine current map (can be caused by calling in LEVEL mode)
WARNING[L1,P67] (ML_BSSN): WARNING[L1,P25] (ML_ADMConstraints):GetBoundaryWidths: Could not determine current map (can be caused by calling in LEVEL mode)
WARNING[L1,P26] (ML_ADMConstraints): GetBoundaryWidths: Could not determine current map (can be caused by calling in LEVEL mode)
WARNING[L1,P71] (ML_ADMConstraints):  GetBoundaryWidths: Could not determine current map (can be caused by calling in LEVEL mode)GetBoundaryWidths: Could not determine current map (can be caused by calling in LEVEL mode)
WARNING[L1,P70] (ML_ADMConstraints): GetBoundaryWidths: Could not determine current map (can be caused by calling in LEVEL mode)

WARNING[L1,P127] (WeylScal4): GetBoundaryWidths: Could not determine current map (can be caused by calling in LEVEL mode)
WARNING[L1,P223] (ML_ADMConstraints): GetBoundaryWidths: Could not determine current map (can be caused by calling in LEVEL mode)
WARNING[L1,P156] (ML_BSSN): GetBoundaryWidths: Could not determine current map (can be caused by calling in LEVEL mode)
WARNING[L1,P211] (ML_BSSN): GetBoundaryWidths: Could not determine current map (can be caused by calling in LEVEL mode)
WARNING[L1,P157] (ML_BSSN): GetBoundaryWidths: Could not determine current map (can be caused by calling in LEVEL mode)WARNING[L1,P22] (ML_BSSN):
 GetBoundaryWidths: Could not determine current map (can be caused by calling in LEVEL mode)
WARNING[L1,P68] (ML_BSSN):WARNING[L1,P23] (ML_BSSN):  WARNING[L1,P212] (ML_BSSN):GetBoundaryWidths: Could not determine current map (can be caused by calling in LEVEL mode)GetBoundaryWidths: Could not determine current map (can be caused by calling in LEVEL mode) 

GetBoundaryWidths: Could not determine current map (can be caused by calling in LEVEL mode)
WARNING[L1,P112] (ML_BSSN): GetBoundaryWidths: Could not determine current map (can be caused by calling in LEVEL mode)
WARNING[L1,P32] (ML_BSSN): GetBoundaryWidths: Could not determine current map (can be caused by calling in LEVEL mode)
WARNING[L1,P27] (ML_ADMConstraints):WARNING[L1,P28] (ML_ADMConstraints): GetBoundaryWidths: Could not determine current map (can be caused by calling in LEVEL mode)
WARNING[L1,P73] (ML_ADMConstraints): GetBoundaryWidths: Could not determine current map (can be caused by calling in LEVEL mode) 
GetBoundaryWidths: Could not determine current map (can be caused by calling in LEVEL mode)
WARNING[L1,P72] (ML_ADMConstraints):WARNING[L1,P77] (ML_BSSN): GetBoundaryWidths: Could not determine current map (can be caused by calling in LEVEL mode)
 GetBoundaryWidths: Could not determine current map (can be caused by calling in LEVEL mode)
WARNING[L1,P113] (ML_BSSN): GetBoundaryWidths: Could not determine current map (can be caused by calling in LEVEL mode)WARNING[L1,P215] (ML_ADMConstraints):
 GetBoundaryWidths: Could not determine current map (can be caused by calling in LEVEL mode)
WARNING[L1,P227] (ML_BSSN):WARNING[L1,P226] (ML_BSSN): GetBoundaryWidths: Could not determine current map (can be caused by calling in LEVEL mode)
 GetBoundaryWidths: Could not determine current map (can be caused by calling in LEVEL mode)
WARNING[L1,P166] (ML_BSSN): GetBoundaryWidths: Could not determine current map (can be caused by calling in LEVEL mode)WARNING[L1,P221] (ML_ADMConstraints):
 GetBoundaryWidths: Could not determine current map (can be caused by calling in LEVEL mode)WARNING[L1,P216] (ML_ADMConstraints): GetBoundaryWidths: Could not determine current map (can be caused by calling in LEVEL mode)
WARNING[L1,P222] (ML_ADMConstraints): GetBoundaryWidths: Could not determine current map (can be caused by calling in LEVEL mode)

WARNING[L1,P217] (ML_ADMConstraints): GetBoundaryWidths: Could not determine current map (can be caused by calling in LEVEL mode)
WARNING[L1,P163] (ML_ADMConstraints): GetBoundaryWidths: Could not determine current map (can be caused by calling in LEVEL mode)
WARNING[L1,P121] (ML_BSSN): GetBoundaryWidths: Could not determine current map (can be caused by calling in LEVEL mode)
WARNING[L1,P31] (ML_BSSN): GetBoundaryWidths: Could not determine current map (can be caused by calling in LEVEL mode)
WARNING[L1,P218] (ML_ADMConstraints): GetBoundaryWidths: Could not determine current map (can be caused by calling in LEVEL mode)
WARNING[L1,P219] (ML_ADMConstraints): GetBoundaryWidths: Could not determine current map (can be caused by calling in LEVEL mode)
WARNING[L1,P220] (ML_ADMConstraints): GetBoundaryWidths: Could not determine current map (can be caused by calling in LEVEL mode)
WARNING[L1,P76] (ML_BSSN): GetBoundaryWidths: Could not determine current map (can be caused by calling in LEVEL mode)
WARNING[L1,P158] (ML_BSSN): GetBoundaryWidths: Could not determine current map (can be caused by calling in LEVEL mode)
WARNING[L1,P114] (ML_BSSN): GetBoundaryWidths: Could not determine current map (can be caused by calling in LEVEL mode)
WARNING[L1,P30] (ML_BSSN): GetBoundaryWidths: Could not determine current map (can be caused by calling in LEVEL mode)WARNING[L1,P120] (ML_BSSN):
 GetBoundaryWidths: Could not determine current map (can be caused by calling in LEVEL mode)
WARNING[L1,P75] (ML_BSSN): GetBoundaryWidths: Could not determine current map (can be caused by calling in LEVEL mode)
WARNING[L1,P115] (ML_BSSN): GetBoundaryWidths: Could not determine current map (can be caused by calling in LEVEL mode)WARNING[L1,P107] (WeylScal4):
 GetBoundaryWidths: Could not determine current map (can be caused by calling in LEVEL mode)
WARNING[L1,P152] (WeylScal4): GetBoundaryWidths: Could not determine current map (can be caused by calling in LEVEL mode)
WARNING[L1,P223] (ML_BSSN): GetBoundaryWidths: Could not determine current map (can be caused by calling in LEVEL mode)
WARNING[L1,P116] (ML_BSSN): GetBoundaryWidths: Could not determine current map (can be caused by calling in LEVEL mode)
WARNING[L1,P225] (ML_BSSN): GetBoundaryWidths: Could not determine current map (can be caused by calling in LEVEL mode)
WARNING[L1,P118] (ML_BSSN): GetBoundaryWidths: Could not determine current map (can be caused by calling in LEVEL mode)WARNING[L1,P224] (ML_BSSN):
 GetBoundaryWidths: Could not determine current map (can be caused by calling in LEVEL mode)
WARNING[L1,P165] (ML_BSSN): GetBoundaryWidths: Could not determine current map (can be caused by calling in LEVEL mode)
WARNING[L1,P17] (WeylScal4): GetBoundaryWidths: Could not determine current map (can be caused by calling in LEVEL mode)
WARNING[L1,P161] (ML_ADMConstraints): GetBoundaryWidths: Could not determine current map (can be caused by calling in LEVEL mode)
WARNING[L1,P117] (ML_BSSN): GetBoundaryWidths: Could not determine current map (can be caused by calling in LEVEL mode)
WARNING[L1,P119] (ML_BSSN): GetBoundaryWidths: Could not determine current map (can be caused by calling in LEVEL mode)
WARNING[L1,P62] (WeylScal4): GetBoundaryWidths: Could not determine current map (can be caused by calling in LEVEL mode)
WARNING[L1,P164] (ML_BSSN): GetBoundaryWidths: Could not determine current map (can be caused by calling in LEVEL mode)
WARNING[L1,P171] (WeylScal4): GetBoundaryWidths: Could not determine current map (can be caused by calling in LEVEL mode)
WARNING[L1,P204] (WeylScal4): GetBoundaryWidths: Could not determine current map (can be caused by calling in LEVEL mode)
WARNING[L1,P203] (WeylScal4): GetBoundaryWidths: Could not determine current map (can be caused by calling in LEVEL mode)
WARNING[L1,P37] (WeylScal4): GetBoundaryWidths: Could not determine current map (can be caused by calling in LEVEL mode)
WARNING[L1,P82] (WeylScal4): GetBoundaryWidths: Could not determine current map (can be caused by calling in LEVEL mode)
WARNING[L1,P162] (ML_ADMConstraints): GetBoundaryWidths: Could not determine current map (can be caused by calling in LEVEL mode)
WARNING[L1,P234] (WeylScal4): GetBoundaryWidths: Could not determine current map (can be caused by calling in LEVEL mode)
WARNING[L1,P29] (ML_BSSN): GetBoundaryWidths: Could not determine current map (can be caused by calling in LEVEL mode)
WARNING[L1,P28] (ML_BSSN): GetBoundaryWidths: Could not determine current map (can be caused by calling in LEVEL mode)
WARNING[L1,P74] (ML_BSSN): GetBoundaryWidths: Could not determine current map (can be caused by calling in LEVEL mode)
WARNING[L1,P73] (ML_BSSN): GetBoundaryWidths: Could not determine current map (can be caused by calling in LEVEL mode)
WARNING[L1,P221] (ML_BSSN):WARNING[L1,P222] (ML_BSSN): GetBoundaryWidths: Could not determine current map (can be caused by calling in LEVEL mode)
 GetBoundaryWidths: Could not determine current map (can be caused by calling in LEVEL mode)
WARNING[L1,P163] (ML_BSSN): GetBoundaryWidths: Could not determine current map (can be caused by calling in LEVEL mode)
WARNING[L1,P220] (ML_BSSN): GetBoundaryWidths: Could not determine current map (can be caused by calling in LEVEL mode)
WARNING[L1,P162] (ML_BSSN): GetBoundaryWidths: Could not determine current map (can be caused by calling in LEVEL mode)
WARNING[L1,P160] (ML_ADMConstraints): GetBoundaryWidths: Could not determine current map (can be caused by calling in LEVEL mode)
WARNING[L1,P24] (ML_BSSN): GetBoundaryWidths: Could not determine current map (can be caused by calling in LEVEL mode)
WARNING[L1,P27] (ML_BSSN): GetBoundaryWidths: Could not determine current map (can be caused by calling in LEVEL mode)
WARNING[L1,P25] (ML_BSSN): GetBoundaryWidths: Could not determine current map (can be caused by calling in LEVEL mode)
WARNING[L1,P26] (ML_BSSN): GetBoundaryWidths: Could not determine current map (can be caused by calling in LEVEL mode)
WARNING[L1,P69] (ML_BSSN): GetBoundaryWidths: Could not determine current map (can be caused by calling in LEVEL mode)
WARNING[L1,P72] (ML_BSSN):WARNING[L1,P70] (ML_BSSN): GetBoundaryWidths: Could not determine current map (can be caused by calling in LEVEL mode)
 GetBoundaryWidths: Could not determine current map (can be caused by calling in LEVEL mode)WARNING[L1,P213] (ML_BSSN):
 GetBoundaryWidths: Could not determine current map (can be caused by calling in LEVEL mode)
WARNING[L1,P71] (ML_BSSN): GetBoundaryWidths: Could not determine current map (can be caused by calling in LEVEL mode)
WARNING[L1,P214] (ML_BSSN): GetBoundaryWidths: Could not determine current map (can be caused by calling in LEVEL mode)WARNING[L1,P159] (ML_BSSN):
 GetBoundaryWidths: Could not determine current map (can be caused by calling in LEVEL mode)
WARNING[L1,P218] (ML_BSSN):WARNING[L1,P215] (ML_BSSN): GetBoundaryWidths: Could not determine current map (can be caused by calling in LEVEL mode)
WARNING[L1,P219] (ML_BSSN): GetBoundaryWidths: Could not determine current map (can be caused by calling in LEVEL mode)
 GetBoundaryWidths: Could not determine current map (can be caused by calling in LEVEL mode)
WARNING[L1,P216] (ML_BSSN): GetBoundaryWidths: Could not determine current map (can be caused by calling in LEVEL mode)
WARNING[L1,P217] (ML_BSSN): GetBoundaryWidths: Could not determine current map (can be caused by calling in LEVEL mode)
WARNING[L1,P161] (ML_BSSN): GetBoundaryWidths: Could not determine current map (can be caused by calling in LEVEL mode)
WARNING[L1,P160] (ML_BSSN): GetBoundaryWidths: Could not determine current map (can be caused by calling in LEVEL mode)
WARNING[L1,P126] (WeylScal4): GetBoundaryWidths: Could not determine current map (can be caused by calling in LEVEL mode)
WARNING[L1,P81] (WeylScal4): GetBoundaryWidths: Could not determine current map (can be caused by calling in LEVEL mode)
WARNING[L1,P36] (WeylScal4): GetBoundaryWidths: Could not determine current map (can be caused by calling in LEVEL mode)
WARNING[L1,P232] (WeylScal4): GetBoundaryWidths: Could not determine current map (can be caused by calling in LEVEL mode)
WARNING[L1,P233] (WeylScal4): GetBoundaryWidths: Could not determine current map (can be caused by calling in LEVEL mode)
WARNING[L1,P63] (WeylScal4): GetBoundaryWidths: Could not determine current map (can be caused by calling in LEVEL mode)
WARNING[L1,P80] (WeylScal4): GetBoundaryWidths: Could not determine current map (can be caused by calling in LEVEL mode)
WARNING[L1,P35] (WeylScal4): GetBoundaryWidths: Could not determine current map (can be caused by calling in LEVEL mode)
WARNING[L1,P108] (WeylScal4):WARNING[L1,P125] (WeylScal4): GetBoundaryWidths: Could not determine current map (can be caused by calling in LEVEL mode)
 GetBoundaryWidths: Could not determine current map (can be caused by calling in LEVEL mode)
WARNING[L1,P153] (WeylScal4): GetBoundaryWidths: Could not determine current map (can be caused by calling in LEVEL mode)
WARNING[L1,P18] (WeylScal4): GetBoundaryWidths: Could not determine current map (can be caused by calling in LEVEL mode)
WARNING[L1,P19] (WeylScal4): GetBoundaryWidths: Could not determine current map (can be caused by calling in LEVEL mode)
WARNING[L1,P231] (WeylScal4): GetBoundaryWidths: Could not determine current map (can be caused by calling in LEVEL mode)
WARNING[L1,P205] (WeylScal4): GetBoundaryWidths: Could not determine current map (can be caused by calling in LEVEL mode)
WARNING[L1,P124] (WeylScal4):WARNING[L1,P206] (WeylScal4): GetBoundaryWidths: Could not determine current map (can be caused by calling in LEVEL mode) 
GetBoundaryWidths: Could not determine current map (can be caused by calling in LEVEL mode)
WARNING[L1,P109] (WeylScal4): GetBoundaryWidths: Could not determine current map (can be caused by calling in LEVEL mode)
WARNING[L1,P64] (WeylScal4):WARNING[L1,P154] (WeylScal4):  GetBoundaryWidths: Could not determine current map (can be caused by calling in LEVEL mode)
GetBoundaryWidths: Could not determine current map (can be caused by calling in LEVEL mode)
WARNING[L1,P170] (WeylScal4): GetBoundaryWidths: Could not determine current map (can be caused by calling in LEVEL mode)
WARNING[L1,P123] (WeylScal4): GetBoundaryWidths: Could not determine current map (can be caused by calling in LEVEL mode)
WARNING[L1,P33] (WeylScal4): GetBoundaryWidths: Could not determine current map (can be caused by calling in LEVEL mode)
WARNING[L1,P34] (WeylScal4): GetBoundaryWidths: Could not determine current map (can be caused by calling in LEVEL mode)
WARNING[L1,P169] (WeylScal4): GetBoundaryWidths: Could not determine current map (can be caused by calling in LEVEL mode)
WARNING[L1,P79] (WeylScal4): WARNING[L1,P78] (WeylScal4): GetBoundaryWidths: Could not determine current map (can be caused by calling in LEVEL mode)
GetBoundaryWidths: Could not determine current map (can be caused by calling in LEVEL mode)
WARNING[L1,P122] (WeylScal4): GetBoundaryWidths: Could not determine current map (can be caused by calling in LEVEL mode)
WARNING[L1,P230] (WeylScal4):WARNING[L1,P167] (WeylScal4):WARNING[L1,P228] (WeylScal4): GetBoundaryWidths: Could not determine current map (can be caused by calling in LEVEL mode)
 WARNING[L1,P229] (WeylScal4): GetBoundaryWidths: Could not determine current map (can be caused by calling in LEVEL mode)
GetBoundaryWidths: Could not determine current map (can be caused by calling in LEVEL mode) 
GetBoundaryWidths: Could not determine current map (can be caused by calling in LEVEL mode)
WARNING[L1,P121] (WeylScal4): GetBoundaryWidths: Could not determine current map (can be caused by calling in LEVEL mode)
WARNING[L1,P110] (WeylScal4): GetBoundaryWidths: Could not determine current map (can be caused by calling in LEVEL mode)
WARNING[L1,P168] (WeylScal4): GetBoundaryWidths: Could not determine current map (can be caused by calling in LEVEL mode)
WARNING[L1,P65] (WeylScal4): GetBoundaryWidths: Could not determine current map (can be caused by calling in LEVEL mode)
WARNING[L1,P20] (WeylScal4): GetBoundaryWidths: Could not determine current map (can be caused by calling in LEVEL mode)
WARNING[L1,P32] (WeylScal4): GetBoundaryWidths: Could not determine current map (can be caused by calling in LEVEL mode)
WARNING[L1,P77] (WeylScal4): GetBoundaryWidths: Could not determine current map (can be caused by calling in LEVEL mode)WARNING[L1,P208] (WeylScal4):
 GetBoundaryWidths: Could not determine current map (can be caused by calling in LEVEL mode)
WARNING[L1,P67] (WeylScal4): GetBoundaryWidths: Could not determine current map (can be caused by calling in LEVEL mode)
WARNING[L1,P166] (WeylScal4): WARNING[L1,P207] (WeylScal4):GetBoundaryWidths: Could not determine current map (can be caused by calling in LEVEL mode)
 GetBoundaryWidths: Could not determine current map (can be caused by calling in LEVEL mode)
WARNING[L1,P155] (WeylScal4): GetBoundaryWidths: Could not determine current map (can be caused by calling in LEVEL mode)WARNING[L1,P76] (WeylScal4):
 GetBoundaryWidths: Could not determine current map (can be caused by calling in LEVEL mode)
WARNING[L1,P31] (WeylScal4): GetBoundaryWidths: Could not determine current map (can be caused by calling in LEVEL mode)
WARNING[L1,P21] (WeylScal4): GetBoundaryWidths: Could not determine current map (can be caused by calling in LEVEL mode)
WARNING[L1,P156] (WeylScal4):WARNING[L1,P226] (WeylScal4):  GetBoundaryWidths: Could not determine current map (can be caused by calling in LEVEL mode)GetBoundaryWidths: Could not determine current map (can be caused by calling in LEVEL mode)

WARNING[L1,P66] (WeylScal4):WARNING[L1,P111] (WeylScal4): GetBoundaryWidths: Could not determine current map (can be caused by calling in LEVEL mode) WARNING[L1,P225] (WeylScal4):
GetBoundaryWidths: Could not determine current map (can be caused by calling in LEVEL mode) 
GetBoundaryWidths: Could not determine current map (can be caused by calling in LEVEL mode)
WARNING[L1,P227] (WeylScal4): WARNING[L1,P22] (WeylScal4):GetBoundaryWidths: Could not determine current map (can be caused by calling in LEVEL mode)
 GetBoundaryWidths: Could not determine current map (can be caused by calling in LEVEL mode)
WARNING[L1,P157] (WeylScal4): WARNING[L1,P75] (WeylScal4):WARNING[L1,P30] (WeylScal4):GetBoundaryWidths: Could not determine current map (can be caused by calling in LEVEL mode) 
GetBoundaryWidths: Could not determine current map (can be caused by calling in LEVEL mode) 
GetBoundaryWidths: Could not determine current map (can be caused by calling in LEVEL mode)
WARNING[L1,P112] (WeylScal4):WARNING[L1,P68] (WeylScal4):  GetBoundaryWidths: Could not determine current map (can be caused by calling in LEVEL mode)GetBoundaryWidths: Could not determine current map (can be caused by calling in LEVEL mode)

WARNING[L1,P120] (WeylScal4):WARNING[L1,P23] (WeylScal4):  GetBoundaryWidths: Could not determine current map (can be caused by calling in LEVEL mode)GetBoundaryWidths: Could not determine current map (can be caused by calling in LEVEL mode)

WARNING[L1,P113] (WeylScal4): GetBoundaryWidths: Could not determine current map (can be caused by calling in LEVEL mode)WARNING[L1,P210] (WeylScal4):
 GetBoundaryWidths: Could not determine current map (can be caused by calling in LEVEL mode)
WARNING[L1,P224] (WeylScal4): GetBoundaryWidths: Could not determine current map (can be caused by calling in LEVEL mode)
WARNING[L1,P212] (WeylScal4): GetBoundaryWidths: Could not determine current map (can be caused by calling in LEVEL mode)
WARNING[L1,P209] (WeylScal4): GetBoundaryWidths: Could not determine current map (can be caused by calling in LEVEL mode)
WARNING[L1,P211] (WeylScal4): GetBoundaryWidths: Could not determine current map (can be caused by calling in LEVEL mode)
WARNING[L1,P223] (WeylScal4): GetBoundaryWidths: Could not determine current map (can be caused by calling in LEVEL mode)
WARNING[L1,P158] (WeylScal4): GetBoundaryWidths: Could not determine current map (can be caused by calling in LEVEL mode)
WARNING[L1,P118] (WeylScal4): GetBoundaryWidths: Could not determine current map (can be caused by calling in LEVEL mode)
WARNING[L1,P119] (WeylScal4): GetBoundaryWidths: Could not determine current map (can be caused by calling in LEVEL mode)
WARNING[L1,P114] (WeylScal4): GetBoundaryWidths: Could not determine current map (can be caused by calling in LEVEL mode)
WARNING[L1,P116] (WeylScal4): GetBoundaryWidths: Could not determine current map (can be caused by calling in LEVEL mode)
WARNING[L1,P115] (WeylScal4):WARNING[L1,P117] (WeylScal4): GetBoundaryWidths: Could not determine current map (can be caused by calling in LEVEL mode)
 GetBoundaryWidths: Could not determine current map (can be caused by calling in LEVEL mode)
WARNING[L1,P162] (WeylScal4): GetBoundaryWidths: Could not determine current map (can be caused by calling in LEVEL mode)
WARNING[L1,P165] (WeylScal4): GetBoundaryWidths: Could not determine current map (can be caused by calling in LEVEL mode)
WARNING[L1,P73] (WeylScal4):WARNING[L1,P74] (WeylScal4): GetBoundaryWidths: Could not determine current map (can be caused by calling in LEVEL mode)
 GetBoundaryWidths: Could not determine current map (can be caused by calling in LEVEL mode)
WARNING[L1,P28] (WeylScal4): GetBoundaryWidths: Could not determine current map (can be caused by calling in LEVEL mode)
WARNING[L1,P29] (WeylScal4): GetBoundaryWidths: Could not determine current map (can be caused by calling in LEVEL mode)
WARNING[L1,P164] (WeylScal4): GetBoundaryWidths: Could not determine current map (can be caused by calling in LEVEL mode)
WARNING[L1,P220] (WeylScal4):WARNING[L1,P221] (WeylScal4): GetBoundaryWidths: Could not determine current map (can be caused by calling in LEVEL mode)
 GetBoundaryWidths: Could not determine current map (can be caused by calling in LEVEL mode)
WARNING[L1,P222] (WeylScal4): GetBoundaryWidths: Could not determine current map (can be caused by calling in LEVEL mode)
WARNING[L1,P69] (WeylScal4): GetBoundaryWidths: Could not determine current map (can be caused by calling in LEVEL mode)
WARNING[L1,P159] (WeylScal4): GetBoundaryWidths: Could not determine current map (can be caused by calling in LEVEL mode)
WARNING[L1,P27] (WeylScal4): GetBoundaryWidths: Could not determine current map (can be caused by calling in LEVEL mode)
WARNING[L1,P70] (WeylScal4):WARNING[L1,P71] (WeylScal4): GetBoundaryWidths: Could not determine current map (can be caused by calling in LEVEL mode)
WARNING[L1,P72] (WeylScal4): GetBoundaryWidths: Could not determine current map (can be caused by calling in LEVEL mode)
 GetBoundaryWidths: Could not determine current map (can be caused by calling in LEVEL mode)
WARNING[L1,P24] (WeylScal4): GetBoundaryWidths: Could not determine current map (can be caused by calling in LEVEL mode)WARNING[L1,P25] (WeylScal4): GetBoundaryWidths: Could not determine current map (can be caused by calling in LEVEL mode)

WARNING[L1,P26] (WeylScal4): GetBoundaryWidths: Could not determine current map (can be caused by calling in LEVEL mode)
WARNING[L1,P161] (WeylScal4): GetBoundaryWidths: Could not determine current map (can be caused by calling in LEVEL mode)
WARNING[L1,P160] (WeylScal4): GetBoundaryWidths: Could not determine current map (can be caused by calling in LEVEL mode)
WARNING[L1,P213] (WeylScal4): GetBoundaryWidths: Could not determine current map (can be caused by calling in LEVEL mode)
WARNING[L1,P214] (WeylScal4): GetBoundaryWidths: Could not determine current map (can be caused by calling in LEVEL mode)
WARNING[L1,P219] (WeylScal4): GetBoundaryWidths: Could not determine current map (can be caused by calling in LEVEL mode)
WARNING[L1,P215] (WeylScal4): GetBoundaryWidths: Could not determine current map (can be caused by calling in LEVEL mode)
WARNING[L1,P217] (WeylScal4):WARNING[L1,P216] (WeylScal4): GetBoundaryWidths: Could not determine current map (can be caused by calling in LEVEL mode)
 WARNING[L1,P218] (WeylScal4): GetBoundaryWidths: Could not determine current map (can be caused by calling in LEVEL mode)
GetBoundaryWidths: Could not determine current map (can be caused by calling in LEVEL mode)
WARNING[L1,P163] (WeylScal4): GetBoundaryWidths: Could not determine current map (can be caused by calling in LEVEL mode)
cactus_sim: /mnt/home/visitor/cvaishak/Installations/ETK_10_2019p/Cactus/arrangements/Carpet/CarpetLib/src/bboxset2.hh:262: CarpetLib::bboxset2::bboxset<T, D> CarpetLib::bboxset2::bboxset<T, D>::binary_operator(const F &, const CarpetLib::bboxset2::bboxset<T, D> &) const [with F = lambda [](const CarpetLib::bboxset2::bboxset<int, 2> &, const CarpetLib::bboxset2::bboxset<int, 2> &)->CarpetLib::bboxset2::bboxset<int, 2>, T = int, int D = 3]: Assertion `all(stride == other.stride)' failed.
Rank 0 with PID 64636 received signal 6
Writing backtrace to q1a10a20p4//backtrace.0.txt
