Using configuration: c2p
Updated thorn list for configuration c2p
Building c2p
Cactus - version: 4.12.0
Building configuration c2p
Reconfiguring thorns
Reading ThornList...
Parsing configuration files...
   ADMAnalysis
           Requires:          CartGrid3D 
   ADMBase
           Requires:          CartGrid3D 
   ADMCoupling
   ADMDerivatives
           Requires thorns:   SummationByParts
   ADMMacros
           Provides:          ADMMacros 
   ADMMass
   AEILocalInterp
   AHFinder
           Requires:          CartGrid3D 
   AHFinderDirect
           Optional:          HDF5 
           Requires thorns:   SpaceMask
   Boundary
           Provides:          Boundary 
   CT_Analytic
           Requires:          GenericFD 
           Optional:          LoopControl 
   CT_MultiLevel
           Requires:          Carpet MPI 
   Cactus
           Optional:          MPI 
   CalcK
           Requires:          CartGrid3D Fortran 
   Carpet
           Provides:          Carpet 
           Requires:          CarpetLib IOUtil MPI Timers 
           Optional:          LoopControl 
   CarpetEvolutionMask
           Requires:          Carpet 
   CarpetIOASCII
           Requires:          Carpet CarpetLib IOUtil 
           Optional:          SDF 
   CarpetIOBasic
           Requires:          Carpet CarpetLib IOUtil 
   CarpetIOHDF5
           Provides:          CarpetIOHDF5 
           Requires:          Carpet CarpetLib IOUtil HDF5 
           Optional:          MPI 
   CarpetIOScalar
           Requires:          Carpet CarpetLib IOUtil 
   CarpetIntegrateTest
           Requires:          Carpet 
   CarpetInterp
           Requires:          Carpet CarpetLib MPI 
   CarpetInterp2
           Requires:          Carpet CarpetLib 
   CarpetLib
           Provides:          CarpetLib 
           Requires:          MPI Vectors 
           Optional:          Boost CycleClock LoopControl HRSCCore 
   CarpetMask
           Optional:          LoopControl 
   CarpetProlongateTest
           Requires:          Fortran 
   CarpetReduce
           Requires:          Carpet CarpetLib MPI 
           Optional:          LoopControl 
   CarpetRegrid
           Requires:          Carpet CarpetLib 
   CarpetRegrid2
           Requires:          Carpet CarpetLib 
   CarpetRegridTest
   CarpetSlab
           Requires:          Carpet CarpetLib 
   CarpetTracker
   CartGrid3D
           Provides:          CartGrid3D 
           Requires:          CoordBase 
   Cartoon2D
           Requires:          SpaceMask 
   ConservativeToPrimitive
   Constants
   Convert_to_HydroBase
   CookImporter
   CoordBase
           Provides:          CoordBase 
   CoordGauge
   Coordinates
           Requires:          Carpet TensorTypes TGRtensor 
   CoordinatesSymmetry
   CycleClock
           Provides:          CycleClock 
   DemoInterp
   Dissipation
           Requires thorns:   SphericalSurface
   DistortedBHIVP
   EHFinder
           Requires thorns:   CartGrid3D
   EIDR
           Provides:          EIDR 
           Requires:          EIDR 
   EOS_Base
           Provides:          EOS_Base 
   EOS_Hybrid
           Requires:          EOS_Base EOS_Polytrope 
   EOS_IdealFluid
   EOS_Polytrope
           Provides:          EOS_Polytrope 
           Requires:          EOS_Base 
   EinsteinExact_Test
   EllBase
           Provides:          EllBase 
   EllSOR
           Requires:          Boundary CartGrid3D 
   Elliptica_BHNS
           Provides:          Elliptica_BHNS 
           Requires:          EIDR 
   Exact
           Requires thorns:   CoordGauge
   Extract
   FFTW3
           Provides:          FFTW3 
           Requires:          FFTW3 
   FleshInfo
   Fortran
           Provides:          Fortran 
           Requires:          Fortran 
   GSL
           Provides:          GSL 
           Requires:          GSL 
   GaugeWave
           Requires:          GenericFD 
           Optional:          LoopControl 
   GenericFD
           Provides:          GenericFD 
   GlobalDerivative
           Requires:          SummationByParts 
   HDF5
           Provides:          HDF5 
           Requires:          HDF5 zlib 
           Optional:          MPI 
   HTTPD
           Provides:          HTTPD 
           Requires:          SOCKET 
           Optional:          MPI PTHREADS 
   HTTPDExtra
           Requires:          HTTPD IOUTIL 
           Optional:          MPI 
   HelloWorld
   HighOrderWaveTest
   HydroBase
   Hydro_Analysis
           Requires:          LoopControl 
           Optional:          Fortran 
   Hydro_InitExcision
   Hydro_RNSID
           Requires:          EOS_Base Boundary CartGrid3D SpaceMask HDF5 
           Optional:          MPI 
   IDAnalyticBH
   IDAxiBrillBH
           Requires:          Fortran 
   IDAxiOddBrillBH
   IDBrillData
           Requires:          CartGrid3D 
   IDConstraintViolate
   IDFileADM
   IDLinearWaves
   IDScalarWave
   IDScalarWaveC
   IDScalarWaveCXX
   IDScalarWaveElliptic
   IDWaveMoL
   ID_NrotStar
           Requires:          LORENE 
   ID_converter_ILGRMHD
   IOASCII
           Requires:          IOUtil 
           Requires thorns:   IOUtil
   IOBasic
           Requires:          IOUtil 
           Requires thorns:   IOUtil
   IOHDF5
           Requires:          IOHDF5Util HDF5 IOUtil PUGH 
           Optional:          FlexIO SDF MPI 
   IOHDF5Util
           Provides:          IOHDF5Util 
           Requires:          PUGH IOUtil HDF5 
           Optional:          MPI 
   IOUtil
           Provides:          IOUTIL 
   IllinoisGRMHD
           Provides:          IllinoisGRMHD 
           Requires:          EOS_Omni Boundary CartGrid3D SpaceMask 
   InitBase
   InterpToArray
   Interpolate2
           Requires:          Carpet TGRtensor LAPACK LoopControl 
           Requires thorns:   CarpetInterp2
   KerrSchild
           Requires:          GenericFD 
           Optional:          LoopControl 
   LORENE2
           Provides:          LORENE 
           Requires:          BLAS LAPACK GSL LORENE 
   LapseFinder
           Requires:          LoopControl 
   LeanBSSNMoL
   LlamaWaveToy
           Requires:          Fortran TGRtensor LAPACK 
   LocalInterp
   LocalInterp2
   LocalReduce
   LoopControl
           Provides:          LoopControl 
           Optional:          CycleClock hwloc Vectors 
   ML_ADMConstraints
           Requires:          GenericFD 
           Optional:          LoopControl 
   ML_ADMQuantities
           Requires:          GenericFD 
           Optional:          LoopControl 
   ML_BSSN
           Requires:          GenericFD LoopControl Vectors 
   ML_BSSN_Helper
           Requires thorns:   CartGrid3D CoordGauge
   ML_BSSN_Test
   ML_CCZ4
           Requires:          GenericFD LoopControl Vectors 
   ML_CCZ4_Helper
           Requires thorns:   CartGrid3D CoordGauge
   ML_CCZ4_Test
   ML_WaveToy
           Requires:          GenericFD LoopControl Vectors 
   ML_WaveToy_Test
   MPI
           Provides:          MPI 
           Requires:          MPI 
           Optional:          hwloc 
   MemSpeed
           Requires:          Vectors 
           Optional:          MPI 
   Meudon_Bin_BH
           Requires:          LORENE 
   Meudon_Bin_NS
           Requires:          LORENE 
   Meudon_Mag_NS
           Requires:          LORENE 
   Minkowski
           Requires:          GenericFD 
           Optional:          LoopControl 
   MoL
   ModifiedSchwarzschildBL
           Requires:          GenericFD 
           Optional:          LoopControl 
   Multipole
           Optional:          HDF5 
   NPScalars
   NPScalars_Proca
   NaNCatcher
   NaNChecker
           Provides:          NaNChecker 
   NewRad
           Requires:          GenericFD 
   Nice
   NoExcision
           Optional-ifactive: Carpet 
   NoMPI
           Optional:          MPI 
   Noise
   Norms
   NullConstr
           Requires thorns:   Fortran NullEvolve NullGrid NullInterp
   NullDecomp
   NullEvolve
           Requires thorns:   Fortran NullDecomp NullGrid NullInterp
   NullExact
           Requires thorns:   Fortran NullEvolve NullGrid NullInterp
   NullGrid
           Provides:          NullGrid 
           Requires thorns:   Fortran
   NullInterp
           Provides:          NullInterp 
           Requires:          Fortran 
           Requires thorns:   NullGrid
   NullNews
           Requires:          MPI 
           Requires thorns:   NullDecomp NullGrid NullInterp
   NullPsiInt
           Requires thorns:   Fortran NullGrid NullNews
   NullSHRExtract
           Provides:          NullSHRExtraction 
           Requires thorns:   Fortran NullDecomp NullEvolve NullGrid NullInterp
   NullVars
           Provides:          NullVars 
   OpenBLAS
           Provides:          OpenBLAS BLAS LAPACK 
           Requires:          OpenBLAS 
   OpenSSL
           Provides:          OpenSSL 
   Outflow
           Requires thorns:   HydroBase
   PUGH
           Provides:          PUGH 
           Optional:          MPI Vectors 
   PUGHInterp
           Requires:          PUGH 
           Optional:          MPI 
   PUGHReduce
           Requires:          PUGH 
           Optional:          MPI 
   PUGHSlab
           Requires:          PUGH 
           Optional:          MPI 
   Periodic
           Requires thorns:   Slab
   PeriodicCarpet
           Requires:          Carpet CarpetLib 
   Poisson
           Requires:          Boundary Carpet CartGrid3D TATelliptic 
   ProcaBase
   ProcaEvolve
   Proca_simpleID
   PunctureTracker
   QuasiLocalMeasures
           Requires:          Boundary Fortran LAPACK TGRtensor 
           Optional:          MPI 
   ReadInterpolate
           Requires:          HDF5 Carpet IOUtil 
           Requires thorns:   Carpet IOUtil
   Recovery_Util
           Provides:          Recovery_Util 
   ReflectionSymmetry
   RegridSyncTest
   RhoBFinder
           Requires:          LoopControl 
   RotatingDBHIVP
   RotatingSymmetry180
           Requires thorns:   Slab
   RotatingSymmetry90
           Requires thorns:   Slab
   SampleBoundary
   SampleIO
           Requires:          IOUtil 
   Seed_Magnetic_Fields
   Seed_Magnetic_Fields_BNS
   SetMask_SphericalSurface
   ShiftedGaugeWave
           Requires:          GenericFD 
           Optional:          LoopControl 
   Slab
           Provides:          Slab 
           Optional:          LoopControl MPI 
   SlabTest
   Socket
           Provides:          SOCKET 
   SpaceMask
           Provides:          SpaceMask 
           Requires:          CartGrid3D 
   SphericalHarmonicDecomp
           Requires:          HDF5 GSL 
   SphericalHarmonicRecon
           Requires:          HDF5 FFTW3 MPI 
   SphericalHarmonicReconGen
           Requires:          HDF5 
   SphericalSurface
   Spritz
           Provides:          Spritz 
           Requires:          EOS_Omni Boundary CartGrid3D ADMMacros Recovery_Util 
           Optional-ifactive: Carpet EOS_Polytrope 
   Spritz_InitData
           Requires:          EOS_Omni 
           Optional-ifactive: Carpet 
   Spritz_SetBeta
           Requires:          EOS_Omni LORENE 
   StaticConformal
   SummationByParts
           Provides:          SummationByParts 
   SymBase
   SystemStatistics
   SystemTopology
           Requires:          hwloc MPI 
   TATelliptic
           Provides:          TATelliptic 
   TGRtensor
           Provides:          TGRtensor 
           Requires:          LAPACK 
   TOVSolver
           Requires thorns:   Boundary CartGrid3D SpaceMask
   TensorTypes
           Provides:          TensorTypes 
   TerminationTrigger
   TestArrays
   TestCarpetGridInfo
           Requires:          Carpet 
   TestComplex
   TestCoordinates
   TestFortranCrayPointers
           Requires:          Fortran 
   TestFortranDependencies1
           Requires:          TestFortranDependencies 
   TestFortranDependencies2
           Provides:          TestFortranDependencies 
   TestFpointerNULL
   TestFreeF90
   TestGlobalReduce
   TestInclude1
   TestInclude2
   TestLocalInterp2
   TestLocalReduce
   TestLoop
   TestLoopControl
           Requires:          LoopControl 
   TestMath
   TestMoL
   TestPar
   TestReadWrite
   TestReduce
   TestSchedule
   TestStrings
   TestTable
   TestTimers
   TestTypes
   Time
   TimerInfo
   TimerReport
           Optional:          MPI 
   Timers
           Provides:          Timers 
           Requires:          CarpetLib 
   TmunuBase
   Trigger
   TwoPunctures
           Requires:          GSL 
   TwoPunctures_KerrProca
           Requires:          GSL 
   UA_EOS_Omni
           Provides:          EOS_Omni 
           Requires:          HDF5 
           Optional:          MPI 
   Vaidya2
           Requires:          GenericFD 
           Optional:          LoopControl 
   Vectors
           Provides:          Vectors 
           Requires:          Vectors 
   VolumeIntegrals_GRMHD
   VolumeIntegrals_vacuum
   WatchDog
           Requires:          PTHREADS 
   WaveBinarySource
   WaveExtractL
           Requires:          Carpet 
           Requires thorns:   ADMDerivatives NaNChecker
   WaveMoL
           Requires:          CartGrid3D 
   WaveToy1DF77
           Requires:          Boundary 
   WaveToy2DF77
           Requires:          Boundary 
   WaveToyC
           Requires:          CartGrid3D 
   WaveToyCXX
           Requires:          CartGrid3D 
   WaveToyExtra
   WaveToyF77
           Requires:          CartGrid3D 
   WaveToyF90
           Requires:          CartGrid3D 
   WaveToyFreeF90
           Requires:          CartGrid3D 
   WeylScal4
           Requires:          GenericFD LoopControl Vectors 
   ZelmaniLeak
           Provides:          ZelmaniLeak 
           Requires:          EOS_Omni CartGrid3D MPI 
           Optional:          Fortran 
           Optional-ifactive: Spritz 
           Requires thorns:   Boundary
   hwloc
           Provides:          hwloc 
           Requires:          zlib hwloc 
           Optional:          pciutils 
   libjpeg
           Provides:          libjpeg 
   particle_tracerET
   pthreads
           Provides:          PTHREADS 
           Requires:          PTHREADS 
   smallbPoynET
   zlib
           Provides:          zlib 
Parsing interface files...
   ADMAnalysis
           Implements: ADMAnalysis
           Inherits:  ADMBase StaticConformal Grid ADMMacros 
           7 Public, 0 Protected, 0 Private variable groups
   ADMBase
           Implements: ADMBase
           Inherits:  grid 
           10 Public, 0 Protected, 0 Private variable groups
   ADMCoupling
           Implements: ADMCoupling
           0 Public, 0 Protected, 0 Private variable groups
   ADMDerivatives
           Implements: ADMDerivatives
           Inherits:  Coordinates ADMBase 
           6 Public, 0 Protected, 0 Private variable groups
   ADMMacros
           Implements: ADMMacros
           2 Public, 0 Protected, 0 Private variable groups
   ADMMass
           Implements: ADMMass
           Inherits:  ADMBase ADMMacros StaticConformal SpaceMask 
           0 Public, 0 Protected, 7 Private variable groups
   AEILocalInterp
           Implements: AEILocalInterp
           0 Public, 0 Protected, 0 Private variable groups
   AHFinder
           Implements: AHFinder
           Inherits:  ADMBase StaticConformal SpaceMask Grid IO ADMMacros 
           7 Public, 0 Protected, 11 Private variable groups
   AHFinderDirect
           Implements: AHFinderDirect
           Inherits:  Grid ADMBase StaticConformal SpaceMask SphericalSurface IO 
           0 Public, 0 Protected, 6 Private variable groups
   Boundary
           Implements: boundary
           0 Public, 0 Protected, 0 Private variable groups
   CT_Analytic
           Implements: CT_Analytic
           Inherits:  Boundary GenericFD Grid 
           41 Public, 0 Protected, 0 Private variable groups
   CT_MultiLevel
           Implements: CT_MultiLevel
           Inherits:  Boundary Grid 
           0 Public, 0 Protected, 10 Private variable groups
   Cactus
           Implements: Cactus
           0 Public, 0 Protected, 0 Private variable groups
   CalcK
           Implements: CalcK
           Inherits:  ADMBase StaticConformal 
           0 Public, 0 Protected, 4 Private variable groups
   Carpet
           Implements: Driver
           0 Public, 0 Protected, 7 Private variable groups
   CarpetEvolutionMask
           Implements: CarpetEvolutionMask
           3 Public, 0 Protected, 0 Private variable groups
   CarpetIOASCII
           Implements: IOASCII
           0 Public, 0 Protected, 4 Private variable groups
   CarpetIOBasic
           Implements: IOBasic
           Inherits:  IO 
           0 Public, 0 Protected, 4 Private variable groups
   CarpetIOHDF5
           Implements: IOHDF5
           0 Public, 0 Protected, 7 Private variable groups
   CarpetIOScalar
           Implements: IOScalar
           0 Public, 0 Protected, 4 Private variable groups
   CarpetIntegrateTest
           Implements: CarpetIntegrateTest
           Inherits:  Reduce Grid Driver 
           0 Public, 0 Protected, 2 Private variable groups
   CarpetInterp
           Implements: interp
           0 Public, 0 Protected, 0 Private variable groups
   CarpetInterp2
           Implements: interp2
           0 Public, 0 Protected, 0 Private variable groups
   CarpetLib
           Implements: CarpetLib
           0 Public, 0 Protected, 0 Private variable groups
   CarpetMask
           Implements: CarpetMask
           Inherits:  grid SphericalSurface 
           0 Public, 0 Protected, 0 Private variable groups
   CarpetProlongateTest
           Implements: CarpetProlongateTest
           Inherits:  grid 
           0 Public, 0 Protected, 7 Private variable groups
   CarpetReduce
           Implements: reduce
           0 Public, 0 Protected, 5 Private variable groups
   CarpetRegrid
           Implements: CarpetRegrid
           0 Public, 0 Protected, 0 Private variable groups
   CarpetRegrid2
           Implements: CarpetRegrid2
           7 Public, 0 Protected, 7 Private variable groups
   CarpetRegridTest
           Implements: CarpetRegridTest
           Inherits:  grid 
           0 Public, 0 Protected, 2 Private variable groups
   CarpetSlab
           Implements: Hyperslab
           0 Public, 0 Protected, 0 Private variable groups
   CarpetTracker
           Implements: CarpetTracker
           Inherits:  SphericalSurface CarpetRegrid2 
           0 Public, 0 Protected, 0 Private variable groups
   CartGrid3D
           Implements: grid
           Inherits:  coordbase 
           3 Public, 0 Protected, 0 Private variable groups
   Cartoon2D
           Implements: cartoon2d
           0 Public, 0 Protected, 2 Private variable groups
   ConservativeToPrimitive
           Implements: ConservativeToPrimitive
           0 Public, 3 Protected, 0 Private variable groups
   Constants
           Implements: Constants
           0 Public, 0 Protected, 0 Private variable groups
   Convert_to_HydroBase
           Implements: Convert_to_HydroBase
           Inherits:  grid HydroBase ADMBase IllinoisGRMHD 
           0 Public, 0 Protected, 0 Private variable groups
   CookImporter
           Implements: CookImporter
           Inherits:  ADMBase HydroBase 
           0 Public, 0 Protected, 0 Private variable groups
   CoordBase
           Implements: CoordBase
           0 Public, 0 Protected, 0 Private variable groups
   CoordGauge
           Implements: CoordGauge
           2 Public, 0 Protected, 0 Private variable groups
   Coordinates
           Implements: Coordinates
           Inherits:  grid 
           11 Public, 0 Protected, 0 Private variable groups
   CoordinatesSymmetry
           Implements: CoordinatesSymmetry
           0 Public, 0 Protected, 0 Private variable groups
   CycleClock
           Implements: CycleClock
           0 Public, 0 Protected, 0 Private variable groups
   DemoInterp
           Implements: DemoInterp
           0 Public, 0 Protected, 10 Private variable groups
   Dissipation
           Implements: Dissipation
           Inherits:  grid SphericalSurface SpaceMask 
           0 Public, 0 Protected, 2 Private variable groups
   DistortedBHIVP
           Implements: distortedbhivp
           Inherits:  ADMBase grid StaticConformal 
           0 Public, 0 Protected, 3 Private variable groups
   EHFinder
           Implements: ehfinder
           Inherits:  grid admbase coordgauge staticconformal spacemask boundary 
           0 Public, 0 Protected, 55 Private variable groups
   EIDR
           Implements: EIDR
           0 Public, 0 Protected, 0 Private variable groups
   EOS_Base
           Implements: EOS_Base
           0 Public, 0 Protected, 0 Private variable groups
   EOS_Hybrid
           Implements: EOS_Hybrid
           Inherits:  HydroBase EOS_2d_Polytrope 
           0 Public, 0 Protected, 2 Private variable groups
   EOS_IdealFluid
           Implements: EOS_Ideal_Fluid
           Inherits:  EOS_Base 
           0 Public, 0 Protected, 0 Private variable groups
   EOS_Polytrope
           Implements: EOS_2d_Polytrope
           Inherits:  EOS_Base 
           0 Public, 0 Protected, 0 Private variable groups
   EinsteinExact_Test
           Implements: EinsteinExact_Test
           0 Public, 0 Protected, 0 Private variable groups
   EllBase
           Implements: ellbase
           0 Public, 0 Protected, 0 Private variable groups
   EllSOR
           Implements: ellsor
           Inherits:  ellbase boundary 
           0 Public, 0 Protected, 0 Private variable groups
   Elliptica_BHNS
           Implements: Elliptica_BHNS
           Inherits:  grid SummationByParts ADMBase HydroBase EOS_Omni EIDR 
           2 Public, 0 Protected, 3 Private variable groups
   Exact
           Implements: exact
           Inherits:  admbase grid coordgauge staticconformal 
           0 Public, 3 Protected, 4 Private variable groups
   Extract
           Implements: extract
           Inherits:  grid ADMBase staticconformal io 
           0 Public, 0 Protected, 2 Private variable groups
   FFTW3
           Implements: FFTW3
           0 Public, 0 Protected, 0 Private variable groups
   FleshInfo
           Implements: FleshInfo
           0 Public, 0 Protected, 0 Private variable groups
   Fortran
           Implements: Fortran
           0 Public, 0 Protected, 0 Private variable groups
   GSL
           Implements: GSL
           0 Public, 0 Protected, 0 Private variable groups
   GaugeWave
           Implements: GaugeWave
           Inherits:  admbase Boundary GenericFD Grid 
           7 Public, 0 Protected, 0 Private variable groups
   GenericFD
           Implements: GenericFD
           0 Public, 0 Protected, 3 Private variable groups
   GlobalDerivative
           Implements: GlobalDerivative
           Inherits:  grid SummationByParts Coordinates 
           0 Public, 0 Protected, 0 Private variable groups
   HDF5
           Implements: HDF5
           0 Public, 0 Protected, 0 Private variable groups
   HTTPD
           Implements: HTTPD
           Inherits:  Socket 
           0 Public, 0 Protected, 0 Private variable groups
   HTTPDExtra
           Implements: http_utils
           0 Public, 0 Protected, 0 Private variable groups
   HelloWorld
           Implements: helloworld
           0 Public, 0 Protected, 0 Private variable groups
   HighOrderWaveTest
           Implements: HighOrderWaveTest
           0 Public, 0 Protected, 0 Private variable groups
   HydroBase
           Implements: HydroBase
           Inherits:  InitBase 
           14 Public, 0 Protected, 0 Private variable groups
   Hydro_Analysis
           Implements: Hydro_Analysis
           Inherits:  Grid HydroBase ADMBase 
           10 Public, 0 Protected, 6 Private variable groups
   Hydro_InitExcision
           Implements: Hydro_InitExcision
           Inherits:  HydroBase Grid SpaceMask 
           0 Public, 0 Protected, 0 Private variable groups
   Hydro_RNSID
           Implements: hydro_rnsid
           Inherits:  ADMBase HydroBase 
           0 Public, 0 Protected, 0 Private variable groups
   IDAnalyticBH
           Implements: idanalyticbh
           Inherits:  ADMBase StaticConformal Grid 
           0 Public, 0 Protected, 0 Private variable groups
   IDAxiBrillBH
           Implements: idaxibrillbh
           Inherits:  ADMBase grid StaticConformal 
           0 Public, 0 Protected, 0 Private variable groups
   IDAxiOddBrillBH
           Implements: axiodd
           Inherits:  ADMBase grid StaticConformal 
           0 Public, 0 Protected, 3 Private variable groups
   IDBrillData
           Implements: IDBrillData
           Inherits:  grid ADMBase StaticConformal ellbase 
           0 Public, 0 Protected, 3 Private variable groups
   IDConstraintViolate
           Implements: idconstraintviolate
           Inherits:  admbase grid 
           0 Public, 0 Protected, 0 Private variable groups
   IDFileADM
           Implements: IDFileADM
           Inherits:  ADMBase StaticConformal IO 
           0 Public, 0 Protected, 0 Private variable groups
   IDLinearWaves
           Implements: idlinearwaves
           Inherits:  ADMBase StaticConformal Grid 
           0 Public, 0 Protected, 0 Private variable groups
   IDScalarWave
           Implements: idscalarwave
           Inherits:  wavetoy grid 
           0 Public, 0 Protected, 0 Private variable groups
   IDScalarWaveC
           Implements: idscalarwave
           Inherits:  wavetoy grid 
           0 Public, 0 Protected, 0 Private variable groups
   IDScalarWaveCXX
           Implements: idscalarwave
           Inherits:  wavetoy grid 
           0 Public, 0 Protected, 0 Private variable groups
   IDScalarWaveElliptic
           Implements: IDScalarWaveElliptic
           Inherits:  Grid WaveToy EllBase IDScalarWave 
           0 Public, 0 Protected, 3 Private variable groups
   IDWaveMoL
           Implements: idwavemol
           Inherits:  wavemol grid 
           0 Public, 0 Protected, 0 Private variable groups
   ID_NrotStar
           Implements: ID_NrotStar
           Inherits:  grid ADMBase HydroBase 
           0 Public, 0 Protected, 0 Private variable groups
   ID_converter_ILGRMHD
           Implements: ID_converter_ILGRMHD
           Inherits:  ADMBase Boundary SpaceMask Tmunubase HydroBase grid IllinoisGRMHD 
           Friend of: ConservativeToPrimitive 
           0 Public, 0 Protected, 0 Private variable groups
   IOASCII
           Implements: IOASCII
           0 Public, 0 Protected, 0 Private variable groups
   IOBasic
           Implements: IOBasic
           Inherits:  IO 
           0 Public, 0 Protected, 3 Private variable groups
   IOHDF5
           Implements: IOHDF5
           0 Public, 0 Protected, 0 Private variable groups
   IOHDF5Util
           Implements: IOHDF5Util
           Inherits:  IO 
           0 Public, 0 Protected, 0 Private variable groups
   IOUtil
           Implements: IO
           0 Public, 0 Protected, 0 Private variable groups
   IllinoisGRMHD
           Implements: IllinoisGRMHD
           Inherits:  ADMBase Boundary SpaceMask Tmunubase HydroBase grid 
           Friend of: ConservativeToPrimitive 
           13 Public, 3 Protected, 11 Private variable groups
   InitBase
           Implements: InitBase
           0 Public, 0 Protected, 0 Private variable groups
   InterpToArray
           Implements: InterpToArray
           8 Public, 0 Protected, 0 Private variable groups
   Interpolate2
           Implements: Interpolate
           Inherits:  Coordinates grid 
           2 Public, 0 Protected, 2 Private variable groups
   KerrSchild
           Implements: KerrSchild
           Inherits:  admbase Boundary GenericFD Grid 
           7 Public, 0 Protected, 0 Private variable groups
   LORENE2
           Implements: LORENE
           0 Public, 0 Protected, 0 Private variable groups
   LapseFinder
           Implements: LapseFinder
           Inherits:  Grid ADMBase 
           3 Public, 0 Protected, 0 Private variable groups
   LeanBSSNMoL
           Implements: LeanBSSNMoL
           Inherits:  ADMBase TmunuBase Boundary CoordGauge 
           15 Public, 0 Protected, 0 Private variable groups
   LlamaWaveToy
           Implements: LlamaWaveToy
           Inherits:  grid Coordinates GlobalDerivative SummationByParts Interpolate 
           0 Public, 0 Protected, 23 Private variable groups
   LocalInterp
           Implements: LocalInterp
           0 Public, 0 Protected, 0 Private variable groups
   LocalInterp2
           Implements: LocalInterp
           0 Public, 0 Protected, 0 Private variable groups
   LocalReduce
           Implements: LocalReduce
           0 Public, 0 Protected, 0 Private variable groups
   LoopControl
           Implements: LoopControl
           Inherits:  CycleClock 
           0 Public, 0 Protected, 0 Private variable groups
   ML_ADMConstraints
           Implements: ML_ADMConstraints
           Inherits:  ADMBase Boundary GenericFD Grid TmunuBase 
           3 Public, 0 Protected, 0 Private variable groups
   ML_ADMQuantities
           Implements: ML_ADMQuantities
           Inherits:  ADMBase Boundary GenericFD Grid ML_BSSN TmunuBase 
           3 Public, 0 Protected, 0 Private variable groups
   ML_BSSN
           Implements: ML_BSSN
           Inherits:  ADMBase Boundary GenericFD Grid TmunuBase 
           24 Public, 0 Protected, 0 Private variable groups
   ML_BSSN_Helper
           Implements: ML_BSSN_Helper
           Inherits:  ADMBase CoordGauge ML_BSSN 
           0 Public, 0 Protected, 0 Private variable groups
   ML_BSSN_Test
           Implements: ML_BSSN_Test
           0 Public, 0 Protected, 0 Private variable groups
   ML_CCZ4
           Implements: ML_CCZ4
           Inherits:  ADMBase Boundary GenericFD Grid TmunuBase 
           26 Public, 0 Protected, 0 Private variable groups
   ML_CCZ4_Helper
           Implements: ML_CCZ4_Helper
           Inherits:  ADMBase CoordGauge ML_CCZ4 
           0 Public, 0 Protected, 0 Private variable groups
   ML_CCZ4_Test
           Implements: ML_BSSN_Test
           0 Public, 0 Protected, 0 Private variable groups
   ML_WaveToy
           Implements: ML_WaveToy
           Inherits:  Boundary GenericFD Grid 
           6 Public, 0 Protected, 0 Private variable groups
   ML_WaveToy_Test
           Implements: ML_WaveToy_Test
           0 Public, 0 Protected, 0 Private variable groups
   MPI
           Implements: MPI
           0 Public, 0 Protected, 0 Private variable groups
   MemSpeed
           Implements: MemSpeed
           0 Public, 0 Protected, 0 Private variable groups
   Meudon_Bin_BH
           Implements: ID_Bin_BH
           Inherits:  grid SummationByParts ADMBase 
           0 Public, 0 Protected, 0 Private variable groups
   Meudon_Bin_NS
           Implements: Meudon_Bin_NS
           Inherits:  grid SummationByParts ADMBase HydroBase 
           2 Public, 0 Protected, 0 Private variable groups
   Meudon_Mag_NS
           Implements: ID_Mag_NS
           Inherits:  grid ADMBase HydroBase 
           0 Public, 0 Protected, 0 Private variable groups
   Minkowski
           Implements: Minkowski
           Inherits:  admbase Boundary GenericFD Grid 
           7 Public, 0 Protected, 0 Private variable groups
   MoL
           Implements: MethodOfLines
           0 Public, 0 Protected, 10 Private variable groups
   ModifiedSchwarzschildBL
           Implements: ModifiedSchwarzschildBL
           Inherits:  admbase Boundary GenericFD Grid 
           7 Public, 0 Protected, 0 Private variable groups
   Multipole
           Implements: multipole
           Inherits:  Grid 
           6 Public, 0 Protected, 0 Private variable groups
   NPScalars
           Implements: NPScalars
           Inherits:  ADMBase 
           0 Public, 0 Protected, 3 Private variable groups
   NPScalars_Proca
           Implements: NPScalars_Proca
           Inherits:  ADMBase ProcaBase 
           0 Public, 0 Protected, 9 Private variable groups
   NaNCatcher
           Implements: NaNCatcher
           0 Public, 0 Protected, 0 Private variable groups
   NaNChecker
           Implements: NaNChecker
           Inherits:  Reduce 
           0 Public, 0 Protected, 4 Private variable groups
   NewRad
           Implements: NewRad
           0 Public, 0 Protected, 0 Private variable groups
   Nice
           Implements: nice
           0 Public, 0 Protected, 0 Private variable groups
   NoExcision
           Implements: NoExcision
           Inherits:  ADMBase StaticConformal grid SphericalSurface Boundary 
           0 Public, 0 Protected, 17 Private variable groups
   NoMPI
           Implements: NoMPI
           0 Public, 0 Protected, 0 Private variable groups
   Noise
           Implements: Noise
           Inherits:  grid 
           0 Public, 0 Protected, 0 Private variable groups
   Norms
           Implements: Norms
           0 Public, 0 Protected, 7 Private variable groups
   NullConstr
           Implements: NullConstr
           Inherits:  NullGrid NullVars NullInterp 
           10 Public, 0 Protected, 0 Private variable groups
   NullDecomp
           Implements: NullDecomp
           Inherits:  NullGrid 
           0 Public, 0 Protected, 3 Private variable groups
   NullEvolve
           Implements: NullEvolve
           Inherits:  NullInterp NullGrid NullVars Time 
           Friend of: NullSHRExtract 
           0 Public, 0 Protected, 8 Private variable groups
   NullExact
           Implements: NullExact
           Inherits:  NullVars NullGrid NullNews NullConstr NullInterp NullEvolve 
           Friend of: NullSHRExtract 
           0 Public, 0 Protected, 38 Private variable groups
   NullGrid
           Implements: NullGrid
           11 Public, 0 Protected, 0 Private variable groups
   NullInterp
           Implements: NullInterp
           Inherits:  NullGrid 
           5 Public, 0 Protected, 2 Private variable groups
   NullNews
           Implements: NullNews
           Inherits:  NullGrid NullVars NullInterp 
           19 Public, 0 Protected, 8 Private variable groups
   NullPsiInt
           Implements: NullPsiInt
           Inherits:  NullVars NullGrid NullNews NullInterp NullEvolve 
           4 Public, 0 Protected, 5 Private variable groups
   NullSHRExtract
           Implements: NullSHRExtract
           Inherits:  NullInterp NullGrid NullVars 
           9 Public, 21 Protected, 28 Private variable groups
   NullVars
           Implements: NullVars
           5 Public, 0 Protected, 0 Private variable groups
   OpenBLAS
           Implements: OpenBLAS
           0 Public, 0 Protected, 0 Private variable groups
   OpenSSL
           Implements: OpenSSL
           0 Public, 0 Protected, 0 Private variable groups
   Outflow
           Implements: outflow
           Inherits:  ADMBase HydroBase SphericalSurface 
           0 Public, 0 Protected, 6 Private variable groups
   PUGH
           Implements: Driver
           0 Public, 0 Protected, 0 Private variable groups
   PUGHInterp
           Implements: Interp
           0 Public, 0 Protected, 0 Private variable groups
   PUGHReduce
           Implements: Reduce
           0 Public, 0 Protected, 0 Private variable groups
   PUGHSlab
           Implements: Hyperslab
           0 Public, 0 Protected, 0 Private variable groups
   Periodic
           Implements: Periodic
           0 Public, 0 Protected, 0 Private variable groups
   PeriodicCarpet
           Implements: PeriodicCarpet
           Inherits:  grid 
           0 Public, 0 Protected, 0 Private variable groups
   Poisson
           Implements: Poisson
           Inherits:  boundary grid 
           0 Public, 0 Protected, 3 Private variable groups
   ProcaBase
           Implements: ProcaBase
           5 Public, 0 Protected, 0 Private variable groups
   ProcaEvolve
           Implements: ProcaEvolve
           Inherits:  ADMBase Tmunubase ProcaBase Boundary 
           8 Public, 0 Protected, 0 Private variable groups
   Proca_simpleID
           Implements: Proca_simpleID
           Inherits:  ADMBase grid ProcaBase 
           0 Public, 0 Protected, 0 Private variable groups
   PunctureTracker
           Implements: PunctureTracker
           Inherits:  ADMBase CarpetRegrid2 SphericalSurface 
           0 Public, 0 Protected, 4 Private variable groups
   QuasiLocalMeasures
           Implements: QuasiLocalMeasures
           Inherits:  ADMBase SphericalSurface TmunuBase 
           0 Public, 0 Protected, 24 Private variable groups
   ReadInterpolate
           Implements: ReadInterpolate
           Inherits:  grid 
           0 Public, 0 Protected, 6 Private variable groups
   Recovery_Util
           Implements: Recovery_Util
           2 Public, 0 Protected, 0 Private variable groups
   ReflectionSymmetry
           Implements: ReflectionSymmetry
           0 Public, 0 Protected, 0 Private variable groups
   RegridSyncTest
           Implements: RegridSyncTest
           0 Public, 0 Protected, 2 Private variable groups
   RhoBFinder
           Implements: RhoBFinder
           Inherits:  Grid IllinoisGRMHD 
           3 Public, 0 Protected, 0 Private variable groups
   RotatingDBHIVP
           Implements: rotatingdbhivp
           Inherits:  ADMBase grid StaticConformal 
           0 Public, 0 Protected, 3 Private variable groups
   RotatingSymmetry180
           Implements: RotatingSymmetry180
           0 Public, 0 Protected, 0 Private variable groups
   RotatingSymmetry90
           Implements: RotatingSymmetry90
           0 Public, 0 Protected, 0 Private variable groups
   SampleBoundary
           Implements: LinExtrapBnd
           0 Public, 0 Protected, 0 Private variable groups
   SampleIO
           Implements: SampleIO
           Inherits:  IO 
           0 Public, 0 Protected, 0 Private variable groups
   Seed_Magnetic_Fields
           Implements: seed_magnetic_fields
           Inherits:  grid ADMBase HydroBase 
           0 Public, 0 Protected, 0 Private variable groups
   Seed_Magnetic_Fields_BNS
           Implements: Seed_Magnetic_Fields_Privt
           Inherits:  grid ADMBase HydroBase 
           0 Public, 0 Protected, 0 Private variable groups
   SetMask_SphericalSurface
           Implements: SetMask_SphericalSurface
           Inherits:  HydroBase SphericalSurface 
           0 Public, 0 Protected, 0 Private variable groups
   ShiftedGaugeWave
           Implements: ShiftedGaugeWave
           Inherits:  admbase Boundary GenericFD Grid 
           7 Public, 0 Protected, 0 Private variable groups
   Slab
           Implements: Slab
           0 Public, 0 Protected, 0 Private variable groups
   SlabTest
           Implements: SlabTest
           Inherits:  Slab 
           0 Public, 0 Protected, 7 Private variable groups
   Socket
           Implements: Socket
           0 Public, 0 Protected, 0 Private variable groups
   SpaceMask
           Implements: SpaceMask
           Inherits:  grid 
           3 Public, 0 Protected, 0 Private variable groups
   SphericalHarmonicDecomp
           Implements: SphericalHarmonicDecomp
           0 Public, 0 Protected, 0 Private variable groups
   SphericalHarmonicRecon
           Implements: SphericalHarmonicRecon
           0 Public, 0 Protected, 0 Private variable groups
   SphericalHarmonicReconGen
           Implements: SphericalHarmonicReconGen
           0 Public, 0 Protected, 0 Private variable groups
   SphericalSurface
           Implements: SphericalSurface
           Inherits:  grid 
           10 Public, 0 Protected, 2 Private variable groups
   Spritz
           Implements: Spritz
           Inherits:  ADMBase StaticConformal Boundary ADMMacros TmunuBase HydroBase Recovery_Util 
           Friend of: ADMCoupling 
           31 Public, 35 Protected, 15 Private variable groups
   Spritz_InitData
           Implements: Spritz_initdata
           Inherits:  Spritz grid EOS_Omni 
           Friend of: Spritz 
           0 Public, 7 Protected, 5 Private variable groups
   Spritz_SetBeta
           Implements: Spritz_SetBeta
           Inherits:  grid ADMBase HydroBase Spritz 
           0 Public, 0 Protected, 0 Private variable groups
   StaticConformal
           Implements: StaticConformal
           Inherits:  grid 
           5 Public, 0 Protected, 0 Private variable groups
   SummationByParts
           Implements: SummationByParts
           3 Public, 0 Protected, 0 Private variable groups
   SymBase
           Implements: SymBase
           0 Public, 0 Protected, 0 Private variable groups
   SystemStatistics
           Implements: SystemStatistics
           0 Public, 0 Protected, 4 Private variable groups
   SystemTopology
           Implements: SystemTopology
           0 Public, 0 Protected, 0 Private variable groups
   TATelliptic
           Implements: TATelliptic
           0 Public, 0 Protected, 0 Private variable groups
   TGRtensor
           Implements: TGRtensor
           0 Public, 0 Protected, 0 Private variable groups
   TOVSolver
           Implements: TOVSolver
           Inherits:  ADMBase HydroBase Constants StaticConformal 
           0 Public, 0 Protected, 0 Private variable groups
   TensorTypes
           Implements: TensorTypes
           0 Public, 0 Protected, 0 Private variable groups
   TerminationTrigger
           Implements: TerminationTrigger
           0 Public, 0 Protected, 3 Private variable groups
   TestArrays
           Implements: Arrays
           0 Public, 0 Protected, 36 Private variable groups
   TestCarpetGridInfo
           Implements: TestCarpetGridInfo
           0 Public, 0 Protected, 0 Private variable groups
   TestComplex
           Implements: testcomplex
           0 Public, 0 Protected, 7 Private variable groups
   TestCoordinates
           Implements: testgrid
           0 Public, 0 Protected, 3 Private variable groups
   TestFortranCrayPointers
           Implements: TestFortranCrayPointers
           0 Public, 0 Protected, 4 Private variable groups
   TestFortranDependencies1
           Implements: TestFortranDependencies1
           0 Public, 0 Protected, 0 Private variable groups
   TestFortranDependencies2
           Implements: TestFortranDependencies2
           0 Public, 0 Protected, 0 Private variable groups
   TestFpointerNULL
           Implements: TestFpointerNULL
           0 Public, 0 Protected, 3 Private variable groups
   TestFreeF90
           Implements: TestFreeF90
           0 Public, 0 Protected, 0 Private variable groups
   TestGlobalReduce
           Implements: testglobalreduce
           Inherits:  grid 
           11 Public, 0 Protected, 0 Private variable groups
   TestInclude1
           Implements: include1
           0 Public, 0 Protected, 0 Private variable groups
   TestInclude2
           Implements: include2
           0 Public, 0 Protected, 0 Private variable groups
   TestLocalInterp2
           Implements: TestLocalInterp2
           Inherits:  Grid 
           0 Public, 0 Protected, 4 Private variable groups
   TestLocalReduce
           Implements: TestLocalReduce
           3 Public, 0 Protected, 0 Private variable groups
   TestLoop
           Implements: TestLoop
           Inherits:  grid 
           0 Public, 0 Protected, 4 Private variable groups
   TestLoopControl
           Implements: TestLoopControl
           Inherits:  grid 
           0 Public, 0 Protected, 4 Private variable groups
   TestMath
           Implements: TestMath
           0 Public, 0 Protected, 0 Private variable groups
   TestMoL
           Implements: TestMoL
           Inherits:  MethodOfLines 
           0 Public, 0 Protected, 17 Private variable groups
   TestPar
           Implements: TestPar
           0 Public, 0 Protected, 0 Private variable groups
   TestReadWrite
           Implements: TestReadWriteImp
           Inherits:  grid 
           5 Public, 6 Protected, 3 Private variable groups
   TestReduce
           Implements: testreduce
           0 Public, 0 Protected, 9 Private variable groups
   TestSchedule
           Implements: TestSchedule
           0 Public, 0 Protected, 0 Private variable groups
   TestStrings
           Implements: teststrings
           0 Public, 0 Protected, 0 Private variable groups
   TestTable
           Implements: TestTable
           0 Public, 0 Protected, 0 Private variable groups
   TestTimers
           Implements: testtimers
           0 Public, 0 Protected, 0 Private variable groups
   TestTypes
           Implements: TestTypes
           0 Public, 0 Protected, 12 Private variable groups
   Time
           Implements: time
           2 Public, 0 Protected, 2 Private variable groups
   TimerInfo
           Implements: timerinfo
           0 Public, 0 Protected, 0 Private variable groups
   TimerReport
           Implements: timerreport
           0 Public, 0 Protected, 0 Private variable groups
   Timers
           Implements: Timers
           0 Public, 0 Protected, 0 Private variable groups
   TmunuBase
           Implements: TmunuBase
           Inherits:  ADMBase StaticConformal 
           5 Public, 0 Protected, 0 Private variable groups
   Trigger
           Implements: trigger
           Inherits:  IO 
           0 Public, 0 Protected, 2 Private variable groups
   TwoPunctures
           Implements: TwoPunctures
           Inherits:  ADMBase StaticConformal grid 
           3 Public, 0 Protected, 4 Private variable groups
   TwoPunctures_KerrProca
           Implements: TwoPunctures_KerrProca
           Inherits:  ADMBase StaticConformal grid ProcaBase 
           3 Public, 0 Protected, 4 Private variable groups
   UA_EOS_Omni
           Implements: EOS_Omni
           0 Public, 0 Protected, 0 Private variable groups
   Vaidya2
           Implements: Vaidya2
           Inherits:  admbase Boundary GenericFD Grid 
           7 Public, 0 Protected, 0 Private variable groups
   Vectors
           Implements: Vectors
           0 Public, 0 Protected, 2 Private variable groups
   VolumeIntegrals_GRMHD
           Implements: VolumeIntegrals_GRMHD
           Inherits:  grid ADMBase CarpetRegrid2 HydroBase ADMBase 
           0 Public, 0 Protected, 6 Private variable groups
   VolumeIntegrals_vacuum
           Implements: VolumeIntegrals_vacuum
           Inherits:  grid ADMBase CarpetRegrid2 
           3 Public, 0 Protected, 4 Private variable groups
   WatchDog
           Implements: WatchDog
           0 Public, 0 Protected, 0 Private variable groups
   WaveBinarySource
           Implements: binarysource
           Inherits:  wavetoy grid 
           0 Public, 0 Protected, 0 Private variable groups
   WaveExtractL
           Implements: WaveExtractL
           Inherits:  grid admbase staticconformal io sphericalsurface 
           0 Public, 0 Protected, 17 Private variable groups
   WaveMoL
           Implements: wavemol
           6 Public, 0 Protected, 0 Private variable groups
   WaveToy1DF77
           Implements: wavetoy1d
           Inherits:  boundary 
           0 Public, 0 Protected, 5 Private variable groups
   WaveToy2DF77
           Implements: wavetoy2d
           Inherits:  boundary 
           0 Public, 0 Protected, 5 Private variable groups
   WaveToyC
           Implements: wavetoy
           Inherits:  grid 
           2 Public, 0 Protected, 0 Private variable groups
   WaveToyCXX
           Implements: wavetoy
           Inherits:  grid 
           2 Public, 0 Protected, 0 Private variable groups
   WaveToyExtra
           Implements: wavetoyextra
           Inherits:  wavetoy 
           0 Public, 0 Protected, 0 Private variable groups
   WaveToyF77
           Implements: wavetoy
           Inherits:  grid 
           2 Public, 0 Protected, 0 Private variable groups
   WaveToyF90
           Implements: wavetoy
           Inherits:  grid 
           2 Public, 0 Protected, 0 Private variable groups
   WaveToyFreeF90
           Implements: wavetoy
           Inherits:  grid 
           2 Public, 0 Protected, 0 Private variable groups
   WeylScal4
           Implements: WeylScal4
           Inherits:  admbase Boundary GenericFD Grid methodoflines 
           19 Public, 0 Protected, 0 Private variable groups
   ZelmaniLeak
           Implements: ZelmaniLeak
           Inherits:  HydroBase ADMBase TmunuBase Spritz 
           Friend of: Spritz 
           2 Public, 0 Protected, 16 Private variable groups
   hwloc
           Implements: hwloc
           0 Public, 0 Protected, 0 Private variable groups
   libjpeg
           Implements: libjpeg
           0 Public, 0 Protected, 0 Private variable groups
   particle_tracerET
           Implements: particle_tracerET
           Inherits:  grid HydroBase ADMBase 
           0 Public, 0 Protected, 4 Private variable groups
   pthreads
           Implements: PTHREADS
           0 Public, 0 Protected, 0 Private variable groups
   smallbPoynET
           Implements: smallbPoynET
           Inherits:  grid HydroBase ADMBase 
           0 Public, 0 Protected, 2 Private variable groups
   zlib
           Implements: zlib
           0 Public, 0 Protected, 0 Private variable groups
Parsing parameter files...
   ADMAnalysis
           Shares: ADMBASE
          0 Global, 0 Restricted, 4 Private parameters
   ADMBase
          0 Global, 18 Restricted, 0 Private parameters
   ADMCoupling
          0 Global, 0 Restricted, 0 Private parameters
   ADMDerivatives
          0 Global, 0 Restricted, 6 Private parameters
   ADMMacros
          0 Global, 1 Restricted, 0 Private parameters
   ADMMass
          0 Global, 0 Restricted, 17 Private parameters
   AEILocalInterp
          0 Global, 0 Restricted, 1 Private parameters
   AHFinder
           Shares: ADMBASE ADMMACROS GRID IO SPACEMASK
          0 Global, 2 Restricted, 87 Private parameters
   AHFinderDirect
           Shares: ADMBASE GRID IO SPACEMASK SPHERICALSURFACE
          0 Global, 0 Restricted, 154 Private parameters
   Boundary
           Shares: CACTUS
          0 Global, 8 Restricted, 0 Private parameters
   CT_Analytic
           Shares: GENERICFD METHODOFLINES
          0 Global, 67 Restricted, 1 Private parameters
   CT_MultiLevel
           Shares: ADMBASE
          0 Global, 0 Restricted, 66 Private parameters
   Cactus
          0 Global, 7 Restricted, 13 Private parameters
   CalcK
           Shares: ADMBASE
          0 Global, 0 Restricted, 6 Private parameters
   Carpet
           Shares: CACTUS CARPETLIB INITBASE IO
          0 Global, 4 Restricted, 94 Private parameters
   CarpetEvolutionMask
          0 Global, 0 Restricted, 6 Private parameters
   CarpetIOASCII
           Shares: CACTUS IO
          0 Global, 0 Restricted, 63 Private parameters
   CarpetIOBasic
           Shares: CACTUS IO
          0 Global, 0 Restricted, 15 Private parameters
   CarpetIOHDF5
           Shares: CACTUS IO
          0 Global, 0 Restricted, 77 Private parameters
   CarpetIOScalar
           Shares: CACTUS IO
          0 Global, 0 Restricted, 9 Private parameters
   CarpetIntegrateTest
          0 Global, 0 Restricted, 2 Private parameters
   CarpetInterp
          0 Global, 0 Restricted, 5 Private parameters
   CarpetInterp2
          0 Global, 0 Restricted, 3 Private parameters
   CarpetLib
           Shares: IO
          0 Global, 5 Restricted, 31 Private parameters
   CarpetMask
           Shares: SPHERICALSURFACE
          0 Global, 0 Restricted, 8 Private parameters
   CarpetProlongateTest
          0 Global, 0 Restricted, 16 Private parameters
   CarpetReduce
          0 Global, 0 Restricted, 3 Private parameters
   CarpetRegrid
          0 Global, 5 Restricted, 65 Private parameters
   CarpetRegrid2
          0 Global, 0 Restricted, 135 Private parameters
   CarpetRegridTest
          0 Global, 0 Restricted, 3 Private parameters
   CarpetSlab
          0 Global, 0 Restricted, 0 Private parameters
   CarpetTracker
           Shares: SPHERICALSURFACE
          0 Global, 0 Restricted, 3 Private parameters
   CartGrid3D
           Shares: DRIVER
          0 Global, 23 Restricted, 10 Private parameters
   Cartoon2D
          0 Global, 0 Restricted, 12 Private parameters
   ConservativeToPrimitive
          0 Global, 0 Restricted, 23 Private parameters
   Constants
          0 Global, 0 Restricted, 0 Private parameters
   Convert_to_HydroBase
           Shares: ADMBASE HYDROBASE ILLINOISGRMHD
          0 Global, 0 Restricted, 1 Private parameters
   CookImporter
           Shares: ADMBASE HYDROBASE
          0 Global, 0 Restricted, 12 Private parameters
   CoordBase
          0 Global, 0 Restricted, 44 Private parameters
   CoordGauge
           Shares: ADMBASE
          0 Global, 2 Restricted, 1 Private parameters
   Coordinates
          0 Global, 1 Restricted, 71 Private parameters
   CoordinatesSymmetry
          0 Global, 0 Restricted, 6 Private parameters
   CycleClock
          0 Global, 0 Restricted, 1 Private parameters
   DemoInterp
          0 Global, 0 Restricted, 3 Private parameters
   Dissipation
           Shares: SPACEMASK
          0 Global, 18 Restricted, 0 Private parameters
   DistortedBHIVP
           Shares: ADMBASE STATICCONFORMAL
          0 Global, 0 Restricted, 11 Private parameters
   EHFinder
           Shares: ADMBASE GRID METHODOFLINES SPACEMASK
          0 Global, 3 Restricted, 56 Private parameters
   EIDR
          0 Global, 0 Restricted, 0 Private parameters
   EOS_Base
          0 Global, 0 Restricted, 0 Private parameters
   EOS_Hybrid
           Shares: EOS_2D_POLYTROPE
          0 Global, 3 Restricted, 0 Private parameters
   EOS_IdealFluid
          0 Global, 1 Restricted, 0 Private parameters
   EOS_Polytrope
          0 Global, 4 Restricted, 0 Private parameters
   EinsteinExact_Test
          0 Global, 0 Restricted, 0 Private parameters
   EllBase
          0 Global, 1 Restricted, 0 Private parameters
   EllSOR
           Shares: ELLBASE
          0 Global, 0 Restricted, 0 Private parameters
   Elliptica_BHNS
           Shares: ADMBASE HYDROBASE IO
          0 Global, 0 Restricted, 5 Private parameters
   Exact
           Shares: ADMBASE STATICCONFORMAL
          0 Global, 93 Restricted, 19 Private parameters
   Extract
           Shares: ADMBASE GRID IO
          0 Global, 0 Restricted, 30 Private parameters
   FFTW3
          0 Global, 0 Restricted, 0 Private parameters
   FleshInfo
          0 Global, 0 Restricted, 0 Private parameters
   Fortran
          0 Global, 0 Restricted, 1 Private parameters
   GSL
          0 Global, 0 Restricted, 0 Private parameters
   GaugeWave
           Shares: ADMBASE GENERICFD METHODOFLINES
          0 Global, 29 Restricted, 1 Private parameters
   GenericFD
          0 Global, 13 Restricted, 0 Private parameters
   GlobalDerivative
           Shares: SUMMATIONBYPARTS
          0 Global, 5 Restricted, 0 Private parameters
   HDF5
          0 Global, 0 Restricted, 0 Private parameters
   HTTPD
           Shares: CACTUS
          0 Global, 0 Restricted, 22 Private parameters
   HTTPDExtra
          0 Global, 0 Restricted, 1 Private parameters
   HelloWorld
          0 Global, 0 Restricted, 0 Private parameters
   HighOrderWaveTest
          0 Global, 0 Restricted, 0 Private parameters
   HydroBase
           Shares: INITBASE IO
          0 Global, 17 Restricted, 0 Private parameters
   Hydro_Analysis
           Shares: HYDROBASE
          0 Global, 4 Restricted, 15 Private parameters
   Hydro_InitExcision
           Shares: GRID
          0 Global, 11 Restricted, 0 Private parameters
   Hydro_RNSID
           Shares: ADMBASE HYDROBASE
          0 Global, 0 Restricted, 17 Private parameters
   IDAnalyticBH
           Shares: ADMBASE STATICCONFORMAL
          0 Global, 0 Restricted, 23 Private parameters
   IDAxiBrillBH
           Shares: ADMBASE
          0 Global, 0 Restricted, 20 Private parameters
   IDAxiOddBrillBH
           Shares: ADMBASE STATICCONFORMAL
          0 Global, 0 Restricted, 17 Private parameters
   IDBrillData
           Shares: ADMBASE STATICCONFORMAL
          0 Global, 0 Restricted, 31 Private parameters
   IDConstraintViolate
           Shares: ADMBASE
          0 Global, 0 Restricted, 3 Private parameters
   IDFileADM
           Shares: ADMBASE IO STATICCONFORMAL
          0 Global, 0 Restricted, 0 Private parameters
   IDLinearWaves
           Shares: ADMBASE STATICCONFORMAL
          0 Global, 0 Restricted, 11 Private parameters
   IDScalarWave
           Shares: GRID
          0 Global, 1 Restricted, 6 Private parameters
   IDScalarWaveC
           Shares: GRID
          0 Global, 1 Restricted, 6 Private parameters
   IDScalarWaveCXX
           Shares: GRID
          0 Global, 1 Restricted, 6 Private parameters
   IDScalarWaveElliptic
           Shares: IDSCALARWAVE
          0 Global, 0 Restricted, 5 Private parameters
   IDWaveMoL
          0 Global, 1 Restricted, 17 Private parameters
   ID_NrotStar
           Shares: ADMBASE HYDROBASE
          0 Global, 0 Restricted, 3 Private parameters
   ID_converter_ILGRMHD
           Shares: ILLINOISGRMHD
          0 Global, 0 Restricted, 11 Private parameters
   IOASCII
           Shares: IO
          0 Global, 0 Restricted, 35 Private parameters
   IOBasic
           Shares: IO
          0 Global, 0 Restricted, 13 Private parameters
   IOHDF5
           Shares: IO
          0 Global, 0 Restricted, 5 Private parameters
   IOHDF5Util
           Shares: IO
          0 Global, 0 Restricted, 1 Private parameters
   IOUtil
          0 Global, 59 Restricted, 2 Private parameters
   IllinoisGRMHD
           Shares: ADMBASE
          0 Global, 17 Restricted, 1 Private parameters
   InitBase
          0 Global, 1 Restricted, 0 Private parameters
   InterpToArray
          0 Global, 93 Restricted, 0 Private parameters
   Interpolate2
          0 Global, 0 Restricted, 11 Private parameters
   KerrSchild
           Shares: ADMBASE GENERICFD METHODOFLINES
          0 Global, 29 Restricted, 1 Private parameters
   LORENE2
          0 Global, 0 Restricted, 0 Private parameters
   LapseFinder
          0 Global, 0 Restricted, 5 Private parameters
   LeanBSSNMoL
           Shares: ADMBASE METHODOFLINES
          0 Global, 3 Restricted, 32 Private parameters
   LlamaWaveToy
           Shares: COORDINATES METHODOFLINES
          0 Global, 0 Restricted, 35 Private parameters
   LocalInterp
          0 Global, 0 Restricted, 0 Private parameters
   LocalInterp2
          0 Global, 0 Restricted, 0 Private parameters
   LocalReduce
          0 Global, 0 Restricted, 0 Private parameters
   LoopControl
           Shares: IO
          0 Global, 0 Restricted, 20 Private parameters
   ML_ADMConstraints
           Shares: GENERICFD METHODOFLINES
          0 Global, 9 Restricted, 0 Private parameters
   ML_ADMQuantities
           Shares: GENERICFD METHODOFLINES
          0 Global, 10 Restricted, 0 Private parameters
   ML_BSSN
           Shares: ADMBASE GENERICFD METHODOFLINES
          0 Global, 71 Restricted, 137 Private parameters
   ML_BSSN_Helper
           Shares: ADMBASE BOUNDARY GENERICFD METHODOFLINES ML_BSSN
          0 Global, 0 Restricted, 1 Private parameters
   ML_BSSN_Test
          0 Global, 0 Restricted, 0 Private parameters
   ML_CCZ4
           Shares: ADMBASE GENERICFD METHODOFLINES
          0 Global, 74 Restricted, 145 Private parameters
   ML_CCZ4_Helper
           Shares: ADMBASE BOUNDARY GENERICFD METHODOFLINES ML_CCZ4
          0 Global, 0 Restricted, 1 Private parameters
   ML_CCZ4_Test
          0 Global, 0 Restricted, 0 Private parameters
   ML_WaveToy
           Shares: GENERICFD METHODOFLINES
          0 Global, 21 Restricted, 17 Private parameters
   ML_WaveToy_Test
          0 Global, 0 Restricted, 0 Private parameters
   MPI
          0 Global, 0 Restricted, 0 Private parameters
   MemSpeed
          0 Global, 0 Restricted, 2 Private parameters
   Meudon_Bin_BH
           Shares: ADMBASE
          0 Global, 0 Restricted, 1 Private parameters
   Meudon_Bin_NS
           Shares: ADMBASE HYDROBASE
          0 Global, 0 Restricted, 7 Private parameters
   Meudon_Mag_NS
           Shares: ADMBASE HYDROBASE
          0 Global, 0 Restricted, 1 Private parameters
   Minkowski
           Shares: ADMBASE GENERICFD METHODOFLINES
          0 Global, 27 Restricted, 1 Private parameters
   MoL
           Shares: CACTUS
          0 Global, 9 Restricted, 26 Private parameters
   ModifiedSchwarzschildBL
           Shares: ADMBASE GENERICFD METHODOFLINES
          0 Global, 29 Restricted, 1 Private parameters
   Multipole
           Shares: IO
          0 Global, 26 Restricted, 0 Private parameters
   NPScalars
          0 Global, 0 Restricted, 2 Private parameters
   NPScalars_Proca
           Shares: PROCABASE
          0 Global, 0 Restricted, 1 Private parameters
   NaNCatcher
          0 Global, 0 Restricted, 0 Private parameters
   NaNChecker
          0 Global, 0 Restricted, 11 Private parameters
   NewRad
          0 Global, 0 Restricted, 1 Private parameters
   Nice
          0 Global, 0 Restricted, 1 Private parameters
   NoExcision
          0 Global, 0 Restricted, 27 Private parameters
   NoMPI
          0 Global, 0 Restricted, 0 Private parameters
   Noise
          0 Global, 0 Restricted, 7 Private parameters
   Norms
          0 Global, 0 Restricted, 4 Private parameters
   NullConstr
           Shares: NULLEVOLVE NULLGRID
          0 Global, 1 Restricted, 0 Private parameters
   NullDecomp
           Shares: IO NULLGRID
          0 Global, 1 Restricted, 2 Private parameters
   NullEvolve
           Shares: CACTUS NULLGRID NULLINTERP TIME
          0 Global, 15 Restricted, 31 Private parameters
   NullExact
           Shares: METHODOFLINES NULLEVOLVE NULLGRID NULLNEWS
          0 Global, 4 Restricted, 14 Private parameters
   NullGrid
          0 Global, 8 Restricted, 0 Private parameters
   NullInterp
           Shares: NULLGRID
          0 Global, 3 Restricted, 7 Private parameters
   NullNews
           Shares: CACTUS NULLGRID
          0 Global, 1 Restricted, 21 Private parameters
   NullPsiInt
           Shares: METHODOFLINES NULLGRID
          0 Global, 2 Restricted, 1 Private parameters
   NullSHRExtract
           Shares: CACTUS NULLEVOLVE NULLGRID
          0 Global, 4 Restricted, 14 Private parameters
   NullVars
           Shares: NULLGRID
          0 Global, 0 Restricted, 0 Private parameters
   OpenBLAS
          0 Global, 0 Restricted, 0 Private parameters
   OpenSSL
          0 Global, 0 Restricted, 0 Private parameters
   Outflow
           Shares: IO SPHERICALSURFACE
          0 Global, 0 Restricted, 19 Private parameters
   PUGH
           Shares: CACTUS
          0 Global, 4 Restricted, 51 Private parameters
   PUGHInterp
          0 Global, 0 Restricted, 0 Private parameters
   PUGHReduce
          0 Global, 0 Restricted, 0 Private parameters
   PUGHSlab
          0 Global, 0 Restricted, 0 Private parameters
   Periodic
          0 Global, 0 Restricted, 8 Private parameters
   PeriodicCarpet
          0 Global, 0 Restricted, 5 Private parameters
   Poisson
          0 Global, 0 Restricted, 4 Private parameters
   ProcaBase
           Shares: IO
          0 Global, 10 Restricted, 0 Private parameters
   ProcaEvolve
           Shares: METHODOFLINES PROCABASE
          0 Global, 3 Restricted, 6 Private parameters
   Proca_simpleID
           Shares: ADMBASE
          0 Global, 7 Restricted, 0 Private parameters
   PunctureTracker
           Shares: SPHERICALSURFACE
          0 Global, 0 Restricted, 10 Private parameters
   QuasiLocalMeasures
           Shares: ADMBASE SPHERICALSURFACE
          0 Global, 0 Restricted, 13 Private parameters
   ReadInterpolate
           Shares: IO
          0 Global, 0 Restricted, 14 Private parameters
   Recovery_Util
          0 Global, 1 Restricted, 0 Private parameters
   ReflectionSymmetry
          0 Global, 0 Restricted, 13 Private parameters
   RegridSyncTest
          0 Global, 0 Restricted, 0 Private parameters
   RhoBFinder
          0 Global, 0 Restricted, 6 Private parameters
   RotatingDBHIVP
           Shares: ADMBASE STATICCONFORMAL
          0 Global, 0 Restricted, 13 Private parameters
   RotatingSymmetry180
          0 Global, 0 Restricted, 8 Private parameters
   RotatingSymmetry90
          0 Global, 0 Restricted, 4 Private parameters
   SampleBoundary
          0 Global, 0 Restricted, 0 Private parameters
   SampleIO
           Shares: IO
          0 Global, 0 Restricted, 5 Private parameters
   Seed_Magnetic_Fields
          0 Global, 7 Restricted, 0 Private parameters
   Seed_Magnetic_Fields_BNS
          0 Global, 14 Restricted, 0 Private parameters
   SetMask_SphericalSurface
           Shares: SPHERICALSURFACE
          0 Global, 0 Restricted, 5 Private parameters
   ShiftedGaugeWave
           Shares: ADMBASE GENERICFD METHODOFLINES
          0 Global, 29 Restricted, 1 Private parameters
   Slab
          0 Global, 0 Restricted, 2 Private parameters
   SlabTest
          0 Global, 0 Restricted, 0 Private parameters
   Socket
          0 Global, 0 Restricted, 0 Private parameters
   SpaceMask
          0 Global, 1 Restricted, 0 Private parameters
   SphericalHarmonicDecomp
           Shares: IO
          0 Global, 0 Restricted, 18 Private parameters
   SphericalHarmonicRecon
          0 Global, 0 Restricted, 10 Private parameters
   SphericalHarmonicReconGen
           Shares: NULLSHREXTRACT
          0 Global, 0 Restricted, 45 Private parameters
   SphericalSurface
          0 Global, 15 Restricted, 9 Private parameters
   Spritz
           Shares: ADMBASE ADMMACROS HYDROBASE INITBASE METHODOFLINES
          0 Global, 77 Restricted, 0 Private parameters
   Spritz_InitData
           Shares: ADMBASE EOS_OMNI HYDROBASE SPRITZ
          0 Global, 0 Restricted, 47 Private parameters
   Spritz_SetBeta
           Shares: HYDROBASE SPRITZ
          0 Global, 0 Restricted, 4 Private parameters
   StaticConformal
           Shares: ADMBASE
          0 Global, 1 Restricted, 0 Private parameters
   SummationByParts
          0 Global, 23 Restricted, 0 Private parameters
   SymBase
          0 Global, 0 Restricted, 1 Private parameters
   SystemStatistics
          0 Global, 0 Restricted, 0 Private parameters
   SystemTopology
          0 Global, 0 Restricted, 2 Private parameters
   TATelliptic
          0 Global, 0 Restricted, 0 Private parameters
   TGRtensor
          0 Global, 0 Restricted, 0 Private parameters
   TOVSolver
           Shares: ADMBASE HYDROBASE STATICCONFORMAL
          0 Global, 0 Restricted, 27 Private parameters
   TensorTypes
          0 Global, 0 Restricted, 0 Private parameters
   TerminationTrigger
           Shares: IO
          0 Global, 0 Restricted, 10 Private parameters
   TestArrays
          0 Global, 0 Restricted, 20 Private parameters
   TestCarpetGridInfo
          0 Global, 0 Restricted, 2 Private parameters
   TestComplex
          0 Global, 0 Restricted, 3 Private parameters
   TestCoordinates
          0 Global, 2 Restricted, 0 Private parameters
   TestFortranCrayPointers
          0 Global, 0 Restricted, 0 Private parameters
   TestFortranDependencies1
          0 Global, 0 Restricted, 0 Private parameters
   TestFortranDependencies2
          0 Global, 0 Restricted, 0 Private parameters
   TestFpointerNULL
          0 Global, 0 Restricted, 0 Private parameters
   TestFreeF90
          0 Global, 0 Restricted, 0 Private parameters
   TestGlobalReduce
          0 Global, 0 Restricted, 11 Private parameters
   TestInclude1
          0 Global, 0 Restricted, 0 Private parameters
   TestInclude2
          0 Global, 0 Restricted, 0 Private parameters
   TestLocalInterp2
          0 Global, 0 Restricted, 3 Private parameters
   TestLocalReduce
          0 Global, 0 Restricted, 3 Private parameters
   TestLoop
          0 Global, 0 Restricted, 0 Private parameters
   TestLoopControl
          0 Global, 0 Restricted, 0 Private parameters
   TestMath
          0 Global, 0 Restricted, 0 Private parameters
   TestMoL
          0 Global, 0 Restricted, 4 Private parameters
   TestPar
          0 Global, 0 Restricted, 16 Private parameters
   TestReadWrite
          0 Global, 0 Restricted, 4 Private parameters
   TestReduce
          0 Global, 0 Restricted, 0 Private parameters
   TestSchedule
          0 Global, 0 Restricted, 0 Private parameters
   TestStrings
          0 Global, 0 Restricted, 0 Private parameters
   TestTable
          0 Global, 0 Restricted, 0 Private parameters
   TestTimers
          0 Global, 0 Restricted, 1 Private parameters
   TestTypes
          0 Global, 0 Restricted, 4 Private parameters
   Time
           Shares: CACTUS
          0 Global, 2 Restricted, 5 Private parameters
   TimerInfo
          0 Global, 0 Restricted, 3 Private parameters
   TimerReport
           Shares: IO
          0 Global, 0 Restricted, 11 Private parameters
   Timers
           Shares: IO
          0 Global, 0 Restricted, 6 Private parameters
   TmunuBase
          0 Global, 2 Restricted, 3 Private parameters
   Trigger
          0 Global, 0 Restricted, 18 Private parameters
   TwoPunctures
           Shares: ADMBASE IO STATICCONFORMAL
          0 Global, 33 Restricted, 0 Private parameters
   TwoPunctures_KerrProca
           Shares: ADMBASE IO PROCABASE STATICCONFORMAL
          0 Global, 34 Restricted, 5 Private parameters
   UA_EOS_Omni
           Shares: IO
          0 Global, 30 Restricted, 0 Private parameters
   Vaidya2
           Shares: ADMBASE GENERICFD METHODOFLINES
          0 Global, 29 Restricted, 1 Private parameters
   Vectors
          0 Global, 0 Restricted, 2 Private parameters
   VolumeIntegrals_GRMHD
           Shares: GRID IO
          0 Global, 0 Restricted, 18 Private parameters
   VolumeIntegrals_vacuum
           Shares: GRID IO
          0 Global, 0 Restricted, 21 Private parameters
   WatchDog
          0 Global, 0 Restricted, 1 Private parameters
   WaveBinarySource
          0 Global, 0 Restricted, 5 Private parameters
   WaveExtractL
           Shares: ADMBASE GRID IO SPHERICALSURFACE
          0 Global, 0 Restricted, 53 Private parameters
   WaveMoL
           Shares: METHODOFLINES
          0 Global, 2 Restricted, 1 Private parameters
   WaveToy1DF77
          0 Global, 0 Restricted, 4 Private parameters
   WaveToy2DF77
          0 Global, 0 Restricted, 5 Private parameters
   WaveToyC
          0 Global, 1 Restricted, 0 Private parameters
   WaveToyCXX
          0 Global, 1 Restricted, 0 Private parameters
   WaveToyExtra
           Shares: WAVETOY
          0 Global, 0 Restricted, 2 Private parameters
   WaveToyF77
          0 Global, 1 Restricted, 0 Private parameters
   WaveToyF90
          0 Global, 1 Restricted, 0 Private parameters
   WaveToyFreeF90
          0 Global, 1 Restricted, 0 Private parameters
   WeylScal4
           Shares: GENERICFD METHODOFLINES
          0 Global, 30 Restricted, 3 Private parameters
   ZelmaniLeak
           Shares: METHODOFLINES SPRITZ
          0 Global, 1 Restricted, 38 Private parameters
   hwloc
          0 Global, 0 Restricted, 0 Private parameters
   libjpeg
          0 Global, 0 Restricted, 0 Private parameters
   particle_tracerET
           Shares: ADMBASE HYDROBASE IO
          0 Global, 0 Restricted, 15 Private parameters
   pthreads
          0 Global, 0 Restricted, 0 Private parameters
   smallbPoynET
           Shares: ADMBASE HYDROBASE
          0 Global, 0 Restricted, 2 Private parameters
   zlib
          0 Global, 0 Restricted, 0 Private parameters
Parsing schedule files...
   ADMAnalysis
          15 schedule blocks.
   ADMBase
          27 schedule blocks.
   ADMCoupling
          0 schedule blocks.
   ADMDerivatives
          7 schedule blocks.
   ADMMacros
          1 schedule blocks.
   ADMMass
          10 schedule blocks.
   AEILocalInterp
          1 schedule blocks.
   AHFinder
          7 schedule blocks.
   AHFinderDirect
          34 schedule blocks.
   Boundary
          6 schedule blocks.
   CT_Analytic
          13 schedule blocks.
   CT_MultiLevel
          1 schedule blocks.
   Cactus
          24 schedule blocks.
   CalcK
          5 schedule blocks.
   Carpet
          9 schedule blocks.
   CarpetEvolutionMask
          7 schedule blocks.
   CarpetIOASCII
          2 schedule blocks.
   CarpetIOBasic
          2 schedule blocks.
   CarpetIOHDF5
          10 schedule blocks.
   CarpetIOScalar
          2 schedule blocks.
   CarpetIntegrateTest
          3 schedule blocks.
   CarpetInterp
          1 schedule blocks.
   CarpetInterp2
          0 schedule blocks.
   CarpetLib
          4 schedule blocks.
   CarpetMask
          4 schedule blocks.
   CarpetProlongateTest
          9 schedule blocks.
   CarpetReduce
          15 schedule blocks.
   CarpetRegrid
          1 schedule blocks.
   CarpetRegrid2
          2 schedule blocks.
   CarpetRegridTest
          3 schedule blocks.
   CarpetSlab
          0 schedule blocks.
   CarpetTracker
          1 schedule blocks.
   CartGrid3D
          11 schedule blocks.
   Cartoon2D
          6 schedule blocks.
   ConservativeToPrimitive
          1 schedule blocks.
   Constants
          0 schedule blocks.
   Convert_to_HydroBase
          2 schedule blocks.
   CookImporter
          5 schedule blocks.
   CoordBase
          1 schedule blocks.
   CoordGauge
          8 schedule blocks.
   Coordinates
          26 schedule blocks.
   CoordinatesSymmetry
          2 schedule blocks.
   CycleClock
          1 schedule blocks.
   DemoInterp
          6 schedule blocks.
   Dissipation
          6 schedule blocks.
   DistortedBHIVP
          2 schedule blocks.
   EHFinder
          86 schedule blocks.
   EIDR
          0 schedule blocks.
   EOS_Base
          0 schedule blocks.
   EOS_Hybrid
          2 schedule blocks.
   EOS_IdealFluid
          1 schedule blocks.
   EOS_Polytrope
          1 schedule blocks.
   EinsteinExact_Test
          0 schedule blocks.
   EllBase
          1 schedule blocks.
   EllSOR
          1 schedule blocks.
   Elliptica_BHNS
          1 schedule blocks.
   Exact
          16 schedule blocks.
   Extract
          2 schedule blocks.
   FFTW3
          0 schedule blocks.
   FleshInfo
          4 schedule blocks.
   Fortran
          1 schedule blocks.
   GSL
          0 schedule blocks.
   GaugeWave
          10 schedule blocks.
   GenericFD
          0 schedule blocks.
   GlobalDerivative
          2 schedule blocks.
   HDF5
          0 schedule blocks.
   HTTPD
          7 schedule blocks.
   HTTPDExtra
          1 schedule blocks.
   HelloWorld
          1 schedule blocks.
   HighOrderWaveTest
          0 schedule blocks.
   HydroBase
          22 schedule blocks.
   Hydro_Analysis
          17 schedule blocks.
   Hydro_InitExcision
          4 schedule blocks.
   Hydro_RNSID
          2 schedule blocks.
   IDAnalyticBH
          6 schedule blocks.
   IDAxiBrillBH
          2 schedule blocks.
   IDAxiOddBrillBH
          2 schedule blocks.
   IDBrillData
          3 schedule blocks.
   IDConstraintViolate
          2 schedule blocks.
   IDFileADM
          2 schedule blocks.
   IDLinearWaves
          8 schedule blocks.
   IDScalarWave
          3 schedule blocks.
   IDScalarWaveC
          2 schedule blocks.
   IDScalarWaveCXX
          2 schedule blocks.
   IDScalarWaveElliptic
          1 schedule blocks.
   IDWaveMoL
          2 schedule blocks.
   ID_NrotStar
          2 schedule blocks.
   ID_converter_ILGRMHD
          7 schedule blocks.
   IOASCII
          3 schedule blocks.
   IOBasic
          2 schedule blocks.
   IOHDF5
          5 schedule blocks.
   IOHDF5Util
          2 schedule blocks.
   IOUtil
          4 schedule blocks.
   IllinoisGRMHD
          13 schedule blocks.
   InitBase
          0 schedule blocks.
   InterpToArray
          1 schedule blocks.
   Interpolate2
          7 schedule blocks.
   KerrSchild
          10 schedule blocks.
   LORENE2
          0 schedule blocks.
   LapseFinder
          7 schedule blocks.
   LeanBSSNMoL
          23 schedule blocks.
   LlamaWaveToy
          14 schedule blocks.
   LocalInterp
          1 schedule blocks.
   LocalInterp2
          1 schedule blocks.
   LocalReduce
          1 schedule blocks.
   LoopControl
          4 schedule blocks.
   ML_ADMConstraints
          12 schedule blocks.
   ML_ADMQuantities
          12 schedule blocks.
   ML_BSSN
          33 schedule blocks.
   ML_BSSN_Helper
          11 schedule blocks.
   ML_BSSN_Test
          0 schedule blocks.
   ML_CCZ4
          33 schedule blocks.
   ML_CCZ4_Helper
          11 schedule blocks.
   ML_CCZ4_Test
          0 schedule blocks.
   ML_WaveToy
          13 schedule blocks.
   ML_WaveToy_Test
          0 schedule blocks.
   MPI
          0 schedule blocks.
   MemSpeed
          1 schedule blocks.
   Meudon_Bin_BH
          2 schedule blocks.
   Meudon_Bin_NS
          1 schedule blocks.
   Meudon_Mag_NS
          2 schedule blocks.
   Minkowski
          10 schedule blocks.
   MoL
          68 schedule blocks.
   ModifiedSchwarzschildBL
          10 schedule blocks.
   Multipole
          6 schedule blocks.
   NPScalars
          12 schedule blocks.
   NPScalars_Proca
          11 schedule blocks.
   NaNCatcher
          1 schedule blocks.
   NaNChecker
          10 schedule blocks.
   NewRad
          0 schedule blocks.
   Nice
          1 schedule blocks.
   NoExcision
          23 schedule blocks.
   NoMPI
          0 schedule blocks.
   Noise
          3 schedule blocks.
   Norms
          2 schedule blocks.
   NullConstr
          2 schedule blocks.
   NullDecomp
          1 schedule blocks.
   NullEvolve
          16 schedule blocks.
   NullExact
          14 schedule blocks.
   NullGrid
          4 schedule blocks.
   NullInterp
          3 schedule blocks.
   NullNews
          8 schedule blocks.
   NullPsiInt
          3 schedule blocks.
   NullSHRExtract
          25 schedule blocks.
   NullVars
          0 schedule blocks.
   OpenBLAS
          0 schedule blocks.
   OpenSSL
          0 schedule blocks.
   Outflow
          2 schedule blocks.
   PUGH
          8 schedule blocks.
   PUGHInterp
          1 schedule blocks.
   PUGHReduce
          1 schedule blocks.
   PUGHSlab
          0 schedule blocks.
   Periodic
          2 schedule blocks.
   PeriodicCarpet
          3 schedule blocks.
   Poisson
          5 schedule blocks.
   ProcaBase
          1 schedule blocks.
   ProcaEvolve
          8 schedule blocks.
   Proca_simpleID
          1 schedule blocks.
   PunctureTracker
          3 schedule blocks.
   QuasiLocalMeasures
          3 schedule blocks.
   ReadInterpolate
          8 schedule blocks.
   Recovery_Util
          6 schedule blocks.
   ReflectionSymmetry
          2 schedule blocks.
   RegridSyncTest
          5 schedule blocks.
   RhoBFinder
          7 schedule blocks.
   RotatingDBHIVP
          2 schedule blocks.
   RotatingSymmetry180
          4 schedule blocks.
   RotatingSymmetry90
          4 schedule blocks.
   SampleBoundary
          1 schedule blocks.
   SampleIO
          1 schedule blocks.
   Seed_Magnetic_Fields
          1 schedule blocks.
   Seed_Magnetic_Fields_BNS
          1 schedule blocks.
   SetMask_SphericalSurface
          3 schedule blocks.
   ShiftedGaugeWave
          10 schedule blocks.
   Slab
          3 schedule blocks.
   SlabTest
          1 schedule blocks.
   Socket
          0 schedule blocks.
   SpaceMask
          9 schedule blocks.
   SphericalHarmonicDecomp
          2 schedule blocks.
   SphericalHarmonicRecon
          4 schedule blocks.
   SphericalHarmonicReconGen
          7 schedule blocks.
   SphericalSurface
          8 schedule blocks.
   Spritz
          59 schedule blocks.
   Spritz_InitData
          18 schedule blocks.
   Spritz_SetBeta
          4 schedule blocks.
   StaticConformal
          1 schedule blocks.
   SummationByParts
          4 schedule blocks.
   SymBase
          5 schedule blocks.
   SystemStatistics
          1 schedule blocks.
   SystemTopology
          1 schedule blocks.
   TATelliptic
          1 schedule blocks.
   TGRtensor
          0 schedule blocks.
   TOVSolver
          10 schedule blocks.
   TensorTypes
          0 schedule blocks.
   TerminationTrigger
          9 schedule blocks.
   TestArrays
          2 schedule blocks.
   TestCarpetGridInfo
          1 schedule blocks.
   TestComplex
          3 schedule blocks.
   TestCoordinates
          3 schedule blocks.
   TestFortranCrayPointers
          2 schedule blocks.
   TestFortranDependencies1
          0 schedule blocks.
   TestFortranDependencies2
          0 schedule blocks.
   TestFpointerNULL
          1 schedule blocks.
   TestFreeF90
          0 schedule blocks.
   TestGlobalReduce
          12 schedule blocks.
   TestInclude1
          1 schedule blocks.
   TestInclude2
          1 schedule blocks.
   TestLocalInterp2
          3 schedule blocks.
   TestLocalReduce
          3 schedule blocks.
   TestLoop
          3 schedule blocks.
   TestLoopControl
          3 schedule blocks.
   TestMath
          2 schedule blocks.
   TestMoL
          7 schedule blocks.
   TestPar
          2 schedule blocks.
   TestReadWrite
          13 schedule blocks.
   TestReduce
          5 schedule blocks.
   TestSchedule
          19 schedule blocks.
   TestStrings
          1 schedule blocks.
   TestTable
          1 schedule blocks.
   TestTimers
          3 schedule blocks.
   TestTypes
          2 schedule blocks.
   Time
          7 schedule blocks.
   TimerInfo
          1 schedule blocks.
   TimerReport
          3 schedule blocks.
   Timers
          2 schedule blocks.
   TmunuBase
          5 schedule blocks.
   Trigger
          3 schedule blocks.
   TwoPunctures
          5 schedule blocks.
   TwoPunctures_KerrProca
          5 schedule blocks.
   UA_EOS_Omni
          6 schedule blocks.
   Vaidya2
          10 schedule blocks.
   Vectors
          2 schedule blocks.
   VolumeIntegrals_GRMHD
          10 schedule blocks.
   VolumeIntegrals_vacuum
          10 schedule blocks.
   WatchDog
          1 schedule blocks.
   WaveBinarySource
          1 schedule blocks.
   WaveExtractL
          17 schedule blocks.
   WaveMoL
          9 schedule blocks.
   WaveToy1DF77
          6 schedule blocks.
   WaveToy2DF77
          6 schedule blocks.
   WaveToyC
          11 schedule blocks.
   WaveToyCXX
          11 schedule blocks.
   WaveToyExtra
          3 schedule blocks.
   WaveToyF77
          11 schedule blocks.
   WaveToyF90
          11 schedule blocks.
   WaveToyFreeF90
          7 schedule blocks.
   WeylScal4
          48 schedule blocks.
   ZelmaniLeak
          29 schedule blocks.
   hwloc
          2 schedule blocks.
   libjpeg
          0 schedule blocks.
   particle_tracerET
          7 schedule blocks.
   pthreads
          0 schedule blocks.
   smallbPoynET
          1 schedule blocks.
   zlib
          0 schedule blocks.
Running any thorn-provided configuration scripts...

********************************************************************************
Running configuration script for thorn EIDR:
Using EIDR in /home/pespino/Elliptica_ID_Reader
Finished running configuration script for thorn EIDR.

********************************************************************************
Running configuration script for thorn ELLIPTICA_BHNS:
Finished running configuration script for thorn ELLIPTICA_BHNS.

********************************************************************************
Running configuration script for thorn FFTW3:
FFTW3 selected, but FFTW3_DIR not set. Checking some places...
FFTW3 not found
Using bundled FFTW3...
Finished running configuration script for thorn FFTW3.

********************************************************************************
Running configuration script for thorn FORTRAN:
Found a traditional Fortran cpp
Finished running configuration script for thorn FORTRAN.

********************************************************************************
Running configuration script for thorn GSL:
GSL selected, but GSL_DIR not set. Checking pkg-config ...
GSL found: /usr
Finished running configuration script for thorn GSL.

********************************************************************************
Running configuration script for thorn LIBJPEG:
LIBJPEG selected, and /cm/shared/apps/spack/cpu/opt/spack/linux-centos8-zen2/gcc-9.2.0/libjpeg-turbo-2.0.4-7kvjnifz7gpi2dhio6stpbtznc4g4ssk/ selected.
LIBJPEG found.
Finished running configuration script for thorn LIBJPEG.

********************************************************************************
Running configuration script for thorn OPENBLAS:
Finished running configuration script for thorn OPENBLAS.

********************************************************************************
Running configuration script for thorn OPENSSL:
OpenSSL selected, but OPENSSL_DIR not set. Checking some places...
Found OpenSSL in /usr
Finished running configuration script for thorn OPENSSL.

********************************************************************************
Running configuration script for thorn PTHREADS:
PTHREADS selected, but PTHREADS_DIR not set. Checking some places...
Found PTHREADS in /usr
Finished running configuration script for thorn PTHREADS.

********************************************************************************
Running configuration script for thorn VECTORS:
Finished running configuration script for thorn VECTORS.

********************************************************************************
Running configuration script for thorn ZLIB:
Finished running configuration script for thorn ZLIB.

********************************************************************************
Running configuration script for thorn HWLOC:
Finished running configuration script for thorn HWLOC.

********************************************************************************
Running configuration script for thorn LORENE2:
Using LORENE in /home/pespino/Lorene
Finished running configuration script for thorn LORENE2.

********************************************************************************
Running configuration script for thorn MPI:
MPI selected, but MPI_DIR is not set. Computing settings...
Found MPI compiler wrapper at /cm/shared/apps/spack/cpu/opt/spack/linux-centos8-zen2/gcc-9.2.0/openmpi-3.1.6-2kvqbhm5yqjqh3k5pa4dpvqoqyzinxmt/bin/mpic++!
Successfully configured MPI.
Finished running configuration script for thorn MPI.

********************************************************************************
Running configuration script for thorn HDF5:
Additional requested language support:  Fortran
HDF5 selected, and /cm/shared/apps/spack/cpu/opt/spack/linux-centos8-zen2/gcc-9.2.0/hdf5-1.10.6-5q5q4alfsa4or6b25nofmfpixc2vvmg2/ selected.
HDF5 found.
Finished running configuration script for thorn HDF5.
Checking consistency...
Creating Thorn-Flesh bindings...
   Creating implementation bindings...
   Creating parameter bindings...
   Creating variable bindings...
   Creating schedule bindings...
   Creating function bindings...
Generating arguments...
CST finished.
Checking status of thorn CoordBase
Checking status of thorn ADMCoupling
Checking status of thorn SummationByParts
Checking status of thorn ADMMacros
Checking status of thorn ADMMass
Checking status of thorn AEILocalInterp
Checking status of thorn zlib
Checking status of thorn Boundary
Checking status of thorn GenericFD
Checking status of thorn CycleClock
Checking status of thorn Vectors
Checking status of thorn IOUtil
Checking status of thorn Fortran
Checking status of thorn CarpetRegridTest
Checking status of thorn CarpetTracker
Checking status of thorn ConservativeToPrimitive
Checking status of thorn Constants
Checking status of thorn Convert_to_HydroBase
Checking status of thorn CookImporter
Checking status of thorn CoordGauge
Checking status of thorn OpenBLAS
Checking status of thorn TensorTypes
Checking status of thorn CoordinatesSymmetry
Checking status of thorn DemoInterp
Checking status of thorn DistortedBHIVP
Checking status of thorn SphericalSurface
Checking status of thorn EIDR
Checking status of thorn EOS_Base
Checking status of thorn EOS_IdealFluid
Checking status of thorn EinsteinExact_Test
Checking status of thorn EllBase
Checking status of thorn Extract
Checking status of thorn FFTW3
Checking status of thorn FleshInfo
Checking status of thorn GSL
Checking status of thorn pthreads
Checking status of thorn HelloWorld
Checking status of thorn HighOrderWaveTest
Checking status of thorn HydroBase
Checking status of thorn Hydro_InitExcision
Checking status of thorn IDAnalyticBH
Checking status of thorn IDAxiOddBrillBH
Checking status of thorn IDConstraintViolate
Checking status of thorn IDFileADM
Checking status of thorn IDLinearWaves
Checking status of thorn IDScalarWave
Checking status of thorn IDScalarWaveC
Checking status of thorn IDScalarWaveCXX
Checking status of thorn IDWaveMoL
Checking status of thorn ID_converter_ILGRMHD
Checking status of thorn InterpToArray
Checking status of thorn LeanBSSNMoL
Checking status of thorn InitBase
Checking status of thorn LocalInterp
Checking status of thorn LocalInterp2
Checking status of thorn LocalReduce
Checking status of thorn ML_BSSN_Test
Checking status of thorn ML_WaveToy_Test
Checking status of thorn IDScalarWaveElliptic
Checking status of thorn MoL
Checking status of thorn NPScalars
Checking status of thorn NPScalars_Proca
Checking status of thorn ML_CCZ4_Test
Checking status of thorn Socket
Checking status of thorn NaNCatcher
Checking status of thorn NaNChecker
Checking status of thorn Nice
Checking status of thorn Norms
Checking status of thorn NullDecomp
Checking status of thorn Noise
Checking status of thorn NullVars
Checking status of thorn OpenSSL
Checking status of thorn TATelliptic
Checking status of thorn ProcaBase
Checking status of thorn ProcaEvolve
Checking status of thorn Proca_simpleID
Checking status of thorn PunctureTracker
Checking status of thorn Recovery_Util
Checking status of thorn ReflectionSymmetry
Checking status of thorn RegridSyncTest
Checking status of thorn RotatingDBHIVP
Checking status of thorn SampleBoundary
Checking status of thorn Seed_Magnetic_Fields
Checking status of thorn Seed_Magnetic_Fields_BNS
Checking status of thorn SetMask_SphericalSurface
Checking status of thorn StaticConformal
Checking status of thorn SlabTest
Checking status of thorn SymBase
Checking status of thorn TerminationTrigger
Checking status of thorn TestArrays
Checking status of thorn TestComplex
Checking status of thorn SystemStatistics
Checking status of thorn TestCoordinates
Checking status of thorn TestFortranDependencies2
Checking status of thorn TestFpointerNULL
Checking status of thorn TestGlobalReduce
Checking status of thorn TestInclude1
Checking status of thorn TestFreeF90
Checking status of thorn TestLocalReduce
Checking status of thorn TestInclude2
Checking status of thorn TestLocalInterp2
Checking status of thorn TestMoL
Checking status of thorn TestMath
Checking status of thorn TestPar
Checking status of thorn TestLoop
Checking status of thorn TestReduce
Checking status of thorn TestReadWrite
Checking status of thorn TestSchedule
Checking status of thorn TestStrings
Checking status of thorn TestTable
Checking status of thorn TestTimers
Checking status of thorn Time
Checking status of thorn TestTypes
Checking status of thorn TmunuBase
Checking status of thorn TimerInfo
Checking status of thorn Trigger
Checking status of thorn TwoPunctures
Checking status of thorn TwoPunctures_KerrProca
Checking status of thorn VolumeIntegrals_GRMHD
Checking status of thorn VolumeIntegrals_vacuum
Checking status of thorn WatchDog
Checking status of thorn WaveBinarySource
Checking status of thorn WaveToy1DF77
Checking status of thorn WaveToy2DF77
Checking status of thorn WaveToyExtra
Checking status of thorn libjpeg
Checking status of thorn particle_tracerET
Checking status of thorn smallbPoynET
Checking status of thorn CactusBindings
Checking status of thorn CartGrid3D
Checking status of thorn ADMDerivatives
Checking status of thorn hwloc
Checking status of thorn CarpetProlongateTest
Checking status of thorn TGRtensor
Checking status of thorn Dissipation
Checking status of thorn EOS_Polytrope
Checking status of thorn Elliptica_BHNS
Checking status of thorn Exact
Checking status of thorn GlobalDerivative
Checking status of thorn IDAxiBrillBH
Checking status of thorn LORENE2
Checking status of thorn IOASCII
Checking status of thorn IOBasic
Checking status of thorn NewRad
Checking status of thorn NullGrid
Checking status of thorn Outflow
Checking status of thorn SampleIO
Checking status of thorn TestFortranCrayPointers
Checking status of thorn TestFortranDependencies1
COMPILING configs/c2p/bindings/build/ConservativeToPrimitive/cctk_ThornBindings.c
COMPILING configs/c2p/bindings/build/ID_converter_ILGRMHD/cctk_ThornBindings.c
Checking status of thorn ADMAnalysis
Checking status of thorn ADMBase
Checking status of thorn SpaceMask
Checking status of thorn CalcK
Checking status of thorn AHFinder
Checking status of thorn EHFinder
Checking status of thorn EllSOR
Checking status of thorn IDBrillData
Checking status of thorn ML_BSSN_Helper
Checking status of thorn ML_CCZ4_Helper
Checking status of thorn WaveMoL
Checking status of thorn WaveToyC
Checking status of thorn WaveToyCXX
Checking status of thorn WaveToyF77
Checking status of thorn WaveToyF90
Checking status of thorn WaveToyFreeF90
Checking status of thorn MPI
Checking status of thorn LoopControl
Checking status of thorn EOS_Hybrid
Checking status of thorn LlamaWaveToy
Checking status of thorn ID_NrotStar
Checking status of thorn Meudon_Bin_BH
Checking status of thorn Meudon_Bin_NS
Checking status of thorn Meudon_Mag_NS
Checking status of thorn NullInterp
COMPILING configs/c2p/bindings/Implementations/ImplementationBindings.c
COMPILING configs/c2p/bindings/Parameters/BindingsParameters.c
COMPILING configs/c2p/bindings/Schedule/BindingsSchedule.c
Checking status of thorn HDF5
Checking status of thorn HTTPD
Checking status of thorn PUGH
Checking status of thorn MemSpeed
Checking status of thorn NoMPI
Checking status of thorn QuasiLocalMeasures
Checking status of thorn SystemTopology
Checking status of thorn Cactus
Checking status of thorn TimerReport
Checking status of thorn Cartoon2D
Checking status of thorn TOVSolver
COMPILING configs/c2p/bindings/Variables/BindingsVariables.c
Checking status of thorn CT_Analytic
Checking status of thorn CarpetLib
Checking status of thorn CarpetMask
Checking status of thorn GaugeWave
Checking status of thorn Hydro_Analysis
Checking status of thorn KerrSchild
Checking status of thorn LapseFinder
Checking status of thorn ML_ADMConstraints
Checking status of thorn ML_ADMQuantities
Checking status of thorn ML_BSSN
Checking status of thorn ML_CCZ4
Checking status of thorn ML_WaveToy
Checking status of thorn Minkowski
Checking status of thorn ModifiedSchwarzschildBL
Checking status of thorn Slab
Checking status of thorn RhoBFinder
Checking status of thorn ShiftedGaugeWave
Checking status of thorn Vaidya2
Checking status of thorn WeylScal4
Checking status of thorn TestLoopControl
COMPILING configs/c2p/bindings/Schedule/BindingsParameterRecovery.c
Checking status of thorn NullEvolve
Checking status of thorn NullNews
Updating /home/pespino/Cactus/configs/c2p/lib/libthorn_CactusBindings.a
Checking status of thorn AHFinderDirect
Checking status of thorn Hydro_RNSID
Checking status of thorn UA_EOS_Omni
Checking status of thorn Multipole
Checking status of thorn SphericalHarmonicDecomp
Checking status of thorn SphericalHarmonicRecon
Checking status of thorn SphericalHarmonicReconGen
Checking status of thorn HTTPDExtra
Checking status of thorn IOHDF5Util
Checking status of thorn PUGHInterp
Checking status of thorn PUGHSlab
Checking status of thorn PUGHReduce
COMPILING UAThorns/ConservativeToPrimitive/src/EOS_utils.c
COMPILING UAThorns/ConservativeToPrimitive/src/ConservativeToPrimitive.c
COMPILING UAThorns/ConservativeToPrimitive/src/brent.c
COMPILING UAThorns/ConservativeToPrimitive/src/con2prim_MHD.c
Checking status of thorn NullConstr
Checking status of thorn NullExact
Checking status of thorn NullSHRExtract
Checking status of thorn NullPsiInt
COMPILING UAThorns/ConservativeToPrimitive/src/palenzuela.c
COMPILING UAThorns/ConservativeToPrimitive/src/Newman.c
COMPILING UAThorns/ConservativeToPrimitive/src/NR_utils.c
COMPILING UAThorns/ConservativeToPrimitive/src/NR.c
Checking status of thorn Timers
COMPILING UAThorns/ConservativeToPrimitive/src/NR_2D_WT.c
COMPILING UAThorns/ConservativeToPrimitive/src/NR_2D_rhoT.c
COMPILING UAThorns/ConservativeToPrimitive/src/NR_2D_Noble.c
COMPILING UAThorns/ConservativeToPrimitive/src/HARM.c
Checking status of thorn IOHDF5
Checking status of thorn Carpet
Checking status of thorn CarpetEvolutionMask
Checking status of thorn CT_MultiLevel
Checking status of thorn CarpetIOBasic
Checking status of thorn CarpetIOASCII
Checking status of thorn CarpetIOHDF5
Checking status of thorn CarpetIOScalar
Checking status of thorn CarpetIntegrateTest
Checking status of thorn CarpetInterp
Checking status of thorn CarpetInterp2
Checking status of thorn CarpetReduce
Checking status of thorn CarpetRegrid
Checking status of thorn CarpetSlab
Checking status of thorn CarpetRegrid2
Checking status of thorn Coordinates
Checking status of thorn NoExcision
Checking status of thorn PeriodicCarpet
Checking status of thorn ReadInterpolate
Checking status of thorn Poisson
Checking status of thorn TestCarpetGridInfo
Checking status of thorn WaveExtractL
/home/pespino/Cactus/arrangements/UAThorns/ConservativeToPrimitive/src/EOS_utils.c: In function 'EOS_P_from_hrho_dPdrho_dPdeps':
/home/pespino/Cactus/arrangements/UAThorns/ConservativeToPrimitive/src/EOS_utils.c:226:62: warning: passing argument 5 of 'EOS_Omni_dpdrho_dpdeps_hinv' discards 'const' qualifier from pointer target type [-Wdiscarded-qualifiers]
  226 |   EOS_Omni_dpdrho_dpdeps_hinv(eos_key, prec, npoints, &xrho, &xenth, &xtemp, &xye, &xeps, &xprs, &xdpdrho,
      |                                                              ^~~~~~
In file included from /home/pespino/Cactus/configs/c2p/bindings/include/ConservativeToPrimitive/cctk_Functions.h:23,
                 from /home/pespino/Cactus/src/include/cctk_core.h:171,
                 from /home/pespino/Cactus/configs/c2p/bindings/include/ConservativeToPrimitive/cctk.h:5,
                 from /home/pespino/Cactus/arrangements/UAThorns/ConservativeToPrimitive/src/EOS_utils.c:1:
/home/pespino/Cactus/configs/c2p/bindings/include/ConservativeToPrimitive_Prototypes.h:60:13: note: expected 'CCTK_REAL8 *' {aka 'double *'} but argument is of type 'const CCTK_REAL8 *' {aka 'const double *'}
   60 |  CCTK_REAL* enth ,
/home/pespino/Cactus/arrangements/UAThorns/ConservativeToPrimitive/src/ConservativeToPrimitive.c: In function 'prepare_c2p':
/home/pespino/Cactus/arrangements/UAThorns/ConservativeToPrimitive/src/ConservativeToPrimitive.c:24:16: warning: implicit declaration of function 'EOS_Omni_GetHandle_' [-Wimplicit-function-declaration]
   24 |   c2p.eoskey = EOS_Omni_GetHandle_(c2p_EOS_type);
      |                ^~~~~~~~~~~~~~~~~~~
/home/pespino/Cactus/arrangements/UAThorns/ConservativeToPrimitive/src/ConservativeToPrimitive.c: In function 'con2primMHD':
/home/pespino/Cactus/arrangements/UAThorns/ConservativeToPrimitive/src/ConservativeToPrimitive.c:224:29: warning: passing argument 3 of 'con2prim_MHD_' from incompatible pointer type [-Wincompatible-pointer-types]
  224 |   con2prim_MHD_(prim, cons, g_up, g_lo, excise, grace, &report, cac_iter, index,xco,yco,zco,METRIC,METRIC_PHYS,METRIC_LAP_PSI4);
      |                             ^~~~
      |                             |
      |                             const CCTK_REAL8 * {aka const double *}
In file included from /home/pespino/Cactus/arrangements/UAThorns/ConservativeToPrimitive/src/ConservativeToPrimitive.c:4:
/home/pespino/Cactus/arrangements/UAThorns/ConservativeToPrimitive/src/con2prim.h:199:65: note: expected 'CCTK_REAL8 (*)[4]' {aka 'double (*)[4]'} but argument is of type 'const CCTK_REAL8 *' {aka 'const double *'}
  199 | void con2prim_MHD_(double * prim, const double * con, CCTK_REAL g_up[4][4],
/home/pespino/Cactus/arrangements/UAThorns/ConservativeToPrimitive/src/ConservativeToPrimitive.c:224:35: warning: passing argument 4 of 'con2prim_MHD_' from incompatible pointer type [-Wincompatible-pointer-types]
  224 |   con2prim_MHD_(prim, cons, g_up, g_lo, excise, grace, &report, cac_iter, index,xco,yco,zco,METRIC,METRIC_PHYS,METRIC_LAP_PSI4);
      |                                   ^~~~
      |                                   |
      |                                   const CCTK_REAL8 * {aka const double *}
In file included from /home/pespino/Cactus/arrangements/UAThorns/ConservativeToPrimitive/src/ConservativeToPrimitive.c:4:
/home/pespino/Cactus/arrangements/UAThorns/ConservativeToPrimitive/src/con2prim.h:200:17: note: expected 'CCTK_REAL8 (*)[4]' {aka 'double (*)[4]'} but argument is of type 'const CCTK_REAL8 *' {aka 'const double *'}
  200 |       CCTK_REAL g_lo[4][4], const bool key_excise, const bool c2p_grace,
/home/pespino/Cactus/arrangements/UAThorns/ConservativeToPrimitive/src/ConservativeToPrimitive.c:224:93: warning: passing argument 13 of 'con2prim_MHD_' discards 'const' qualifier from pointer target type [-Wdiscarded-qualifiers]
  224 |   con2prim_MHD_(prim, cons, g_up, g_lo, excise, grace, &report, cac_iter, index,xco,yco,zco,METRIC,METRIC_PHYS,METRIC_LAP_PSI4);
      |                                                                                             ^~~~~~
In file included from /home/pespino/Cactus/arrangements/UAThorns/ConservativeToPrimitive/src/ConservativeToPrimitive.c:4:
/home/pespino/Cactus/arrangements/UAThorns/ConservativeToPrimitive/src/con2prim.h:201:131: note: expected 'double *' but argument is of type 'const CCTK_REAL8 *' {aka 'const double *'}
  201 |       struct c2p_report * rep, const int cac_ite, const int index, const double xco, const double yco, const double zco, double * METRIC, double * METRIC_PHYS, double * METRIC_LAP_PSI4);
      |                                                                                                                          ~~~~~~~~~^~~~~~
/home/pespino/Cactus/arrangements/UAThorns/ConservativeToPrimitive/src/ConservativeToPrimitive.c:224:100: warning: passing argument 14 of 'con2prim_MHD_' discards 'const' qualifier from pointer target type [-Wdiscarded-qualifiers]
  224 |   con2prim_MHD_(prim, cons, g_up, g_lo, excise, grace, &report, cac_iter, index,xco,yco,zco,METRIC,METRIC_PHYS,METRIC_LAP_PSI4);
      |                                                                                                    ^~~~~~~~~~~
In file included from /home/pespino/Cactus/arrangements/UAThorns/ConservativeToPrimitive/src/ConservativeToPrimitive.c:4:
/home/pespino/Cactus/arrangements/UAThorns/ConservativeToPrimitive/src/con2prim.h:201:148: note: expected 'double *' but argument is of type 'const CCTK_REAL8 *' {aka 'const double *'}
  201 |       struct c2p_report * rep, const int cac_ite, const int index, const double xco, const double yco, const double zco, double * METRIC, double * METRIC_PHYS, double * METRIC_LAP_PSI4);
      |                                                                                                                                           ~~~~~~~~~^~~~~~~~~~~
/home/pespino/Cactus/arrangements/UAThorns/ConservativeToPrimitive/src/ConservativeToPrimitive.c:224:112: warning: passing argument 15 of 'con2prim_MHD_' discards 'const' qualifier from pointer target type [-Wdiscarded-qualifiers]
  224 |   con2prim_MHD_(prim, cons, g_up, g_lo, excise, grace, &report, cac_iter, index,xco,yco,zco,METRIC,METRIC_PHYS,METRIC_LAP_PSI4);
      |                                                                                                                ^~~~~~~~~~~~~~~
In file included from /home/pespino/Cactus/arrangements/UAThorns/ConservativeToPrimitive/src/ConservativeToPrimitive.c:4:
/home/pespino/Cactus/arrangements/UAThorns/ConservativeToPrimitive/src/con2prim.h:201:170: note: expected 'double *' but argument is of type 'const CCTK_REAL8 *' {aka 'const double *'}
  201 |       struct c2p_report * rep, const int cac_ite, const int index, const double xco, const double yco, const double zco, double * METRIC, double * METRIC_PHYS, double * METRIC_LAP_PSI4);
      |                                                                                                                                                                 ~~~~~~~~~^~~~~~~~~~~~~~~
/home/pespino/Cactus/arrangements/UAThorns/ConservativeToPrimitive/src/con2prim_MHD.c: In function 'c2p_recovery_scheme':
/home/pespino/Cactus/arrangements/UAThorns/ConservativeToPrimitive/src/con2prim_MHD.c:338:59: warning: passing argument 7 of 'HARM' discards 'const' qualifier from pointer target type [-Wdiscarded-array-qualifiers]
  338 |           HARM(c2p_rep,S_squared,BdotS,B_squared,con,prim,g_up,g_lo,
      |                                                           ^~~~
In file included from /home/pespino/Cactus/arrangements/UAThorns/ConservativeToPrimitive/src/con2prim_MHD.c:19:
/home/pespino/Cactus/arrangements/UAThorns/ConservativeToPrimitive/src/con2prim.h:216:76: note: expected 'CCTK_REAL8 (*)[4]' {aka 'double (*)[4]'} but argument is of type 'const double (*)[4]'
  216 |       const double B_squared, const double * con, double * prim, CCTK_REAL g_con[4][4],
/home/pespino/Cactus/arrangements/UAThorns/ConservativeToPrimitive/src/con2prim_MHD.c:338:64: warning: passing argument 8 of 'HARM' discards 'const' qualifier from pointer target type [-Wdiscarded-array-qualifiers]
  338 |           HARM(c2p_rep,S_squared,BdotS,B_squared,con,prim,g_up,g_lo,
      |                                                                ^~~~
In file included from /home/pespino/Cactus/arrangements/UAThorns/ConservativeToPrimitive/src/con2prim_MHD.c:19:
/home/pespino/Cactus/arrangements/UAThorns/ConservativeToPrimitive/src/con2prim.h:217:17: note: expected 'CCTK_REAL8 (*)[4]' {aka 'double (*)[4]'} but argument is of type 'const double (*)[4]'
  217 |       CCTK_REAL g_cov[4][4], const double tol_x,double xco, double yco, double zco,const int iteration, const int index, double * METRIC, double * METRIC_PHYS, double * METRIC_LAP_PSI4);
/home/pespino/Cactus/arrangements/UAThorns/ConservativeToPrimitive/src/con2prim_MHD.c: In function 'con2prim_MHD_':
/home/pespino/Cactus/arrangements/UAThorns/ConservativeToPrimitive/src/con2prim_MHD.c:478:23: warning: implicit declaration of function 'font_fix_general_EOS' [-Wimplicit-function-declaration]
  478 |           int check = font_fix_general_EOS(&u_xl,&u_yl,&u_zl,con,prim,METRIC_PHYS,METRIC_LAP_PSI4);
      |                       ^~~~~~~~~~~~~~~~~~~~
/home/pespino/Cactus/arrangements/UAThorns/ConservativeToPrimitive/src/palenzuela.c: In function 'calc_prim':
/home/pespino/Cactus/arrangements/UAThorns/ConservativeToPrimitive/src/palenzuela.c:82:6: warning: useless type name in empty declaration
   82 |      CCTK_REAL xpressS=prim[PRESS]; CCTK_REAL; CCTK_REAL xentS = 0.0; CCTK_REAL xabarS = 0.0;
      |      ^~~~~~~~~
/home/pespino/Cactus/arrangements/UAThorns/ConservativeToPrimitive/src/Newman.c: In function 'newman':
/home/pespino/Cactus/arrangements/UAThorns/ConservativeToPrimitive/src/Newman.c:198:6: warning: useless type name in empty declaration
  198 |      CCTK_REAL xrhoS=prim[RHO]; CCTK_REAL xepsS=prim[EPS];     CCTK_REAL; CCTK_REAL xtempS = prim[TEMP];
      |      ^~~~~~~~~
/home/pespino/Cactus/arrangements/UAThorns/ConservativeToPrimitive/src/Newman.c:199:6: warning: useless type name in empty declaration
  199 |      CCTK_REAL xyeS=prim[YE];   CCTK_REAL xpressS=prim[PRESS]; CCTK_REAL; CCTK_REAL xentS = 0.0; CCTK_INT keytempS = 1;
      |      ^~~~~~~~~
/home/pespino/Cactus/arrangements/UAThorns/ConservativeToPrimitive/src/NR_2D_Noble.c: In function 'calc_prim_noble':
/home/pespino/Cactus/arrangements/UAThorns/ConservativeToPrimitive/src/NR_2D_Noble.c:574:6: warning: useless type name in empty declaration
  574 |      CCTK_REAL xpressS=prim[PRESS]; CCTK_REAL; CCTK_REAL xentS = 0.0; CCTK_REAL xabarS = 0.0;
      |      ^~~~~~~~~
Updating /home/pespino/Cactus/configs/c2p/lib/libthorn_ConservativeToPrimitive.a
COMPILING configs/c2p/bindings/build/UA_EOS_Omni/cctk_ThornBindings.c
COMPILING EinsteinInitialData/Hydro_RNSID/src/rnsid_rfr.c
Checking status of thorn Interpolate2
COMPILING UAThorns/ID_converter_ILGRMHD/src/set_IllinoisGRMHD_metric_GRMHD_variables_based_on_HydroBase_and_ADMBase_variables.C
COMPILING UAThorns/UA_EOS_Omni/src/EOS_Omni_Handles.c
COMPILING UAThorns/UA_EOS_Omni/src/EOS_Omni_Module.F90
COMPILING UAThorns/ID_converter_ILGRMHD/src/reset_gamma.F90
Updating /home/pespino/Cactus/configs/c2p/lib/libthorn_Hydro_RNSID.a
COMPILING UAThorns/UA_EOS_Omni/src/EOS_Omni_Startup.F90
COMPILING UAThorns/UA_EOS_Omni/src/EOS_Omni_SingleVarCalls_harm.F90
COMPILING UAThorns/UA_EOS_Omni/src/EOS_Omni_SingleVarCalls.F90
COMPILING UAThorns/UA_EOS_Omni/src/EOS_Omni_MultiVarCalls.F90
COMPILING UAThorns/UA_EOS_Omni/src/EOS_Omni_ColdEOSReadTable.F90
COMPILING UAThorns/UA_EOS_Omni/src/EOS_Omni_BarotropicReadTable.F90
COMPILING CactusNumerical/Slab/src/slab.cc
COMPILING UAThorns/UA_EOS_Omni/src/nuc_eos_cxx/readtable.cc
COMPILING UAThorns/UA_EOS_Omni/src/nuc_eos_cxx/nuc_eos_short.cc
COMPILING UAThorns/UA_EOS_Omni/src/nuc_eos_cxx/nuc_eos_press_cs2.cc
COMPILING UAThorns/UA_EOS_Omni/src/nuc_eos_cxx/nuc_eos_press.cc
COMPILING UAThorns/UA_EOS_Omni/src/nuc_eos_cxx/nuc_eos_full.cc
COMPILING UAThorns/UA_EOS_Omni/src/nuc_eos_cxx/nuc_eos_dpdrhoe_dpderho.cc
COMPILING UAThorns/UA_EOS_Omni/src/nuc_eos_cxx/readtable_cactus_wrapper.cc
COMPILING UAThorns/UA_EOS_Omni/src/nuc_eos_cxx/dumpASCIItable.cc
COMPILING UAThorns/UA_EOS_Omni/src/nuc_eos_cxx/nuc_eos_extra.cc
Updating /home/pespino/Cactus/configs/c2p/lib/libthorn_ID_converter_ILGRMHD.a
COMPILING EinsteinInitialData/NoExcision/src/getlevelinfo.cc
Updating /home/pespino/Cactus/configs/c2p/lib/libthorn_Slab.a
Checking status of thorn Periodic
Checking status of thorn RotatingSymmetry180
Checking status of thorn RotatingSymmetry90
Updating /home/pespino/Cactus/configs/c2p/lib/libthorn_NoExcision.a
Updating /home/pespino/Cactus/configs/c2p/lib/libthorn_UA_EOS_Omni.a
Checking status of thorn IllinoisGRMHD
Checking status of thorn Spritz
Checking status of thorn Spritz_InitData
Checking status of thorn Spritz_SetBeta
Checking status of thorn ZelmaniLeak
COMPILING configs/c2p/bindings/build/IllinoisGRMHD/cctk_ThornBindings.c
COMPILING SpritzCode/ZelmaniLeak/src/calc_pnu.F90
COMPILING SpritzCode/ZelmaniLeak/src/ye_of_rho.F90
COMPILING SpritzCode/ZelmaniLeak/src/calc_taus.F90
COMPILING SpritzCode/ZelmaniLeak/src/startup.F90
COMPILING SpritzCode/ZelmaniLeak/src/Tmunu.F90
COMPILING SpritzCode/ZelmaniLeak/src/calc_leak.F90
Updating /home/pespino/Cactus/configs/c2p/lib/libthorn_ZelmaniLeak.a
COMPILING UAThorns/IllinoisGRMHD/src/InitSymBound.C
COMPILING UAThorns/IllinoisGRMHD/src/MoL_registration.C
COMPILING UAThorns/IllinoisGRMHD/src/postpostinitial__set_symmetries__copy_timelevels.C
COMPILING UAThorns/IllinoisGRMHD/src/compute_B_and_Bstagger_from_A.C
COMPILING UAThorns/IllinoisGRMHD/src/convert_ADM_to_BSSN__enforce_detgtij_eq_1__and_compute_gtupij.C
COMPILING UAThorns/IllinoisGRMHD/src/driver_evaluate_MHD_rhs.C
COMPILING UAThorns/IllinoisGRMHD/src/driver_conserv_to_prims.C
COMPILING UAThorns/IllinoisGRMHD/src/symmetry__set_gzs_staggered_gfs.C
COMPILING UAThorns/IllinoisGRMHD/src/outer_boundaries.C
Updating /home/pespino/Cactus/configs/c2p/lib/libthorn_IllinoisGRMHD.a
Creating cactus_c2p in /home/pespino/Cactus/exe from EinsteinAnalysis/ADMAnalysis EinsteinBase/ADMBase EinsteinBase/ADMCoupling Llama/ADMDerivatives EinsteinBase/ADMMacros EinsteinAnalysis/ADMMass Numerical/AEILocalInterp EinsteinAnalysis/AHFinder EinsteinAnalysis/AHFinderDirect CactusBase/Boundary CTThorns/CT_Analytic CTThorns/CT_MultiLevel EinsteinAnalysis/CalcK Carpet/Carpet Carpet/CarpetEvolutionMask Carpet/CarpetIOASCII Carpet/CarpetIOBasic Carpet/CarpetIOHDF5 Carpet/CarpetIOScalar Carpet/CarpetIntegrateTest Carpet/CarpetInterp Carpet/CarpetInterp2 Carpet/CarpetLib Carpet/CarpetMask Carpet/CarpetProlongateTest Carpet/CarpetReduce Carpet/CarpetRegrid Carpet/CarpetRegrid2 Carpet/CarpetRegridTest Carpet/CarpetSlab Carpet/CarpetTracker CactusBase/CartGrid3D CactusNumerical/Cartoon2D UAThorns/ConservativeToPrimitive EinsteinBase/Constants WVUThorns/Convert_to_HydroBase UAThorns/CookImporter CactusBase/CoordBase EinsteinBase/CoordGauge Llama/Coordinates Llama/CoordinatesSymmetry Carpet/CycleClock CactusExamples/DemoInterp CactusNumerical/Dissipation EinsteinInitialData/DistortedBHIVP EinsteinAnalysis/EHFinder ExternalLibraries/EIDR EinsteinBase/EOS_Base EinsteinEOS/EOS_Hybrid EinsteinEOS/EOS_IdealFluid EinsteinEOS/EOS_Polytrope EinsteinExact/EinsteinExact_Test CactusElliptic/EllBase CactusElliptic/EllSOR EllipticaID/Elliptica_BHNS EinsteinInitialData/Exact EinsteinAnalysis/Extract ExternalLibraries/FFTW3 CactusExamples/FleshInfo CactusBase/Fortran ExternalLibraries/GSL EinsteinExact/GaugeWave KrancNumericalTools/GenericFD Llama/GlobalDerivative ExternalLibraries/HDF5 CactusConnect/HTTPD CactusConnect/HTTPDExtra CactusExamples/HelloWorld Carpet/HighOrderWaveTest EinsteinBase/HydroBase EinsteinAnalysis/Hydro_Analysis EinsteinInitialData/Hydro_InitExcision EinsteinInitialData/Hydro_RNSID EinsteinInitialData/IDAnalyticBH EinsteinInitialData/IDAxiBrillBH EinsteinInitialData/IDAxiOddBrillBH EinsteinInitialData/IDBrillData EinsteinInitialData/IDConstraintViolate EinsteinInitialData/IDFileADM EinsteinInitialData/IDLinearWaves CactusWave/IDScalarWave CactusWave/IDScalarWaveC CactusWave/IDScalarWaveCXX CactusWave/IDScalarWaveElliptic CactusExamples/IDWaveMoL SpritzCode/ID_NrotStar UAThorns/ID_converter_ILGRMHD CactusBase/IOASCII CactusBase/IOBasic CactusPUGHIO/IOHDF5 CactusPUGHIO/IOHDF5Util CactusBase/IOUtil UAThorns/IllinoisGRMHD CactusBase/InitBase CactusNumerical/InterpToArray Llama/Interpolate2 EinsteinExact/KerrSchild ExternalLibraries/LORENE2 UAThorns/LapseFinder Lean/LeanBSSNMoL Llama/LlamaWaveToy CactusNumerical/LocalInterp CactusNumerical/LocalInterp2 CactusNumerical/LocalReduce Carpet/LoopControl McLachlan/ML_ADMConstraints McLachlan/ML_ADMQuantities McLachlan/ML_BSSN McLachlan/ML_BSSN_Helper McLachlan/ML_BSSN_Test McLachlan/ML_CCZ4 McLachlan/ML_CCZ4_Helper McLachlan/ML_CCZ4_Test McLachlan/ML_WaveToy McLachlan/ML_WaveToy_Test ExternalLibraries/MPI CactusUtils/MemSpeed EinsteinInitialData/Meudon_Bin_BH UAThorns/Meudon_Bin_NS EinsteinInitialData/Meudon_Mag_NS EinsteinExact/Minkowski CactusNumerical/MoL EinsteinExact/ModifiedSchwarzschildBL EinsteinAnalysis/Multipole Lean/NPScalars Proca/NPScalars_Proca CactusUtils/NaNCatcher CactusUtils/NaNChecker EinsteinEvolve/NewRad CactusUtils/Nice EinsteinInitialData/NoExcision CactusUtils/NoMPI CactusNumerical/Noise CactusNumerical/Norms PITTNullCode/NullConstr PITTNullCode/NullDecomp PITTNullCode/NullEvolve PITTNullCode/NullExact PITTNullCode/NullGrid PITTNullCode/NullInterp PITTNullCode/NullNews PITTNullCode/NullPsiInt PITTNullCode/NullSHRExtract PITTNullCode/NullVars ExternalLibraries/OpenBLAS ExternalLibraries/OpenSSL EinsteinAnalysis/Outflow CactusPUGH/PUGH CactusPUGH/PUGHInterp CactusPUGH/PUGHReduce CactusPUGH/PUGHSlab CactusNumerical/Periodic Carpet/PeriodicCarpet CactusExamples/Poisson Proca/ProcaBase Proca/ProcaEvolve Proca/Proca_simpleID EinsteinAnalysis/PunctureTracker EinsteinAnalysis/QuasiLocalMeasures EinsteinInitialData/ReadInterpolate SpritzCode/Recovery_Util CactusNumerical/ReflectionSymmetry Carpet/RegridSyncTest UAThorns/RhoBFinder EinsteinInitialData/RotatingDBHIVP CactusNumerical/RotatingSymmetry180 CactusNumerical/RotatingSymmetry90 CactusExamples/SampleBoundary CactusExamples/SampleIO WVUThorns/Seed_Magnetic_Fields WVUThorns_Diagnostics/Seed_Magnetic_Fields_BNS EinsteinUtils/SetMask_SphericalSurface EinsteinExact/ShiftedGaugeWave CactusNumerical/Slab CactusNumerical/SlabTest CactusConnect/Socket CactusNumerical/SpaceMask PITTNullCode/SphericalHarmonicDecomp PITTNullCode/SphericalHarmonicRecon PITTNullCode/SphericalHarmonicReconGen CactusNumerical/SphericalSurface SpritzCode/Spritz SpritzCode/Spritz_InitData SpritzCode/Spritz_SetBeta EinsteinBase/StaticConformal CactusNumerical/SummationByParts CactusBase/SymBase CactusUtils/SystemStatistics CactusUtils/SystemTopology CactusElliptic/TATelliptic EinsteinUtils/TGRtensor EinsteinInitialData/TOVSolver CactusNumerical/TensorTypes CactusUtils/TerminationTrigger CactusTest/TestArrays Carpet/TestCarpetGridInfo CactusTest/TestComplex CactusTest/TestCoordinates CactusTest/TestFortranCrayPointers CactusTest/TestFortranDependencies1 CactusTest/TestFortranDependencies2 CactusTest/TestFpointerNULL CactusTest/TestFreeF90 CactusTest/TestGlobalReduce CactusTest/TestInclude1 CactusTest/TestInclude2 CactusNumerical/TestLocalInterp2 CactusNumerical/TestLocalReduce CactusTest/TestLoop Carpet/TestLoopControl CactusTest/TestMath CactusTest/TestMoL CactusTest/TestPar CactusTest/TestReadWrite CactusTest/TestReduce CactusTest/TestSchedule CactusTest/TestStrings CactusTest/TestTable CactusTest/TestTimers CactusTest/TestTypes CactusBase/Time CactusExamples/TimerInfo CactusUtils/TimerReport Carpet/Timers EinsteinBase/TmunuBase CactusUtils/Trigger EinsteinInitialData/TwoPunctures Proca/TwoPunctures_KerrProca UAThorns/UA_EOS_Omni EinsteinExact/Vaidya2 CactusUtils/Vectors WVUThorns_Diagnostics/VolumeIntegrals_GRMHD WVUThorns_Diagnostics/VolumeIntegrals_vacuum CactusUtils/WatchDog CactusWave/WaveBinarySource Llama/WaveExtractL CactusExamples/WaveMoL CactusExamples/WaveToy1DF77 CactusExamples/WaveToy2DF77 CactusWave/WaveToyC CactusWave/WaveToyCXX CactusWave/WaveToyExtra CactusWave/WaveToyF77 CactusWave/WaveToyF90 CactusWave/WaveToyFreeF90 EinsteinAnalysis/WeylScal4 SpritzCode/ZelmaniLeak ExternalLibraries/hwloc ExternalLibraries/libjpeg WVUThorns_Diagnostics/particle_tracerET ExternalLibraries/pthreads WVUThorns_Diagnostics/smallbPoynET ExternalLibraries/zlib
/home/pespino/Cactus/configs/c2p/lib/libthorn_Elliptica_BHNS.a(bhns_id.cc.o): In function `Elliptica_BHNS_initialize':
bhns_id.cc:(.text+0xb): undefined reference to `elliptica_id_reader_init(char const*, char const*)'
collect2: error: ld returned 1 exit status
make[1]: *** [/home/pespino/Cactus/lib/make/make.configuration:150: /home/pespino/Cactus/exe/cactus_c2p] Error 1
make: *** [Makefile:265: c2p] Error 2
