/home/cactus/Cactus/TEST/sim/QuasiLocalMeasures
--------------------------------------------------------------------------------

       10                                  
  1   0101       ************************  
  01  1010 10      The Cactus Code V4.0    
 1010 1101 011      www.cactuscode.org     
  1001 100101    ************************  
    00010101                               
     100011     (c) Copyright The Authors  
      0100      GNU Licensed. No Warranty  
      0101                                 

--------------------------------------------------------------------------------

Cactus version:    4.1.1
Compile date:      Apr 26 2013 (15:17:05)
Run date:          Apr 26 2013 (15:37:59-0700)
Run host:          ETDebian (pid=20498)
Working directory: /home/cactus/Cactus/TEST/sim/QuasiLocalMeasures
Executable:        /home/cactus/Cactus/exe/cactus_sim
Parameter file:    /home/cactus/Cactus/arrangements/LSUThorns/QuasiLocalMeasures/test/qlm-bl.par
--------------------------------------------------------------------------------

Activating thorn Cactus...Success -> active implementation Cactus
Activation requested for 
--->IOUtil AEILocalInterp Fortran GSL GenericFD LoopControl Slab InitBase Carpet CarpetLib CarpetInterp CarpetReduce NaNChecker Boundary CartGrid3D CoordBase ReflectionSymmetry SymBase SphericalSurface CarpetMask MoL Time ADMBase ADMCoupling ADMMacros CoordGauge SpaceMask StaticConformal TmunuBase Exact ML_BSSN ML_BSSN_Helper NewRad Dissipation ML_ADMConstraints AHFinderDirect QuasiLocalMeasures CarpetIOBasic CarpetIOScalar CarpetIOASCII <---
Thorn AHFinderDirect requests automatic activation of HDF5
Thorn Carpet requests automatic activation of MPI
Thorn CarpetLib requests automatic activation of CycleClock
Thorn CarpetLib requests automatic activation of Vectors
Thorn CarpetLib requests automatic activation of hwloc
Thorn QuasiLocalMeasures requests automatic activation of TGRtensor
Thorn HDF5 requests automatic activation of zlib
Thorn TGRtensor requests automatic activation of LAPACK
Thorn LAPACK requests automatic activation of BLAS
Activating thorn ADMBase...Success -> active implementation ADMBase
Activating thorn ADMCoupling...Success -> active implementation ADMCoupling
Activating thorn ADMMacros...Success -> active implementation ADMMacros
Activating thorn AEILocalInterp...Success -> active implementation AEILocalInterp
Activating thorn AHFinderDirect...Success -> active implementation AHFinderDirect
Activating thorn BLAS...Success -> active implementation BLAS
Activating thorn Boundary...Success -> active implementation boundary
Activating thorn Carpet...Success -> active implementation Driver
Activating thorn CarpetInterp...Success -> active implementation interp
Activating thorn CarpetIOASCII...Success -> active implementation IOASCII
Activating thorn CarpetIOBasic...Success -> active implementation IOBasic
Activating thorn CarpetIOScalar...Success -> active implementation IOScalar
Activating thorn CarpetLib...Success -> active implementation CarpetLib
Activating thorn CarpetMask...Success -> active implementation CarpetMask
Activating thorn CarpetReduce...Success -> active implementation reduce
Activating thorn CartGrid3D...Success -> active implementation grid
Activating thorn CoordBase...Success -> active implementation CoordBase
Activating thorn CoordGauge...Success -> active implementation CoordGauge
Activating thorn CycleClock...Success -> active implementation CycleClock
Activating thorn Dissipation...Success -> active implementation Dissipation
Activating thorn Exact...Success -> active implementation exact
Activating thorn Fortran...Success -> active implementation Fortran
Activating thorn GenericFD...Success -> active implementation GenericFD
Activating thorn GSL...Success -> active implementation GSL
Activating thorn HDF5...Success -> active implementation HDF5
Activating thorn hwloc...Success -> active implementation hwloc
Activating thorn InitBase...Success -> active implementation InitBase
Activating thorn IOUtil...Success -> active implementation IO
Activating thorn LAPACK...Success -> active implementation LAPACK
Activating thorn LoopControl...Success -> active implementation LoopControl
Activating thorn ML_ADMConstraints...Success -> active implementation ML_ADMConstraints
Activating thorn ML_BSSN...Success -> active implementation ML_BSSN
Activating thorn ML_BSSN_Helper...Success -> active implementation ML_BSSN_Helper
Activating thorn MoL...Success -> active implementation MethodOfLines
Activating thorn MPI...Success -> active implementation MPI
Activating thorn NaNChecker...Success -> active implementation NaNChecker
Activating thorn NewRad...Success -> active implementation NewRad
Activating thorn QuasiLocalMeasures...Success -> active implementation QuasiLocalMeasures
Activating thorn ReflectionSymmetry...Success -> active implementation ReflectionSymmetry
Activating thorn Slab...Success -> active implementation Slab
Activating thorn SpaceMask...Success -> active implementation SpaceMask
Activating thorn SphericalSurface...Success -> active implementation SphericalSurface
Activating thorn StaticConformal...Success -> active implementation StaticConformal
Activating thorn SymBase...Success -> active implementation SymBase
Activating thorn TGRtensor...Success -> active implementation TGRtensor
Activating thorn Time...Success -> active implementation time
Activating thorn TmunuBase...Success -> active implementation TmunuBase
Activating thorn Vectors...Success -> active implementation Vectors
Activating thorn zlib...Success -> active implementation zlib
--------------------------------------------------------------------------------
  if (recover initial data)
    Recover parameters
  endif

  Startup routines
    [CCTK_STARTUP]
      Carpet::MultiModel_Startup: Multi-model Startup routine
      CycleClock::CycleClock_Setup: Set up CycleClock
      LoopControl::lc_setup: Set up LoopControl
      ML_BSSN_Helper::ML_BSSN_SetGroupTags: [meta] Set checkpointing and prolongation group tags
      hwloc::hwloc_system_topology: Output and/or modify system topology and hardware locality
      Carpet::Driver_Startup: Startup routine
      CarpetInterp::CarpetInterpStartup: Startup routine
      CarpetReduce::CarpetReduceStartup: Startup routine
      CartGrid3D::SymmetryStartup: Register GH Extension for GridSymmetry
      CoordBase::CoordBase_Startup: Register a GH extension to store the coordinate system handles
      AEILocalInterp::AEILocalInterp_U_Startup: register CCTK_InterpLocalUniform() interpolation operators
      IOUtil::IOUtil_Startup: Startup routine
      CarpetIOBasic::CarpetIOBasicStartup: [global] Startup routine
      ML_ADMConstraints::ML_ADMConstraints_Startup: [meta] create banner
      ML_BSSN::ML_BSSN_Startup: [meta] create banner
      ML_BSSN_Helper::ML_BSSN_RegisterSlicing: [meta] Register slicing
      CarpetIOScalar::CarpetIOScalarStartup: [global] Startup routine
      MoL::MoL_Startup: Startup banner
      Slab::Slab_InitMPIDatatypes: Create MPI datatypes for complex variables in C
      SymBase::SymBase_Startup: Register GH Extension for SymBase
      Vectors::Vectors_Startup: Print startup message
      CarpetIOASCII::CarpetIOASCIIStartup: [global] Startup routine

  Startup routines which need an existing grid hierarchy
    [CCTK_WRAGH]
      ADMBase::Einstein_InitSymBound: [global] Set up GF symmetries
      Boundary::Boundary_RegisterBCs: [global] Register boundary conditions that this thorn provides
      CartGrid3D::RegisterCartGrid3DCoords: [meta] Register coordinates for the Cartesian grid
      CoordGauge::Einstein_ActivateSlicing: Initialize slicing, setup priorities for mixed slicings
      CoordGauge::Einstein_SetNextSlicing: Identify the slicing for the next iteration
      MoL::MoL_SetupIndexArrays: Set up the MoL bookkeeping index arrays
      MoL::MoL_SetScheduleStatus: [global] Set the flag so it is ok to register with MoL
      TmunuBase::TmunuBase_SetStressEnergyState: [global] Set the stress_energy_state variable
      GROUP MoL_Register: The group where physics thorns register variables with MoL
        ML_ADMConstraints::ML_ADMConstraints_RegisterVars: [meta] Register Variables for MoL
        ML_BSSN::ML_BSSN_RegisterVars: [meta] Register Variables for MoL
        ML_BSSN_Helper::ML_BSSN_RegisterConstrained: [meta] Register ADMBase variables as constrained
      Slab::Slab_InitTimers: Initialise timers
      GROUP SymBase_Wrapper: Wrapper group for SymBase
        GROUP SymmetryRegister: Register your symmetries here
          CartGrid3D::RegisterSymmetryBoundaries: [meta] Register symmetry boundaries
          ML_ADMConstraints::ML_ADMConstraints_RegisterSymmetries: [meta] register symmetries
          ML_BSSN::ML_BSSN_RegisterSymmetries: [meta] register symmetries
          ReflectionSymmetry::ReflectionSymmetry_Register: Register reflection symmetry boundaries
        SymBase::SymBase_Statistics: Print symmetry boundary face descriptions
      MoL::MoL_ReportNumberVariables: [meta] Report how many of each type of variable there are
  Parameter checking routines
    [CCTK_PARAMCHECK]
      ADMBase::ADMBase_ParamCheck: [global] Check consistency of parameters
      Boundary::Boundary_Check: Check dimension of grid variables
      Carpet::CarpetParamCheck: Parameter checking routine
      CarpetLib::CarpetLib_test_prolongate_3d_rf2: [global] Test prolongation operators
      CarpetMask::CarpetSurfaceParamCheck: [global] Check parameters
      CartGrid3D::ParamCheck_CartGrid3D: Check coordinates for CartGrid3D
      Dissipation::dissipation_paramcheck: Check dissipation parameters for consistency
      Exact::Exact_ParamCheck: [global] do consistency checks on our parameters
      Fortran::CheckFortranParameters: Test whether Fortran parameters work correctly
      MoL::MoL_ParamCheck: Basic parameter checking
      QuasiLocalMeasures::qlm_paramcheck: [global] Check quasi-local parameter settings
      Vectors::Vectors_Test: Run correctness tests.

  Initialisation
    if (NOT (recover initial data AND recovery_mode is 'strict'))
      [CCTK_PREREGRIDINITIAL]
      Set up grid hierarchy
      [CCTK_POSTREGRIDINITIAL]
        AHFinderDirect::AHFinderDirect_maybe_do_masks: [global] [loop-local] set mask(s) based on apparent horizon position(s)
        CartGrid3D::SpatialCoordinates: Set Coordinates after regridding
        GROUP MaskBase_SetupMask: Set up the weight function
          GROUP MaskBase_SetupMaskAll: Set up the weight function
            CarpetReduce::MaskBase_AllocateMask: [global] Allocate the weight function
            CarpetReduce::MaskBase_InitMask: [global] [loop-local] Initialise the weight function
            GROUP SetupIMaskInternal: Set up the integer weight function (schedule other routines in here)
              CarpetReduce::CoordBase_SetupMask: [global] [loop-local] Set up the outer boundaries of the weight function
              CarpetReduce::CarpetMaskSetup: [global] [loop-singlemap] Set up the weight function for the restriction regions
            GROUP SetupIMask: Set up the integer weight function (schedule other routines in here)
              CarpetMask::CarpetExcludedSetup: [global] [loop-local] Set up the weight function for the excluded regions
              CarpetMask::CarpetSurfaceSetup: [global] [loop-local] Set up the weight function for the excluded spherical surfaces
            CarpetReduce::MaskBase_SetMask: [global] [loop-local] Set the weight function
            GROUP SetupMask: Set up the real weight function (schedule other routines in here)
            CarpetReduce::MaskBase_TestMask: [global] Test the weight function
        Dissipation::setup_epsdis: Setup spatially varying dissipation
        GROUP MoL_PseudoEvolutionBoundaries: Apply boundary conditions to pseudo-evolved quantities
          GROUP ML_ADMConstraints_bc_group: ML_ADMConstraints
            ML_ADMConstraints::ML_ADMConstraints_SelectBCs: [level] ML_ADMConstraints_SelectBCs
            GROUP ML_ADMConstraints_ApplyBCs: Apply BCs for groups set in ML_ADMConstraints
              GROUP BoundaryConditions: Execute all boundary conditions
                Boundary::Boundary_ApplyPhysicalBCs: Apply all requested local physical boundary conditions
                CartGrid3D::CartGrid3D_ApplyBC: Apply symmetry boundary conditions
                ReflectionSymmetry::ReflectionSymmetry_Apply: Apply reflection symmetries
              Boundary::Boundary_ClearSelection: [level] Unselect all grid variables for boundary conditions
          GROUP ML_BSSN_constraints1_bc_group: ML_BSSN_constraints1
            ML_BSSN::ML_BSSN_constraints1_SelectBCs: [level] ML_BSSN_constraints1_SelectBCs
            GROUP ML_BSSN_constraints1_ApplyBCs: Apply BCs for groups set in ML_BSSN_constraints1
              GROUP BoundaryConditions: Execute all boundary conditions
                Boundary::Boundary_ApplyPhysicalBCs: Apply all requested local physical boundary conditions
                CartGrid3D::CartGrid3D_ApplyBC: Apply symmetry boundary conditions
                ReflectionSymmetry::ReflectionSymmetry_Apply: Apply reflection symmetries
              Boundary::Boundary_ClearSelection: [level] Unselect all grid variables for boundary conditions
          GROUP ML_BSSN_constraints2_bc_group: ML_BSSN_constraints2
            ML_BSSN::ML_BSSN_constraints2_SelectBCs: [level] ML_BSSN_constraints2_SelectBCs
            GROUP ML_BSSN_constraints2_ApplyBCs: Apply BCs for groups set in ML_BSSN_constraints2
              GROUP BoundaryConditions: Execute all boundary conditions
                Boundary::Boundary_ApplyPhysicalBCs: Apply all requested local physical boundary conditions
                CartGrid3D::CartGrid3D_ApplyBC: Apply symmetry boundary conditions
                ReflectionSymmetry::ReflectionSymmetry_Apply: Apply reflection symmetries
              Boundary::Boundary_ClearSelection: [level] Unselect all grid variables for boundary conditions
      [CCTK_BASEGRID]
        ADMBase::ADMBase_SetShiftStateOn: Set the shift_state variable to 1
        ADMBase::ADMBase_SetDtLapseStateOn: Set the dtlapse_state variable to 1
        ADMBase::ADMBase_SetDtShiftStateOn: Set the dtshift_state variable to 1
        ADMMacros::ADMMacros_SetLocalSpatialOrder: Initialize the local_spatial_order
        CartGrid3D::SpatialSpacings: Set up ranges for spatial 3D Cartesian coordinates (on all grids)
        CartGrid3D::SpatialCoordinates: Set up spatial 3D Cartesian coordinates on the GH
        SphericalSurface::SphericalSurface_SetupRes: [global] [loop-local] Set surface resolution automatically
        AHFinderDirect::AHFinderDirect_setup: [global] setup data structures
        Dissipation::dissipation_basegrid: Ensure that there are enough ghost zones
        ML_ADMConstraints::ML_ADMConstraints_CheckBoundaries: [meta] check boundaries treatment
        ML_BSSN::ML_BSSN_CheckBoundaries: [meta] check boundaries treatment
        NaNChecker::NaNChecker_ResetCounter: [global] Reset the NaNChecker::NaNsFound counter
        SphericalSurface::SphericalSurface_Setup: [global] Calculate surface coordinate descriptors
        GROUP MaskBase_SetupMask: Set up the weight function
          GROUP MaskBase_SetupMaskAll: Set up the weight function
            CarpetReduce::MaskBase_AllocateMask: [global] Allocate the weight function
            CarpetReduce::MaskBase_InitMask: [global] [loop-local] Initialise the weight function
            GROUP SetupIMaskInternal: Set up the integer weight function (schedule other routines in here)
              CarpetReduce::CoordBase_SetupMask: [global] [loop-local] Set up the outer boundaries of the weight function
              CarpetReduce::CarpetMaskSetup: [global] [loop-singlemap] Set up the weight function for the restriction regions
            GROUP SetupIMask: Set up the integer weight function (schedule other routines in here)
              CarpetMask::CarpetExcludedSetup: [global] [loop-local] Set up the weight function for the excluded regions
              CarpetMask::CarpetSurfaceSetup: [global] [loop-local] Set up the weight function for the excluded spherical surfaces
            CarpetReduce::MaskBase_SetMask: [global] [loop-local] Set the weight function
            GROUP SetupMask: Set up the real weight function (schedule other routines in here)
            CarpetReduce::MaskBase_TestMask: [global] Test the weight function
        SphericalSurface::SphericalSurface_Set: [global] Set surface radii to be used for initial setup in other thorns
        GROUP SphericalSurface_HasBeenSet: Set the spherical surfaces before this group, and use it afterwards
          SphericalSurface::SphericalSurface_CheckState: [global] Test the state of the spherical surfaces
        SymBase::SymBase_Check: Check whether the driver set up the grid consistently
        Time::Time_Initialise: [global] Initialise Time variables
        Time::TemporalSpacings: [singlemap] Set timestep based on Courant condition (courant_static)
      [CCTK_INITIAL]
        StaticConformal::StaticConformal_InitialiseState: Set the conformal_state variable to 0
        GROUP ADMBase_InitialData: Schedule group for calculating ADM initial data
          Exact::Exact__decode_pars: decode/copy thorn Exact parameters into grid scalars
          Exact::Exact__initialize: Set initial data from exact solution on a trivial slice
        GROUP ADMBase_InitialGauge: Schedule group for the ADM initial gauge condition
          Exact::Exact__gauge: Set initial lapse and/or shift from exact solution on a trivial slice
        CarpetIOASCII::CarpetIOASCIIInit: [global] Initialisation routine
        CarpetIOBasic::CarpetIOBasicInit: [global] Initialisation routine
        CarpetIOScalar::CarpetIOScalarInit: [global] Initialisation routine
        GROUP ADMBase_PostInitial: Schedule group for modifying the ADM initial data, such as e.g. adding noise
        ML_BSSN::ML_BSSN_InitGamma: ML_BSSN_InitGamma
        ML_BSSN::ML_BSSN_convertFromADMBase: ML_BSSN_convertFromADMBase
        ML_BSSN::ML_BSSN_convertFromADMBaseGamma: ML_BSSN_convertFromADMBaseGamma
        MoL::MoL_StartLoop: [level] Initialise the step size control
        QuasiLocalMeasures::qlm_init: [global] Initialise quasi-local calculations
        ML_BSSN_Helper::ML_BSSN_ExtrapolateGammas: Extrapolate Gammas and time derivatives of lapse and shift
      [CCTK_POSTINITIAL]
        GROUP MoL_PostStepModify: The group for physics thorns to schedule enforcing constraints
          ML_BSSN::ML_BSSN_enforce: ML_BSSN_enforce
        GROUP MoL_PostStep: Ensure that everything is correct after the initial data have been set up
          ML_BSSN::ML_BSSN_SelectBoundConds: [level] select boundary conditions
          ML_ADMConstraints::ML_ADMConstraints_SelectBoundConds: [level] select boundary conditions
          GROUP ML_ADMConstraints_ApplyBCs: Apply boundary conditions controlled by thorn Boundary
            GROUP BoundaryConditions: Execute all boundary conditions
              Boundary::Boundary_ApplyPhysicalBCs: Apply all requested local physical boundary conditions
              CartGrid3D::CartGrid3D_ApplyBC: Apply symmetry boundary conditions
              ReflectionSymmetry::ReflectionSymmetry_Apply: Apply reflection symmetries
            Boundary::Boundary_ClearSelection: [level] Unselect all grid variables for boundary conditions
          GROUP ML_BSSN_ApplyBCs: Apply boundary conditions controlled by thorn Boundary
            GROUP BoundaryConditions: Execute all boundary conditions
              Boundary::Boundary_ApplyPhysicalBCs: Apply all requested local physical boundary conditions
              CartGrid3D::CartGrid3D_ApplyBC: Apply symmetry boundary conditions
              ReflectionSymmetry::ReflectionSymmetry_Apply: Apply reflection symmetries
            Boundary::Boundary_ClearSelection: [level] Unselect all grid variables for boundary conditions
          GROUP ML_BSSN_convertToADMBaseGroupWrapper: Calculate ADM variables
            GROUP ML_BSSN_convertToADMBaseGroup: Calculate ADM variables
              ML_BSSN::ML_BSSN_convertToADMBase: ML_BSSN_convertToADMBase
              ML_BSSN::ML_BSSN_convertToADMBaseFakeDtLapseShift: ML_BSSN_convertToADMBaseFakeDtLapseShift
            ML_BSSN_Helper::ML_BSSN_SelectBCsADMBase: [level] Select boundary conditions for ADMBase variables
            GROUP ML_BSSN_ApplyBCsADMBase: Apply boundary conditions to ADMBase variables
              GROUP BoundaryConditions: Execute all boundary conditions
                Boundary::Boundary_ApplyPhysicalBCs: Apply all requested local physical boundary conditions
                CartGrid3D::CartGrid3D_ApplyBC: Apply symmetry boundary conditions
                ReflectionSymmetry::ReflectionSymmetry_Apply: Apply reflection symmetries
              Boundary::Boundary_ClearSelection: [level] Unselect all grid variables for boundary conditions
          GROUP ADMBase_SetADMVars: Set the ADM variables before this group, and use them afterwards
        GROUP MoL_PseudoEvolution: Calculate pseudo-evolved quantities
          GROUP ADMBase_SetADMVars: Set the ADM variables before this group, and use them afterwards
          GROUP ML_ADMConstraints_group: ML_ADMConstraints
            ML_ADMConstraints::ML_ADMConstraints: ML_ADMConstraints
            GROUP ML_ADMConstraints_bc_group: ML_ADMConstraints
              ML_ADMConstraints::ML_ADMConstraints_SelectBCs: [level] ML_ADMConstraints_SelectBCs
              GROUP ML_ADMConstraints_ApplyBCs: Apply BCs for groups set in ML_ADMConstraints
                GROUP BoundaryConditions: Execute all boundary conditions
                  Boundary::Boundary_ApplyPhysicalBCs: Apply all requested local physical boundary conditions
                  CartGrid3D::CartGrid3D_ApplyBC: Apply symmetry boundary conditions
                  ReflectionSymmetry::ReflectionSymmetry_Apply: Apply reflection symmetries
                Boundary::Boundary_ClearSelection: [level] Unselect all grid variables for boundary conditions
          GROUP ML_BSSN_constraints1_group: ML_BSSN_constraints1
            ML_BSSN::ML_BSSN_constraints1: ML_BSSN_constraints1
            GROUP ML_BSSN_constraints1_bc_group: ML_BSSN_constraints1
              ML_BSSN::ML_BSSN_constraints1_SelectBCs: [level] ML_BSSN_constraints1_SelectBCs
              GROUP ML_BSSN_constraints1_ApplyBCs: Apply BCs for groups set in ML_BSSN_constraints1
                GROUP BoundaryConditions: Execute all boundary conditions
                  Boundary::Boundary_ApplyPhysicalBCs: Apply all requested local physical boundary conditions
                  CartGrid3D::CartGrid3D_ApplyBC: Apply symmetry boundary conditions
                  ReflectionSymmetry::ReflectionSymmetry_Apply: Apply reflection symmetries
                Boundary::Boundary_ClearSelection: [level] Unselect all grid variables for boundary conditions
          GROUP ML_BSSN_constraints2_group: ML_BSSN_constraints2
            ML_BSSN::ML_BSSN_constraints2: ML_BSSN_constraints2
            GROUP ML_BSSN_constraints2_bc_group: ML_BSSN_constraints2
              ML_BSSN::ML_BSSN_constraints2_SelectBCs: [level] ML_BSSN_constraints2_SelectBCs
              GROUP ML_BSSN_constraints2_ApplyBCs: Apply BCs for groups set in ML_BSSN_constraints2
                GROUP BoundaryConditions: Execute all boundary conditions
                  Boundary::Boundary_ApplyPhysicalBCs: Apply all requested local physical boundary conditions
                  CartGrid3D::CartGrid3D_ApplyBC: Apply symmetry boundary conditions
                  ReflectionSymmetry::ReflectionSymmetry_Apply: Apply reflection symmetries
                Boundary::Boundary_ClearSelection: [level] Unselect all grid variables for boundary conditions
      Initialise finer grids recursively
      Restrict from finer grids
      [CCTK_POSTRESTRICTINITIAL]
        GROUP MoL_PostStep: Ensure that everything is correct after restriction
          ML_BSSN::ML_BSSN_SelectBoundConds: [level] select boundary conditions
          ML_ADMConstraints::ML_ADMConstraints_SelectBoundConds: [level] select boundary conditions
          GROUP ML_ADMConstraints_ApplyBCs: Apply boundary conditions controlled by thorn Boundary
            GROUP BoundaryConditions: Execute all boundary conditions
              Boundary::Boundary_ApplyPhysicalBCs: Apply all requested local physical boundary conditions
              CartGrid3D::CartGrid3D_ApplyBC: Apply symmetry boundary conditions
              ReflectionSymmetry::ReflectionSymmetry_Apply: Apply reflection symmetries
            Boundary::Boundary_ClearSelection: [level] Unselect all grid variables for boundary conditions
          GROUP ML_BSSN_ApplyBCs: Apply boundary conditions controlled by thorn Boundary
            GROUP BoundaryConditions: Execute all boundary conditions
              Boundary::Boundary_ApplyPhysicalBCs: Apply all requested local physical boundary conditions
              CartGrid3D::CartGrid3D_ApplyBC: Apply symmetry boundary conditions
              ReflectionSymmetry::ReflectionSymmetry_Apply: Apply reflection symmetries
            Boundary::Boundary_ClearSelection: [level] Unselect all grid variables for boundary conditions
          GROUP ML_BSSN_convertToADMBaseGroupWrapper: Calculate ADM variables
            GROUP ML_BSSN_convertToADMBaseGroup: Calculate ADM variables
              ML_BSSN::ML_BSSN_convertToADMBase: ML_BSSN_convertToADMBase
              ML_BSSN::ML_BSSN_convertToADMBaseFakeDtLapseShift: ML_BSSN_convertToADMBaseFakeDtLapseShift
            ML_BSSN_Helper::ML_BSSN_SelectBCsADMBase: [level] Select boundary conditions for ADMBase variables
            GROUP ML_BSSN_ApplyBCsADMBase: Apply boundary conditions to ADMBase variables
              GROUP BoundaryConditions: Execute all boundary conditions
                Boundary::Boundary_ApplyPhysicalBCs: Apply all requested local physical boundary conditions
                CartGrid3D::CartGrid3D_ApplyBC: Apply symmetry boundary conditions
                ReflectionSymmetry::ReflectionSymmetry_Apply: Apply reflection symmetries
              Boundary::Boundary_ClearSelection: [level] Unselect all grid variables for boundary conditions
          GROUP ADMBase_SetADMVars: Set the ADM variables before this group, and use them afterwards
        GROUP MoL_PseudoEvolutionBoundaries: Apply boundary conditions to pseudo-evolved quantities
          GROUP ML_ADMConstraints_bc_group: ML_ADMConstraints
            ML_ADMConstraints::ML_ADMConstraints_SelectBCs: [level] ML_ADMConstraints_SelectBCs
            GROUP ML_ADMConstraints_ApplyBCs: Apply BCs for groups set in ML_ADMConstraints
              GROUP BoundaryConditions: Execute all boundary conditions
                Boundary::Boundary_ApplyPhysicalBCs: Apply all requested local physical boundary conditions
                CartGrid3D::CartGrid3D_ApplyBC: Apply symmetry boundary conditions
                ReflectionSymmetry::ReflectionSymmetry_Apply: Apply reflection symmetries
              Boundary::Boundary_ClearSelection: [level] Unselect all grid variables for boundary conditions
          GROUP ML_BSSN_constraints1_bc_group: ML_BSSN_constraints1
            ML_BSSN::ML_BSSN_constraints1_SelectBCs: [level] ML_BSSN_constraints1_SelectBCs
            GROUP ML_BSSN_constraints1_ApplyBCs: Apply BCs for groups set in ML_BSSN_constraints1
              GROUP BoundaryConditions: Execute all boundary conditions
                Boundary::Boundary_ApplyPhysicalBCs: Apply all requested local physical boundary conditions
                CartGrid3D::CartGrid3D_ApplyBC: Apply symmetry boundary conditions
                ReflectionSymmetry::ReflectionSymmetry_Apply: Apply reflection symmetries
              Boundary::Boundary_ClearSelection: [level] Unselect all grid variables for boundary conditions
          GROUP ML_BSSN_constraints2_bc_group: ML_BSSN_constraints2
            ML_BSSN::ML_BSSN_constraints2_SelectBCs: [level] ML_BSSN_constraints2_SelectBCs
            GROUP ML_BSSN_constraints2_ApplyBCs: Apply BCs for groups set in ML_BSSN_constraints2
              GROUP BoundaryConditions: Execute all boundary conditions
                Boundary::Boundary_ApplyPhysicalBCs: Apply all requested local physical boundary conditions
                CartGrid3D::CartGrid3D_ApplyBC: Apply symmetry boundary conditions
                ReflectionSymmetry::ReflectionSymmetry_Apply: Apply reflection symmetries
              Boundary::Boundary_ClearSelection: [level] Unselect all grid variables for boundary conditions
      [CCTK_POSTPOSTINITIAL]
      [CCTK_POSTSTEP]
        SphericalSurface::SphericalSurface_Set: [global] Set surface radii
        GROUP SphericalSurface_HasBeenSet: Set the spherical surfaces before this group, and use it afterwards
          SphericalSurface::SphericalSurface_CheckState: [global] Test the state of the spherical surfaces
        GROUP zzz_NaNChecker_NaNCheck: Check for NaNs and count them in NaNChecker::NaNsFound
          NaNChecker::NaNChecker_NaNCheck_Prepare: [level] Prepare data structures to check for NaNs
          NaNChecker::NaNChecker_NaNCheck_Check: [local] Check for NaNs
          NaNChecker::NaNChecker_NaNCheck_Finish: [level] Count NaNs in NaNChecker::NaNsFound
        NaNChecker::NaNChecker_TakeAction: [global] [loop-level] Output NaNChecker::NaNmask and take action according to NaNChecker::action_if_found
        Dissipation::setup_epsdis: Setup spatially varying dissipation
        GROUP MaskBase_SetupMask: Set up the weight function
          GROUP MaskBase_SetupMaskAll: Set up the weight function
            CarpetReduce::MaskBase_AllocateMask: [global] Allocate the weight function
            CarpetReduce::MaskBase_InitMask: [global] [loop-local] Initialise the weight function
            GROUP SetupIMaskInternal: Set up the integer weight function (schedule other routines in here)
              CarpetReduce::CoordBase_SetupMask: [global] [loop-local] Set up the outer boundaries of the weight function
              CarpetReduce::CarpetMaskSetup: [global] [loop-singlemap] Set up the weight function for the restriction regions
            GROUP SetupIMask: Set up the integer weight function (schedule other routines in here)
              CarpetMask::CarpetExcludedSetup: [global] [loop-local] Set up the weight function for the excluded regions
              CarpetMask::CarpetSurfaceSetup: [global] [loop-local] Set up the weight function for the excluded spherical surfaces
            CarpetReduce::MaskBase_SetMask: [global] [loop-local] Set the weight function
            GROUP SetupMask: Set up the real weight function (schedule other routines in here)
            CarpetReduce::MaskBase_TestMask: [global] Test the weight function
    endif
    if (recover initial data)
      [CCTK_BASEGRID]
        ADMBase::ADMBase_SetShiftStateOn: Set the shift_state variable to 1
        ADMBase::ADMBase_SetDtLapseStateOn: Set the dtlapse_state variable to 1
        ADMBase::ADMBase_SetDtShiftStateOn: Set the dtshift_state variable to 1
        ADMMacros::ADMMacros_SetLocalSpatialOrder: Initialize the local_spatial_order
        CartGrid3D::SpatialSpacings: Set up ranges for spatial 3D Cartesian coordinates (on all grids)
        CartGrid3D::SpatialCoordinates: Set up spatial 3D Cartesian coordinates on the GH
        SphericalSurface::SphericalSurface_SetupRes: [global] [loop-local] Set surface resolution automatically
        AHFinderDirect::AHFinderDirect_setup: [global] setup data structures
        Dissipation::dissipation_basegrid: Ensure that there are enough ghost zones
        ML_ADMConstraints::ML_ADMConstraints_CheckBoundaries: [meta] check boundaries treatment
        ML_BSSN::ML_BSSN_CheckBoundaries: [meta] check boundaries treatment
        NaNChecker::NaNChecker_ResetCounter: [global] Reset the NaNChecker::NaNsFound counter
        SphericalSurface::SphericalSurface_Setup: [global] Calculate surface coordinate descriptors
        GROUP MaskBase_SetupMask: Set up the weight function
          GROUP MaskBase_SetupMaskAll: Set up the weight function
            CarpetReduce::MaskBase_AllocateMask: [global] Allocate the weight function
            CarpetReduce::MaskBase_InitMask: [global] [loop-local] Initialise the weight function
            GROUP SetupIMaskInternal: Set up the integer weight function (schedule other routines in here)
              CarpetReduce::CoordBase_SetupMask: [global] [loop-local] Set up the outer boundaries of the weight function
              CarpetReduce::CarpetMaskSetup: [global] [loop-singlemap] Set up the weight function for the restriction regions
            GROUP SetupIMask: Set up the integer weight function (schedule other routines in here)
              CarpetMask::CarpetExcludedSetup: [global] [loop-local] Set up the weight function for the excluded regions
              CarpetMask::CarpetSurfaceSetup: [global] [loop-local] Set up the weight function for the excluded spherical surfaces
            CarpetReduce::MaskBase_SetMask: [global] [loop-local] Set the weight function
            GROUP SetupMask: Set up the real weight function (schedule other routines in here)
            CarpetReduce::MaskBase_TestMask: [global] Test the weight function
        SphericalSurface::SphericalSurface_Set: [global] Set surface radii to be used for initial setup in other thorns
        GROUP SphericalSurface_HasBeenSet: Set the spherical surfaces before this group, and use it afterwards
          SphericalSurface::SphericalSurface_CheckState: [global] Test the state of the spherical surfaces
        SymBase::SymBase_Check: Check whether the driver set up the grid consistently
        Time::Time_Initialise: [global] Initialise Time variables
        Time::TemporalSpacings: [singlemap] Set timestep based on Courant condition (courant_static)
      [CCTK_RECOVER_VARIABLES]
      [CCTK_POST_RECOVER_VARIABLES]
        AHFinderDirect::AHFinderDirect_recover: [global] import horizon data from Cactus variables
        GROUP MaskBase_SetupMask: Set up the weight function
          GROUP MaskBase_SetupMaskAll: Set up the weight function
            CarpetReduce::MaskBase_AllocateMask: [global] Allocate the weight function
            CarpetReduce::MaskBase_InitMask: [global] [loop-local] Initialise the weight function
            GROUP SetupIMaskInternal: Set up the integer weight function (schedule other routines in here)
              CarpetReduce::CoordBase_SetupMask: [global] [loop-local] Set up the outer boundaries of the weight function
              CarpetReduce::CarpetMaskSetup: [global] [loop-singlemap] Set up the weight function for the restriction regions
            GROUP SetupIMask: Set up the integer weight function (schedule other routines in here)
              CarpetMask::CarpetExcludedSetup: [global] [loop-local] Set up the weight function for the excluded regions
              CarpetMask::CarpetSurfaceSetup: [global] [loop-local] Set up the weight function for the excluded spherical surfaces
            CarpetReduce::MaskBase_SetMask: [global] [loop-local] Set the weight function
            GROUP SetupMask: Set up the real weight function (schedule other routines in here)
            CarpetReduce::MaskBase_TestMask: [global] Test the weight function
        GROUP MoL_PostStep: Ensure that everything is correct after recovery
          ML_BSSN::ML_BSSN_SelectBoundConds: [level] select boundary conditions
          ML_ADMConstraints::ML_ADMConstraints_SelectBoundConds: [level] select boundary conditions
          GROUP ML_ADMConstraints_ApplyBCs: Apply boundary conditions controlled by thorn Boundary
            GROUP BoundaryConditions: Execute all boundary conditions
              Boundary::Boundary_ApplyPhysicalBCs: Apply all requested local physical boundary conditions
              CartGrid3D::CartGrid3D_ApplyBC: Apply symmetry boundary conditions
              ReflectionSymmetry::ReflectionSymmetry_Apply: Apply reflection symmetries
            Boundary::Boundary_ClearSelection: [level] Unselect all grid variables for boundary conditions
          GROUP ML_BSSN_ApplyBCs: Apply boundary conditions controlled by thorn Boundary
            GROUP BoundaryConditions: Execute all boundary conditions
              Boundary::Boundary_ApplyPhysicalBCs: Apply all requested local physical boundary conditions
              CartGrid3D::CartGrid3D_ApplyBC: Apply symmetry boundary conditions
              ReflectionSymmetry::ReflectionSymmetry_Apply: Apply reflection symmetries
            Boundary::Boundary_ClearSelection: [level] Unselect all grid variables for boundary conditions
          GROUP ML_BSSN_convertToADMBaseGroupWrapper: Calculate ADM variables
            GROUP ML_BSSN_convertToADMBaseGroup: Calculate ADM variables
              ML_BSSN::ML_BSSN_convertToADMBase: ML_BSSN_convertToADMBase
              ML_BSSN::ML_BSSN_convertToADMBaseFakeDtLapseShift: ML_BSSN_convertToADMBaseFakeDtLapseShift
            ML_BSSN_Helper::ML_BSSN_SelectBCsADMBase: [level] Select boundary conditions for ADMBase variables
            GROUP ML_BSSN_ApplyBCsADMBase: Apply boundary conditions to ADMBase variables
              GROUP BoundaryConditions: Execute all boundary conditions
                Boundary::Boundary_ApplyPhysicalBCs: Apply all requested local physical boundary conditions
                CartGrid3D::CartGrid3D_ApplyBC: Apply symmetry boundary conditions
                ReflectionSymmetry::ReflectionSymmetry_Apply: Apply reflection symmetries
              Boundary::Boundary_ClearSelection: [level] Unselect all grid variables for boundary conditions
          GROUP ADMBase_SetADMVars: Set the ADM variables before this group, and use them afterwards
        GROUP zzz_NaNChecker_NaNCheck: Check for NaNs and count them in NaNChecker::NaNsFound
          NaNChecker::NaNChecker_NaNCheck_Prepare: [level] Prepare data structures to check for NaNs
          NaNChecker::NaNChecker_NaNCheck_Check: [local] Check for NaNs
          NaNChecker::NaNChecker_NaNCheck_Finish: [level] Count NaNs in NaNChecker::NaNsFound
        NaNChecker::NaNChecker_TakeAction: [global] [loop-level] Output NaNChecker::NaNmask and take action according to NaNChecker::action_if_found
    endif
    if (checkpoint initial data)
      [CCTK_CPINITIAL]
    endif
    if (analysis)
      [CCTK_ANALYSIS]
        AHFinderDirect::AHFinderDirect_import_mask: [global] [loop-local] import the excision mask
        AHFinderDirect::AHFinderDirect_find_horizons: [global] find apparent horizon(s) after this time step
        AHFinderDirect::AHFinderDirect_store: [global] store apparent horizon(s) into spherical surface(s)
        AHFinderDirect::AHFinderDirect_save: [global] save apparent horizon(s) into Cactus variables
        AHFinderDirect::AHFinderDirect_maybe_do_masks: [global] [loop-local] set mask(s) based on apparent horizon position(s)
        CarpetLib::CarpetLib_printtimestats: [global] Print timing statistics if desired
        CarpetLib::CarpetLib_printmemstats: [global] Print memory statistics if desired
        LoopControl::lc_statistics_maybe: [meta] Output LoopControl statistics
        ML_BSSN::ML_BSSN_InitRHS: ML_BSSN_InitRHS
        GROUP ML_BSSN_evolCalcGroup: Calculate BSSN RHS
          ML_BSSN::ML_BSSN_RHS1: ML_BSSN_RHS1
          ML_BSSN::ML_BSSN_RHS2: ML_BSSN_RHS2
          ML_BSSN::ML_BSSN_Advect: ML_BSSN_Advect
          ML_BSSN_Helper::ML_BSSN_NewRad: Apply NewRad boundary conditions to RHS
        QuasiLocalMeasures::qlm_calculate: [global] Calculate quasi-local quantities
  endif
  Output grid variables

  do loop over timesteps
    [CCTK_PREREGRID]
    Change grid hierarchy
    [CCTK_POSTREGRID]
      AHFinderDirect::AHFinderDirect_maybe_do_masks: [global] [loop-local] set mask(s) based on apparent horizon position(s)
      CartGrid3D::SpatialCoordinates: Set Coordinates after regridding
      GROUP MaskBase_SetupMask: Set up the weight function
        GROUP MaskBase_SetupMaskAll: Set up the weight function
          CarpetReduce::MaskBase_AllocateMask: [global] Allocate the weight function
          CarpetReduce::MaskBase_InitMask: [global] [loop-local] Initialise the weight function
          GROUP SetupIMaskInternal: Set up the integer weight function (schedule other routines in here)
            CarpetReduce::CoordBase_SetupMask: [global] [loop-local] Set up the outer boundaries of the weight function
            CarpetReduce::CarpetMaskSetup: [global] [loop-singlemap] Set up the weight function for the restriction regions
          GROUP SetupIMask: Set up the integer weight function (schedule other routines in here)
            CarpetMask::CarpetExcludedSetup: [global] [loop-local] Set up the weight function for the excluded regions
            CarpetMask::CarpetSurfaceSetup: [global] [loop-local] Set up the weight function for the excluded spherical surfaces
          CarpetReduce::MaskBase_SetMask: [global] [loop-local] Set the weight function
          GROUP SetupMask: Set up the real weight function (schedule other routines in here)
          CarpetReduce::MaskBase_TestMask: [global] Test the weight function
      Dissipation::setup_epsdis: Setup spatially varying dissipation
      GROUP MoL_PostStep: Ensure that everything is correct after regridding
        ML_BSSN::ML_BSSN_SelectBoundConds: [level] select boundary conditions
        ML_ADMConstraints::ML_ADMConstraints_SelectBoundConds: [level] select boundary conditions
        GROUP ML_ADMConstraints_ApplyBCs: Apply boundary conditions controlled by thorn Boundary
          GROUP BoundaryConditions: Execute all boundary conditions
            Boundary::Boundary_ApplyPhysicalBCs: Apply all requested local physical boundary conditions
            CartGrid3D::CartGrid3D_ApplyBC: Apply symmetry boundary conditions
            ReflectionSymmetry::ReflectionSymmetry_Apply: Apply reflection symmetries
          Boundary::Boundary_ClearSelection: [level] Unselect all grid variables for boundary conditions
        GROUP ML_BSSN_ApplyBCs: Apply boundary conditions controlled by thorn Boundary
          GROUP BoundaryConditions: Execute all boundary conditions
            Boundary::Boundary_ApplyPhysicalBCs: Apply all requested local physical boundary conditions
            CartGrid3D::CartGrid3D_ApplyBC: Apply symmetry boundary conditions
            ReflectionSymmetry::ReflectionSymmetry_Apply: Apply reflection symmetries
          Boundary::Boundary_ClearSelection: [level] Unselect all grid variables for boundary conditions
        GROUP ML_BSSN_convertToADMBaseGroupWrapper: Calculate ADM variables
          GROUP ML_BSSN_convertToADMBaseGroup: Calculate ADM variables
            ML_BSSN::ML_BSSN_convertToADMBase: ML_BSSN_convertToADMBase
            ML_BSSN::ML_BSSN_convertToADMBaseFakeDtLapseShift: ML_BSSN_convertToADMBaseFakeDtLapseShift
          ML_BSSN_Helper::ML_BSSN_SelectBCsADMBase: [level] Select boundary conditions for ADMBase variables
          GROUP ML_BSSN_ApplyBCsADMBase: Apply boundary conditions to ADMBase variables
            GROUP BoundaryConditions: Execute all boundary conditions
              Boundary::Boundary_ApplyPhysicalBCs: Apply all requested local physical boundary conditions
              CartGrid3D::CartGrid3D_ApplyBC: Apply symmetry boundary conditions
              ReflectionSymmetry::ReflectionSymmetry_Apply: Apply reflection symmetries
            Boundary::Boundary_ClearSelection: [level] Unselect all grid variables for boundary conditions
        GROUP ADMBase_SetADMVars: Set the ADM variables before this group, and use them afterwards
      GROUP MoL_PseudoEvolutionBoundaries: Apply boundary conditions to pseudo-evolved quantities
        GROUP ML_ADMConstraints_bc_group: ML_ADMConstraints
          ML_ADMConstraints::ML_ADMConstraints_SelectBCs: [level] ML_ADMConstraints_SelectBCs
          GROUP ML_ADMConstraints_ApplyBCs: Apply BCs for groups set in ML_ADMConstraints
            GROUP BoundaryConditions: Execute all boundary conditions
              Boundary::Boundary_ApplyPhysicalBCs: Apply all requested local physical boundary conditions
              CartGrid3D::CartGrid3D_ApplyBC: Apply symmetry boundary conditions
              ReflectionSymmetry::ReflectionSymmetry_Apply: Apply reflection symmetries
            Boundary::Boundary_ClearSelection: [level] Unselect all grid variables for boundary conditions
        GROUP ML_BSSN_constraints1_bc_group: ML_BSSN_constraints1
          ML_BSSN::ML_BSSN_constraints1_SelectBCs: [level] ML_BSSN_constraints1_SelectBCs
          GROUP ML_BSSN_constraints1_ApplyBCs: Apply BCs for groups set in ML_BSSN_constraints1
            GROUP BoundaryConditions: Execute all boundary conditions
              Boundary::Boundary_ApplyPhysicalBCs: Apply all requested local physical boundary conditions
              CartGrid3D::CartGrid3D_ApplyBC: Apply symmetry boundary conditions
              ReflectionSymmetry::ReflectionSymmetry_Apply: Apply reflection symmetries
            Boundary::Boundary_ClearSelection: [level] Unselect all grid variables for boundary conditions
        GROUP ML_BSSN_constraints2_bc_group: ML_BSSN_constraints2
          ML_BSSN::ML_BSSN_constraints2_SelectBCs: [level] ML_BSSN_constraints2_SelectBCs
          GROUP ML_BSSN_constraints2_ApplyBCs: Apply BCs for groups set in ML_BSSN_constraints2
            GROUP BoundaryConditions: Execute all boundary conditions
              Boundary::Boundary_ApplyPhysicalBCs: Apply all requested local physical boundary conditions
              CartGrid3D::CartGrid3D_ApplyBC: Apply symmetry boundary conditions
              ReflectionSymmetry::ReflectionSymmetry_Apply: Apply reflection symmetries
            Boundary::Boundary_ClearSelection: [level] Unselect all grid variables for boundary conditions
    Rotate timelevels
    iteration = iteration+1
    t = t+dt
    [CCTK_PRESTEP]
      CoordGauge::Einstein_SetNextSlicing: Identify the slicing for the next iteration
      NaNChecker::NaNChecker_ResetCounter: [global] Reset the NaNChecker::NaNsFound counter
    [CCTK_EVOL]
      MoL::MoL_StartLoop: [level] Initialise the step size control
      while (MoL::MoL_Stepsize_Bad)
        GROUP MoL_Evolution: A single Cactus evolution step using MoL
          GROUP MoL_StartStep: MoL internal setup for the evolution step
            MoL::MoL_SetCounter: [level] Set the counter for the ODE method to loop over
            MoL::MoL_SetTime: [level] Ensure the correct time and timestep are used
          GROUP MoL_PreStep: Physics thorns can schedule preloop setup routines in here
          MoL::MoL_InitialCopy: Ensure the data is in the correct timelevel
          while (MoL::MoL_Intermediate_Step)
            GROUP MoL_Step: The loop over the intermediate steps for the ODE integrator
              MoL::MoL_InitRHS: Initialise the RHS functions
              GROUP MoL_CalcRHS: Physics thorns schedule the calculation of the discrete spatial operator in here
                GROUP ML_BSSN_evolCalcGroup: Calculate BSSN RHS
                  ML_BSSN::ML_BSSN_RHS1: ML_BSSN_RHS1
                  ML_BSSN::ML_BSSN_RHS2: ML_BSSN_RHS2
                  ML_BSSN::ML_BSSN_Advect: ML_BSSN_Advect
                  ML_BSSN_Helper::ML_BSSN_NewRad: Apply NewRad boundary conditions to RHS
              GROUP MoL_PostRHS: Modify RHS functions
                Dissipation::dissipation_add: Add Kreiss-Oliger dissipation to the right hand sides
              GROUP MoL_RHSBoundaries: Any 'final' modifications to the RHS functions (boundaries etc.)
              MoL::MoL_Add: Updates calculated with the efficient Runge-Kutta 4 method
              MoL::MoL_DecrementCounter: [level] Alter the counter number
              MoL::MoL_ResetTime: [level] If necessary, change the time
              GROUP MoL_PostStepModify: The group for physics thorns to schedule enforcing constraints
                ML_BSSN::ML_BSSN_enforce: ML_BSSN_enforce
              GROUP MoL_PostStep: The group for physics thorns to schedule boundary calls etc.
                ML_BSSN::ML_BSSN_SelectBoundConds: [level] select boundary conditions
                ML_ADMConstraints::ML_ADMConstraints_SelectBoundConds: [level] select boundary conditions
                GROUP ML_ADMConstraints_ApplyBCs: Apply boundary conditions controlled by thorn Boundary
                  GROUP BoundaryConditions: Execute all boundary conditions
                    Boundary::Boundary_ApplyPhysicalBCs: Apply all requested local physical boundary conditions
                    CartGrid3D::CartGrid3D_ApplyBC: Apply symmetry boundary conditions
                    ReflectionSymmetry::ReflectionSymmetry_Apply: Apply reflection symmetries
                  Boundary::Boundary_ClearSelection: [level] Unselect all grid variables for boundary conditions
                GROUP ML_BSSN_ApplyBCs: Apply boundary conditions controlled by thorn Boundary
                  GROUP BoundaryConditions: Execute all boundary conditions
                    Boundary::Boundary_ApplyPhysicalBCs: Apply all requested local physical boundary conditions
                    CartGrid3D::CartGrid3D_ApplyBC: Apply symmetry boundary conditions
                    ReflectionSymmetry::ReflectionSymmetry_Apply: Apply reflection symmetries
                  Boundary::Boundary_ClearSelection: [level] Unselect all grid variables for boundary conditions
                GROUP ML_BSSN_convertToADMBaseGroupWrapper: Calculate ADM variables
                  GROUP ML_BSSN_convertToADMBaseGroup: Calculate ADM variables
                    ML_BSSN::ML_BSSN_convertToADMBase: ML_BSSN_convertToADMBase
                    ML_BSSN::ML_BSSN_convertToADMBaseFakeDtLapseShift: ML_BSSN_convertToADMBaseFakeDtLapseShift
                  ML_BSSN_Helper::ML_BSSN_SelectBCsADMBase: [level] Select boundary conditions for ADMBase variables
                  GROUP ML_BSSN_ApplyBCsADMBase: Apply boundary conditions to ADMBase variables
                    GROUP BoundaryConditions: Execute all boundary conditions
                      Boundary::Boundary_ApplyPhysicalBCs: Apply all requested local physical boundary conditions
                      CartGrid3D::CartGrid3D_ApplyBC: Apply symmetry boundary conditions
                      ReflectionSymmetry::ReflectionSymmetry_Apply: Apply reflection symmetries
                    Boundary::Boundary_ClearSelection: [level] Unselect all grid variables for boundary conditions
                GROUP ADMBase_SetADMVars: Set the ADM variables before this group, and use them afterwards
              MoL::MoL_ResetDeltaTime: [level] If necessary, change the timestep
          end while
          MoL::MoL_FinishLoop: [level] Control the step size
          MoL::MoL_RestoreSandR: Restoring the Save and Restore variables to the original state
      end while
      GROUP MoL_PseudoEvolution: Calculate pseudo-evolved quantities
        GROUP ADMBase_SetADMVars: Set the ADM variables before this group, and use them afterwards
        GROUP ML_ADMConstraints_group: ML_ADMConstraints
          ML_ADMConstraints::ML_ADMConstraints: ML_ADMConstraints
          GROUP ML_ADMConstraints_bc_group: ML_ADMConstraints
            ML_ADMConstraints::ML_ADMConstraints_SelectBCs: [level] ML_ADMConstraints_SelectBCs
            GROUP ML_ADMConstraints_ApplyBCs: Apply BCs for groups set in ML_ADMConstraints
              GROUP BoundaryConditions: Execute all boundary conditions
                Boundary::Boundary_ApplyPhysicalBCs: Apply all requested local physical boundary conditions
                CartGrid3D::CartGrid3D_ApplyBC: Apply symmetry boundary conditions
                ReflectionSymmetry::ReflectionSymmetry_Apply: Apply reflection symmetries
              Boundary::Boundary_ClearSelection: [level] Unselect all grid variables for boundary conditions
        GROUP ML_BSSN_constraints1_group: ML_BSSN_constraints1
          ML_BSSN::ML_BSSN_constraints1: ML_BSSN_constraints1
          GROUP ML_BSSN_constraints1_bc_group: ML_BSSN_constraints1
            ML_BSSN::ML_BSSN_constraints1_SelectBCs: [level] ML_BSSN_constraints1_SelectBCs
            GROUP ML_BSSN_constraints1_ApplyBCs: Apply BCs for groups set in ML_BSSN_constraints1
              GROUP BoundaryConditions: Execute all boundary conditions
                Boundary::Boundary_ApplyPhysicalBCs: Apply all requested local physical boundary conditions
                CartGrid3D::CartGrid3D_ApplyBC: Apply symmetry boundary conditions
                ReflectionSymmetry::ReflectionSymmetry_Apply: Apply reflection symmetries
              Boundary::Boundary_ClearSelection: [level] Unselect all grid variables for boundary conditions
        GROUP ML_BSSN_constraints2_group: ML_BSSN_constraints2
          ML_BSSN::ML_BSSN_constraints2: ML_BSSN_constraints2
          GROUP ML_BSSN_constraints2_bc_group: ML_BSSN_constraints2
            ML_BSSN::ML_BSSN_constraints2_SelectBCs: [level] ML_BSSN_constraints2_SelectBCs
            GROUP ML_BSSN_constraints2_ApplyBCs: Apply BCs for groups set in ML_BSSN_constraints2
              GROUP BoundaryConditions: Execute all boundary conditions
                Boundary::Boundary_ApplyPhysicalBCs: Apply all requested local physical boundary conditions
                CartGrid3D::CartGrid3D_ApplyBC: Apply symmetry boundary conditions
                ReflectionSymmetry::ReflectionSymmetry_Apply: Apply reflection symmetries
              Boundary::Boundary_ClearSelection: [level] Unselect all grid variables for boundary conditions
    Evolve finer grids recursively
    Restrict from finer grids
    [CCTK_POSTRESTRICT]
      GROUP MoL_PostStep: Ensure that everything is correct after restriction
        ML_BSSN::ML_BSSN_SelectBoundConds: [level] select boundary conditions
        ML_ADMConstraints::ML_ADMConstraints_SelectBoundConds: [level] select boundary conditions
        GROUP ML_ADMConstraints_ApplyBCs: Apply boundary conditions controlled by thorn Boundary
          GROUP BoundaryConditions: Execute all boundary conditions
            Boundary::Boundary_ApplyPhysicalBCs: Apply all requested local physical boundary conditions
            CartGrid3D::CartGrid3D_ApplyBC: Apply symmetry boundary conditions
            ReflectionSymmetry::ReflectionSymmetry_Apply: Apply reflection symmetries
          Boundary::Boundary_ClearSelection: [level] Unselect all grid variables for boundary conditions
        GROUP ML_BSSN_ApplyBCs: Apply boundary conditions controlled by thorn Boundary
          GROUP BoundaryConditions: Execute all boundary conditions
            Boundary::Boundary_ApplyPhysicalBCs: Apply all requested local physical boundary conditions
            CartGrid3D::CartGrid3D_ApplyBC: Apply symmetry boundary conditions
            ReflectionSymmetry::ReflectionSymmetry_Apply: Apply reflection symmetries
          Boundary::Boundary_ClearSelection: [level] Unselect all grid variables for boundary conditions
        GROUP ML_BSSN_convertToADMBaseGroupWrapper: Calculate ADM variables
          GROUP ML_BSSN_convertToADMBaseGroup: Calculate ADM variables
            ML_BSSN::ML_BSSN_convertToADMBase: ML_BSSN_convertToADMBase
            ML_BSSN::ML_BSSN_convertToADMBaseFakeDtLapseShift: ML_BSSN_convertToADMBaseFakeDtLapseShift
          ML_BSSN_Helper::ML_BSSN_SelectBCsADMBase: [level] Select boundary conditions for ADMBase variables
          GROUP ML_BSSN_ApplyBCsADMBase: Apply boundary conditions to ADMBase variables
            GROUP BoundaryConditions: Execute all boundary conditions
              Boundary::Boundary_ApplyPhysicalBCs: Apply all requested local physical boundary conditions
              CartGrid3D::CartGrid3D_ApplyBC: Apply symmetry boundary conditions
              ReflectionSymmetry::ReflectionSymmetry_Apply: Apply reflection symmetries
            Boundary::Boundary_ClearSelection: [level] Unselect all grid variables for boundary conditions
        GROUP ADMBase_SetADMVars: Set the ADM variables before this group, and use them afterwards
      GROUP MoL_PseudoEvolutionBoundaries: Apply boundary conditions to pseudo-evolved quantities
        GROUP ML_ADMConstraints_bc_group: ML_ADMConstraints
          ML_ADMConstraints::ML_ADMConstraints_SelectBCs: [level] ML_ADMConstraints_SelectBCs
          GROUP ML_ADMConstraints_ApplyBCs: Apply BCs for groups set in ML_ADMConstraints
            GROUP BoundaryConditions: Execute all boundary conditions
              Boundary::Boundary_ApplyPhysicalBCs: Apply all requested local physical boundary conditions
              CartGrid3D::CartGrid3D_ApplyBC: Apply symmetry boundary conditions
              ReflectionSymmetry::ReflectionSymmetry_Apply: Apply reflection symmetries
            Boundary::Boundary_ClearSelection: [level] Unselect all grid variables for boundary conditions
        GROUP ML_BSSN_constraints1_bc_group: ML_BSSN_constraints1
          ML_BSSN::ML_BSSN_constraints1_SelectBCs: [level] ML_BSSN_constraints1_SelectBCs
          GROUP ML_BSSN_constraints1_ApplyBCs: Apply BCs for groups set in ML_BSSN_constraints1
            GROUP BoundaryConditions: Execute all boundary conditions
              Boundary::Boundary_ApplyPhysicalBCs: Apply all requested local physical boundary conditions
              CartGrid3D::CartGrid3D_ApplyBC: Apply symmetry boundary conditions
              ReflectionSymmetry::ReflectionSymmetry_Apply: Apply reflection symmetries
            Boundary::Boundary_ClearSelection: [level] Unselect all grid variables for boundary conditions
        GROUP ML_BSSN_constraints2_bc_group: ML_BSSN_constraints2
          ML_BSSN::ML_BSSN_constraints2_SelectBCs: [level] ML_BSSN_constraints2_SelectBCs
          GROUP ML_BSSN_constraints2_ApplyBCs: Apply BCs for groups set in ML_BSSN_constraints2
            GROUP BoundaryConditions: Execute all boundary conditions
              Boundary::Boundary_ApplyPhysicalBCs: Apply all requested local physical boundary conditions
              CartGrid3D::CartGrid3D_ApplyBC: Apply symmetry boundary conditions
              ReflectionSymmetry::ReflectionSymmetry_Apply: Apply reflection symmetries
            Boundary::Boundary_ClearSelection: [level] Unselect all grid variables for boundary conditions
    [CCTK_POSTSTEP]
      SphericalSurface::SphericalSurface_Set: [global] Set surface radii
      GROUP SphericalSurface_HasBeenSet: Set the spherical surfaces before this group, and use it afterwards
        SphericalSurface::SphericalSurface_CheckState: [global] Test the state of the spherical surfaces
      GROUP zzz_NaNChecker_NaNCheck: Check for NaNs and count them in NaNChecker::NaNsFound
        NaNChecker::NaNChecker_NaNCheck_Prepare: [level] Prepare data structures to check for NaNs
        NaNChecker::NaNChecker_NaNCheck_Check: [local] Check for NaNs
        NaNChecker::NaNChecker_NaNCheck_Finish: [level] Count NaNs in NaNChecker::NaNsFound
      NaNChecker::NaNChecker_TakeAction: [global] [loop-level] Output NaNChecker::NaNmask and take action according to NaNChecker::action_if_found
      Dissipation::setup_epsdis: Setup spatially varying dissipation
      GROUP MaskBase_SetupMask: Set up the weight function
        GROUP MaskBase_SetupMaskAll: Set up the weight function
          CarpetReduce::MaskBase_AllocateMask: [global] Allocate the weight function
          CarpetReduce::MaskBase_InitMask: [global] [loop-local] Initialise the weight function
          GROUP SetupIMaskInternal: Set up the integer weight function (schedule other routines in here)
            CarpetReduce::CoordBase_SetupMask: [global] [loop-local] Set up the outer boundaries of the weight function
            CarpetReduce::CarpetMaskSetup: [global] [loop-singlemap] Set up the weight function for the restriction regions
          GROUP SetupIMask: Set up the integer weight function (schedule other routines in here)
            CarpetMask::CarpetExcludedSetup: [global] [loop-local] Set up the weight function for the excluded regions
            CarpetMask::CarpetSurfaceSetup: [global] [loop-local] Set up the weight function for the excluded spherical surfaces
          CarpetReduce::MaskBase_SetMask: [global] [loop-local] Set the weight function
          GROUP SetupMask: Set up the real weight function (schedule other routines in here)
          CarpetReduce::MaskBase_TestMask: [global] Test the weight function
  if (checkpoint)
    [CCTK_CHECKPOINT]
  endif
  if (analysis)
    [CCTK_ANALYSIS]
      AHFinderDirect::AHFinderDirect_import_mask: [global] [loop-local] import the excision mask
      AHFinderDirect::AHFinderDirect_find_horizons: [global] find apparent horizon(s) after this time step
      AHFinderDirect::AHFinderDirect_store: [global] store apparent horizon(s) into spherical surface(s)
      AHFinderDirect::AHFinderDirect_save: [global] save apparent horizon(s) into Cactus variables
      AHFinderDirect::AHFinderDirect_maybe_do_masks: [global] [loop-local] set mask(s) based on apparent horizon position(s)
      CarpetLib::CarpetLib_printtimestats: [global] Print timing statistics if desired
      CarpetLib::CarpetLib_printmemstats: [global] Print memory statistics if desired
      LoopControl::lc_statistics_maybe: [meta] Output LoopControl statistics
      ML_BSSN::ML_BSSN_InitRHS: ML_BSSN_InitRHS
      GROUP ML_BSSN_evolCalcGroup: Calculate BSSN RHS
        ML_BSSN::ML_BSSN_RHS1: ML_BSSN_RHS1
        ML_BSSN::ML_BSSN_RHS2: ML_BSSN_RHS2
        ML_BSSN::ML_BSSN_Advect: ML_BSSN_Advect
        ML_BSSN_Helper::ML_BSSN_NewRad: Apply NewRad boundary conditions to RHS
      QuasiLocalMeasures::qlm_calculate: [global] Calculate quasi-local quantities
  endif
  Output grid variables
  enddo

  Termination routines
    [CCTK_TERMINATE]
      LoopControl::lc_statistics: [meta] Output LoopControl statistics
      MoL::MoL_FreeIndexArrays: Free the MoL bookkeeping index arrays

  Shutdown routines
    [CCTK_SHUTDOWN]

  Routines run after changing the grid hierarchy:
    [CCTK_POSTREGRID]
      AHFinderDirect::AHFinderDirect_maybe_do_masks: [global] [loop-local] set mask(s) based on apparent horizon position(s)
      CartGrid3D::SpatialCoordinates: Set Coordinates after regridding
      GROUP MaskBase_SetupMask: Set up the weight function
        GROUP MaskBase_SetupMaskAll: Set up the weight function
          CarpetReduce::MaskBase_AllocateMask: [global] Allocate the weight function
          CarpetReduce::MaskBase_InitMask: [global] [loop-local] Initialise the weight function
          GROUP SetupIMaskInternal: Set up the integer weight function (schedule other routines in here)
            CarpetReduce::CoordBase_SetupMask: [global] [loop-local] Set up the outer boundaries of the weight function
            CarpetReduce::CarpetMaskSetup: [global] [loop-singlemap] Set up the weight function for the restriction regions
          GROUP SetupIMask: Set up the integer weight function (schedule other routines in here)
            CarpetMask::CarpetExcludedSetup: [global] [loop-local] Set up the weight function for the excluded regions
            CarpetMask::CarpetSurfaceSetup: [global] [loop-local] Set up the weight function for the excluded spherical surfaces
          CarpetReduce::MaskBase_SetMask: [global] [loop-local] Set the weight function
          GROUP SetupMask: Set up the real weight function (schedule other routines in here)
          CarpetReduce::MaskBase_TestMask: [global] Test the weight function
      Dissipation::setup_epsdis: Setup spatially varying dissipation
      GROUP MoL_PostStep: Ensure that everything is correct after regridding
        ML_BSSN::ML_BSSN_SelectBoundConds: [level] select boundary conditions
        ML_ADMConstraints::ML_ADMConstraints_SelectBoundConds: [level] select boundary conditions
        GROUP ML_ADMConstraints_ApplyBCs: Apply boundary conditions controlled by thorn Boundary
          GROUP BoundaryConditions: Execute all boundary conditions
            Boundary::Boundary_ApplyPhysicalBCs: Apply all requested local physical boundary conditions
            CartGrid3D::CartGrid3D_ApplyBC: Apply symmetry boundary conditions
            ReflectionSymmetry::ReflectionSymmetry_Apply: Apply reflection symmetries
          Boundary::Boundary_ClearSelection: [level] Unselect all grid variables for boundary conditions
        GROUP ML_BSSN_ApplyBCs: Apply boundary conditions controlled by thorn Boundary
          GROUP BoundaryConditions: Execute all boundary conditions
            Boundary::Boundary_ApplyPhysicalBCs: Apply all requested local physical boundary conditions
            CartGrid3D::CartGrid3D_ApplyBC: Apply symmetry boundary conditions
            ReflectionSymmetry::ReflectionSymmetry_Apply: Apply reflection symmetries
          Boundary::Boundary_ClearSelection: [level] Unselect all grid variables for boundary conditions
        GROUP ML_BSSN_convertToADMBaseGroupWrapper: Calculate ADM variables
          GROUP ML_BSSN_convertToADMBaseGroup: Calculate ADM variables
            ML_BSSN::ML_BSSN_convertToADMBase: ML_BSSN_convertToADMBase
            ML_BSSN::ML_BSSN_convertToADMBaseFakeDtLapseShift: ML_BSSN_convertToADMBaseFakeDtLapseShift
          ML_BSSN_Helper::ML_BSSN_SelectBCsADMBase: [level] Select boundary conditions for ADMBase variables
          GROUP ML_BSSN_ApplyBCsADMBase: Apply boundary conditions to ADMBase variables
            GROUP BoundaryConditions: Execute all boundary conditions
              Boundary::Boundary_ApplyPhysicalBCs: Apply all requested local physical boundary conditions
              CartGrid3D::CartGrid3D_ApplyBC: Apply symmetry boundary conditions
              ReflectionSymmetry::ReflectionSymmetry_Apply: Apply reflection symmetries
            Boundary::Boundary_ClearSelection: [level] Unselect all grid variables for boundary conditions
        GROUP ADMBase_SetADMVars: Set the ADM variables before this group, and use them afterwards
      GROUP MoL_PseudoEvolutionBoundaries: Apply boundary conditions to pseudo-evolved quantities
        GROUP ML_ADMConstraints_bc_group: ML_ADMConstraints
          ML_ADMConstraints::ML_ADMConstraints_SelectBCs: [level] ML_ADMConstraints_SelectBCs
          GROUP ML_ADMConstraints_ApplyBCs: Apply BCs for groups set in ML_ADMConstraints
            GROUP BoundaryConditions: Execute all boundary conditions
              Boundary::Boundary_ApplyPhysicalBCs: Apply all requested local physical boundary conditions
              CartGrid3D::CartGrid3D_ApplyBC: Apply symmetry boundary conditions
              ReflectionSymmetry::ReflectionSymmetry_Apply: Apply reflection symmetries
            Boundary::Boundary_ClearSelection: [level] Unselect all grid variables for boundary conditions
        GROUP ML_BSSN_constraints1_bc_group: ML_BSSN_constraints1
          ML_BSSN::ML_BSSN_constraints1_SelectBCs: [level] ML_BSSN_constraints1_SelectBCs
          GROUP ML_BSSN_constraints1_ApplyBCs: Apply BCs for groups set in ML_BSSN_constraints1
            GROUP BoundaryConditions: Execute all boundary conditions
              Boundary::Boundary_ApplyPhysicalBCs: Apply all requested local physical boundary conditions
              CartGrid3D::CartGrid3D_ApplyBC: Apply symmetry boundary conditions
              ReflectionSymmetry::ReflectionSymmetry_Apply: Apply reflection symmetries
            Boundary::Boundary_ClearSelection: [level] Unselect all grid variables for boundary conditions
        GROUP ML_BSSN_constraints2_bc_group: ML_BSSN_constraints2
          ML_BSSN::ML_BSSN_constraints2_SelectBCs: [level] ML_BSSN_constraints2_SelectBCs
          GROUP ML_BSSN_constraints2_ApplyBCs: Apply BCs for groups set in ML_BSSN_constraints2
            GROUP BoundaryConditions: Execute all boundary conditions
              Boundary::Boundary_ApplyPhysicalBCs: Apply all requested local physical boundary conditions
              CartGrid3D::CartGrid3D_ApplyBC: Apply symmetry boundary conditions
              ReflectionSymmetry::ReflectionSymmetry_Apply: Apply reflection symmetries
            Boundary::Boundary_ClearSelection: [level] Unselect all grid variables for boundary conditions
--------------------------------------------------------------------------------
INFO (Carpet): Multi-Model listing:
   model 0: "world"
INFO (Carpet): Multi-Model process distribution:
   process 0: model 0 "world"
INFO (Carpet): Multi-Model: This is process 0, model 0 "world"
Current core file size limit: hard=[unlimited], soft=0 MB
Current memory size limit: hard=[unlimited], soft=[unlimited]
INFO (CycleClock): Measuring CycleClock tick via OpenMP...
INFO (CycleClock): Calibrated CycleClock: 0.296019 ns per clock tick (3.37816 GHz)
INFO (hwloc): MPI process-to-host mapping:
This is MPI process 0 of 1
MPI hosts:
  0: ETDebian
This MPI process runs on host 0 of 1
On this host, this is MPI process 0 of 1
INFO (hwloc): Topology support:
Discovery support:
  discovery->pu                            : yes
CPU binding support:
  cpubind->set_thisproc_cpubind            : yes
  cpubind->get_thisproc_cpubind            : yes
  cpubind->set_proc_cpubind                : yes
  cpubind->get_proc_cpubind                : yes
  cpubind->set_thisthread_cpubind          : yes
  cpubind->get_thisthread_cpubind          : yes
  cpubind->set_thread_cpubind              : yes
  cpubind->get_thread_cpubind              : yes
  cpubind->get_thisproc_last_cpu_location  : yes
  cpubind->get_proc_last_cpu_location      : yes
  cpubind->get_thisthread_last_cpu_location: yes
Memory binding support:
  membind->set_thisproc_membind            : no
  membind->get_thisproc_membind            : no
  membind->set_proc_membind                : no
  membind->get_proc_membind                : no
  membind->set_thisthread_membind          : no
  membind->get_thisthread_membind          : no
  membind->set_area_membind                : no
  membind->get_area_membind                : no
  membind->alloc_membind                   : no
  membind->firsttouch_membind              : no
  membind->bind_membind                    : no
  membind->interleave_membind              : no
  membind->replicate_membind               : no
  membind->nexttouch_membind               : no
  membind->migrate_membind                 : no
INFO (hwloc): Hardware objects in this node:
Machine L#0: (P#0, local=1547520KB, total=1547520KB, DMIProductName=VirtualBox, DMIProductVersion=1.2, DMIBIOSVendor="innotek GmbH", DMIBIOSVersion=VirtualBox, DMIBIOSDate=12/01/2006, DMISysVendor="innotek GmbH", Backend=Linux, OSName=Linux, OSRelease=2.6.32-5-686, OSVersion="#1 SMP Sun Sep 23 09:49:36 UTC 2012", HostName=ETDebian, Architecture=i686)
  Socket L#0: (P#0, CPUModel="Intel(R) Core(TM) i7-2600 CPU @ 3.40GHz")
    L2dCache L#0: (P#-1, size=6144KB, linesize=64, ways=24)
      L1dCache L#0: (P#-1, size=32KB, linesize=64, ways=8)
        Core L#0: (P#0)
          PU L#0: (P#0)
INFO (hwloc): Thread CPU bindings:
OpenMP thread 0: PU set L#{0} P#{0}
INFO (hwloc): Setting thread CPU bindings:
INFO (hwloc): Thread CPU bindings:
OpenMP thread 0: PU set L#{0} P#{0}
There are 1 PUs per core (aka hardware SMT threads)
There are 1 threads per core (aka SMT threads used)
Cache (unknown name) has type "data" depth 1
   size 32768 linesize 64 associativity 8 stride 4096
Cache (unknown name) has type "data" depth 2
   size 6291456 linesize 64 associativity 24 stride 262144
INFO (Vectors): Using vector size 1 for architecture scalar (no vectorisation, 64-bit precision)
--------------------------------------------------------------------------------
AMR driver provided by Carpet
--------------------------------------------------------------------------------
AMR info I/O provided by CarpetIOBasic
--------------------------------------------------------------------------------
ML_ADMConstraints
--------------------------------------------------------------------------------
ML_BSSN
--------------------------------------------------------------------------------
AMR scalar I/O provided by CarpetIOScalar
--------------------------------------------------------------------------------
MoL: Generalized time integration.
--------------------------------------------------------------------------------
AMR 0D ASCII I/O provided by CarpetIOASCII
--------------------------------------------------------------------------------
AMR 1D ASCII I/O provided by CarpetIOASCII
--------------------------------------------------------------------------------
AMR 2D ASCII I/O provided by CarpetIOASCII
--------------------------------------------------------------------------------
AMR 3D ASCII I/O provided by CarpetIOASCII
--------------------------------------------------------------------------------

INFO (Carpet): MPI is enabled
INFO (Carpet): Carpet is running on 1 processes
INFO (Carpet): This is process 0
INFO (Carpet): OpenMP is enabled
INFO (Carpet): This process contains 1 threads, this is thread 0
INFO (Carpet): There are 1 threads in total
INFO (Carpet): There are 1 threads per process
INFO (Carpet): Host listing:
   host 0: "ETDebian"
INFO (Carpet): Host/process mapping:
   process 0: host 0 "ETDebian"
INFO (Carpet): Host mapping: This is process 0, host 0 "ETDebian"
INFO (Carpet): This process runs on host ETDebian, pid=20498
INFO (Carpet): This process runs on 1 core: 0
INFO (Carpet): Thread 0 runs on 1 core: 0
INFO (Carpet): This simulation is running in 3 dimensions
INFO (Carpet): [tl=0] Boundary specification for map 0:
   nboundaryzones: [[3,3,3],[3,3,3]]
   is_internal   : [[0,0,0],[0,0,0]]
   is_staggered  : [[0,0,0],[0,0,0]]
   shiftout      : [[1,1,1],[0,0,0]]
INFO (Carpet): [tl=0] CoordBase domain specification for map 0:
   physical extent: [0,0,0] : [1,1,1]   ([1,1,1])
   interior extent: [0,0,0] : [0.96875,0.96875,0.96875]   ([0.96875,0.96875,0.96875])
   exterior extent: [-0.09375,-0.09375,-0.09375] : [1.0625,1.0625,1.0625]   ([1.15625,1.15625,1.15625])
   base_spacing   : [0.03125,0.03125,0.03125]
INFO (Carpet): [tl=0] Adapted domain specification for map 0:
   convergence factor: 2
   convergence level : 0
   physical extent   : [0,0,0] : [1,1,1]   ([1,1,1])
   interior extent   : [0,0,0] : [0.96875,0.96875,0.96875]   ([0.96875,0.96875,0.96875])
   exterior extent   : [-0.09375,-0.09375,-0.09375] : [1.0625,1.0625,1.0625]   ([1.15625,1.15625,1.15625])
   spacing           : [0.03125,0.03125,0.03125]
INFO (Carpet): [tl=0] Base grid specification for map 0:
   number of grid points             : [38,38,38]
   number of coarse grid ghost points: [[3,3,3],[3,3,3]]
INFO (Carpet): Buffer zone counts (excluding ghosts):
   [0]: [[0,0,0],[0,0,0]]
INFO (Carpet): Overlap zone counts:
   [0]: [[0,0,0],[0,0,0]]
INFO (Carpet): Group and variable statistics:
INFO (Carpet):    There are 386 grid functions in 60 groups
INFO (Carpet):    There are 224 grid scalars in 48 groups
INFO (Carpet):    There are 7 1-dimensional grid arrays in 3 groups
INFO (Carpet):    There are 70 2-dimensional grid arrays in 17 groups
INFO (Carpet):    There are 1 3-dimensional grid arrays in 1 groups
INFO (Carpet):    (The number of variables counts all time levels)
INFO (CarpetIOScalar): Periodic scalar output requested for:
   ADMBASE::gxx
   ADMBASE::gxy
   ADMBASE::gxz
   ADMBASE::gyy
   ADMBASE::gyz
   ADMBASE::gzz
   ADMBASE::kxx
   ADMBASE::kxy
   ADMBASE::kxz
   ADMBASE::kyy
   ADMBASE::kyz
   ADMBASE::kzz
   ADMBASE::alp
   ADMBASE::betax
   ADMBASE::betay
   ADMBASE::betaz
   CARPETREDUCE::weight
   QUASILOCALMEASURES::qlm_shape[0]
   QUASILOCALMEASURES::qlm_x[0]
   QUASILOCALMEASURES::qlm_y[0]
   QUASILOCALMEASURES::qlm_z[0]
   QUASILOCALMEASURES::qlm_l0[0]
   QUASILOCALMEASURES::qlm_l1[0]
   QUASILOCALMEASURES::qlm_l2[0]
   QUASILOCALMEASURES::qlm_l3[0]
   QUASILOCALMEASURES::qlm_n0[0]
   QUASILOCALMEASURES::qlm_n1[0]
   QUASILOCALMEASURES::qlm_n2[0]
   QUASILOCALMEASURES::qlm_n3[0]
   QUASILOCALMEASURES::qlm_phi00[0]
   QUASILOCALMEASURES::qlm_phi11[0]
   QUASILOCALMEASURES::qlm_phi01[0]
   QUASILOCALMEASURES::qlm_phi12[0]
   QUASILOCALMEASURES::qlm_phi10[0]
   QUASILOCALMEASURES::qlm_phi21[0]
   QUASILOCALMEASURES::qlm_phi02[0]
   QUASILOCALMEASURES::qlm_phi22[0]
   QUASILOCALMEASURES::qlm_phi20[0]
   QUASILOCALMEASURES::qlm_lambda[0]
   QUASILOCALMEASURES::qlm_lie_n_theta_l[0]
   QUASILOCALMEASURES::qlm_qtt[0]
   QUASILOCALMEASURES::qlm_qtp[0]
   QUASILOCALMEASURES::qlm_qpp[0]
   QUASILOCALMEASURES::qlm_rsc[0]
   QUASILOCALMEASURES::qlm_xi_t[0]
   QUASILOCALMEASURES::qlm_xi_p[0]
   QUASILOCALMEASURES::qlm_chi[0]
   QUASILOCALMEASURES::qlm_lqtt[0]
   QUASILOCALMEASURES::qlm_lqtp[0]
   QUASILOCALMEASURES::qlm_lqpp[0]
   QUASILOCALMEASURES::qlm_inv_z[0]
   QUASILOCALMEASURES::qlm_3det[0]
   SPHERICALSURFACE::sf_radius[0]
INFO (CarpetIOASCII): I/O Method 'IOASCII_0D' registered: 0D AMR output of grid variables to ASCII files
INFO (CarpetIOASCII): Periodic 0D AMR output requested for:
   CARPETREDUCE::weight
   QUASILOCALMEASURES::qlm_calc_error[0]
   QUASILOCALMEASURES::qlm_have_valid_data[0]
   QUASILOCALMEASURES::qlm_have_killing_vector[0]
   QUASILOCALMEASURES::qlm_timederiv_order[0]
   QUASILOCALMEASURES::qlm_iteration[0]
   QUASILOCALMEASURES::qlm_nghoststheta[0]
   QUASILOCALMEASURES::qlm_nghostsphi[0]
   QUASILOCALMEASURES::qlm_ntheta[0]
   QUASILOCALMEASURES::qlm_nphi[0]
   QUASILOCALMEASURES::qlm_origin_x[0]
   QUASILOCALMEASURES::qlm_origin_y[0]
   QUASILOCALMEASURES::qlm_origin_z[0]
   QUASILOCALMEASURES::qlm_origin_theta[0]
   QUASILOCALMEASURES::qlm_origin_phi[0]
   QUASILOCALMEASURES::qlm_delta_theta[0]
   QUASILOCALMEASURES::qlm_delta_phi[0]
   QUASILOCALMEASURES::qlm_mp_m0[0]
   QUASILOCALMEASURES::qlm_mp_m1[0]
   QUASILOCALMEASURES::qlm_mp_m2[0]
   QUASILOCALMEASURES::qlm_mp_m3[0]
   QUASILOCALMEASURES::qlm_mp_m4[0]
   QUASILOCALMEASURES::qlm_mp_m5[0]
   QUASILOCALMEASURES::qlm_mp_m6[0]
   QUASILOCALMEASURES::qlm_mp_m7[0]
   QUASILOCALMEASURES::qlm_mp_m8[0]
   QUASILOCALMEASURES::qlm_mp_j0[0]
   QUASILOCALMEASURES::qlm_mp_j1[0]
   QUASILOCALMEASURES::qlm_mp_j2[0]
   QUASILOCALMEASURES::qlm_mp_j3[0]
   QUASILOCALMEASURES::qlm_mp_j4[0]
   QUASILOCALMEASURES::qlm_mp_j5[0]
   QUASILOCALMEASURES::qlm_mp_j6[0]
   QUASILOCALMEASURES::qlm_mp_j7[0]
   QUASILOCALMEASURES::qlm_mp_j8[0]
   QUASILOCALMEASURES::qlm_time[0]
   QUASILOCALMEASURES::qlm_equatorial_circumference[0]
   QUASILOCALMEASURES::qlm_polar_circumference_0[0]
   QUASILOCALMEASURES::qlm_polar_circumference_pi_2[0]
   QUASILOCALMEASURES::qlm_area[0]
   QUASILOCALMEASURES::qlm_irreducible_mass[0]
   QUASILOCALMEASURES::qlm_radius[0]
   QUASILOCALMEASURES::qlm_spin_guess[0]
   QUASILOCALMEASURES::qlm_mass_guess[0]
   QUASILOCALMEASURES::qlm_killing_eigenvalue_re[0]
   QUASILOCALMEASURES::qlm_killing_eigenvalue_im[0]
   QUASILOCALMEASURES::qlm_spin[0]
   QUASILOCALMEASURES::qlm_npspin[0]
   QUASILOCALMEASURES::qlm_wsspin[0]
   QUASILOCALMEASURES::qlm_cvspin[0]
   QUASILOCALMEASURES::qlm_coordspinx[0]
   QUASILOCALMEASURES::qlm_coordspiny[0]
   QUASILOCALMEASURES::qlm_coordspinz[0]
   QUASILOCALMEASURES::qlm_mass[0]
   QUASILOCALMEASURES::qlm_adm_energy[0]
   QUASILOCALMEASURES::qlm_adm_momentum_x[0]
   QUASILOCALMEASURES::qlm_adm_momentum_y[0]
   QUASILOCALMEASURES::qlm_adm_momentum_z[0]
   QUASILOCALMEASURES::qlm_adm_angular_momentum_x[0]
   QUASILOCALMEASURES::qlm_adm_angular_momentum_y[0]
   QUASILOCALMEASURES::qlm_adm_angular_momentum_z[0]
   QUASILOCALMEASURES::qlm_ll_energy[0]
   QUASILOCALMEASURES::qlm_ll_momentum_x[0]
   QUASILOCALMEASURES::qlm_ll_momentum_y[0]
   QUASILOCALMEASURES::qlm_ll_momentum_z[0]
   QUASILOCALMEASURES::qlm_ll_angular_momentum_x[0]
   QUASILOCALMEASURES::qlm_ll_angular_momentum_y[0]
   QUASILOCALMEASURES::qlm_ll_angular_momentum_z[0]
   SPHERICALSURFACE::sf_valid[0]
   SPHERICALSURFACE::sf_area[0]
   SPHERICALSURFACE::sf_mean_radius[0]
   SPHERICALSURFACE::sf_centroid_x[0]
   SPHERICALSURFACE::sf_centroid_y[0]
   SPHERICALSURFACE::sf_centroid_z[0]
   SPHERICALSURFACE::sf_quadrupole_xx[0]
   SPHERICALSURFACE::sf_quadrupole_xy[0]
   SPHERICALSURFACE::sf_quadrupole_xz[0]
   SPHERICALSURFACE::sf_quadrupole_yy[0]
   SPHERICALSURFACE::sf_quadrupole_yz[0]
   SPHERICALSURFACE::sf_quadrupole_zz[0]
   SPHERICALSURFACE::sf_min_radius[0]
   SPHERICALSURFACE::sf_max_radius[0]
   SPHERICALSURFACE::sf_min_x[0]
   SPHERICALSURFACE::sf_min_y[0]
   SPHERICALSURFACE::sf_min_z[0]
   SPHERICALSURFACE::sf_max_x[0]
   SPHERICALSURFACE::sf_max_y[0]
   SPHERICALSURFACE::sf_max_z[0]
   SPHERICALSURFACE::sf_origin_x[0]
   SPHERICALSURFACE::sf_origin_y[0]
   SPHERICALSURFACE::sf_origin_z[0]
   SPHERICALSURFACE::sf_origin_theta[0]
   SPHERICALSURFACE::sf_origin_phi[0]
   SPHERICALSURFACE::sf_delta_theta[0]
   SPHERICALSURFACE::sf_delta_phi[0]
INFO (CarpetIOASCII): I/O Method 'IOASCII_1D' registered: 1D AMR output of grid variables to ASCII files
size_t(storage_)INFO (CarpetIOASCII): Periodic 1D AMR output requested for:
   CARPETREDUCE::weight
   QUASILOCALMEASURES::qlm_shape[0]
   QUASILOCALMEASURES::qlm_x[0]
   QUASILOCALMEASURES::qlm_y[0]
   QUASILOCALMEASURES::qlm_z[0]
   QUASILOCALMEASURES::qlm_l0[0]
   QUASILOCALMEASURES::qlm_l1[0]
   QUASILOCALMEASURES::qlm_l2[0]
   QUASILOCALMEASURES::qlm_l3[0]
   QUASILOCALMEASURES::qlm_n0[0]
   QUASILOCALMEASURES::qlm_n1[0]
   QUASILOCALMEASURES::qlm_n2[0]
   QUASILOCALMEASURES::qlm_n3[0]
   QUASILOCALMEASURES::qlm_m0[0]
   QUASILOCALMEASURES::qlm_m1[0]
   QUASILOCALMEASURES::qlm_m2[0]
   QUASILOCALMEASURES::qlm_m3[0]
   QUASILOCALMEASURES::qlm_npkappa[0]
   QUASILOCALMEASURES::qlm_nptau[0]
   QUASILOCALMEASURES::qlm_npsigma[0]
   QUASILOCALMEASURES::qlm_nprho[0]
   QUASILOCALMEASURES::qlm_npepsilon[0]
   QUASILOCALMEASURES::qlm_npgamma[0]
   QUASILOCALMEASURES::qlm_npbeta[0]
   QUASILOCALMEASURES::qlm_npalpha[0]
   QUASILOCALMEASURES::qlm_nppi[0]
   QUASILOCALMEASURES::qlm_npnu[0]
   QUASILOCALMEASURES::qlm_npmu[0]
   QUASILOCALMEASURES::qlm_nplambda[0]
   QUASILOCALMEASURES::qlm_psi0[0]
   QUASILOCALMEASURES::qlm_psi1[0]
   QUASILOCALMEASURES::qlm_psi2[0]
   QUASILOCALMEASURES::qlm_psi3[0]
   QUASILOCALMEASURES::qlm_psi4[0]
   QUASILOCALMEASURES::qlm_i[0]
   QUASILOCALMEASURES::qlm_j[0]
   QUASILOCALMEASURES::qlm_s[0]
   QUASILOCALMEASURES::qlm_sdiff[0]
   QUASILOCALMEASURES::qlm_phi00[0]
   QUASILOCALMEASURES::qlm_phi11[0]
   QUASILOCALMEASURES::qlm_phi01[0]
   QUASILOCALMEASURES::qlm_phi12[0]
   QUASILOCALMEASURES::qlm_phi10[0]
   QUASILOCALMEASURES::qlm_phi21[0]
   QUASILOCALMEASURES::qlm_phi02[0]
   QUASILOCALMEASURES::qlm_phi22[0]
   QUASILOCALMEASURES::qlm_phi20[0]
   QUASILOCALMEASURES::qlm_lambda[0]
   QUASILOCALMEASURES::qlm_lie_n_theta_l[0]
   QUASILOCALMEASURES::qlm_qtt[0]
   QUASILOCALMEASURES::qlm_qtp[0]
   QUASILOCALMEASURES::qlm_qpp[0]
   QUASILOCALMEASURES::qlm_rsc[0]
   QUASILOCALMEASURES::qlm_xi_t[0]
   QUASILOCALMEASURES::qlm_xi_p[0]
   QUASILOCALMEASURES::qlm_chi[0]
   QUASILOCALMEASURES::qlm_lqtt[0]
   QUASILOCALMEASURES::qlm_lqtp[0]
   QUASILOCALMEASURES::qlm_lqpp[0]
   QUASILOCALMEASURES::qlm_inv_z[0]
   QUASILOCALMEASURES::qlm_3det[0]
   SPHERICALSURFACE::sf_radius[0]
INFO (CarpetIOASCII): I/O Method 'IOASCII_2D' registered: 2D AMR output of grid variables to ASCII files
INFO (CarpetIOASCII): I/O Method 'IOASCII_3D' registered: 3D AMR output of grid variables to ASCII files
INFO (CarpetLib): Switching memory allocation to manual alignment
 size_t(storage_base_) size_t(storage_) size_t(storage_base_ + max_padding)
269048576 269048576 269048576 269048636
max_padding alignment sizeof(T)
15 64 4
size_t(storage_) size_t(storage_base_) size_t(storage_) size_t(storage_base_ + max_padding)
269049088 269049080 269049088 269049140
max_padding alignment sizeof(T)
15 64 4
size_t(storage_) size_t(storage_base_) size_t(storage_) size_t(storage_base_ + max_padding)
269050944 269050912 269050944 269050972
max_padding alignment sizeof(T)
15 64 4
size_t(storage_) size_t(storage_base_) size_t(storage_) size_t(storage_base_ + max_padding)
1101992000 1101991944 1101992000 1101992000
max_padding alignment sizeof(T)
7 64 8
size_t(storage_) size_t(storage_base_) size_t(storage_) size_t(storage_base_ + max_padding)
1102434368 1102434312 1102434368 1102434368
max_padding alignment sizeof(T)
7 64 8
size_t(storage_) size_t(storage_base_) size_t(storage_) size_t(storage_base_ + max_padding)
1102876736 1102876680 1102876736 1102876736
max_padding alignment sizeof(T)
7 64 8
size_t(storage_) size_t(storage_base_) size_t(storage_) size_t(storage_base_ + max_padding)
1103319104 1103319048 1103319104 1103319104
max_padding alignment sizeof(T)
7 64 8
size_t(storage_) size_t(storage_base_) size_t(storage_) size_t(storage_base_ + max_padding)
1103761472 1103761416 1103761472 1103761472
max_padding alignment sizeof(T)
7 64 8
size_t(storage_) size_t(storage_base_) size_t(storage_) size_t(storage_base_ + max_padding)
1104203840 1104203784 1104203840 1104203840
max_padding alignment sizeof(T)
7 64 8
size_t(storage_) size_t(storage_base_) size_t(storage_) size_t(storage_base_ + max_padding)
1104646208 1104646152 1104646208 1104646208
max_padding alignment sizeof(T)
7 64 8
size_t(storage_) size_t(storage_base_) size_t(storage_) size_t(storage_base_ + max_padding)
1105088576 1105088520 1105088576 1105088576
max_padding alignment sizeof(T)
7 64 8
size_t(storage_) size_t(storage_base_) size_t(storage_) size_t(storage_base_ + max_padding)
1105530944 1105530888 1105530944 1105530944
max_padding alignment sizeof(T)
7 64 8
size_t(storage_) size_t(storage_base_) size_t(storage_) size_t(storage_base_ + max_padding)
1105973312 1105973256 1105973312 1105973312
max_padding alignment sizeof(T)
7 64 8
size_t(storage_) size_t(storage_base_) size_t(storage_) size_t(storage_base_ + max_padding)
1106415680 1106415624 1106415680 1106415680
max_padding alignment sizeof(T)
7 64 8
size_t(storage_) size_t(storage_base_) size_t(storage_) size_t(storage_base_ + max_padding)
1106858048 1106857992 1106858048 1106858048
max_padding alignment sizeof(T)
7 64 8
size_t(storage_) size_t(storage_base_) size_t(storage_) size_t(storage_base_ + max_padding)
1107300416 1107300360 1107300416 1107300416
max_padding alignment sizeof(T)
7 64 8
size_t(storage_) size_t(storage_base_) size_t(storage_) size_t(storage_base_ + max_padding)
1107742784 1107742728 1107742784 1107742784
max_padding alignment sizeof(T)
7 64 8
size_t(storage_) size_t(storage_base_) size_t(storage_) size_t(storage_base_ + max_padding)
1108185152 1108185096 1108185152 1108185152
max_padding alignment sizeof(T)
7 64 8
size_t(storage_) size_t(storage_base_) size_t(storage_) size_t(storage_base_ + max_padding)
1108627520 1108627464 1108627520 1108627520
max_padding alignment sizeof(T)
7 64 8
size_t(storage_) size_t(storage_base_) size_t(storage_) size_t(storage_base_ + max_padding)
1109069888 1109069832 1109069888 1109069888
max_padding alignment sizeof(T)
7 64 8
size_t(storage_) size_t(storage_base_) size_t(storage_) size_t(storage_base_ + max_padding)
1109512256 1109512200 1109512256 1109512256
max_padding alignment sizeof(T)
7 64 8
size_t(storage_) size_t(storage_base_) size_t(storage_) size_t(storage_base_ + max_padding)
1109954624 1109954568 1109954624 1109954624
max_padding alignment sizeof(T)
7 64 8
size_t(storage_) size_t(storage_base_) size_t(storage_) size_t(storage_base_ + max_padding)
1110396992 1110396936 1110396992 1110396992
max_padding alignment sizeof(T)
7 64 8
size_t(storage_) size_t(storage_base_) size_t(storage_) size_t(storage_base_ + max_padding)
269060736 269060680 269060736 269060740
max_padding alignment sizeof(T)
15 64 4
size_t(storage_) size_t(storage_base_) size_t(storage_) size_t(storage_base_ + max_padding)
269061248 269061216 269061248 269061272
max_padding alignment sizeof(T)
7 64 8
size_t(storage_) size_t(storage_base_) size_t(storage_) size_t(storage_base_ + max_padding)
269079104 269079072 269079104 269079128
max_padding alignment sizeof(T)
7 64 8
size_t(storage_) size_t(storage_base_) size_t(storage_) size_t(storage_base_ + max_padding)
269079616 269079608 269079616 269079664
max_padding alignment sizeof(T)
7 64 8
size_t(storage_) size_t(storage_base_) size_t(storage_) size_t(storage_base_ + max_padding)
269080192 269080144 269080192 269080200
max_padding alignment sizeof(T)
7 64 8
size_t(storage_) size_t(storage_base_) size_t(storage_) size_t(storage_base_ + max_padding)
269080704 269080680 269080704 269080736
max_padding alignment sizeof(T)
7 64 8
size_t(storage_) size_t(storage_base_) size_t(storage_) size_t(storage_base_ + max_padding)
269081216 269081216 269081216 269081272
max_padding alignment sizeof(T)
7 64 8
size_t(storage_) size_t(storage_base_) size_t(storage_) size_t(storage_base_ + max_padding)
269081792 269081752 269081792 269081808
max_padding alignment sizeof(T)
7 64 8
size_t(storage_) size_t(storage_base_) size_t(storage_) size_t(storage_base_ + max_padding)
269082304 269082288 269082304 269082344
max_padding alignment sizeof(T)
7 64 8
size_t(storage_) size_t(storage_base_) size_t(storage_) size_t(storage_base_ + max_padding)
269082880 269082824 269082880 269082880
max_padding alignment sizeof(T)
7 64 8
size_t(storage_) size_t(storage_base_) size_t(storage_) size_t(storage_base_ + max_padding)
269083392 269083360 269083392 269083416
max_padding alignment sizeof(T)
7 64 8
size_t(storage_) size_t(storage_base_) size_t(storage_) size_t(storage_base_ + max_padding)
269083904 269083896 269083904 269083952
max_padding alignment sizeof(T)
7 64 8
size_t(storage_) size_t(storage_base_) size_t(storage_) size_t(storage_base_ + max_padding)
269084480 269084432 269084480 269084488
max_padding alignment sizeof(T)
7 64 8
size_t(storage_) size_t(storage_base_) size_t(storage_) size_t(storage_base_ + max_padding)
269084992 269084968 269084992 269085028
max_padding alignment sizeof(T)
15 64 4
size_t(storage_) size_t(storage_base_) size_t(storage_) size_t(storage_base_ + max_padding)
269085504 269085504 269085504 269085564
max_padding alignment sizeof(T)
15 64 4
size_t(storage_) size_t(storage_base_) size_t(storage_) size_t(storage_base_ + max_padding)
269086080 269086040 269086080 269086100
max_padding alignment sizeof(T)
15 64 4
size_t(storage_) size_t(storage_base_) size_t(storage_) size_t(storage_base_ + max_padding)
269086592 269086576 269086592 269086636
max_padding alignment sizeof(T)
15 64 4
size_t(storage_) size_t(storage_base_) size_t(storage_) size_t(storage_base_ + max_padding)
269087168 269087112 269087168 269087172
max_padding alignment sizeof(T)
15 64 4
size_t(storage_) size_t(storage_base_) size_t(storage_) size_t(storage_base_ + max_padding)
269087680 269087648 269087680 269087708
max_padding alignment sizeof(T)
15 64 4
size_t(storage_) size_t(storage_base_) size_t(storage_) size_t(storage_base_ + max_padding)
269088192 269088184 269088192 269088244
max_padding alignment sizeof(T)
15 64 4
size_t(storage_) size_t(storage_base_) size_t(storage_) size_t(storage_base_ + max_padding)
269088768 269088720 269088768 269088780
max_padding alignment sizeof(T)
15 64 4
size_t(storage_) size_t(storage_base_) size_t(storage_) size_t(storage_base_ + max_padding)
1110839360 1110839304 1110839360 1110839360
max_padding alignment sizeof(T)
7 64 8
size_t(storage_) size_t(storage_base_) size_t(storage_) size_t(storage_base_ + max_padding)
269089728 269089720 269089728 269089776
max_padding alignment sizeof(T)
7 64 8
size_t(storage_) size_t(storage_base_) size_t(storage_) size_t(storage_base_ + max_padding)
269090304 269090256 269090304 269090312
max_padding alignment sizeof(T)
7 64 8
size_t(storage_) size_t(storage_base_) size_t(storage_) size_t(storage_base_ + max_padding)
269090816 269090792 269090816 269090848
max_padding alignment sizeof(T)
7 64 8
size_t(storage_) size_t(storage_base_) size_t(storage_) size_t(storage_base_ + max_padding)
269091328 269091328 269091328 269091384
max_padding alignment sizeof(T)
7 64 8
size_t(storage_) size_t(storage_base_) size_t(storage_) size_t(storage_base_ + max_padding)
269091904 269091864 269091904 269091920
max_padding alignment sizeof(T)
7 64 8
size_t(storage_) size_t(storage_base_) size_t(storage_) size_t(storage_base_ + max_padding)
269092416 269092400 269092416 269092456
max_padding alignment sizeof(T)
7 64 8
size_t(storage_) size_t(storage_base_) size_t(storage_) size_t(storage_base_ + max_padding)
269092992 269092936 269092992 269092992
max_padding alignment sizeof(T)
7 64 8
size_t(storage_) size_t(storage_base_) size_t(storage_) size_t(storage_base_ + max_padding)
269093504 269093472 269093504 269093528
max_padding alignment sizeof(T)
7 64 8
size_t(storage_) size_t(storage_base_) size_t(storage_) size_t(storage_base_ + max_padding)
269094016 269094008 269094016 269094064
max_padding alignment sizeof(T)
7 64 8
size_t(storage_) size_t(storage_base_) size_t(storage_) size_t(storage_base_ + max_padding)
269094592 269094544 269094592 269094600
max_padding alignment sizeof(T)
7 64 8
size_t(storage_) size_t(storage_base_) size_t(storage_) size_t(storage_base_ + max_padding)
269095104 269095080 269095104 269095136
max_padding alignment sizeof(T)
7 64 8
size_t(storage_) size_t(storage_base_) size_t(storage_) size_t(storage_base_ + max_padding)
269095616 269095616 269095616 269095672
max_padding alignment sizeof(T)
7 64 8
size_t(storage_) size_t(storage_base_) size_t(storage_) size_t(storage_base_ + max_padding)
269096192 269096152 269096192 269096208
max_padding alignment sizeof(T)
7 64 8
size_t(storage_) size_t(storage_base_) size_t(storage_) size_t(storage_base_ + max_padding)
269096704 269096688 269096704 269096744
max_padding alignment sizeof(T)
7 64 8
size_t(storage_) size_t(storage_base_) size_t(storage_) size_t(storage_base_ + max_padding)
269097280 269097224 269097280 269097280
max_padding alignment sizeof(T)
7 64 8
size_t(storage_) size_t(storage_base_) size_t(storage_) size_t(storage_base_ + max_padding)
269097792 269097760 269097792 269097816
max_padding alignment sizeof(T)
7 64 8
size_t(storage_) size_t(storage_base_) size_t(storage_) size_t(storage_base_ + max_padding)
269098304 269098296 269098304 269098352
max_padding alignment sizeof(T)
7 64 8
size_t(storage_) size_t(storage_base_) size_t(storage_) size_t(storage_base_ + max_padding)
269098880 269098832 269098880 269098888
max_padding alignment sizeof(T)
7 64 8
size_t(storage_) size_t(storage_base_) size_t(storage_) size_t(storage_base_ + max_padding)
269099392 269099368 269099392 269099424
max_padding alignment sizeof(T)
7 64 8
size_t(storage_) size_t(storage_base_) size_t(storage_) size_t(storage_base_ + max_padding)
269099904 269099904 269099904 269099960
max_padding alignment sizeof(T)
7 64 8
size_t(storage_) size_t(storage_base_) size_t(storage_) size_t(storage_base_ + max_padding)
269100480 269100440 269100480 269100496
max_padding alignment sizeof(T)
7 64 8
size_t(storage_) size_t(storage_base_) size_t(storage_) size_t(storage_base_ + max_padding)
269100992 269100976 269100992 269101032
max_padding alignment sizeof(T)
7 64 8
size_t(storage_) size_t(storage_base_) size_t(storage_) size_t(storage_base_ + max_padding)
269101568 269101512 269101568 269101568
max_padding alignment sizeof(T)
7 64 8
size_t(storage_) size_t(storage_base_) size_t(storage_) size_t(storage_base_ + max_padding)
269102080 269102048 269102080 269102104
max_padding alignment sizeof(T)
7 64 8
size_t(storage_) size_t(storage_base_) size_t(storage_) size_t(storage_base_ + max_padding)
269102592 269102584 269102592 269102640
max_padding alignment sizeof(T)
7 64 8
size_t(storage_) size_t(storage_base_) size_t(storage_) size_t(storage_base_ + max_padding)
269103168 269103120 269103168 269103176
max_padding alignment sizeof(T)
7 64 8
size_t(storage_) size_t(storage_base_) size_t(storage_) size_t(storage_base_ + max_padding)
269103680 269103656 269103680 269103712
max_padding alignment sizeof(T)
7 64 8
size_t(storage_) size_t(storage_base_) size_t(storage_) size_t(storage_base_ + max_padding)
269104192 269104192 269104192 269104248
max_padding alignment sizeof(T)
7 64 8
size_t(storage_) size_t(storage_base_) size_t(storage_) size_t(storage_base_ + max_padding)
269104768 269104728 269104768 269104784
max_padding alignment sizeof(T)
7 64 8
size_t(storage_) size_t(storage_base_) size_t(storage_) size_t(storage_base_ + max_padding)
269105280 269105264 269105280 269105320
max_padding alignment sizeof(T)
7 64 8
size_t(storage_) size_t(storage_base_) size_t(storage_) size_t(storage_base_ + max_padding)
269105856 269105800 269105856 269105856
max_padding alignment sizeof(T)
7 64 8
size_t(storage_) size_t(storage_base_) size_t(storage_) size_t(storage_base_ + max_padding)
269106368 269106336 269106368 269106392
max_padding alignment sizeof(T)
7 64 8
size_t(storage_) size_t(storage_base_) size_t(storage_) size_t(storage_base_ + max_padding)
269106880 269106872 269106880 269106928
max_padding alignment sizeof(T)
7 64 8
size_t(storage_) size_t(storage_base_) size_t(storage_) size_t(storage_base_ + max_padding)
269107456 269107408 269107456 269107464
max_padding alignment sizeof(T)
7 64 8
size_t(storage_) size_t(storage_base_) size_t(storage_) size_t(storage_base_ + max_padding)
269107968 269107944 269107968 269108000
max_padding alignment sizeof(T)
7 64 8
size_t(storage_) size_t(storage_base_) size_t(storage_) size_t(storage_base_ + max_padding)
269108480 269108480 269108480 269108540
max_padding alignment sizeof(T)
15 64 4
size_t(storage_) size_t(storage_base_) size_t(storage_) size_t(storage_base_ + max_padding)
269110272 269110224 269110272 269110280
max_padding alignment sizeof(T)
7 64 8
size_t(storage_) size_t(storage_base_) size_t(storage_) size_t(storage_base_ + max_padding)
269112000 269111984 269112000 269112044
max_padding alignment sizeof(T)
15 64 4
size_t(storage_) size_t(storage_base_) size_t(storage_) size_t(storage_base_ + max_padding)
269113728 269113728 269113728 269113788
max_padding alignment sizeof(T)
15 64 4
size_t(storage_) size_t(storage_base_) size_t(storage_) size_t(storage_base_ + max_padding)
269114304 269114264 269114304 269114320
max_padding alignment sizeof(T)
7 64 8
size_t(storage_) size_t(storage_base_) size_t(storage_) size_t(storage_base_ + max_padding)
269114816 269114800 269114816 269114860
max_padding alignment sizeof(T)
15 64 4
size_t(storage_) size_t(storage_base_) size_t(storage_) size_t(storage_base_ + max_padding)
269115392 269115336 269115392 269115396
max_padding alignment sizeof(T)
15 64 4
size_t(storage_) size_t(storage_base_) size_t(storage_) size_t(storage_base_ + max_padding)
269115904 269115872 269115904 269115928
max_padding alignment sizeof(T)
7 64 8
size_t(storage_) size_t(storage_base_) size_t(storage_) size_t(storage_base_ + max_padding)
269116416 269116408 269116416 269116468
max_padding alignment sizeof(T)
15 64 4
size_t(storage_) size_t(storage_base_) size_t(storage_) size_t(storage_base_ + max_padding)
1111281728 1111281672 1111281728 1111281728
max_padding alignment sizeof(T)
7 64 8
size_t(storage_) size_t(storage_base_) size_t(storage_) size_t(storage_base_ + max_padding)
269117440 269117408 269117440 269117464
max_padding alignment sizeof(T)
7 64 8
size_t(storage_) size_t(storage_base_) size_t(storage_) size_t(storage_base_ + max_padding)
1111724096 1111724040 1111724096 1111724096
max_padding alignment sizeof(T)
7 64 8
size_t(storage_) size_t(storage_base_) size_t(storage_) size_t(storage_base_ + max_padding)
1112166464 1112166408 1112166464 1112166464
max_padding alignment sizeof(T)
7 64 8
size_t(storage_) size_t(storage_base_) size_t(storage_) size_t(storage_base_ + max_padding)
1112608832 1112608776 1112608832 1112608832
max_padding alignment sizeof(T)
7 64 8
size_t(storage_) size_t(storage_base_) size_t(storage_) size_t(storage_base_ + max_padding)
1113051200 1113051144 1113051200 1113051200
max_padding alignment sizeof(T)
7 64 8
size_t(storage_) size_t(storage_base_) size_t(storage_) size_t(storage_base_ + max_padding)
269119808 269119800 269119808 269119856
max_padding alignment sizeof(T)
7 64 8
size_t(storage_) size_t(storage_base_) size_t(storage_) size_t(storage_base_ + max_padding)
269120384 269120336 269120384 269120392
max_padding alignment sizeof(T)
7 64 8
size_t(storage_) size_t(storage_base_) size_t(storage_) size_t(storage_base_ + max_padding)
269120896 269120872 269120896 269120928
max_padding alignment sizeof(T)
7 64 8
size_t(storage_) size_t(storage_base_) size_t(storage_) size_t(storage_base_ + max_padding)
269121408 269121408 269121408 269121468
max_padding alignment sizeof(T)
15 64 4
size_t(storage_) size_t(storage_base_) size_t(storage_) size_t(storage_base_ + max_padding)
1113493568 1113493512 1113493568 1113493568
max_padding alignment sizeof(T)
7 64 8
size_t(storage_) size_t(storage_base_) size_t(storage_) size_t(storage_base_ + max_padding)
269122432 269122408 269122432 269122468
max_padding alignment sizeof(T)
15 64 4
size_t(storage_) size_t(storage_base_) size_t(storage_) size_t(storage_base_ + max_padding)
269122944 269122944 269122944 269123000
max_padding alignment sizeof(T)
7 64 8
size_t(storage_) size_t(storage_base_) size_t(storage_) size_t(storage_base_ + max_padding)
269123520 269123480 269123520 269123536
max_padding alignment sizeof(T)
7 64 8
size_t(storage_) size_t(storage_base_) size_t(storage_) size_t(storage_base_ + max_padding)
269124032 269124016 269124032 269124072
max_padding alignment sizeof(T)
7 64 8
size_t(storage_) size_t(storage_base_) size_t(storage_) size_t(storage_base_ + max_padding)
269124608 269124552 269124608 269124608
max_padding alignment sizeof(T)
7 64 8
size_t(storage_) size_t(storage_base_) size_t(storage_) size_t(storage_base_ + max_padding)
269125120 269125088 269125120 269125144
max_padding alignment sizeof(T)
7 64 8
size_t(storage_) size_t(storage_base_) size_t(storage_) size_t(storage_base_ + max_padding)
269125632 269125624 269125632 269125680
max_padding alignment sizeof(T)
7 64 8
size_t(storage_) size_t(storage_base_) size_t(storage_) size_t(storage_base_ + max_padding)
269126208 269126160 269126208 269126216
max_padding alignment sizeof(T)
7 64 8
size_t(storage_) size_t(storage_base_) size_t(storage_) size_t(storage_base_ + max_padding)
269126720 269126696 269126720 269126752
max_padding alignment sizeof(T)
7 64 8
size_t(storage_) size_t(storage_base_) size_t(storage_) size_t(storage_base_ + max_padding)
269127232 269127232 269127232 269127288
max_padding alignment sizeof(T)
7 64 8
size_t(storage_) size_t(storage_base_) size_t(storage_) size_t(storage_base_ + max_padding)
269127808 269127768 269127808 269127824
max_padding alignment sizeof(T)
7 64 8
size_t(storage_) size_t(storage_base_) size_t(storage_) size_t(storage_base_ + max_padding)
269128320 269128304 269128320 269128360
max_padding alignment sizeof(T)
7 64 8
size_t(storage_) size_t(storage_base_) size_t(storage_) size_t(storage_base_ + max_padding)
269128896 269128840 269128896 269128896
max_padding alignment sizeof(T)
7 64 8
size_t(storage_) size_t(storage_base_) size_t(storage_) size_t(storage_base_ + max_padding)
269129408 269129376 269129408 269129432
max_padding alignment sizeof(T)
7 64 8
size_t(storage_) size_t(storage_base_) size_t(storage_) size_t(storage_base_ + max_padding)
269129920 269129912 269129920 269129968
max_padding alignment sizeof(T)
7 64 8
size_t(storage_) size_t(storage_base_) size_t(storage_) size_t(storage_base_ + max_padding)
269130496 269130448 269130496 269130504
max_padding alignment sizeof(T)
7 64 8
size_t(storage_) size_t(storage_base_) size_t(storage_) size_t(storage_base_ + max_padding)
1113935936 1113935880 1113935936 1113935936
max_padding alignment sizeof(T)
7 64 8
size_t(storage_) size_t(storage_base_) size_t(storage_) size_t(storage_base_ + max_padding)
1114378304 1114378248 1114378304 1114378304
max_padding alignment sizeof(T)
7 64 8
size_t(storage_) size_t(storage_base_) size_t(storage_) size_t(storage_base_ + max_padding)
1114820672 1114820616 1114820672 1114820672
max_padding alignment sizeof(T)
7 64 8
size_t(storage_) size_t(storage_base_) size_t(storage_) size_t(storage_base_ + max_padding)
1115263040 1115262984 1115263040 1115263040
max_padding alignment sizeof(T)
7 64 8
size_t(storage_) size_t(storage_base_) size_t(storage_) size_t(storage_base_ + max_padding)
1115705408 1115705352 1115705408 1115705408
max_padding alignment sizeof(T)
7 64 8
size_t(storage_) size_t(storage_base_) size_t(storage_) size_t(storage_base_ + max_padding)
1116147776 1116147720 1116147776 1116147776
max_padding alignment sizeof(T)
7 64 8
size_t(storage_) size_t(storage_base_) size_t(storage_) size_t(storage_base_ + max_padding)
1116590144 1116590088 1116590144 1116590144
max_padding alignment sizeof(T)
7 64 8
size_t(storage_) size_t(storage_base_) size_t(storage_) size_t(storage_base_ + max_padding)
1117032512 1117032456 1117032512 1117032512
max_padding alignment sizeof(T)
7 64 8
size_t(storage_) size_t(storage_base_) size_t(storage_) size_t(storage_base_ + max_padding)
1117474880 1117474824 1117474880 1117474880
max_padding alignment sizeof(T)
7 64 8
size_t(storage_) size_t(storage_base_) size_t(storage_) size_t(storage_base_ + max_padding)
1117917248 1117917192 1117917248 1117917248
max_padding alignment sizeof(T)
7 64 8
size_t(storage_) size_t(storage_base_) size_t(storage_) size_t(storage_base_ + max_padding)
1118359616 1118359560 1118359616 1118359616
max_padding alignment sizeof(T)
7 64 8
size_t(storage_) size_t(storage_base_) size_t(storage_) size_t(storage_base_ + max_padding)
1118801984 1118801928 1118801984 1118801984
max_padding alignment sizeof(T)
7 64 8
size_t(storage_) size_t(storage_base_) size_t(storage_) size_t(storage_base_ + max_padding)
1119244352 1119244296 1119244352 1119244352
max_padding alignment sizeof(T)
7 64 8
size_t(storage_) size_t(storage_base_) size_t(storage_) size_t(storage_base_ + max_padding)
1119686720 1119686664 1119686720 1119686720
max_padding alignment sizeof(T)
7 64 8
size_t(storage_) size_t(storage_base_) size_t(storage_) size_t(storage_base_ + max_padding)
1120129088 1120129032 1120129088 1120129088
max_padding alignment sizeof(T)
7 64 8
size_t(storage_) size_t(storage_base_) size_t(storage_) size_t(storage_base_ + max_padding)
1120571456 1120571400 1120571456 1120571456
max_padding alignment sizeof(T)
7 64 8
size_t(storage_) size_t(storage_base_) size_t(storage_) size_t(storage_base_ + max_padding)
1121013824 1121013768 1121013824 1121013824
max_padding alignment sizeof(T)
7 64 8
size_t(storage_) size_t(storage_base_) size_t(storage_) size_t(storage_base_ + max_padding)
1121456192 1121456136 1121456192 1121456192
max_padding alignment sizeof(T)
7 64 8
size_t(storage_) size_t(storage_base_) size_t(storage_) size_t(storage_base_ + max_padding)
1121898560 1121898504 1121898560 1121898560
max_padding alignment sizeof(T)
7 64 8
size_t(storage_) size_t(storage_base_) size_t(storage_) size_t(storage_base_ + max_padding)
1122340928 1122340872 1122340928 1122340928
max_padding alignment sizeof(T)
7 64 8
size_t(storage_) size_t(storage_base_) size_t(storage_) size_t(storage_base_ + max_padding)
1122783296 1122783240 1122783296 1122783296
max_padding alignment sizeof(T)
7 64 8
size_t(storage_) size_t(storage_base_) size_t(storage_) size_t(storage_base_ + max_padding)
1123225664 1123225608 1123225664 1123225664
max_padding alignment sizeof(T)
7 64 8
size_t(storage_) size_t(storage_base_) size_t(storage_) size_t(storage_base_ + max_padding)
1123668032 1123667976 1123668032 1123668032
max_padding alignment sizeof(T)
7 64 8
size_t(storage_) size_t(storage_base_) size_t(storage_) size_t(storage_base_ + max_padding)
1124110400 1124110344 1124110400 1124110400
max_padding alignment sizeof(T)
7 64 8
size_t(storage_) size_t(storage_base_) size_t(storage_) size_t(storage_base_ + max_padding)
1124552768 1124552712 1124552768 1124552768
max_padding alignment sizeof(T)
7 64 8
size_t(storage_) size_t(storage_base_) size_t(storage_) size_t(storage_base_ + max_padding)
1124995136 1124995080 1124995136 1124995136
max_padding alignment sizeof(T)
7 64 8
size_t(storage_) size_t(storage_base_) size_t(storage_) size_t(storage_base_ + max_padding)
1125437504 1125437448 1125437504 1125437504
max_padding alignment sizeof(T)
7 64 8
size_t(storage_) size_t(storage_base_) size_t(storage_) size_t(storage_base_ + max_padding)
1125879872 1125879816 1125879872 1125879872
max_padding alignment sizeof(T)
7 64 8
size_t(storage_) size_t(storage_base_) size_t(storage_) size_t(storage_base_ + max_padding)
1126322240 1126322184 1126322240 1126322240
max_padding alignment sizeof(T)
7 64 8
size_t(storage_) size_t(storage_base_) size_t(storage_) size_t(storage_base_ + max_padding)
1126764608 1126764552 1126764608 1126764608
max_padding alignment sizeof(T)
7 64 8
size_t(storage_) size_t(storage_base_) size_t(storage_) size_t(storage_base_ + max_padding)
1127206976 1127206920 1127206976 1127206976
max_padding alignment sizeof(T)
7 64 8
size_t(storage_) size_t(storage_base_) size_t(storage_) size_t(storage_base_ + max_padding)
1127649344 1127649288 1127649344 1127649344
max_padding alignment sizeof(T)
7 64 8
size_t(storage_) size_t(storage_base_) size_t(storage_) size_t(storage_base_ + max_padding)
1128091712 1128091656 1128091712 1128091712
max_padding alignment sizeof(T)
7 64 8
size_t(storage_) size_t(storage_base_) size_t(storage_) size_t(storage_base_ + max_padding)
1128534080 1128534024 1128534080 1128534080
max_padding alignment sizeof(T)
7 64 8
size_t(storage_) size_t(storage_base_) size_t(storage_) size_t(storage_base_ + max_padding)
1128976448 1128976392 1128976448 1128976448
max_padding alignment sizeof(T)
7 64 8
size_t(storage_) size_t(storage_base_) size_t(storage_) size_t(storage_base_ + max_padding)
1129418816 1129418760 1129418816 1129418816
max_padding alignment sizeof(T)
7 64 8
size_t(storage_) size_t(storage_base_) size_t(storage_) size_t(storage_base_ + max_padding)
1129861184 1129861128 1129861184 1129861184
max_padding alignment sizeof(T)
7 64 8
size_t(storage_) size_t(storage_base_) size_t(storage_) size_t(storage_base_ + max_padding)
1130303552 1130303496 1130303552 1130303552
max_padding alignment sizeof(T)
7 64 8
size_t(storage_) size_t(storage_base_) size_t(storage_) size_t(storage_base_ + max_padding)
1130745920 1130745864 1130745920 1130745920
max_padding alignment sizeof(T)
7 64 8
size_t(storage_) size_t(storage_base_) size_t(storage_) size_t(storage_base_ + max_padding)
1131188288 1131188232 1131188288 1131188288
max_padding alignment sizeof(T)
7 64 8
size_t(storage_) size_t(storage_base_) size_t(storage_) size_t(storage_base_ + max_padding)
1131630656 1131630600 1131630656 1131630656
max_padding alignment sizeof(T)
7 64 8
size_t(storage_) size_t(storage_base_) size_t(storage_) size_t(storage_base_ + max_padding)
1132073024 1132072968 1132073024 1132073024
max_padding alignment sizeof(T)
7 64 8
size_t(storage_) size_t(storage_base_) size_t(storage_) size_t(storage_base_ + max_padding)
1132515392 1132515336 1132515392 1132515392
max_padding alignment sizeof(T)
7 64 8
size_t(storage_) size_t(storage_base_) size_t(storage_) size_t(storage_base_ + max_padding)
1132957760 1132957704 1132957760 1132957760
max_padding alignment sizeof(T)
7 64 8
size_t(storage_) size_t(storage_base_) size_t(storage_) size_t(storage_base_ + max_padding)
1133400128 1133400072 1133400128 1133400128
max_padding alignment sizeof(T)
7 64 8
size_t(storage_) size_t(storage_base_) size_t(storage_) size_t(storage_base_ + max_padding)
1133842496 1133842440 1133842496 1133842496
max_padding alignment sizeof(T)
7 64 8
size_t(storage_) size_t(storage_base_) size_t(storage_) size_t(storage_base_ + max_padding)
1134284864 1134284808 1134284864 1134284864
max_padding alignment sizeof(T)
7 64 8
size_t(storage_) size_t(storage_base_) size_t(storage_) size_t(storage_base_ + max_padding)
1134727232 1134727176 1134727232 1134727232
max_padding alignment sizeof(T)
7 64 8
size_t(storage_) size_t(storage_base_) size_t(storage_) size_t(storage_base_ + max_padding)
1135169600 1135169544 1135169600 1135169600
max_padding alignment sizeof(T)
7 64 8
size_t(storage_) size_t(storage_base_) size_t(storage_) size_t(storage_base_ + max_padding)
1135611968 1135611912 1135611968 1135611968
max_padding alignment sizeof(T)
7 64 8
size_t(storage_) size_t(storage_base_) size_t(storage_) size_t(storage_base_ + max_padding)
1136054336 1136054280 1136054336 1136054336
max_padding alignment sizeof(T)
7 64 8
size_t(storage_) size_t(storage_base_) size_t(storage_) size_t(storage_base_ + max_padding)
1136496704 1136496648 1136496704 1136496704
max_padding alignment sizeof(T)
7 64 8
size_t(storage_) size_t(storage_base_) size_t(storage_) size_t(storage_base_ + max_padding)
1136939072 1136939016 1136939072 1136939072
max_padding alignment sizeof(T)
7 64 8
size_t(storage_) size_t(storage_base_) size_t(storage_) size_t(storage_base_ + max_padding)
1137381440 1137381384 1137381440 1137381440
max_padding alignment sizeof(T)
7 64 8
size_t(storage_) size_t(storage_base_) size_t(storage_) size_t(storage_base_ + max_padding)
1137823808 1137823752 1137823808 1137823808
max_padding alignment sizeof(T)
7 64 8
size_t(storage_) size_t(storage_base_) size_t(storage_) size_t(storage_base_ + max_padding)
1138266176 1138266120 1138266176 1138266176
max_padding alignment sizeof(T)
7 64 8
size_t(storage_) size_t(storage_base_) size_t(storage_) size_t(storage_base_ + max_padding)
1138708544 1138708488 1138708544 1138708544
max_padding alignment sizeof(T)
7 64 8
size_t(storage_) size_t(storage_base_) size_t(storage_) size_t(storage_base_ + max_padding)
1139150912 1139150856 1139150912 1139150912
max_padding alignment sizeof(T)
7 64 8
size_t(storage_) size_t(storage_base_) size_t(storage_) size_t(storage_base_ + max_padding)
1139593280 1139593224 1139593280 1139593280
max_padding alignment sizeof(T)
7 64 8
size_t(storage_) size_t(storage_base_) size_t(storage_) size_t(storage_base_ + max_padding)
1140035648 1140035592 1140035648 1140035648
max_padding alignment sizeof(T)
7 64 8
size_t(storage_) size_t(storage_base_) size_t(storage_) size_t(storage_base_ + max_padding)
1140478016 1140477960 1140478016 1140478016
max_padding alignment sizeof(T)
7 64 8
size_t(storage_) size_t(storage_base_) size_t(storage_) size_t(storage_base_ + max_padding)
1140920384 1140920328 1140920384 1140920384
max_padding alignment sizeof(T)
7 64 8
size_t(storage_) size_t(storage_base_) size_t(storage_) size_t(storage_base_ + max_padding)
1141362752 1141362696 1141362752 1141362752
max_padding alignment sizeof(T)
7 64 8
size_t(storage_) size_t(storage_base_) size_t(storage_) size_t(storage_base_ + max_padding)
1141805120 1141805064 1141805120 1141805120
max_padding alignment sizeof(T)
7 64 8
size_t(storage_) size_t(storage_base_) size_t(storage_) size_t(storage_base_ + max_padding)
1142247488 1142247432 1142247488 1142247488
max_padding alignment sizeof(T)
7 64 8
size_t(storage_) size_t(storage_base_) size_t(storage_) size_t(storage_base_ + max_padding)
1142689856 1142689800 1142689856 1142689856
max_padding alignment sizeof(T)
7 64 8
size_t(storage_) size_t(storage_base_) size_t(storage_) size_t(storage_base_ + max_padding)
1143132224 1143132168 1143132224 1143132224
max_padding alignment sizeof(T)
7 64 8
size_t(storage_) size_t(storage_base_) size_t(storage_) size_t(storage_base_ + max_padding)
1143574592 1143574536 1143574592 1143574592
max_padding alignment sizeof(T)
7 64 8
size_t(storage_) size_t(storage_base_) size_t(storage_) size_t(storage_base_ + max_padding)
1144016960 1144016904 1144016960 1144016960
max_padding alignment sizeof(T)
7 64 8
size_t(storage_) size_t(storage_base_) size_t(storage_) size_t(storage_base_ + max_padding)
1144459328 1144459272 1144459328 1144459328
max_padding alignment sizeof(T)
7 64 8
size_t(storage_) size_t(storage_base_) size_t(storage_) size_t(storage_base_ + max_padding)
1144901696 1144901640 1144901696 1144901696
max_padding alignment sizeof(T)
7 64 8
size_t(storage_) size_t(storage_base_) size_t(storage_) size_t(storage_base_ + max_padding)
1145344064 1145344008 1145344064 1145344064
max_padding alignment sizeof(T)
7 64 8
size_t(storage_) size_t(storage_base_) size_t(storage_) size_t(storage_base_ + max_padding)
1145786432 1145786376 1145786432 1145786432
max_padding alignment sizeof(T)
7 64 8
size_t(storage_) size_t(storage_base_) size_t(storage_) size_t(storage_base_ + max_padding)
1146228800 1146228744 1146228800 1146228800
max_padding alignment sizeof(T)
7 64 8
size_t(storage_) size_t(storage_base_) size_t(storage_) size_t(storage_base_ + max_padding)
1146671168 1146671112 1146671168 1146671168
max_padding alignment sizeof(T)
7 64 8
size_t(storage_) size_t(storage_base_) size_t(storage_) size_t(storage_base_ + max_padding)
1147113536 1147113480 1147113536 1147113536
max_padding alignment sizeof(T)
7 64 8
size_t(storage_) size_t(storage_base_) size_t(storage_) size_t(storage_base_ + max_padding)
1147555904 1147555848 1147555904 1147555904
max_padding alignment sizeof(T)
7 64 8
size_t(storage_) size_t(storage_base_) size_t(storage_) size_t(storage_base_ + max_padding)
1147998272 1147998216 1147998272 1147998272
max_padding alignment sizeof(T)
7 64 8
size_t(storage_) size_t(storage_base_) size_t(storage_) size_t(storage_base_ + max_padding)
1148440640 1148440584 1148440640 1148440640
max_padding alignment sizeof(T)
7 64 8
size_t(storage_) size_t(storage_base_) size_t(storage_) size_t(storage_base_ + max_padding)
1148883008 1148882952 1148883008 1148883008
max_padding alignment sizeof(T)
7 64 8
size_t(storage_) size_t(storage_base_) size_t(storage_) size_t(storage_base_ + max_padding)
1149325376 1149325320 1149325376 1149325376
max_padding alignment sizeof(T)
7 64 8
size_t(storage_) size_t(storage_base_) size_t(storage_) size_t(storage_base_ + max_padding)
1149767744 1149767688 1149767744 1149767744
max_padding alignment sizeof(T)
7 64 8
size_t(storage_) size_t(storage_base_) size_t(storage_) size_t(storage_base_ + max_padding)
1150210112 1150210056 1150210112 1150210112
max_padding alignment sizeof(T)
7 64 8
size_t(storage_) size_t(storage_base_) size_t(storage_) size_t(storage_base_ + max_padding)
1150652480 1150652424 1150652480 1150652480
max_padding alignment sizeof(T)
7 64 8
size_t(storage_) size_t(storage_base_) size_t(storage_) size_t(storage_base_ + max_padding)
1151094848 1151094792 1151094848 1151094848
max_padding alignment sizeof(T)
7 64 8
size_t(storage_) size_t(storage_base_) size_t(storage_) size_t(storage_base_ + max_padding)
1151537216 1151537160 1151537216 1151537216
max_padding alignment sizeof(T)
7 64 8
size_t(storage_) size_t(storage_base_) size_t(storage_) size_t(storage_base_ + max_padding)
1151979584 1151979528 1151979584 1151979584
max_padding alignment sizeof(T)
7 64 8
size_t(storage_) size_t(storage_base_) size_t(storage_) size_t(storage_base_ + max_padding)
1152421952 1152421896 1152421952 1152421952
max_padding alignment sizeof(T)
7 64 8
size_t(storage_) size_t(storage_base_) size_t(storage_) size_t(storage_base_ + max_padding)
1152864320 1152864264 1152864320 1152864320
max_padding alignment sizeof(T)
7 64 8
size_t(storage_) size_t(storage_base_) size_t(storage_) size_t(storage_base_ + max_padding)
1153306688 1153306632 1153306688 1153306688
max_padding alignment sizeof(T)
7 64 8
size_t(storage_) size_t(storage_base_) size_t(storage_) size_t(storage_base_ + max_padding)
1153749056 1153749000 1153749056 1153749056
max_padding alignment sizeof(T)
7 64 8
size_t(storage_) size_t(storage_base_) size_t(storage_) size_t(storage_base_ + max_padding)
1154191424 1154191368 1154191424 1154191424
max_padding alignment sizeof(T)
7 64 8
size_t(storage_) size_t(storage_base_) size_t(storage_) size_t(storage_base_ + max_padding)
1154633792 1154633736 1154633792 1154633792
max_padding alignment sizeof(T)
7 64 8
size_t(storage_) size_t(storage_base_) size_t(storage_) size_t(storage_base_ + max_padding)
1155076160 1155076104 1155076160 1155076160
max_padding alignment sizeof(T)
7 64 8
size_t(storage_) size_t(storage_base_) size_t(storage_) size_t(storage_base_ + max_padding)
1155518528 1155518472 1155518528 1155518528
max_padding alignment sizeof(T)
7 64 8
size_t(storage_) size_t(storage_base_) size_t(storage_) size_t(storage_base_ + max_padding)
1155960896 1155960840 1155960896 1155960896
max_padding alignment sizeof(T)
7 64 8
size_t(storage_) size_t(storage_base_) size_t(storage_) size_t(storage_base_ + max_padding)
1156403264 1156403208 1156403264 1156403264
max_padding alignment sizeof(T)
7 64 8
size_t(storage_) size_t(storage_base_) size_t(storage_) size_t(storage_base_ + max_padding)
1156845632 1156845576 1156845632 1156845632
max_padding alignment sizeof(T)
7 64 8
size_t(storage_) size_t(storage_base_) size_t(storage_) size_t(storage_base_ + max_padding)
1157288000 1157287944 1157288000 1157288000
max_padding alignment sizeof(T)
7 64 8
size_t(storage_) size_t(storage_base_) size_t(storage_) size_t(storage_base_ + max_padding)
1157730368 1157730312 1157730368 1157730368
max_padding alignment sizeof(T)
7 64 8
size_t(storage_) size_t(storage_base_) size_t(storage_) size_t(storage_base_ + max_padding)
1158172736 1158172680 1158172736 1158172736
max_padding alignment sizeof(T)
7 64 8
size_t(storage_) size_t(storage_base_) size_t(storage_) size_t(storage_base_ + max_padding)
1158615104 1158615048 1158615104 1158615104
max_padding alignment sizeof(T)
7 64 8
size_t(storage_) size_t(storage_base_) size_t(storage_) size_t(storage_base_ + max_padding)
1159057472 1159057416 1159057472 1159057472
max_padding alignment sizeof(T)
7 64 8
size_t(storage_) size_t(storage_base_) size_t(storage_) size_t(storage_base_ + max_padding)
1159499840 1159499784 1159499840 1159499840
max_padding alignment sizeof(T)
7 64 8
size_t(storage_) size_t(storage_base_) size_t(storage_) size_t(storage_base_ + max_padding)
1159942208 1159942152 1159942208 1159942208
max_padding alignment sizeof(T)
7 64 8
size_t(storage_) size_t(storage_base_) size_t(storage_) size_t(storage_base_ + max_padding)
1160384576 1160384520 1160384576 1160384576
max_padding alignment sizeof(T)
7 64 8
size_t(storage_) size_t(storage_base_) size_t(storage_) size_t(storage_base_ + max_padding)
1160826944 1160826888 1160826944 1160826944
max_padding alignment sizeof(T)
7 64 8
size_t(storage_) size_t(storage_base_) size_t(storage_) size_t(storage_base_ + max_padding)
1161269312 1161269256 1161269312 1161269312
max_padding alignment sizeof(T)
7 64 8
size_t(storage_) size_t(storage_base_) size_t(storage_) size_t(storage_base_ + max_padding)
1161711680 1161711624 1161711680 1161711680
max_padding alignment sizeof(T)
7 64 8
size_t(storage_) size_t(storage_base_) size_t(storage_) size_t(storage_base_ + max_padding)
1162154048 1162153992 1162154048 1162154048
max_padding alignment sizeof(T)
7 64 8
size_t(storage_) size_t(storage_base_) size_t(storage_) size_t(storage_base_ + max_padding)
1162596416 1162596360 1162596416 1162596416
max_padding alignment sizeof(T)
7 64 8
size_t(storage_) size_t(storage_base_) size_t(storage_) size_t(storage_base_ + max_padding)
1163038784 1163038728 1163038784 1163038784
max_padding alignment sizeof(T)
7 64 8
size_t(storage_) size_t(storage_base_) size_t(storage_) size_t(storage_base_ + max_padding)
1163481152 1163481096 1163481152 1163481152
max_padding alignment sizeof(T)
7 64 8
size_t(storage_) size_t(storage_base_) size_t(storage_) size_t(storage_base_ + max_padding)
1163923520 1163923464 1163923520 1163923520
max_padding alignment sizeof(T)
7 64 8
size_t(storage_) size_t(storage_base_) size_t(storage_) size_t(storage_base_ + max_padding)
1164365888 1164365832 1164365888 1164365888
max_padding alignment sizeof(T)
7 64 8
size_t(storage_) size_t(storage_base_) size_t(storage_) size_t(storage_base_ + max_padding)
1164808256 1164808200 1164808256 1164808256
max_padding alignment sizeof(T)
7 64 8
size_t(storage_) size_t(storage_base_) size_t(storage_) size_t(storage_base_ + max_padding)
1165250624 1165250568 1165250624 1165250624
max_padding alignment sizeof(T)
7 64 8
size_t(storage_) size_t(storage_base_) size_t(storage_) size_t(storage_base_ + max_padding)
1165692992 1165692936 1165692992 1165692992
max_padding alignment sizeof(T)
7 64 8
size_t(storage_) size_t(storage_base_) size_t(storage_) size_t(storage_base_ + max_padding)
1166135360 1166135304 1166135360 1166135360
max_padding alignment sizeof(T)
7 64 8
size_t(storage_) size_t(storage_base_) size_t(storage_) size_t(storage_base_ + max_padding)
1166577728 1166577672 1166577728 1166577728
max_padding alignment sizeof(T)
7 64 8
size_t(storage_) size_t(storage_base_) size_t(storage_) size_t(storage_base_ + max_padding)
1167020096 1167020040 1167020096 1167020096
max_padding alignment sizeof(T)
7 64 8
size_t(storage_) size_t(storage_base_) size_t(storage_) size_t(storage_base_ + max_padding)
1167462464 1167462408 1167462464 1167462464
max_padding alignment sizeof(T)
7 64 8
size_t(storage_) size_t(storage_base_) size_t(storage_) size_t(storage_base_ + max_padding)
1167904832 1167904776 1167904832 1167904832
max_padding alignment sizeof(T)
7 64 8
size_t(storage_) size_t(storage_base_) size_t(storage_) size_t(storage_base_ + max_padding)
1168347200 1168347144 1168347200 1168347200
max_padding alignment sizeof(T)
7 64 8
size_t(storage_) size_t(storage_base_) size_t(storage_) size_t(storage_base_ + max_padding)
1168789568 1168789512 1168789568 1168789568
max_padding alignment sizeof(T)
7 64 8
size_t(storage_) size_t(storage_base_) size_t(storage_) size_t(storage_base_ + max_padding)
1169231936 1169231880 1169231936 1169231936
max_padding alignment sizeof(T)
7 64 8
size_t(storage_) size_t(storage_base_) size_t(storage_) size_t(storage_base_ + max_padding)
1169674304 1169674248 1169674304 1169674304
max_padding alignment sizeof(T)
7 64 8
size_t(storage_) size_t(storage_base_) size_t(storage_) size_t(storage_base_ + max_padding)
1170116672 1170116616 1170116672 1170116672
max_padding alignment sizeof(T)
7 64 8
size_t(storage_) size_t(storage_base_) size_t(storage_) size_t(storage_base_ + max_padding)
1170559040 1170558984 1170559040 1170559040
max_padding alignment sizeof(T)
7 64 8
size_t(storage_) size_t(storage_base_) size_t(storage_) size_t(storage_base_ + max_padding)
1171001408 1171001352 1171001408 1171001408
max_padding alignment sizeof(T)
7 64 8
size_t(storage_) size_t(storage_base_) size_t(storage_) size_t(storage_base_ + max_padding)
1171443776 1171443720 1171443776 1171443776
max_padding alignment sizeof(T)
7 64 8
size_t(storage_) size_t(storage_base_) size_t(storage_) size_t(storage_base_ + max_padding)
1171886144 1171886088 1171886144 1171886144
max_padding alignment sizeof(T)
7 64 8
size_t(storage_) size_t(storage_base_) size_t(storage_) size_t(storage_base_ + max_padding)
1172328512 1172328456 1172328512 1172328512
max_padding alignment sizeof(T)
7 64 8
size_t(storage_) size_t(storage_base_) size_t(storage_) size_t(storage_base_ + max_padding)
1172770880 1172770824 1172770880 1172770880
max_padding alignment sizeof(T)
7 64 8
size_t(storage_) size_t(storage_base_) size_t(storage_) size_t(storage_base_ + max_padding)
1173213248 1173213192 1173213248 1173213248
max_padding alignment sizeof(T)
7 64 8
size_t(storage_) size_t(storage_base_) size_t(storage_) size_t(storage_base_ + max_padding)
1173655616 1173655560 1173655616 1173655616
max_padding alignment sizeof(T)
7 64 8
size_t(storage_) size_t(storage_base_) size_t(storage_) size_t(storage_base_ + max_padding)
1174097984 1174097928 1174097984 1174097984
max_padding alignment sizeof(T)
7 64 8
size_t(storage_) size_t(storage_base_) size_t(storage_) size_t(storage_base_ + max_padding)
1174540352 1174540296 1174540352 1174540352
max_padding alignment sizeof(T)
7 64 8
size_t(storage_) size_t(storage_base_) size_t(storage_) size_t(storage_base_ + max_padding)
1174982720 1174982664 1174982720 1174982720
max_padding alignment sizeof(T)
7 64 8
size_t(storage_) size_t(storage_base_) size_t(storage_) size_t(storage_base_ + max_padding)
1175425088 1175425032 1175425088 1175425088
max_padding alignment sizeof(T)
7 64 8
size_t(storage_) size_t(storage_base_) size_t(storage_) size_t(storage_base_ + max_padding)
1175867456 1175867400 1175867456 1175867456
max_padding alignment sizeof(T)
7 64 8
size_t(storage_) size_t(storage_base_) size_t(storage_) size_t(storage_base_ + max_padding)
1176309824 1176309768 1176309824 1176309824
max_padding alignment sizeof(T)
7 64 8
size_t(storage_) size_t(storage_base_) size_t(storage_) size_t(storage_base_ + max_padding)
1176752192 1176752136 1176752192 1176752192
max_padding alignment sizeof(T)
7 64 8
size_t(storage_) size_t(storage_base_) size_t(storage_) size_t(storage_base_ + max_padding)
1177194560 1177194504 1177194560 1177194560
max_padding alignment sizeof(T)
7 64 8
size_t(storage_) size_t(storage_base_) size_t(storage_) size_t(storage_base_ + max_padding)
1177636928 1177636872 1177636928 1177636928
max_padding alignment sizeof(T)
7 64 8
size_t(storage_) size_t(storage_base_) size_t(storage_) size_t(storage_base_ + max_padding)
1178079296 1178079240 1178079296 1178079296
max_padding alignment sizeof(T)
7 64 8
size_t(storage_) size_t(storage_base_) size_t(storage_) size_t(storage_base_ + max_padding)
1178521664 1178521608 1178521664 1178521664
max_padding alignment sizeof(T)
7 64 8
size_t(storage_) size_t(storage_base_) size_t(storage_) size_t(storage_base_ + max_padding)
1178964032 1178963976 1178964032 1178964032
max_padding alignment sizeof(T)
7 64 8
size_t(storage_) size_t(storage_base_) size_t(storage_) size_t(storage_base_ + max_padding)
1179406400 1179406344 1179406400 1179406400
max_padding alignment sizeof(T)
7 64 8
size_t(storage_) size_t(storage_base_) size_t(storage_) size_t(storage_base_ + max_padding)
1179848768 1179848712 1179848768 1179848768
max_padding alignment sizeof(T)
7 64 8
size_t(storage_) size_t(storage_base_) size_t(storage_) size_t(storage_base_ + max_padding)
1180291136 1180291080 1180291136 1180291136
max_padding alignment sizeof(T)
7 64 8
size_t(storage_) size_t(storage_base_) size_t(storage_) size_t(storage_base_ + max_padding)
1180733504 1180733448 1180733504 1180733504
max_padding alignment sizeof(T)
7 64 8
size_t(storage_) size_t(storage_base_) size_t(storage_) size_t(storage_base_ + max_padding)
1181175872 1181175816 1181175872 1181175872
max_padding alignment sizeof(T)
7 64 8
size_t(storage_) size_t(storage_base_) size_t(storage_) size_t(storage_base_ + max_padding)
1181618240 1181618184 1181618240 1181618240
max_padding alignment sizeof(T)
7 64 8
size_t(storage_) size_t(storage_base_) size_t(storage_) size_t(storage_base_ + max_padding)
1182060608 1182060552 1182060608 1182060608
max_padding alignment sizeof(T)
7 64 8
size_t(storage_) size_t(storage_base_) size_t(storage_) size_t(storage_base_ + max_padding)
1182502976 1182502920 1182502976 1182502976
max_padding alignment sizeof(T)
7 64 8
size_t(storage_) size_t(storage_base_) size_t(storage_) size_t(storage_base_ + max_padding)
1182945344 1182945288 1182945344 1182945344
max_padding alignment sizeof(T)
7 64 8
size_t(storage_) size_t(storage_base_) size_t(storage_) size_t(storage_base_ + max_padding)
1183387712 1183387656 1183387712 1183387712
max_padding alignment sizeof(T)
7 64 8
size_t(storage_) size_t(storage_base_) size_t(storage_) size_t(storage_base_ + max_padding)
1183830080 1183830024 1183830080 1183830080
max_padding alignment sizeof(T)
7 64 8
size_t(storage_) size_t(storage_base_) size_t(storage_) size_t(storage_base_ + max_padding)
1184272448 1184272392 1184272448 1184272448
max_padding alignment sizeof(T)
7 64 8
size_t(storage_) size_t(storage_base_) size_t(storage_) size_t(storage_base_ + max_padding)
1184714816 1184714760 1184714816 1184714816
max_padding alignment sizeof(T)
7 64 8
size_t(storage_) size_t(storage_base_) size_t(storage_) size_t(storage_base_ + max_padding)
269181440 269181384 269181440 269181444
max_padding alignment sizeof(T)
15 64 4
size_t(storage_) size_t(storage_base_) size_t(storage_) size_t(storage_base_ + max_padding)
269181952 269181920 269181952 269181980
max_padding alignment sizeof(T)
15 64 4
size_t(storage_) size_t(storage_base_) size_t(storage_) size_t(storage_base_ + max_padding)
269182464 269182456 269182464 269182516
max_padding alignment sizeof(T)
15 64 4
size_t(storage_) size_t(storage_base_) size_t(storage_) size_t(storage_base_ + max_padding)
269183040 269182992 269183040 269183052
max_padding alignment sizeof(T)
15 64 4
size_t(storage_) size_t(storage_base_) size_t(storage_) size_t(storage_base_ + max_padding)
269183552 269183528 269183552 269183584
max_padding alignment sizeof(T)
7 64 8
size_t(storage_) size_t(storage_base_) size_t(storage_) size_t(storage_base_ + max_padding)
269184064 269184064 269184064 269184120
max_padding alignment sizeof(T)
7 64 8
size_t(storage_) size_t(storage_base_) size_t(storage_) size_t(storage_base_ + max_padding)
1185157184 1185157128 1185157184 1185157184
max_padding alignment sizeof(T)
7 64 8
size_t(storage_) size_t(storage_base_) size_t(storage_) size_t(storage_base_ + max_padding)
1196134464 1196134408 1196134464 1196134468
max_padding alignment sizeof(T)
15 64 4
size_t(storage_) size_t(storage_base_) size_t(storage_) size_t(storage_base_ + max_padding)
269195136 269195128 269195136 269195188
max_padding alignment sizeof(T)
15 64 4
size_t(storage_) size_t(storage_base_) size_t(storage_) size_t(storage_base_ + max_padding)
269195712 269195664 269195712 269195724
max_padding alignment sizeof(T)
15 64 4
size_t(storage_) size_t(storage_base_) size_t(storage_) size_t(storage_base_ + max_padding)
269196224 269196200 269196224 269196260
max_padding alignment sizeof(T)
15 64 4
size_t(storage_) size_t(storage_base_) size_t(storage_) size_t(storage_base_ + max_padding)
269196736 269196736 269196736 269196796
max_padding alignment sizeof(T)
15 64 4
size_t(storage_) size_t(storage_base_) size_t(storage_) size_t(storage_base_ + max_padding)
269197312 269197272 269197312 269197332
max_padding alignment sizeof(T)
15 64 4
size_t(storage_) size_t(storage_base_) size_t(storage_) size_t(storage_base_ + max_padding)
269197824 269197808 269197824 269197868
max_padding alignment sizeof(T)
15 64 4
size_t(storage_) size_t(storage_base_) size_t(storage_) size_t(storage_base_ + max_padding)
269198400 269198344 269198400 269198400
max_padding alignment sizeof(T)
7 64 8
size_t(storage_) size_t(storage_base_) size_t(storage_) size_t(storage_base_ + max_padding)
269198912 269198880 269198912 269198936
max_padding alignment sizeof(T)
7 64 8
size_t(storage_) size_t(storage_base_) size_t(storage_) size_t(storage_base_ + max_padding)
269199424 269199416 269199424 269199472
max_padding alignment sizeof(T)
7 64 8
size_t(storage_) size_t(storage_base_) size_t(storage_) size_t(storage_base_ + max_padding)
269200000 269199952 269200000 269200008
max_padding alignment sizeof(T)
7 64 8
size_t(storage_) size_t(storage_base_) size_t(storage_) size_t(storage_base_ + max_padding)
269200512 269200488 269200512 269200544
max_padding alignment sizeof(T)
7 64 8
size_t(storage_) size_t(storage_base_) size_t(storage_) size_t(storage_base_ + max_padding)
269201024 269201024 269201024 269201080
max_padding alignment sizeof(T)
7 64 8
size_t(storage_) size_t(storage_base_) size_t(storage_) size_t(storage_base_ + max_padding)
269201600 269201560 269201600 269201616
max_padding alignment sizeof(T)
7 64 8
size_t(storage_) size_t(storage_base_) size_t(storage_) size_t(storage_base_ + max_padding)
269202112 269202096 269202112 269202152
max_padding alignment sizeof(T)
7 64 8
size_t(storage_) size_t(storage_base_) size_t(storage_) size_t(storage_base_ + max_padding)
269202688 269202632 269202688 269202688
max_padding alignment sizeof(T)
7 64 8
size_t(storage_) size_t(storage_base_) size_t(storage_) size_t(storage_base_ + max_padding)
269203200 269203168 269203200 269203224
max_padding alignment sizeof(T)
7 64 8
size_t(storage_) size_t(storage_base_) size_t(storage_) size_t(storage_base_ + max_padding)
269203712 269203704 269203712 269203760
max_padding alignment sizeof(T)
7 64 8
size_t(storage_) size_t(storage_base_) size_t(storage_) size_t(storage_base_ + max_padding)
269204288 269204240 269204288 269204296
max_padding alignment sizeof(T)
7 64 8
size_t(storage_) size_t(storage_base_) size_t(storage_) size_t(storage_base_ + max_padding)
269204800 269204776 269204800 269204832
max_padding alignment sizeof(T)
7 64 8
size_t(storage_) size_t(storage_base_) size_t(storage_) size_t(storage_base_ + max_padding)
269205312 269205312 269205312 269205368
max_padding alignment sizeof(T)
7 64 8
size_t(storage_) size_t(storage_base_) size_t(storage_) size_t(storage_base_ + max_padding)
269205888 269205848 269205888 269205904
max_padding alignment sizeof(T)
7 64 8
size_t(storage_) size_t(storage_base_) size_t(storage_) size_t(storage_base_ + max_padding)
269206400 269206384 269206400 269206440
max_padding alignment sizeof(T)
7 64 8
size_t(storage_) size_t(storage_base_) size_t(storage_) size_t(storage_base_ + max_padding)
269206976 269206920 269206976 269206976
max_padding alignment sizeof(T)
7 64 8
size_t(storage_) size_t(storage_base_) size_t(storage_) size_t(storage_base_ + max_padding)
269207488 269207456 269207488 269207512
max_padding alignment sizeof(T)
7 64 8
size_t(storage_) size_t(storage_base_) size_t(storage_) size_t(storage_base_ + max_padding)
269208000 269207992 269208000 269208048
max_padding alignment sizeof(T)
7 64 8
size_t(storage_) size_t(storage_base_) size_t(storage_) size_t(storage_base_ + max_padding)
269208576 269208528 269208576 269208584
max_padding alignment sizeof(T)
7 64 8
size_t(storage_) size_t(storage_base_) size_t(storage_) size_t(storage_base_ + max_padding)
269209088 269209064 269209088 269209120
max_padding alignment sizeof(T)
7 64 8
size_t(storage_) size_t(storage_base_) size_t(storage_) size_t(storage_base_ + max_padding)
269209600 269209600 269209600 269209656
max_padding alignment sizeof(T)
7 64 8
size_t(storage_) size_t(storage_base_) size_t(storage_) size_t(storage_base_ + max_padding)
269210176 269210136 269210176 269210192
max_padding alignment sizeof(T)
7 64 8
size_t(storage_) size_t(storage_base_) size_t(storage_) size_t(storage_base_ + max_padding)
269210688 269210672 269210688 269210728
max_padding alignment sizeof(T)
7 64 8
size_t(storage_) size_t(storage_base_) size_t(storage_) size_t(storage_base_ + max_padding)
269211264 269211208 269211264 269211264
max_padding alignment sizeof(T)
7 64 8
size_t(storage_) size_t(storage_base_) size_t(storage_) size_t(storage_base_ + max_padding)
269211776 269211744 269211776 269211800
max_padding alignment sizeof(T)
7 64 8
size_t(storage_) size_t(storage_base_) size_t(storage_) size_t(storage_base_ + max_padding)
269212288 269212280 269212288 269212336
max_padding alignment sizeof(T)
7 64 8
size_t(storage_) size_t(storage_base_) size_t(storage_) size_t(storage_base_ + max_padding)
269212864 269212816 269212864 269212872
max_padding alignment sizeof(T)
7 64 8
size_t(storage_) size_t(storage_base_) size_t(storage_) size_t(storage_base_ + max_padding)
269213376 269213352 269213376 269213408
max_padding alignment sizeof(T)
7 64 8
size_t(storage_) size_t(storage_base_) size_t(storage_) size_t(storage_base_ + max_padding)
269213888 269213888 269213888 269213944
max_padding alignment sizeof(T)
7 64 8
size_t(storage_) size_t(storage_base_) size_t(storage_) size_t(storage_base_ + max_padding)
269214464 269214424 269214464 269214480
max_padding alignment sizeof(T)
7 64 8
size_t(storage_) size_t(storage_base_) size_t(storage_) size_t(storage_base_ + max_padding)
269214976 269214960 269214976 269215016
max_padding alignment sizeof(T)
7 64 8
size_t(storage_) size_t(storage_base_) size_t(storage_) size_t(storage_base_ + max_padding)
269215552 269215496 269215552 269215552
max_padding alignment sizeof(T)
7 64 8
size_t(storage_) size_t(storage_base_) size_t(storage_) size_t(storage_base_ + max_padding)
269216064 269216032 269216064 269216092
max_padding alignment sizeof(T)
15 64 4
size_t(storage_) size_t(storage_base_) size_t(storage_) size_t(storage_base_ + max_padding)
269216576 269216568 269216576 269216628
max_padding alignment sizeof(T)
15 64 4
size_t(storage_) size_t(storage_base_) size_t(storage_) size_t(storage_base_ + max_padding)
269217152 269217104 269217152 269217164
max_padding alignment sizeof(T)
15 64 4
size_t(storage_) size_t(storage_base_) size_t(storage_) size_t(storage_base_ + max_padding)
269217664 269217640 269217664 269217700
max_padding alignment sizeof(T)
15 64 4
size_t(storage_) size_t(storage_base_) size_t(storage_) size_t(storage_base_ + max_padding)
269218176 269218176 269218176 269218232
max_padding alignment sizeof(T)
7 64 8
size_t(storage_) size_t(storage_base_) size_t(storage_) size_t(storage_base_ + max_padding)
269218752 269218712 269218752 269218768
max_padding alignment sizeof(T)
7 64 8
size_t(storage_) size_t(storage_base_) size_t(storage_) size_t(storage_base_ + max_padding)
269219264 269219248 269219264 269219304
max_padding alignment sizeof(T)
7 64 8
size_t(storage_) size_t(storage_base_) size_t(storage_) size_t(storage_base_ + max_padding)
269219840 269219784 269219840 269219840
max_padding alignment sizeof(T)
7 64 8
size_t(storage_) size_t(storage_base_) size_t(storage_) size_t(storage_base_ + max_padding)
269220352 269220320 269220352 269220380
max_padding alignment sizeof(T)
15 64 4
size_t(storage_) size_t(storage_base_) size_t(storage_) size_t(storage_base_ + max_padding)
269220864 269220856 269220864 269220916
max_padding alignment sizeof(T)
15 64 4
size_t(storage_) size_t(storage_base_) size_t(storage_) size_t(storage_base_ + max_padding)
269221440 269221392 269221440 269221452
max_padding alignment sizeof(T)
15 64 4
size_t(storage_) size_t(storage_base_) size_t(storage_) size_t(storage_base_ + max_padding)
269221952 269221928 269221952 269221988
max_padding alignment sizeof(T)
15 64 4
size_t(storage_) size_t(storage_base_) size_t(storage_) size_t(storage_base_ + max_padding)
269222464 269222464 269222464 269222520
max_padding alignment sizeof(T)
7 64 8
size_t(storage_) size_t(storage_base_) size_t(storage_) size_t(storage_base_ + max_padding)
269223040 269223000 269223040 269223056
max_padding alignment sizeof(T)
7 64 8
size_t(storage_) size_t(storage_base_) size_t(storage_) size_t(storage_base_ + max_padding)
269223552 269223536 269223552 269223592
max_padding alignment sizeof(T)
7 64 8
size_t(storage_) size_t(storage_base_) size_t(storage_) size_t(storage_base_ + max_padding)
269224128 269224072 269224128 269224128
max_padding alignment sizeof(T)
7 64 8
size_t(storage_) size_t(storage_base_) size_t(storage_) size_t(storage_base_ + max_padding)
269224640 269224608 269224640 269224664
max_padding alignment sizeof(T)
7 64 8
size_t(storage_) size_t(storage_base_) size_t(storage_) size_t(storage_base_ + max_padding)
269225152 269225144 269225152 269225200
max_padding alignment sizeof(T)
7 64 8
size_t(storage_) size_t(storage_base_) size_t(storage_) size_t(storage_base_ + max_padding)
269225728 269225680 269225728 269225736
max_padding alignment sizeof(T)
7 64 8
size_t(storage_) size_t(storage_base_) size_t(storage_) size_t(storage_base_ + max_padding)
269226240 269226216 269226240 269226272
max_padding alignment sizeof(T)
7 64 8
size_t(storage_) size_t(storage_base_) size_t(storage_) size_t(storage_base_ + max_padding)
269226752 269226752 269226752 269226808
max_padding alignment sizeof(T)
7 64 8
size_t(storage_) size_t(storage_base_) size_t(storage_) size_t(storage_base_ + max_padding)
269227328 269227288 269227328 269227344
max_padding alignment sizeof(T)
7 64 8
size_t(storage_) size_t(storage_base_) size_t(storage_) size_t(storage_base_ + max_padding)
269227840 269227824 269227840 269227880
max_padding alignment sizeof(T)
7 64 8
size_t(storage_) size_t(storage_base_) size_t(storage_) size_t(storage_base_ + max_padding)
269228416 269228360 269228416 269228416
max_padding alignment sizeof(T)
7 64 8
size_t(storage_) size_t(storage_base_) size_t(storage_) size_t(storage_base_ + max_padding)
269228928 269228896 269228928 269228952
max_padding alignment sizeof(T)
7 64 8
size_t(storage_) size_t(storage_base_) size_t(storage_) size_t(storage_base_ + max_padding)
269229440 269229432 269229440 269229488
max_padding alignment sizeof(T)
7 64 8
size_t(storage_) size_t(storage_base_) size_t(storage_) size_t(storage_base_ + max_padding)
269253696 269253672 269253696 269253728
max_padding alignment sizeof(T)
7 64 8
size_t(storage_) size_t(storage_base_) size_t(storage_) size_t(storage_base_ + max_padding)
269277952 269277912 269277952 269277968
max_padding alignment sizeof(T)
7 64 8
size_t(storage_) size_t(storage_base_) size_t(storage_) size_t(storage_base_ + max_padding)
269302208 269302152 269302208 269302208
max_padding alignment sizeof(T)
7 64 8
size_t(storage_) size_t(storage_base_) size_t(storage_) size_t(storage_base_ + max_padding)
269326400 269326392 269326400 269326448
max_padding alignment sizeof(T)
7 64 8
size_t(storage_) size_t(storage_base_) size_t(storage_) size_t(storage_base_ + max_padding)
269350656 269350632 269350656 269350688
max_padding alignment sizeof(T)
7 64 8
size_t(storage_) size_t(storage_base_) size_t(storage_) size_t(storage_base_ + max_padding)
269374912 269374872 269374912 269374928
max_padding alignment sizeof(T)
7 64 8
size_t(storage_) size_t(storage_base_) size_t(storage_) size_t(storage_base_ + max_padding)
269399168 269399112 269399168 269399168
max_padding alignment sizeof(T)
7 64 8
size_t(storage_) size_t(storage_base_) size_t(storage_) size_t(storage_base_ + max_padding)
269423360 269423352 269423360 269423408
max_padding alignment sizeof(T)
7 64 8
size_t(storage_) size_t(storage_base_) size_t(storage_) size_t(storage_base_ + max_padding)
269447616 269447592 269447616 269447640
max_padding alignment sizeof(T)
3 64 16
size_t(storage_) size_t(storage_base_) size_t(storage_) size_t(storage_base_ + max_padding)
269495552 269495536 269495552 269495584
max_padding alignment sizeof(T)
3 64 16
size_t(storage_) size_t(storage_base_) size_t(storage_) size_t(storage_base_ + max_padding)
269543488 269543480 269543488 269543528
max_padding alignment sizeof(T)
3 64 16
size_t(storage_) size_t(storage_base_) size_t(storage_) size_t(storage_base_ + max_padding)
269591424 269591424 269591424 269591472
max_padding alignment sizeof(T)
3 64 16
size_t(storage_) size_t(storage_base_) size_t(storage_) size_t(storage_base_ + max_padding)
269639424 269639368 269639424 269639424
max_padding alignment sizeof(T)
7 64 8
size_t(storage_) size_t(storage_base_) size_t(storage_) size_t(storage_base_ + max_padding)
269663616 269663608 269663616 269663664
max_padding alignment sizeof(T)
7 64 8
size_t(storage_) size_t(storage_base_) size_t(storage_) size_t(storage_base_ + max_padding)
269687872 269687848 269687872 269687904
max_padding alignment sizeof(T)
7 64 8
size_t(storage_) size_t(storage_base_) size_t(storage_) size_t(storage_base_ + max_padding)
269712128 269712088 269712128 269712144
max_padding alignment sizeof(T)
7 64 8
size_t(storage_) size_t(storage_base_) size_t(storage_) size_t(storage_base_ + max_padding)
269736384 269736328 269736384 269736384
max_padding alignment sizeof(T)
7 64 8
size_t(storage_) size_t(storage_base_) size_t(storage_) size_t(storage_base_ + max_padding)
269760576 269760568 269760576 269760624
max_padding alignment sizeof(T)
7 64 8
size_t(storage_) size_t(storage_base_) size_t(storage_) size_t(storage_base_ + max_padding)
269784832 269784808 269784832 269784864
max_padding alignment sizeof(T)
7 64 8
size_t(storage_) size_t(storage_base_) size_t(storage_) size_t(storage_base_ + max_padding)
269809088 269809048 269809088 269809104
max_padding alignment sizeof(T)
7 64 8
size_t(storage_) size_t(storage_base_) size_t(storage_) size_t(storage_base_ + max_padding)
269833344 269833288 269833344 269833344
max_padding alignment sizeof(T)
7 64 8
size_t(storage_) size_t(storage_base_) size_t(storage_) size_t(storage_base_ + max_padding)
269857536 269857528 269857536 269857584
max_padding alignment sizeof(T)
7 64 8
size_t(storage_) size_t(storage_base_) size_t(storage_) size_t(storage_base_ + max_padding)
269881792 269881768 269881792 269881824
max_padding alignment sizeof(T)
7 64 8
size_t(storage_) size_t(storage_base_) size_t(storage_) size_t(storage_base_ + max_padding)
269906048 269906008 269906048 269906064
max_padding alignment sizeof(T)
7 64 8
size_t(storage_) size_t(storage_base_) size_t(storage_) size_t(storage_base_ + max_padding)
269930304 269930248 269930304 269930304
max_padding alignment sizeof(T)
7 64 8
size_t(storage_) size_t(storage_base_) size_t(storage_) size_t(storage_base_ + max_padding)
269954496 269954488 269954496 269954544
max_padding alignment sizeof(T)
7 64 8
size_t(storage_) size_t(storage_base_) size_t(storage_) size_t(storage_base_ + max_padding)
269978752 269978728 269978752 269978776
max_padding alignment sizeof(T)
3 64 16
size_t(storage_) size_t(storage_base_) size_t(storage_) size_t(storage_base_ + max_padding)
270026688 270026672 270026688 270026720
max_padding alignment sizeof(T)
3 64 16
size_t(storage_) size_t(storage_base_) size_t(storage_) size_t(storage_base_ + max_padding)
270074624 270074616 270074624 270074664
max_padding alignment sizeof(T)
3 64 16
size_t(storage_) size_t(storage_base_) size_t(storage_) size_t(storage_base_ + max_padding)
270122560 270122560 270122560 270122608
max_padding alignment sizeof(T)
3 64 16
size_t(storage_) size_t(storage_base_) size_t(storage_) size_t(storage_base_ + max_padding)
270170496 270170504 270170496 270170552
max_padding alignment sizeof(T)
3 64 16
cactus_sim: /home/cactus/Cactus/configs/sim/build/CarpetLib/mem.cc:136: mem<T>::mem(size_t, size_t, T*, size_t) [with T = std::complex<double>]: Assertion `size_t(storage_) >= size_t(storage_base_ ) and size_t(storage_) <= size_t(storage_base_ + max_padding)' failed.
Rank 0 with PID 20498 received signal 6
Writing backtrace to qlm-bl/backtrace.0.txt
--------------------------------------------------------------------------
mpirun noticed that process rank 0 with PID 20498 on node ETDebian exited on signal 6 (Aborted).
--------------------------------------------------------------------------
