MPI startup(): Warning: I_MPI_PMI_LIBRARY will be ignored since the hydra process manager was found
MPI startup(): Warning: I_MPI_PMI_LIBRARY will be ignored since the hydra process manager was found
MPI startup(): Warning: I_MPI_PMI_LIBRARY will be ignored since the hydra process manager was found
MPI startup(): Warning: I_MPI_PMI_LIBRARY will be ignored since the hydra process manager was found
MPI startup(): Warning: I_MPI_PMI_LIBRARY will be ignored since the hydra process manager was found
MPI startup(): Warning: I_MPI_PMI_LIBRARY will be ignored since the hydra process manager was found
MPI startup(): Warning: I_MPI_PMI_LIBRARY will be ignored since the hydra process manager was found
MPI startup(): Warning: I_MPI_PMI_LIBRARY will be ignored since the hydra process manager was found
MPI startup(): Warning: I_MPI_PMI_LIBRARY will be ignored since the hydra process manager was found
MPI startup(): Warning: I_MPI_PMI_LIBRARY will be ignored since the hydra process manager was found
MPI startup(): Warning: I_MPI_PMI_LIBRARY will be ignored since the hydra process manager was found
MPI startup(): Warning: I_MPI_PMI_LIBRARY will be ignored since the hydra process manager was found
[0] MPI startup(): Intel(R) MPI Library, Version 2021.10  Build 20230619 (id: c2e19c2f3e)
[0] MPI startup(): Copyright (C) 2003-2023 Intel Corporation.  All rights reserved.
[0] MPI startup(): library kind: release
MPI startup(): Warning: I_MPI_PMI_LIBRARY will be ignored since the hydra process manager was found
MPI startup(): Warning: I_MPI_PMI_LIBRARY will be ignored since the hydra process manager was found
MPI startup(): Warning: I_MPI_PMI_LIBRARY will be ignored since the hydra process manager was found
MPI startup(): Warning: I_MPI_PMI_LIBRARY will be ignored since the hydra process manager was found
[0] MPI startup(): libfabric version: 1.18.0-impi
[0] MPI startup(): libfabric provider: mlx
[0] MPI startup(): Load tuning file: "/gpfs/apps/MN5/GPP/ONEAPI/2023.2.0/mpi/2021.10.0/etc/tuning_spr_shm-ofi.dat"
[0] MPI startup(): Rank    Pid      Node name  Pin cpu
[0] MPI startup(): 0       159915   gs01r1b63  {0,1,2,3,112,113,114}
[0] MPI startup(): 1       159916   gs01r1b63  {4,5,6,115,116,117,118}
[0] MPI startup(): 2       159917   gs01r1b63  {0,1,2,3,112,113,114}
[0] MPI startup(): 3       159918   gs01r1b63  {4,5,6,115,116,117,118}
[0] MPI startup(): 4       159919   gs01r1b63  {0,1,2,3,112,113,114}
[0] MPI startup(): 5       159920   gs01r1b63  {4,5,6,115,116,117,118}
[0] MPI startup(): 6       159921   gs01r1b63  {0,1,2,3,112,113,114}
[0] MPI startup(): 7       159922   gs01r1b63  {4,5,6,115,116,117,118}
[0] MPI startup(): 8       159923   gs01r1b63  {0,1,2,3,112,113,114}
[0] MPI startup(): 9       159924   gs01r1b63  {4,5,6,115,116,117,118}
[0] MPI startup(): 10      159925   gs01r1b63  {0,1,2,3,112,113,114}
[0] MPI startup(): 11      159926   gs01r1b63  {4,5,6,115,116,117,118}
[0] MPI startup(): 12      159927   gs01r1b63  {0,1,2,3,112,113,114}
[0] MPI startup(): 13      159928   gs01r1b63  {4,5,6,115,116,117,118}
[0] MPI startup(): 14      159929   gs01r1b63  {0,1,2,3,112,113,114}
[0] MPI startup(): 15      159930   gs01r1b63  {4,5,6,115,116,117,118}
[0] MPI startup(): I_MPI_CC=icc
[0] MPI startup(): I_MPI_CXX=icpc
[0] MPI startup(): I_MPI_F90=ifort
[0] MPI startup(): I_MPI_F77=ifort
[0] MPI startup(): I_MPI_ROOT=/gpfs/apps/MN5/GPP/ONEAPI/2023.2.0/mpi/2021.10.0
[0] MPI startup(): I_MPI_MPIRUN=mpirun
[0] MPI startup(): I_MPI_BIND_WIN_ALLOCATE=localalloc
[0] MPI startup(): I_MPI_HYDRA_TOPOLIB=hwloc
[0] MPI startup(): I_MPI_HYDRA_BOOTSTRAP=slurm
[0] MPI startup(): I_MPI_RETURN_WIN_MEM_NUMA=0
[0] MPI startup(): I_MPI_PIN_DOMAIN=7
[0] MPI startup(): I_MPI_INTERNAL_MEM_POLICY=default
[0] MPI startup(): I_MPI_EXTRA_FILESYSTEM=on
[0] MPI startup(): I_MPI_EXTRA_FILESYSTEM_FORCE=gpfs
[0] MPI startup(): I_MPI_TUNING_BIN=/gpfs/apps/MN5/GPP/ONEAPI/2023.2.0/mpi/2021.10.0/etc/tuning_spr_shm-ofi.dat
[0] MPI startup(): I_MPI_DEBUG=5
[0] MPI startup(): I_MPI_PMI_LIBRARY=/usr/lib64/libpmi2.so
--------------------------------------------------------------------------------

       10                                  
  1   0101       ************************  
  01  1010 10      The Cactus Code V4.18.0    
 1010 1101 011      www.cactuscode.org     
  1001 100101    ************************  
    00010101                               
     100011     (c) Copyright The Authors  
      0100      GNU Licensed. No Warranty  
      0101                                 
--------------------------------------------------------------------------------

Cactus version:    4.18.0
Compile date:      Jun 27 2025 (18:31:34)
Run date:          Aug 06 2025 (22:07:05+0200)
Run host:          gs01r1b63 (pid=159915)
Working directory: /gpfs/scratch/uib111/alejandra/qc0-z4c/qc0_mod/wCPUs
Executable:        /home/uib/uib416720/ETK2024/CarSpX_CPU/Cactus/exe/cactus_sim_cx-cpu
Parameter file:    qc0-z4c.par
--------------------------------------------------------------------------------

Activating thorn Cactus...Success -> active implementation Cactus
Activation requested for 
--->ADMBaseX AEILocalInterp AHFinderDirect BoxInBox CarpetX CoordinatesX IOUtil Multipole NewRadX ODESolvers PunctureTracker SphericalSurface TimerReport TmunuBaseX TwoPuncturesX WeylScal4 Z4c<---
Thorn ADMBaseX requests automatic activation of Loop
Thorn AHFinderDirect requests automatic activation of HDF5
Thorn CarpetX requests automatic activation of AMReX
Thorn CarpetX requests automatic activation of MPI
Thorn CarpetX requests automatic activation of yaml_cpp
Thorn CarpetX requests automatic activation of zlib
Thorn CarpetX requests automatic activation of Arith
Thorn CarpetX requests automatic activation of CarpetXRegrid
Thorn CarpetX requests automatic activation of ADIOS2
Thorn CarpetX requests automatic activation of openPMD
Thorn CarpetX requests automatic activation of Silo
Thorn TwoPuncturesX requests automatic activation of GSL
Thorn Arith requests automatic activation of NSIMD
Thorn MPI requests automatic activation of hwloc
Thorn hwloc requests automatic activation of pciutils
Activating thorn ADIOS2...Success -> active implementation ADIOS2
Activating thorn ADMBaseX...Success -> active implementation ADMBaseX
Activating thorn AEILocalInterp...Success -> active implementation AEILocalInterp
Activating thorn AHFinderDirect...Success -> active implementation AHFinderDirect
Activating thorn AMReX...Success -> active implementation AMReX
Activating thorn Arith...Success -> active implementation Arith
Activating thorn BoxInBox...Success -> active implementation BoxInBox
Activating thorn CarpetX...Success -> active implementation Driver
Activating thorn CarpetXRegrid...Success -> active implementation CarpetXRegrid
Activating thorn CoordinatesX...Success -> active implementation CoordinatesX
Activating thorn GSL...Success -> active implementation GSL
Activating thorn HDF5...Success -> active implementation HDF5
Activating thorn hwloc...Success -> active implementation hwloc
Activating thorn IOUtil...Success -> active implementation IO
Activating thorn Loop...Success -> active implementation Loop
Activating thorn MPI...Success -> active implementation MPI
Activating thorn Multipole...Success -> active implementation Multipole
Activating thorn NewRadX...Success -> active implementation NewRadX
Activating thorn NSIMD...Success -> active implementation NSIMD
Activating thorn ODESolvers...Success -> active implementation ODESolvers
Activating thorn openPMD...Success -> active implementation openPMD
Activating thorn pciutils...Success -> active implementation pciutils
Activating thorn PunctureTracker...Success -> active implementation PunctureTracker
Activating thorn Silo...Success -> active implementation Silo
Activating thorn SphericalSurface...Success -> active implementation SphericalSurface
Activating thorn TimerReport...Success -> active implementation timerreport
Activating thorn TmunuBaseX...Success -> active implementation TmunuBaseX
Activating thorn TwoPuncturesX...Success -> active implementation TwoPuncturesX
Activating thorn WeylScal4...Success -> active implementation WeylScal4
Activating thorn yaml_cpp...Success -> active implementation yaml_cpp
Activating thorn Z4c...Success -> active implementation Z4c
Activating thorn zlib...Success -> active implementation zlib
INFO (CarpetX): InputOpenPMDParameters...
INFO (CarpetX): Creating openPMD object...
INFO (CarpetX): Not recovering parameters:
INFO (CarpetX):   Could not find an openPMD checkpoint file "checkpoints_qc0-z4c/checkpoint.chkpt.it%08T.bp5"
--------------------------------------------------------------------------------
  if (recover initial data)
    Recover parameters
  endif

  Startup routines
    [CCTK_STARTUP]
      CarpetX::Driver_Startup: Start up the driver
      AEILocalInterp::AEILocalInterp_U_Startup: register CCTK_InterpLocalUniform() interpolation operators
      IOUtil::IOUtil_Startup: Startup routine
      GROUP hwloc_startup: hwloc startup group
        hwloc::hwloc_version: Output hwloc version

  Startup routines which need an existing grid hierarchy
    [CCTK_WRAGH]
      Arith::Test_smallvector: [meta] Test small vectors
      Arith::Test_spvect: [meta] Test sparse vectors
      Multipole::Multipole_Setup: [global] Set up for Calculating Multipoles
      Z4c::Z4c_Test: [meta] Self-test
  Parameter checking routines
    [CCTK_PARAMCHECK]
      SphericalSurface::SphericalSurface_ParamCheck: [global] Check that all surface names are unique
      TwoPuncturesX::TwoPuncturesX_ParamCheck: Check parameters and thorn needs

  Initialisation
    if (NOT (recover initial data AND recovery_mode is 'strict'))
      [CCTK_PREREGRIDINITIAL]
      Set up grid hierarchy
      [CCTK_POSTREGRIDINITIAL]
        AHFinderDirect::AHFinderDirect_import_mask: [local] import the excision mask
      [CCTK_BASEGRID]
        AHFinderDirect::AHFinderDirect_setup: [global] setup data structures
        CarpetXRegrid::CarpetXRegrid_InitError: Initialize regridding error to zero
        CoordinatesX::CoordinatesX_Setup: Set coordinate grid functions
        GROUP ODESolvers_BaseGrid: Set up constants (e.g. coordinates) everywhere on the grid
        SphericalSurface::SphericalSurface_SetupRes: [global] [loop-local] Set surface resolution automatically
        SphericalSurface::SphericalSurface_Setup: [global] Calculate surface coordinate descriptors
        SphericalSurface::SphericalSurface_Set: [global] Set surface radii to be used for initial setup in other thorns
        GROUP SphericalSurface_HasBeenSet: Set the spherical surfaces before this group, and use it afterwards
          SphericalSurface::SphericalSurface_CheckState: [global] Test the state of the spherical surfaces
      [CCTK_INITIAL]
        AHFinderDirect::AHFinderDirect_import_mask: [local] import the excision mask
        BoxInBox::BoxInBox_Init: [global] Initialize
        GROUP ODESolvers_Initial: Set up initial conditions on interior of state vector
          GROUP ADMBaseX_InitialData: Schedule group for calculating ADM initial data
            GROUP TwoPuncturesX_Group: TwoPuncturesX initial data group
              TwoPuncturesX::TwoPuncturesX_TwoPunctures: Create puncture black hole initial data
              TwoPuncturesX::TwoPuncturesX_Metadata: [global] Output TwoPuncturesX metadata
          GROUP ADMBaseX_InitialGauge: Schedule group for the ADM initial gauge condition
            ADMBaseX::ADMBaseX_initial_dtlapse: Set dtlapse to zero
            ADMBaseX::ADMBaseX_initial_shift: Set shift to zero
            ADMBaseX::ADMBaseX_initial_dtshift: Set dtshift to zero
          GROUP ADMBaseX_PostInitial: Schedule group for modifying the ADM initial data, such as e.g. adding noise
        PunctureTracker::PunctureTracker_Init: [global] Read initial location of punctures from parameter file
        GROUP PunctureTracker_SetupGroup: Setup puncture containter
          PunctureTracker::PunctureTracker_Setup: [global] Calculate initial location of punctures
        GROUP TmunuBaseX_SetTmunuVars: Schedule group for setting T_munu
          TmunuBaseX::TmunuBaseX_ZeroTmunu: Set T_munu to zero
          GROUP TmunuBaseX_AddToTmunu: Add to T_munu here
        GROUP Z4c_InitialGroup: Convert ADM to Z4c variables
          Z4c::Z4c_Initial1: Convert ADM to Z4c variables, part 1
          Z4c::Z4c_Initial2: Convert ADM to Z4c variables, part 2
        GROUP Z4c_PostStepGroup: Post-process Z4c variables
          Z4c::Z4c_Enforce: Enforce algebraic Z4c constraints
          Z4c::Z4c_ADM: Convert Z4c to ADM variables
        GROUP Z4c_PostStepGroup2: Post-process Z4c variables, part 2
          Z4c::Z4c_ADM2: Calculate second time derivatives of ADM variables
      [CCTK_POSTINITIAL]
        BoxInBox::EstimateError: Estimate error
        GROUP ODESolvers_PostStep: Apply boundary conditions to state vector, and project if necessary
          GROUP Z4c_PostStepGroup: Post-process Z4c variables
            Z4c::Z4c_Enforce: Enforce algebraic Z4c constraints
            Z4c::Z4c_ADM: Convert Z4c to ADM variables
          GROUP ADMBaseX_SetADMVars: Set ADM variables in this group
          GROUP TmunuBaseX_SetTmunuVars: Schedule group for setting T_munu
            TmunuBaseX::TmunuBaseX_ZeroTmunu: Set T_munu to zero
            GROUP TmunuBaseX_AddToTmunu: Add to T_munu here
          GROUP Z4c_PostStepGroup2: Post-process Z4c variables, part 2
            Z4c::Z4c_ADM2: Calculate second time derivatives of ADM variables
          GROUP ADMBaseX_SetADMRHS: Set ADM RHS variables in this group
        GROUP ODESolvers_EstimateError: Estimate discretization error (for regridding)
      Initialise finer grids recursively
      Restrict from finer grids
      [CCTK_POSTRESTRICTINITIAL]
      [CCTK_POSTPOSTINITIAL]
      [CCTK_POSTSTEP]
        AHFinderDirect::AHFinderDirect_import_mask: [local] import the excision mask
        AHFinderDirect::AHFinderDirect_find_horizons: [global] find apparent horizon(s) after this time step
        AHFinderDirect::AHFinderDirect_store: [global] store apparent horizon(s) into spherical surface(s)
        AHFinderDirect::AHFinderDirect_save: [global] save apparent horizon(s) into Cactus variables
        BoxInBox::EstimateError: Estimate error
        GROUP ODESolvers_EstimateError: Estimate discretization error (for regridding)
        SphericalSurface::SphericalSurface_Set: [global] Set surface radii
        GROUP SphericalSurface_HasBeenSet: Set the spherical surfaces before this group, and use it afterwards
          SphericalSurface::SphericalSurface_CheckState: [global] Test the state of the spherical surfaces
    endif
    if (recover initial data)
      [CCTK_BASEGRID]
        AHFinderDirect::AHFinderDirect_setup: [global] setup data structures
        CarpetXRegrid::CarpetXRegrid_InitError: Initialize regridding error to zero
        CoordinatesX::CoordinatesX_Setup: Set coordinate grid functions
        GROUP ODESolvers_BaseGrid: Set up constants (e.g. coordinates) everywhere on the grid
        SphericalSurface::SphericalSurface_SetupRes: [global] [loop-local] Set surface resolution automatically
        SphericalSurface::SphericalSurface_Setup: [global] Calculate surface coordinate descriptors
        SphericalSurface::SphericalSurface_Set: [global] Set surface radii to be used for initial setup in other thorns
        GROUP SphericalSurface_HasBeenSet: Set the spherical surfaces before this group, and use it afterwards
          SphericalSurface::SphericalSurface_CheckState: [global] Test the state of the spherical surfaces
      [CCTK_RECOVER_VARIABLES]
        IOUtil::IOUtil_RecoverGH: [level] Checkpoint recovery routine
      [CCTK_POST_RECOVER_VARIABLES]
        AHFinderDirect::AHFinderDirect_recover: [global] import horizon data from Cactus variables
        GROUP ODESolvers_PostStep: Apply boundary conditions to state vector, and project if necessary
          GROUP Z4c_PostStepGroup: Post-process Z4c variables
            Z4c::Z4c_Enforce: Enforce algebraic Z4c constraints
            Z4c::Z4c_ADM: Convert Z4c to ADM variables
          GROUP ADMBaseX_SetADMVars: Set ADM variables in this group
          GROUP TmunuBaseX_SetTmunuVars: Schedule group for setting T_munu
            TmunuBaseX::TmunuBaseX_ZeroTmunu: Set T_munu to zero
            GROUP TmunuBaseX_AddToTmunu: Add to T_munu here
          GROUP Z4c_PostStepGroup2: Post-process Z4c variables, part 2
            Z4c::Z4c_ADM2: Calculate second time derivatives of ADM variables
          GROUP ADMBaseX_SetADMRHS: Set ADM RHS variables in this group
        GROUP ODESolvers_EstimateError: Estimate discretization error (for regridding)
        GROUP PunctureTracker_SetupGroup: Setup puncture containter
          PunctureTracker::PunctureTracker_Setup: [global] Calculate initial location of punctures
    endif
    if (checkpoint initial data)
      [CCTK_CPINITIAL]
        CarpetX::CarpetX_CheckpointInitial: [meta] Checkpoint initial conditions
    endif
    if (analysis)
      [CCTK_ANALYSIS]
        Multipole::Multipole_Calc: [global] Calculate Multipoles
        GROUP ODESolvers_Analysis: Calculate analysis quantities everywhere
        TimerReport::zzz_TimerReport_Output: [global] Print the timer report
        GROUP Z4c_AnalysisGroup: Analyse Z4c variables
          Z4c::Z4c_Constraints: Calculate Z4c constraints
  endif
  Output grid variables

  do loop over timesteps
    [CCTK_PREREGRID]
    Change grid hierarchy
    [CCTK_POSTREGRID]
      GROUP ODESolvers_PostStep: Apply boundary conditions to state vector, and project if necessary
        GROUP Z4c_PostStepGroup: Post-process Z4c variables
          Z4c::Z4c_Enforce: Enforce algebraic Z4c constraints
          Z4c::Z4c_ADM: Convert Z4c to ADM variables
        GROUP ADMBaseX_SetADMVars: Set ADM variables in this group
        GROUP TmunuBaseX_SetTmunuVars: Schedule group for setting T_munu
          TmunuBaseX::TmunuBaseX_ZeroTmunu: Set T_munu to zero
          GROUP TmunuBaseX_AddToTmunu: Add to T_munu here
        GROUP Z4c_PostStepGroup2: Post-process Z4c variables, part 2
          Z4c::Z4c_ADM2: Calculate second time derivatives of ADM variables
        GROUP ADMBaseX_SetADMRHS: Set ADM RHS variables in this group
      GROUP Z4c_PostStepGroup: Post-process Z4c variables
        Z4c::Z4c_Enforce: Enforce algebraic Z4c constraints
        Z4c::Z4c_ADM: Convert Z4c to ADM variables
      GROUP Z4c_PostStepGroup2: Post-process Z4c variables, part 2
        Z4c::Z4c_ADM2: Calculate second time derivatives of ADM variables
    Rotate timelevels
    iteration = iteration+1
    t = t+dt
    [CCTK_PRESTEP]
    [CCTK_EVOL]
      ODESolvers::ODESolvers_Solve: [level] Solve ODEs
      PunctureTracker::PunctureTracker_Track: [global] Calculate new location of punctures
      WeylScal4::WeylScal4_psi4_calc_4th: WeylScal4_psi4_calc_4th
    Evolve finer grids recursively
    Restrict from finer grids
    [CCTK_POSTRESTRICT]
      GROUP ODESolvers_PostStep: Apply boundary conditions to state vector, and project if necessary
        GROUP Z4c_PostStepGroup: Post-process Z4c variables
          Z4c::Z4c_Enforce: Enforce algebraic Z4c constraints
          Z4c::Z4c_ADM: Convert Z4c to ADM variables
        GROUP ADMBaseX_SetADMVars: Set ADM variables in this group
        GROUP TmunuBaseX_SetTmunuVars: Schedule group for setting T_munu
          TmunuBaseX::TmunuBaseX_ZeroTmunu: Set T_munu to zero
          GROUP TmunuBaseX_AddToTmunu: Add to T_munu here
        GROUP Z4c_PostStepGroup2: Post-process Z4c variables, part 2
          Z4c::Z4c_ADM2: Calculate second time derivatives of ADM variables
        GROUP ADMBaseX_SetADMRHS: Set ADM RHS variables in this group
    [CCTK_POSTSTEP]
      AHFinderDirect::AHFinderDirect_import_mask: [local] import the excision mask
      AHFinderDirect::AHFinderDirect_find_horizons: [global] find apparent horizon(s) after this time step
      AHFinderDirect::AHFinderDirect_store: [global] store apparent horizon(s) into spherical surface(s)
      AHFinderDirect::AHFinderDirect_save: [global] save apparent horizon(s) into Cactus variables
      BoxInBox::EstimateError: Estimate error
      GROUP ODESolvers_EstimateError: Estimate discretization error (for regridding)
      SphericalSurface::SphericalSurface_Set: [global] Set surface radii
      GROUP SphericalSurface_HasBeenSet: Set the spherical surfaces before this group, and use it afterwards
        SphericalSurface::SphericalSurface_CheckState: [global] Test the state of the spherical surfaces
    if (checkpoint)
      [CCTK_CHECKPOINT]
      CarpetX::CarpetX_Checkpoint: [meta] Checkpoint
      TimerReport::zzz_TimerReport_Checkpoint: [global] Print the timer report
    endif
    if (analysis)
      [CCTK_ANALYSIS]
      Multipole::Multipole_Calc: [global] Calculate Multipoles
      GROUP ODESolvers_Analysis: Calculate analysis quantities everywhere
      TimerReport::zzz_TimerReport_Output: [global] Print the timer report
      GROUP Z4c_AnalysisGroup: Analyse Z4c variables
        Z4c::Z4c_Constraints: Calculate Z4c constraints
    endif
    Output grid variables
    enddo

  Termination routines
    [CCTK_TERMINATE]
      CarpetX::CarpetX_CheckpointTerminate: [meta] Checkpoint before terminating
      Multipole::Multipole_Finalize: [global] Free Sphere instance and stuff
      PunctureTracker::PunctureTracker_Finalize: [global] Free PunctureContainer instance and stuff
      TimerReport::zzz_TimerReport_Output: [global] Print the timer report

  Shutdown routines
    [CCTK_SHUTDOWN]
      CarpetX::Driver_Shutdown: [meta] Shut down the driver

  Routines run after changing the grid hierarchy:
    [CCTK_POSTREGRID]
      GROUP ODESolvers_PostStep: Apply boundary conditions to state vector, and project if necessary
        GROUP Z4c_PostStepGroup: Post-process Z4c variables
          Z4c::Z4c_Enforce: Enforce algebraic Z4c constraints
          Z4c::Z4c_ADM: Convert Z4c to ADM variables
        GROUP ADMBaseX_SetADMVars: Set ADM variables in this group
        GROUP TmunuBaseX_SetTmunuVars: Schedule group for setting T_munu
          TmunuBaseX::TmunuBaseX_ZeroTmunu: Set T_munu to zero
          GROUP TmunuBaseX_AddToTmunu: Add to T_munu here
        GROUP Z4c_PostStepGroup2: Post-process Z4c variables, part 2
          Z4c::Z4c_ADM2: Calculate second time derivatives of ADM variables
        GROUP ADMBaseX_SetADMRHS: Set ADM RHS variables in this group
      GROUP Z4c_PostStepGroup: Post-process Z4c variables
        Z4c::Z4c_Enforce: Enforce algebraic Z4c constraints
        Z4c::Z4c_ADM: Convert Z4c to ADM variables
      GROUP Z4c_PostStepGroup2: Post-process Z4c variables, part 2
        Z4c::Z4c_ADM2: Calculate second time derivatives of ADM variables
--------------------------------------------------------------------------------
INFO (hwloc): library version 2.4.1, API version 0x20400
--------------------------------------------------------------------------------

  [34m  ▕▏  [34m  ▕▏  [34m  ▕▏  [34m  ▕▏  [34m  ▕▏  [34m  ▕▏  [34m  ▕▏  [34m  ▕▏  [34m  ▕▏  [39m  
  [34m──██──[34m──██──[34m──██──[34m──██──[34m──██──[34m──██──[34m──██──[34m──██──[34m──██──[39m  
  [34m  ▕▏  [34m  ▕▏  [34m  ▕▏  [34m  ▕▏  [34m  ▕▏  [34m  ▕▏  [34m  ▕▏  [34m  ▕▏  [34m  ▕▏  [39m  
  [34m  ▕▏  [32m██████[34m  ▕▏  [34m  ▕▏  [32m██████[34m  ▕▏  [34m  ▕▏  [32m██████[34m  ▕▏  [39m  
  [34m──██──[32m██████[34m──██──[34m──██──[32m██████[34m──██──[34m──██──[32m██████[34m──██──[39m  
  [34m  ▕▏  [32m██████[34m  ▕▏  [34m  ▕▏  [32m██████[34m  ▕▏  [34m  ▕▏  [32m██████[34m  ▕▏  [39m  
  [34m  ▕▏  [34m  ▕▏  [34m  ▕▏  [34m  ▕▏  [34m  ▕▏  [34m  ▕▏  [34m  ▕▏  [34m  ▕▏  [34m  ▕▏  [39m  
  [34m──██──[34m──██──[34m──██──[34m──██──[34m──██──[34m──██──[34m──██──[34m──██──[34m──██──[39m  
  [34m  ▕▏  [34m  ▕▏  [34m  ▕▏  [34m  ▕▏  [34m  ▕▏  [34m  ▕▏  [34m  ▕▏  [34m  ▕▏  [34m  ▕▏  [39m  
  [34m  ▕▏  [34m  ▕▏  [34m  ▕▏  [31m██████[31m██████[31m██████[34m  ▕▏  [34m  ▕▏  [34m  ▕▏  [39m  
  [34m──██──[34m──██──[34m──██──[31m██████[31m██████[31m██████[34m──██──[34m──██──[34m──██──[39m  
  [34m  ▕▏  [34m  ▕▏  [34m  ▕▏  [31m██████[31m██████[31m██████[34m  ▕▏  [34m  ▕▏  [34m  ▕▏  [39m  
  [34m  ▕▏  [32m██████[34m  ▕▏  [31m██████[31m██████[31m██████[34m  ▕▏  [32m██████[34m  ▕▏  [39m  
  [34m──██──[32m██████[34m──██──[31m██████[31m██████[31m██████[34m──██──[32m██████[34m──██──[39m  
  [34m  ▕▏  [32m██████[34m  ▕▏  [31m██████[31m██████[31m██████[34m  ▕▏  [32m██████[34m  ▕▏  [39m  
  [34m  ▕▏  [34m  ▕▏  [34m  ▕▏  [31m██████[31m██████[31m██████[34m  ▕▏  [34m  ▕▏  [34m  ▕▏  [39m  
  [34m──██──[34m──██──[34m──██──[31m██████[31m██████[31m██████[34m──██──[34m──██──[34m──██──[39m  
  [34m  ▕▏  [34m  ▕▏  [34m  ▕▏  [31m██████[31m██████[31m██████[34m  ▕▏  [34m  ▕▏  [34m  ▕▏  [39m  
  [34m  ▕▏  [34m  ▕▏  [34m  ▕▏  [34m  ▕▏  [34m  ▕▏  [34m  ▕▏  [34m  ▕▏  [34m  ▕▏  [34m  ▕▏  [39m  
  [34m──██──[34m──██──[34m──██──[34m──██──[34m──██──[34m──██──[34m──██──[34m──██──[34m──██──[39m  
  [34m  ▕▏  [34m  ▕▏  [34m  ▕▏  [34m  ▕▏  [34m  ▕▏  [34m  ▕▏  [34m  ▕▏  [34m  ▕▏  [34m  ▕▏  [39m  
  [34m  ▕▏  [32m██████[34m  ▕▏  [34m  ▕▏  [32m██████[34m  ▕▏  [34m  ▕▏  [32m██████[34m  ▕▏  [39m  
  [34m──██──[32m██████[34m──██──[34m──██──[32m██████[34m──██──[34m──██──[32m██████[34m──██──[39m  
  [34m  ▕▏  [32m██████[34m  ▕▏  [34m  ▕▏  [32m██████[34m  ▕▏  [34m  ▕▏  [32m██████[34m  ▕▏  [39m  
  [34m  ▕▏  [34m  ▕▏  [34m  ▕▏  [34m  ▕▏  [34m  ▕▏  [34m  ▕▏  [34m  ▕▏  [34m  ▕▏  [34m  ▕▏  [39m  
  [34m──██──[34m──██──[34m──██──[34m──██──[34m──██──[34m──██──[34m──██──[34m──██──[34m──██──[39m  
  [34m  ▕▏  [34m  ▕▏  [34m  ▕▏  [34m  ▕▏  [34m  ▕▏  [34m  ▕▏  [34m  ▕▏  [34m  ▕▏  [34m  ▕▏  [39m  

AMR driver provided by CarpetX,
using AMReX 24.10 (MPI, OpenMP, no accelerators, debug)
--------------------------------------------------------------------------------

Initializing AMReX (24.10)...
MPI initialized with 16 MPI processes
MPI initialized with thread support level 2
OMP initialized with 7 OMP threads
AMReX (24.10) initialized
INFO (CarpetX): 
Symmetries:
  lower x: none
  lower y: none
  lower z: none
  upper x: none
  upper y: none
  upper z: none
Default boundaries:
  lower x: linear_extrapolation
  lower y: linear_extrapolation
  lower z: linear_extrapolation
  upper x: linear_extrapolation
  upper y: linear_extrapolation
  upper z: linear_extrapolation
INFO (Arith): Test_smallvector
INFO (Arith): Test_spvect
INFO (Multipole): initialized arrays
INFO (CarpetX): Setting initial values for max_grid_size values for all levels
INFO (CarpetX): Setting up initial conditions...
INFO (CarpetX): Iteration: 0   time: 0   delta_time: 0.46875
INFO (AHFinderDirect): setting up AHFinderDirect data structures
INFO (AHFinderDirect):            to search for 3 horizons on 16 processors
INFO (AHFinderDirect):       constructing full sphere patch system
INFO (AHFinderDirect):                    at origin (15.1686,0,0)
INFO (AHFinderDirect):                    with 18 angular zones per right angle
INFO (AHFinderDirect):       ==> 2166 nominal, 3174 ghosted angular grid points
INFO (AHFinderDirect):       constructing full sphere patch system
INFO (AHFinderDirect):                    at origin (-15.1686,0,0)
INFO (AHFinderDirect):                    with 18 angular zones per right angle
INFO (AHFinderDirect):       ==> 2166 nominal, 3174 ghosted angular grid points
INFO (AHFinderDirect):       constructing full sphere patch system
INFO (AHFinderDirect):                    at origin (0,0,0)
INFO (AHFinderDirect):                    with 18 angular zones per right angle
INFO (AHFinderDirect):       ==> 2166 nominal, 3174 ghosted angular grid points
INFO (CarpetX): Patch 0:
INFO (CarpetX):   Grid extent:
INFO (CarpetX):     gsh=[135,135,135]
INFO (CarpetX):     blocking_factor=[8,8,8]
INFO (CarpetX):     max_grid_size=[32,32,32]
INFO (CarpetX):     max_tile_size=[1024000,16,32]
INFO (CarpetX):   Domain extent:
INFO (CarpetX):     xmin=[-120,-120,-120]
INFO (CarpetX):     xmax=[120,120,120]
INFO (CarpetX):     base dx=[1.875,1.875,1.875]
INFO (CarpetX): Initializing level 0...
INFO (TwoPuncturesX): Solving puncture equation for BH-BH system
INFO (TwoPuncturesX): b = 15.1686
Newton: it=0 	 |F|=5.360367e-01
bare mass: mp=0.3 	 mm=0.3
bicgstab:  itmax 100, tol 5.360367e-04
bicgstab:     0   3.893e+00
bicgstab:     1   8.352e-01   9.918e-01   0.000e+00   5.210e-01
bicgstab:     2   7.974e-02   9.386e-01   2.520e-03   4.242e-01
bicgstab:     3   1.319e-02   6.536e-01   3.959e-02   5.721e-01
bicgstab:     4   7.450e-03   5.597e-02  -2.738e-03   5.209e-01
bicgstab:     5   2.993e-04   7.310e+00  -8.143e-01   5.209e-01
Newton: it=1 	 |F|=1.437178e-01
bare mass: mp=0.3 	 mm=0.3
bicgstab:  itmax 100, tol 1.437178e-04
bicgstab:     0   1.070e+00
bicgstab:     1   3.640e-01   9.913e-01   0.000e+00   5.149e-01
bicgstab:     2   5.005e-01  -1.124e+00   1.076e-03   3.612e-01
bicgstab:     3   3.845e-03  -5.640e-01  -6.112e+00   4.952e-01
bicgstab:     4   2.249e-04   4.237e-01   1.518e-02   9.999e-01
bicgstab:     5   8.889e-04   9.568e+00  -5.674e-02   4.836e-01
bicgstab:     6   5.967e-05   1.152e-01  -6.160e+01   4.836e-01
Newton: it=2 	 |F|=1.663062e-02
bare mass: mp=0.3 	 mm=0.3
bicgstab:  itmax 100, tol 1.663062e-05
bicgstab:     0   1.279e-01
bicgstab:     1   5.557e-02   9.866e-01   0.000e+00   5.175e-01
bicgstab:     2   4.825e-02   2.729e+00   2.780e-03   3.686e-01
bicgstab:     3   1.778e-03   2.951e-01  -4.103e+00   3.661e-01
bicgstab:     4   5.576e-05   3.648e-01  -2.502e-02   8.984e-01
bicgstab:     5   4.895e-05   2.704e+00   4.916e-02   8.275e-01
bicgstab:     6   1.183e-05   3.724e-01  -2.059e+00   8.275e-01
Newton: it=3 	 |F|=2.655698e-04
bare mass: mp=0.3 	 mm=0.3
bicgstab:  itmax 100, tol 2.655698e-07
bicgstab:     0   2.074e-03
bicgstab:     1   9.379e-04   9.826e-01   0.000e+00   5.219e-01
bicgstab:     2   2.038e-04   7.779e-01   3.795e-03   4.949e-01
bicgstab:     3   3.577e-05   6.786e-01   5.749e-01   6.592e-01
bicgstab:     4   5.935e-07   5.073e-01  -2.179e-01   7.911e-01
bicgstab:     5   1.285e-06   3.875e+00  -2.919e-02   6.925e-01
bicgstab:     6   4.302e-08   2.862e-01  -5.819e+00   1.086e+00
Newton: it=4 	 |F|=7.119542e-08
bare mass: mp=0.3 	 mm=0.3
bicgstab:  itmax 100, tol 7.119542e-11
bicgstab:     0   5.599e-07
bicgstab:     1   2.549e-07   9.081e-01   0.000e+00   5.388e-01
bicgstab:     2   1.052e-08   4.287e-01   7.887e-02   1.287e+00
bicgstab:     3   4.029e-09  -9.099e-02   4.165e-04   5.767e-01
bicgstab:     4   7.070e-10  -1.122e+01  -1.229e+00   9.706e-01
bicgstab:     5   8.012e-11   1.595e+00  -7.909e-01   5.357e-01
bicgstab:     6   5.463e-11   4.297e-01  -8.115e-01   5.357e-01
Newton: it=5 	 |F|=1.098771e-11 
INFO (TwoPuncturesX): The two puncture masses are mp=0.29999999999999999 and mm=0.29999999999999999
INFO (TwoPuncturesX): Puncture 1 ADM mass is 0.498132
INFO (TwoPuncturesX): Puncture 2 ADM mass is 0.498132
INFO (TwoPuncturesX): The total ADM mass is 0.98852
INFO (TwoPuncturesX): Interpolating result
INFO (PunctureTracker): Writing punc coords to box 0.
INFO (PunctureTracker): Writing punc coords to box 1.
INFO (CarpetX): Regridding...
INFO (CarpetX):   level 0: 64 boxes, 2097152 cells (100%)
INFO (CarpetX):   level 1: 150 boxes, 3649536 cells (21.75%, 22%)
INFO (CarpetX): Iteration: 0   time: 0   delta_time: 0.234375
INFO (AHFinderDirect): setting up AHFinderDirect data structures
INFO (CarpetX): Initializing level 1...
INFO (PunctureTracker): Writing punc coords to box 0.
INFO (PunctureTracker): Writing punc coords to box 1.
INFO (CarpetX): Regridding...
INFO (CarpetX):   level 0: 64 boxes, 2097152 cells (100%)
INFO (CarpetX):   level 1: 150 boxes, 3649536 cells (21.75%, 22%)
INFO (CarpetX):   level 2: 45 boxes, 921600 cells (0.6866%, 3%)
INFO (CarpetX): Iteration: 0   time: 0   delta_time: 0.117188
INFO (AHFinderDirect): setting up AHFinderDirect data structures
INFO (CarpetX): Initializing level 2...
INFO (PunctureTracker): Writing punc coords to box 0.
INFO (PunctureTracker): Writing punc coords to box 1.
INFO (CarpetX): Regridding...
INFO (CarpetX):   level 0: 64 boxes, 2097152 cells (100%)
INFO (CarpetX):   level 1: 150 boxes, 3649536 cells (21.75%, 22%)
INFO (CarpetX):   level 2: 45 boxes, 921600 cells (0.6866%, 3%)
INFO (CarpetX):   level 3: 63 boxes, 1331200 cells (0.124%, 18%)
INFO (CarpetX): Iteration: 0   time: 0   delta_time: 0.0585938
INFO (AHFinderDirect): setting up AHFinderDirect data structures
INFO (CarpetX): Initializing level 3...
INFO (PunctureTracker): Writing punc coords to box 0.
INFO (PunctureTracker): Writing punc coords to box 1.
INFO (CarpetX): Regridding...
INFO (CarpetX):   level 0: 64 boxes, 2097152 cells (100%)
INFO (CarpetX):   level 1: 150 boxes, 3649536 cells (21.75%, 22%)
INFO (CarpetX):   level 2: 45 boxes, 921600 cells (0.6866%, 3%)
INFO (CarpetX):   level 3: 63 boxes, 1331200 cells (0.124%, 18%)
INFO (CarpetX):   level 4: 54 boxes, 921600 cells (0.01073%, 9%)
INFO (CarpetX): Iteration: 0   time: 0   delta_time: 0.0292969
INFO (AHFinderDirect): setting up AHFinderDirect data structures
INFO (CarpetX): Initializing level 4...
INFO (PunctureTracker): Writing punc coords to box 0.
INFO (PunctureTracker): Writing punc coords to box 1.
INFO (CarpetX): Regridding...
INFO (CarpetX):   level 0: 64 boxes, 2097152 cells (100%)
INFO (CarpetX):   level 1: 150 boxes, 3649536 cells (21.75%, 22%)
INFO (CarpetX):   level 2: 45 boxes, 921600 cells (0.6866%, 3%)
INFO (CarpetX):   level 3: 63 boxes, 1331200 cells (0.124%, 18%)
INFO (CarpetX):   level 4: 54 boxes, 921600 cells (0.01073%, 9%)
INFO (CarpetX):   level 5: 54 boxes, 921600 cells (0.001341%, 12%)
INFO (CarpetX): Iteration: 0   time: 0   delta_time: 0.0146484
INFO (AHFinderDirect): setting up AHFinderDirect data structures
INFO (CarpetX): Initializing level 5...
INFO (PunctureTracker): Writing punc coords to box 0.
INFO (PunctureTracker): Writing punc coords to box 1.
INFO (CarpetX): Regridding...
INFO (CarpetX):   level 0: 64 boxes, 2097152 cells (100%)
INFO (CarpetX):   level 1: 150 boxes, 3649536 cells (21.75%, 22%)
INFO (CarpetX):   level 2: 45 boxes, 921600 cells (0.6866%, 3%)
INFO (CarpetX):   level 3: 63 boxes, 1331200 cells (0.124%, 18%)
INFO (CarpetX):   level 4: 54 boxes, 921600 cells (0.01073%, 9%)
INFO (CarpetX):   level 5: 54 boxes, 921600 cells (0.001341%, 12%)
INFO (CarpetX):   level 6: 54 boxes, 921600 cells (0.0001676%, 12%)
INFO (CarpetX): Iteration: 0   time: 0   delta_time: 0.00732422
INFO (AHFinderDirect): setting up AHFinderDirect data structures
INFO (CarpetX): Initializing level 6...
INFO (PunctureTracker): Writing punc coords to box 0.
INFO (PunctureTracker): Writing punc coords to box 1.
INFO (CarpetX): Regridding...
INFO (CarpetX):   level 0: 64 boxes, 2097152 cells (100%)
INFO (CarpetX):   level 1: 150 boxes, 3649536 cells (21.75%, 22%)
INFO (CarpetX):   level 2: 45 boxes, 921600 cells (0.6866%, 3%)
INFO (CarpetX):   level 3: 63 boxes, 1331200 cells (0.124%, 18%)
INFO (CarpetX):   level 4: 54 boxes, 921600 cells (0.01073%, 9%)
INFO (CarpetX):   level 5: 54 boxes, 921600 cells (0.001341%, 12%)
INFO (CarpetX):   level 6: 54 boxes, 921600 cells (0.0001676%, 12%)
INFO (CarpetX): Initialized 7 levels
INFO (AHFinderDirect): proc 0: searching for horizon 1/3
INFO (AHFinderDirect): AH 1/3: r=0.145649 at (15.168669,-0.000204,0.000000)
INFO (AHFinderDirect): AH 1/3: area=9.667762617 m_irreducible=0.4385590338
INFO (AHFinderDirect): AH 2/3: r=0.145649 at (-15.168669,0.000204,-0.000000)
INFO (AHFinderDirect): AH 2/3: area=9.667762617 m_irreducible=0.4385590338
INFO (TimerReport): Timer Report at iteration 0 time 0
INFO (TimerReport): Top timers at iteration 0 time 0
======================================================================
    %    Time/s   Min/s   Max/s   Timer (gettimeofday)
======================================================================
100.0   799.864 787.832 812.782   Sync
 42.9   343.514 332.363 355.647   [0019] TwoPuncturesX: TwoPuncturesX_TwoPunctures in CCTK_INITIAL
 42.9   343.514 332.363 355.647   CallFunction TwoPuncturesX_Group: TwoPuncturesX::TwoPuncturesX_TwoPunctures
 30.1   240.984 240.813 241.165   [0042] AHFinderDirect: AHFinderDirect_find_horizons in CCTK_POSTSTEP
 30.1   240.984 240.813 241.165   CallFunction CCTK_POSTSTEP: AHFinderDirect::AHFinderDirect_find_horizons
 27.2   217.280 215.064 219.860   InitialiseRegrid [refined]
 25.1   200.552 185.702 222.311   Restrict
 25.1   200.537 185.655 222.261   Restrict::average_down
  9.3    74.501  72.256  76.156   apply_boundary_conditions
  6.6    52.658  48.287  57.926   CallFunction Z4c_PostStepGroup2: Z4c::Z4c_ADM2
  2.8    22.668  19.764  25.949   [0036] Z4c: Z4c_ADM2 in CCTK_POSTINITIAL
  2.7    21.866  18.316  26.347   [0031] Z4c: Z4c_ADM2 in CCTK_INITIAL
  1.7    13.921  13.870  14.015   [0049] Multipole: Multipole_Calc in CCTK_ANALYSIS
  1.7    13.921  13.870  14.015   CallFunction CCTK_ANALYSIS: Multipole::Multipole_Calc
  1.0     8.124   7.178   9.678   [0040] Z4c: Z4c_ADM2 in CCTK_POSTREGRID
  0.9     7.309   3.541  10.193   prolongate_3d_rf2<[vertex,vertex,vertex],[poly,poly,poly],[5,5,5,none]>[thread=0]
  0.5     3.826   3.157   4.617   CallFunction Z4c_PostStepGroup: Z4c::Z4c_ADM
  0.3     2.150   1.896   2.399   CallFunction Z4c_PostStepGroup: Z4c::Z4c_Enforce
  0.2     1.916   1.856   1.995   InitialiseRegrid [coarse]
  0.2     1.523   1.251   1.818   prolongate_3d_rf2<[vertex,vertex,vertex],[poly,poly,poly],[5,5,5,none]>[thread=1]
  0.2     1.500   1.134   1.939   [0034] Z4c: Z4c_ADM in CCTK_POSTINITIAL
  0.2     1.440   1.105   2.022   [0030] Z4c: Z4c_ADM in CCTK_INITIAL
  0.2     1.393   1.223   1.672   CallFunction TmunuBaseX_SetTmunuVars: TmunuBaseX::TmunuBaseX_ZeroTmunu
  0.2     1.323   1.114   1.555   [0028] Z4c: Z4c_Initial2 in CCTK_INITIAL
  0.2     1.323   1.114   1.555   CallFunction Z4c_InitialGroup: Z4c::Z4c_Initial2
  0.1     1.000   0.726   1.589   prolongate_3d_rf2<[vertex,vertex,vertex],[poly,poly,poly],[5,5,5,none]>[thread=2]
  0.1     0.886   0.745   1.002   [0038] Z4c: Z4c_ADM in CCTK_POSTREGRID
  0.1     0.746   0.653   0.892   [0037] Z4c: Z4c_Enforce in CCTK_POSTREGRID
  0.1     0.713   0.342   1.148   prolongate_3d_rf2<[vertex,vertex,vertex],[poly,poly,poly],[5,5,5,none]>[thread=3]
  0.1     0.704   0.555   0.840   [0033] Z4c: Z4c_Enforce in CCTK_POSTINITIAL
  0.1     0.700   0.598   0.836   [0029] Z4c: Z4c_Enforce in CCTK_INITIAL
  0.1     0.652   0.537   0.829   [0027] Z4c: Z4c_Initial1 in CCTK_INITIAL
  0.1     0.652   0.537   0.829   CallFunction Z4c_InitialGroup: Z4c::Z4c_Initial1
  0.1     0.594   0.453   0.765   [0035] TmunuBaseX: TmunuBaseX_ZeroTmunu in CCTK_POSTINITIAL
  0.1     0.524   0.193   0.740   prolongate_3d_rf2<[vertex,vertex,vertex],[poly,poly,poly],[5,5,5,none]>[thread=4]
  0.1     0.499   0.341   0.661   [0017] AHFinderDirect: AHFinderDirect_import_mask in CCTK_INITIAL
  0.1     0.499   0.341   0.661   CallFunction CCTK_INITIAL: AHFinderDirect::AHFinderDirect_import_mask
  0.1     0.466   0.382   0.541   [0012] CoordinatesX: CoordinatesX_Setup in CCTK_BASEGRID
  0.1     0.466   0.382   0.541   CallFunction CCTK_BASEGRID: CoordinatesX::CoordinatesX_Setup
  0.1     0.461   0.371   0.530   [0032] BoxInBox: EstimateError in CCTK_POSTINITIAL
  0.1     0.461   0.371   0.530   CallFunction CCTK_POSTINITIAL: BoxInBox::EstimateError
  0.1     0.426   0.318   0.523   [0026] TmunuBaseX: TmunuBaseX_ZeroTmunu in CCTK_INITIAL
  0.0     0.388   0.317   0.460   [0011] CarpetXRegrid: CarpetXRegrid_InitError in CCTK_BASEGRID
  0.0     0.388   0.317   0.459   CallFunction CCTK_BASEGRID: CarpetXRegrid::CarpetXRegrid_InitError
  0.0     0.373   0.311   0.488   [0039] TmunuBaseX: TmunuBaseX_ZeroTmunu in CCTK_POSTREGRID
  0.0     0.369   0.188   0.637   prolongate_3d_rf2<[vertex,vertex,vertex],[poly,poly,poly],[5,5,5,none]>[thread=5]
  0.0     0.350   0.249   0.408   [0022] ADMBaseX: ADMBaseX_initial_shift in CCTK_INITIAL
  0.0     0.350   0.249   0.408   CallFunction ADMBaseX_InitialGauge: ADMBaseX::ADMBaseX_initial_shift
  0.0     0.347   0.273   0.488   [0023] ADMBaseX: ADMBaseX_initial_dtshift in CCTK_INITIAL
  0.0     0.347   0.273   0.488   CallFunction ADMBaseX_InitialGauge: ADMBaseX::ADMBaseX_initial_dtshift
  0.0     0.323   0.218   0.405   [0021] ADMBaseX: ADMBaseX_initial_dtlapse in CCTK_INITIAL
  0.0     0.323   0.218   0.405   CallFunction ADMBaseX_InitialGauge: ADMBaseX::ADMBaseX_initial_dtlapse
  0.0     0.315   0.000   0.647   prolongate_3d_rf2<[vertex,vertex,vertex],[poly,poly,poly],[5,5,5,none]>[thread=6]
  0.0     0.190   0.159   0.300   [0006] Multipole: Multipole_Setup in CCTK_WRAGH
  0.0     0.190   0.159   0.300   CallFunction CCTK_WRAGH: Multipole::Multipole_Setup
  0.0     0.082   0.038   0.140   [0045] BoxInBox: EstimateError in CCTK_POSTSTEP
  0.0     0.082   0.038   0.140   CallFunction CCTK_POSTSTEP: BoxInBox::EstimateError
  0.0     0.069   0.055   0.088   [0041] AHFinderDirect: AHFinderDirect_import_mask in CCTK_POSTSTEP
  0.0     0.069   0.055   0.088   CallFunction CCTK_POSTSTEP: AHFinderDirect::AHFinderDirect_import_mask
  0.0     0.057   0.051   0.060   RecoverParameters
  0.0     0.057   0.051   0.060   InputOpenPMDParameters
  0.0     0.028   0.000   0.095   [0048] CarpetX: CarpetX_CheckpointInitial in CCTK_CPINITIAL
  0.0     0.028   0.000   0.095   CallFunction CCTK_CPINITIAL: CarpetX::CarpetX_CheckpointInitial
  0.0     0.023   0.001   0.099   [0010] AHFinderDirect: AHFinderDirect_setup in CCTK_BASEGRID
  0.0     0.017   0.001   0.073   CallFunction CCTK_BASEGRID: AHFinderDirect::AHFinderDirect_setup
  0.0     0.011   0.004   0.068   [0043] AHFinderDirect: AHFinderDirect_store in CCTK_POSTSTEP
  0.0     0.011   0.004   0.068   CallFunction CCTK_POSTSTEP: AHFinderDirect::AHFinderDirect_store
  0.0     0.006   0.000   0.056   [0044] AHFinderDirect: AHFinderDirect_save in CCTK_POSTSTEP
  0.0     0.004   0.000   0.056   CallFunction CCTK_POSTSTEP: AHFinderDirect::AHFinderDirect_save
  0.0     0.002   0.000   0.035   [0020] TwoPuncturesX: TwoPuncturesX_Metadata in CCTK_INITIAL
  0.0     0.002   0.000   0.035   CallFunction TwoPuncturesX_Group: TwoPuncturesX::TwoPuncturesX_Metadata
  0.0     0.001   0.000   0.001   [0004] Arith: Test_smallvector in CCTK_WRAGH
  0.0     0.001   0.000   0.007   [0025] PunctureTracker: PunctureTracker_Setup in CCTK_INITIAL
  0.0     0.001   0.000   0.007   CallFunction PunctureTracker_SetupGroup: PunctureTracker::PunctureTracker_Setup
  0.0     0.001   0.000   0.001   CallFunction CCTK_WRAGH: Arith::Test_smallvector
  0.0     0.000   0.000   0.000   [0015] SphericalSurface: SphericalSurface_Set in CCTK_BASEGRID
  0.0     0.000   0.000   0.000   [0014] SphericalSurface: SphericalSurface_Setup in CCTK_BASEGRID
  0.0     0.000   0.000   0.000   CallFunction CCTK_BASEGRID: SphericalSurface::SphericalSurface_Set
  0.0     0.000   0.000   0.000   [0024] PunctureTracker: PunctureTracker_Init in CCTK_INITIAL
  0.0     0.000   0.000   0.000   CallFunction CCTK_BASEGRID: SphericalSurface::SphericalSurface_Setup
  0.0     0.000   0.000   0.000   CallFunction CCTK_INITIAL: PunctureTracker::PunctureTracker_Init
  0.0     0.000   0.000   0.000   [0013] SphericalSurface: SphericalSurface_SetupRes in CCTK_BASEGRID
  0.0     0.000   0.000   0.000   [0018] BoxInBox: BoxInBox_Init in CCTK_INITIAL
  0.0     0.000   0.000   0.000   CallFunction CCTK_INITIAL: BoxInBox::BoxInBox_Init
  0.0     0.000   0.000   0.000   CallFunction CCTK_BASEGRID: SphericalSurface::SphericalSurface_SetupRes
  0.0     0.000   0.000   0.000   [0007] Z4c: Z4c_Test in CCTK_WRAGH
  0.0     0.000   0.000   0.000   CallFunction CCTK_WRAGH: Z4c::Z4c_Test
  0.0     0.000   0.000   0.000   [0000] CarpetX: Driver_Startup in CCTK_STARTUP
  0.0     0.000   0.000   0.000   [0005] Arith: Test_spvect in CCTK_WRAGH
  0.0     0.000   0.000   0.000   CallFunction CCTK_WRAGH: Arith::Test_spvect
  0.0     0.000   0.000   0.000   [0002] IOUtil: IOUtil_Startup in CCTK_STARTUP
  0.0     0.000   0.000   0.000   InputGH
  0.0     0.000   0.000   0.000   [0016] SphericalSurface: SphericalSurface_CheckState in CCTK_BASEGRID
  0.0     0.000   0.000   0.000   CallFunction SphericalSurface_HasBeenSet: SphericalSurface::SphericalSurface_CheckState
  0.0     0.000   0.000   0.000   [0046] SphericalSurface: SphericalSurface_Set in CCTK_POSTSTEP
  0.0     0.000   0.000   0.000   [0009] TwoPuncturesX: TwoPuncturesX_ParamCheck in CCTK_PARAMCHECK
  0.0     0.000   0.000   0.000   [0008] SphericalSurface: SphericalSurface_ParamCheck in CCTK_PARAMCHECK
  0.0     0.000   0.000   0.000   [0003] hwloc: hwloc_version in CCTK_STARTUP
  0.0     0.000   0.000   0.000   CallFunction CCTK_PARAMCHECK: TwoPuncturesX::TwoPuncturesX_ParamCheck
  0.0     0.000   0.000   0.000   CallFunction CCTK_PARAMCHECK: SphericalSurface::SphericalSurface_ParamCheck
======================================================================
INFO (CarpetX): OutputGH: iteration 0, time 0.000000, run time 1551 s
INFO (CarpetX): OutputGH done.
INFO (CarpetX): Starting evolution...
INFO (CarpetX): Regridding...
INFO (CarpetX): Setting max_grid_size values for all levels before regridding
INFO (CarpetX):   old levels 7, new levels 7
INFO (CarpetX):   level 0: 64 boxes, 2097152 cells (100%)
INFO (CarpetX):   level 1: 150 boxes, 3649536 cells (21.75%, 22%)
INFO (CarpetX):   level 2: 45 boxes, 921600 cells (0.6866%, 3%)
INFO (CarpetX):   level 3: 63 boxes, 1331200 cells (0.124%, 18%)
INFO (CarpetX):   level 4: 54 boxes, 921600 cells (0.01073%, 9%)
INFO (CarpetX):   level 5: 54 boxes, 921600 cells (0.001341%, 12%)
INFO (CarpetX):   level 6: 54 boxes, 921600 cells (0.0001676%, 12%)
INFO (ODESolvers): Integrator is RK4
INFO (CarpetX): OutputGH: iteration 1, time 0.007324, run time 2084 s
INFO (CarpetX): OutputGH done.
INFO (CarpetX): Simulation time: 0.00732422   Iterations per second: 0.00243734   Simulation time per second: 1.78516e-05
INFO (CarpetX): Grid cells: 1.07643e+07   Grid cell updates per second: 26236.2
INFO (CarpetX): Performance:
INFO (CarpetX):   total evolution time:            410.284 sec
INFO (CarpetX):   total evolution compute time:    410.284 sec
INFO (CarpetX):   total evolution output time:     4.00543e-05 sec
INFO (CarpetX):   total iterations:                1
INFO (CarpetX):   total cells updated:             1.07643e+07
INFO (CarpetX):   average iterations per second: 0.00243734
INFO (CarpetX):   average cell updates per second: 26236.2
INFO (CarpetX): OutputGH: iteration 2, time 0.014648, run time 2471 s
INFO (CarpetX): OutputGH done.
INFO (CarpetX): Simulation time: 0.0146484   Iterations per second: 0.00259585   Simulation time per second: 1.90126e-05
INFO (CarpetX): Grid cells: 1.07643e+07   Grid cell updates per second: 27942.5
INFO (CarpetX): Performance:
INFO (CarpetX):   total evolution time:            795.513 sec
INFO (CarpetX):   total evolution compute time:    795.513 sec
INFO (CarpetX):   total evolution output time:     7.60555e-05 sec
INFO (CarpetX):   total iterations:                2
INFO (CarpetX):   total cells updated:             2.15286e+07
INFO (CarpetX):   average iterations per second: 0.0025141
INFO (CarpetX):   average cell updates per second: 27062.5
INFO (CarpetX): OutputGH: iteration 3, time 0.021973, run time 2862 s
INFO (CarpetX): OutputGH done.
INFO (CarpetX): Simulation time: 0.0219727   Iterations per second: 0.00256716   Simulation time per second: 1.88025e-05
INFO (CarpetX): Grid cells: 1.07643e+07   Grid cell updates per second: 27633.7
INFO (CarpetX): Performance:
INFO (CarpetX):   total evolution time:            1185.05 sec
INFO (CarpetX):   total evolution compute time:    1185.05 sec
INFO (CarpetX):   total evolution output time:     0.000114918 sec
INFO (CarpetX):   total iterations:                3
INFO (CarpetX):   total cells updated:             3.22929e+07
INFO (CarpetX):   average iterations per second: 0.00253154
INFO (CarpetX):   average cell updates per second: 27250.3
INFO (CarpetX): OutputGH: iteration 4, time 0.029297, run time 3261 s
INFO (CarpetX): OutputGH done.
INFO (CarpetX): Simulation time: 0.0292969   Iterations per second: 0.00251512   Simulation time per second: 1.84213e-05
INFO (CarpetX): Grid cells: 1.07643e+07   Grid cell updates per second: 27073.5
INFO (CarpetX): Performance:
INFO (CarpetX):   total evolution time:            1582.64 sec
INFO (CarpetX):   total evolution compute time:    1582.64 sec
INFO (CarpetX):   total evolution output time:     0.000151873 sec
INFO (CarpetX):   total iterations:                4
INFO (CarpetX):   total cells updated:             4.30572e+07
INFO (CarpetX):   average iterations per second: 0.00252742
INFO (CarpetX):   average cell updates per second: 27205.8
INFO (CarpetX): OutputGH: iteration 5, time 0.036621, run time 3649 s
INFO (CarpetX): OutputGH done.
INFO (CarpetX): Simulation time: 0.0366211   Iterations per second: 0.0025926   Simulation time per second: 1.89888e-05
INFO (CarpetX): Grid cells: 1.07643e+07   Grid cell updates per second: 27907.5
INFO (CarpetX): Performance:
INFO (CarpetX):   total evolution time:            1968.36 sec
INFO (CarpetX):   total evolution compute time:    1968.36 sec
INFO (CarpetX):   total evolution output time:     0.000189781 sec
INFO (CarpetX):   total iterations:                5
INFO (CarpetX):   total cells updated:             5.38214e+07
INFO (CarpetX):   average iterations per second: 0.00254019
INFO (CarpetX):   average cell updates per second: 27343.3
INFO (CarpetX): OutputGH: iteration 6, time 0.043945, run time 4041 s
INFO (CarpetX): OutputGH done.
INFO (CarpetX): Simulation time: 0.0439453   Iterations per second: 0.00255682   Simulation time per second: 1.87267e-05
INFO (CarpetX): Grid cells: 1.07643e+07   Grid cell updates per second: 27522.3
INFO (CarpetX): Performance:
INFO (CarpetX):   total evolution time:            2359.47 sec
INFO (CarpetX):   total evolution compute time:    2359.47 sec
INFO (CarpetX):   total evolution output time:     0.000446796 sec
INFO (CarpetX):   total iterations:                6
INFO (CarpetX):   total cells updated:             6.45857e+07
INFO (CarpetX):   average iterations per second: 0.00254295
INFO (CarpetX):   average cell updates per second: 27373
INFO (CarpetX): OutputGH: iteration 7, time 0.051270, run time 4438 s
INFO (CarpetX): OutputGH done.
INFO (CarpetX): Simulation time: 0.0512695   Iterations per second: 0.00252652   Simulation time per second: 1.85048e-05
INFO (CarpetX): Grid cells: 1.07643e+07   Grid cell updates per second: 27196.2
INFO (CarpetX): Performance:
INFO (CarpetX):   total evolution time:            2755.27 sec
INFO (CarpetX):   total evolution compute time:    2755.27 sec
INFO (CarpetX):   total evolution output time:     0.000488758 sec
INFO (CarpetX):   total iterations:                7
INFO (CarpetX):   total cells updated:             7.535e+07
INFO (CarpetX):   average iterations per second: 0.00254059
INFO (CarpetX):   average cell updates per second: 27347.6
INFO (CarpetX): OutputGH: iteration 8, time 0.058594, run time 4837 s
INFO (CarpetX): OutputGH done.
INFO (CarpetX): Simulation time: 0.0585938   Iterations per second: 0.00250935   Simulation time per second: 1.8379e-05
INFO (CarpetX): Grid cells: 1.07643e+07   Grid cell updates per second: 27011.3
INFO (CarpetX): Performance:
INFO (CarpetX):   total evolution time:            3153.78 sec
INFO (CarpetX):   total evolution compute time:    3153.78 sec
INFO (CarpetX):   total evolution output time:     0.000529766 sec
INFO (CarpetX):   total iterations:                8
INFO (CarpetX):   total cells updated:             8.61143e+07
INFO (CarpetX):   average iterations per second: 0.00253664
INFO (CarpetX):   average cell updates per second: 27305.1
INFO (CarpetX): OutputGH: iteration 9, time 0.065918, run time 5233 s
INFO (CarpetX): OutputGH done.
INFO (CarpetX): Simulation time: 0.065918   Iterations per second: 0.00254177   Simulation time per second: 1.86165e-05
INFO (CarpetX): Grid cells: 1.07643e+07   Grid cell updates per second: 27360.3
INFO (CarpetX): Performance:
INFO (CarpetX):   total evolution time:            3547.21 sec
INFO (CarpetX):   total evolution compute time:    3547.21 sec
INFO (CarpetX):   total evolution output time:     0.000758886 sec
INFO (CarpetX):   total iterations:                9
INFO (CarpetX):   total cells updated:             9.68786e+07
INFO (CarpetX):   average iterations per second: 0.00253721
INFO (CarpetX):   average cell updates per second: 27311.2
INFO (CarpetX): OutputGH: iteration 10, time 0.073242, run time 5637 s
INFO (CarpetX): OutputGH done.
INFO (CarpetX): Simulation time: 0.0732422   Iterations per second: 0.00248382   Simulation time per second: 1.8192e-05
INFO (CarpetX): Grid cells: 1.07643e+07   Grid cell updates per second: 26736.6
INFO (CarpetX): Performance:
INFO (CarpetX):   total evolution time:            3949.81 sec
INFO (CarpetX):   total evolution compute time:    3949.81 sec
INFO (CarpetX):   total evolution output time:     0.00102782 sec
INFO (CarpetX):   total iterations:                10
INFO (CarpetX):   total cells updated:             1.07643e+08
INFO (CarpetX):   average iterations per second: 0.00253177
INFO (CarpetX):   average cell updates per second: 27252.7
INFO (CarpetX): OutputGH: iteration 11, time 0.080566, run time 6041 s
INFO (CarpetX): OutputGH done.
INFO (CarpetX): Simulation time: 0.0805664   Iterations per second: 0.00250103   Simulation time per second: 1.83181e-05
INFO (CarpetX): Grid cells: 1.07643e+07   Grid cell updates per second: 26921.8
INFO (CarpetX): Performance:
INFO (CarpetX):   total evolution time:            4349.65 sec
INFO (CarpetX):   total evolution compute time:    4349.65 sec
INFO (CarpetX):   total evolution output time:     0.00107098 sec
INFO (CarpetX):   total iterations:                11
INFO (CarpetX):   total cells updated:             1.18407e+08
INFO (CarpetX):   average iterations per second: 0.00252894
INFO (CarpetX):   average cell updates per second: 27222.2
INFO (CarpetX): OutputGH: iteration 12, time 0.087891, run time 6436 s
INFO (CarpetX): OutputGH done.
INFO (CarpetX): Simulation time: 0.0878906   Iterations per second: 0.00255332   Simulation time per second: 1.87011e-05
INFO (CarpetX): Grid cells: 1.07643e+07   Grid cell updates per second: 27484.7
INFO (CarpetX): Performance:
INFO (CarpetX):   total evolution time:            4741.29 sec
INFO (CarpetX):   total evolution compute time:    4741.29 sec
INFO (CarpetX):   total evolution output time:     0.00111413 sec
INFO (CarpetX):   total iterations:                12
INFO (CarpetX):   total cells updated:             1.29171e+08
INFO (CarpetX):   average iterations per second: 0.00253095
INFO (CarpetX):   average cell updates per second: 27243.9
INFO (CarpetX): OutputGH: iteration 13, time 0.095215, run time 6824 s
INFO (CarpetX): OutputGH done.
INFO (CarpetX): Simulation time: 0.0952148   Iterations per second: 0.00259783   Simulation time per second: 1.90271e-05
INFO (CarpetX): Grid cells: 1.07643e+07   Grid cell updates per second: 27963.8
INFO (CarpetX): Performance:
INFO (CarpetX):   total evolution time:            5126.23 sec
INFO (CarpetX):   total evolution compute time:    5126.23 sec
INFO (CarpetX):   total evolution output time:     0.00115395 sec
INFO (CarpetX):   total iterations:                13
INFO (CarpetX):   total cells updated:             1.39936e+08
INFO (CarpetX):   average iterations per second: 0.00253598
INFO (CarpetX):   average cell updates per second: 27298
INFO (CarpetX): OutputGH: iteration 14, time 0.102539, run time 7222 s
INFO (CarpetX): OutputGH done.
INFO (CarpetX): Simulation time: 0.102539   Iterations per second: 0.00253953   Simulation time per second: 1.86001e-05
INFO (CarpetX): Grid cells: 1.07643e+07   Grid cell updates per second: 27336.2
INFO (CarpetX): Performance:
INFO (CarpetX):   total evolution time:            5520 sec
INFO (CarpetX):   total evolution compute time:    5520 sec
INFO (CarpetX):   total evolution output time:     0.00119591 sec
INFO (CarpetX):   total iterations:                14
INFO (CarpetX):   total cells updated:             1.507e+08
INFO (CarpetX):   average iterations per second: 0.00253623
INFO (CarpetX):   average cell updates per second: 27300.7
INFO (CarpetX): OutputGH: iteration 15, time 0.109863, run time 7607 s
INFO (CarpetX): OutputGH done.
INFO (CarpetX): Simulation time: 0.109863   Iterations per second: 0.00260799   Simulation time per second: 1.91015e-05
INFO (CarpetX): Grid cells: 1.07643e+07   Grid cell updates per second: 28073.2
INFO (CarpetX): Performance:
INFO (CarpetX):   total evolution time:            5903.44 sec
INFO (CarpetX):   total evolution compute time:    5903.44 sec
INFO (CarpetX):   total evolution output time:     0.00123096 sec
INFO (CarpetX):   total iterations:                15
INFO (CarpetX):   total cells updated:             1.61464e+08
INFO (CarpetX):   average iterations per second: 0.00254089
INFO (CarpetX):   average cell updates per second: 27350.9
INFO (CarpetX): OutputGH: iteration 16, time 0.117188, run time 8002 s
INFO (CarpetX): OutputGH done.
INFO (CarpetX): Simulation time: 0.117188   Iterations per second: 0.00253753   Simulation time per second: 1.85854e-05
INFO (CarpetX): Grid cells: 1.07643e+07   Grid cell updates per second: 27314.7
INFO (CarpetX): Performance:
INFO (CarpetX):   total evolution time:            6297.53 sec
INFO (CarpetX):   total evolution compute time:    6297.52 sec
INFO (CarpetX):   total evolution output time:     0.0014689 sec
INFO (CarpetX):   total iterations:                16
INFO (CarpetX):   total cells updated:             1.72229e+08
INFO (CarpetX):   average iterations per second: 0.00254068
INFO (CarpetX):   average cell updates per second: 27348.6
INFO (CarpetX): OutputGH: iteration 17, time 0.124512, run time 8398 s
INFO (CarpetX): OutputGH done.
INFO (CarpetX): Simulation time: 0.124512   Iterations per second: 0.00254694   Simulation time per second: 1.86543e-05
INFO (CarpetX): Grid cells: 1.07643e+07   Grid cell updates per second: 27416
INFO (CarpetX): Performance:
INFO (CarpetX):   total evolution time:            6690.15 sec
INFO (CarpetX):   total evolution compute time:    6690.15 sec
INFO (CarpetX):   total evolution output time:     0.00150681 sec
INFO (CarpetX):   total iterations:                17
INFO (CarpetX):   total cells updated:             1.82993e+08
INFO (CarpetX):   average iterations per second: 0.00254105
INFO (CarpetX):   average cell updates per second: 27352.6
INFO (CarpetX): OutputGH: iteration 18, time 0.131836, run time 8786 s
INFO (CarpetX): OutputGH done.
INFO (CarpetX): Simulation time: 0.131836   Iterations per second: 0.00258017   Simulation time per second: 1.88977e-05
INFO (CarpetX): Grid cells: 1.07643e+07   Grid cell updates per second: 27773.7
INFO (CarpetX): Performance:
INFO (CarpetX):   total evolution time:            7077.73 sec
INFO (CarpetX):   total evolution compute time:    7077.72 sec
INFO (CarpetX):   total evolution output time:     0.00154591 sec
INFO (CarpetX):   total iterations:                18
INFO (CarpetX):   total cells updated:             1.93757e+08
INFO (CarpetX):   average iterations per second: 0.00254319
INFO (CarpetX):   average cell updates per second: 27375.6
INFO (CarpetX): OutputGH: iteration 19, time 0.139160, run time 9184 s
INFO (CarpetX): OutputGH done.
INFO (CarpetX): Simulation time: 0.13916   Iterations per second: 0.00253985   Simulation time per second: 1.86024e-05
INFO (CarpetX): Grid cells: 1.07643e+07   Grid cell updates per second: 27339.7
INFO (CarpetX): Performance:
INFO (CarpetX):   total evolution time:            7471.45 sec
INFO (CarpetX):   total evolution compute time:    7471.45 sec
INFO (CarpetX):   total evolution output time:     0.00158882 sec
INFO (CarpetX):   total iterations:                19
INFO (CarpetX):   total cells updated:             2.04521e+08
INFO (CarpetX):   average iterations per second: 0.00254301
INFO (CarpetX):   average cell updates per second: 27373.7
INFO (CarpetX): OutputGH: iteration 20, time 0.146484, run time 9583 s
INFO (CarpetX): OutputGH done.
INFO (CarpetX): Simulation time: 0.146484   Iterations per second: 0.00252755   Simulation time per second: 1.85123e-05
INFO (CarpetX): Grid cells: 1.07643e+07   Grid cell updates per second: 27207.3
INFO (CarpetX): Performance:
INFO (CarpetX):   total evolution time:            7867.09 sec
INFO (CarpetX):   total evolution compute time:    7867.09 sec
INFO (CarpetX):   total evolution output time:     0.00163293 sec
INFO (CarpetX):   total iterations:                20
INFO (CarpetX):   total cells updated:             2.15286e+08
INFO (CarpetX):   average iterations per second: 0.00254224
INFO (CarpetX):   average cell updates per second: 27365.4
INFO (CarpetX): OutputGH: iteration 21, time 0.153809, run time 9978 s
INFO (CarpetX): OutputGH done.
INFO (CarpetX): Simulation time: 0.153809   Iterations per second: 0.00253509   Simulation time per second: 1.85675e-05
INFO (CarpetX): Grid cells: 1.07643e+07   Grid cell updates per second: 27288.4
INFO (CarpetX): Performance:
INFO (CarpetX):   total evolution time:            8261.55 sec
INFO (CarpetX):   total evolution compute time:    8261.55 sec
INFO (CarpetX):   total evolution output time:     0.00167489 sec
INFO (CarpetX):   total iterations:                21
INFO (CarpetX):   total cells updated:             2.2605e+08
INFO (CarpetX):   average iterations per second: 0.00254189
INFO (CarpetX):   average cell updates per second: 27361.7
INFO (CarpetX): OutputGH: iteration 22, time 0.161133, run time 10374 s
INFO (CarpetX): OutputGH done.
INFO (CarpetX): Simulation time: 0.161133   Iterations per second: 0.00253039   Simulation time per second: 1.85331e-05
INFO (CarpetX): Grid cells: 1.07643e+07   Grid cell updates per second: 27237.8
INFO (CarpetX): Performance:
INFO (CarpetX):   total evolution time:            8656.75 sec
INFO (CarpetX):   total evolution compute time:    8656.75 sec
INFO (CarpetX):   total evolution output time:     0.00192499 sec
INFO (CarpetX):   total iterations:                22
INFO (CarpetX):   total cells updated:             2.36814e+08
INFO (CarpetX):   average iterations per second: 0.00254137
INFO (CarpetX):   average cell updates per second: 27356
INFO (CarpetX): OutputGH: iteration 23, time 0.168457, run time 10765 s
INFO (CarpetX): OutputGH done.
INFO (CarpetX): Simulation time: 0.168457   Iterations per second: 0.00257489   Simulation time per second: 1.88591e-05
INFO (CarpetX): Grid cells: 1.07643e+07   Grid cell updates per second: 27716.9
INFO (CarpetX): Performance:
INFO (CarpetX):   total evolution time:            9045.12 sec
INFO (CarpetX):   total evolution compute time:    9045.11 sec
INFO (CarpetX):   total evolution output time:     0.00219107 sec
INFO (CarpetX):   total iterations:                23
INFO (CarpetX):   total cells updated:             2.47579e+08
INFO (CarpetX):   average iterations per second: 0.00254281
INFO (CarpetX):   average cell updates per second: 27371.5
INFO (CarpetX): OutputGH: iteration 24, time 0.175781, run time 11161 s
INFO (CarpetX): OutputGH done.
INFO (CarpetX): Simulation time: 0.175781   Iterations per second: 0.002538   Simulation time per second: 1.85889e-05
INFO (CarpetX): Grid cells: 1.07643e+07   Grid cell updates per second: 27319.8
INFO (CarpetX): Performance:
INFO (CarpetX):   total evolution time:            9439.13 sec
INFO (CarpetX):   total evolution compute time:    9439.12 sec
INFO (CarpetX):   total evolution output time:     0.00222707 sec
INFO (CarpetX):   total iterations:                24
INFO (CarpetX):   total cells updated:             2.58343e+08
INFO (CarpetX):   average iterations per second: 0.00254261
INFO (CarpetX):   average cell updates per second: 27369.4
INFO (CarpetX): OutputGH: iteration 25, time 0.183105, run time 11555 s
INFO (CarpetX): OutputGH done.
INFO (CarpetX): Simulation time: 0.183105   Iterations per second: 0.00253956   Simulation time per second: 1.86003e-05
INFO (CarpetX): Grid cells: 1.07643e+07   Grid cell updates per second: 27336.5
INFO (CarpetX): Performance:
INFO (CarpetX):   total evolution time:            9832.9 sec
INFO (CarpetX):   total evolution compute time:    9832.89 sec
INFO (CarpetX):   total evolution output time:     0.00226808 sec
INFO (CarpetX):   total iterations:                25
INFO (CarpetX):   total cells updated:             2.69107e+08
INFO (CarpetX):   average iterations per second: 0.00254249
INFO (CarpetX):   average cell updates per second: 27368.1
INFO (CarpetX): OutputGH: iteration 26, time 0.190430, run time 11954 s
INFO (CarpetX): OutputGH done.
INFO (CarpetX): Simulation time: 0.19043   Iterations per second: 0.00252814   Simulation time per second: 1.85167e-05
INFO (CarpetX): Grid cells: 1.07643e+07   Grid cell updates per second: 27213.7
INFO (CarpetX): Performance:
INFO (CarpetX):   total evolution time:            10228.4 sec
INFO (CarpetX):   total evolution compute time:    10228.4 sec
INFO (CarpetX):   total evolution output time:     0.00230598 sec
INFO (CarpetX):   total iterations:                26
INFO (CarpetX):   total cells updated:             2.79871e+08
INFO (CarpetX):   average iterations per second: 0.00254193
INFO (CarpetX):   average cell updates per second: 27362.1
INFO (CarpetX): OutputGH: iteration 27, time 0.197754, run time 12345 s
INFO (CarpetX): OutputGH done.
INFO (CarpetX): Simulation time: 0.197754   Iterations per second: 0.00258189   Simulation time per second: 1.89103e-05
INFO (CarpetX): Grid cells: 1.07643e+07   Grid cell updates per second: 27792.2
INFO (CarpetX): Performance:
INFO (CarpetX):   total evolution time:            10615.8 sec
INFO (CarpetX):   total evolution compute time:    10615.8 sec
INFO (CarpetX):   total evolution output time:     0.00234914 sec
INFO (CarpetX):   total iterations:                27
INFO (CarpetX):   total cells updated:             2.90636e+08
INFO (CarpetX):   average iterations per second: 0.00254339
INFO (CarpetX):   average cell updates per second: 27377.8
INFO (CarpetX): OutputGH: iteration 28, time 0.205078, run time 12735 s
INFO (CarpetX): OutputGH done.
INFO (CarpetX): Simulation time: 0.205078   Iterations per second: 0.00257916   Simulation time per second: 1.88903e-05
INFO (CarpetX): Grid cells: 1.07643e+07   Grid cell updates per second: 27762.8
INFO (CarpetX): Performance:
INFO (CarpetX):   total evolution time:            11003.5 sec
INFO (CarpetX):   total evolution compute time:    11003.5 sec
INFO (CarpetX):   total evolution output time:     0.00238729 sec
INFO (CarpetX):   total iterations:                28
INFO (CarpetX):   total cells updated:             3.014e+08
INFO (CarpetX):   average iterations per second: 0.00254465
INFO (CarpetX):   average cell updates per second: 27391.3
INFO (CarpetX): OutputGH: iteration 29, time 0.212402, run time 13125 s
INFO (CarpetX): OutputGH done.
INFO (CarpetX): Simulation time: 0.212402   Iterations per second: 0.00258296   Simulation time per second: 1.89182e-05
INFO (CarpetX): Grid cells: 1.07643e+07   Grid cell updates per second: 27803.8
INFO (CarpetX): Performance:
INFO (CarpetX):   total evolution time:            11390.6 sec
INFO (CarpetX):   total evolution compute time:    11390.6 sec
INFO (CarpetX):   total evolution output time:     0.00262117 sec
INFO (CarpetX):   total iterations:                29
INFO (CarpetX):   total cells updated:             3.12164e+08
INFO (CarpetX):   average iterations per second: 0.00254595
INFO (CarpetX):   average cell updates per second: 27405.4
INFO (CarpetX): OutputGH: iteration 30, time 0.219727, run time 13529 s
INFO (CarpetX): OutputGH done.
INFO (CarpetX): Simulation time: 0.219727   Iterations per second: 0.00249554   Simulation time per second: 1.82779e-05
INFO (CarpetX): Grid cells: 1.07643e+07   Grid cell updates per second: 26862.8
INFO (CarpetX): Performance:
INFO (CarpetX):   total evolution time:            11791.3 sec
INFO (CarpetX):   total evolution compute time:    11791.3 sec
INFO (CarpetX):   total evolution output time:     0.00265908 sec
INFO (CarpetX):   total iterations:                30
INFO (CarpetX):   total cells updated:             3.22929e+08
INFO (CarpetX):   average iterations per second: 0.00254424
INFO (CarpetX):   average cell updates per second: 27386.9
INFO (CarpetX): OutputGH: iteration 31, time 0.227051, run time 13922 s
INFO (CarpetX): OutputGH done.
INFO (CarpetX): Simulation time: 0.227051   Iterations per second: 0.00255254   Simulation time per second: 1.86953e-05
INFO (CarpetX): Grid cells: 1.07643e+07   Grid cell updates per second: 27476.2
INFO (CarpetX): Performance:
INFO (CarpetX):   total evolution time:            12183.1 sec
INFO (CarpetX):   total evolution compute time:    12183.1 sec
INFO (CarpetX):   total evolution output time:     0.00270319 sec
INFO (CarpetX):   total iterations:                31
INFO (CarpetX):   total cells updated:             3.33693e+08
INFO (CarpetX):   average iterations per second: 0.00254451
INFO (CarpetX):   average cell updates per second: 27389.8
INFO (AHFinderDirect): proc 0: searching for horizon 1/3
INFO (AHFinderDirect): AH 1/3: r=0.170202 at (15.168684,0.000353,0.000000)
INFO (AHFinderDirect): AH 1/3: area=9.669779685 m_irreducible=0.4386047816
INFO (AHFinderDirect): AH 2/3: r=0.170202 at (-15.168684,-0.000353,-0.000000)
INFO (AHFinderDirect): AH 2/3: area=9.669779685 m_irreducible=0.4386047816
INFO (TimerReport): Timer Report at iteration 32 time 0.234375
INFO (TimerReport): Top timers at iteration 32 time 0.234375
======================================================================
    %    Time/s   Min/s   Max/s   Timer (gettimeofday)
======================================================================
100.0   11916.7 11905.2 11927.5   [0052] ODESolvers: ODESolvers_Solve in CCTK_EVOL
100.0   11916.7 11905.2 11927.5   CallFunction CCTK_EVOL: ODESolvers::ODESolvers_Solve
100.0   11916.7 11905.2 11927.5   ODESolvers::Solve
 99.8   11890.8 11879.0 11901.5   CallScheduleGroup
 98.5   11732.3 11654.6 11799.6   Sync
 93.7   11162.3 11117.6 11187.3   ODESolvers::Solve::poststep
 25.9    3088.8  2915.9  3289.6   Restrict
 25.9    3088.4  2915.7  3289.3   Restrict::average_down
 14.0    1672.1  1672.1  1672.1   Initialise
  8.6    1019.0   997.3  1037.4   apply_boundary_conditions
  6.1     728.5   700.6   761.4   ODESolvers::Solve::rhs
  6.0     718.8   692.0   752.6   [0053] Z4c: Z4c_RHS in ODESolvers_RHS
  6.0     718.8   692.0   752.6   CallFunction Z4c_RHSGroup: Z4c::Z4c_RHS
  5.2     620.8   585.0   651.2   CallFunction Z4c_PostStepGroup2: Z4c::Z4c_ADM2
  4.8     568.2   536.7   598.5   [0058] Z4c: Z4c_ADM2 in ODESolvers_PostStep
  3.8     453.4   452.5   454.5   [0042] AHFinderDirect: AHFinderDirect_find_horizons in CCTK_POSTSTEP
  3.8     453.4   452.5   454.5   CallFunction CCTK_POSTSTEP: AHFinderDirect::AHFinderDirect_find_horizons
  2.9     343.5   332.4   355.6   [0019] TwoPuncturesX: TwoPuncturesX_TwoPunctures in CCTK_INITIAL
  2.9     343.5   332.4   355.6   CallFunction TwoPuncturesX_Group: TwoPuncturesX::TwoPuncturesX_TwoPunctures
  1.8     217.3   215.1   219.9   InitialiseRegrid [refined]
  1.3     159.1   146.1   168.0   [0051] Z4c: Z4c_Constraints in CCTK_ANALYSIS
  1.3     159.1   146.1   168.0   CallFunction Z4c_AnalysisGroup: Z4c::Z4c_Constraints
  1.0     122.2   121.0   123.5   OutputGH
  1.0     122.2   121.0   123.5   OutputNorms
  0.7      78.3    67.5    89.4   [0059] PunctureTracker: PunctureTracker_Track in CCTK_EVOL
  0.7      78.3    67.5    89.4   CallFunction CCTK_EVOL: PunctureTracker::PunctureTracker_Track
  0.6      75.7    27.7   108.9   prolongate_3d_rf2<[vertex,vertex,vertex],[poly,poly,poly],[5,5,5,none]>[thread=0]
  0.4      42.5    38.2    49.4   CallFunction Z4c_PostStepGroup: Z4c::Z4c_ADM
  0.3      38.6    34.5    45.4   [0056] Z4c: Z4c_ADM in ODESolvers_PostStep
  0.2      27.6    27.5    27.7   [0049] Multipole: Multipole_Calc in CCTK_ANALYSIS
  0.2      27.6    27.5    27.7   CallFunction CCTK_ANALYSIS: Multipole::Multipole_Calc
  0.2      22.7    19.8    25.9   [0036] Z4c: Z4c_ADM2 in CCTK_POSTINITIAL
  0.2      21.9    18.3    26.3   [0031] Z4c: Z4c_ADM2 in CCTK_INITIAL
  0.2      18.4    17.6    19.6   ODESolvers::Solve::lincomb
  0.1      16.1    14.9    16.9   CallFunction Z4c_PostStepGroup: Z4c::Z4c_Enforce
  0.1      14.1    13.3    15.0   CallFunction TmunuBaseX_SetTmunuVars: TmunuBaseX::TmunuBaseX_ZeroTmunu
  0.1      13.9    13.0    14.7   [0055] Z4c: Z4c_Enforce in ODESolvers_PostStep
  0.1      12.7    12.0    13.8   [0057] TmunuBaseX: TmunuBaseX_ZeroTmunu in ODESolvers_PostStep
  0.1      12.3     0.0    19.3   [0061] CarpetX: CarpetX_Checkpoint in CCTK_CHECKPOINT
  0.1      12.3     0.0    19.3   CallFunction CCTK_CHECKPOINT: CarpetX::CarpetX_Checkpoint
  0.1      10.4    10.0    10.7   EvolveRegrid
  0.1       9.7     8.5    11.3   [0054] Z4c: Z4c_apply_newradx_boundary_conditions in ODESolvers_RHS
  0.1       9.7     8.5    11.3   CallFunction Z4c_RHSGroup: Z4c::Z4c_apply_newradx_boundary_conditions
  0.1       8.1     7.2     9.7   [0040] Z4c: Z4c_ADM2 in CCTK_POSTREGRID
  0.0       2.7     2.5     3.1   [0060] WeylScal4: WeylScal4_psi4_calc_4th in CCTK_EVOL
  0.0       2.7     2.5     3.1   CallFunction CCTK_EVOL: WeylScal4::WeylScal4_psi4_calc_4th
  0.0       2.4     2.2     2.6   [0045] BoxInBox: EstimateError in CCTK_POSTSTEP
  0.0       2.4     2.2     2.6   CallFunction CCTK_POSTSTEP: BoxInBox::EstimateError
  0.0       2.3     2.0     2.8   [0041] AHFinderDirect: AHFinderDirect_import_mask in CCTK_POSTSTEP
  0.0       2.3     2.0     2.8   CallFunction CCTK_POSTSTEP: AHFinderDirect::AHFinderDirect_import_mask
  0.0       1.9     1.9     2.0   InitialiseRegrid [coarse]
  0.0       1.5     1.3     1.8   prolongate_3d_rf2<[vertex,vertex,vertex],[poly,poly,poly],[5,5,5,none]>[thread=1]
  0.0       1.5     1.1     1.9   [0034] Z4c: Z4c_ADM in CCTK_POSTINITIAL
  0.0       1.4     1.1     2.0   [0030] Z4c: Z4c_ADM in CCTK_INITIAL
  0.0       1.3     1.1     1.6   [0028] Z4c: Z4c_Initial2 in CCTK_INITIAL
  0.0       1.3     1.1     1.6   CallFunction Z4c_InitialGroup: Z4c::Z4c_Initial2
  0.0       1.0     0.7     1.6   prolongate_3d_rf2<[vertex,vertex,vertex],[poly,poly,poly],[5,5,5,none]>[thread=2]
  0.0       0.9     0.7     1.0   [0038] Z4c: Z4c_ADM in CCTK_POSTREGRID
  0.0       0.7     0.7     0.9   [0037] Z4c: Z4c_Enforce in CCTK_POSTREGRID
  0.0       0.7     0.3     1.1   prolongate_3d_rf2<[vertex,vertex,vertex],[poly,poly,poly],[5,5,5,none]>[thread=3]
  0.0       0.7     0.6     0.8   [0033] Z4c: Z4c_Enforce in CCTK_POSTINITIAL
  0.0       0.7     0.6     0.8   [0029] Z4c: Z4c_Enforce in CCTK_INITIAL
  0.0       0.7     0.5     0.8   [0027] Z4c: Z4c_Initial1 in CCTK_INITIAL
  0.0       0.7     0.5     0.8   CallFunction Z4c_InitialGroup: Z4c::Z4c_Initial1
  0.0       0.6     0.5     0.8   [0035] TmunuBaseX: TmunuBaseX_ZeroTmunu in CCTK_POSTINITIAL
  0.0       0.5     0.2     0.7   prolongate_3d_rf2<[vertex,vertex,vertex],[poly,poly,poly],[5,5,5,none]>[thread=4]
  0.0       0.5     0.3     0.7   [0017] AHFinderDirect: AHFinderDirect_import_mask in CCTK_INITIAL
  0.0       0.5     0.3     0.7   CallFunction CCTK_INITIAL: AHFinderDirect::AHFinderDirect_import_mask
  0.0       0.5     0.4     0.5   [0012] CoordinatesX: CoordinatesX_Setup in CCTK_BASEGRID
  0.0       0.5     0.4     0.5   CallFunction CCTK_BASEGRID: CoordinatesX::CoordinatesX_Setup
  0.0       0.5     0.4     0.5   [0032] BoxInBox: EstimateError in CCTK_POSTINITIAL
  0.0       0.5     0.4     0.5   CallFunction CCTK_POSTINITIAL: BoxInBox::EstimateError
  0.0       0.4     0.3     0.5   [0026] TmunuBaseX: TmunuBaseX_ZeroTmunu in CCTK_INITIAL
  0.0       0.4     0.3     0.5   [0011] CarpetXRegrid: CarpetXRegrid_InitError in CCTK_BASEGRID
  0.0       0.4     0.3     0.5   CallFunction CCTK_BASEGRID: CarpetXRegrid::CarpetXRegrid_InitError
  0.0       0.4     0.3     0.5   [0039] TmunuBaseX: TmunuBaseX_ZeroTmunu in CCTK_POSTREGRID
  0.0       0.4     0.2     0.6   prolongate_3d_rf2<[vertex,vertex,vertex],[poly,poly,poly],[5,5,5,none]>[thread=5]
  0.0       0.3     0.2     0.4   [0022] ADMBaseX: ADMBaseX_initial_shift in CCTK_INITIAL
  0.0       0.3     0.2     0.4   CallFunction ADMBaseX_InitialGauge: ADMBaseX::ADMBaseX_initial_shift
  0.0       0.3     0.3     0.5   [0023] ADMBaseX: ADMBaseX_initial_dtshift in CCTK_INITIAL
  0.0       0.3     0.3     0.5   CallFunction ADMBaseX_InitialGauge: ADMBaseX::ADMBaseX_initial_dtshift
  0.0       0.3     0.2     0.4   [0021] ADMBaseX: ADMBaseX_initial_dtlapse in CCTK_INITIAL
  0.0       0.3     0.2     0.4   CallFunction ADMBaseX_InitialGauge: ADMBaseX::ADMBaseX_initial_dtlapse
  0.0       0.3     0.0     0.6   prolongate_3d_rf2<[vertex,vertex,vertex],[poly,poly,poly],[5,5,5,none]>[thread=6]
  0.0       0.2     0.2     0.3   [0006] Multipole: Multipole_Setup in CCTK_WRAGH
  0.0       0.2     0.2     0.3   CallFunction CCTK_WRAGH: Multipole::Multipole_Setup
  0.0       0.2     0.1     0.3   [0050] TimerReport: zzz_TimerReport_Output in CCTK_ANALYSIS
  0.0       0.2     0.1     0.3   CallFunction CCTK_ANALYSIS: TimerReport::zzz_TimerReport_Output
  0.0       0.1     0.1     0.1   RecoverParameters
  0.0       0.1     0.1     0.1   InputOpenPMDParameters
  0.0       0.0     0.0     0.1   [0048] CarpetX: CarpetX_CheckpointInitial in CCTK_CPINITIAL
  0.0       0.0     0.0     0.1   CallFunction CCTK_CPINITIAL: CarpetX::CarpetX_CheckpointInitial
  0.0       0.0     0.0     0.1   [0010] AHFinderDirect: AHFinderDirect_setup in CCTK_BASEGRID
  0.0       0.0     0.0     0.1   CallFunction CCTK_BASEGRID: AHFinderDirect::AHFinderDirect_setup
  0.0       0.0     0.0     0.1   [0043] AHFinderDirect: AHFinderDirect_store in CCTK_POSTSTEP
  0.0       0.0     0.0     0.1   CallFunction CCTK_POSTSTEP: AHFinderDirect::AHFinderDirect_store
  0.0       0.0     0.0     0.0   ODESolvers::Solve::setup
  0.0       0.0     0.0     0.1   [0044] AHFinderDirect: AHFinderDirect_save in CCTK_POSTSTEP
  0.0       0.0     0.0     0.1   CallFunction CCTK_POSTSTEP: AHFinderDirect::AHFinderDirect_save
  0.0       0.0     0.0     0.0   CycleTimelevels
======================================================================
INFO (CarpetX): OutputGH: iteration 32, time 0.234375, run time 14545 s
INFO (CarpetX): OutputGH done.
INFO (CarpetX): Simulation time: 0.234375   Iterations per second: 0.00134586   Simulation time per second: 9.85739e-06
INFO (CarpetX): Grid cells: 1.07643e+07   Grid cell updates per second: 14487.3
INFO (CarpetX): Performance:
INFO (CarpetX):   total evolution time:            12926.1 sec
INFO (CarpetX):   total evolution compute time:    12803.9 sec
INFO (CarpetX):   total evolution output time:     122.242 sec
INFO (CarpetX):   total iterations:                32
INFO (CarpetX):   total cells updated:             3.44457e+08
INFO (CarpetX):   average iterations per second: 0.00247561
INFO (CarpetX):   average cell updates per second: 26648.1
INFO (CarpetX): OutputGH: iteration 33, time 0.241699, run time 15064 s
INFO (CarpetX): OutputGH done.
INFO (CarpetX): Simulation time: 0.241699   Iterations per second: 0.00252611   Simulation time per second: 1.85018e-05
INFO (CarpetX): Grid cells: 1.07643e+07   Grid cell updates per second: 27191.8
INFO (CarpetX): Performance:
INFO (CarpetX):   total evolution time:            13322 sec
INFO (CarpetX):   total evolution compute time:    13199.8 sec
INFO (CarpetX):   total evolution output time:     122.242 sec
INFO (CarpetX):   total iterations:                33
INFO (CarpetX):   total cells updated:             3.55222e+08
INFO (CarpetX):   average iterations per second: 0.00247711
INFO (CarpetX):   average cell updates per second: 26664.3
INFO (CarpetX): OutputGH: iteration 34, time 0.249023, run time 15448 s
INFO (CarpetX): OutputGH done.
INFO (CarpetX): Simulation time: 0.249023   Iterations per second: 0.00260205   Simulation time per second: 1.9058e-05
INFO (CarpetX): Grid cells: 1.07643e+07   Grid cell updates per second: 28009.2
INFO (CarpetX): Performance:
INFO (CarpetX):   total evolution time:            13706.3 sec
INFO (CarpetX):   total evolution compute time:    13584.1 sec
INFO (CarpetX):   total evolution output time:     122.242 sec
INFO (CarpetX):   total iterations:                34
INFO (CarpetX):   total cells updated:             3.65986e+08
INFO (CarpetX):   average iterations per second: 0.00248061
INFO (CarpetX):   average cell updates per second: 26702
INFO (CarpetX): OutputGH: iteration 35, time 0.256348, run time 15844 s
INFO (CarpetX): OutputGH done.
INFO (CarpetX): Simulation time: 0.256348   Iterations per second: 0.00254974   Simulation time per second: 1.86748e-05
INFO (CarpetX): Grid cells: 1.07643e+07   Grid cell updates per second: 27446.1
INFO (CarpetX): Performance:
INFO (CarpetX):   total evolution time:            14098.5 sec
INFO (CarpetX):   total evolution compute time:    13976.3 sec
INFO (CarpetX):   total evolution output time:     122.242 sec
INFO (CarpetX):   total iterations:                35
INFO (CarpetX):   total cells updated:             3.7675e+08
INFO (CarpetX):   average iterations per second: 0.00248253
INFO (CarpetX):   average cell updates per second: 26722.7
INFO (CarpetX): OutputGH: iteration 36, time 0.263672, run time 16229 s
INFO (CarpetX): OutputGH done.
INFO (CarpetX): Simulation time: 0.263672   Iterations per second: 0.00260378   Simulation time per second: 1.90707e-05
INFO (CarpetX): Grid cells: 1.07643e+07   Grid cell updates per second: 28027.8
INFO (CarpetX): Performance:
INFO (CarpetX):   total evolution time:            14482.6 sec
INFO (CarpetX):   total evolution compute time:    14360.3 sec
INFO (CarpetX):   total evolution output time:     122.242 sec
INFO (CarpetX):   total iterations:                36
INFO (CarpetX):   total cells updated:             3.87514e+08
INFO (CarpetX):   average iterations per second: 0.00248575
INFO (CarpetX):   average cell updates per second: 26757.3
INFO (CarpetX): OutputGH: iteration 37, time 0.270996, run time 16628 s
INFO (CarpetX): OutputGH done.
INFO (CarpetX): Simulation time: 0.270996   Iterations per second: 0.00252618   Simulation time per second: 1.85023e-05
INFO (CarpetX): Grid cells: 1.07643e+07   Grid cell updates per second: 27192.5
INFO (CarpetX): Performance:
INFO (CarpetX):   total evolution time:            14878.4 sec
INFO (CarpetX):   total evolution compute time:    14756.2 sec
INFO (CarpetX):   total evolution output time:     122.242 sec
INFO (CarpetX):   total iterations:                37
INFO (CarpetX):   total cells updated:             3.98279e+08
INFO (CarpetX):   average iterations per second: 0.00248682
INFO (CarpetX):   average cell updates per second: 26768.9
INFO (CarpetX): OutputGH: iteration 38, time 0.278320, run time 17020 s
INFO (CarpetX): OutputGH done.
INFO (CarpetX): Simulation time: 0.27832   Iterations per second: 0.00256302   Simulation time per second: 1.87721e-05
INFO (CarpetX): Grid cells: 1.07643e+07   Grid cell updates per second: 27589.1
INFO (CarpetX): Performance:
INFO (CarpetX):   total evolution time:            15268.6 sec
INFO (CarpetX):   total evolution compute time:    15146.3 sec
INFO (CarpetX):   total evolution output time:     122.242 sec
INFO (CarpetX):   total iterations:                38
INFO (CarpetX):   total cells updated:             4.09043e+08
INFO (CarpetX):   average iterations per second: 0.00248877
INFO (CarpetX):   average cell updates per second: 26789.8
INFO (CarpetX): OutputGH: iteration 39, time 0.285645, run time 17417 s
INFO (CarpetX): OutputGH done.
INFO (CarpetX): Simulation time: 0.285645   Iterations per second: 0.00252805   Simulation time per second: 1.8516e-05
INFO (CarpetX): Grid cells: 1.07643e+07   Grid cell updates per second: 27212.7
INFO (CarpetX): Performance:
INFO (CarpetX):   total evolution time:            15664.1 sec
INFO (CarpetX):   total evolution compute time:    15541.9 sec
INFO (CarpetX):   total evolution output time:     122.242 sec
INFO (CarpetX):   total iterations:                39
INFO (CarpetX):   total cells updated:             4.19807e+08
INFO (CarpetX):   average iterations per second: 0.00248976
INFO (CarpetX):   average cell updates per second: 26800.5
INFO (CarpetX): OutputGH: iteration 40, time 0.292969, run time 17804 s
INFO (CarpetX): OutputGH done.
INFO (CarpetX): Simulation time: 0.292969   Iterations per second: 0.002587   Simulation time per second: 1.89478e-05
INFO (CarpetX): Grid cells: 1.07643e+07   Grid cell updates per second: 27847.2
INFO (CarpetX): Performance:
INFO (CarpetX):   total evolution time:            16050.7 sec
INFO (CarpetX):   total evolution compute time:    15928.4 sec
INFO (CarpetX):   total evolution output time:     122.242 sec
INFO (CarpetX):   total iterations:                40
INFO (CarpetX):   total cells updated:             4.30572e+08
INFO (CarpetX):   average iterations per second: 0.0024921
INFO (CarpetX):   average cell updates per second: 26825.7
INFO (CarpetX): OutputGH: iteration 41, time 0.300293, run time 18195 s
INFO (CarpetX): OutputGH done.
INFO (CarpetX): Simulation time: 0.300293   Iterations per second: 0.0025685   Simulation time per second: 1.88122e-05
INFO (CarpetX): Grid cells: 1.07643e+07   Grid cell updates per second: 27648
INFO (CarpetX): Performance:
INFO (CarpetX):   total evolution time:            16440 sec
INFO (CarpetX):   total evolution compute time:    16317.8 sec
INFO (CarpetX):   total evolution output time:     122.242 sec
INFO (CarpetX):   total iterations:                41
INFO (CarpetX):   total cells updated:             4.41336e+08
INFO (CarpetX):   average iterations per second: 0.00249391
INFO (CarpetX):   average cell updates per second: 26845.2
INFO (CarpetX): OutputGH: iteration 42, time 0.307617, run time 18582 s
INFO (CarpetX): OutputGH done.
INFO (CarpetX): Simulation time: 0.307617   Iterations per second: 0.00259411   Simulation time per second: 1.89998e-05
INFO (CarpetX): Grid cells: 1.07643e+07   Grid cell updates per second: 27923.7
INFO (CarpetX): Performance:
INFO (CarpetX):   total evolution time:            16825.5 sec
INFO (CarpetX):   total evolution compute time:    16703.3 sec
INFO (CarpetX):   total evolution output time:     122.242 sec
INFO (CarpetX):   total iterations:                42
INFO (CarpetX):   total cells updated:             4.521e+08
INFO (CarpetX):   average iterations per second: 0.00249621
INFO (CarpetX):   average cell updates per second: 26869.9
INFO (CarpetX): OutputGH: iteration 43, time 0.314941, run time 18976 s
INFO (CarpetX): OutputGH done.
INFO (CarpetX): Simulation time: 0.314941   Iterations per second: 0.00255525   Simulation time per second: 1.87152e-05
INFO (CarpetX): Grid cells: 1.07643e+07   Grid cell updates per second: 27505.4
INFO (CarpetX): Performance:
INFO (CarpetX):   total evolution time:            17216.9 sec
INFO (CarpetX):   total evolution compute time:    17094.6 sec
INFO (CarpetX):   total evolution output time:     122.242 sec
INFO (CarpetX):   total iterations:                43
INFO (CarpetX):   total cells updated:             4.62864e+08
INFO (CarpetX):   average iterations per second: 0.00249755
INFO (CarpetX):   average cell updates per second: 26884.4
INFO (CarpetX): OutputGH: iteration 44, time 0.322266, run time 19377 s
INFO (CarpetX): OutputGH done.
INFO (CarpetX): Simulation time: 0.322266   Iterations per second: 0.00251772   Simulation time per second: 1.84403e-05
INFO (CarpetX): Grid cells: 1.07643e+07   Grid cell updates per second: 27101.5
INFO (CarpetX): Performance:
INFO (CarpetX):   total evolution time:            17614 sec
INFO (CarpetX):   total evolution compute time:    17491.8 sec
INFO (CarpetX):   total evolution output time:     122.242 sec
INFO (CarpetX):   total iterations:                44
INFO (CarpetX):   total cells updated:             4.73629e+08
INFO (CarpetX):   average iterations per second: 0.00249801
INFO (CarpetX):   average cell updates per second: 26889.3
INFO (CarpetX): OutputGH: iteration 45, time 0.329590, run time 19770 s
INFO (CarpetX): OutputGH done.
INFO (CarpetX): Simulation time: 0.32959   Iterations per second: 0.00255356   Simulation time per second: 1.87028e-05
INFO (CarpetX): Grid cells: 1.07643e+07   Grid cell updates per second: 27487.2
INFO (CarpetX): Performance:
INFO (CarpetX):   total evolution time:            18005.7 sec
INFO (CarpetX):   total evolution compute time:    17883.4 sec
INFO (CarpetX):   total evolution output time:     122.243 sec
INFO (CarpetX):   total iterations:                45
INFO (CarpetX):   total cells updated:             4.84393e+08
INFO (CarpetX):   average iterations per second: 0.00249921
INFO (CarpetX):   average cell updates per second: 26902.3
INFO (CarpetX): OutputGH: iteration 46, time 0.336914, run time 20164 s
INFO (CarpetX): OutputGH done.
INFO (CarpetX): Simulation time: 0.336914   Iterations per second: 0.00255677   Simulation time per second: 1.87263e-05
INFO (CarpetX): Grid cells: 1.07643e+07   Grid cell updates per second: 27521.8
INFO (CarpetX): Performance:
INFO (CarpetX):   total evolution time:            18396.8 sec
INFO (CarpetX):   total evolution compute time:    18274.5 sec
INFO (CarpetX):   total evolution output time:     122.243 sec
INFO (CarpetX):   total iterations:                46
INFO (CarpetX):   total cells updated:             4.95157e+08
INFO (CarpetX):   average iterations per second: 0.00250044
INFO (CarpetX):   average cell updates per second: 26915.4
INFO (CarpetX): OutputGH: iteration 47, time 0.344238, run time 20568 s
INFO (CarpetX): OutputGH done.
INFO (CarpetX): Simulation time: 0.344238   Iterations per second: 0.00249743   Simulation time per second: 1.82917e-05
INFO (CarpetX): Grid cells: 1.07643e+07   Grid cell updates per second: 26883
INFO (CarpetX): Performance:
INFO (CarpetX):   total evolution time:            18797.2 sec
INFO (CarpetX):   total evolution compute time:    18674.9 sec
INFO (CarpetX):   total evolution output time:     122.243 sec
INFO (CarpetX):   total iterations:                47
INFO (CarpetX):   total cells updated:             5.05922e+08
INFO (CarpetX):   average iterations per second: 0.00250037
INFO (CarpetX):   average cell updates per second: 26914.7
INFO (CarpetX): OutputGH: iteration 48, time 0.351562, run time 20965 s
INFO (CarpetX): OutputGH done.
INFO (CarpetX): Simulation time: 0.351562   Iterations per second: 0.00253232   Simulation time per second: 1.85473e-05
INFO (CarpetX): Grid cells: 1.07643e+07   Grid cell updates per second: 27258.7
INFO (CarpetX): Performance:
INFO (CarpetX):   total evolution time:            19192.1 sec
INFO (CarpetX):   total evolution compute time:    19069.8 sec
INFO (CarpetX):   total evolution output time:     122.249 sec
INFO (CarpetX):   total iterations:                48
INFO (CarpetX):   total cells updated:             5.16686e+08
INFO (CarpetX):   average iterations per second: 0.00250103
INFO (CarpetX):   average cell updates per second: 26921.8
INFO (CarpetX): OutputGH: iteration 49, time 0.358887, run time 21357 s
INFO (CarpetX): OutputGH done.
INFO (CarpetX): Simulation time: 0.358887   Iterations per second: 0.00257275   Simulation time per second: 1.88434e-05
INFO (CarpetX): Grid cells: 1.07643e+07   Grid cell updates per second: 27693.9
INFO (CarpetX): Performance:
INFO (CarpetX):   total evolution time:            19580.8 sec
INFO (CarpetX):   total evolution compute time:    19458.5 sec
INFO (CarpetX):   total evolution output time:     122.249 sec
INFO (CarpetX):   total iterations:                49
INFO (CarpetX):   total cells updated:             5.2745e+08
INFO (CarpetX):   average iterations per second: 0.00250245
INFO (CarpetX):   average cell updates per second: 26937.1
INFO (CarpetX): Checkpointing at iteration 50, time 0.366211, run time 6.04 h
INFO (CarpetX): OutputOpenPMD...
INFO (CarpetX): Creating openPMD object...
INFO (CarpetX):   options: 
  {
    "adios2": {
      "dataset": {
        "operators": [
        ]
      }
    }
  }

INFO (CarpetX): Creating iteration 50...
INFO (CarpetX): Writing patch 0 level 0 mesh...
INFO (CarpetX): Patch: 0, Level: 0
INFO (CarpetX):   xmin: [-120.000000,-120.000000,-120.000000]
INFO (CarpetX):   xmax: [120.000000,120.000000,120.000000]
INFO (CarpetX):   imin: [0,0,0]
INFO (CarpetX):   imax: [129,129,129]
INFO (CarpetX): Writing group 9 AHFINDERDIRECT::AHMASK...
INFO (CarpetX): Defining mesh ahfinderdirect_ahmask_patch00_lev00...
INFO (CarpetX): Writing 1 variables with 4 components...
INFO (CarpetX): Writing group 61 Z4C::CHI...
INFO (CarpetX): Defining mesh z4c_chi_patch00_lev00...
INFO (CarpetX): Writing 1 variables with 4 components...
INFO (CarpetX): Writing group 62 Z4C::GAMMA_TILDE...
INFO (CarpetX): Defining mesh z4c_gamma_tilde_patch00_lev00...
INFO (CarpetX): Writing 6 variables with 4 components...
INFO (CarpetX): Writing group 63 Z4C::K_HAT...
INFO (CarpetX): Defining mesh z4c_k_hat_patch00_lev00...
INFO (CarpetX): Writing 1 variables with 4 components...
INFO (CarpetX): Writing group 64 Z4C::A_TILDE...
INFO (CarpetX): Defining mesh z4c_a_tilde_patch00_lev00...
INFO (CarpetX): Writing 6 variables with 4 components...
INFO (CarpetX): Writing group 65 Z4C::GAM_TILDE...
INFO (CarpetX): Defining mesh z4c_gam_tilde_patch00_lev00...
INFO (CarpetX): Writing 3 variables with 4 components...
INFO (CarpetX): Writing group 66 Z4C::THETA...
INFO (CarpetX): Defining mesh z4c_theta_patch00_lev00...
INFO (CarpetX): Writing 1 variables with 4 components...
INFO (CarpetX): Writing group 67 Z4C::ALPHAG...
INFO (CarpetX): Defining mesh z4c_alphag_patch00_lev00...
INFO (CarpetX): Writing 1 variables with 4 components...
INFO (CarpetX): Writing group 68 Z4C::BETAG...
INFO (CarpetX): Defining mesh z4c_betag_patch00_lev00...
INFO (CarpetX): Writing 3 variables with 4 components...
INFO (CarpetX): Writing patch 0 level 1 mesh...
INFO (CarpetX): Patch: 0, Level: 1
INFO (CarpetX):   xmin: [-120.000000,-120.000000,-120.000000]
INFO (CarpetX):   xmax: [120.000000,120.000000,120.000000]
INFO (CarpetX):   imin: [0,0,0]
INFO (CarpetX):   imax: [257,257,257]
INFO (CarpetX): Writing group 9 AHFINDERDIRECT::AHMASK...
INFO (CarpetX): Defining mesh ahfinderdirect_ahmask_patch00_lev01...
INFO (CarpetX): Writing 1 variables with 9 components...
INFO (CarpetX): Writing group 61 Z4C::CHI...
INFO (CarpetX): Defining mesh z4c_chi_patch00_lev01...
INFO (CarpetX): Writing 1 variables with 9 components...
INFO (CarpetX): Writing group 62 Z4C::GAMMA_TILDE...
INFO (CarpetX): Defining mesh z4c_gamma_tilde_patch00_lev01...
INFO (CarpetX): Writing 6 variables with 9 components...
INFO (CarpetX): Writing group 63 Z4C::K_HAT...
INFO (CarpetX): Defining mesh z4c_k_hat_patch00_lev01...
INFO (CarpetX): Writing 1 variables with 9 components...
INFO (CarpetX): Writing group 64 Z4C::A_TILDE...
INFO (CarpetX): Defining mesh z4c_a_tilde_patch00_lev01...
INFO (CarpetX): Writing 6 variables with 9 components...
INFO (CarpetX): Writing group 65 Z4C::GAM_TILDE...
INFO (CarpetX): Defining mesh z4c_gam_tilde_patch00_lev01...
INFO (CarpetX): Writing 3 variables with 9 components...
INFO (CarpetX): Writing group 66 Z4C::THETA...
INFO (CarpetX): Defining mesh z4c_theta_patch00_lev01...
INFO (CarpetX): Writing 1 variables with 9 components...
INFO (CarpetX): Writing group 67 Z4C::ALPHAG...
INFO (CarpetX): Defining mesh z4c_alphag_patch00_lev01...
INFO (CarpetX): Writing 1 variables with 9 components...
INFO (CarpetX): Writing group 68 Z4C::BETAG...
INFO (CarpetX): Defining mesh z4c_betag_patch00_lev01...
INFO (CarpetX): Writing 3 variables with 9 components...
INFO (CarpetX): Writing patch 0 level 2 mesh...
INFO (CarpetX): Patch: 0, Level: 2
INFO (CarpetX):   xmin: [-120.000000,-120.000000,-120.000000]
INFO (CarpetX):   xmax: [120.000000,120.000000,120.000000]
INFO (CarpetX):   imin: [0,0,0]
INFO (CarpetX):   imax: [513,513,513]
INFO (CarpetX): Writing group 9 AHFINDERDIRECT::AHMASK...
INFO (CarpetX): Defining mesh ahfinderdirect_ahmask_patch00_lev02...
INFO (CarpetX): Writing 1 variables with 3 components...
INFO (CarpetX): Writing group 61 Z4C::CHI...
INFO (CarpetX): Defining mesh z4c_chi_patch00_lev02...
INFO (CarpetX): Writing 1 variables with 3 components...
INFO (CarpetX): Writing group 62 Z4C::GAMMA_TILDE...
INFO (CarpetX): Defining mesh z4c_gamma_tilde_patch00_lev02...
INFO (CarpetX): Writing 6 variables with 3 components...
INFO (CarpetX): Writing group 63 Z4C::K_HAT...
INFO (CarpetX): Defining mesh z4c_k_hat_patch00_lev02...
INFO (CarpetX): Writing 1 variables with 3 components...
INFO (CarpetX): Writing group 64 Z4C::A_TILDE...
INFO (CarpetX): Defining mesh z4c_a_tilde_patch00_lev02...
INFO (CarpetX): Writing 6 variables with 3 components...
INFO (CarpetX): Writing group 65 Z4C::GAM_TILDE...
INFO (CarpetX): Defining mesh z4c_gam_tilde_patch00_lev02...
INFO (CarpetX): Writing 3 variables with 3 components...
INFO (CarpetX): Writing group 66 Z4C::THETA...
INFO (CarpetX): Defining mesh z4c_theta_patch00_lev02...
INFO (CarpetX): Writing 1 variables with 3 components...
INFO (CarpetX): Writing group 67 Z4C::ALPHAG...
INFO (CarpetX): Defining mesh z4c_alphag_patch00_lev02...
INFO (CarpetX): Writing 1 variables with 3 components...
INFO (CarpetX): Writing group 68 Z4C::BETAG...
INFO (CarpetX): Defining mesh z4c_betag_patch00_lev02...
INFO (CarpetX): Writing 3 variables with 3 components...
INFO (CarpetX): Writing patch 0 level 3 mesh...
INFO (CarpetX): Patch: 0, Level: 3
INFO (CarpetX):   xmin: [-120.000000,-120.000000,-120.000000]
INFO (CarpetX):   xmax: [120.000000,120.000000,120.000000]
INFO (CarpetX):   imin: [0,0,0]
INFO (CarpetX):   imax: [1025,1025,1025]
INFO (CarpetX): Writing group 9 AHFINDERDIRECT::AHMASK...
INFO (CarpetX): Defining mesh ahfinderdirect_ahmask_patch00_lev03...
INFO (CarpetX): Writing 1 variables with 2 components...
INFO (CarpetX): Writing group 61 Z4C::CHI...
INFO (CarpetX): Defining mesh z4c_chi_patch00_lev03...
INFO (CarpetX): Writing 1 variables with 2 components...
INFO (CarpetX): Writing group 62 Z4C::GAMMA_TILDE...
INFO (CarpetX): Defining mesh z4c_gamma_tilde_patch00_lev03...
INFO (CarpetX): Writing 6 variables with 2 components...
INFO (CarpetX): Writing group 63 Z4C::K_HAT...
INFO (CarpetX): Defining mesh z4c_k_hat_patch00_lev03...
INFO (CarpetX): Writing 1 variables with 2 components...
INFO (CarpetX): Writing group 64 Z4C::A_TILDE...
INFO (CarpetX): Defining mesh z4c_a_tilde_patch00_lev03...
INFO (CarpetX): Writing 6 variables with 2 components...
INFO (CarpetX): Writing group 65 Z4C::GAM_TILDE...
INFO (CarpetX): Defining mesh z4c_gam_tilde_patch00_lev03...
INFO (CarpetX): Writing 3 variables with 2 components...
INFO (CarpetX): Writing group 66 Z4C::THETA...
INFO (CarpetX): Defining mesh z4c_theta_patch00_lev03...
INFO (CarpetX): Writing 1 variables with 2 components...
INFO (CarpetX): Writing group 67 Z4C::ALPHAG...
INFO (CarpetX): Defining mesh z4c_alphag_patch00_lev03...
INFO (CarpetX): Writing 1 variables with 2 components...
INFO (CarpetX): Writing group 68 Z4C::BETAG...
INFO (CarpetX): Defining mesh z4c_betag_patch00_lev03...
INFO (CarpetX): Writing 3 variables with 2 components...
INFO (CarpetX): Writing patch 0 level 4 mesh...
INFO (CarpetX): Patch: 0, Level: 4
INFO (CarpetX):   xmin: [-120.000000,-120.000000,-120.000000]
INFO (CarpetX):   xmax: [120.000000,120.000000,120.000000]
INFO (CarpetX):   imin: [0,0,0]
INFO (CarpetX):   imax: [2049,2049,2049]
INFO (CarpetX): Writing group 9 AHFINDERDIRECT::AHMASK...
INFO (CarpetX): Defining mesh ahfinderdirect_ahmask_patch00_lev04...
INFO (CarpetX): Writing 1 variables with 3 components...
INFO (CarpetX): Writing group 61 Z4C::CHI...
INFO (CarpetX): Defining mesh z4c_chi_patch00_lev04...
INFO (CarpetX): Writing 1 variables with 3 components...
INFO (CarpetX): Writing group 62 Z4C::GAMMA_TILDE...
INFO (CarpetX): Defining mesh z4c_gamma_tilde_patch00_lev04...
INFO (CarpetX): Writing 6 variables with 3 components...
INFO (CarpetX): Writing group 63 Z4C::K_HAT...
INFO (CarpetX): Defining mesh z4c_k_hat_patch00_lev04...
INFO (CarpetX): Writing 1 variables with 3 components...
INFO (CarpetX): Writing group 64 Z4C::A_TILDE...
INFO (CarpetX): Defining mesh z4c_a_tilde_patch00_lev04...
INFO (CarpetX): Writing 6 variables with 3 components...
INFO (CarpetX): Writing group 65 Z4C::GAM_TILDE...
INFO (CarpetX): Defining mesh z4c_gam_tilde_patch00_lev04...
INFO (CarpetX): Writing 3 variables with 3 components...
INFO (CarpetX): Writing group 66 Z4C::THETA...
INFO (CarpetX): Defining mesh z4c_theta_patch00_lev04...
INFO (CarpetX): Writing 1 variables with 3 components...
INFO (CarpetX): Writing group 67 Z4C::ALPHAG...
INFO (CarpetX): Defining mesh z4c_alphag_patch00_lev04...
INFO (CarpetX): Writing 1 variables with 3 components...
INFO (CarpetX): Writing group 68 Z4C::BETAG...
INFO (CarpetX): Defining mesh z4c_betag_patch00_lev04...
INFO (CarpetX): Writing 3 variables with 3 components...
INFO (CarpetX): Writing patch 0 level 5 mesh...
INFO (CarpetX): Patch: 0, Level: 5
INFO (CarpetX):   xmin: [-120.000000,-120.000000,-120.000000]
INFO (CarpetX):   xmax: [120.000000,120.000000,120.000000]
INFO (CarpetX):   imin: [0,0,0]
INFO (CarpetX):   imax: [4097,4097,4097]
INFO (CarpetX): Writing group 9 AHFINDERDIRECT::AHMASK...
INFO (CarpetX): Defining mesh ahfinderdirect_ahmask_patch00_lev05...
INFO (CarpetX): Writing 1 variables with 5 components...
INFO (CarpetX): Writing group 61 Z4C::CHI...
INFO (CarpetX): Defining mesh z4c_chi_patch00_lev05...
INFO (CarpetX): Writing 1 variables with 5 components...
INFO (CarpetX): Writing group 62 Z4C::GAMMA_TILDE...
INFO (CarpetX): Defining mesh z4c_gamma_tilde_patch00_lev05...
INFO (CarpetX): Writing 6 variables with 5 components...
INFO (CarpetX): Writing group 63 Z4C::K_HAT...
INFO (CarpetX): Defining mesh z4c_k_hat_patch00_lev05...
INFO (CarpetX): Writing 1 variables with 5 components...
INFO (CarpetX): Writing group 64 Z4C::A_TILDE...
INFO (CarpetX): Defining mesh z4c_a_tilde_patch00_lev05...
INFO (CarpetX): Writing 6 variables with 5 components...
INFO (CarpetX): Writing group 65 Z4C::GAM_TILDE...
INFO (CarpetX): Defining mesh z4c_gam_tilde_patch00_lev05...
INFO (CarpetX): Writing 3 variables with 5 components...
INFO (CarpetX): Writing group 66 Z4C::THETA...
INFO (CarpetX): Defining mesh z4c_theta_patch00_lev05...
INFO (CarpetX): Writing 1 variables with 5 components...
INFO (CarpetX): Writing group 67 Z4C::ALPHAG...
INFO (CarpetX): Defining mesh z4c_alphag_patch00_lev05...
INFO (CarpetX): Writing 1 variables with 5 components...
INFO (CarpetX): Writing group 68 Z4C::BETAG...
INFO (CarpetX): Defining mesh z4c_betag_patch00_lev05...
INFO (CarpetX): Writing 3 variables with 5 components...
INFO (CarpetX): Writing patch 0 level 6 mesh...
INFO (CarpetX): Patch: 0, Level: 6
INFO (CarpetX):   xmin: [-120.000000,-120.000000,-120.000000]
INFO (CarpetX):   xmax: [120.000000,120.000000,120.000000]
INFO (CarpetX):   imin: [0,0,0]
INFO (CarpetX):   imax: [8193,8193,8193]
INFO (CarpetX): Writing group 9 AHFINDERDIRECT::AHMASK...
INFO (CarpetX): Defining mesh ahfinderdirect_ahmask_patch00_lev06...
INFO (CarpetX): Writing 1 variables with 2 components...
INFO (CarpetX): Writing group 61 Z4C::CHI...
INFO (CarpetX): Defining mesh z4c_chi_patch00_lev06...
INFO (CarpetX): Writing 1 variables with 2 components...
INFO (CarpetX): Writing group 62 Z4C::GAMMA_TILDE...
INFO (CarpetX): Defining mesh z4c_gamma_tilde_patch00_lev06...
INFO (CarpetX): Writing 6 variables with 2 components...
INFO (CarpetX): Writing group 63 Z4C::K_HAT...
INFO (CarpetX): Defining mesh z4c_k_hat_patch00_lev06...
INFO (CarpetX): Writing 1 variables with 2 components...
INFO (CarpetX): Writing group 64 Z4C::A_TILDE...
INFO (CarpetX): Defining mesh z4c_a_tilde_patch00_lev06...
INFO (CarpetX): Writing 6 variables with 2 components...
INFO (CarpetX): Writing group 65 Z4C::GAM_TILDE...
INFO (CarpetX): Defining mesh z4c_gam_tilde_patch00_lev06...
INFO (CarpetX): Writing 3 variables with 2 components...
INFO (CarpetX): Writing group 66 Z4C::THETA...
INFO (CarpetX): Defining mesh z4c_theta_patch00_lev06...
INFO (CarpetX): Writing 1 variables with 2 components...
INFO (CarpetX): Writing group 67 Z4C::ALPHAG...
INFO (CarpetX): Defining mesh z4c_alphag_patch00_lev06...
INFO (CarpetX): Writing 1 variables with 2 components...
INFO (CarpetX): Writing group 68 Z4C::BETAG...
INFO (CarpetX): Defining mesh z4c_betag_patch00_lev06...
INFO (CarpetX): Writing 3 variables with 2 components...
INFO (CarpetX): Writing group 10 AHFINDERDIRECT::AH_RADIUS...
INFO (CarpetX): Writing 3 variables...
INFO (CarpetX): Writing group 11 AHFINDERDIRECT::AH_ORIGIN...
INFO (CarpetX): Writing 9 variables...
INFO (CarpetX): Writing group 12 AHFINDERDIRECT::AH_CENTROID...
INFO (CarpetX): Writing 24 variables...
INFO (CarpetX): Writing group 13 AHFINDERDIRECT::AH_FLAGS...
INFO (CarpetX): Writing 24 variables...
INFO (CarpetX): Writing group 14 BOXINBOX::ACTIVE...
INFO (CarpetX): Writing 3 variables...
INFO (CarpetX): Writing group 15 BOXINBOX::NUM_LEVELS...
INFO (CarpetX): Writing 3 variables...
INFO (CarpetX): Writing group 16 BOXINBOX::POSITIONS...
INFO (CarpetX): Writing 9 variables...
INFO (CarpetX): Writing group 17 BOXINBOX::RADII...
INFO (CarpetX): Writing 3 variables...
INFO (CarpetX): Writing group 18 BOXINBOX::RADIIXYZ...
INFO (CarpetX): Writing 9 variables...
INFO (CarpetX): Writing group 23 PUNCTURETRACKER::PT_LOC...
INFO (CarpetX): Writing 40 variables...
INFO (CarpetX): Writing group 24 PUNCTURETRACKER::PT_VEL...
INFO (CarpetX): Writing 40 variables...
INFO (CarpetX): Writing group 25 SPHERICALSURFACE::SF_ACTIVE...
INFO (CarpetX): Writing 5 variables...
INFO (CarpetX): Writing group 26 SPHERICALSURFACE::SF_VALID...
INFO (CarpetX): Writing 5 variables...
INFO (CarpetX): Writing group 27 SPHERICALSURFACE::SF_INFO...
INFO (CarpetX): Writing 95 variables...
INFO (CarpetX): Writing group 28 SPHERICALSURFACE::SF_MINREFLEVEL...
INFO (CarpetX): Writing 5 variables...
INFO (CarpetX): Writing group 29 SPHERICALSURFACE::SF_MAXREFLEVEL...
INFO (CarpetX): Writing 5 variables...
INFO (CarpetX): Writing group 30 SPHERICALSURFACE::SF_RADIUS...
INFO (CarpetX): Writing 5 variables...
INFO (CarpetX): Writing group 31 SPHERICALSURFACE::SF_ORIGIN...
INFO (CarpetX): Writing 15 variables...
INFO (CarpetX): Writing group 32 SPHERICALSURFACE::SF_COORDINATE_DESCRIPTORS...
INFO (CarpetX): Writing 20 variables...
INFO (CarpetX): Writing group 33 SPHERICALSURFACE::SF_SHAPE_DESCRIPTORS...
INFO (CarpetX): Writing 20 variables...
INFO (CarpetX): Writing group 34 SPHERICALSURFACE::SF_COORDINATE_ESTIMATORS...
INFO (CarpetX): Writing 10 variables...
INFO (CarpetX): Closing iteration...
INFO (CarpetX): OutputOpenPMD done.
Results from timer "OutputOpenPMD":
	gettimeofday: 4.571 secs
Results from timer "OutputOpenPMD":
	getrusage: 2.487 secs
INFO (CarpetX): OutputGH: iteration 50, time 0.366211, run time 21760 s
INFO (CarpetX): OutputGH done.
INFO (CarpetX): Simulation time: 0.366211   Iterations per second: 0.00248824   Simulation time per second: 1.82244e-05
INFO (CarpetX): Grid cells: 1.07643e+07   Grid cell updates per second: 26784.1
INFO (CarpetX): Performance:
INFO (CarpetX):   total evolution time:            19982.7 sec
INFO (CarpetX):   total evolution compute time:    19860.4 sec
INFO (CarpetX):   total evolution output time:     122.249 sec
INFO (CarpetX):   total iterations:                50
INFO (CarpetX):   total cells updated:             5.38214e+08
INFO (CarpetX):   average iterations per second: 0.00250217
INFO (CarpetX):   average cell updates per second: 26934.1
INFO (CarpetX): OutputGH: iteration 51, time 0.373535, run time 22158 s
INFO (CarpetX): OutputGH done.
INFO (CarpetX): Simulation time: 0.373535   Iterations per second: 0.00252218   Simulation time per second: 1.8473e-05
INFO (CarpetX): Grid cells: 1.07643e+07   Grid cell updates per second: 27149.5
INFO (CarpetX): Performance:
INFO (CarpetX):   total evolution time:            20379.1 sec
INFO (CarpetX):   total evolution compute time:    20256.9 sec
INFO (CarpetX):   total evolution output time:     122.249 sec
INFO (CarpetX):   total iterations:                51
INFO (CarpetX):   total cells updated:             5.48979e+08
INFO (CarpetX):   average iterations per second: 0.00250256
INFO (CarpetX):   average cell updates per second: 26938.3
INFO (CarpetX): OutputGH: iteration 52, time 0.380859, run time 22547 s
INFO (CarpetX): OutputGH done.
INFO (CarpetX): Simulation time: 0.380859   Iterations per second: 0.0025929   Simulation time per second: 1.8991e-05
INFO (CarpetX): Grid cells: 1.07643e+07   Grid cell updates per second: 27910.8
INFO (CarpetX): Performance:
INFO (CarpetX):   total evolution time:            20764.8 sec
INFO (CarpetX):   total evolution compute time:    20642.6 sec
INFO (CarpetX):   total evolution output time:     122.249 sec
INFO (CarpetX):   total iterations:                52
INFO (CarpetX):   total cells updated:             5.59743e+08
INFO (CarpetX):   average iterations per second: 0.00250424
INFO (CarpetX):   average cell updates per second: 26956.3
INFO (CarpetX): OutputGH: iteration 53, time 0.388184, run time 22951 s
INFO (CarpetX): OutputGH done.
INFO (CarpetX): Simulation time: 0.388184   Iterations per second: 0.00250067   Simulation time per second: 1.83154e-05
INFO (CarpetX): Grid cells: 1.07643e+07   Grid cell updates per second: 26917.9
INFO (CarpetX): Performance:
INFO (CarpetX):   total evolution time:            21164.7 sec
INFO (CarpetX):   total evolution compute time:    21042.5 sec
INFO (CarpetX):   total evolution output time:     122.249 sec
INFO (CarpetX):   total iterations:                53
INFO (CarpetX):   total cells updated:             5.70507e+08
INFO (CarpetX):   average iterations per second: 0.00250417
INFO (CarpetX):   average cell updates per second: 26955.6
INFO (CarpetX): OutputGH: iteration 54, time 0.395508, run time 23353 s
INFO (CarpetX): OutputGH done.
INFO (CarpetX): Simulation time: 0.395508   Iterations per second: 0.00249776   Simulation time per second: 1.82941e-05
INFO (CarpetX): Grid cells: 1.07643e+07   Grid cell updates per second: 26886.6
INFO (CarpetX): Performance:
INFO (CarpetX):   total evolution time:            21565.1 sec
INFO (CarpetX):   total evolution compute time:    21442.8 sec
INFO (CarpetX):   total evolution output time:     122.249 sec
INFO (CarpetX):   total iterations:                54
INFO (CarpetX):   total cells updated:             5.81272e+08
INFO (CarpetX):   average iterations per second: 0.00250405
INFO (CarpetX):   average cell updates per second: 26954.3
INFO (CarpetX): OutputGH: iteration 55, time 0.402832, run time 23741 s
INFO (CarpetX): OutputGH done.
INFO (CarpetX): Simulation time: 0.402832   Iterations per second: 0.00259343   Simulation time per second: 1.89948e-05
INFO (CarpetX): Grid cells: 1.07643e+07   Grid cell updates per second: 27916.4
INFO (CarpetX): Performance:
INFO (CarpetX):   total evolution time:            21950.7 sec
INFO (CarpetX):   total evolution compute time:    21828.4 sec
INFO (CarpetX):   total evolution output time:     122.249 sec
INFO (CarpetX):   total iterations:                55
INFO (CarpetX):   total cells updated:             5.92036e+08
INFO (CarpetX):   average iterations per second: 0.00250562
INFO (CarpetX):   average cell updates per second: 26971.2
INFO (CarpetX): OutputGH: iteration 56, time 0.410156, run time 24139 s
INFO (CarpetX): OutputGH done.
INFO (CarpetX): Simulation time: 0.410156   Iterations per second: 0.00252944   Simulation time per second: 1.85261e-05
INFO (CarpetX): Grid cells: 1.07643e+07   Grid cell updates per second: 27227.6
INFO (CarpetX): Performance:
INFO (CarpetX):   total evolution time:            22346 sec
INFO (CarpetX):   total evolution compute time:    22223.8 sec
INFO (CarpetX):   total evolution output time:     122.249 sec
INFO (CarpetX):   total iterations:                56
INFO (CarpetX):   total cells updated:             6.028e+08
INFO (CarpetX):   average iterations per second: 0.00250604
INFO (CarpetX):   average cell updates per second: 26975.8
INFO (CarpetX): OutputGH: iteration 57, time 0.417480, run time 24529 s
INFO (CarpetX): OutputGH done.
INFO (CarpetX): Simulation time: 0.41748   Iterations per second: 0.00258905   Simulation time per second: 1.89628e-05
INFO (CarpetX): Grid cells: 1.07643e+07   Grid cell updates per second: 27869.3
INFO (CarpetX): Performance:
INFO (CarpetX):   total evolution time:            22732.2 sec
INFO (CarpetX):   total evolution compute time:    22610 sec
INFO (CarpetX):   total evolution output time:     122.249 sec
INFO (CarpetX):   total iterations:                57
INFO (CarpetX):   total cells updated:             6.13564e+08
INFO (CarpetX):   average iterations per second: 0.00250745
INFO (CarpetX):   average cell updates per second: 26990.9
INFO (CarpetX): OutputGH: iteration 58, time 0.424805, run time 24917 s
INFO (CarpetX): OutputGH done.
INFO (CarpetX): Simulation time: 0.424805   Iterations per second: 0.00259742   Simulation time per second: 1.90241e-05
INFO (CarpetX): Grid cells: 1.07643e+07   Grid cell updates per second: 27959.4
INFO (CarpetX): Performance:
INFO (CarpetX):   total evolution time:            23117.2 sec
INFO (CarpetX):   total evolution compute time:    22995 sec
INFO (CarpetX):   total evolution output time:     122.25 sec
INFO (CarpetX):   total iterations:                58
INFO (CarpetX):   total cells updated:             6.24329e+08
INFO (CarpetX):   average iterations per second: 0.00250895
INFO (CarpetX):   average cell updates per second: 27007.1
INFO (CarpetX): OutputGH: iteration 59, time 0.432129, run time 25314 s
INFO (CarpetX): OutputGH done.
INFO (CarpetX): Simulation time: 0.432129   Iterations per second: 0.0025338   Simulation time per second: 1.85581e-05
INFO (CarpetX): Grid cells: 1.07643e+07   Grid cell updates per second: 27274.6
INFO (CarpetX): Performance:
INFO (CarpetX):   total evolution time:            23511.9 sec
INFO (CarpetX):   total evolution compute time:    23389.7 sec
INFO (CarpetX):   total evolution output time:     122.25 sec
INFO (CarpetX):   total iterations:                59
INFO (CarpetX):   total cells updated:             6.35093e+08
INFO (CarpetX):   average iterations per second: 0.00250937
INFO (CarpetX):   average cell updates per second: 27011.6
INFO (CarpetX): OutputGH: iteration 60, time 0.439453, run time 25706 s
INFO (CarpetX): OutputGH done.
INFO (CarpetX): Simulation time: 0.439453   Iterations per second: 0.00256334   Simulation time per second: 1.87745e-05
INFO (CarpetX): Grid cells: 1.07643e+07   Grid cell updates per second: 27592.5
INFO (CarpetX): Performance:
INFO (CarpetX):   total evolution time:            23902 sec
INFO (CarpetX):   total evolution compute time:    23779.8 sec
INFO (CarpetX):   total evolution output time:     122.25 sec
INFO (CarpetX):   total iterations:                60
INFO (CarpetX):   total cells updated:             6.45857e+08
INFO (CarpetX):   average iterations per second: 0.00251025
INFO (CarpetX):   average cell updates per second: 27021
INFO (CarpetX): OutputGH: iteration 61, time 0.446777, run time 26095 s
INFO (CarpetX): OutputGH done.
INFO (CarpetX): Simulation time: 0.446777   Iterations per second: 0.00258682   Simulation time per second: 1.89464e-05
INFO (CarpetX): Grid cells: 1.07643e+07   Grid cell updates per second: 27845.2
INFO (CarpetX): Performance:
INFO (CarpetX):   total evolution time:            24288.6 sec
INFO (CarpetX):   total evolution compute time:    24166.3 sec
INFO (CarpetX):   total evolution output time:     122.25 sec
INFO (CarpetX):   total iterations:                61
INFO (CarpetX):   total cells updated:             6.56622e+08
INFO (CarpetX):   average iterations per second: 0.00251147
INFO (CarpetX):   average cell updates per second: 27034.2
INFO (CarpetX): OutputGH: iteration 62, time 0.454102, run time 26497 s
INFO (CarpetX): OutputGH done.
INFO (CarpetX): Simulation time: 0.454102   Iterations per second: 0.00251253   Simulation time per second: 1.84023e-05
INFO (CarpetX): Grid cells: 1.07643e+07   Grid cell updates per second: 27045.6
INFO (CarpetX): Performance:
INFO (CarpetX):   total evolution time:            24686.6 sec
INFO (CarpetX):   total evolution compute time:    24564.4 sec
INFO (CarpetX):   total evolution output time:     122.25 sec
INFO (CarpetX):   total iterations:                62
INFO (CarpetX):   total cells updated:             6.67386e+08
INFO (CarpetX):   average iterations per second: 0.00251148
INFO (CarpetX):   average cell updates per second: 27034.3
INFO (CarpetX): OutputGH: iteration 63, time 0.461426, run time 26901 s
INFO (CarpetX): OutputGH done.
INFO (CarpetX): Simulation time: 0.461426   Iterations per second: 0.0024986   Simulation time per second: 1.83003e-05
INFO (CarpetX): Grid cells: 1.07643e+07   Grid cell updates per second: 26895.6
INFO (CarpetX): Performance:
INFO (CarpetX):   total evolution time:            25086.8 sec
INFO (CarpetX):   total evolution compute time:    24964.6 sec
INFO (CarpetX):   total evolution output time:     122.25 sec
INFO (CarpetX):   total iterations:                63
INFO (CarpetX):   total cells updated:             6.7815e+08
INFO (CarpetX):   average iterations per second: 0.00251128
INFO (CarpetX):   average cell updates per second: 27032.1
INFO (AHFinderDirect): proc 0: searching for horizon 1/3
INFO (AHFinderDirect): AH 1/3: r=0.196445 at (15.167958,0.003220,0.000000)
INFO (AHFinderDirect): AH 1/3: area=9.67923857 m_irreducible=0.4388192486
INFO (AHFinderDirect): AH 2/3: r=0.196445 at (-15.167958,-0.003220,-0.000000)
INFO (AHFinderDirect): AH 2/3: area=9.67923857 m_irreducible=0.4388192486
INFO (TimerReport): Timer Report at iteration 64 time 0.46875
INFO (TimerReport): Top timers at iteration 64 time 0.46875
======================================================================
    %    Time/s   Min/s   Max/s   Timer (gettimeofday)
======================================================================
100.0   23813.9 23792.4 23833.8   [0052] ODESolvers: ODESolvers_Solve in CCTK_EVOL
100.0   23813.9 23792.3 23833.8   CallFunction CCTK_EVOL: ODESolvers::ODESolvers_Solve
100.0   23813.9 23792.3 23833.8   ODESolvers::Solve
 99.8   23762.5 23738.6 23782.2   CallScheduleGroup
 95.1   22647.7 22536.2 22744.3   Sync
 93.6   22300.9 22235.2 22346.1   ODESolvers::Solve::poststep
 25.0    5956.8  5660.8  6368.4   Restrict
 25.0    5955.9  5660.4  6367.7   Restrict::average_down
  8.2    1961.1  1920.3  1988.8   apply_boundary_conditions
  7.0    1672.1  1672.1  1672.1   Initialise
  6.1    1461.6  1416.7  1503.4   ODESolvers::Solve::rhs
  6.1    1442.1  1394.9  1485.9   [0053] Z4c: Z4c_RHS in ODESolvers_RHS
  6.1    1442.1  1394.9  1485.9   CallFunction Z4c_RHSGroup: Z4c::Z4c_RHS
  5.0    1189.8  1140.2  1232.1   CallFunction Z4c_PostStepGroup2: Z4c::Z4c_ADM2
  4.8    1137.2  1091.9  1179.3   [0058] Z4c: Z4c_ADM2 in ODESolvers_PostStep
  2.9     689.3   687.9   690.8   [0042] AHFinderDirect: AHFinderDirect_find_horizons in CCTK_POSTSTEP
  2.9     689.3   687.9   690.8   CallFunction CCTK_POSTSTEP: AHFinderDirect::AHFinderDirect_find_horizons
  1.4     343.5   332.4   355.6   [0019] TwoPuncturesX: TwoPuncturesX_TwoPunctures in CCTK_INITIAL
  1.4     343.5   332.4   355.6   CallFunction TwoPuncturesX_Group: TwoPuncturesX::TwoPuncturesX_TwoPunctures
  1.3     317.8   300.5   332.0   [0051] Z4c: Z4c_Constraints in CCTK_ANALYSIS
  1.3     317.8   300.5   332.0   CallFunction Z4c_AnalysisGroup: Z4c::Z4c_Constraints
  1.0     245.6   243.4   247.7   OutputGH
  1.0     245.6   243.4   247.7   OutputNorms
  0.9     217.3   215.1   219.9   InitialiseRegrid [refined]
  0.7     155.5   136.1   176.7   [0059] PunctureTracker: PunctureTracker_Track in CCTK_EVOL
  0.7     155.5   136.1   176.7   CallFunction CCTK_EVOL: PunctureTracker::PunctureTracker_Track
  0.6     143.5    51.8   210.5   prolongate_3d_rf2<[vertex,vertex,vertex],[poly,poly,poly],[5,5,5,none]>[thread=0]
  0.3      80.9    73.3    91.5   CallFunction Z4c_PostStepGroup: Z4c::Z4c_ADM
  0.3      77.1    69.8    87.5   [0056] Z4c: Z4c_ADM in ODESolvers_PostStep
  0.2      42.2    42.1    42.4   [0049] Multipole: Multipole_Calc in CCTK_ANALYSIS
  0.2      42.2    42.1    42.4   CallFunction CCTK_ANALYSIS: Multipole::Multipole_Calc
  0.2      36.8    35.2    39.3   ODESolvers::Solve::lincomb
  0.1      30.1    28.6    31.4   CallFunction Z4c_PostStepGroup: Z4c::Z4c_Enforce
  0.1      27.9    26.7    29.2   [0055] Z4c: Z4c_Enforce in ODESolvers_PostStep
  0.1      26.8    25.6    27.9   CallFunction TmunuBaseX_SetTmunuVars: TmunuBaseX::TmunuBaseX_ZeroTmunu
  0.1      26.2     4.6    46.1   [0061] CarpetX: CarpetX_Checkpoint in CCTK_CHECKPOINT
  0.1      26.2     4.6    46.1   CallFunction CCTK_CHECKPOINT: CarpetX::CarpetX_Checkpoint
  0.1      25.5    24.2    26.7   [0057] TmunuBaseX: TmunuBaseX_ZeroTmunu in ODESolvers_PostStep
  0.1      22.7    19.8    25.9   [0036] Z4c: Z4c_ADM2 in CCTK_POSTINITIAL
  0.1      21.9    18.3    26.3   [0031] Z4c: Z4c_ADM2 in CCTK_INITIAL
  0.1      19.4    16.8    22.7   [0054] Z4c: Z4c_apply_newradx_boundary_conditions in ODESolvers_RHS
  0.1      19.4    16.8    22.7   CallFunction Z4c_RHSGroup: Z4c::Z4c_apply_newradx_boundary_conditions
  0.0      10.4    10.0    10.7   EvolveRegrid
  0.0       8.1     7.2     9.7   [0040] Z4c: Z4c_ADM2 in CCTK_POSTREGRID
  0.0       5.4     4.8     5.8   [0060] WeylScal4: WeylScal4_psi4_calc_4th in CCTK_EVOL
  0.0       5.4     4.7     5.8   CallFunction CCTK_EVOL: WeylScal4::WeylScal4_psi4_calc_4th
  0.0       4.7     4.3     5.1   [0045] BoxInBox: EstimateError in CCTK_POSTSTEP
  0.0       4.7     4.3     5.1   CallFunction CCTK_POSTSTEP: BoxInBox::EstimateError
  0.0       4.5     4.2     5.1   [0041] AHFinderDirect: AHFinderDirect_import_mask in CCTK_POSTSTEP
  0.0       4.5     4.2     5.1   CallFunction CCTK_POSTSTEP: AHFinderDirect::AHFinderDirect_import_mask
  0.0       3.4     3.0     4.6   Checkpoint
  0.0       3.4     3.0     4.6   OutputOpenPMD
  0.0       1.9     1.9     2.0   InitialiseRegrid [coarse]
  0.0       1.5     1.3     1.8   prolongate_3d_rf2<[vertex,vertex,vertex],[poly,poly,poly],[5,5,5,none]>[thread=1]
  0.0       1.5     1.1     1.9   [0034] Z4c: Z4c_ADM in CCTK_POSTINITIAL
  0.0       1.4     1.1     2.0   [0030] Z4c: Z4c_ADM in CCTK_INITIAL
  0.0       1.3     1.1     1.6   [0028] Z4c: Z4c_Initial2 in CCTK_INITIAL
  0.0       1.3     1.1     1.6   CallFunction Z4c_InitialGroup: Z4c::Z4c_Initial2
  0.0       1.0     0.7     1.6   prolongate_3d_rf2<[vertex,vertex,vertex],[poly,poly,poly],[5,5,5,none]>[thread=2]
  0.0       0.9     0.7     1.0   [0038] Z4c: Z4c_ADM in CCTK_POSTREGRID
  0.0       0.7     0.7     0.9   [0037] Z4c: Z4c_Enforce in CCTK_POSTREGRID
  0.0       0.7     0.3     1.1   prolongate_3d_rf2<[vertex,vertex,vertex],[poly,poly,poly],[5,5,5,none]>[thread=3]
  0.0       0.7     0.6     0.8   [0033] Z4c: Z4c_Enforce in CCTK_POSTINITIAL
  0.0       0.7     0.6     0.8   [0029] Z4c: Z4c_Enforce in CCTK_INITIAL
  0.0       0.7     0.5     0.8   [0027] Z4c: Z4c_Initial1 in CCTK_INITIAL
  0.0       0.7     0.5     0.8   CallFunction Z4c_InitialGroup: Z4c::Z4c_Initial1
  0.0       0.6     0.5     0.8   [0035] TmunuBaseX: TmunuBaseX_ZeroTmunu in CCTK_POSTINITIAL
  0.0       0.5     0.2     0.7   prolongate_3d_rf2<[vertex,vertex,vertex],[poly,poly,poly],[5,5,5,none]>[thread=4]
  0.0       0.5     0.3     0.7   [0017] AHFinderDirect: AHFinderDirect_import_mask in CCTK_INITIAL
  0.0       0.5     0.3     0.7   CallFunction CCTK_INITIAL: AHFinderDirect::AHFinderDirect_import_mask
  0.0       0.5     0.4     0.5   [0012] CoordinatesX: CoordinatesX_Setup in CCTK_BASEGRID
  0.0       0.5     0.4     0.5   CallFunction CCTK_BASEGRID: CoordinatesX::CoordinatesX_Setup
  0.0       0.5     0.4     0.5   [0032] BoxInBox: EstimateError in CCTK_POSTINITIAL
  0.0       0.5     0.4     0.5   CallFunction CCTK_POSTINITIAL: BoxInBox::EstimateError
  0.0       0.4     0.3     0.5   [0026] TmunuBaseX: TmunuBaseX_ZeroTmunu in CCTK_INITIAL
  0.0       0.4     0.3     0.5   [0011] CarpetXRegrid: CarpetXRegrid_InitError in CCTK_BASEGRID
  0.0       0.4     0.3     0.5   CallFunction CCTK_BASEGRID: CarpetXRegrid::CarpetXRegrid_InitError
  0.0       0.4     0.3     0.5   [0039] TmunuBaseX: TmunuBaseX_ZeroTmunu in CCTK_POSTREGRID
  0.0       0.4     0.2     0.6   prolongate_3d_rf2<[vertex,vertex,vertex],[poly,poly,poly],[5,5,5,none]>[thread=5]
  0.0       0.3     0.2     0.4   [0022] ADMBaseX: ADMBaseX_initial_shift in CCTK_INITIAL
  0.0       0.3     0.2     0.4   CallFunction ADMBaseX_InitialGauge: ADMBaseX::ADMBaseX_initial_shift
  0.0       0.3     0.3     0.5   [0023] ADMBaseX: ADMBaseX_initial_dtshift in CCTK_INITIAL
  0.0       0.3     0.3     0.5   CallFunction ADMBaseX_InitialGauge: ADMBaseX::ADMBaseX_initial_dtshift
  0.0       0.3     0.2     0.4   [0021] ADMBaseX: ADMBaseX_initial_dtlapse in CCTK_INITIAL
  0.0       0.3     0.2     0.4   CallFunction ADMBaseX_InitialGauge: ADMBaseX::ADMBaseX_initial_dtlapse
  0.0       0.3     0.0     0.6   prolongate_3d_rf2<[vertex,vertex,vertex],[poly,poly,poly],[5,5,5,none]>[thread=6]
  0.0       0.2     0.2     0.4   [0050] TimerReport: zzz_TimerReport_Output in CCTK_ANALYSIS
  0.0       0.2     0.2     0.4   CallFunction CCTK_ANALYSIS: TimerReport::zzz_TimerReport_Output
  0.0       0.2     0.2     0.3   [0006] Multipole: Multipole_Setup in CCTK_WRAGH
  0.0       0.2     0.2     0.3   CallFunction CCTK_WRAGH: Multipole::Multipole_Setup
  0.0       0.1     0.1     0.1   RecoverParameters
  0.0       0.1     0.1     0.1   InputOpenPMDParameters
  0.0       0.0     0.0     0.1   ODESolvers::Solve::setup
  0.0       0.0     0.0     0.1   [0048] CarpetX: CarpetX_CheckpointInitial in CCTK_CPINITIAL
  0.0       0.0     0.0     0.1   CallFunction CCTK_CPINITIAL: CarpetX::CarpetX_CheckpointInitial
  0.0       0.0     0.0     0.1   [0043] AHFinderDirect: AHFinderDirect_store in CCTK_POSTSTEP
  0.0       0.0     0.0     0.1   CallFunction CCTK_POSTSTEP: AHFinderDirect::AHFinderDirect_store
  0.0       0.0     0.0     0.1   [0010] AHFinderDirect: AHFinderDirect_setup in CCTK_BASEGRID
  0.0       0.0     0.0     0.1   CallFunction CCTK_BASEGRID: AHFinderDirect::AHFinderDirect_setup
  0.0       0.0     0.0     0.1   [0044] AHFinderDirect: AHFinderDirect_save in CCTK_POSTSTEP
======================================================================
INFO (CarpetX): OutputGH: iteration 64, time 0.468750, run time 27541 s
INFO (CarpetX): OutputGH done.
INFO (CarpetX): Simulation time: 0.46875   Iterations per second: 0.00131056   Simulation time per second: 9.59886e-06
INFO (CarpetX): Grid cells: 1.07643e+07   Grid cell updates per second: 14107.3
INFO (CarpetX): Performance:
INFO (CarpetX):   total evolution time:            25849.9 sec
INFO (CarpetX):   total evolution compute time:    25603.4 sec
INFO (CarpetX):   total evolution output time:     246.472 sec
INFO (CarpetX):   total iterations:                64
INFO (CarpetX):   total cells updated:             6.88914e+08
INFO (CarpetX):   average iterations per second: 0.00247584
INFO (CarpetX):   average cell updates per second: 26650.6
INFO (CarpetX): OutputGH: iteration 65, time 0.476074, run time 28068 s
INFO (CarpetX): OutputGH done.
INFO (CarpetX): Simulation time: 0.476074   Iterations per second: 0.00248155   Simulation time per second: 1.81754e-05
INFO (CarpetX): Grid cells: 1.07643e+07   Grid cell updates per second: 26712.1
INFO (CarpetX): Performance:
INFO (CarpetX):   total evolution time:            26252.8 sec
INFO (CarpetX):   total evolution compute time:    26006.4 sec
INFO (CarpetX):   total evolution output time:     246.472 sec
INFO (CarpetX):   total iterations:                65
INFO (CarpetX):   total cells updated:             6.99679e+08
INFO (CarpetX):   average iterations per second: 0.00247592
INFO (CarpetX):   average cell updates per second: 26651.6
INFO (CarpetX): OutputGH: iteration 66, time 0.483398, run time 28458 s
INFO (CarpetX): OutputGH done.
INFO (CarpetX): Simulation time: 0.483398   Iterations per second: 0.00256477   Simulation time per second: 1.87849e-05
INFO (CarpetX): Grid cells: 1.07643e+07   Grid cell updates per second: 27607.9
INFO (CarpetX): Performance:
INFO (CarpetX):   total evolution time:            26642.7 sec
INFO (CarpetX):   total evolution compute time:    26396.3 sec
INFO (CarpetX):   total evolution output time:     246.472 sec
INFO (CarpetX):   total iterations:                66
INFO (CarpetX):   total cells updated:             7.10443e+08
INFO (CarpetX):   average iterations per second: 0.00247722
INFO (CarpetX):   average cell updates per second: 26665.6
INFO (CarpetX): OutputGH: iteration 67, time 0.490723, run time 28854 s
INFO (CarpetX): OutputGH done.
INFO (CarpetX): Simulation time: 0.490723   Iterations per second: 0.0025548   Simulation time per second: 1.87119e-05
INFO (CarpetX): Grid cells: 1.07643e+07   Grid cell updates per second: 27500.6
INFO (CarpetX): Performance:
INFO (CarpetX):   total evolution time:            27034.1 sec
INFO (CarpetX):   total evolution compute time:    26787.7 sec
INFO (CarpetX):   total evolution output time:     246.472 sec
INFO (CarpetX):   total iterations:                67
INFO (CarpetX):   total cells updated:             7.21207e+08
INFO (CarpetX):   average iterations per second: 0.00247835
INFO (CarpetX):   average cell updates per second: 26677.6
INFO (CarpetX): OutputGH: iteration 68, time 0.498047, run time 29253 s
INFO (CarpetX): OutputGH done.
INFO (CarpetX): Simulation time: 0.498047   Iterations per second: 0.00250821   Simulation time per second: 1.83707e-05
INFO (CarpetX): Grid cells: 1.07643e+07   Grid cell updates per second: 26999.1
INFO (CarpetX): Performance:
INFO (CarpetX):   total evolution time:            27432.8 sec
INFO (CarpetX):   total evolution compute time:    27186.4 sec
INFO (CarpetX):   total evolution output time:     246.473 sec
INFO (CarpetX):   total iterations:                68
INFO (CarpetX):   total cells updated:             7.31972e+08
INFO (CarpetX):   average iterations per second: 0.00247878
INFO (CarpetX):   average cell updates per second: 26682.3
INFO (CarpetX): OutputGH: iteration 69, time 0.505371, run time 29645 s
INFO (CarpetX): OutputGH done.
INFO (CarpetX): Simulation time: 0.505371   Iterations per second: 0.00257182   Simulation time per second: 1.88366e-05
INFO (CarpetX): Grid cells: 1.07643e+07   Grid cell updates per second: 27683.9
INFO (CarpetX): Performance:
INFO (CarpetX):   total evolution time:            27821.7 sec
INFO (CarpetX):   total evolution compute time:    27575.2 sec
INFO (CarpetX):   total evolution output time:     246.473 sec
INFO (CarpetX):   total iterations:                69
INFO (CarpetX):   total cells updated:             7.42736e+08
INFO (CarpetX):   average iterations per second: 0.00248008
INFO (CarpetX):   average cell updates per second: 26696.3
INFO (CarpetX): OutputGH: iteration 70, time 0.512695, run time 30050 s
INFO (CarpetX): OutputGH done.
INFO (CarpetX): Simulation time: 0.512695   Iterations per second: 0.00248786   Simulation time per second: 1.82216e-05
INFO (CarpetX): Grid cells: 1.07643e+07   Grid cell updates per second: 26780.1
INFO (CarpetX): Performance:
INFO (CarpetX):   total evolution time:            28223.6 sec
INFO (CarpetX):   total evolution compute time:    27977.1 sec
INFO (CarpetX):   total evolution output time:     246.473 sec
INFO (CarpetX):   total iterations:                70
INFO (CarpetX):   total cells updated:             7.535e+08
INFO (CarpetX):   average iterations per second: 0.00248019
INFO (CarpetX):   average cell updates per second: 26697.5
INFO (CarpetX): OutputGH: iteration 71, time 0.520020, run time 30453 s
INFO (CarpetX): OutputGH done.
INFO (CarpetX): Simulation time: 0.52002   Iterations per second: 0.00248258   Simulation time per second: 1.81829e-05
INFO (CarpetX): Grid cells: 1.07643e+07   Grid cell updates per second: 26723.2
INFO (CarpetX): Performance:
INFO (CarpetX):   total evolution time:            28626.4 sec
INFO (CarpetX):   total evolution compute time:    28380 sec
INFO (CarpetX):   total evolution output time:     246.473 sec
INFO (CarpetX):   total iterations:                71
INFO (CarpetX):   total cells updated:             7.64264e+08
INFO (CarpetX):   average iterations per second: 0.00248023
INFO (CarpetX):   average cell updates per second: 26697.9
INFO (CarpetX): OutputGH: iteration 72, time 0.527344, run time 30848 s
INFO (CarpetX): OutputGH done.
INFO (CarpetX): Simulation time: 0.527344   Iterations per second: 0.00253831   Simulation time per second: 1.85911e-05
INFO (CarpetX): Grid cells: 1.07643e+07   Grid cell updates per second: 27323.1
INFO (CarpetX): Performance:
INFO (CarpetX):   total evolution time:            29020.4 sec
INFO (CarpetX):   total evolution compute time:    28773.9 sec
INFO (CarpetX):   total evolution output time:     246.473 sec
INFO (CarpetX):   total iterations:                72
INFO (CarpetX):   total cells updated:             7.75029e+08
INFO (CarpetX):   average iterations per second: 0.00248101
INFO (CarpetX):   average cell updates per second: 26706.4
INFO (CarpetX): OutputGH: iteration 73, time 0.534668, run time 31246 s
INFO (CarpetX): OutputGH done.
INFO (CarpetX): Simulation time: 0.534668   Iterations per second: 0.00253215   Simulation time per second: 1.8546e-05
INFO (CarpetX): Grid cells: 1.07643e+07   Grid cell updates per second: 27256.8
INFO (CarpetX): Performance:
INFO (CarpetX):   total evolution time:            29415.3 sec
INFO (CarpetX):   total evolution compute time:    29168.8 sec
INFO (CarpetX):   total evolution output time:     246.473 sec
INFO (CarpetX):   total iterations:                73
INFO (CarpetX):   total cells updated:             7.85793e+08
INFO (CarpetX):   average iterations per second: 0.0024817
INFO (CarpetX):   average cell updates per second: 26713.7
INFO (CarpetX): OutputGH: iteration 74, time 0.541992, run time 31639 s
INFO (CarpetX): OutputGH done.
INFO (CarpetX): Simulation time: 0.541992   Iterations per second: 0.00257428   Simulation time per second: 1.88546e-05
INFO (CarpetX): Grid cells: 1.07643e+07   Grid cell updates per second: 27710.3
INFO (CarpetX): Performance:
INFO (CarpetX):   total evolution time:            29803.8 sec
INFO (CarpetX):   total evolution compute time:    29557.3 sec
INFO (CarpetX):   total evolution output time:     246.473 sec
INFO (CarpetX):   total iterations:                74
INFO (CarpetX):   total cells updated:             7.96557e+08
INFO (CarpetX):   average iterations per second: 0.00248291
INFO (CarpetX):   average cell updates per second: 26726.7
INFO (CarpetX): OutputGH: iteration 75, time 0.549316, run time 32027 s
INFO (CarpetX): OutputGH done.
INFO (CarpetX): Simulation time: 0.549316   Iterations per second: 0.0025978   Simulation time per second: 1.90269e-05
INFO (CarpetX): Grid cells: 1.07643e+07   Grid cell updates per second: 27963.5
INFO (CarpetX): Performance:
INFO (CarpetX):   total evolution time:            30188.7 sec
INFO (CarpetX):   total evolution compute time:    29942.2 sec
INFO (CarpetX):   total evolution output time:     246.473 sec
INFO (CarpetX):   total iterations:                75
INFO (CarpetX):   total cells updated:             8.07322e+08
INFO (CarpetX):   average iterations per second: 0.00248437
INFO (CarpetX):   average cell updates per second: 26742.5
INFO (CarpetX): OutputGH: iteration 76, time 0.556641, run time 32417 s
INFO (CarpetX): OutputGH done.
INFO (CarpetX): Simulation time: 0.556641   Iterations per second: 0.00256939   Simulation time per second: 1.88188e-05
INFO (CarpetX): Grid cells: 1.07643e+07   Grid cell updates per second: 27657.7
INFO (CarpetX): Performance:
INFO (CarpetX):   total evolution time:            30577.9 sec
INFO (CarpetX):   total evolution compute time:    30331.4 sec
INFO (CarpetX):   total evolution output time:     246.473 sec
INFO (CarpetX):   total iterations:                76
INFO (CarpetX):   total cells updated:             8.18086e+08
INFO (CarpetX):   average iterations per second: 0.00248545
INFO (CarpetX):   average cell updates per second: 26754.1
INFO (CarpetX): OutputGH: iteration 77, time 0.563965, run time 32819 s
INFO (CarpetX): OutputGH done.
INFO (CarpetX): Simulation time: 0.563965   Iterations per second: 0.00250804   Simulation time per second: 1.83695e-05
INFO (CarpetX): Grid cells: 1.07643e+07   Grid cell updates per second: 26997.3
INFO (CarpetX): Performance:
INFO (CarpetX):   total evolution time:            30976.6 sec
INFO (CarpetX):   total evolution compute time:    30730.2 sec
INFO (CarpetX):   total evolution output time:     246.473 sec
INFO (CarpetX):   total iterations:                77
INFO (CarpetX):   total cells updated:             8.2885e+08
INFO (CarpetX):   average iterations per second: 0.00248575
INFO (CarpetX):   average cell updates per second: 26757.3
INFO (CarpetX): OutputGH: iteration 78, time 0.571289, run time 33208 s
INFO (CarpetX): OutputGH done.
INFO (CarpetX): Simulation time: 0.571289   Iterations per second: 0.00257824   Simulation time per second: 1.88836e-05
INFO (CarpetX): Grid cells: 1.07643e+07   Grid cell updates per second: 27752.9
INFO (CarpetX): Performance:
INFO (CarpetX):   total evolution time:            31364.5 sec
INFO (CarpetX):   total evolution compute time:    31118 sec
INFO (CarpetX):   total evolution output time:     246.473 sec
INFO (CarpetX):   total iterations:                78
INFO (CarpetX):   total cells updated:             8.39614e+08
INFO (CarpetX):   average iterations per second: 0.00248689
INFO (CarpetX):   average cell updates per second: 26769.6
INFO (CarpetX): OutputGH: iteration 79, time 0.578613, run time 33610 s
INFO (CarpetX): OutputGH done.
INFO (CarpetX): Simulation time: 0.578613   Iterations per second: 0.00251078   Simulation time per second: 1.83895e-05
INFO (CarpetX): Grid cells: 1.07643e+07   Grid cell updates per second: 27026.8
INFO (CarpetX): Performance:
INFO (CarpetX):   total evolution time:            31762.8 sec
INFO (CarpetX):   total evolution compute time:    31516.3 sec
INFO (CarpetX):   total evolution output time:     246.474 sec
INFO (CarpetX):   total iterations:                79
INFO (CarpetX):   total cells updated:             8.50379e+08
INFO (CarpetX):   average iterations per second: 0.00248719
INFO (CarpetX):   average cell updates per second: 26772.8
INFO (CarpetX): OutputGH: iteration 80, time 0.585938, run time 34004 s
INFO (CarpetX): OutputGH done.
INFO (CarpetX): Simulation time: 0.585938   Iterations per second: 0.00253943   Simulation time per second: 1.85993e-05
INFO (CarpetX): Grid cells: 1.07643e+07   Grid cell updates per second: 27335.2
INFO (CarpetX): Performance:
INFO (CarpetX):   total evolution time:            32156.6 sec
INFO (CarpetX):   total evolution compute time:    31910.1 sec
INFO (CarpetX):   total evolution output time:     246.484 sec
INFO (CarpetX):   total iterations:                80
INFO (CarpetX):   total cells updated:             8.61143e+08
INFO (CarpetX):   average iterations per second: 0.00248783
INFO (CarpetX):   average cell updates per second: 26779.7
INFO (CarpetX): OutputGH: iteration 81, time 0.593262, run time 34394 s
INFO (CarpetX): OutputGH done.
INFO (CarpetX): Simulation time: 0.593262   Iterations per second: 0.00256668   Simulation time per second: 1.87989e-05
INFO (CarpetX): Grid cells: 1.07643e+07   Grid cell updates per second: 27628.5
INFO (CarpetX): Performance:
INFO (CarpetX):   total evolution time:            32546.2 sec
INFO (CarpetX):   total evolution compute time:    32299.7 sec
INFO (CarpetX):   total evolution output time:     246.484 sec
INFO (CarpetX):   total iterations:                81
INFO (CarpetX):   total cells updated:             8.71907e+08
INFO (CarpetX):   average iterations per second: 0.00248877
INFO (CarpetX):   average cell updates per second: 26789.9
INFO (CarpetX): OutputGH: iteration 82, time 0.600586, run time 34788 s
INFO (CarpetX): OutputGH done.
INFO (CarpetX): Simulation time: 0.600586   Iterations per second: 0.00256787   Simulation time per second: 1.88076e-05
INFO (CarpetX): Grid cells: 1.07643e+07   Grid cell updates per second: 27641.3
INFO (CarpetX): Performance:
INFO (CarpetX):   total evolution time:            32935.6 sec
INFO (CarpetX):   total evolution compute time:    32689.1 sec
INFO (CarpetX):   total evolution output time:     246.484 sec
INFO (CarpetX):   total iterations:                82
INFO (CarpetX):   total cells updated:             8.82672e+08
INFO (CarpetX):   average iterations per second: 0.00248971
INFO (CarpetX):   average cell updates per second: 26799.9
INFO (CarpetX): OutputGH: iteration 83, time 0.607910, run time 35177 s
INFO (CarpetX): OutputGH done.
INFO (CarpetX): Simulation time: 0.60791   Iterations per second: 0.00258685   Simulation time per second: 1.89467e-05
INFO (CarpetX): Grid cells: 1.07643e+07   Grid cell updates per second: 27845.6
INFO (CarpetX): Performance:
INFO (CarpetX):   total evolution time:            33322.2 sec
INFO (CarpetX):   total evolution compute time:    33075.7 sec
INFO (CarpetX):   total evolution output time:     246.484 sec
INFO (CarpetX):   total iterations:                83
INFO (CarpetX):   total cells updated:             8.93436e+08
INFO (CarpetX):   average iterations per second: 0.00249083
INFO (CarpetX):   average cell updates per second: 26812.1
INFO (CarpetX): OutputGH: iteration 84, time 0.615234, run time 35560 s
INFO (CarpetX): OutputGH done.
INFO (CarpetX): Simulation time: 0.615234   Iterations per second: 0.00263486   Simulation time per second: 1.92983e-05
INFO (CarpetX): Grid cells: 1.07643e+07   Grid cell updates per second: 28362.4
INFO (CarpetX): Performance:
INFO (CarpetX):   total evolution time:            33701.7 sec
INFO (CarpetX):   total evolution compute time:    33455.2 sec
INFO (CarpetX):   total evolution output time:     246.484 sec
INFO (CarpetX):   total iterations:                84
INFO (CarpetX):   total cells updated:             9.042e+08
INFO (CarpetX):   average iterations per second: 0.00249246
INFO (CarpetX):   average cell updates per second: 26829.5
INFO (CarpetX): OutputGH: iteration 85, time 0.622559, run time 35955 s
INFO (CarpetX): OutputGH done.
INFO (CarpetX): Simulation time: 0.622559   Iterations per second: 0.00254918   Simulation time per second: 1.86707e-05
INFO (CarpetX): Grid cells: 1.07643e+07   Grid cell updates per second: 27440.1
INFO (CarpetX): Performance:
INFO (CarpetX):   total evolution time:            34094 sec
INFO (CarpetX):   total evolution compute time:    33847.5 sec
INFO (CarpetX):   total evolution output time:     246.484 sec
INFO (CarpetX):   total iterations:                85
INFO (CarpetX):   total cells updated:             9.14964e+08
INFO (CarpetX):   average iterations per second: 0.00249311
INFO (CarpetX):   average cell updates per second: 26836.5
INFO (CarpetX): OutputGH: iteration 86, time 0.629883, run time 36350 s
INFO (CarpetX): OutputGH done.
INFO (CarpetX): Simulation time: 0.629883   Iterations per second: 0.00254999   Simulation time per second: 1.86767e-05
INFO (CarpetX): Grid cells: 1.07643e+07   Grid cell updates per second: 27448.8
INFO (CarpetX): Performance:
INFO (CarpetX):   total evolution time:            34486.1 sec
INFO (CarpetX):   total evolution compute time:    34239.6 sec
INFO (CarpetX):   total evolution output time:     246.484 sec
INFO (CarpetX):   total iterations:                86
INFO (CarpetX):   total cells updated:             9.25729e+08
INFO (CarpetX):   average iterations per second: 0.00249376
INFO (CarpetX):   average cell updates per second: 26843.5
INFO (CarpetX): OutputGH: iteration 87, time 0.637207, run time 36742 s
INFO (CarpetX): OutputGH done.
INFO (CarpetX): Simulation time: 0.637207   Iterations per second: 0.00255516   Simulation time per second: 1.87145e-05
INFO (CarpetX): Grid cells: 1.07643e+07   Grid cell updates per second: 27504.4
INFO (CarpetX): Performance:
INFO (CarpetX):   total evolution time:            34877.5 sec
INFO (CarpetX):   total evolution compute time:    34631 sec
INFO (CarpetX):   total evolution output time:     246.485 sec
INFO (CarpetX):   total iterations:                87
INFO (CarpetX):   total cells updated:             9.36493e+08
INFO (CarpetX):   average iterations per second: 0.00249444
INFO (CarpetX):   average cell updates per second: 26850.9
INFO (CarpetX): OutputGH: iteration 88, time 0.644531, run time 37137 s
INFO (CarpetX): OutputGH done.
INFO (CarpetX): Simulation time: 0.644531   Iterations per second: 0.00254789   Simulation time per second: 1.86613e-05
INFO (CarpetX): Grid cells: 1.07643e+07   Grid cell updates per second: 27426.2
INFO (CarpetX): Performance:
INFO (CarpetX):   total evolution time:            35270 sec
INFO (CarpetX):   total evolution compute time:    35023.5 sec
INFO (CarpetX):   total evolution output time:     246.485 sec
INFO (CarpetX):   total iterations:                88
INFO (CarpetX):   total cells updated:             9.47257e+08
INFO (CarpetX):   average iterations per second: 0.00249504
INFO (CarpetX):   average cell updates per second: 26857.3
INFO (CarpetX): OutputGH: iteration 89, time 0.651855, run time 37535 s
INFO (CarpetX): OutputGH done.
INFO (CarpetX): Simulation time: 0.651855   Iterations per second: 0.00253247   Simulation time per second: 1.85484e-05
INFO (CarpetX): Grid cells: 1.07643e+07   Grid cell updates per second: 27260.2
INFO (CarpetX): Performance:
INFO (CarpetX):   total evolution time:            35664.9 sec
INFO (CarpetX):   total evolution compute time:    35418.4 sec
INFO (CarpetX):   total evolution output time:     246.485 sec
INFO (CarpetX):   total iterations:                89
INFO (CarpetX):   total cells updated:             9.58022e+08
INFO (CarpetX):   average iterations per second: 0.00249545
INFO (CarpetX):   average cell updates per second: 26861.8
INFO (CarpetX): OutputGH: iteration 90, time 0.659180, run time 37935 s
INFO (CarpetX): OutputGH done.
INFO (CarpetX): Simulation time: 0.65918   Iterations per second: 0.00251275   Simulation time per second: 1.84039e-05
INFO (CarpetX): Grid cells: 1.07643e+07   Grid cell updates per second: 27047.9
INFO (CarpetX): Performance:
INFO (CarpetX):   total evolution time:            36062.8 sec
INFO (CarpetX):   total evolution compute time:    35816.3 sec
INFO (CarpetX):   total evolution output time:     246.485 sec
INFO (CarpetX):   total iterations:                90
INFO (CarpetX):   total cells updated:             9.68786e+08
INFO (CarpetX):   average iterations per second: 0.00249564
INFO (CarpetX):   average cell updates per second: 26863.8
INFO (CarpetX): OutputGH: iteration 91, time 0.666504, run time 38329 s
INFO (CarpetX): OutputGH done.
INFO (CarpetX): Simulation time: 0.666504   Iterations per second: 0.00255284   Simulation time per second: 1.86976e-05
INFO (CarpetX): Grid cells: 1.07643e+07   Grid cell updates per second: 27479.5
INFO (CarpetX): Performance:
INFO (CarpetX):   total evolution time:            36454.5 sec
INFO (CarpetX):   total evolution compute time:    36208.1 sec
INFO (CarpetX):   total evolution output time:     246.485 sec
INFO (CarpetX):   total iterations:                91
INFO (CarpetX):   total cells updated:             9.7955e+08
INFO (CarpetX):   average iterations per second: 0.00249626
INFO (CarpetX):   average cell updates per second: 26870.5
INFO (CarpetX): OutputGH: iteration 92, time 0.673828, run time 38717 s
INFO (CarpetX): OutputGH done.
INFO (CarpetX): Simulation time: 0.673828   Iterations per second: 0.0026042   Simulation time per second: 1.90738e-05
INFO (CarpetX): Grid cells: 1.07643e+07   Grid cell updates per second: 28032.4
INFO (CarpetX): Performance:
INFO (CarpetX):   total evolution time:            36838.5 sec
INFO (CarpetX):   total evolution compute time:    36592.1 sec
INFO (CarpetX):   total evolution output time:     246.485 sec
INFO (CarpetX):   total iterations:                92
INFO (CarpetX):   total cells updated:             9.90314e+08
INFO (CarpetX):   average iterations per second: 0.00249738
INFO (CarpetX):   average cell updates per second: 26882.6
INFO (CarpetX): OutputGH: iteration 93, time 0.681152, run time 39107 s
INFO (CarpetX): OutputGH done.
INFO (CarpetX): Simulation time: 0.681152   Iterations per second: 0.00257273   Simulation time per second: 1.88432e-05
INFO (CarpetX): Grid cells: 1.07643e+07   Grid cell updates per second: 27693.6
INFO (CarpetX): Performance:
INFO (CarpetX):   total evolution time:            37227.2 sec
INFO (CarpetX):   total evolution compute time:    36980.7 sec
INFO (CarpetX):   total evolution output time:     246.485 sec
INFO (CarpetX):   total iterations:                93
INFO (CarpetX):   total cells updated:             1.00108e+09
INFO (CarpetX):   average iterations per second: 0.00249817
INFO (CarpetX):   average cell updates per second: 26891
INFO (CarpetX): OutputGH: iteration 94, time 0.688477, run time 39505 s
INFO (CarpetX): OutputGH done.
INFO (CarpetX): Simulation time: 0.688477   Iterations per second: 0.0025249   Simulation time per second: 1.84929e-05
INFO (CarpetX): Grid cells: 1.07643e+07   Grid cell updates per second: 27178.7
INFO (CarpetX): Performance:
INFO (CarpetX):   total evolution time:            37623.3 sec
INFO (CarpetX):   total evolution compute time:    37376.8 sec
INFO (CarpetX):   total evolution output time:     246.485 sec
INFO (CarpetX):   total iterations:                94
INFO (CarpetX):   total cells updated:             1.01184e+09
INFO (CarpetX):   average iterations per second: 0.00249845
INFO (CarpetX):   average cell updates per second: 26894.1
INFO (CarpetX): OutputGH: iteration 95, time 0.695801, run time 39907 s
INFO (CarpetX): OutputGH done.
INFO (CarpetX): Simulation time: 0.695801   Iterations per second: 0.00251366   Simulation time per second: 1.84106e-05
INFO (CarpetX): Grid cells: 1.07643e+07   Grid cell updates per second: 27057.8
INFO (CarpetX): Performance:
INFO (CarpetX):   total evolution time:            38021.1 sec
INFO (CarpetX):   total evolution compute time:    37774.6 sec
INFO (CarpetX):   total evolution output time:     246.485 sec
INFO (CarpetX):   total iterations:                95
INFO (CarpetX):   total cells updated:             1.02261e+09
INFO (CarpetX):   average iterations per second: 0.00249861
INFO (CarpetX):   average cell updates per second: 26895.8
INFO (AHFinderDirect): proc 0: searching for horizon 1/3
INFO (AHFinderDirect): AH 1/3: r=0.220385 at (15.167778,0.008276,0.000000)
INFO (AHFinderDirect): AH 1/3: area=9.692977092 m_irreducible=0.4391305639
INFO (AHFinderDirect): AH 2/3: r=0.220385 at (-15.167778,-0.008276,-0.000000)
INFO (AHFinderDirect): AH 2/3: area=9.692977092 m_irreducible=0.4391305639
INFO (TimerReport): Timer Report at iteration 96 time 0.703125
INFO (TimerReport): Top timers at iteration 96 time 0.703125
======================================================================
    %    Time/s   Min/s   Max/s   Timer (gettimeofday)
======================================================================
100.0   35719.9 35691.2 35754.3   [0052] ODESolvers: ODESolvers_Solve in CCTK_EVOL
100.0   35719.9 35691.2 35754.3   CallFunction CCTK_EVOL: ODESolvers::ODESolvers_Solve
100.0   35719.9 35691.2 35754.3   ODESolvers::Solve
 99.8   35643.2 35613.0 35677.0   CallScheduleGroup
 94.0   33576.5 33441.7 33703.4   Sync
 93.6   33447.4 33370.4 33521.0   ODESolvers::Solve::poststep
 24.7    8824.7  8448.2  9422.3   Restrict
 24.7    8823.4  8447.3  9421.2   Restrict::average_down
  8.1    2904.4  2839.0  2953.1   apply_boundary_conditions
  6.1    2195.7  2121.2  2245.8   ODESolvers::Solve::rhs
  6.1    2166.5  2086.9  2215.9   [0053] Z4c: Z4c_RHS in ODESolvers_RHS
  6.1    2166.5  2086.9  2215.9   CallFunction Z4c_RHSGroup: Z4c::Z4c_RHS
  4.9    1758.5  1702.4  1817.9   CallFunction Z4c_PostStepGroup2: Z4c::Z4c_ADM2
  4.8    1705.9  1654.1  1765.2   [0058] Z4c: Z4c_ADM2 in ODESolvers_PostStep
  4.7    1672.1  1672.1  1672.1   Initialise
  2.6     922.7   920.6   924.5   [0042] AHFinderDirect: AHFinderDirect_find_horizons in CCTK_POSTSTEP
  2.6     922.7   920.6   924.5   CallFunction CCTK_POSTSTEP: AHFinderDirect::AHFinderDirect_find_horizons
  1.3     475.8   448.8   502.0   [0051] Z4c: Z4c_Constraints in CCTK_ANALYSIS
  1.3     475.8   448.7   502.0   CallFunction Z4c_AnalysisGroup: Z4c::Z4c_Constraints
  1.0     369.2   366.3   371.6   OutputGH
  1.0     369.1   366.3   371.6   OutputNorms
  1.0     343.5   332.4   355.6   [0019] TwoPuncturesX: TwoPuncturesX_TwoPunctures in CCTK_INITIAL
  1.0     343.5   332.4   355.6   CallFunction TwoPuncturesX_Group: TwoPuncturesX::TwoPuncturesX_TwoPunctures
  0.7     234.7   200.9   262.9   [0059] PunctureTracker: PunctureTracker_Track in CCTK_EVOL
  0.7     234.7   200.9   262.9   CallFunction CCTK_EVOL: PunctureTracker::PunctureTracker_Track
  0.6     217.3   215.1   219.9   InitialiseRegrid [refined]
  0.6     211.7    76.0   310.0   prolongate_3d_rf2<[vertex,vertex,vertex],[poly,poly,poly],[5,5,5,none]>[thread=0]
  0.3     119.5   109.2   133.2   CallFunction Z4c_PostStepGroup: Z4c::Z4c_ADM
  0.3     115.7   105.8   129.2   [0056] Z4c: Z4c_ADM in ODESolvers_PostStep
  0.2      56.4    56.2    56.6   [0049] Multipole: Multipole_Calc in CCTK_ANALYSIS
  0.2      56.3    56.2    56.6   CallFunction CCTK_ANALYSIS: Multipole::Multipole_Calc
  0.2      55.1    51.7    57.8   ODESolvers::Solve::lincomb
  0.1      44.1    42.3    46.5   CallFunction Z4c_PostStepGroup: Z4c::Z4c_Enforce
  0.1      42.0    40.4    44.3   [0055] Z4c: Z4c_Enforce in ODESolvers_PostStep
  0.1      39.5    37.7    41.4   CallFunction TmunuBaseX_SetTmunuVars: TmunuBaseX::TmunuBaseX_ZeroTmunu
  0.1      38.1    36.5    40.2   [0057] TmunuBaseX: TmunuBaseX_ZeroTmunu in ODESolvers_PostStep
  0.1      37.0     4.6    76.5   [0061] CarpetX: CarpetX_Checkpoint in CCTK_CHECKPOINT
  0.1      37.0     4.6    76.5   CallFunction CCTK_CHECKPOINT: CarpetX::CarpetX_Checkpoint
  0.1      29.2    25.1    34.3   [0054] Z4c: Z4c_apply_newradx_boundary_conditions in ODESolvers_RHS
  0.1      29.2    25.1    34.3   CallFunction Z4c_RHSGroup: Z4c::Z4c_apply_newradx_boundary_conditions
  0.1      22.7    19.8    25.9   [0036] Z4c: Z4c_ADM2 in CCTK_POSTINITIAL
  0.1      21.9    18.3    26.3   [0031] Z4c: Z4c_ADM2 in CCTK_INITIAL
  0.0      10.4    10.0    10.7   EvolveRegrid
  0.0       8.1     7.2     9.7   [0040] Z4c: Z4c_ADM2 in CCTK_POSTREGRID
  0.0       8.1     7.0     8.6   [0060] WeylScal4: WeylScal4_psi4_calc_4th in CCTK_EVOL
  0.0       8.1     6.9     8.6   CallFunction CCTK_EVOL: WeylScal4::WeylScal4_psi4_calc_4th
  0.0       7.0     6.5     7.7   [0045] BoxInBox: EstimateError in CCTK_POSTSTEP
  0.0       7.0     6.5     7.7   CallFunction CCTK_POSTSTEP: BoxInBox::EstimateError
  0.0       6.7     6.2     7.4   [0041] AHFinderDirect: AHFinderDirect_import_mask in CCTK_POSTSTEP
  0.0       6.7     6.2     7.4   CallFunction CCTK_POSTSTEP: AHFinderDirect::AHFinderDirect_import_mask
  0.0       3.4     3.0     4.6   Checkpoint
  0.0       3.4     3.0     4.6   OutputOpenPMD
  0.0       1.9     1.9     2.0   InitialiseRegrid [coarse]
  0.0       1.5     1.3     1.8   prolongate_3d_rf2<[vertex,vertex,vertex],[poly,poly,poly],[5,5,5,none]>[thread=1]
  0.0       1.5     1.1     1.9   [0034] Z4c: Z4c_ADM in CCTK_POSTINITIAL
  0.0       1.4     1.1     2.0   [0030] Z4c: Z4c_ADM in CCTK_INITIAL
  0.0       1.3     1.1     1.6   [0028] Z4c: Z4c_Initial2 in CCTK_INITIAL
  0.0       1.3     1.1     1.6   CallFunction Z4c_InitialGroup: Z4c::Z4c_Initial2
  0.0       1.0     0.7     1.6   prolongate_3d_rf2<[vertex,vertex,vertex],[poly,poly,poly],[5,5,5,none]>[thread=2]
  0.0       0.9     0.7     1.0   [0038] Z4c: Z4c_ADM in CCTK_POSTREGRID
  0.0       0.7     0.7     0.9   [0037] Z4c: Z4c_Enforce in CCTK_POSTREGRID
  0.0       0.7     0.3     1.1   prolongate_3d_rf2<[vertex,vertex,vertex],[poly,poly,poly],[5,5,5,none]>[thread=3]
  0.0       0.7     0.6     0.8   [0033] Z4c: Z4c_Enforce in CCTK_POSTINITIAL
  0.0       0.7     0.6     0.8   [0029] Z4c: Z4c_Enforce in CCTK_INITIAL
  0.0       0.7     0.5     0.8   [0027] Z4c: Z4c_Initial1 in CCTK_INITIAL
  0.0       0.7     0.5     0.8   CallFunction Z4c_InitialGroup: Z4c::Z4c_Initial1
  0.0       0.6     0.5     0.8   [0035] TmunuBaseX: TmunuBaseX_ZeroTmunu in CCTK_POSTINITIAL
  0.0       0.5     0.2     0.7   prolongate_3d_rf2<[vertex,vertex,vertex],[poly,poly,poly],[5,5,5,none]>[thread=4]
  0.0       0.5     0.3     0.7   [0017] AHFinderDirect: AHFinderDirect_import_mask in CCTK_INITIAL
  0.0       0.5     0.3     0.7   CallFunction CCTK_INITIAL: AHFinderDirect::AHFinderDirect_import_mask
  0.0       0.5     0.4     0.5   [0012] CoordinatesX: CoordinatesX_Setup in CCTK_BASEGRID
  0.0       0.5     0.4     0.5   CallFunction CCTK_BASEGRID: CoordinatesX::CoordinatesX_Setup
  0.0       0.5     0.4     0.5   [0032] BoxInBox: EstimateError in CCTK_POSTINITIAL
  0.0       0.5     0.4     0.5   CallFunction CCTK_POSTINITIAL: BoxInBox::EstimateError
  0.0       0.4     0.3     0.5   [0026] TmunuBaseX: TmunuBaseX_ZeroTmunu in CCTK_INITIAL
  0.0       0.4     0.3     0.5   [0011] CarpetXRegrid: CarpetXRegrid_InitError in CCTK_BASEGRID
  0.0       0.4     0.3     0.5   CallFunction CCTK_BASEGRID: CarpetXRegrid::CarpetXRegrid_InitError
  0.0       0.4     0.3     0.5   [0039] TmunuBaseX: TmunuBaseX_ZeroTmunu in CCTK_POSTREGRID
  0.0       0.4     0.2     0.6   prolongate_3d_rf2<[vertex,vertex,vertex],[poly,poly,poly],[5,5,5,none]>[thread=5]
  0.0       0.3     0.2     0.4   [0022] ADMBaseX: ADMBaseX_initial_shift in CCTK_INITIAL
  0.0       0.3     0.2     0.4   CallFunction ADMBaseX_InitialGauge: ADMBaseX::ADMBaseX_initial_shift
  0.0       0.3     0.3     0.5   [0023] ADMBaseX: ADMBaseX_initial_dtshift in CCTK_INITIAL
  0.0       0.3     0.3     0.5   CallFunction ADMBaseX_InitialGauge: ADMBaseX::ADMBaseX_initial_dtshift
  0.0       0.3     0.2     0.4   [0021] ADMBaseX: ADMBaseX_initial_dtlapse in CCTK_INITIAL
  0.0       0.3     0.2     0.4   CallFunction ADMBaseX_InitialGauge: ADMBaseX::ADMBaseX_initial_dtlapse
  0.0       0.3     0.0     0.6   prolongate_3d_rf2<[vertex,vertex,vertex],[poly,poly,poly],[5,5,5,none]>[thread=6]
  0.0       0.3     0.2     0.6   [0050] TimerReport: zzz_TimerReport_Output in CCTK_ANALYSIS
  0.0       0.3     0.2     0.6   CallFunction CCTK_ANALYSIS: TimerReport::zzz_TimerReport_Output
  0.0       0.2     0.2     0.3   [0006] Multipole: Multipole_Setup in CCTK_WRAGH
  0.0       0.2     0.2     0.3   CallFunction CCTK_WRAGH: Multipole::Multipole_Setup
  0.0       0.1     0.1     0.1   RecoverParameters
  0.0       0.1     0.1     0.1   InputOpenPMDParameters
  0.0       0.1     0.0     0.1   ODESolvers::Solve::setup
  0.0       0.0     0.0     0.1   [0043] AHFinderDirect: AHFinderDirect_store in CCTK_POSTSTEP
  0.0       0.0     0.0     0.1   CallFunction CCTK_POSTSTEP: AHFinderDirect::AHFinderDirect_store
  0.0       0.0     0.0     0.1   [0048] CarpetX: CarpetX_CheckpointInitial in CCTK_CPINITIAL
  0.0       0.0     0.0     0.1   CallFunction CCTK_CPINITIAL: CarpetX::CarpetX_CheckpointInitial
  0.0       0.0     0.0     0.1   [0010] AHFinderDirect: AHFinderDirect_setup in CCTK_BASEGRID
  0.0       0.0     0.0     0.1   CallFunction CCTK_BASEGRID: AHFinderDirect::AHFinderDirect_setup
  0.0       0.0     0.0     0.1   [0044] AHFinderDirect: AHFinderDirect_save in CCTK_POSTSTEP
======================================================================
INFO (CarpetX): OutputGH: iteration 96, time 0.703125, run time 40549 s
INFO (CarpetX): OutputGH done.
INFO (CarpetX): Simulation time: 0.703125   Iterations per second: 0.00131632   Simulation time per second: 9.64098e-06
INFO (CarpetX): Grid cells: 1.07643e+07   Grid cell updates per second: 14169.2
INFO (CarpetX): Performance:
INFO (CarpetX):   total evolution time:            38780.8 sec
INFO (CarpetX):   total evolution compute time:    38412.5 sec
INFO (CarpetX):   total evolution output time:     368.276 sec
INFO (CarpetX):   total iterations:                96
INFO (CarpetX):   total cells updated:             1.03337e+09
INFO (CarpetX):   average iterations per second: 0.00247545
INFO (CarpetX):   average cell updates per second: 26646.5
INFO (CarpetX): OutputGH: iteration 97, time 0.710449, run time 41058 s
INFO (CarpetX): OutputGH done.
INFO (CarpetX): Simulation time: 0.710449   Iterations per second: 0.00258667   Simulation time per second: 1.89453e-05
INFO (CarpetX): Grid cells: 1.07643e+07   Grid cell updates per second: 27843.6
INFO (CarpetX): Performance:
INFO (CarpetX):   total evolution time:            39167.4 sec
INFO (CarpetX):   total evolution compute time:    38799.1 sec
INFO (CarpetX):   total evolution output time:     368.276 sec
INFO (CarpetX):   total iterations:                97
INFO (CarpetX):   total cells updated:             1.04414e+09
INFO (CarpetX):   average iterations per second: 0.00247655
INFO (CarpetX):   average cell updates per second: 26658.3
INFO (CarpetX): OutputGH: iteration 98, time 0.717773, run time 41457 s
INFO (CarpetX): OutputGH done.
INFO (CarpetX): Simulation time: 0.717773   Iterations per second: 0.00253619   Simulation time per second: 1.85756e-05
INFO (CarpetX): Grid cells: 1.07643e+07   Grid cell updates per second: 27300.3
INFO (CarpetX): Performance:
INFO (CarpetX):   total evolution time:            39561.7 sec
INFO (CarpetX):   total evolution compute time:    39193.4 sec
INFO (CarpetX):   total evolution output time:     368.276 sec
INFO (CarpetX):   total iterations:                98
INFO (CarpetX):   total cells updated:             1.0549e+09
INFO (CarpetX):   average iterations per second: 0.00247714
INFO (CarpetX):   average cell updates per second: 26664.7
INFO (CarpetX): OutputGH: iteration 99, time 0.725098, run time 41844 s
INFO (CarpetX): OutputGH done.
INFO (CarpetX): Simulation time: 0.725098   Iterations per second: 0.00258866   Simulation time per second: 1.89599e-05
INFO (CarpetX): Grid cells: 1.07643e+07   Grid cell updates per second: 27865.1
INFO (CarpetX): Performance:
INFO (CarpetX):   total evolution time:            39948 sec
INFO (CarpetX):   total evolution compute time:    39579.7 sec
INFO (CarpetX):   total evolution output time:     368.276 sec
INFO (CarpetX):   total iterations:                99
INFO (CarpetX):   total cells updated:             1.06566e+09
INFO (CarpetX):   average iterations per second: 0.00247822
INFO (CarpetX):   average cell updates per second: 26676.3
INFO (CarpetX): OutputGH: iteration 100, time 0.732422, run time 42254 s
INFO (CarpetX): OutputGH done.
INFO (CarpetX): Simulation time: 0.732422   Iterations per second: 0.00246146   Simulation time per second: 1.80283e-05
INFO (CarpetX): Grid cells: 1.07643e+07   Grid cell updates per second: 26495.9
INFO (CarpetX): Performance:
INFO (CarpetX):   total evolution time:            40354.3 sec
INFO (CarpetX):   total evolution compute time:    39986 sec
INFO (CarpetX):   total evolution output time:     368.276 sec
INFO (CarpetX):   total iterations:                100
INFO (CarpetX):   total cells updated:             1.07643e+09
INFO (CarpetX):   average iterations per second: 0.00247805
INFO (CarpetX):   average cell updates per second: 26674.5
INFO (CarpetX): OutputGH: iteration 101, time 0.739746, run time 42646 s
INFO (CarpetX): OutputGH done.
INFO (CarpetX): Simulation time: 0.739746   Iterations per second: 0.00255261   Simulation time per second: 1.86958e-05
INFO (CarpetX): Grid cells: 1.07643e+07   Grid cell updates per second: 27477
INFO (CarpetX): Performance:
INFO (CarpetX):   total evolution time:            40746 sec
INFO (CarpetX):   total evolution compute time:    40377.7 sec
INFO (CarpetX):   total evolution output time:     368.281 sec
INFO (CarpetX):   total iterations:                101
INFO (CarpetX):   total cells updated:             1.08719e+09
INFO (CarpetX):   average iterations per second: 0.00247877
INFO (CarpetX):   average cell updates per second: 26682.2
INFO (CarpetX): OutputGH: iteration 102, time 0.747070, run time 43040 s
INFO (CarpetX): OutputGH done.
INFO (CarpetX): Simulation time: 0.74707   Iterations per second: 0.00255625   Simulation time per second: 1.87225e-05
INFO (CarpetX): Grid cells: 1.07643e+07   Grid cell updates per second: 27516.2
INFO (CarpetX): Performance:
INFO (CarpetX):   total evolution time:            41137.2 sec
INFO (CarpetX):   total evolution compute time:    40768.9 sec
INFO (CarpetX):   total evolution output time:     368.281 sec
INFO (CarpetX):   total iterations:                102
INFO (CarpetX):   total cells updated:             1.09796e+09
INFO (CarpetX):   average iterations per second: 0.00247951
INFO (CarpetX):   average cell updates per second: 26690.1
INFO (CarpetX): Checkpointing at iteration 103, time 0.754395, run time 12.06 h
INFO (CarpetX): OutputOpenPMD...
INFO (CarpetX): Creating openPMD object...
INFO (CarpetX):   options: 
  {
    "adios2": {
      "dataset": {
        "operators": [
        ]
      }
    }
  }

INFO (CarpetX): Creating iteration 103...
INFO (CarpetX): Writing patch 0 level 0 mesh...
INFO (CarpetX): Patch: 0, Level: 0
INFO (CarpetX):   xmin: [-120.000000,-120.000000,-120.000000]
INFO (CarpetX):   xmax: [120.000000,120.000000,120.000000]
INFO (CarpetX):   imin: [0,0,0]
INFO (CarpetX):   imax: [129,129,129]
INFO (CarpetX): Writing group 9 AHFINDERDIRECT::AHMASK...
INFO (CarpetX): Defining mesh ahfinderdirect_ahmask_patch00_lev00...
INFO (CarpetX): Writing 1 variables with 4 components...
INFO (CarpetX): Writing group 61 Z4C::CHI...
INFO (CarpetX): Defining mesh z4c_chi_patch00_lev00...
INFO (CarpetX): Writing 1 variables with 4 components...
INFO (CarpetX): Writing group 62 Z4C::GAMMA_TILDE...
INFO (CarpetX): Defining mesh z4c_gamma_tilde_patch00_lev00...
INFO (CarpetX): Writing 6 variables with 4 components...
INFO (CarpetX): Writing group 63 Z4C::K_HAT...
INFO (CarpetX): Defining mesh z4c_k_hat_patch00_lev00...
INFO (CarpetX): Writing 1 variables with 4 components...
INFO (CarpetX): Writing group 64 Z4C::A_TILDE...
INFO (CarpetX): Defining mesh z4c_a_tilde_patch00_lev00...
INFO (CarpetX): Writing 6 variables with 4 components...
INFO (CarpetX): Writing group 65 Z4C::GAM_TILDE...
INFO (CarpetX): Defining mesh z4c_gam_tilde_patch00_lev00...
INFO (CarpetX): Writing 3 variables with 4 components...
INFO (CarpetX): Writing group 66 Z4C::THETA...
INFO (CarpetX): Defining mesh z4c_theta_patch00_lev00...
INFO (CarpetX): Writing 1 variables with 4 components...
INFO (CarpetX): Writing group 67 Z4C::ALPHAG...
INFO (CarpetX): Defining mesh z4c_alphag_patch00_lev00...
INFO (CarpetX): Writing 1 variables with 4 components...
INFO (CarpetX): Writing group 68 Z4C::BETAG...
INFO (CarpetX): Defining mesh z4c_betag_patch00_lev00...
INFO (CarpetX): Writing 3 variables with 4 components...
INFO (CarpetX): Writing patch 0 level 1 mesh...
INFO (CarpetX): Patch: 0, Level: 1
INFO (CarpetX):   xmin: [-120.000000,-120.000000,-120.000000]
INFO (CarpetX):   xmax: [120.000000,120.000000,120.000000]
INFO (CarpetX):   imin: [0,0,0]
INFO (CarpetX):   imax: [257,257,257]
INFO (CarpetX): Writing group 9 AHFINDERDIRECT::AHMASK...
INFO (CarpetX): Defining mesh ahfinderdirect_ahmask_patch00_lev01...
INFO (CarpetX): Writing 1 variables with 9 components...
INFO (CarpetX): Writing group 61 Z4C::CHI...
INFO (CarpetX): Defining mesh z4c_chi_patch00_lev01...
INFO (CarpetX): Writing 1 variables with 9 components...
INFO (CarpetX): Writing group 62 Z4C::GAMMA_TILDE...
INFO (CarpetX): Defining mesh z4c_gamma_tilde_patch00_lev01...
INFO (CarpetX): Writing 6 variables with 9 components...
INFO (CarpetX): Writing group 63 Z4C::K_HAT...
INFO (CarpetX): Defining mesh z4c_k_hat_patch00_lev01...
INFO (CarpetX): Writing 1 variables with 9 components...
INFO (CarpetX): Writing group 64 Z4C::A_TILDE...
INFO (CarpetX): Defining mesh z4c_a_tilde_patch00_lev01...
INFO (CarpetX): Writing 6 variables with 9 components...
INFO (CarpetX): Writing group 65 Z4C::GAM_TILDE...
INFO (CarpetX): Defining mesh z4c_gam_tilde_patch00_lev01...
INFO (CarpetX): Writing 3 variables with 9 components...
INFO (CarpetX): Writing group 66 Z4C::THETA...
INFO (CarpetX): Defining mesh z4c_theta_patch00_lev01...
INFO (CarpetX): Writing 1 variables with 9 components...
INFO (CarpetX): Writing group 67 Z4C::ALPHAG...
INFO (CarpetX): Defining mesh z4c_alphag_patch00_lev01...
INFO (CarpetX): Writing 1 variables with 9 components...
INFO (CarpetX): Writing group 68 Z4C::BETAG...
INFO (CarpetX): Defining mesh z4c_betag_patch00_lev01...
INFO (CarpetX): Writing 3 variables with 9 components...
INFO (CarpetX): Writing patch 0 level 2 mesh...
INFO (CarpetX): Patch: 0, Level: 2
INFO (CarpetX):   xmin: [-120.000000,-120.000000,-120.000000]
INFO (CarpetX):   xmax: [120.000000,120.000000,120.000000]
INFO (CarpetX):   imin: [0,0,0]
INFO (CarpetX):   imax: [513,513,513]
INFO (CarpetX): Writing group 9 AHFINDERDIRECT::AHMASK...
INFO (CarpetX): Defining mesh ahfinderdirect_ahmask_patch00_lev02...
INFO (CarpetX): Writing 1 variables with 3 components...
INFO (CarpetX): Writing group 61 Z4C::CHI...
INFO (CarpetX): Defining mesh z4c_chi_patch00_lev02...
INFO (CarpetX): Writing 1 variables with 3 components...
INFO (CarpetX): Writing group 62 Z4C::GAMMA_TILDE...
INFO (CarpetX): Defining mesh z4c_gamma_tilde_patch00_lev02...
INFO (CarpetX): Writing 6 variables with 3 components...
INFO (CarpetX): Writing group 63 Z4C::K_HAT...
INFO (CarpetX): Defining mesh z4c_k_hat_patch00_lev02...
INFO (CarpetX): Writing 1 variables with 3 components...
INFO (CarpetX): Writing group 64 Z4C::A_TILDE...
INFO (CarpetX): Defining mesh z4c_a_tilde_patch00_lev02...
INFO (CarpetX): Writing 6 variables with 3 components...
INFO (CarpetX): Writing group 65 Z4C::GAM_TILDE...
INFO (CarpetX): Defining mesh z4c_gam_tilde_patch00_lev02...
INFO (CarpetX): Writing 3 variables with 3 components...
INFO (CarpetX): Writing group 66 Z4C::THETA...
INFO (CarpetX): Defining mesh z4c_theta_patch00_lev02...
INFO (CarpetX): Writing 1 variables with 3 components...
INFO (CarpetX): Writing group 67 Z4C::ALPHAG...
INFO (CarpetX): Defining mesh z4c_alphag_patch00_lev02...
INFO (CarpetX): Writing 1 variables with 3 components...
INFO (CarpetX): Writing group 68 Z4C::BETAG...
INFO (CarpetX): Defining mesh z4c_betag_patch00_lev02...
INFO (CarpetX): Writing 3 variables with 3 components...
INFO (CarpetX): Writing patch 0 level 3 mesh...
INFO (CarpetX): Patch: 0, Level: 3
INFO (CarpetX):   xmin: [-120.000000,-120.000000,-120.000000]
INFO (CarpetX):   xmax: [120.000000,120.000000,120.000000]
INFO (CarpetX):   imin: [0,0,0]
INFO (CarpetX):   imax: [1025,1025,1025]
INFO (CarpetX): Writing group 9 AHFINDERDIRECT::AHMASK...
INFO (CarpetX): Defining mesh ahfinderdirect_ahmask_patch00_lev03...
INFO (CarpetX): Writing 1 variables with 2 components...
INFO (CarpetX): Writing group 61 Z4C::CHI...
INFO (CarpetX): Defining mesh z4c_chi_patch00_lev03...
INFO (CarpetX): Writing 1 variables with 2 components...
INFO (CarpetX): Writing group 62 Z4C::GAMMA_TILDE...
INFO (CarpetX): Defining mesh z4c_gamma_tilde_patch00_lev03...
INFO (CarpetX): Writing 6 variables with 2 components...
INFO (CarpetX): Writing group 63 Z4C::K_HAT...
INFO (CarpetX): Defining mesh z4c_k_hat_patch00_lev03...
INFO (CarpetX): Writing 1 variables with 2 components...
INFO (CarpetX): Writing group 64 Z4C::A_TILDE...
INFO (CarpetX): Defining mesh z4c_a_tilde_patch00_lev03...
INFO (CarpetX): Writing 6 variables with 2 components...
INFO (CarpetX): Writing group 65 Z4C::GAM_TILDE...
INFO (CarpetX): Defining mesh z4c_gam_tilde_patch00_lev03...
INFO (CarpetX): Writing 3 variables with 2 components...
INFO (CarpetX): Writing group 66 Z4C::THETA...
INFO (CarpetX): Defining mesh z4c_theta_patch00_lev03...
INFO (CarpetX): Writing 1 variables with 2 components...
INFO (CarpetX): Writing group 67 Z4C::ALPHAG...
INFO (CarpetX): Defining mesh z4c_alphag_patch00_lev03...
INFO (CarpetX): Writing 1 variables with 2 components...
INFO (CarpetX): Writing group 68 Z4C::BETAG...
INFO (CarpetX): Defining mesh z4c_betag_patch00_lev03...
INFO (CarpetX): Writing 3 variables with 2 components...
INFO (CarpetX): Writing patch 0 level 4 mesh...
INFO (CarpetX): Patch: 0, Level: 4
INFO (CarpetX):   xmin: [-120.000000,-120.000000,-120.000000]
INFO (CarpetX):   xmax: [120.000000,120.000000,120.000000]
INFO (CarpetX):   imin: [0,0,0]
INFO (CarpetX):   imax: [2049,2049,2049]
INFO (CarpetX): Writing group 9 AHFINDERDIRECT::AHMASK...
INFO (CarpetX): Defining mesh ahfinderdirect_ahmask_patch00_lev04...
INFO (CarpetX): Writing 1 variables with 3 components...
INFO (CarpetX): Writing group 61 Z4C::CHI...
INFO (CarpetX): Defining mesh z4c_chi_patch00_lev04...
INFO (CarpetX): Writing 1 variables with 3 components...
INFO (CarpetX): Writing group 62 Z4C::GAMMA_TILDE...
INFO (CarpetX): Defining mesh z4c_gamma_tilde_patch00_lev04...
INFO (CarpetX): Writing 6 variables with 3 components...
INFO (CarpetX): Writing group 63 Z4C::K_HAT...
INFO (CarpetX): Defining mesh z4c_k_hat_patch00_lev04...
INFO (CarpetX): Writing 1 variables with 3 components...
INFO (CarpetX): Writing group 64 Z4C::A_TILDE...
INFO (CarpetX): Defining mesh z4c_a_tilde_patch00_lev04...
INFO (CarpetX): Writing 6 variables with 3 components...
INFO (CarpetX): Writing group 65 Z4C::GAM_TILDE...
INFO (CarpetX): Defining mesh z4c_gam_tilde_patch00_lev04...
INFO (CarpetX): Writing 3 variables with 3 components...
INFO (CarpetX): Writing group 66 Z4C::THETA...
INFO (CarpetX): Defining mesh z4c_theta_patch00_lev04...
INFO (CarpetX): Writing 1 variables with 3 components...
INFO (CarpetX): Writing group 67 Z4C::ALPHAG...
INFO (CarpetX): Defining mesh z4c_alphag_patch00_lev04...
INFO (CarpetX): Writing 1 variables with 3 components...
INFO (CarpetX): Writing group 68 Z4C::BETAG...
INFO (CarpetX): Defining mesh z4c_betag_patch00_lev04...
INFO (CarpetX): Writing 3 variables with 3 components...
INFO (CarpetX): Writing patch 0 level 5 mesh...
INFO (CarpetX): Patch: 0, Level: 5
INFO (CarpetX):   xmin: [-120.000000,-120.000000,-120.000000]
INFO (CarpetX):   xmax: [120.000000,120.000000,120.000000]
INFO (CarpetX):   imin: [0,0,0]
INFO (CarpetX):   imax: [4097,4097,4097]
INFO (CarpetX): Writing group 9 AHFINDERDIRECT::AHMASK...
INFO (CarpetX): Defining mesh ahfinderdirect_ahmask_patch00_lev05...
INFO (CarpetX): Writing 1 variables with 5 components...
INFO (CarpetX): Writing group 61 Z4C::CHI...
INFO (CarpetX): Defining mesh z4c_chi_patch00_lev05...
INFO (CarpetX): Writing 1 variables with 5 components...
INFO (CarpetX): Writing group 62 Z4C::GAMMA_TILDE...
INFO (CarpetX): Defining mesh z4c_gamma_tilde_patch00_lev05...
INFO (CarpetX): Writing 6 variables with 5 components...
INFO (CarpetX): Writing group 63 Z4C::K_HAT...
INFO (CarpetX): Defining mesh z4c_k_hat_patch00_lev05...
INFO (CarpetX): Writing 1 variables with 5 components...
INFO (CarpetX): Writing group 64 Z4C::A_TILDE...
INFO (CarpetX): Defining mesh z4c_a_tilde_patch00_lev05...
INFO (CarpetX): Writing 6 variables with 5 components...
INFO (CarpetX): Writing group 65 Z4C::GAM_TILDE...
INFO (CarpetX): Defining mesh z4c_gam_tilde_patch00_lev05...
INFO (CarpetX): Writing 3 variables with 5 components...
INFO (CarpetX): Writing group 66 Z4C::THETA...
INFO (CarpetX): Defining mesh z4c_theta_patch00_lev05...
INFO (CarpetX): Writing 1 variables with 5 components...
INFO (CarpetX): Writing group 67 Z4C::ALPHAG...
INFO (CarpetX): Defining mesh z4c_alphag_patch00_lev05...
INFO (CarpetX): Writing 1 variables with 5 components...
INFO (CarpetX): Writing group 68 Z4C::BETAG...
INFO (CarpetX): Defining mesh z4c_betag_patch00_lev05...
INFO (CarpetX): Writing 3 variables with 5 components...
INFO (CarpetX): Writing patch 0 level 6 mesh...
INFO (CarpetX): Patch: 0, Level: 6
INFO (CarpetX):   xmin: [-120.000000,-120.000000,-120.000000]
INFO (CarpetX):   xmax: [120.000000,120.000000,120.000000]
INFO (CarpetX):   imin: [0,0,0]
INFO (CarpetX):   imax: [8193,8193,8193]
INFO (CarpetX): Writing group 9 AHFINDERDIRECT::AHMASK...
INFO (CarpetX): Defining mesh ahfinderdirect_ahmask_patch00_lev06...
INFO (CarpetX): Writing 1 variables with 2 components...
INFO (CarpetX): Writing group 61 Z4C::CHI...
INFO (CarpetX): Defining mesh z4c_chi_patch00_lev06...
INFO (CarpetX): Writing 1 variables with 2 components...
INFO (CarpetX): Writing group 62 Z4C::GAMMA_TILDE...
INFO (CarpetX): Defining mesh z4c_gamma_tilde_patch00_lev06...
INFO (CarpetX): Writing 6 variables with 2 components...
INFO (CarpetX): Writing group 63 Z4C::K_HAT...
INFO (CarpetX): Defining mesh z4c_k_hat_patch00_lev06...
INFO (CarpetX): Writing 1 variables with 2 components...
INFO (CarpetX): Writing group 64 Z4C::A_TILDE...
INFO (CarpetX): Defining mesh z4c_a_tilde_patch00_lev06...
INFO (CarpetX): Writing 6 variables with 2 components...
INFO (CarpetX): Writing group 65 Z4C::GAM_TILDE...
INFO (CarpetX): Defining mesh z4c_gam_tilde_patch00_lev06...
INFO (CarpetX): Writing 3 variables with 2 components...
INFO (CarpetX): Writing group 66 Z4C::THETA...
INFO (CarpetX): Defining mesh z4c_theta_patch00_lev06...
INFO (CarpetX): Writing 1 variables with 2 components...
INFO (CarpetX): Writing group 67 Z4C::ALPHAG...
INFO (CarpetX): Defining mesh z4c_alphag_patch00_lev06...
INFO (CarpetX): Writing 1 variables with 2 components...
INFO (CarpetX): Writing group 68 Z4C::BETAG...
INFO (CarpetX): Defining mesh z4c_betag_patch00_lev06...
INFO (CarpetX): Writing 3 variables with 2 components...
INFO (CarpetX): Writing group 10 AHFINDERDIRECT::AH_RADIUS...
INFO (CarpetX): Writing 3 variables...
INFO (CarpetX): Writing group 11 AHFINDERDIRECT::AH_ORIGIN...
INFO (CarpetX): Writing 9 variables...
INFO (CarpetX): Writing group 12 AHFINDERDIRECT::AH_CENTROID...
INFO (CarpetX): Writing 24 variables...
INFO (CarpetX): Writing group 13 AHFINDERDIRECT::AH_FLAGS...
INFO (CarpetX): Writing 24 variables...
INFO (CarpetX): Writing group 14 BOXINBOX::ACTIVE...
INFO (CarpetX): Writing 3 variables...
INFO (CarpetX): Writing group 15 BOXINBOX::NUM_LEVELS...
INFO (CarpetX): Writing 3 variables...
INFO (CarpetX): Writing group 16 BOXINBOX::POSITIONS...
INFO (CarpetX): Writing 9 variables...
INFO (CarpetX): Writing group 17 BOXINBOX::RADII...
INFO (CarpetX): Writing 3 variables...
INFO (CarpetX): Writing group 18 BOXINBOX::RADIIXYZ...
INFO (CarpetX): Writing 9 variables...
INFO (CarpetX): Writing group 23 PUNCTURETRACKER::PT_LOC...
INFO (CarpetX): Writing 40 variables...
INFO (CarpetX): Writing group 24 PUNCTURETRACKER::PT_VEL...
INFO (CarpetX): Writing 40 variables...
INFO (CarpetX): Writing group 25 SPHERICALSURFACE::SF_ACTIVE...
INFO (CarpetX): Writing 5 variables...
INFO (CarpetX): Writing group 26 SPHERICALSURFACE::SF_VALID...
INFO (CarpetX): Writing 5 variables...
INFO (CarpetX): Writing group 27 SPHERICALSURFACE::SF_INFO...
INFO (CarpetX): Writing 95 variables...
INFO (CarpetX): Writing group 28 SPHERICALSURFACE::SF_MINREFLEVEL...
INFO (CarpetX): Writing 5 variables...
INFO (CarpetX): Writing group 29 SPHERICALSURFACE::SF_MAXREFLEVEL...
INFO (CarpetX): Writing 5 variables...
INFO (CarpetX): Writing group 30 SPHERICALSURFACE::SF_RADIUS...
INFO (CarpetX): Writing 5 variables...
INFO (CarpetX): Writing group 31 SPHERICALSURFACE::SF_ORIGIN...
INFO (CarpetX): Writing 15 variables...
INFO (CarpetX): Writing group 32 SPHERICALSURFACE::SF_COORDINATE_DESCRIPTORS...
INFO (CarpetX): Writing 20 variables...
INFO (CarpetX): Writing group 33 SPHERICALSURFACE::SF_SHAPE_DESCRIPTORS...
INFO (CarpetX): Writing 20 variables...
INFO (CarpetX): Writing group 34 SPHERICALSURFACE::SF_COORDINATE_ESTIMATORS...
INFO (CarpetX): Writing 10 variables...
INFO (CarpetX): Closing iteration...
INFO (CarpetX): OutputOpenPMD done.
Results from timer "OutputOpenPMD":
	gettimeofday: 7.911 secs
Results from timer "OutputOpenPMD":
	getrusage: 4.268 secs
INFO (CarpetX): OutputGH: iteration 103, time 0.754395, run time 43438 s
INFO (CarpetX): OutputGH done.
INFO (CarpetX): Simulation time: 0.754395   Iterations per second: 0.0025536   Simulation time per second: 1.87031e-05
INFO (CarpetX): Grid cells: 1.07643e+07   Grid cell updates per second: 27487.7
INFO (CarpetX): Performance:
INFO (CarpetX):   total evolution time:            41528.8 sec
INFO (CarpetX):   total evolution compute time:    41160.5 sec
INFO (CarpetX):   total evolution output time:     368.286 sec
INFO (CarpetX):   total iterations:                103
INFO (CarpetX):   total cells updated:             1.10872e+09
INFO (CarpetX):   average iterations per second: 0.00248021
INFO (CarpetX):   average cell updates per second: 26697.6
INFO (CarpetX): OutputGH: iteration 104, time 0.761719, run time 43832 s
INFO (CarpetX): OutputGH done.
INFO (CarpetX): Simulation time: 0.761719   Iterations per second: 0.00254684   Simulation time per second: 1.86536e-05
INFO (CarpetX): Grid cells: 1.07643e+07   Grid cell updates per second: 27414.9
INFO (CarpetX): Performance:
INFO (CarpetX):   total evolution time:            41921.5 sec
INFO (CarpetX):   total evolution compute time:    41553.2 sec
INFO (CarpetX):   total evolution output time:     368.286 sec
INFO (CarpetX):   total iterations:                104
INFO (CarpetX):   total cells updated:             1.11949e+09
INFO (CarpetX):   average iterations per second: 0.00248083
INFO (CarpetX):   average cell updates per second: 26704.4
INFO (CarpetX): OutputGH: iteration 105, time 0.769043, run time 44235 s
INFO (CarpetX): OutputGH done.
INFO (CarpetX): Simulation time: 0.769043   Iterations per second: 0.00249899   Simulation time per second: 1.83031e-05
INFO (CarpetX): Grid cells: 1.07643e+07   Grid cell updates per second: 26899.8
INFO (CarpetX): Performance:
INFO (CarpetX):   total evolution time:            42321.6 sec
INFO (CarpetX):   total evolution compute time:    41953.3 sec
INFO (CarpetX):   total evolution output time:     368.286 sec
INFO (CarpetX):   total iterations:                105
INFO (CarpetX):   total cells updated:             1.13025e+09
INFO (CarpetX):   average iterations per second: 0.002481
INFO (CarpetX):   average cell updates per second: 26706.2
INFO (CarpetX): OutputGH: iteration 106, time 0.776367, run time 44630 s
INFO (CarpetX): OutputGH done.
INFO (CarpetX): Simulation time: 0.776367   Iterations per second: 0.00254288   Simulation time per second: 1.86246e-05
INFO (CarpetX): Grid cells: 1.07643e+07   Grid cell updates per second: 27372.3
INFO (CarpetX): Performance:
INFO (CarpetX):   total evolution time:            42714.9 sec
INFO (CarpetX):   total evolution compute time:    42346.6 sec
INFO (CarpetX):   total evolution output time:     368.286 sec
INFO (CarpetX):   total iterations:                106
INFO (CarpetX):   total cells updated:             1.14101e+09
INFO (CarpetX):   average iterations per second: 0.00248157
INFO (CarpetX):   average cell updates per second: 26712.3
INFO (CarpetX): OutputGH: iteration 107, time 0.783691, run time 45029 s
INFO (CarpetX): OutputGH done.
INFO (CarpetX): Simulation time: 0.783691   Iterations per second: 0.00250389   Simulation time per second: 1.83391e-05
INFO (CarpetX): Grid cells: 1.07643e+07   Grid cell updates per second: 26952.6
INFO (CarpetX): Performance:
INFO (CarpetX):   total evolution time:            43114.3 sec
INFO (CarpetX):   total evolution compute time:    42746 sec
INFO (CarpetX):   total evolution output time:     368.286 sec
INFO (CarpetX):   total iterations:                107
INFO (CarpetX):   total cells updated:             1.15178e+09
INFO (CarpetX):   average iterations per second: 0.00248178
INFO (CarpetX):   average cell updates per second: 26714.6
INFO (CarpetX): OutputGH: iteration 108, time 0.791016, run time 45424 s
INFO (CarpetX): OutputGH done.
INFO (CarpetX): Simulation time: 0.791016   Iterations per second: 0.00253898   Simulation time per second: 1.8596e-05
INFO (CarpetX): Grid cells: 1.07643e+07   Grid cell updates per second: 27330.3
INFO (CarpetX): Performance:
INFO (CarpetX):   total evolution time:            43508.1 sec
INFO (CarpetX):   total evolution compute time:    43139.8 sec
INFO (CarpetX):   total evolution output time:     368.286 sec
INFO (CarpetX):   total iterations:                108
INFO (CarpetX):   total cells updated:             1.16254e+09
INFO (CarpetX):   average iterations per second: 0.0024823
INFO (CarpetX):   average cell updates per second: 26720.1
INFO (CarpetX): OutputGH: iteration 109, time 0.798340, run time 45822 s
INFO (CarpetX): OutputGH done.
INFO (CarpetX): Simulation time: 0.79834   Iterations per second: 0.00251782   Simulation time per second: 1.84411e-05
INFO (CarpetX): Grid cells: 1.07643e+07   Grid cell updates per second: 27102.6
INFO (CarpetX): Performance:
INFO (CarpetX):   total evolution time:            43905.3 sec
INFO (CarpetX):   total evolution compute time:    43537 sec
INFO (CarpetX):   total evolution output time:     368.286 sec
INFO (CarpetX):   total iterations:                109
INFO (CarpetX):   total cells updated:             1.17331e+09
INFO (CarpetX):   average iterations per second: 0.00248262
INFO (CarpetX):   average cell updates per second: 26723.6
INFO (CarpetX): OutputGH: iteration 110, time 0.805664, run time 46220 s
INFO (CarpetX): OutputGH done.
INFO (CarpetX): Simulation time: 0.805664   Iterations per second: 0.00251914   Simulation time per second: 1.84508e-05
INFO (CarpetX): Grid cells: 1.07643e+07   Grid cell updates per second: 27116.8
INFO (CarpetX): Performance:
INFO (CarpetX):   total evolution time:            44302.2 sec
INFO (CarpetX):   total evolution compute time:    43934 sec
INFO (CarpetX):   total evolution output time:     368.287 sec
INFO (CarpetX):   total iterations:                110
INFO (CarpetX):   total cells updated:             1.18407e+09
INFO (CarpetX):   average iterations per second: 0.00248294
INFO (CarpetX):   average cell updates per second: 26727.1
INFO (CarpetX): OutputGH: iteration 111, time 0.812988, run time 46615 s
INFO (CarpetX): OutputGH done.
INFO (CarpetX): Simulation time: 0.812988   Iterations per second: 0.00254859   Simulation time per second: 1.86665e-05
INFO (CarpetX): Grid cells: 1.07643e+07   Grid cell updates per second: 27433.8
INFO (CarpetX): Performance:
INFO (CarpetX):   total evolution time:            44694.6 sec
INFO (CarpetX):   total evolution compute time:    44326.3 sec
INFO (CarpetX):   total evolution output time:     368.287 sec
INFO (CarpetX):   total iterations:                111
INFO (CarpetX):   total cells updated:             1.19484e+09
INFO (CarpetX):   average iterations per second: 0.00248352
INFO (CarpetX):   average cell updates per second: 26733.3
INFO (CarpetX): OutputGH: iteration 112, time 0.820312, run time 47014 s
INFO (CarpetX): OutputGH done.
INFO (CarpetX): Simulation time: 0.820312   Iterations per second: 0.00252443   Simulation time per second: 1.84895e-05
INFO (CarpetX): Grid cells: 1.07643e+07   Grid cell updates per second: 27173.7
INFO (CarpetX): Performance:
INFO (CarpetX):   total evolution time:            45090.7 sec
INFO (CarpetX):   total evolution compute time:    44722.5 sec
INFO (CarpetX):   total evolution output time:     368.287 sec
INFO (CarpetX):   total iterations:                112
INFO (CarpetX):   total cells updated:             1.2056e+09
INFO (CarpetX):   average iterations per second: 0.00248388
INFO (CarpetX):   average cell updates per second: 26737.2
INFO (CarpetX): OutputGH: iteration 113, time 0.827637, run time 47411 s
INFO (CarpetX): OutputGH done.
INFO (CarpetX): Simulation time: 0.827637   Iterations per second: 0.00253141   Simulation time per second: 1.85406e-05
INFO (CarpetX): Grid cells: 1.07643e+07   Grid cell updates per second: 27248.8
INFO (CarpetX): Performance:
INFO (CarpetX):   total evolution time:            45485.8 sec
INFO (CarpetX):   total evolution compute time:    45117.5 sec
INFO (CarpetX):   total evolution output time:     368.287 sec
INFO (CarpetX):   total iterations:                113
INFO (CarpetX):   total cells updated:             1.21636e+09
INFO (CarpetX):   average iterations per second: 0.00248429
INFO (CarpetX):   average cell updates per second: 26741.6
INFO (CarpetX): OutputGH: iteration 114, time 0.834961, run time 47806 s
INFO (CarpetX): OutputGH done.
INFO (CarpetX): Simulation time: 0.834961   Iterations per second: 0.00253022   Simulation time per second: 1.85319e-05
INFO (CarpetX): Grid cells: 1.07643e+07   Grid cell updates per second: 27236
INFO (CarpetX): Performance:
INFO (CarpetX):   total evolution time:            45881 sec
INFO (CarpetX):   total evolution compute time:    45512.7 sec
INFO (CarpetX):   total evolution output time:     368.287 sec
INFO (CarpetX):   total iterations:                114
INFO (CarpetX):   total cells updated:             1.22713e+09
INFO (CarpetX):   average iterations per second: 0.00248469
INFO (CarpetX):   average cell updates per second: 26745.9
INFO (CarpetX): OutputGH: iteration 115, time 0.842285, run time 48202 s
INFO (CarpetX): OutputGH done.
INFO (CarpetX): Simulation time: 0.842285   Iterations per second: 0.00256384   Simulation time per second: 1.87781e-05
INFO (CarpetX): Grid cells: 1.07643e+07   Grid cell updates per second: 27597.9
INFO (CarpetX): Performance:
INFO (CarpetX):   total evolution time:            46271 sec
INFO (CarpetX):   total evolution compute time:    45902.8 sec
INFO (CarpetX):   total evolution output time:     368.287 sec
INFO (CarpetX):   total iterations:                115
INFO (CarpetX):   total cells updated:             1.23789e+09
INFO (CarpetX):   average iterations per second: 0.00248536
INFO (CarpetX):   average cell updates per second: 26753.1
INFO (CarpetX): OutputGH: iteration 116, time 0.849609, run time 48592 s
INFO (CarpetX): OutputGH done.
INFO (CarpetX): Simulation time: 0.849609   Iterations per second: 0.00257619   Simulation time per second: 1.88686e-05
INFO (CarpetX): Grid cells: 1.07643e+07   Grid cell updates per second: 27730.9
INFO (CarpetX): Performance:
INFO (CarpetX):   total evolution time:            46659.2 sec
INFO (CarpetX):   total evolution compute time:    46290.9 sec
INFO (CarpetX):   total evolution output time:     368.287 sec
INFO (CarpetX):   total iterations:                116
INFO (CarpetX):   total cells updated:             1.24866e+09
INFO (CarpetX):   average iterations per second: 0.00248611
INFO (CarpetX):   average cell updates per second: 26761.2
INFO (CarpetX): OutputGH: iteration 117, time 0.856934, run time 48992 s
INFO (CarpetX): OutputGH done.
INFO (CarpetX): Simulation time: 0.856934   Iterations per second: 0.00250314   Simulation time per second: 1.83336e-05
INFO (CarpetX): Grid cells: 1.07643e+07   Grid cell updates per second: 26944.6
INFO (CarpetX): Performance:
INFO (CarpetX):   total evolution time:            47058.7 sec
INFO (CarpetX):   total evolution compute time:    46690.4 sec
INFO (CarpetX):   total evolution output time:     368.287 sec
INFO (CarpetX):   total iterations:                117
INFO (CarpetX):   total cells updated:             1.25942e+09
INFO (CarpetX):   average iterations per second: 0.00248626
INFO (CarpetX):   average cell updates per second: 26762.8
INFO (CarpetX): OutputGH: iteration 118, time 0.864258, run time 49380 s
INFO (CarpetX): OutputGH done.
INFO (CarpetX): Simulation time: 0.864258   Iterations per second: 0.00260794   Simulation time per second: 1.91011e-05
INFO (CarpetX): Grid cells: 1.07643e+07   Grid cell updates per second: 28072.6
INFO (CarpetX): Performance:
INFO (CarpetX):   total evolution time:            47442.2 sec
INFO (CarpetX):   total evolution compute time:    47073.9 sec
INFO (CarpetX):   total evolution output time:     368.287 sec
INFO (CarpetX):   total iterations:                118
INFO (CarpetX):   total cells updated:             1.27019e+09
INFO (CarpetX):   average iterations per second: 0.00248724
INFO (CarpetX):   average cell updates per second: 26773.4
INFO (CarpetX): OutputGH: iteration 119, time 0.871582, run time 49764 s
INFO (CarpetX): OutputGH done.
INFO (CarpetX): Simulation time: 0.871582   Iterations per second: 0.00260555   Simulation time per second: 1.90836e-05
INFO (CarpetX): Grid cells: 1.07643e+07   Grid cell updates per second: 28046.9
INFO (CarpetX): Performance:
INFO (CarpetX):   total evolution time:            47826 sec
INFO (CarpetX):   total evolution compute time:    47457.7 sec
INFO (CarpetX):   total evolution output time:     368.287 sec
INFO (CarpetX):   total iterations:                119
INFO (CarpetX):   total cells updated:             1.28095e+09
INFO (CarpetX):   average iterations per second: 0.00248819
INFO (CarpetX):   average cell updates per second: 26783.6
INFO (CarpetX): OutputGH: iteration 120, time 0.878906, run time 50158 s
INFO (CarpetX): OutputGH done.
INFO (CarpetX): Simulation time: 0.878906   Iterations per second: 0.00256677   Simulation time per second: 1.87996e-05
INFO (CarpetX): Grid cells: 1.07643e+07   Grid cell updates per second: 27629.5
INFO (CarpetX): Performance:
INFO (CarpetX):   total evolution time:            48215.6 sec
INFO (CarpetX):   total evolution compute time:    47847.3 sec
INFO (CarpetX):   total evolution output time:     368.287 sec
INFO (CarpetX):   total iterations:                120
INFO (CarpetX):   total cells updated:             1.29171e+09
INFO (CarpetX):   average iterations per second: 0.00248882
INFO (CarpetX):   average cell updates per second: 26790.4
INFO (CarpetX): OutputGH: iteration 121, time 0.886230, run time 50557 s
INFO (CarpetX): OutputGH done.
INFO (CarpetX): Simulation time: 0.88623   Iterations per second: 0.00252219   Simulation time per second: 1.84731e-05
INFO (CarpetX): Grid cells: 1.07643e+07   Grid cell updates per second: 27149.6
INFO (CarpetX): Performance:
INFO (CarpetX):   total evolution time:            48612 sec
INFO (CarpetX):   total evolution compute time:    48243.7 sec
INFO (CarpetX):   total evolution output time:     368.287 sec
INFO (CarpetX):   total iterations:                121
INFO (CarpetX):   total cells updated:             1.30248e+09
INFO (CarpetX):   average iterations per second: 0.0024891
INFO (CarpetX):   average cell updates per second: 26793.3
INFO (CarpetX): OutputGH: iteration 122, time 0.893555, run time 50945 s
INFO (CarpetX): OutputGH done.
INFO (CarpetX): Simulation time: 0.893555   Iterations per second: 0.00259951   Simulation time per second: 1.90394e-05
INFO (CarpetX): Grid cells: 1.07643e+07   Grid cell updates per second: 27981.9
INFO (CarpetX): Performance:
INFO (CarpetX):   total evolution time:            48996.7 sec
INFO (CarpetX):   total evolution compute time:    48628.4 sec
INFO (CarpetX):   total evolution output time:     368.287 sec
INFO (CarpetX):   total iterations:                122
INFO (CarpetX):   total cells updated:             1.31324e+09
INFO (CarpetX):   average iterations per second: 0.00248996
INFO (CarpetX):   average cell updates per second: 26802.7
INFO (CarpetX): OutputGH: iteration 123, time 0.900879, run time 51333 s
INFO (CarpetX): OutputGH done.
INFO (CarpetX): Simulation time: 0.900879   Iterations per second: 0.0026035   Simulation time per second: 1.90686e-05
INFO (CarpetX): Grid cells: 1.07643e+07   Grid cell updates per second: 28024.8
INFO (CarpetX): Performance:
INFO (CarpetX):   total evolution time:            49380.8 sec
INFO (CarpetX):   total evolution compute time:    49012.5 sec
INFO (CarpetX):   total evolution output time:     368.287 sec
INFO (CarpetX):   total iterations:                123
INFO (CarpetX):   total cells updated:             1.32401e+09
INFO (CarpetX):   average iterations per second: 0.00249085
INFO (CarpetX):   average cell updates per second: 26812.2
INFO (CarpetX): OutputGH: iteration 124, time 0.908203, run time 51730 s
INFO (CarpetX): OutputGH done.
INFO (CarpetX): Simulation time: 0.908203   Iterations per second: 0.00254737   Simulation time per second: 1.86575e-05
INFO (CarpetX): Grid cells: 1.07643e+07   Grid cell updates per second: 27420.6
INFO (CarpetX): Performance:
INFO (CarpetX):   total evolution time:            49773.4 sec
INFO (CarpetX):   total evolution compute time:    49405.1 sec
INFO (CarpetX):   total evolution output time:     368.288 sec
INFO (CarpetX):   total iterations:                124
INFO (CarpetX):   total cells updated:             1.33477e+09
INFO (CarpetX):   average iterations per second: 0.00249129
INFO (CarpetX):   average cell updates per second: 26817
INFO (CarpetX): OutputGH: iteration 125, time 0.915527, run time 52124 s
INFO (CarpetX): OutputGH done.
INFO (CarpetX): Simulation time: 0.915527   Iterations per second: 0.00256472   Simulation time per second: 1.87846e-05
INFO (CarpetX): Grid cells: 1.07643e+07   Grid cell updates per second: 27607.4
INFO (CarpetX): Performance:
INFO (CarpetX):   total evolution time:            50163.3 sec
INFO (CarpetX):   total evolution compute time:    49795 sec
INFO (CarpetX):   total evolution output time:     368.288 sec
INFO (CarpetX):   total iterations:                125
INFO (CarpetX):   total cells updated:             1.34554e+09
INFO (CarpetX):   average iterations per second: 0.00249186
INFO (CarpetX):   average cell updates per second: 26823.1
INFO (CarpetX): OutputGH: iteration 126, time 0.922852, run time 52518 s
INFO (CarpetX): OutputGH done.
INFO (CarpetX): Simulation time: 0.922852   Iterations per second: 0.00257429   Simulation time per second: 1.88547e-05
INFO (CarpetX): Grid cells: 1.07643e+07   Grid cell updates per second: 27710.4
INFO (CarpetX): Performance:
INFO (CarpetX):   total evolution time:            50551.7 sec
INFO (CarpetX):   total evolution compute time:    50183.5 sec
INFO (CarpetX):   total evolution output time:     368.288 sec
INFO (CarpetX):   total iterations:                126
INFO (CarpetX):   total cells updated:             1.3563e+09
INFO (CarpetX):   average iterations per second: 0.0024925
INFO (CarpetX):   average cell updates per second: 26829.9
INFO (CarpetX): OutputGH: iteration 127, time 0.930176, run time 52905 s
INFO (CarpetX): OutputGH done.
INFO (CarpetX): Simulation time: 0.930176   Iterations per second: 0.00258557   Simulation time per second: 1.89373e-05
INFO (CarpetX): Grid cells: 1.07643e+07   Grid cell updates per second: 27831.9
INFO (CarpetX): Performance:
INFO (CarpetX):   total evolution time:            50938.5 sec
INFO (CarpetX):   total evolution compute time:    50570.2 sec
INFO (CarpetX):   total evolution output time:     368.288 sec
INFO (CarpetX):   total iterations:                127
INFO (CarpetX):   total cells updated:             1.36706e+09
INFO (CarpetX):   average iterations per second: 0.0024932
INFO (CarpetX):   average cell updates per second: 26837.5
INFO (AHFinderDirect): proc 0: searching for horizon 1/3
INFO (AHFinderDirect): AH 1/3: r=0.241765 at (15.167777,0.014423,-0.000000)
INFO (AHFinderDirect): AH 1/3: area=9.726020866 m_irreducible=0.4398784345
INFO (AHFinderDirect): AH 2/3: r=0.241765 at (-15.167777,-0.014423,0.000000)
INFO (AHFinderDirect): AH 2/3: area=9.726020866 m_irreducible=0.4398784345
INFO (TimerReport): Timer Report at iteration 128 time 0.9375
INFO (TimerReport): Top timers at iteration 128 time 0.9375
======================================================================
    %    Time/s   Min/s   Max/s   Timer (gettimeofday)
======================================================================
100.0   47611.4 47578.7 47660.1   [0052] ODESolvers: ODESolvers_Solve in CCTK_EVOL
100.0   47611.4 47578.7 47660.1   CallFunction CCTK_EVOL: ODESolvers::ODESolvers_Solve
100.0   47611.4 47578.7 47660.1   ODESolvers::Solve
 99.8   47509.5 47473.9 47557.3   CallScheduleGroup
 93.6   44583.7 44497.2 44684.7   ODESolvers::Solve::poststep
 93.4   44485.4 44332.7 44657.5   Sync
 24.6   11692.2 11213.5 12529.4   Restrict
 24.6   11690.5 11212.3 12528.0   Restrict::average_down
  8.1    3848.8  3761.4  3918.2   apply_boundary_conditions
  6.1    2925.8  2828.6  2980.8   ODESolvers::Solve::rhs
  6.1    2886.9  2782.8  2945.5   [0053] Z4c: Z4c_RHS in ODESolvers_RHS
  6.1    2886.8  2782.8  2945.5   CallFunction Z4c_RHSGroup: Z4c::Z4c_RHS
  4.9    2328.4  2274.9  2390.4   CallFunction Z4c_PostStepGroup2: Z4c::Z4c_ADM2
  4.8    2275.7  2226.6  2337.7   [0058] Z4c: Z4c_ADM2 in ODESolvers_PostStep
  3.5    1672.1  1672.1  1672.1   Initialise
  2.4    1159.8  1156.7  1162.2   [0042] AHFinderDirect: AHFinderDirect_find_horizons in CCTK_POSTSTEP
  2.4    1159.8  1156.7  1162.2   CallFunction CCTK_POSTSTEP: AHFinderDirect::AHFinderDirect_find_horizons
  1.3     634.9   605.4   664.2   [0051] Z4c: Z4c_Constraints in CCTK_ANALYSIS
  1.3     634.9   605.4   664.2   CallFunction Z4c_AnalysisGroup: Z4c::Z4c_Constraints
  1.0     490.3   486.3   493.4   OutputGH
  1.0     490.3   486.3   493.4   OutputNorms
  0.7     343.5   332.4   355.6   [0019] TwoPuncturesX: TwoPuncturesX_TwoPunctures in CCTK_INITIAL
  0.7     343.5   332.4   355.6   CallFunction TwoPuncturesX_Group: TwoPuncturesX::TwoPuncturesX_TwoPunctures
  0.7     315.7   267.6   347.6   [0059] PunctureTracker: PunctureTracker_Track in CCTK_EVOL
  0.7     315.7   267.6   347.6   CallFunction CCTK_EVOL: PunctureTracker::PunctureTracker_Track
  0.6     279.9   100.4   411.0   prolongate_3d_rf2<[vertex,vertex,vertex],[poly,poly,poly],[5,5,5,none]>[thread=0]
  0.5     217.3   215.1   219.9   InitialiseRegrid [refined]
  0.3     158.5   145.5   174.6   CallFunction Z4c_PostStepGroup: Z4c::Z4c_ADM
  0.3     154.6   142.0   170.6   [0056] Z4c: Z4c_ADM in ODESolvers_PostStep
  0.2      73.4    67.2    76.4   ODESolvers::Solve::lincomb
  0.2      72.3    72.1    72.6   [0049] Multipole: Multipole_Calc in CCTK_ANALYSIS
  0.2      72.3    72.1    72.6   CallFunction CCTK_ANALYSIS: Multipole::Multipole_Calc
  0.1      58.1    55.6    61.0   CallFunction Z4c_PostStepGroup: Z4c::Z4c_Enforce
  0.1      55.9    53.7    58.8   [0055] Z4c: Z4c_Enforce in ODESolvers_PostStep
  0.1      52.4     7.9   100.6   [0061] CarpetX: CarpetX_Checkpoint in CCTK_CHECKPOINT
  0.1      52.4     7.9   100.6   CallFunction CCTK_CHECKPOINT: CarpetX::CarpetX_Checkpoint
  0.1      52.0    50.1    54.0   CallFunction TmunuBaseX_SetTmunuVars: TmunuBaseX::TmunuBaseX_ZeroTmunu
  0.1      50.6    48.6    52.8   [0057] TmunuBaseX: TmunuBaseX_ZeroTmunu in ODESolvers_PostStep
  0.1      39.0    34.0    45.8   [0054] Z4c: Z4c_apply_newradx_boundary_conditions in ODESolvers_RHS
  0.1      39.0    34.0    45.8   CallFunction Z4c_RHSGroup: Z4c::Z4c_apply_newradx_boundary_conditions
  0.0      22.7    19.8    25.9   [0036] Z4c: Z4c_ADM2 in CCTK_POSTINITIAL
  0.0      21.9    18.3    26.3   [0031] Z4c: Z4c_ADM2 in CCTK_INITIAL
  0.0      10.7     9.4    11.2   [0060] WeylScal4: WeylScal4_psi4_calc_4th in CCTK_EVOL
  0.0      10.7     9.3    11.2   CallFunction CCTK_EVOL: WeylScal4::WeylScal4_psi4_calc_4th
  0.0      10.4    10.0    10.7   EvolveRegrid
  0.0       9.3     8.8     9.9   [0045] BoxInBox: EstimateError in CCTK_POSTSTEP
  0.0       9.3     8.8     9.9   CallFunction CCTK_POSTSTEP: BoxInBox::EstimateError
  0.0       8.9     8.3     9.6   [0041] AHFinderDirect: AHFinderDirect_import_mask in CCTK_POSTSTEP
  0.0       8.9     8.3     9.6   CallFunction CCTK_POSTSTEP: AHFinderDirect::AHFinderDirect_import_mask
  0.0       8.1     7.2     9.7   [0040] Z4c: Z4c_ADM2 in CCTK_POSTREGRID
  0.0       6.3     5.4     7.9   Checkpoint
  0.0       6.3     5.4     7.9   OutputOpenPMD
  0.0       1.9     1.9     2.0   InitialiseRegrid [coarse]
  0.0       1.5     1.3     1.8   prolongate_3d_rf2<[vertex,vertex,vertex],[poly,poly,poly],[5,5,5,none]>[thread=1]
  0.0       1.5     1.1     1.9   [0034] Z4c: Z4c_ADM in CCTK_POSTINITIAL
  0.0       1.4     1.1     2.0   [0030] Z4c: Z4c_ADM in CCTK_INITIAL
  0.0       1.3     1.1     1.6   [0028] Z4c: Z4c_Initial2 in CCTK_INITIAL
  0.0       1.3     1.1     1.6   CallFunction Z4c_InitialGroup: Z4c::Z4c_Initial2
  0.0       1.0     0.7     1.6   prolongate_3d_rf2<[vertex,vertex,vertex],[poly,poly,poly],[5,5,5,none]>[thread=2]
  0.0       0.9     0.7     1.0   [0038] Z4c: Z4c_ADM in CCTK_POSTREGRID
  0.0       0.7     0.7     0.9   [0037] Z4c: Z4c_Enforce in CCTK_POSTREGRID
  0.0       0.7     0.3     1.1   prolongate_3d_rf2<[vertex,vertex,vertex],[poly,poly,poly],[5,5,5,none]>[thread=3]
  0.0       0.7     0.6     0.8   [0033] Z4c: Z4c_Enforce in CCTK_POSTINITIAL
  0.0       0.7     0.6     0.8   [0029] Z4c: Z4c_Enforce in CCTK_INITIAL
  0.0       0.7     0.5     0.8   [0027] Z4c: Z4c_Initial1 in CCTK_INITIAL
  0.0       0.7     0.5     0.8   CallFunction Z4c_InitialGroup: Z4c::Z4c_Initial1
  0.0       0.6     0.5     0.8   [0035] TmunuBaseX: TmunuBaseX_ZeroTmunu in CCTK_POSTINITIAL
  0.0       0.5     0.2     0.7   prolongate_3d_rf2<[vertex,vertex,vertex],[poly,poly,poly],[5,5,5,none]>[thread=4]
  0.0       0.5     0.3     0.7   [0017] AHFinderDirect: AHFinderDirect_import_mask in CCTK_INITIAL
  0.0       0.5     0.3     0.7   CallFunction CCTK_INITIAL: AHFinderDirect::AHFinderDirect_import_mask
  0.0       0.5     0.4     0.5   [0012] CoordinatesX: CoordinatesX_Setup in CCTK_BASEGRID
  0.0       0.5     0.4     0.5   CallFunction CCTK_BASEGRID: CoordinatesX::CoordinatesX_Setup
  0.0       0.5     0.4     0.5   [0032] BoxInBox: EstimateError in CCTK_POSTINITIAL
  0.0       0.5     0.4     0.5   CallFunction CCTK_POSTINITIAL: BoxInBox::EstimateError
  0.0       0.4     0.3     0.5   [0026] TmunuBaseX: TmunuBaseX_ZeroTmunu in CCTK_INITIAL
  0.0       0.4     0.3     0.7   [0050] TimerReport: zzz_TimerReport_Output in CCTK_ANALYSIS
  0.0       0.4     0.3     0.7   CallFunction CCTK_ANALYSIS: TimerReport::zzz_TimerReport_Output
  0.0       0.4     0.3     0.5   [0011] CarpetXRegrid: CarpetXRegrid_InitError in CCTK_BASEGRID
  0.0       0.4     0.3     0.5   CallFunction CCTK_BASEGRID: CarpetXRegrid::CarpetXRegrid_InitError
  0.0       0.4     0.3     0.5   [0039] TmunuBaseX: TmunuBaseX_ZeroTmunu in CCTK_POSTREGRID
  0.0       0.4     0.2     0.6   prolongate_3d_rf2<[vertex,vertex,vertex],[poly,poly,poly],[5,5,5,none]>[thread=5]
  0.0       0.3     0.2     0.4   [0022] ADMBaseX: ADMBaseX_initial_shift in CCTK_INITIAL
  0.0       0.3     0.2     0.4   CallFunction ADMBaseX_InitialGauge: ADMBaseX::ADMBaseX_initial_shift
  0.0       0.3     0.3     0.5   [0023] ADMBaseX: ADMBaseX_initial_dtshift in CCTK_INITIAL
  0.0       0.3     0.3     0.5   CallFunction ADMBaseX_InitialGauge: ADMBaseX::ADMBaseX_initial_dtshift
  0.0       0.3     0.2     0.4   [0021] ADMBaseX: ADMBaseX_initial_dtlapse in CCTK_INITIAL
  0.0       0.3     0.2     0.4   CallFunction ADMBaseX_InitialGauge: ADMBaseX::ADMBaseX_initial_dtlapse
  0.0       0.3     0.0     0.6   prolongate_3d_rf2<[vertex,vertex,vertex],[poly,poly,poly],[5,5,5,none]>[thread=6]
  0.0       0.2     0.2     0.3   [0006] Multipole: Multipole_Setup in CCTK_WRAGH
  0.0       0.2     0.2     0.3   CallFunction CCTK_WRAGH: Multipole::Multipole_Setup
  0.0       0.1     0.0     0.1   ODESolvers::Solve::setup
  0.0       0.1     0.1     0.1   RecoverParameters
  0.0       0.1     0.1     0.1   InputOpenPMDParameters
  0.0       0.0     0.0     0.1   [0043] AHFinderDirect: AHFinderDirect_store in CCTK_POSTSTEP
  0.0       0.0     0.0     0.1   CallFunction CCTK_POSTSTEP: AHFinderDirect::AHFinderDirect_store
  0.0       0.0     0.0     0.1   [0048] CarpetX: CarpetX_CheckpointInitial in CCTK_CPINITIAL
  0.0       0.0     0.0     0.1   CallFunction CCTK_CPINITIAL: CarpetX::CarpetX_CheckpointInitial
  0.0       0.0     0.0     0.1   [0044] AHFinderDirect: AHFinderDirect_save in CCTK_POSTSTEP
  0.0       0.0     0.0     0.1   CallFunction CCTK_POSTSTEP: AHFinderDirect::AHFinderDirect_save
  0.0       0.0     0.0     0.1   [0010] AHFinderDirect: AHFinderDirect_setup in CCTK_BASEGRID
======================================================================
INFO (CarpetX): OutputGH: iteration 128, time 0.937500, run time 53549 s
INFO (CarpetX): OutputGH done.
INFO (CarpetX): Simulation time: 0.9375   Iterations per second: 0.00130769   Simulation time per second: 9.57779e-06
INFO (CarpetX): Grid cells: 1.07643e+07   Grid cell updates per second: 14076.3
INFO (CarpetX): Performance:
INFO (CarpetX):   total evolution time:            51703.2 sec
INFO (CarpetX):   total evolution compute time:    51214.3 sec
INFO (CarpetX):   total evolution output time:     488.918 sec
INFO (CarpetX):   total iterations:                128
INFO (CarpetX):   total cells updated:             1.37783e+09
INFO (CarpetX):   average iterations per second: 0.00247567
INFO (CarpetX):   average cell updates per second: 26648.8
INFO (CarpetX): Regridding...
INFO (CarpetX): Setting max_grid_size values for all levels before regridding
INFO (CarpetX):   old levels 7, new levels 7
INFO (CarpetX):   level 0: 64 boxes, 2097152 cells (100%)
INFO (CarpetX):   level 1: 150 boxes, 3649536 cells (21.75%, 22%)
INFO (CarpetX):   level 2: 45 boxes, 921600 cells (0.6866%, 3%)
INFO (CarpetX):   level 3: 63 boxes, 1331200 cells (0.124%, 18%)
INFO (CarpetX):   level 4: 54 boxes, 921600 cells (0.01073%, 9%)
INFO (CarpetX):   level 5: 54 boxes, 921600 cells (0.001341%, 12%)
INFO (CarpetX):   level 6: 54 boxes, 921600 cells (0.0001676%, 12%)
INFO (CarpetX): OutputGH: iteration 129, time 0.944824, run time 54072 s
INFO (CarpetX): OutputGH done.
INFO (CarpetX): Simulation time: 0.944824   Iterations per second: 0.00248928   Simulation time per second: 1.82321e-05
INFO (CarpetX): Grid cells: 1.07643e+07   Grid cell updates per second: 26795.4
INFO (CarpetX): Performance:
INFO (CarpetX):   total evolution time:            52104.9 sec
INFO (CarpetX):   total evolution compute time:    51616 sec
INFO (CarpetX):   total evolution output time:     488.918 sec
INFO (CarpetX):   total iterations:                129
INFO (CarpetX):   total cells updated:             1.38859e+09
INFO (CarpetX):   average iterations per second: 0.00247577
INFO (CarpetX):   average cell updates per second: 26649.9
INFO (CarpetX): OutputGH: iteration 130, time 0.952148, run time 54458 s
INFO (CarpetX): OutputGH done.
INFO (CarpetX): Simulation time: 0.952148   Iterations per second: 0.00259905   Simulation time per second: 1.9036e-05
INFO (CarpetX): Grid cells: 1.07643e+07   Grid cell updates per second: 27976.9
INFO (CarpetX): Performance:
INFO (CarpetX):   total evolution time:            52489.7 sec
INFO (CarpetX):   total evolution compute time:    52000.8 sec
INFO (CarpetX):   total evolution output time:     488.918 sec
INFO (CarpetX):   total iterations:                130
INFO (CarpetX):   total cells updated:             1.39936e+09
INFO (CarpetX):   average iterations per second: 0.00247668
INFO (CarpetX):   average cell updates per second: 26659.7
INFO (CarpetX): OutputGH: iteration 131, time 0.959473, run time 54853 s
INFO (CarpetX): OutputGH done.
INFO (CarpetX): Simulation time: 0.959473   Iterations per second: 0.00254931   Simulation time per second: 1.86717e-05
INFO (CarpetX): Grid cells: 1.07643e+07   Grid cell updates per second: 27441.5
INFO (CarpetX): Performance:
INFO (CarpetX):   total evolution time:            52882 sec
INFO (CarpetX):   total evolution compute time:    52393 sec
INFO (CarpetX):   total evolution output time:     488.918 sec
INFO (CarpetX):   total iterations:                131
INFO (CarpetX):   total cells updated:             1.41012e+09
INFO (CarpetX):   average iterations per second: 0.00247722
INFO (CarpetX):   average cell updates per second: 26665.5
INFO (CarpetX): OutputGH: iteration 132, time 0.966797, run time 55240 s
INFO (CarpetX): OutputGH done.
INFO (CarpetX): Simulation time: 0.966797   Iterations per second: 0.00258514   Simulation time per second: 1.89341e-05
INFO (CarpetX): Grid cells: 1.07643e+07   Grid cell updates per second: 27827.2
INFO (CarpetX): Performance:
INFO (CarpetX):   total evolution time:            53268.8 sec
INFO (CarpetX):   total evolution compute time:    52779.9 sec
INFO (CarpetX):   total evolution output time:     488.918 sec
INFO (CarpetX):   total iterations:                132
INFO (CarpetX):   total cells updated:             1.42089e+09
INFO (CarpetX):   average iterations per second: 0.002478
INFO (CarpetX):   average cell updates per second: 26673.9
INFO (CarpetX): OutputGH: iteration 133, time 0.974121, run time 55633 s
INFO (CarpetX): OutputGH done.
INFO (CarpetX): Simulation time: 0.974121   Iterations per second: 0.00255581   Simulation time per second: 1.87193e-05
INFO (CarpetX): Grid cells: 1.07643e+07   Grid cell updates per second: 27511.5
INFO (CarpetX): Performance:
INFO (CarpetX):   total evolution time:            53660 sec
INFO (CarpetX):   total evolution compute time:    53171.1 sec
INFO (CarpetX):   total evolution output time:     488.918 sec
INFO (CarpetX):   total iterations:                133
INFO (CarpetX):   total cells updated:             1.43165e+09
INFO (CarpetX):   average iterations per second: 0.00247857
INFO (CarpetX):   average cell updates per second: 26680
INFO (CarpetX): OutputGH: iteration 134, time 0.981445, run time 56024 s
INFO (CarpetX): OutputGH done.
INFO (CarpetX): Simulation time: 0.981445   Iterations per second: 0.0025806   Simulation time per second: 1.89009e-05
INFO (CarpetX): Grid cells: 1.07643e+07   Grid cell updates per second: 27778.3
INFO (CarpetX): Performance:
INFO (CarpetX):   total evolution time:            54047.5 sec
INFO (CarpetX):   total evolution compute time:    53558.6 sec
INFO (CarpetX):   total evolution output time:     488.919 sec
INFO (CarpetX):   total iterations:                134
INFO (CarpetX):   total cells updated:             1.44241e+09
INFO (CarpetX):   average iterations per second: 0.0024793
INFO (CarpetX):   average cell updates per second: 26687.9
INFO (CarpetX): OutputGH: iteration 135, time 0.988770, run time 56428 s
INFO (CarpetX): OutputGH done.
INFO (CarpetX): Simulation time: 0.98877   Iterations per second: 0.0024976   Simulation time per second: 1.82929e-05
INFO (CarpetX): Grid cells: 1.07643e+07   Grid cell updates per second: 26884.8
INFO (CarpetX): Performance:
INFO (CarpetX):   total evolution time:            54447.9 sec
INFO (CarpetX):   total evolution compute time:    53959 sec
INFO (CarpetX):   total evolution output time:     488.919 sec
INFO (CarpetX):   total iterations:                135
INFO (CarpetX):   total cells updated:             1.45318e+09
INFO (CarpetX):   average iterations per second: 0.00247943
INFO (CarpetX):   average cell updates per second: 26689.3
INFO (CarpetX): OutputGH: iteration 136, time 0.996094, run time 56823 s
INFO (CarpetX): OutputGH done.
INFO (CarpetX): Simulation time: 0.996094   Iterations per second: 0.00253403   Simulation time per second: 1.85598e-05
INFO (CarpetX): Grid cells: 1.07643e+07   Grid cell updates per second: 27277
INFO (CarpetX): Performance:
INFO (CarpetX):   total evolution time:            54842.6 sec
INFO (CarpetX):   total evolution compute time:    54353.6 sec
INFO (CarpetX):   total evolution output time:     488.919 sec
INFO (CarpetX):   total iterations:                136
INFO (CarpetX):   total cells updated:             1.46394e+09
INFO (CarpetX):   average iterations per second: 0.00247983
INFO (CarpetX):   average cell updates per second: 26693.6
INFO (CarpetX): OutputGH: iteration 137, time 1.003418, run time 57214 s
INFO (CarpetX): OutputGH done.
INFO (CarpetX): Simulation time: 1.00342   Iterations per second: 0.00256011   Simulation time per second: 1.87508e-05
INFO (CarpetX): Grid cells: 1.07643e+07   Grid cell updates per second: 27557.8
INFO (CarpetX): Performance:
INFO (CarpetX):   total evolution time:            55233.2 sec
INFO (CarpetX):   total evolution compute time:    54744.3 sec
INFO (CarpetX):   total evolution output time:     488.919 sec
INFO (CarpetX):   total iterations:                137
INFO (CarpetX):   total cells updated:             1.47471e+09
INFO (CarpetX):   average iterations per second: 0.00248039
INFO (CarpetX):   average cell updates per second: 26699.7
