Using configuration: sim
Reconfiguring sim
Writing configuration to: /home/lucas.t/Cactus_tmp/configs/sim/OptionList
Cactus - version: 4.8.0
Reconfiguring sim.
Adding configuration options from '/home/lucas.t/Cactus_tmp/configs/sim/OptionList'...
  Setting VERSION to '2020-01-19'
  Setting CPP to 'cpp'
  Setting CC to 'gcc'
  Setting CXX to 'g++'
  Setting FPP to 'cpp'
  Setting F90 to 'gfortran'
  Setting CPPFLAGS to ''
  Setting FPPFLAGS to '-traditional'
  Setting CFLAGS to '-g -std=gnu11 -D_GNU_SOURCE -fcommon'
  Setting CXXFLAGS to '-g -std=gnu++11 -fcommon -fpermissive'
  Setting F90FLAGS to '-g -fcray-pointer -ffixed-line-length-none'
  Setting LDFLAGS to '-rdynamic -fcommon -fpermissive'
  Setting DEBUG to 'no'
  Setting CPP_DEBUG_FLAGS to ''
  Setting C_DEBUG_FLAGS to ''
  Setting CXX_DEBUG_FLAGS to ''
  Setting OPTIMISE to 'yes'
  Setting CPP_OPTIMISE_FLAGS to '-O3'
  Setting C_OPTIMISE_FLAGS to '-O3'
  Setting CXX_OPTIMISE_FLAGS to '-O3'
  Setting F90_OPTIMISE_FLAGS to '-O3'
  Setting PROFILE to 'no'
  Setting CPP_PROFILE_FLAGS to '-pg'
  Setting C_PROFILE_FLAGS to '-pg'
  Setting CXX_PROFILE_FLAGS to '-pg'
  Setting F90_PROFILE_FLAGS to '-pg'
  Setting WARN to 'yes'
  Setting CPP_WARN_FLAGS to '-Wall'
  Setting C_WARN_FLAGS to '-Wall'
  Setting CXX_WARN_FLAGS to '-Wall'
  Setting F90_WARN_FLAGS to '-Wall'
  Setting OPENMP to 'yes'
  Setting CPP_OPENMP_FLAGS to '-fopenmp'
  Setting FPP_OPENMP_FLAGS to '-D_OPENMP'
  Setting C_OPENMP_FLAGS to '-fopenmp'
  Setting CXX_OPENMP_FLAGS to '-fopenmp'
  Setting F90_OPENMP_FLAGS to '-fopenmp'
  Setting VECTORISE to 'yes'
  Setting VECTORISE_ALIGNED_ARRAYS to 'no'
  Setting VECTORISE_INLINE to 'yes'
  Setting PTHREADS_DIR to 'NO_BUILD'
End of options from '/home/lucas.t/Cactus_tmp/configs/sim/OptionList'.
creating cache ./config.cache
checking host system type... x86_64-pc-linux-gnu
checking for mawk... no
checking for gawk... gawk
checking whether make sets ${MAKE}... yes
checking whether the C compiler (gcc -g -std=gnu11 -D_GNU_SOURCE -fcommon -rdynamic -fcommon -fpermissive) works... yes
checking whether the C compiler (gcc -g -std=gnu11 -D_GNU_SOURCE -fcommon -rdynamic -fcommon -fpermissive) is a cross-compiler... no
checking whether we are using GNU C... yes
checking whether the C++ compiler (g++ -g -std=gnu++11 -fcommon -fpermissive -rdynamic -fcommon -fpermissive) works... yes
checking whether the C++ compiler (g++ -g -std=gnu++11 -fcommon -fpermissive -rdynamic -fcommon -fpermissive) is a cross-compiler... no
checking whether we are using GNU C++... yes
checking for nvcc... no
checking for ranlib... ranlib
checking for perl... perl
checking for gtar... gtar
checking for xargs... xargs
checking for gzip... gzip
checking for gpatch... no
checking for patch... patch
checking for git... git
checking for ar... ar
checking for mkdir... mkdir
checking for bash... /bin/sh
checking whether the Fortran compiler (gfortran  ) works... yes
checking whether the Fortran compiler (gfortran  ) is a cross-compiler... no
checking whether the Fortran compiler (gfortran  ) supports TYPE(*)... yes
checking how to run the C preprocessor... cpp
checking for ANSI C header files... yes
checking for C99 features... yes
checking for M_PI... yes
checking for C strdup... yes
checking for C++ strdup... yes
checking whether byte ordering is bigendian... no
checking size of long long... 8
checking size of long int... 8
checking size of int... 4
checking size of short int... 2
checking size of long double... 16
checking size of double... 8
checking size of float... 4
checking size of char *... 8
checking for the null device... /dev/null
checking for gethostbyname... yes
checking whether mode_t is defined... yes
checking for availability of gettimeofday timing... yes
checking if gettimeofday needs timezone... yes
checking for availability of getrusage timing... yes
checking for availability of _ftime timing... no
checking for time.h... yes
checking for sys/time.h... yes
checking for sys/types.h... yes
checking for unistd.h... yes
checking for string.h... yes
checking for assert.h... yes
checking for tgmath.h... yes
checking for sys/stat.h... yes
checking for getopt.h... yes
checking for dirent.h... yes
checking for c_asm.h... no
checking for intrinsics.h... no
checking for mach/mach_time.h... no
checking for regex.h... yes
checking for sys/filio.h... no
checking for sys/ioctl.h... yes
checking for sys/socket.h... yes
checking for netinet/in.h... yes
checking for netdb.h... yes
checking for arpa/inet.h... yes
checking for winsock2.h... no
checking for crypt.h... yes
checking for signal.h... yes
checking for malloc.h... yes
checking for sched.h... yes
checking for execinfo.h... yes
checking whether time.h and sys/time.h may both be included... yes
checking whether socklen_t is defined... yes
checking whether SOCKET is defined... no
checking for hrtime_t... no
checking for gethrtime... no
checking for read_real_time... no
checking for time_base_to_time... no
checking for clock_gettime... yes
checking for mach_absolute_time... no
checking for _rtc intrinsic... no
checking for mallinfo... yes
checking for mallopt... yes
checking whether M_MMAP_THRESHOLD is defined... yes
checking for sched_getaffinity... yes
checking for getpid... yes
checking if __int64 is defined... no
checking if __int128 is defined... yes
checking for vector... yes
checking for vector.h... no
checking if Intel compiler has buggy restrict... no
checking if compiler has buggy omp collapse... no
checking for getopt_long_only... yes
checking for working const... yes
checking for C inline... inline
checking for C static inline... static inline
checking for C restrict... restrict
checking for C++ restrict... __restrict__
checking for C++ copysign... std::copysign
checking for C++ fpclassify... std::fpclassify
checking for C++ isfinite... std::isfinite
checking for C++ isinf... std::isinf
checking for C++ isnan... std::isnan
checking for C++ isnormal... std::isnormal
checking for C++ signbit... std::signbit
checking for C _Pragma... yes
checking for C data __attribute__((__common__))... yes
checking for C+ data __attribute__((__common__))... yes
checking for C function __attribute__((__noinline__))... yes
checking for C++ function __attribute__((__noinline__))... yes
checking for C++ member function __attribute__((__noinline__))... yes
checking for C function __attribute__((__always_inline__))... yes
checking for C++ function __attribute__((__always_inline__))... yes
checking for C++ member function __attribute__((__always_inline__))... yes
checking for C __attribute__((__unused__))... yes
checking for C++ __attribute__((__unused__))... yes
checking for C __attribute__((__aligned__(...)))... yes
checking for C++ __attribute__((__aligned__(...)))... yes
checking for C __attribute__((__cold__))... yes
checking for C++ __attribute__((__cold__))... yes
checking for C __attribute__((__hot__))... yes
checking for C++ __attribute__((__hot__))... yes
checking for C __attribute__((__format__(printf, 1, 2)))... yes
checking for C++ __attribute__((__format__(printf, 1, 2)))... yes
checking for C __attribute__((__noreturn__))... yes
checking for C++ __attribute__((__noreturn__))... yes
checking for C __attribute__((__nonnull__))... yes
checking for C++ __attribute__((__nonnull__))... yes
checking for C __attribute__((__returns_nonnull__))... yes
checking for C++ __attribute__((__returns_nonnull__))... yes
checking for C __builtin_expect... yes
checking for C++ __builtin_expect... yes
checking for C __builtin_trap... yes
checking for C++ __builtin_trap... yes
checking for C __builtin_unreachable... yes
checking for C++ __builtin_unreachable... yes
checking for C __builtin_assume_aligned... yes
checking for C++ __builtin_assume_aligned... yes
checking for C++ static_assert... yes
checking for C++ auto specifier... yes
checking for C++ lambda expressions... yes
checking for C++ range-based for statements... yes
checking for Fortran REAL*4... yes
checking for Fortran REAL*8... yes
checking for Fortran REAL*16... yes
checking for Fortran COMPLEX*8... yes
checking for Fortran COMPLEX*16... yes
checking for Fortran COMPLEX*32... yes
checking for cxxabi.h... yes
checking for __cxa_demangle... yes
checking for Dl_info.dli_sname... yes
checking for dladdr... no
checking for dladdr in library dl... yes
checking for backtrace... yes
checking for backtrace_symbols... yes
checking for crypt... no
checking for crypt in library crypt... yes
checking for finite in header math.h and library m... yes
checking for copysign in header math.h and library m... yes
checking for fpclassify in header math.h and library m... yes
checking for isfinite in header math.h and library m... yes
checking for isinf in header math.h and library m... yes
checking for isnan in header math.h and library m... yes
checking for isnormal in header math.h and library m... yes
checking for signbit in header math.h and library m... yes
checking for mkstemp... yes
checking for va_copy... yes
checking whether linker supports --whole-archive... yes
checking whether linker supports -filelist... no
creating cctk_Archdefs.h
creating make.arch.defn
creating cctk_Extradefs.h
creating make.extra.defn
updating cache ./config.cache
creating ./config.status
creating make.config.defn
creating make.config.deps
creating make.config.rules
creating cctk_Config.h
Determining number of fortran underscores...
Compiling test file with gfortran -g -fcray-pointer -ffixed-line-length-none ...
Lowercase - One trailing underscore
Compiling test file with gfortran -g -fcray-pointer -ffixed-line-length-none ...
Lowercase - One trailing underscore
Use make sim to build the configuration.
Complete rebuild required
Cleaning sim
Cleaning configuration sim
Deleting all built files in /home/lucas.t/Cactus_tmp/configs/sim
Warning: default submit script contents have changed
Updated script file for configuration sim
Warning: default run script contents have changed
Updated runscript file for configuration sim
Warning: default thorn list contents have changed
Updated thorn list for configuration sim
Building sim
Cactus - version: 4.8.0
Building configuration sim
Processing CCL files
Reading ThornList...
Parsing configuration files...
   ADMAnalysis
           Requires:          CartGrid3D 
   ADMBase
           Requires:          CartGrid3D 
   ADMDerivatives
           Requires thorns:   SummationByParts
   ADMMacros
           Provides:          ADMMacros 
   ADMScalarWave
           Requires:          CartGrid3D 
   AHFinder
           Requires:          CartGrid3D 
   AHFinderDirect
           Optional:          HDF5 
           Requires thorns:   SpaceMask
   Boundary
           Provides:          Boundary 
   CT_Analytic
           Requires:          GenericFD 
           Optional:          LoopControl 
   CT_MultiLevel
           Requires:          Carpet MPI 
   Cactus
           Optional:          MPI 
   CalcK
           Requires:          CartGrid3D Fortran 
   Carpet
           Provides:          Carpet 
           Requires:          CarpetLib IOUtil MPI Timers 
           Optional:          LoopControl 
   CarpetEvolutionMask
           Requires:          Carpet 
   CarpetIOASCII
           Requires:          Carpet CarpetLib IOUtil 
           Optional:          SDF 
   CarpetIOBasic
           Requires:          Carpet CarpetLib IOUtil 
   CarpetIOHDF5
           Provides:          CarpetIOHDF5 
           Requires:          Carpet CarpetLib IOUtil HDF5 
           Optional:          MPI 
   CarpetIOScalar
           Requires:          Carpet CarpetLib IOUtil 
   CarpetIntegrateTest
           Requires:          Carpet 
   CarpetInterp
           Requires:          Carpet CarpetLib MPI 
   CarpetInterp2
           Requires:          Carpet CarpetLib 
   CarpetLib
           Provides:          CarpetLib 
           Requires:          MPI Vectors 
           Optional:          Boost CycleClock LoopControl HRSCCore 
   CarpetMask
           Optional:          LoopControl 
   CarpetProlongateTest
           Requires:          Fortran 
   CarpetReduce
           Requires:          Carpet CarpetLib MPI 
           Optional:          LoopControl 
   CarpetRegrid
           Requires:          Carpet CarpetLib 
   CarpetRegrid2
           Requires:          Carpet CarpetLib 
   CarpetSlab
           Requires:          Carpet CarpetLib 
   CartGrid3D
           Provides:          CartGrid3D 
           Requires:          CoordBase 
   Cartoon2D
           Requires:          SpaceMask 
   CoordBase
           Provides:          CoordBase 
   Coordinates
           Requires:          Carpet TensorTypes TGRtensor 
   CycleClock
           Provides:          CycleClock 
   Dissipation
           Requires thorns:   SphericalSurface
   EHFinder
           Requires thorns:   CartGrid3D
   EOS_Base
           Provides:          EOS_Base 
   EOS_Hybrid
           Requires:          EOS_Base EOS_Polytrope 
   EOS_Omni
           Provides:          EOS_Omni 
           Requires:          HDF5 
           Optional:          MPI 
   EOS_Polytrope
           Provides:          EOS_Polytrope 
           Requires:          EOS_Base 
   EllBase
           Provides:          EllBase 
   EllSOR
           Requires:          Boundary CartGrid3D 
   Exact
           Requires thorns:   CoordGauge
   FFTW3
           Provides:          FFTW3 
           Requires:          FFTW3 
   Formaline
           Optional:          MPI PTHREADS 
   Fortran
           Provides:          Fortran 
           Requires:          Fortran 
   GRHydro
           Requires:          EOS_Omni Boundary CartGrid3D SpaceMask 
           Optional:          EOS_Polytrope 
           Optional-ifactive: Carpet 
   GRHydro_InitData
           Requires:          EOS_Omni Fortran 
   GSL
           Provides:          GSL 
           Requires:          GSL 
   GaugeWave
           Requires:          GenericFD 
           Optional:          LoopControl 
   GenericFD
           Provides:          GenericFD 
   GiRaFFE
           Provides:          GiRaFFE 
           Requires:          Boundary CartGrid3D SpaceMask 
   GiRaFFEfood
           Provides:          GiRaFFEFood 
           Requires:          Boundary CartGrid3D SpaceMask ShiftedKerrSchild GSL 
   GlobalDerivative
           Requires:          SummationByParts 
   HDF5
           Provides:          HDF5 
           Requires:          HDF5 zlib 
           Optional:          MPI 
   HTTPD
           Provides:          HTTPD 
           Requires:          SOCKET 
           Optional:          MPI PTHREADS 
   HTTPDExtra
           Requires:          HTTPD IOUTIL 
           Optional:          MPI 
   HighOrderWaveTest
   HydroBase
   Hydro_Analysis
           Requires:          LoopControl 
           Optional:          Fortran 
   Hydro_RNSID
           Requires:          EOS_Base Boundary CartGrid3D SpaceMask HDF5 
           Optional:          MPI 
   IDAxiBrillBH
           Requires:          Fortran 
   IDBrillData
           Requires:          CartGrid3D 
   IOASCII
           Requires:          IOUtil 
           Requires thorns:   IOUtil
   IOBasic
           Requires:          IOUtil 
           Requires thorns:   IOUtil
   IOHDF5
           Requires:          IOHDF5Util HDF5 IOUtil PUGH 
           Optional:          FlexIO SDF MPI 
   IOHDF5Util
           Provides:          IOHDF5Util 
           Requires:          PUGH IOUtil HDF5 
           Optional:          MPI 
   IOJpeg
           Requires:          libjpeg 
   IOUtil
           Provides:          IOUTIL 
   IllinoisGRMHD
           Provides:          IllinoisGRMHD 
           Requires:          EOS_Omni Boundary CartGrid3D SpaceMask 
   Interpolate2
           Requires:          Carpet TGRtensor LAPACK LoopControl 
           Requires thorns:   CarpetInterp2
   KerrSchild
           Requires:          GenericFD 
           Optional:          LoopControl 
   LORENE
           Provides:          LORENE 
           Requires:          BLAS LAPACK GSL LORENE 
   LeanBSSNMoL
   LlamaWaveToy
           Requires:          Fortran TGRtensor LAPACK 
   LoopControl
           Provides:          LoopControl 
           Optional:          CycleClock hwloc Vectors 
   ML_ADMConstraints
           Requires:          GenericFD 
           Optional:          LoopControl 
   ML_ADMQuantities
           Requires:          GenericFD 
           Optional:          LoopControl 
   ML_BSSN
           Requires:          GenericFD LoopControl Vectors 
   ML_BSSN_Helper
           Requires thorns:   CartGrid3D CoordGauge
   ML_CCZ4
           Requires:          GenericFD LoopControl Vectors 
   ML_CCZ4_Helper
           Requires thorns:   CartGrid3D CoordGauge
   ML_WaveToy
           Requires:          GenericFD LoopControl Vectors 
   MPI
           Provides:          MPI 
           Requires:          MPI 
           Optional:          hwloc 
   MajumdarPapapetrou
           Requires:          GenericFD 
           Optional:          LoopControl 
   MemSpeed
           Requires:          Vectors 
           Optional:          MPI 
   Meudon_Bin_BH
           Requires:          LORENE 
   Meudon_Bin_NS
           Requires:          LORENE 
   Meudon_Mag_NS
           Requires:          LORENE 
   Minkowski
           Requires:          GenericFD 
           Optional:          LoopControl 
   MoL
   ModifiedSchwarzschildBL
           Requires:          GenericFD 
           Optional:          LoopControl 
   Multipole
           Optional:          HDF5 
   NPScalars
   NPScalars_Proca
   NaNChecker
           Provides:          NaNChecker 
   NewRad
           Requires:          GenericFD 
   NoExcision
           Optional-ifactive: Carpet 
   NoMPI
           Optional:          MPI 
   NullConstr
           Requires thorns:   Fortran NullEvolve NullGrid NullInterp
   NullEvolve
           Requires thorns:   Fortran NullDecomp NullGrid NullInterp
   NullExact
           Requires thorns:   Fortran NullEvolve NullGrid NullInterp
   NullGrid
           Provides:          NullGrid 
           Requires thorns:   Fortran
   NullInterp
           Provides:          NullInterp 
           Requires:          Fortran 
           Requires thorns:   NullGrid
   NullNews
           Requires:          MPI 
           Requires thorns:   NullDecomp NullGrid NullInterp
   NullPsiInt
           Requires thorns:   Fortran NullGrid NullNews
   NullSHRExtract
           Provides:          NullSHRExtraction 
           Requires thorns:   Fortran NullDecomp NullEvolve NullGrid NullInterp
   NullVars
           Provides:          NullVars 
   OpenBLAS
           Provides:          OpenBLAS BLAS LAPACK 
           Requires:          OpenBLAS 
   OpenSSL
           Provides:          OpenSSL 
   Outflow
           Requires thorns:   HydroBase
   PAPI
           Provides:          PAPI 
           Requires:          PAPI 
   PUGH
           Provides:          PUGH 
           Optional:          MPI Vectors 
   PUGHInterp
           Requires:          PUGH 
           Optional:          MPI 
   PUGHReduce
           Requires:          PUGH 
           Optional:          MPI 
   PUGHSlab
           Requires:          PUGH 
           Optional:          MPI 
   Periodic
           Requires thorns:   Slab
   PeriodicCarpet
           Requires:          Carpet CarpetLib 
   Poisson
           Requires:          Boundary Carpet CartGrid3D TATelliptic 
   Proca_simpleID
   QuasiLocalMeasures
           Requires:          Boundary Fortran LAPACK TGRtensor 
           Optional:          MPI 
   RotatingSymmetry180
           Requires thorns:   Slab
   RotatingSymmetry90
           Requires thorns:   Slab
   SampleIO
           Requires:          IOUtil 
   ShiftedGaugeWave
           Requires:          GenericFD 
           Optional:          LoopControl 
   ShiftedKerrSchild
           Provides:          ShiftedKerrSchild 
           Requires:          Boundary CartGrid3D GiRaFFE 
   Slab
           Provides:          Slab 
           Optional:          LoopControl MPI 
   Socket
           Provides:          SOCKET 
   SpaceMask
           Provides:          SpaceMask 
           Requires:          CartGrid3D 
   SphericalHarmonicDecomp
           Requires:          HDF5 GSL 
   SphericalHarmonicRecon
           Requires:          HDF5 FFTW3 MPI 
   SphericalHarmonicReconGen
           Requires:          HDF5 
   SummationByParts
           Provides:          SummationByParts 
   SystemTopology
           Requires:          hwloc MPI 
   TATelliptic
           Provides:          TATelliptic 
   TGRtensor
           Provides:          TGRtensor 
           Requires:          LAPACK 
   TOVSolver
           Requires thorns:   Boundary CartGrid3D SpaceMask
   TensorTypes
           Provides:          TensorTypes 
   TestCarpetGridInfo
           Requires:          Carpet 
   TestFortranCrayPointers
           Requires:          Fortran 
   TestFortranDependencies1
           Requires:          TestFortranDependencies 
   TestFortranDependencies2
           Provides:          TestFortranDependencies 
   TestLoopControl
           Requires:          LoopControl 
   TestMoL
   TimerReport
           Optional:          MPI 
   Timers
           Provides:          Timers 
           Requires:          CarpetLib 
   TmunuBase
           Requires thorns:   ADMMacros
   TwoPunctures
           Requires:          GSL 
   TwoPunctures_KerrProca
           Requires:          GSL 
   Vaidya2
           Requires:          GenericFD 
           Optional:          LoopControl 
   Vectors
           Provides:          Vectors 
           Requires:          Vectors 
   WatchDog
           Requires:          PTHREADS 
   WaveExtractL
           Requires:          Carpet 
           Requires thorns:   ADMDerivatives NaNChecker
   WaveMoL
           Requires:          CartGrid3D 
   WaveToy1DF77
           Requires:          Boundary 
   WaveToy2DF77
           Requires:          Boundary 
   WaveToyC
           Requires:          CartGrid3D 
   WaveToyCXX
           Requires:          CartGrid3D 
   WaveToyF77
           Requires:          CartGrid3D 
   WaveToyF90
           Requires:          CartGrid3D 
   WaveToyFreeF90
           Requires:          CartGrid3D 
   WeylScal4
           Requires:          GenericFD LoopControl Vectors 
   hwloc
           Provides:          hwloc 
           Requires:          zlib hwloc 
           Optional:          pciutils 
   libjpeg
           Provides:          libjpeg 
   pthreads
           Provides:          PTHREADS 
           Requires:          PTHREADS 
   zlib
           Provides:          zlib 
Parsing interface files...
   ADMAnalysis
           Implements: ADMAnalysis
           Inherits:  ADMBase StaticConformal Grid ADMMacros 
           6 Public, 0 Protected, 0 Private variable groups
   ADMBase
           Implements: ADMBase
           Inherits:  grid 
           9 Public, 0 Protected, 0 Private variable groups
   ADMCoupling
           Implements: ADMCoupling
           0 Public, 0 Protected, 0 Private variable groups
   ADMDerivatives
           Implements: ADMDerivatives
           Inherits:  Coordinates ADMBase 
           5 Public, 0 Protected, 0 Private variable groups
   ADMMacros
           Implements: ADMMacros
           1 Public, 0 Protected, 0 Private variable groups
   ADMMass
           Implements: ADMMass
           Inherits:  ADMBase ADMMacros StaticConformal SpaceMask 
           0 Public, 0 Protected, 6 Private variable groups
   ADMScalarWave
           Implements: ADMScalarWave
           Inherits:  ADMBase Grid 
           2 Public, 0 Protected, 0 Private variable groups
   AEILocalInterp
           Implements: AEILocalInterp
           0 Public, 0 Protected, 0 Private variable groups
   AHFinder
           Implements: AHFinder
           Inherits:  ADMBase StaticConformal SpaceMask Grid IO ADMMacros 
           6 Public, 0 Protected, 10 Private variable groups
   AHFinderDirect
           Implements: AHFinderDirect
           Inherits:  Grid ADMBase StaticConformal SpaceMask SphericalSurface IO 
           0 Public, 0 Protected, 5 Private variable groups
   Baikal
           Implements: Baikal
           Inherits:  ADMBase Boundary Grid MethodofLines TmunuBase 
           4 Public, 0 Protected, 0 Private variable groups
   BaikalVacuum
           Implements: BaikalVacuum
           Inherits:  ADMBase Boundary Grid MethodofLines 
           4 Public, 0 Protected, 0 Private variable groups
   Boundary
           Implements: boundary
           0 Public, 0 Protected, 0 Private variable groups
   CT_Analytic
           Implements: CT_Analytic
           Inherits:  Boundary GenericFD Grid 
           40 Public, 0 Protected, 0 Private variable groups
   CT_MultiLevel
           Implements: CT_MultiLevel
           Inherits:  Boundary Grid 
           0 Public, 0 Protected, 9 Private variable groups
   Cactus
           Implements: Cactus
           0 Public, 0 Protected, 0 Private variable groups
   CalcK
           Implements: CalcK
           Inherits:  ADMBase StaticConformal 
           0 Public, 0 Protected, 3 Private variable groups
   Carpet
           Implements: Driver
           0 Public, 0 Protected, 6 Private variable groups
   CarpetEvolutionMask
           Implements: CarpetEvolutionMask
           2 Public, 0 Protected, 0 Private variable groups
   CarpetIOASCII
           Implements: IOASCII
           0 Public, 0 Protected, 3 Private variable groups
   CarpetIOBasic
           Implements: IOBasic
           Inherits:  IO 
           0 Public, 0 Protected, 3 Private variable groups
   CarpetIOHDF5
           Implements: IOHDF5
           0 Public, 0 Protected, 6 Private variable groups
   CarpetIOScalar
           Implements: IOScalar
           0 Public, 0 Protected, 3 Private variable groups
   CarpetIntegrateTest
           Implements: CarpetIntegrateTest
           Inherits:  Reduce Grid Driver 
           0 Public, 0 Protected, 1 Private variable groups
   CarpetInterp
           Implements: interp
           0 Public, 0 Protected, 0 Private variable groups
   CarpetInterp2
           Implements: interp2
           0 Public, 0 Protected, 0 Private variable groups
   CarpetLib
           Implements: CarpetLib
           0 Public, 0 Protected, 0 Private variable groups
   CarpetMask
           Implements: CarpetMask
           Inherits:  grid SphericalSurface 
           0 Public, 0 Protected, 0 Private variable groups
   CarpetProlongateTest
           Implements: CarpetProlongateTest
           Inherits:  grid 
           0 Public, 0 Protected, 6 Private variable groups
   CarpetReduce
           Implements: reduce
           0 Public, 0 Protected, 4 Private variable groups
   CarpetRegrid
           Implements: CarpetRegrid
           0 Public, 0 Protected, 0 Private variable groups
   CarpetRegrid2
           Implements: CarpetRegrid2
           6 Public, 0 Protected, 6 Private variable groups
   CarpetRegridTest
           Implements: CarpetRegridTest
           Inherits:  grid 
           0 Public, 0 Protected, 1 Private variable groups
   CarpetSlab
           Implements: Hyperslab
           0 Public, 0 Protected, 0 Private variable groups
   CarpetTracker
           Implements: CarpetTracker
           Inherits:  SphericalSurface CarpetRegrid2 
           0 Public, 0 Protected, 0 Private variable groups
   CartGrid3D
           Implements: grid
           Inherits:  coordbase 
           2 Public, 0 Protected, 0 Private variable groups
   Cartoon2D
           Implements: cartoon2d
           0 Public, 0 Protected, 1 Private variable groups
   Constants
           Implements: Constants
           0 Public, 0 Protected, 0 Private variable groups
   Convert_to_HydroBase
           Implements: Convert_to_HydroBase
           Inherits:  grid HydroBase ADMBase IllinoisGRMHD 
           0 Public, 0 Protected, 0 Private variable groups
   CoordBase
           Implements: CoordBase
           0 Public, 0 Protected, 0 Private variable groups
   CoordGauge
           Implements: CoordGauge
           1 Public, 0 Protected, 0 Private variable groups
   Coordinates
           Implements: Coordinates
           Inherits:  grid 
           10 Public, 0 Protected, 0 Private variable groups
   CoordinatesSymmetry
           Implements: CoordinatesSymmetry
           0 Public, 0 Protected, 0 Private variable groups
   CycleClock
           Implements: CycleClock
           0 Public, 0 Protected, 0 Private variable groups
   DemoInterp
           Implements: DemoInterp
           0 Public, 0 Protected, 9 Private variable groups
   Dissipation
           Implements: Dissipation
           Inherits:  grid SphericalSurface SpaceMask 
           0 Public, 0 Protected, 1 Private variable groups
   DistortedBHIVP
           Implements: distortedbhivp
           Inherits:  ADMBase grid StaticConformal 
           0 Public, 0 Protected, 2 Private variable groups
   EHFinder
           Implements: ehfinder
           Inherits:  grid admbase coordgauge staticconformal spacemask boundary 
           0 Public, 0 Protected, 54 Private variable groups
   EOS_Base
           Implements: EOS_Base
           0 Public, 0 Protected, 0 Private variable groups
   EOS_Hybrid
           Implements: EOS_Hybrid
           Inherits:  HydroBase EOS_2d_Polytrope 
           0 Public, 0 Protected, 1 Private variable groups
   EOS_IdealFluid
           Implements: EOS_Ideal_Fluid
           Inherits:  EOS_Base 
           0 Public, 0 Protected, 0 Private variable groups
   EOS_Omni
           Implements: EOS_Omni
           0 Public, 0 Protected, 0 Private variable groups
   EOS_Polytrope
           Implements: EOS_2d_Polytrope
           Inherits:  EOS_Base 
           0 Public, 0 Protected, 0 Private variable groups
   EinsteinExact_Test
           Implements: EinsteinExact_Test
           0 Public, 0 Protected, 0 Private variable groups
   EllBase
           Implements: ellbase
           0 Public, 0 Protected, 0 Private variable groups
   EllSOR
           Implements: ellsor
           Inherits:  ellbase boundary 
           0 Public, 0 Protected, 0 Private variable groups
   Exact
           Implements: exact
           Inherits:  admbase grid coordgauge staticconformal 
           Friend of: ADMCoupling 
           0 Public, 2 Protected, 3 Private variable groups
   Extract
           Implements: extract
           Inherits:  grid ADMBase staticconformal io 
           0 Public, 0 Protected, 1 Private variable groups
   FFTW3
           Implements: FFTW3
           0 Public, 0 Protected, 0 Private variable groups
   FishboneMoncriefID
           Implements: FishboneMoncriefID
           Inherits:  admbase grid hydrobase 
           0 Public, 0 Protected, 0 Private variable groups
   FleshInfo
           Implements: FleshInfo
           0 Public, 0 Protected, 0 Private variable groups
   Formaline
           Implements: Formaline
           0 Public, 0 Protected, 0 Private variable groups
   Fortran
           Implements: Fortran
           0 Public, 0 Protected, 0 Private variable groups
   GRHydro
           Implements: GRHydro
           Inherits:  ADMBase Boundary SpaceMask Tmunubase HydroBase 
           52 Public, 0 Protected, 38 Private variable groups
   GRHydro_InitData
           Implements: GRHydro_init_data
           Inherits:  GRHydro grid EOS_Omni 
           0 Public, 3 Protected, 1 Private variable groups
   GSL
           Implements: GSL
           0 Public, 0 Protected, 0 Private variable groups
   GaugeWave
           Implements: GaugeWave
           Inherits:  admbase Boundary GenericFD Grid 
           6 Public, 0 Protected, 0 Private variable groups
   GenericFD
           Implements: GenericFD
           0 Public, 0 Protected, 2 Private variable groups
   GiRaFFE
           Implements: GiRaFFE
           Inherits:  ADMBase Boundary SpaceMask Tmunubase HydroBase grid 
           8 Public, 0 Protected, 10 Private variable groups
   GiRaFFE_to_HydroBase
           Implements: GiRaFFE_to_HydroBase
           Inherits:  grid HydroBase ADMBase GiRaFFE 
           0 Public, 0 Protected, 0 Private variable groups
   GiRaFFEfood
           Implements: GiRaFFEFood
           Inherits:  HydroBase ADMBase Boundary SpaceMask grid GiRaFFE ShiftedKerrSchild 
           0 Public, 6 Protected, 0 Private variable groups
   GlobalDerivative
           Implements: GlobalDerivative
           Inherits:  grid SummationByParts Coordinates 
           0 Public, 0 Protected, 0 Private variable groups
   HDF5
           Implements: HDF5
           0 Public, 0 Protected, 0 Private variable groups
   HTTPD
           Implements: HTTPD
           Inherits:  Socket 
           0 Public, 0 Protected, 0 Private variable groups
   HTTPDExtra
           Implements: http_utils
           0 Public, 0 Protected, 0 Private variable groups
   HelloWorld
           Implements: helloworld
           0 Public, 0 Protected, 0 Private variable groups
   HighOrderWaveTest
           Implements: HighOrderWaveTest
           0 Public, 0 Protected, 0 Private variable groups
   HydroBase
           Implements: HydroBase
           Inherits:  InitBase 
           13 Public, 0 Protected, 0 Private variable groups
   Hydro_Analysis
           Implements: Hydro_Analysis
           Inherits:  Grid HydroBase ADMBase 
           9 Public, 0 Protected, 5 Private variable groups
   Hydro_InitExcision
           Implements: Hydro_InitExcision
           Inherits:  HydroBase Grid SpaceMask 
           0 Public, 0 Protected, 0 Private variable groups
   Hydro_RNSID
           Implements: hydro_rnsid
           Inherits:  ADMBase HydroBase 
           0 Public, 0 Protected, 0 Private variable groups
   IDAnalyticBH
           Implements: idanalyticbh
           Inherits:  ADMBase StaticConformal Grid 
           0 Public, 0 Protected, 0 Private variable groups
   IDAxiBrillBH
           Implements: idaxibrillbh
           Inherits:  ADMBase grid StaticConformal 
           0 Public, 0 Protected, 0 Private variable groups
   IDAxiOddBrillBH
           Implements: axiodd
           Inherits:  ADMBase grid StaticConformal 
           0 Public, 0 Protected, 2 Private variable groups
   IDBrillData
           Implements: IDBrillData
           Inherits:  grid ADMBase StaticConformal ellbase 
           0 Public, 0 Protected, 2 Private variable groups
   IDConstraintViolate
           Implements: idconstraintviolate
           Inherits:  admbase grid 
           0 Public, 0 Protected, 0 Private variable groups
   IDFileADM
           Implements: IDFileADM
           Inherits:  ADMBase StaticConformal IO 
           0 Public, 0 Protected, 0 Private variable groups
   IDLinearWaves
           Implements: idlinearwaves
           Inherits:  ADMBase StaticConformal Grid 
           0 Public, 0 Protected, 0 Private variable groups
   IDScalarWave
           Implements: idscalarwave
           Inherits:  wavetoy grid 
           0 Public, 0 Protected, 0 Private variable groups
   IDScalarWaveC
           Implements: idscalarwave
           Inherits:  wavetoy grid 
           0 Public, 0 Protected, 0 Private variable groups
   IDScalarWaveCXX
           Implements: idscalarwave
           Inherits:  wavetoy grid 
           0 Public, 0 Protected, 0 Private variable groups
   IDScalarWaveElliptic
           Implements: IDScalarWaveElliptic
           Inherits:  Grid WaveToy EllBase IDScalarWave 
           0 Public, 0 Protected, 2 Private variable groups
   IDWaveMoL
           Implements: idwavemol
           Inherits:  wavemol grid 
           0 Public, 0 Protected, 0 Private variable groups
   ID_converter_GiRaFFE
           Implements: ID_converter_GiRaFFE
           Inherits:  ADMBase Boundary SpaceMask Tmunubase HydroBase grid GiRaFFE 
           0 Public, 0 Protected, 0 Private variable groups
   ID_converter_ILGRMHD
           Implements: ID_converter_ILGRMHD
           Inherits:  ADMBase Boundary SpaceMask Tmunubase HydroBase grid IllinoisGRMHD 
           0 Public, 0 Protected, 0 Private variable groups
   IOASCII
           Implements: IOASCII
           0 Public, 0 Protected, 0 Private variable groups
   IOBasic
           Implements: IOBasic
           Inherits:  IO 
           0 Public, 0 Protected, 2 Private variable groups
   IOHDF5
           Implements: IOHDF5
           0 Public, 0 Protected, 0 Private variable groups
   IOHDF5Util
           Implements: IOHDF5Util
           Inherits:  IO 
           0 Public, 0 Protected, 0 Private variable groups
   IOJpeg
           Implements: IOJpeg
           Inherits:  IO 
           0 Public, 0 Protected, 0 Private variable groups
   IOUtil
           Implements: IO
           0 Public, 0 Protected, 0 Private variable groups
   IllinoisGRMHD
           Implements: IllinoisGRMHD
           Inherits:  ADMBase Boundary SpaceMask Tmunubase HydroBase grid 
           12 Public, 0 Protected, 10 Private variable groups
   InitBase
           Implements: InitBase
           0 Public, 0 Protected, 0 Private variable groups
   InterpToArray
           Implements: InterpToArray
           7 Public, 0 Protected, 0 Private variable groups
   Interpolate2
           Implements: Interpolate
           Inherits:  Coordinates grid 
           1 Public, 0 Protected, 1 Private variable groups
   KerrSchild
           Implements: KerrSchild
           Inherits:  admbase Boundary GenericFD Grid 
           6 Public, 0 Protected, 0 Private variable groups
   LORENE
           Implements: LORENE
           0 Public, 0 Protected, 0 Private variable groups
   LeanBSSNMoL
           Implements: LeanBSSNMoL
           Inherits:  ADMBase TmunuBase Boundary CoordGauge 
           14 Public, 0 Protected, 0 Private variable groups
   LlamaWaveToy
           Implements: LlamaWaveToy
           Inherits:  grid Coordinates GlobalDerivative SummationByParts Interpolate 
           0 Public, 0 Protected, 22 Private variable groups
   LocalInterp
           Implements: LocalInterp
           0 Public, 0 Protected, 0 Private variable groups
   LocalInterp2
           Implements: LocalInterp
           0 Public, 0 Protected, 0 Private variable groups
   LocalReduce
           Implements: LocalReduce
           0 Public, 0 Protected, 0 Private variable groups
   LoopControl
           Implements: LoopControl
           Inherits:  CycleClock 
           0 Public, 0 Protected, 0 Private variable groups
   ML_ADMConstraints
           Implements: ML_ADMConstraints
           Inherits:  ADMBase Boundary GenericFD Grid TmunuBase 
           2 Public, 0 Protected, 0 Private variable groups
   ML_ADMQuantities
           Implements: ML_ADMQuantities
           Inherits:  ADMBase Boundary GenericFD Grid ML_BSSN TmunuBase 
           2 Public, 0 Protected, 0 Private variable groups
   ML_BSSN
           Implements: ML_BSSN
           Inherits:  ADMBase Boundary GenericFD Grid TmunuBase 
           23 Public, 0 Protected, 0 Private variable groups
   ML_BSSN_Helper
           Implements: ML_BSSN_Helper
           Inherits:  ADMBase CoordGauge ML_BSSN 
           0 Public, 0 Protected, 0 Private variable groups
   ML_BSSN_Test
           Implements: ML_BSSN_Test
           0 Public, 0 Protected, 0 Private variable groups
   ML_CCZ4
           Implements: ML_CCZ4
           Inherits:  ADMBase Boundary GenericFD Grid TmunuBase 
           25 Public, 0 Protected, 0 Private variable groups
   ML_CCZ4_Helper
           Implements: ML_CCZ4_Helper
           Inherits:  ADMBase CoordGauge ML_CCZ4 
           0 Public, 0 Protected, 0 Private variable groups
   ML_CCZ4_Test
           Implements: ML_BSSN_Test
           0 Public, 0 Protected, 0 Private variable groups
   ML_WaveToy
           Implements: ML_WaveToy
           Inherits:  Boundary GenericFD Grid 
           5 Public, 0 Protected, 0 Private variable groups
   ML_WaveToy_Test
           Implements: ML_WaveToy_Test
           0 Public, 0 Protected, 0 Private variable groups
   MPI
           Implements: MPI
           0 Public, 0 Protected, 0 Private variable groups
   MajumdarPapapetrou
           Implements: MajumdarPapapetrou
           Inherits:  admbase Boundary GenericFD Grid 
           6 Public, 0 Protected, 0 Private variable groups
   MemSpeed
           Implements: MemSpeed
           0 Public, 0 Protected, 0 Private variable groups
   Meudon_Bin_BH
           Implements: ID_Bin_BH
           Inherits:  grid SummationByParts ADMBase 
           0 Public, 0 Protected, 0 Private variable groups
   Meudon_Bin_NS
           Implements: Meudon_Bin_NS
           Inherits:  grid SummationByParts ADMBase HydroBase 
           1 Public, 0 Protected, 0 Private variable groups
   Meudon_Mag_NS
           Implements: ID_Mag_NS
           Inherits:  grid ADMBase HydroBase 
           0 Public, 0 Protected, 0 Private variable groups
   Minkowski
           Implements: Minkowski
           Inherits:  admbase Boundary GenericFD Grid 
           6 Public, 0 Protected, 0 Private variable groups
   MoL
           Implements: MethodOfLines
           0 Public, 0 Protected, 9 Private variable groups
   ModifiedSchwarzschildBL
           Implements: ModifiedSchwarzschildBL
           Inherits:  admbase Boundary GenericFD Grid 
           6 Public, 0 Protected, 0 Private variable groups
   Multipole
           Implements: multipole
           Inherits:  Grid 
           5 Public, 0 Protected, 0 Private variable groups
   NPScalars
           Implements: NPScalars
           Inherits:  ADMBase 
           0 Public, 0 Protected, 2 Private variable groups
   NPScalars_Proca
           Implements: NPScalars_Proca
           Inherits:  ADMBase ProcaBase 
           0 Public, 0 Protected, 8 Private variable groups
   NaNCatcher
           Implements: NaNCatcher
           0 Public, 0 Protected, 0 Private variable groups
   NaNChecker
           Implements: NaNChecker
           Inherits:  Reduce 
           0 Public, 0 Protected, 3 Private variable groups
   NewRad
           Implements: NewRad
           0 Public, 0 Protected, 0 Private variable groups
   Nice
           Implements: nice
           0 Public, 0 Protected, 0 Private variable groups
   NoExcision
           Implements: NoExcision
           Inherits:  ADMBase StaticConformal grid SphericalSurface Boundary 
           0 Public, 0 Protected, 16 Private variable groups
   NoMPI
           Implements: NoMPI
           0 Public, 0 Protected, 0 Private variable groups
   Noise
           Implements: Noise
           Inherits:  grid 
           0 Public, 0 Protected, 0 Private variable groups
   Norms
           Implements: Norms
           0 Public, 0 Protected, 6 Private variable groups
   NullConstr
           Implements: NullConstr
           Inherits:  NullGrid NullVars NullInterp 
           9 Public, 0 Protected, 0 Private variable groups
   NullDecomp
           Implements: NullDecomp
           Inherits:  NullGrid 
           0 Public, 0 Protected, 2 Private variable groups
   NullEvolve
           Implements: NullEvolve
           Inherits:  NullInterp NullGrid NullVars Time 
           Friend of: NullSHRExtract 
           0 Public, 0 Protected, 7 Private variable groups
   NullExact
           Implements: NullExact
           Inherits:  NullVars NullGrid NullNews NullConstr NullInterp NullEvolve 
           Friend of: NullSHRExtract 
           0 Public, 0 Protected, 37 Private variable groups
   NullGrid
           Implements: NullGrid
           10 Public, 0 Protected, 0 Private variable groups
   NullInterp
           Implements: NullInterp
           Inherits:  NullGrid 
           4 Public, 0 Protected, 1 Private variable groups
   NullNews
           Implements: NullNews
           Inherits:  NullGrid NullVars NullInterp 
           18 Public, 0 Protected, 7 Private variable groups
   NullPsiInt
           Implements: NullPsiInt
           Inherits:  NullVars NullGrid NullNews NullInterp NullEvolve 
           3 Public, 0 Protected, 4 Private variable groups
   NullSHRExtract
           Implements: NullSHRExtract
           Inherits:  NullInterp NullGrid NullVars 
           8 Public, 20 Protected, 27 Private variable groups
   NullVars
           Implements: NullVars
           4 Public, 0 Protected, 0 Private variable groups
   OpenBLAS
           Implements: OpenBLAS
           0 Public, 0 Protected, 0 Private variable groups
   OpenSSL
           Implements: OpenSSL
           0 Public, 0 Protected, 0 Private variable groups
   Outflow
           Implements: outflow
           Inherits:  ADMBase HydroBase SphericalSurface 
           0 Public, 0 Protected, 5 Private variable groups
   PAPI
           Implements: PAPI
           0 Public, 0 Protected, 0 Private variable groups
   PUGH
           Implements: Driver
           0 Public, 0 Protected, 0 Private variable groups
   PUGHInterp
           Implements: Interp
           0 Public, 0 Protected, 0 Private variable groups
   PUGHReduce
           Implements: Reduce
           0 Public, 0 Protected, 0 Private variable groups
   PUGHSlab
           Implements: Hyperslab
           0 Public, 0 Protected, 0 Private variable groups
   Periodic
           Implements: Periodic
           0 Public, 0 Protected, 0 Private variable groups
   PeriodicCarpet
           Implements: PeriodicCarpet
           Inherits:  grid 
           0 Public, 0 Protected, 0 Private variable groups
   Poisson
           Implements: Poisson
           Inherits:  boundary grid 
           0 Public, 0 Protected, 2 Private variable groups
   ProcaBase
           Implements: ProcaBase
           4 Public, 0 Protected, 0 Private variable groups
   ProcaEvolve
           Implements: ProcaEvolve
           Inherits:  ADMBase Tmunubase ProcaBase Boundary 
           7 Public, 0 Protected, 0 Private variable groups
   Proca_simpleID
           Implements: Proca_simpleID
           Inherits:  ADMBase grid ProcaBase 
           0 Public, 0 Protected, 0 Private variable groups
   PunctureTracker
           Implements: PunctureTracker
           Inherits:  ADMBase CarpetRegrid2 SphericalSurface 
           0 Public, 0 Protected, 3 Private variable groups
   QuasiLocalMeasures
           Implements: QuasiLocalMeasures
           Inherits:  ADMBase SphericalSurface TmunuBase 
           0 Public, 0 Protected, 23 Private variable groups
   ReductionTest
           Implements: ReductionTest
           Inherits:  GRHydro grid 
           0 Public, 0 Protected, 2 Private variable groups
   ReductionTest2
           Implements: ReductionTest2
           0 Public, 0 Protected, 1 Private variable groups
   ReductionTest3
           Implements: ReductionTest3
           Inherits:  grid 
           0 Public, 0 Protected, 3 Private variable groups
   ReflectionSymmetry
           Implements: ReflectionSymmetry
           0 Public, 0 Protected, 0 Private variable groups
   RegridSyncTest
           Implements: RegridSyncTest
           0 Public, 0 Protected, 1 Private variable groups
   RotatingDBHIVP
           Implements: rotatingdbhivp
           Inherits:  ADMBase grid StaticConformal 
           0 Public, 0 Protected, 2 Private variable groups
   RotatingSymmetry180
           Implements: RotatingSymmetry180
           0 Public, 0 Protected, 0 Private variable groups
   RotatingSymmetry90
           Implements: RotatingSymmetry90
           0 Public, 0 Protected, 0 Private variable groups
   SampleBoundary
           Implements: LinExtrapBnd
           0 Public, 0 Protected, 0 Private variable groups
   SampleIO
           Implements: SampleIO
           Inherits:  IO 
           0 Public, 0 Protected, 0 Private variable groups
   Seed_Magnetic_Fields
           Implements: seed_magnetic_fields
           Inherits:  grid ADMBase HydroBase 
           0 Public, 0 Protected, 0 Private variable groups
   Seed_Magnetic_Fields_BNS
           Implements: Seed_Magnetic_Fields_Privt
           Inherits:  grid ADMBase HydroBase 
           0 Public, 0 Protected, 0 Private variable groups
   SetMask_SphericalSurface
           Implements: SetMask_SphericalSurface
           Inherits:  HydroBase SphericalSurface 
           0 Public, 0 Protected, 0 Private variable groups
   ShiftedGaugeWave
           Implements: ShiftedGaugeWave
           Inherits:  admbase Boundary GenericFD Grid 
           6 Public, 0 Protected, 0 Private variable groups
   ShiftedKerrSchild
           Implements: ShiftedKerrSchild
           Inherits:  ADMBase Boundary grid 
           1 Public, 0 Protected, 0 Private variable groups
   Slab
           Implements: Slab
           0 Public, 0 Protected, 0 Private variable groups
   SlabTest
           Implements: SlabTest
           Inherits:  Slab 
           0 Public, 0 Protected, 6 Private variable groups
   Socket
           Implements: Socket
           0 Public, 0 Protected, 0 Private variable groups
   SpaceMask
           Implements: SpaceMask
           Inherits:  grid 
           2 Public, 0 Protected, 0 Private variable groups
   SphericalHarmonicDecomp
           Implements: SphericalHarmonicDecomp
           0 Public, 0 Protected, 0 Private variable groups
   SphericalHarmonicRecon
           Implements: SphericalHarmonicRecon
           0 Public, 0 Protected, 0 Private variable groups
   SphericalHarmonicReconGen
           Implements: SphericalHarmonicReconGen
           0 Public, 0 Protected, 0 Private variable groups
   SphericalSurface
           Implements: SphericalSurface
           Inherits:  grid 
           9 Public, 0 Protected, 1 Private variable groups
   StaticConformal
           Implements: StaticConformal
           Inherits:  grid 
           4 Public, 0 Protected, 0 Private variable groups
   SummationByParts
           Implements: SummationByParts
           2 Public, 0 Protected, 0 Private variable groups
   SymBase
           Implements: SymBase
           0 Public, 0 Protected, 0 Private variable groups
   SystemStatistics
           Implements: SystemStatistics
           0 Public, 0 Protected, 3 Private variable groups
   SystemTopology
           Implements: SystemTopology
           0 Public, 0 Protected, 0 Private variable groups
   TATelliptic
           Implements: TATelliptic
           0 Public, 0 Protected, 0 Private variable groups
   TGRtensor
           Implements: TGRtensor
           0 Public, 0 Protected, 0 Private variable groups
   TOVSolver
           Implements: TOVSolver
           Inherits:  ADMBase HydroBase Constants StaticConformal 
           0 Public, 0 Protected, 0 Private variable groups
   TensorTypes
           Implements: TensorTypes
           0 Public, 0 Protected, 0 Private variable groups
   TerminationTrigger
           Implements: TerminationTrigger
           0 Public, 0 Protected, 2 Private variable groups
   TestArrays
           Implements: Arrays
           0 Public, 0 Protected, 35 Private variable groups
   TestCarpetGridInfo
           Implements: TestCarpetGridInfo
           0 Public, 0 Protected, 0 Private variable groups
   TestComplex
           Implements: testcomplex
           0 Public, 0 Protected, 6 Private variable groups
   TestCoordinates
           Implements: testgrid
           0 Public, 0 Protected, 2 Private variable groups
   TestFortranCrayPointers
           Implements: TestFortranCrayPointers
           0 Public, 0 Protected, 3 Private variable groups
   TestFortranDependencies1
           Implements: TestFortranDependencies1
           0 Public, 0 Protected, 0 Private variable groups
   TestFortranDependencies2
           Implements: TestFortranDependencies2
           0 Public, 0 Protected, 0 Private variable groups
   TestFpointerNULL
           Implements: TestFpointerNULL
           0 Public, 0 Protected, 2 Private variable groups
   TestFreeF90
           Implements: TestFreeF90
           0 Public, 0 Protected, 0 Private variable groups
   TestGlobalReduce
           Implements: testglobalreduce
           Inherits:  grid 
           10 Public, 0 Protected, 0 Private variable groups
   TestInclude1
           Implements: include1
           0 Public, 0 Protected, 0 Private variable groups
   TestInclude2
           Implements: include2
           0 Public, 0 Protected, 0 Private variable groups
   TestLocalInterp2
           Implements: TestLocalInterp2
           Inherits:  Grid 
           0 Public, 0 Protected, 3 Private variable groups
   TestLocalReduce
           Implements: TestLocalReduce
           2 Public, 0 Protected, 0 Private variable groups
   TestLoop
           Implements: TestLoop
           Inherits:  grid 
           0 Public, 0 Protected, 3 Private variable groups
   TestLoopControl
           Implements: TestLoopControl
           Inherits:  grid 
           0 Public, 0 Protected, 3 Private variable groups
   TestMath
           Implements: TestMath
           0 Public, 0 Protected, 0 Private variable groups
   TestMoL
           Implements: TestMoL
           Inherits:  MethodOfLines 
           0 Public, 0 Protected, 16 Private variable groups
   TestPar
           Implements: TestPar
           0 Public, 0 Protected, 0 Private variable groups
   TestReadWrite
           Implements: TestReadWriteImp
           Inherits:  grid 
           4 Public, 5 Protected, 2 Private variable groups
   TestReduce
           Implements: testreduce
           0 Public, 0 Protected, 8 Private variable groups
   TestSchedule
           Implements: TestSchedule
           0 Public, 0 Protected, 0 Private variable groups
   TestStrings
           Implements: teststrings
           0 Public, 0 Protected, 0 Private variable groups
   TestTable
           Implements: TestTable
           0 Public, 0 Protected, 0 Private variable groups
   TestTimers
           Implements: testtimers
           0 Public, 0 Protected, 0 Private variable groups
   TestTypes
           Implements: TestTypes
           0 Public, 0 Protected, 11 Private variable groups
   Time
           Implements: time
           1 Public, 0 Protected, 1 Private variable groups
   TimerInfo
           Implements: timerinfo
           0 Public, 0 Protected, 0 Private variable groups
   TimerReport
           Implements: timerreport
           0 Public, 0 Protected, 0 Private variable groups
   Timers
           Implements: Timers
           0 Public, 0 Protected, 0 Private variable groups
   TmunuBase
           Implements: TmunuBase
           Inherits:  ADMBase StaticConformal 
           Friend of: ADMCoupling 
           4 Public, 4 Protected, 0 Private variable groups
   Trigger
           Implements: trigger
           Inherits:  IO 
           0 Public, 0 Protected, 1 Private variable groups
   TwoPunctures
           Implements: TwoPunctures
           Inherits:  ADMBase StaticConformal grid 
           2 Public, 0 Protected, 3 Private variable groups
   TwoPunctures_KerrProca
           Implements: TwoPunctures_KerrProca
           Inherits:  ADMBase StaticConformal grid ProcaBase 
           2 Public, 0 Protected, 3 Private variable groups
   Vaidya2
           Implements: Vaidya2
           Inherits:  admbase Boundary GenericFD Grid 
           6 Public, 0 Protected, 0 Private variable groups
   Vectors
           Implements: Vectors
           0 Public, 0 Protected, 0 Private variable groups
   VolumeIntegrals_GRMHD
           Implements: VolumeIntegrals_GRMHD
           Inherits:  grid ADMBase CarpetRegrid2 HydroBase ADMBase 
           0 Public, 0 Protected, 5 Private variable groups
   VolumeIntegrals_vacuum
           Implements: VolumeIntegrals_vacuum
           Inherits:  grid ADMBase CarpetRegrid2 ML_BSSN 
           2 Public, 0 Protected, 3 Private variable groups
   WatchDog
           Implements: WatchDog
           0 Public, 0 Protected, 0 Private variable groups
   WaveBinarySource
           Implements: binarysource
           Inherits:  wavetoy grid 
           0 Public, 0 Protected, 0 Private variable groups
   WaveExtractL
           Implements: WaveExtractL
           Inherits:  grid admbase staticconformal io sphericalsurface 
           0 Public, 0 Protected, 16 Private variable groups
   WaveMoL
           Implements: wavemol
           5 Public, 0 Protected, 0 Private variable groups
   WaveToy1DF77
           Implements: wavetoy1d
           Inherits:  boundary 
           0 Public, 0 Protected, 4 Private variable groups
   WaveToy2DF77
           Implements: wavetoy2d
           Inherits:  boundary 
           0 Public, 0 Protected, 4 Private variable groups
   WaveToyC
           Implements: wavetoy
           Inherits:  grid 
           1 Public, 0 Protected, 0 Private variable groups
   WaveToyCXX
           Implements: wavetoy
           Inherits:  grid 
           1 Public, 0 Protected, 0 Private variable groups
   WaveToyExtra
           Implements: wavetoyextra
           Inherits:  wavetoy 
           0 Public, 0 Protected, 0 Private variable groups
   WaveToyF77
           Implements: wavetoy
           Inherits:  grid 
           1 Public, 0 Protected, 0 Private variable groups
   WaveToyF90
           Implements: wavetoy
           Inherits:  grid 
           1 Public, 0 Protected, 0 Private variable groups
   WaveToyFreeF90
           Implements: wavetoy
           Inherits:  grid 
           1 Public, 0 Protected, 0 Private variable groups
   WeylScal4
           Implements: WeylScal4
           Inherits:  admbase Boundary GenericFD Grid methodoflines 
           18 Public, 0 Protected, 0 Private variable groups
   hwloc
           Implements: hwloc
           0 Public, 0 Protected, 0 Private variable groups
   libjpeg
           Implements: libjpeg
           0 Public, 0 Protected, 0 Private variable groups
   particle_tracerET
           Implements: particle_tracerET
           Inherits:  grid HydroBase ADMBase 
           0 Public, 0 Protected, 3 Private variable groups
   pthreads
           Implements: PTHREADS
           0 Public, 0 Protected, 0 Private variable groups
   smallbPoynET
           Implements: smallbPoynET
           Inherits:  grid HydroBase ADMBase 
           0 Public, 0 Protected, 1 Private variable groups
   zlib
           Implements: zlib
           0 Public, 0 Protected, 0 Private variable groups
Parsing parameter files...
   ADMAnalysis
          0 Global, 0 Restricted, 4 Private parameters
   ADMBase
          0 Global, 18 Restricted, 0 Private parameters
   ADMCoupling
          0 Global, 0 Restricted, 0 Private parameters
   ADMDerivatives
          0 Global, 0 Restricted, 6 Private parameters
   ADMMacros
          0 Global, 1 Restricted, 0 Private parameters
   ADMMass
          0 Global, 0 Restricted, 17 Private parameters
   ADMScalarWave
          0 Global, 0 Restricted, 13 Private parameters
   AEILocalInterp
          0 Global, 0 Restricted, 1 Private parameters
   AHFinder
          0 Global, 2 Restricted, 87 Private parameters
   AHFinderDirect
          0 Global, 0 Restricted, 154 Private parameters
   Baikal
          0 Global, 5 Restricted, 0 Private parameters
   BaikalVacuum
          0 Global, 5 Restricted, 0 Private parameters
   Boundary
          0 Global, 8 Restricted, 0 Private parameters
   CT_Analytic
          0 Global, 67 Restricted, 1 Private parameters
   CT_MultiLevel
          0 Global, 0 Restricted, 66 Private parameters
   Cactus
          0 Global, 7 Restricted, 13 Private parameters
   CalcK
          0 Global, 0 Restricted, 6 Private parameters
   Carpet
          0 Global, 4 Restricted, 94 Private parameters
   CarpetEvolutionMask
          0 Global, 0 Restricted, 6 Private parameters
   CarpetIOASCII
          0 Global, 0 Restricted, 63 Private parameters
   CarpetIOBasic
          0 Global, 0 Restricted, 15 Private parameters
   CarpetIOHDF5
          0 Global, 0 Restricted, 77 Private parameters
   CarpetIOScalar
          0 Global, 0 Restricted, 9 Private parameters
   CarpetIntegrateTest
          0 Global, 0 Restricted, 2 Private parameters
   CarpetInterp
          0 Global, 0 Restricted, 5 Private parameters
   CarpetInterp2
          0 Global, 0 Restricted, 3 Private parameters
   CarpetLib
          0 Global, 5 Restricted, 31 Private parameters
   CarpetMask
          0 Global, 0 Restricted, 8 Private parameters
   CarpetProlongateTest
          0 Global, 0 Restricted, 16 Private parameters
   CarpetReduce
          0 Global, 0 Restricted, 3 Private parameters
   CarpetRegrid
          0 Global, 5 Restricted, 65 Private parameters
   CarpetRegrid2
          0 Global, 0 Restricted, 135 Private parameters
   CarpetRegridTest
          0 Global, 0 Restricted, 3 Private parameters
   CarpetSlab
          0 Global, 0 Restricted, 0 Private parameters
   CarpetTracker
          0 Global, 0 Restricted, 3 Private parameters
   CartGrid3D
          0 Global, 23 Restricted, 10 Private parameters
   Cartoon2D
          0 Global, 0 Restricted, 12 Private parameters
   Constants
          0 Global, 0 Restricted, 0 Private parameters
   Convert_to_HydroBase
          0 Global, 0 Restricted, 1 Private parameters
   CoordBase
          0 Global, 0 Restricted, 44 Private parameters
   CoordGauge
          0 Global, 2 Restricted, 1 Private parameters
   Coordinates
          0 Global, 1 Restricted, 71 Private parameters
   CoordinatesSymmetry
          0 Global, 0 Restricted, 6 Private parameters
   CycleClock
          0 Global, 0 Restricted, 1 Private parameters
   DemoInterp
          0 Global, 0 Restricted, 3 Private parameters
   Dissipation
          0 Global, 18 Restricted, 0 Private parameters
   DistortedBHIVP
          0 Global, 0 Restricted, 11 Private parameters
   EHFinder
          0 Global, 3 Restricted, 56 Private parameters
   EOS_Base
          0 Global, 0 Restricted, 0 Private parameters
   EOS_Hybrid
          0 Global, 3 Restricted, 0 Private parameters
   EOS_IdealFluid
          0 Global, 1 Restricted, 0 Private parameters
   EOS_Omni
          0 Global, 28 Restricted, 0 Private parameters
   EOS_Polytrope
          0 Global, 4 Restricted, 0 Private parameters
   EinsteinExact_Test
          0 Global, 0 Restricted, 0 Private parameters
   EllBase
          0 Global, 1 Restricted, 0 Private parameters
   EllSOR
          0 Global, 0 Restricted, 0 Private parameters
   Exact
          0 Global, 93 Restricted, 19 Private parameters
   Extract
          0 Global, 0 Restricted, 30 Private parameters
   FFTW3
          0 Global, 0 Restricted, 0 Private parameters
   FishboneMoncriefID
          0 Global, 7 Restricted, 2 Private parameters
   FleshInfo
          0 Global, 0 Restricted, 0 Private parameters
   Formaline
          0 Global, 0 Restricted, 28 Private parameters
   Fortran
          0 Global, 0 Restricted, 1 Private parameters
   GRHydro
          0 Global, 125 Restricted, 3 Private parameters
   GRHydro_InitData
          0 Global, 0 Restricted, 85 Private parameters
   GSL
          0 Global, 0 Restricted, 0 Private parameters
   GaugeWave
          0 Global, 29 Restricted, 1 Private parameters
   GenericFD
          0 Global, 13 Restricted, 0 Private parameters
   GiRaFFE
          0 Global, 7 Restricted, 1 Private parameters
   GiRaFFE_to_HydroBase
          0 Global, 0 Restricted, 1 Private parameters
   GiRaFFEfood
          0 Global, 9 Restricted, 0 Private parameters
   GlobalDerivative
          0 Global, 5 Restricted, 0 Private parameters
   HDF5
          0 Global, 0 Restricted, 0 Private parameters
   HTTPD
          0 Global, 0 Restricted, 22 Private parameters
   HTTPDExtra
          0 Global, 0 Restricted, 1 Private parameters
   HelloWorld
          0 Global, 0 Restricted, 0 Private parameters
   HighOrderWaveTest
          0 Global, 0 Restricted, 0 Private parameters
   HydroBase
          0 Global, 17 Restricted, 0 Private parameters
   Hydro_Analysis
          0 Global, 4 Restricted, 15 Private parameters
   Hydro_InitExcision
          0 Global, 11 Restricted, 0 Private parameters
   Hydro_RNSID
          0 Global, 0 Restricted, 17 Private parameters
   IDAnalyticBH
          0 Global, 0 Restricted, 23 Private parameters
   IDAxiBrillBH
          0 Global, 0 Restricted, 20 Private parameters
   IDAxiOddBrillBH
          0 Global, 0 Restricted, 17 Private parameters
   IDBrillData
          0 Global, 0 Restricted, 31 Private parameters
   IDConstraintViolate
          0 Global, 0 Restricted, 3 Private parameters
   IDFileADM
          0 Global, 0 Restricted, 0 Private parameters
   IDLinearWaves
          0 Global, 0 Restricted, 11 Private parameters
   IDScalarWave
          0 Global, 1 Restricted, 6 Private parameters
   IDScalarWaveC
          0 Global, 1 Restricted, 6 Private parameters
   IDScalarWaveCXX
          0 Global, 1 Restricted, 6 Private parameters
   IDScalarWaveElliptic
          0 Global, 0 Restricted, 5 Private parameters
   IDWaveMoL
          0 Global, 1 Restricted, 17 Private parameters
   ID_converter_GiRaFFE
          0 Global, 0 Restricted, 2 Private parameters
   ID_converter_ILGRMHD
          0 Global, 0 Restricted, 5 Private parameters
   IOASCII
          0 Global, 0 Restricted, 35 Private parameters
   IOBasic
          0 Global, 0 Restricted, 13 Private parameters
   IOHDF5
          0 Global, 0 Restricted, 5 Private parameters
   IOHDF5Util
          0 Global, 0 Restricted, 1 Private parameters
   IOJpeg
          0 Global, 0 Restricted, 33 Private parameters
   IOUtil
          0 Global, 59 Restricted, 2 Private parameters
   IllinoisGRMHD
          0 Global, 15 Restricted, 1 Private parameters
   InitBase
          0 Global, 1 Restricted, 0 Private parameters
   InterpToArray
          0 Global, 93 Restricted, 0 Private parameters
   Interpolate2
          0 Global, 0 Restricted, 11 Private parameters
   KerrSchild
          0 Global, 29 Restricted, 1 Private parameters
   LORENE
          0 Global, 0 Restricted, 0 Private parameters
   LeanBSSNMoL
          0 Global, 3 Restricted, 29 Private parameters
   LlamaWaveToy
          0 Global, 0 Restricted, 35 Private parameters
   LocalInterp
          0 Global, 0 Restricted, 0 Private parameters
   LocalInterp2
          0 Global, 0 Restricted, 0 Private parameters
   LocalReduce
          0 Global, 0 Restricted, 0 Private parameters
   LoopControl
          0 Global, 0 Restricted, 20 Private parameters
   ML_ADMConstraints
          0 Global, 9 Restricted, 0 Private parameters
   ML_ADMQuantities
          0 Global, 10 Restricted, 0 Private parameters
   ML_BSSN
          0 Global, 71 Restricted, 137 Private parameters
   ML_BSSN_Helper
          0 Global, 0 Restricted, 1 Private parameters
   ML_BSSN_Test
          0 Global, 0 Restricted, 0 Private parameters
   ML_CCZ4
          0 Global, 74 Restricted, 145 Private parameters
   ML_CCZ4_Helper
          0 Global, 0 Restricted, 1 Private parameters
   ML_CCZ4_Test
          0 Global, 0 Restricted, 0 Private parameters
   ML_WaveToy
          0 Global, 21 Restricted, 17 Private parameters
   ML_WaveToy_Test
          0 Global, 0 Restricted, 0 Private parameters
   MPI
          0 Global, 0 Restricted, 0 Private parameters
   MajumdarPapapetrou
          0 Global, 30 Restricted, 1 Private parameters
   MemSpeed
          0 Global, 0 Restricted, 2 Private parameters
   Meudon_Bin_BH
          0 Global, 0 Restricted, 1 Private parameters
   Meudon_Bin_NS
          0 Global, 0 Restricted, 5 Private parameters
   Meudon_Mag_NS
          0 Global, 0 Restricted, 1 Private parameters
   Minkowski
          0 Global, 27 Restricted, 1 Private parameters
   MoL
          0 Global, 9 Restricted, 26 Private parameters
   ModifiedSchwarzschildBL
          0 Global, 29 Restricted, 1 Private parameters
   Multipole
          0 Global, 26 Restricted, 0 Private parameters
   NPScalars
          0 Global, 0 Restricted, 1 Private parameters
   NPScalars_Proca
          0 Global, 0 Restricted, 1 Private parameters
   NaNCatcher
          0 Global, 0 Restricted, 0 Private parameters
   NaNChecker
          0 Global, 0 Restricted, 11 Private parameters
   NewRad
          0 Global, 0 Restricted, 1 Private parameters
   Nice
          0 Global, 0 Restricted, 1 Private parameters
   NoExcision
          0 Global, 0 Restricted, 27 Private parameters
   NoMPI
          0 Global, 0 Restricted, 0 Private parameters
   Noise
          0 Global, 0 Restricted, 7 Private parameters
   Norms
          0 Global, 0 Restricted, 4 Private parameters
   NullConstr
          0 Global, 1 Restricted, 0 Private parameters
   NullDecomp
          0 Global, 1 Restricted, 2 Private parameters
   NullEvolve
          0 Global, 15 Restricted, 31 Private parameters
   NullExact
          0 Global, 4 Restricted, 14 Private parameters
   NullGrid
          0 Global, 8 Restricted, 0 Private parameters
   NullInterp
          0 Global, 3 Restricted, 7 Private parameters
   NullNews
          0 Global, 1 Restricted, 21 Private parameters
   NullPsiInt
          0 Global, 2 Restricted, 1 Private parameters
   NullSHRExtract
          0 Global, 4 Restricted, 14 Private parameters
   NullVars
          0 Global, 0 Restricted, 0 Private parameters
   OpenBLAS
          0 Global, 0 Restricted, 0 Private parameters
   OpenSSL
          0 Global, 0 Restricted, 0 Private parameters
   Outflow
          0 Global, 0 Restricted, 19 Private parameters
   PAPI
          0 Global, 0 Restricted, 11 Private parameters
   PUGH
          0 Global, 4 Restricted, 51 Private parameters
   PUGHInterp
          0 Global, 0 Restricted, 0 Private parameters
   PUGHReduce
          0 Global, 0 Restricted, 0 Private parameters
   PUGHSlab
          0 Global, 0 Restricted, 0 Private parameters
   Periodic
          0 Global, 0 Restricted, 8 Private parameters
   PeriodicCarpet
          0 Global, 0 Restricted, 5 Private parameters
   Poisson
          0 Global, 0 Restricted, 4 Private parameters
   ProcaBase
          0 Global, 10 Restricted, 0 Private parameters
   ProcaEvolve
          0 Global, 3 Restricted, 6 Private parameters
   Proca_simpleID
          0 Global, 7 Restricted, 0 Private parameters
   PunctureTracker
          0 Global, 0 Restricted, 10 Private parameters
   QuasiLocalMeasures
          0 Global, 0 Restricted, 13 Private parameters
   ReductionTest
          0 Global, 0 Restricted, 0 Private parameters
   ReductionTest2
          0 Global, 0 Restricted, 0 Private parameters
   ReductionTest3
          0 Global, 0 Restricted, 0 Private parameters
   ReflectionSymmetry
          0 Global, 0 Restricted, 13 Private parameters
   RegridSyncTest
          0 Global, 0 Restricted, 0 Private parameters
   RotatingDBHIVP
          0 Global, 0 Restricted, 13 Private parameters
   RotatingSymmetry180
          0 Global, 0 Restricted, 8 Private parameters
   RotatingSymmetry90
          0 Global, 0 Restricted, 4 Private parameters
   SampleBoundary
          0 Global, 0 Restricted, 0 Private parameters
   SampleIO
          0 Global, 0 Restricted, 5 Private parameters
   Seed_Magnetic_Fields
          0 Global, 7 Restricted, 0 Private parameters
   Seed_Magnetic_Fields_BNS
          0 Global, 14 Restricted, 0 Private parameters
   SetMask_SphericalSurface
          0 Global, 0 Restricted, 5 Private parameters
   ShiftedGaugeWave
          0 Global, 29 Restricted, 1 Private parameters
   ShiftedKerrSchild
          0 Global, 3 Restricted, 0 Private parameters
   Slab
          0 Global, 0 Restricted, 2 Private parameters
   SlabTest
          0 Global, 0 Restricted, 0 Private parameters
   Socket
          0 Global, 0 Restricted, 0 Private parameters
   SpaceMask
          0 Global, 1 Restricted, 0 Private parameters
   SphericalHarmonicDecomp
          0 Global, 0 Restricted, 18 Private parameters
   SphericalHarmonicRecon
          0 Global, 0 Restricted, 10 Private parameters
   SphericalHarmonicReconGen
          0 Global, 0 Restricted, 45 Private parameters
   SphericalSurface
          0 Global, 15 Restricted, 9 Private parameters
   StaticConformal
          0 Global, 1 Restricted, 0 Private parameters
   SummationByParts
          0 Global, 23 Restricted, 0 Private parameters
   SymBase
          0 Global, 0 Restricted, 1 Private parameters
   SystemStatistics
          0 Global, 0 Restricted, 0 Private parameters
   SystemTopology
          0 Global, 0 Restricted, 2 Private parameters
   TATelliptic
          0 Global, 0 Restricted, 0 Private parameters
   TGRtensor
          0 Global, 0 Restricted, 0 Private parameters
   TOVSolver
          0 Global, 0 Restricted, 27 Private parameters
   TensorTypes
          0 Global, 0 Restricted, 0 Private parameters
   TerminationTrigger
          0 Global, 0 Restricted, 10 Private parameters
   TestArrays
          0 Global, 0 Restricted, 20 Private parameters
   TestCarpetGridInfo
          0 Global, 0 Restricted, 2 Private parameters
   TestComplex
          0 Global, 0 Restricted, 3 Private parameters
   TestCoordinates
          0 Global, 2 Restricted, 0 Private parameters
   TestFortranCrayPointers
          0 Global, 0 Restricted, 0 Private parameters
   TestFortranDependencies1
          0 Global, 0 Restricted, 0 Private parameters
   TestFortranDependencies2
          0 Global, 0 Restricted, 0 Private parameters
   TestFpointerNULL
          0 Global, 0 Restricted, 0 Private parameters
   TestFreeF90
          0 Global, 0 Restricted, 0 Private parameters
   TestGlobalReduce
          0 Global, 0 Restricted, 11 Private parameters
   TestInclude1
          0 Global, 0 Restricted, 0 Private parameters
   TestInclude2
          0 Global, 0 Restricted, 0 Private parameters
   TestLocalInterp2
          0 Global, 0 Restricted, 3 Private parameters
   TestLocalReduce
          0 Global, 0 Restricted, 3 Private parameters
   TestLoop
          0 Global, 0 Restricted, 0 Private parameters
   TestLoopControl
          0 Global, 0 Restricted, 0 Private parameters
   TestMath
          0 Global, 0 Restricted, 0 Private parameters
   TestMoL
          0 Global, 0 Restricted, 4 Private parameters
   TestPar
          0 Global, 0 Restricted, 16 Private parameters
   TestReadWrite
          0 Global, 0 Restricted, 4 Private parameters
   TestReduce
          0 Global, 0 Restricted, 0 Private parameters
   TestSchedule
          0 Global, 0 Restricted, 0 Private parameters
   TestStrings
          0 Global, 0 Restricted, 0 Private parameters
   TestTable
          0 Global, 0 Restricted, 0 Private parameters
   TestTimers
          0 Global, 0 Restricted, 1 Private parameters
   TestTypes
          0 Global, 0 Restricted, 4 Private parameters
   Time
          0 Global, 2 Restricted, 5 Private parameters
   TimerInfo
          0 Global, 0 Restricted, 3 Private parameters
   TimerReport
          0 Global, 0 Restricted, 11 Private parameters
   Timers
          0 Global, 0 Restricted, 6 Private parameters
   TmunuBase
          0 Global, 2 Restricted, 3 Private parameters
   Trigger
          0 Global, 0 Restricted, 18 Private parameters
   TwoPunctures
          0 Global, 33 Restricted, 0 Private parameters
   TwoPunctures_KerrProca
          0 Global, 34 Restricted, 5 Private parameters
   Vaidya2
          0 Global, 29 Restricted, 1 Private parameters
   Vectors
          0 Global, 0 Restricted, 1 Private parameters
   VolumeIntegrals_GRMHD
          0 Global, 0 Restricted, 18 Private parameters
   VolumeIntegrals_vacuum
          0 Global, 0 Restricted, 17 Private parameters
   WatchDog
          0 Global, 0 Restricted, 1 Private parameters
   WaveBinarySource
          0 Global, 0 Restricted, 5 Private parameters
   WaveExtractL
          0 Global, 0 Restricted, 53 Private parameters
   WaveMoL
          0 Global, 2 Restricted, 1 Private parameters
   WaveToy1DF77
          0 Global, 0 Restricted, 4 Private parameters
   WaveToy2DF77
          0 Global, 0 Restricted, 5 Private parameters
   WaveToyC
          0 Global, 1 Restricted, 0 Private parameters
   WaveToyCXX
          0 Global, 1 Restricted, 0 Private parameters
   WaveToyExtra
          0 Global, 0 Restricted, 2 Private parameters
   WaveToyF77
          0 Global, 1 Restricted, 0 Private parameters
   WaveToyF90
          0 Global, 1 Restricted, 0 Private parameters
   WaveToyFreeF90
          0 Global, 1 Restricted, 0 Private parameters
   WeylScal4
          0 Global, 30 Restricted, 3 Private parameters
   hwloc
          0 Global, 0 Restricted, 0 Private parameters
   libjpeg
          0 Global, 0 Restricted, 0 Private parameters
   particle_tracerET
          0 Global, 0 Restricted, 15 Private parameters
   pthreads
          0 Global, 0 Restricted, 0 Private parameters
   smallbPoynET
          0 Global, 0 Restricted, 2 Private parameters
   zlib
          0 Global, 0 Restricted, 0 Private parameters
Parsing schedule files...
   ADMAnalysis
          15 schedule blocks.
   ADMBase
          27 schedule blocks.
   ADMCoupling
          0 schedule blocks.
   ADMDerivatives
          7 schedule blocks.
   ADMMacros
          1 schedule blocks.
   ADMMass
          10 schedule blocks.
   ADMScalarWave
          6 schedule blocks.
   AEILocalInterp
          1 schedule blocks.
   AHFinder
          7 schedule blocks.
   AHFinderDirect
          34 schedule blocks.
   Baikal
          21 schedule blocks.
   BaikalVacuum
          18 schedule blocks.
   Boundary
          6 schedule blocks.
   CT_Analytic
          13 schedule blocks.
   CT_MultiLevel
          1 schedule blocks.
   Cactus
          0 schedule blocks.
   CalcK
          5 schedule blocks.
   Carpet
          9 schedule blocks.
   CarpetEvolutionMask
          7 schedule blocks.
   CarpetIOASCII
          2 schedule blocks.
   CarpetIOBasic
          2 schedule blocks.
   CarpetIOHDF5
          10 schedule blocks.
   CarpetIOScalar
          2 schedule blocks.
   CarpetIntegrateTest
          3 schedule blocks.
   CarpetInterp
          1 schedule blocks.
   CarpetInterp2
          0 schedule blocks.
   CarpetLib
          4 schedule blocks.
   CarpetMask
          4 schedule blocks.
   CarpetProlongateTest
          9 schedule blocks.
   CarpetReduce
          15 schedule blocks.
   CarpetRegrid
          1 schedule blocks.
   CarpetRegrid2
          2 schedule blocks.
   CarpetRegridTest
          3 schedule blocks.
   CarpetSlab
          0 schedule blocks.
   CarpetTracker
          1 schedule blocks.
   CartGrid3D
          11 schedule blocks.
   Cartoon2D
          6 schedule blocks.
   Constants
          0 schedule blocks.
   Convert_to_HydroBase
          2 schedule blocks.
   CoordBase
          1 schedule blocks.
   CoordGauge
          8 schedule blocks.
   Coordinates
          26 schedule blocks.
   CoordinatesSymmetry
          2 schedule blocks.
   CycleClock
          1 schedule blocks.
   DemoInterp
          6 schedule blocks.
   Dissipation
          6 schedule blocks.
   DistortedBHIVP
          2 schedule blocks.
   EHFinder
          86 schedule blocks.
   EOS_Base
          0 schedule blocks.
   EOS_Hybrid
          2 schedule blocks.
   EOS_IdealFluid
          1 schedule blocks.
   EOS_Omni
          6 schedule blocks.
   EOS_Polytrope
          1 schedule blocks.
   EinsteinExact_Test
          0 schedule blocks.
   EllBase
          1 schedule blocks.
   EllSOR
          1 schedule blocks.
   Exact
          15 schedule blocks.
   Extract
          2 schedule blocks.
   FFTW3
          0 schedule blocks.
   FishboneMoncriefID
          2 schedule blocks.
   FleshInfo
          4 schedule blocks.
   Formaline
          10 schedule blocks.
   Fortran
          1 schedule blocks.
   GRHydro
          145 schedule blocks.
   GRHydro_InitData
          35 schedule blocks.
   GSL
          0 schedule blocks.
   GaugeWave
          10 schedule blocks.
   GenericFD
          0 schedule blocks.
   GiRaFFE
          13 schedule blocks.
   GiRaFFE_to_HydroBase
          2 schedule blocks.
   GiRaFFEfood
          17 schedule blocks.
   GlobalDerivative
          2 schedule blocks.
   HDF5
          0 schedule blocks.
   HTTPD
          7 schedule blocks.
   HTTPDExtra
          1 schedule blocks.
   HelloWorld
          1 schedule blocks.
   HighOrderWaveTest
          0 schedule blocks.
   HydroBase
          22 schedule blocks.
   Hydro_Analysis
          17 schedule blocks.
   Hydro_InitExcision
          4 schedule blocks.
   Hydro_RNSID
          2 schedule blocks.
   IDAnalyticBH
          6 schedule blocks.
   IDAxiBrillBH
          2 schedule blocks.
   IDAxiOddBrillBH
          2 schedule blocks.
   IDBrillData
          3 schedule blocks.
   IDConstraintViolate
          2 schedule blocks.
   IDFileADM
          2 schedule blocks.
   IDLinearWaves
          8 schedule blocks.
   IDScalarWave
          3 schedule blocks.
   IDScalarWaveC
          2 schedule blocks.
   IDScalarWaveCXX
          2 schedule blocks.
   IDScalarWaveElliptic
          1 schedule blocks.
   IDWaveMoL
          2 schedule blocks.
   ID_converter_GiRaFFE
          5 schedule blocks.
   ID_converter_ILGRMHD
          5 schedule blocks.
   IOASCII
          3 schedule blocks.
   IOBasic
          2 schedule blocks.
   IOHDF5
          5 schedule blocks.
   IOHDF5Util
          2 schedule blocks.
   IOJpeg
          2 schedule blocks.
   IOUtil
          4 schedule blocks.
   IllinoisGRMHD
          13 schedule blocks.
   InitBase
          0 schedule blocks.
   InterpToArray
          1 schedule blocks.
   Interpolate2
          7 schedule blocks.
   KerrSchild
          10 schedule blocks.
   LORENE
          0 schedule blocks.
   LeanBSSNMoL
          17 schedule blocks.
   LlamaWaveToy
          14 schedule blocks.
   LocalInterp
          1 schedule blocks.
   LocalInterp2
          1 schedule blocks.
   LocalReduce
          1 schedule blocks.
   LoopControl
          4 schedule blocks.
   ML_ADMConstraints
          12 schedule blocks.
   ML_ADMQuantities
          12 schedule blocks.
   ML_BSSN
          33 schedule blocks.
   ML_BSSN_Helper
          11 schedule blocks.
   ML_BSSN_Test
          0 schedule blocks.
   ML_CCZ4
          33 schedule blocks.
   ML_CCZ4_Helper
          11 schedule blocks.
   ML_CCZ4_Test
          0 schedule blocks.
   ML_WaveToy
          13 schedule blocks.
   ML_WaveToy_Test
          0 schedule blocks.
   MPI
          0 schedule blocks.
   MajumdarPapapetrou
          10 schedule blocks.
   MemSpeed
          1 schedule blocks.
   Meudon_Bin_BH
          2 schedule blocks.
   Meudon_Bin_NS
          1 schedule blocks.
   Meudon_Mag_NS
          2 schedule blocks.
   Minkowski
          10 schedule blocks.
   MoL
          68 schedule blocks.
   ModifiedSchwarzschildBL
          10 schedule blocks.
   Multipole
          6 schedule blocks.
   NPScalars
          11 schedule blocks.
   NPScalars_Proca
          11 schedule blocks.
   NaNCatcher
          1 schedule blocks.
   NaNChecker
          10 schedule blocks.
   NewRad
          0 schedule blocks.
   Nice
          1 schedule blocks.
   NoExcision
          23 schedule blocks.
   NoMPI
          0 schedule blocks.
   Noise
          3 schedule blocks.
   Norms
          2 schedule blocks.
   NullConstr
          2 schedule blocks.
   NullDecomp
          1 schedule blocks.
   NullEvolve
          16 schedule blocks.
   NullExact
          14 schedule blocks.
   NullGrid
          4 schedule blocks.
   NullInterp
          3 schedule blocks.
   NullNews
          8 schedule blocks.
   NullPsiInt
          3 schedule blocks.
   NullSHRExtract
          25 schedule blocks.
   NullVars
          0 schedule blocks.
   OpenBLAS
          0 schedule blocks.
   OpenSSL
          0 schedule blocks.
   Outflow
          2 schedule blocks.
   PAPI
          5 schedule blocks.
   PUGH
          8 schedule blocks.
   PUGHInterp
          1 schedule blocks.
   PUGHReduce
          1 schedule blocks.
   PUGHSlab
          0 schedule blocks.
   Periodic
          2 schedule blocks.
   PeriodicCarpet
          3 schedule blocks.
   Poisson
          5 schedule blocks.
   ProcaBase
          1 schedule blocks.
   ProcaEvolve
          8 schedule blocks.
   Proca_simpleID
          1 schedule blocks.
   PunctureTracker
          3 schedule blocks.
   QuasiLocalMeasures
          3 schedule blocks.
   ReductionTest
          5 schedule blocks.
   ReductionTest2
          4 schedule blocks.
   ReductionTest3
          5 schedule blocks.
   ReflectionSymmetry
          2 schedule blocks.
   RegridSyncTest
          5 schedule blocks.
   RotatingDBHIVP
          2 schedule blocks.
   RotatingSymmetry180
          4 schedule blocks.
   RotatingSymmetry90
          4 schedule blocks.
   SampleBoundary
          1 schedule blocks.
   SampleIO
          1 schedule blocks.
   Seed_Magnetic_Fields
          1 schedule blocks.
   Seed_Magnetic_Fields_BNS
          1 schedule blocks.
   SetMask_SphericalSurface
          3 schedule blocks.
   ShiftedGaugeWave
          10 schedule blocks.
   ShiftedKerrSchild
          5 schedule blocks.
   Slab
          3 schedule blocks.
   SlabTest
          1 schedule blocks.
   Socket
          0 schedule blocks.
   SpaceMask
          9 schedule blocks.
   SphericalHarmonicDecomp
          2 schedule blocks.
   SphericalHarmonicRecon
          4 schedule blocks.
   SphericalHarmonicReconGen
          7 schedule blocks.
   SphericalSurface
          8 schedule blocks.
   StaticConformal
          1 schedule blocks.
   SummationByParts
          4 schedule blocks.
   SymBase
          5 schedule blocks.
   SystemStatistics
          1 schedule blocks.
   SystemTopology
          1 schedule blocks.
   TATelliptic
          1 schedule blocks.
   TGRtensor
          0 schedule blocks.
   TOVSolver
          10 schedule blocks.
   TensorTypes
          0 schedule blocks.
   TerminationTrigger
          8 schedule blocks.
   TestArrays
          2 schedule blocks.
   TestCarpetGridInfo
          1 schedule blocks.
   TestComplex
          3 schedule blocks.
   TestCoordinates
          3 schedule blocks.
   TestFortranCrayPointers
          2 schedule blocks.
   TestFortranDependencies1
          0 schedule blocks.
   TestFortranDependencies2
          0 schedule blocks.
   TestFpointerNULL
          1 schedule blocks.
   TestFreeF90
          0 schedule blocks.
   TestGlobalReduce
          12 schedule blocks.
   TestInclude1
          1 schedule blocks.
   TestInclude2
          1 schedule blocks.
   TestLocalInterp2
          3 schedule blocks.
   TestLocalReduce
          3 schedule blocks.
   TestLoop
          3 schedule blocks.
   TestLoopControl
          3 schedule blocks.
   TestMath
          2 schedule blocks.
   TestMoL
          7 schedule blocks.
   TestPar
          2 schedule blocks.
   TestReadWrite
          13 schedule blocks.
   TestReduce
          5 schedule blocks.
   TestSchedule
          19 schedule blocks.
   TestStrings
          1 schedule blocks.
   TestTable
          1 schedule blocks.
   TestTimers
          3 schedule blocks.
   TestTypes
          2 schedule blocks.
   Time
          7 schedule blocks.
   TimerInfo
          1 schedule blocks.
   TimerReport
          3 schedule blocks.
   Timers
          2 schedule blocks.
   TmunuBase
          7 schedule blocks.
   Trigger
          3 schedule blocks.
   TwoPunctures
          5 schedule blocks.
   TwoPunctures_KerrProca
          5 schedule blocks.
   Vaidya2
          10 schedule blocks.
   Vectors
          2 schedule blocks.
   VolumeIntegrals_GRMHD
          10 schedule blocks.
   VolumeIntegrals_vacuum
          10 schedule blocks.
   WatchDog
          1 schedule blocks.
   WaveBinarySource
          1 schedule blocks.
   WaveExtractL
          17 schedule blocks.
   WaveMoL
          9 schedule blocks.
   WaveToy1DF77
          6 schedule blocks.
   WaveToy2DF77
          6 schedule blocks.
   WaveToyC
          11 schedule blocks.
   WaveToyCXX
          11 schedule blocks.
   WaveToyExtra
          3 schedule blocks.
   WaveToyF77
          11 schedule blocks.
   WaveToyF90
          11 schedule blocks.
   WaveToyFreeF90
          7 schedule blocks.
   WeylScal4
          48 schedule blocks.
   hwloc
          2 schedule blocks.
   libjpeg
          0 schedule blocks.
   particle_tracerET
          7 schedule blocks.
   pthreads
          0 schedule blocks.
   smallbPoynET
          1 schedule blocks.
   zlib
          0 schedule blocks.
Running any thorn-provided configuration scripts...

********************************************************************************
Running configuration script for thorn FFTW3:
FFTW3 selected, but FFTW3_DIR not set. Checking some places...
FFTW3 not found
Using bundled FFTW3...
Finished running configuration script for thorn FFTW3.

********************************************************************************
Running configuration script for thorn FORTRAN:
Found a traditional Fortran cpp
Finished running configuration script for thorn FORTRAN.

********************************************************************************
Running configuration script for thorn GSL:
GSL selected, but GSL_DIR not set. Checking pkg-config ...
GSL not found. Checking standard paths ...
GSL not found.
Using bundled GSL...
Finished running configuration script for thorn GSL.

********************************************************************************
Running configuration script for thorn LIBJPEG:
libjpeg: Preparing directory structure...
libjpeg: Unpacking archive...
~/Cactus_tmp/configs/sim/scratch/build/libjpeg ~/Cactus_tmp/configs/sim/scratch
libjpeg: Configuring...
checking build system type... x86_64-unknown-linux-gnu
checking host system type... x86_64-unknown-linux-gnu
checking target system type... x86_64-unknown-linux-gnu
checking for a BSD-compatible install... /usr/bin/install -c
checking whether build environment is sane... yes
checking for a thread-safe mkdir -p... /usr/bin/mkdir -p
checking for gawk... gawk
checking whether make sets $(MAKE)... yes
checking for style of include used by make... GNU
checking for gcc... gcc
checking whether the C compiler works... yes
checking for C compiler default output file name... a.out
checking for suffix of executables... 
checking whether we are cross compiling... no
checking for suffix of object files... o
checking whether we are using the GNU C compiler... yes
checking whether gcc accepts -g... yes
checking for gcc option to accept ISO C89... none needed
checking dependency style of gcc... gcc3
checking for function prototypes... yes
checking how to run the C preprocessor... cpp
checking for grep that handles long lines and -e... /usr/bin/grep
checking for egrep... /usr/bin/grep -E
checking for ANSI C header files... yes
checking for sys/types.h... yes
checking for sys/stat.h... yes
checking for stdlib.h... yes
checking for string.h... yes
checking for memory.h... yes
checking for strings.h... yes
checking for inttypes.h... yes
checking for stdint.h... yes
checking for unistd.h... yes
checking for string.h... (cached) yes
checking whether to enable maintainer-specific portions of Makefiles... no
checking for gcc... (cached) gcc
checking whether we are using the GNU C compiler... (cached) yes
checking whether gcc accepts -g... (cached) yes
checking for gcc option to accept ISO C89... (cached) none needed
checking dependency style of gcc... (cached) gcc3
checking for gcc option to accept ISO C99... none needed
checking for gcc option to accept ISO Standard C... (cached) none needed
checking how to run the C preprocessor... cpp
checking whether make sets $(MAKE)... (cached) yes
checking whether ln -s works... yes
checking if LD -Wl,--version-script works... yes
checking for function prototypes... yes
checking stddef.h usability... yes
checking stddef.h presence... yes
checking for stddef.h... yes
checking for stdlib.h... (cached) yes
checking locale.h usability... yes
checking locale.h presence... yes
checking for locale.h... yes
checking for string.h... (cached) yes
checking for size_t... yes
checking for type unsigned char... yes
checking for type unsigned short... yes
checking for type void... yes
checking for an ANSI C-conforming const... yes
checking for inline... __inline__
checking for broken incomplete types... ok
checking for short external names... ok
checking to see if char is signed... yes
checking to see if right shift is signed... yes
checking to see if fopen accepts b spec... yes
checking how to print strings... printf
checking for a sed that does not truncate output... /usr/bin/sed
checking for fgrep... /usr/bin/grep -F
checking for ld used by gcc... g++
checking if the linker (g++) is GNU ld... no
checking for BSD- or MS-compatible name lister (nm)... /usr/bin/nm -B
checking the name lister (/usr/bin/nm -B) interface... BSD nm
checking the maximum length of command line arguments... 1572864
checking whether the shell understands some XSI constructs... yes
checking whether the shell understands "+="... yes
checking how to convert x86_64-unknown-linux-gnu file names to x86_64-unknown-linux-gnu format... func_convert_file_noop
checking how to convert x86_64-unknown-linux-gnu file names to toolchain format... func_convert_file_noop
checking for g++ option to reload object files... -r
checking for objdump... objdump
checking how to recognize dependent libraries... pass_all
checking for dlltool... dlltool
checking how to associate runtime and link libraries... printf %s\n
checking for archiver @FILE support... @
checking for strip... strip
checking for ranlib... ranlib
checking command to parse /usr/bin/nm -B output from gcc object... ok
checking for sysroot... no
checking for mt... no
checking if : is a manifest tool... no
checking for dlfcn.h... yes
checking for objdir... .libs
checking if gcc supports -fno-rtti -fno-exceptions... no
checking for gcc option to produce PIC... -fPIC -DPIC
checking if gcc PIC flag -fPIC -DPIC works... yes
checking if gcc static flag -static works... no
checking if gcc supports -c -o file.o... yes
checking if gcc supports -c -o file.o... (cached) yes
checking whether the gcc linker (g++ -m elf_x86_64) supports shared libraries... no
checking dynamic linker characteristics... GNU/Linux ld.so
checking how to hardcode library paths into programs... unsupported
checking whether stripping libraries is possible... yes
checking if libtool supports shared libraries... no
checking whether to build shared libraries... no
checking whether to build static libraries... yes
checking libjpeg version number... 11:0:3
configure: creating ./config.status
config.status: creating Makefile
config.status: creating jconfig.h
config.status: executing depfiles commands
config.status: executing libtool commands
libjpeg: Building...
  CC     jaricom.lo
  CC     jcapimin.lo
  CC     jcapistd.lo
  CC     jcarith.lo
  CC     jccoefct.lo
  CC     jccolor.lo
  CC     jcdctmgr.lo
  CC     jchuff.lo
  CC     jcinit.lo
  CC     jcmainct.lo
jcmainct.c: In function 'start_pass_main':
jcmainct.c:71:15: warning: 'main' is usually a function [-Wmain]
   my_main_ptr main = (my_main_ptr) cinfo->main;
               ^~~~
jcmainct.c: In function 'process_data_simple_main':
jcmainct.c:117:15: warning: 'main' is usually a function [-Wmain]
   my_main_ptr main = (my_main_ptr) cinfo->main;
               ^~~~
jcmainct.c: In function 'jinit_c_main_controller':
jcmainct.c:247:15: warning: 'main' is usually a function [-Wmain]
   my_main_ptr main;
               ^~~~
  CC     jcmarker.lo
  CC     jcmaster.lo
  CC     jcomapi.lo
  CC     jcparam.lo
  CC     jcprepct.lo
  CC     jcsample.lo
  CC     jctrans.lo
  CC     jdapimin.lo
  CC     jdapistd.lo
  CC     jdarith.lo
  CC     jdatadst.lo
  CC     jdatasrc.lo
  CC     jdcoefct.lo
  CC     jdcolor.lo
  CC     jddctmgr.lo
  CC     jdhuff.lo
  CC     jdinput.lo
  CC     jdmainct.lo
jdmainct.c: In function 'alloc_funny_pointers':
jdmainct.c:162:15: warning: 'main' is usually a function [-Wmain]
   my_main_ptr main = (my_main_ptr) cinfo->main;
               ^~~~
jdmainct.c: In function 'make_funny_pointers':
jdmainct.c:203:15: warning: 'main' is usually a function [-Wmain]
   my_main_ptr main = (my_main_ptr) cinfo->main;
               ^~~~
jdmainct.c: In function 'set_wraparound_pointers':
jdmainct.c:243:15: warning: 'main' is usually a function [-Wmain]
   my_main_ptr main = (my_main_ptr) cinfo->main;
               ^~~~
jdmainct.c: In function 'set_bottom_pointers':
jdmainct.c:272:15: warning: 'main' is usually a function [-Wmain]
   my_main_ptr main = (my_main_ptr) cinfo->main;
               ^~~~
jdmainct.c: In function 'start_pass_main':
jdmainct.c:309:15: warning: 'main' is usually a function [-Wmain]
   my_main_ptr main = (my_main_ptr) cinfo->main;
               ^~~~
jdmainct.c: In function 'process_data_simple_main':
jdmainct.c:349:15: warning: 'main' is usually a function [-Wmain]
   my_main_ptr main = (my_main_ptr) cinfo->main;
               ^~~~
jdmainct.c: In function 'process_data_context_main':
jdmainct.c:389:15: warning: 'main' is usually a function [-Wmain]
   my_main_ptr main = (my_main_ptr) cinfo->main;
               ^~~~
jdmainct.c: In function 'jinit_d_main_controller':
jdmainct.c:478:15: warning: 'main' is usually a function [-Wmain]
   my_main_ptr main;
               ^~~~
  CC     jdmarker.lo
  CC     jdmaster.lo
  CC     jdmerge.lo
  CC     jdpostct.lo
  CC     jdsample.lo
  CC     jdtrans.lo
  CC     jerror.lo
  CC     jfdctflt.lo
  CC     jfdctfst.lo
  CC     jfdctint.lo
  CC     jidctflt.lo
  CC     jidctfst.lo
  CC     jidctint.lo
  CC     jquant1.lo
  CC     jquant2.lo
  CC     jutils.lo
  CC     jmemmgr.lo
  CC     jmemnobs.lo
  CCLD   libjpeg.la
  CC     cjpeg.o
  CC     rdppm.o
  CC     rdgif.o
  CC     rdtarga.o
  CC     rdrle.o
  CC     rdbmp.o
  CC     rdswitch.o
  CC     cdjpeg.o
  CCLD   cjpeg
  CC     djpeg.o
  CC     wrppm.o
  CC     wrgif.o
  CC     wrtarga.o
  CC     wrrle.o
  CC     wrbmp.o
  CC     rdcolmap.o
  CCLD   djpeg
  CC     jpegtran.o
  CC     transupp.o
  CCLD   jpegtran
  CC     rdjpgcom.o
  CCLD   rdjpgcom
  CC     wrjpgcom.o
  CCLD   wrjpgcom
libjpeg: Installing...
 /bin/sh ./libtool   --mode=install /usr/bin/install -c   libjpeg.la '/home/lucas.t/Cactus_tmp/configs/sim/scratch/external/libjpeg/lib'
libtool: install: /usr/bin/install -c .libs/libjpeg.lai /home/lucas.t/Cactus_tmp/configs/sim/scratch/external/libjpeg/lib/libjpeg.la
libtool: install: /usr/bin/install -c .libs/libjpeg.a /home/lucas.t/Cactus_tmp/configs/sim/scratch/external/libjpeg/lib/libjpeg.a
libtool: install: chmod 644 /home/lucas.t/Cactus_tmp/configs/sim/scratch/external/libjpeg/lib/libjpeg.a
libtool: install: ranlib /home/lucas.t/Cactus_tmp/configs/sim/scratch/external/libjpeg/lib/libjpeg.a
libtool: finish: PATH="/opt/spack/opt/spack/linux-centos7-x86_64/gcc-8.3.0/perl-5.30.2-txwgrdtdeaova4trhpwfwsdcrs63w2r4/bin:/opt/ohpc/pub/mpi/mvapich2-gnu8/2.3.2/bin:/opt/ohpc/pub/compiler/gcc/8.3.0/bin:/opt/ohpc/pub/utils/prun/1.3:/opt/ohpc/pub/utils/autotools/bin:/opt/ohpc/pub/bin:/usr/local/bin:/usr/bin:/usr/local/sbin:/usr/sbin:/home/lucas.t/.local/bin:/home/lucas.t/bin:/sbin" ldconfig -n /home/lucas.t/Cactus_tmp/configs/sim/scratch/external/libjpeg/lib
----------------------------------------------------------------------
Libraries have been installed in:
   /home/lucas.t/Cactus_tmp/configs/sim/scratch/external/libjpeg/lib

If you ever happen to want to link against installed libraries
in a given directory, LIBDIR, you must either use libtool, and
specify the full pathname of the library, or use the `-LLIBDIR'
flag during linking and do at least one of the following:
   - add LIBDIR to the `LD_LIBRARY_PATH' environment variable
     during execution
   - have your system administrator add LIBDIR to `/etc/ld.so.conf'

See any operating system documentation about shared libraries for
more information, such as the ld(1) and ld.so(8) manual pages.
----------------------------------------------------------------------
  /bin/sh ./libtool   --mode=install /usr/bin/install -c cjpeg djpeg jpegtran rdjpgcom wrjpgcom '/home/lucas.t/Cactus_tmp/configs/sim/scratch/external/libjpeg/bin'
libtool: install: /usr/bin/install -c cjpeg /home/lucas.t/Cactus_tmp/configs/sim/scratch/external/libjpeg/bin/cjpeg
libtool: install: /usr/bin/install -c djpeg /home/lucas.t/Cactus_tmp/configs/sim/scratch/external/libjpeg/bin/djpeg
libtool: install: /usr/bin/install -c jpegtran /home/lucas.t/Cactus_tmp/configs/sim/scratch/external/libjpeg/bin/jpegtran
libtool: install: /usr/bin/install -c rdjpgcom /home/lucas.t/Cactus_tmp/configs/sim/scratch/external/libjpeg/bin/rdjpgcom
libtool: install: /usr/bin/install -c wrjpgcom /home/lucas.t/Cactus_tmp/configs/sim/scratch/external/libjpeg/bin/wrjpgcom
 /usr/bin/install -c -m 644 jerror.h jmorecfg.h jpeglib.h '/home/lucas.t/Cactus_tmp/configs/sim/scratch/external/libjpeg/include'
 /usr/bin/install -c -m 644 cjpeg.1 djpeg.1 jpegtran.1 rdjpgcom.1 wrjpgcom.1 '/home/lucas.t/Cactus_tmp/configs/sim/scratch/external/libjpeg/share/man/man1'
~/Cactus_tmp/configs/sim/scratch
libjpeg: Cleaning up...
libjpeg: Done.
libjpeg selected, but LIBJPEG_DIR not set. Checking some places...
libjpeg not found
Building libjpeg...
Building libjpeg library
Finished running configuration script for thorn LIBJPEG.

********************************************************************************
Running configuration script for thorn OPENBLAS:
Using bundled OpenBLAS...
Finished running configuration script for thorn OPENBLAS.

********************************************************************************
Running configuration script for thorn OPENSSL:
OpenSSL: Preparing directory structure...
OpenSSL: Unpacking archive...
~/Cactus_tmp/configs/sim/scratch/build/OpenSSL ~/Cactus_tmp/configs/sim/scratch
patching file .patch_tmp
OpenSSL: Configuring...
Operating system: x86_64-whatever-linux2
Configuring for linux-x86_64
Configuring for linux-x86_64
    no-ec_nistp_64_gcc_128 [default]  OPENSSL_NO_EC_NISTP_64_GCC_128 (skip dir)
    no-gmp          [default]  OPENSSL_NO_GMP (skip dir)
    no-jpake        [experimental] OPENSSL_NO_JPAKE (skip dir)
    no-krb5         [krb5-flavor not specified] OPENSSL_NO_KRB5
    no-md2          [default]  OPENSSL_NO_MD2 (skip dir)
    no-rc5          [default]  OPENSSL_NO_RC5 (skip dir)
    no-rfc3779      [default]  OPENSSL_NO_RFC3779 (skip dir)
    no-sctp         [default]  OPENSSL_NO_SCTP (skip dir)
    no-shared       [option]  
    no-store        [experimental] OPENSSL_NO_STORE (skip dir)
    no-unit-test    [default]  OPENSSL_NO_UNIT_TEST (skip dir)
    no-zlib         [default] 
    no-zlib-dynamic [default] 
IsMK1MF=0
CC            =gcc
CFLAG         =-DOPENSSL_THREADS -D_REENTRANT -DDSO_DLFCN -DHAVE_DLFCN_H -Wa,--noexecstack -m64 -DL_ENDIAN -DTERMIO -O3 -Wall -DOPENSSL_IA32_SSE2 -DOPENSSL_BN_ASM_MONT -DOPENSSL_BN_ASM_MONT5 -DOPENSSL_BN_ASM_GF2m -DSHA1_ASM -DSHA256_ASM -DSHA512_ASM -DMD5_ASM -DAES_ASM -DVPAES_ASM -DBSAES_ASM -DWHIRLPOOL_ASM -DGHASH_ASM
EX_LIBS       =-ldl
CPUID_OBJ     =x86_64cpuid.o
BN_ASM        =x86_64-gcc.o x86_64-mont.o x86_64-mont5.o x86_64-gf2m.o modexp512-x86_64.o
DES_ENC       =des_enc.o fcrypt_b.o
AES_ENC       =aes-x86_64.o vpaes-x86_64.o bsaes-x86_64.o aesni-x86_64.o aesni-sha1-x86_64.o
BF_ENC        =bf_enc.o
CAST_ENC      =c_enc.o
RC4_ENC       =rc4-x86_64.o rc4-md5-x86_64.o
RC5_ENC       =rc5_enc.o
MD5_OBJ_ASM   =md5-x86_64.o
SHA1_OBJ_ASM  =sha1-x86_64.o sha256-x86_64.o sha512-x86_64.o
RMD160_OBJ_ASM=
CMLL_ENC      =cmll-x86_64.o cmll_misc.o
MODES_OBJ     =ghash-x86_64.o
ENGINES_OBJ   =
PROCESSOR     =
RANLIB        =ranlib
ARFLAGS       =
PERL          =perl
SIXTY_FOUR_BIT_LONG mode
DES_UNROLL used
DES_INT used
RC4_CHUNK is unsigned long
make[2]: Entering directory `/home/lucas.t/Cactus_tmp/configs/sim/scratch/build/OpenSSL/openssl-1.0.1k'
e_os2.h => include/openssl/e_os2.h
making links in crypto...
make[3]: Entering directory `/home/lucas.t/Cactus_tmp/configs/sim/scratch/build/OpenSSL/openssl-1.0.1k/crypto'
crypto.h => ../include/openssl/crypto.h
opensslv.h => ../include/openssl/opensslv.h
opensslconf.h => ../include/openssl/opensslconf.h
ebcdic.h => ../include/openssl/ebcdic.h
symhacks.h => ../include/openssl/symhacks.h
ossl_typ.h => ../include/openssl/ossl_typ.h
constant_time_test.c => ../test/constant_time_test.c
making links in crypto/objects...
make[4]: Entering directory `/home/lucas.t/Cactus_tmp/configs/sim/scratch/build/OpenSSL/openssl-1.0.1k/crypto/objects'
objects.h => ../../include/openssl/objects.h
obj_mac.h => ../../include/openssl/obj_mac.h
make[4]: Leaving directory `/home/lucas.t/Cactus_tmp/configs/sim/scratch/build/OpenSSL/openssl-1.0.1k/crypto/objects'
making links in crypto/md4...
make[4]: Entering directory `/home/lucas.t/Cactus_tmp/configs/sim/scratch/build/OpenSSL/openssl-1.0.1k/crypto/md4'
md4.h => ../../include/openssl/md4.h
md4test.c => ../../test/md4test.c
md4.c => ../../apps/md4.c
make[4]: Leaving directory `/home/lucas.t/Cactus_tmp/configs/sim/scratch/build/OpenSSL/openssl-1.0.1k/crypto/md4'
making links in crypto/md5...
make[4]: Entering directory `/home/lucas.t/Cactus_tmp/configs/sim/scratch/build/OpenSSL/openssl-1.0.1k/crypto/md5'
md5.h => ../../include/openssl/md5.h
md5test.c => ../../test/md5test.c
make[4]: Leaving directory `/home/lucas.t/Cactus_tmp/configs/sim/scratch/build/OpenSSL/openssl-1.0.1k/crypto/md5'
making links in crypto/sha...
make[4]: Entering directory `/home/lucas.t/Cactus_tmp/configs/sim/scratch/build/OpenSSL/openssl-1.0.1k/crypto/sha'
sha.h => ../../include/openssl/sha.h
shatest.c => ../../test/shatest.c
sha1test.c => ../../test/sha1test.c
sha256t.c => ../../test/sha256t.c
sha512t.c => ../../test/sha512t.c
make[4]: Leaving directory `/home/lucas.t/Cactus_tmp/configs/sim/scratch/build/OpenSSL/openssl-1.0.1k/crypto/sha'
making links in crypto/mdc2...
make[4]: Entering directory `/home/lucas.t/Cactus_tmp/configs/sim/scratch/build/OpenSSL/openssl-1.0.1k/crypto/mdc2'
mdc2.h => ../../include/openssl/mdc2.h
mdc2test.c => ../../test/mdc2test.c
make[4]: Leaving directory `/home/lucas.t/Cactus_tmp/configs/sim/scratch/build/OpenSSL/openssl-1.0.1k/crypto/mdc2'
making links in crypto/hmac...
make[4]: Entering directory `/home/lucas.t/Cactus_tmp/configs/sim/scratch/build/OpenSSL/openssl-1.0.1k/crypto/hmac'
hmac.h => ../../include/openssl/hmac.h
hmactest.c => ../../test/hmactest.c
make[4]: Leaving directory `/home/lucas.t/Cactus_tmp/configs/sim/scratch/build/OpenSSL/openssl-1.0.1k/crypto/hmac'
making links in crypto/ripemd...
make[4]: Entering directory `/home/lucas.t/Cactus_tmp/configs/sim/scratch/build/OpenSSL/openssl-1.0.1k/crypto/ripemd'
ripemd.h => ../../include/openssl/ripemd.h
rmdtest.c => ../../test/rmdtest.c
make[4]: Leaving directory `/home/lucas.t/Cactus_tmp/configs/sim/scratch/build/OpenSSL/openssl-1.0.1k/crypto/ripemd'
making links in crypto/whrlpool...
make[4]: Entering directory `/home/lucas.t/Cactus_tmp/configs/sim/scratch/build/OpenSSL/openssl-1.0.1k/crypto/whrlpool'
whrlpool.h => ../../include/openssl/whrlpool.h
wp_test.c => ../../test/wp_test.c
make[4]: Leaving directory `/home/lucas.t/Cactus_tmp/configs/sim/scratch/build/OpenSSL/openssl-1.0.1k/crypto/whrlpool'
making links in crypto/des...
make[4]: Entering directory `/home/lucas.t/Cactus_tmp/configs/sim/scratch/build/OpenSSL/openssl-1.0.1k/crypto/des'
des.h => ../../include/openssl/des.h
des_old.h => ../../include/openssl/des_old.h
destest.c => ../../test/destest.c
make[4]: Leaving directory `/home/lucas.t/Cactus_tmp/configs/sim/scratch/build/OpenSSL/openssl-1.0.1k/crypto/des'
making links in crypto/aes...
make[4]: Entering directory `/home/lucas.t/Cactus_tmp/configs/sim/scratch/build/OpenSSL/openssl-1.0.1k/crypto/aes'
aes.h => ../../include/openssl/aes.h
make[4]: Leaving directory `/home/lucas.t/Cactus_tmp/configs/sim/scratch/build/OpenSSL/openssl-1.0.1k/crypto/aes'
making links in crypto/rc2...
make[4]: Entering directory `/home/lucas.t/Cactus_tmp/configs/sim/scratch/build/OpenSSL/openssl-1.0.1k/crypto/rc2'
rc2.h => ../../include/openssl/rc2.h
rc2test.c => ../../test/rc2test.c
make[4]: Leaving directory `/home/lucas.t/Cactus_tmp/configs/sim/scratch/build/OpenSSL/openssl-1.0.1k/crypto/rc2'
making links in crypto/rc4...
make[4]: Entering directory `/home/lucas.t/Cactus_tmp/configs/sim/scratch/build/OpenSSL/openssl-1.0.1k/crypto/rc4'
rc4.h => ../../include/openssl/rc4.h
rc4test.c => ../../test/rc4test.c
make[4]: Leaving directory `/home/lucas.t/Cactus_tmp/configs/sim/scratch/build/OpenSSL/openssl-1.0.1k/crypto/rc4'
making links in crypto/idea...
make[4]: Entering directory `/home/lucas.t/Cactus_tmp/configs/sim/scratch/build/OpenSSL/openssl-1.0.1k/crypto/idea'
idea.h => ../../include/openssl/idea.h
ideatest.c => ../../test/ideatest.c
make[4]: Leaving directory `/home/lucas.t/Cactus_tmp/configs/sim/scratch/build/OpenSSL/openssl-1.0.1k/crypto/idea'
making links in crypto/bf...
make[4]: Entering directory `/home/lucas.t/Cactus_tmp/configs/sim/scratch/build/OpenSSL/openssl-1.0.1k/crypto/bf'
blowfish.h => ../../include/openssl/blowfish.h
bftest.c => ../../test/bftest.c
make[4]: Leaving directory `/home/lucas.t/Cactus_tmp/configs/sim/scratch/build/OpenSSL/openssl-1.0.1k/crypto/bf'
making links in crypto/cast...
make[4]: Entering directory `/home/lucas.t/Cactus_tmp/configs/sim/scratch/build/OpenSSL/openssl-1.0.1k/crypto/cast'
cast.h => ../../include/openssl/cast.h
casttest.c => ../../test/casttest.c
make[4]: Leaving directory `/home/lucas.t/Cactus_tmp/configs/sim/scratch/build/OpenSSL/openssl-1.0.1k/crypto/cast'
making links in crypto/camellia...
make[4]: Entering directory `/home/lucas.t/Cactus_tmp/configs/sim/scratch/build/OpenSSL/openssl-1.0.1k/crypto/camellia'
camellia.h => ../../include/openssl/camellia.h
make[4]: Leaving directory `/home/lucas.t/Cactus_tmp/configs/sim/scratch/build/OpenSSL/openssl-1.0.1k/crypto/camellia'
making links in crypto/seed...
make[4]: Entering directory `/home/lucas.t/Cactus_tmp/configs/sim/scratch/build/OpenSSL/openssl-1.0.1k/crypto/seed'
seed.h => ../../include/openssl/seed.h
make[4]: Leaving directory `/home/lucas.t/Cactus_tmp/configs/sim/scratch/build/OpenSSL/openssl-1.0.1k/crypto/seed'
making links in crypto/modes...
make[4]: Entering directory `/home/lucas.t/Cactus_tmp/configs/sim/scratch/build/OpenSSL/openssl-1.0.1k/crypto/modes'
modes.h => ../../include/openssl/modes.h
make[4]: Leaving directory `/home/lucas.t/Cactus_tmp/configs/sim/scratch/build/OpenSSL/openssl-1.0.1k/crypto/modes'
making links in crypto/bn...
make[4]: Entering directory `/home/lucas.t/Cactus_tmp/configs/sim/scratch/build/OpenSSL/openssl-1.0.1k/crypto/bn'
bn.h => ../../include/openssl/bn.h
bntest.c => ../../test/bntest.c
exptest.c => ../../test/exptest.c
make[4]: Leaving directory `/home/lucas.t/Cactus_tmp/configs/sim/scratch/build/OpenSSL/openssl-1.0.1k/crypto/bn'
making links in crypto/ec...
make[4]: Entering directory `/home/lucas.t/Cactus_tmp/configs/sim/scratch/build/OpenSSL/openssl-1.0.1k/crypto/ec'
ec.h => ../../include/openssl/ec.h
ectest.c => ../../test/ectest.c
make[4]: Leaving directory `/home/lucas.t/Cactus_tmp/configs/sim/scratch/build/OpenSSL/openssl-1.0.1k/crypto/ec'
making links in crypto/rsa...
make[4]: Entering directory `/home/lucas.t/Cactus_tmp/configs/sim/scratch/build/OpenSSL/openssl-1.0.1k/crypto/rsa'
rsa.h => ../../include/openssl/rsa.h
rsa_test.c => ../../test/rsa_test.c
make[4]: Leaving directory `/home/lucas.t/Cactus_tmp/configs/sim/scratch/build/OpenSSL/openssl-1.0.1k/crypto/rsa'
making links in crypto/dsa...
make[4]: Entering directory `/home/lucas.t/Cactus_tmp/configs/sim/scratch/build/OpenSSL/openssl-1.0.1k/crypto/dsa'
dsa.h => ../../include/openssl/dsa.h
dsatest.c => ../../test/dsatest.c
make[4]: Leaving directory `/home/lucas.t/Cactus_tmp/configs/sim/scratch/build/OpenSSL/openssl-1.0.1k/crypto/dsa'
making links in crypto/ecdsa...
make[4]: Entering directory `/home/lucas.t/Cactus_tmp/configs/sim/scratch/build/OpenSSL/openssl-1.0.1k/crypto/ecdsa'
ecdsa.h => ../../include/openssl/ecdsa.h
ecdsatest.c => ../../test/ecdsatest.c
make[4]: Leaving directory `/home/lucas.t/Cactus_tmp/configs/sim/scratch/build/OpenSSL/openssl-1.0.1k/crypto/ecdsa'
making links in crypto/dh...
make[4]: Entering directory `/home/lucas.t/Cactus_tmp/configs/sim/scratch/build/OpenSSL/openssl-1.0.1k/crypto/dh'
dh.h => ../../include/openssl/dh.h
dhtest.c => ../../test/dhtest.c
make[4]: Leaving directory `/home/lucas.t/Cactus_tmp/configs/sim/scratch/build/OpenSSL/openssl-1.0.1k/crypto/dh'
making links in crypto/ecdh...
make[4]: Entering directory `/home/lucas.t/Cactus_tmp/configs/sim/scratch/build/OpenSSL/openssl-1.0.1k/crypto/ecdh'
ecdh.h => ../../include/openssl/ecdh.h
ecdhtest.c => ../../test/ecdhtest.c
make[4]: Leaving directory `/home/lucas.t/Cactus_tmp/configs/sim/scratch/build/OpenSSL/openssl-1.0.1k/crypto/ecdh'
making links in crypto/dso...
make[4]: Entering directory `/home/lucas.t/Cactus_tmp/configs/sim/scratch/build/OpenSSL/openssl-1.0.1k/crypto/dso'
dso.h => ../../include/openssl/dso.h
make[4]: Leaving directory `/home/lucas.t/Cactus_tmp/configs/sim/scratch/build/OpenSSL/openssl-1.0.1k/crypto/dso'
making links in crypto/engine...
make[4]: Entering directory `/home/lucas.t/Cactus_tmp/configs/sim/scratch/build/OpenSSL/openssl-1.0.1k/crypto/engine'
engine.h => ../../include/openssl/engine.h
enginetest.c => ../../test/enginetest.c
make[4]: Leaving directory `/home/lucas.t/Cactus_tmp/configs/sim/scratch/build/OpenSSL/openssl-1.0.1k/crypto/engine'
making links in crypto/buffer...
make[4]: Entering directory `/home/lucas.t/Cactus_tmp/configs/sim/scratch/build/OpenSSL/openssl-1.0.1k/crypto/buffer'
buffer.h => ../../include/openssl/buffer.h
make[4]: Leaving directory `/home/lucas.t/Cactus_tmp/configs/sim/scratch/build/OpenSSL/openssl-1.0.1k/crypto/buffer'
making links in crypto/bio...
make[4]: Entering directory `/home/lucas.t/Cactus_tmp/configs/sim/scratch/build/OpenSSL/openssl-1.0.1k/crypto/bio'
bio.h => ../../include/openssl/bio.h
make[4]: Leaving directory `/home/lucas.t/Cactus_tmp/configs/sim/scratch/build/OpenSSL/openssl-1.0.1k/crypto/bio'
making links in crypto/stack...
make[4]: Entering directory `/home/lucas.t/Cactus_tmp/configs/sim/scratch/build/OpenSSL/openssl-1.0.1k/crypto/stack'
stack.h => ../../include/openssl/stack.h
safestack.h => ../../include/openssl/safestack.h
make[4]: Leaving directory `/home/lucas.t/Cactus_tmp/configs/sim/scratch/build/OpenSSL/openssl-1.0.1k/crypto/stack'
making links in crypto/lhash...
make[4]: Entering directory `/home/lucas.t/Cactus_tmp/configs/sim/scratch/build/OpenSSL/openssl-1.0.1k/crypto/lhash'
lhash.h => ../../include/openssl/lhash.h
make[4]: Leaving directory `/home/lucas.t/Cactus_tmp/configs/sim/scratch/build/OpenSSL/openssl-1.0.1k/crypto/lhash'
making links in crypto/rand...
make[4]: Entering directory `/home/lucas.t/Cactus_tmp/configs/sim/scratch/build/OpenSSL/openssl-1.0.1k/crypto/rand'
rand.h => ../../include/openssl/rand.h
randtest.c => ../../test/randtest.c
make[4]: Leaving directory `/home/lucas.t/Cactus_tmp/configs/sim/scratch/build/OpenSSL/openssl-1.0.1k/crypto/rand'
making links in crypto/err...
make[4]: Entering directory `/home/lucas.t/Cactus_tmp/configs/sim/scratch/build/OpenSSL/openssl-1.0.1k/crypto/err'
err.h => ../../include/openssl/err.h
make[4]: Leaving directory `/home/lucas.t/Cactus_tmp/configs/sim/scratch/build/OpenSSL/openssl-1.0.1k/crypto/err'
making links in crypto/evp...
make[4]: Entering directory `/home/lucas.t/Cactus_tmp/configs/sim/scratch/build/OpenSSL/openssl-1.0.1k/crypto/evp'
evp.h => ../../include/openssl/evp.h
evp_test.c => ../../test/evp_test.c
evptests.txt -> ../../test/evptests.txt
make[4]: Leaving directory `/home/lucas.t/Cactus_tmp/configs/sim/scratch/build/OpenSSL/openssl-1.0.1k/crypto/evp'
making links in crypto/asn1...
make[4]: Entering directory `/home/lucas.t/Cactus_tmp/configs/sim/scratch/build/OpenSSL/openssl-1.0.1k/crypto/asn1'
asn1.h => ../../include/openssl/asn1.h
asn1_mac.h => ../../include/openssl/asn1_mac.h
asn1t.h => ../../include/openssl/asn1t.h
make[4]: Leaving directory `/home/lucas.t/Cactus_tmp/configs/sim/scratch/build/OpenSSL/openssl-1.0.1k/crypto/asn1'
making links in crypto/pem...
make[4]: Entering directory `/home/lucas.t/Cactus_tmp/configs/sim/scratch/build/OpenSSL/openssl-1.0.1k/crypto/pem'
pem.h => ../../include/openssl/pem.h
pem2.h => ../../include/openssl/pem2.h
make[4]: Leaving directory `/home/lucas.t/Cactus_tmp/configs/sim/scratch/build/OpenSSL/openssl-1.0.1k/crypto/pem'
making links in crypto/x509...
make[4]: Entering directory `/home/lucas.t/Cactus_tmp/configs/sim/scratch/build/OpenSSL/openssl-1.0.1k/crypto/x509'
x509.h => ../../include/openssl/x509.h
x509_vfy.h => ../../include/openssl/x509_vfy.h
make[4]: Leaving directory `/home/lucas.t/Cactus_tmp/configs/sim/scratch/build/OpenSSL/openssl-1.0.1k/crypto/x509'
making links in crypto/x509v3...
make[4]: Entering directory `/home/lucas.t/Cactus_tmp/configs/sim/scratch/build/OpenSSL/openssl-1.0.1k/crypto/x509v3'
x509v3.h => ../../include/openssl/x509v3.h
make[4]: Leaving directory `/home/lucas.t/Cactus_tmp/configs/sim/scratch/build/OpenSSL/openssl-1.0.1k/crypto/x509v3'
making links in crypto/conf...
make[4]: Entering directory `/home/lucas.t/Cactus_tmp/configs/sim/scratch/build/OpenSSL/openssl-1.0.1k/crypto/conf'
conf.h => ../../include/openssl/conf.h
conf_api.h => ../../include/openssl/conf_api.h
make[4]: Leaving directory `/home/lucas.t/Cactus_tmp/configs/sim/scratch/build/OpenSSL/openssl-1.0.1k/crypto/conf'
making links in crypto/txt_db...
make[4]: Entering directory `/home/lucas.t/Cactus_tmp/configs/sim/scratch/build/OpenSSL/openssl-1.0.1k/crypto/txt_db'
txt_db.h => ../../include/openssl/txt_db.h
make[4]: Leaving directory `/home/lucas.t/Cactus_tmp/configs/sim/scratch/build/OpenSSL/openssl-1.0.1k/crypto/txt_db'
making links in crypto/pkcs7...
make[4]: Entering directory `/home/lucas.t/Cactus_tmp/configs/sim/scratch/build/OpenSSL/openssl-1.0.1k/crypto/pkcs7'
pkcs7.h => ../../include/openssl/pkcs7.h
make[4]: Leaving directory `/home/lucas.t/Cactus_tmp/configs/sim/scratch/build/OpenSSL/openssl-1.0.1k/crypto/pkcs7'
making links in crypto/pkcs12...
make[4]: Entering directory `/home/lucas.t/Cactus_tmp/configs/sim/scratch/build/OpenSSL/openssl-1.0.1k/crypto/pkcs12'
pkcs12.h => ../../include/openssl/pkcs12.h
make[4]: Leaving directory `/home/lucas.t/Cactus_tmp/configs/sim/scratch/build/OpenSSL/openssl-1.0.1k/crypto/pkcs12'
making links in crypto/comp...
make[4]: Entering directory `/home/lucas.t/Cactus_tmp/configs/sim/scratch/build/OpenSSL/openssl-1.0.1k/crypto/comp'
comp.h => ../../include/openssl/comp.h
make[4]: Leaving directory `/home/lucas.t/Cactus_tmp/configs/sim/scratch/build/OpenSSL/openssl-1.0.1k/crypto/comp'
making links in crypto/ocsp...
make[4]: Entering directory `/home/lucas.t/Cactus_tmp/configs/sim/scratch/build/OpenSSL/openssl-1.0.1k/crypto/ocsp'
ocsp.h => ../../include/openssl/ocsp.h
make[4]: Leaving directory `/home/lucas.t/Cactus_tmp/configs/sim/scratch/build/OpenSSL/openssl-1.0.1k/crypto/ocsp'
making links in crypto/ui...
make[4]: Entering directory `/home/lucas.t/Cactus_tmp/configs/sim/scratch/build/OpenSSL/openssl-1.0.1k/crypto/ui'
ui.h => ../../include/openssl/ui.h
ui_compat.h => ../../include/openssl/ui_compat.h
make[4]: Leaving directory `/home/lucas.t/Cactus_tmp/configs/sim/scratch/build/OpenSSL/openssl-1.0.1k/crypto/ui'
making links in crypto/krb5...
make[4]: Entering directory `/home/lucas.t/Cactus_tmp/configs/sim/scratch/build/OpenSSL/openssl-1.0.1k/crypto/krb5'
krb5_asn.h => ../../include/openssl/krb5_asn.h
make[4]: Leaving directory `/home/lucas.t/Cactus_tmp/configs/sim/scratch/build/OpenSSL/openssl-1.0.1k/crypto/krb5'
making links in crypto/cms...
make[4]: Entering directory `/home/lucas.t/Cactus_tmp/configs/sim/scratch/build/OpenSSL/openssl-1.0.1k/crypto/cms'
cms.h => ../../include/openssl/cms.h
make[4]: Leaving directory `/home/lucas.t/Cactus_tmp/configs/sim/scratch/build/OpenSSL/openssl-1.0.1k/crypto/cms'
making links in crypto/pqueue...
make[4]: Entering directory `/home/lucas.t/Cactus_tmp/configs/sim/scratch/build/OpenSSL/openssl-1.0.1k/crypto/pqueue'
pqueue.h => ../../include/openssl/pqueue.h
make[4]: Leaving directory `/home/lucas.t/Cactus_tmp/configs/sim/scratch/build/OpenSSL/openssl-1.0.1k/crypto/pqueue'
making links in crypto/ts...
make[4]: Entering directory `/home/lucas.t/Cactus_tmp/configs/sim/scratch/build/OpenSSL/openssl-1.0.1k/crypto/ts'
ts.h => ../../include/openssl/ts.h
make[4]: Leaving directory `/home/lucas.t/Cactus_tmp/configs/sim/scratch/build/OpenSSL/openssl-1.0.1k/crypto/ts'
making links in crypto/srp...
make[4]: Entering directory `/home/lucas.t/Cactus_tmp/configs/sim/scratch/build/OpenSSL/openssl-1.0.1k/crypto/srp'
srp.h => ../../include/openssl/srp.h
srptest.c => ../../test/srptest.c
make[4]: Leaving directory `/home/lucas.t/Cactus_tmp/configs/sim/scratch/build/OpenSSL/openssl-1.0.1k/crypto/srp'
making links in crypto/cmac...
make[4]: Entering directory `/home/lucas.t/Cactus_tmp/configs/sim/scratch/build/OpenSSL/openssl-1.0.1k/crypto/cmac'
cmac.h => ../../include/openssl/cmac.h
make[4]: Leaving directory `/home/lucas.t/Cactus_tmp/configs/sim/scratch/build/OpenSSL/openssl-1.0.1k/crypto/cmac'
make[3]: Leaving directory `/home/lucas.t/Cactus_tmp/configs/sim/scratch/build/OpenSSL/openssl-1.0.1k/crypto'
making links in ssl...
make[3]: Entering directory `/home/lucas.t/Cactus_tmp/configs/sim/scratch/build/OpenSSL/openssl-1.0.1k/ssl'
ssl.h => ../include/openssl/ssl.h
ssl2.h => ../include/openssl/ssl2.h
ssl3.h => ../include/openssl/ssl3.h
ssl23.h => ../include/openssl/ssl23.h
tls1.h => ../include/openssl/tls1.h
dtls1.h => ../include/openssl/dtls1.h
kssl.h => ../include/openssl/kssl.h
srtp.h => ../include/openssl/srtp.h
ssltest.c => ../test/ssltest.c
heartbeat_test.c => ../test/heartbeat_test.c
make[3]: Leaving directory `/home/lucas.t/Cactus_tmp/configs/sim/scratch/build/OpenSSL/openssl-1.0.1k/ssl'
making links in engines...
make[3]: Entering directory `/home/lucas.t/Cactus_tmp/configs/sim/scratch/build/OpenSSL/openssl-1.0.1k/engines'
making links in engines/ccgost...
make[4]: Entering directory `/home/lucas.t/Cactus_tmp/configs/sim/scratch/build/OpenSSL/openssl-1.0.1k/engines/ccgost'
make[4]: Nothing to be done for `links'.
make[4]: Leaving directory `/home/lucas.t/Cactus_tmp/configs/sim/scratch/build/OpenSSL/openssl-1.0.1k/engines/ccgost'
make[3]: Leaving directory `/home/lucas.t/Cactus_tmp/configs/sim/scratch/build/OpenSSL/openssl-1.0.1k/engines'
making links in apps...
make[3]: Entering directory `/home/lucas.t/Cactus_tmp/configs/sim/scratch/build/OpenSSL/openssl-1.0.1k/apps'
make[3]: Nothing to be done for `links'.
make[3]: Leaving directory `/home/lucas.t/Cactus_tmp/configs/sim/scratch/build/OpenSSL/openssl-1.0.1k/apps'
making links in test...
make[3]: Entering directory `/home/lucas.t/Cactus_tmp/configs/sim/scratch/build/OpenSSL/openssl-1.0.1k/test'
make[3]: Nothing to be done for `links'.
make[3]: Leaving directory `/home/lucas.t/Cactus_tmp/configs/sim/scratch/build/OpenSSL/openssl-1.0.1k/test'
making links in tools...
make[3]: Entering directory `/home/lucas.t/Cactus_tmp/configs/sim/scratch/build/OpenSSL/openssl-1.0.1k/tools'
make[3]: Nothing to be done for `links'.
make[3]: Leaving directory `/home/lucas.t/Cactus_tmp/configs/sim/scratch/build/OpenSSL/openssl-1.0.1k/tools'
generating dummy tests (if needed)...
make[3]: Entering directory `/home/lucas.t/Cactus_tmp/configs/sim/scratch/build/OpenSSL/openssl-1.0.1k/test'
make[3]: Nothing to be done for `generate'.
make[3]: Leaving directory `/home/lucas.t/Cactus_tmp/configs/sim/scratch/build/OpenSSL/openssl-1.0.1k/test'
make[2]: Leaving directory `/home/lucas.t/Cactus_tmp/configs/sim/scratch/build/OpenSSL/openssl-1.0.1k'

Configured for linux-x86_64.
OpenSSL: Building...
make[2]: Entering directory `/home/lucas.t/Cactus_tmp/configs/sim/scratch/build/OpenSSL/openssl-1.0.1k'
making all in crypto...
make[3]: Entering directory `/home/lucas.t/Cactus_tmp/configs/sim/scratch/build/OpenSSL/openssl-1.0.1k/crypto'
perl ../util/mkbuildinf.pl "-I. -I.. -I../include  -DOPENSSL_THREADS -D_REENTRANT -DDSO_DLFCN -DHAVE_DLFCN_H -Wa,--noexecstack -m64 -DL_ENDIAN -DTERMIO -O3 -Wall -DOPENSSL_IA32_SSE2 -DOPENSSL_BN_ASM_MONT -DOPENSSL_BN_ASM_MONT5 -DOPENSSL_BN_ASM_GF2m -DSHA1_ASM -DSHA256_ASM -DSHA512_ASM -DMD5_ASM -DAES_ASM -DVPAES_ASM -DBSAES_ASM -DWHIRLPOOL_ASM -DGHASH_ASM" "linux-x86_64" >buildinf.h
gcc -I. -I.. -I../include  -DOPENSSL_THREADS -D_REENTRANT -DDSO_DLFCN -DHAVE_DLFCN_H -Wa,--noexecstack -m64 -DL_ENDIAN -DTERMIO -O3 -Wall -DOPENSSL_IA32_SSE2 -DOPENSSL_BN_ASM_MONT -DOPENSSL_BN_ASM_MONT5 -DOPENSSL_BN_ASM_GF2m -DSHA1_ASM -DSHA256_ASM -DSHA512_ASM -DMD5_ASM -DAES_ASM -DVPAES_ASM -DBSAES_ASM -DWHIRLPOOL_ASM -DGHASH_ASM  -O3  -Wall  -c -o cryptlib.o cryptlib.c
gcc -I. -I.. -I../include  -DOPENSSL_THREADS -D_REENTRANT -DDSO_DLFCN -DHAVE_DLFCN_H -Wa,--noexecstack -m64 -DL_ENDIAN -DTERMIO -O3 -Wall -DOPENSSL_IA32_SSE2 -DOPENSSL_BN_ASM_MONT -DOPENSSL_BN_ASM_MONT5 -DOPENSSL_BN_ASM_GF2m -DSHA1_ASM -DSHA256_ASM -DSHA512_ASM -DMD5_ASM -DAES_ASM -DVPAES_ASM -DBSAES_ASM -DWHIRLPOOL_ASM -DGHASH_ASM  -O3  -Wall  -c -o mem.o mem.c
gcc -I. -I.. -I../include  -DOPENSSL_THREADS -D_REENTRANT -DDSO_DLFCN -DHAVE_DLFCN_H -Wa,--noexecstack -m64 -DL_ENDIAN -DTERMIO -O3 -Wall -DOPENSSL_IA32_SSE2 -DOPENSSL_BN_ASM_MONT -DOPENSSL_BN_ASM_MONT5 -DOPENSSL_BN_ASM_GF2m -DSHA1_ASM -DSHA256_ASM -DSHA512_ASM -DMD5_ASM -DAES_ASM -DVPAES_ASM -DBSAES_ASM -DWHIRLPOOL_ASM -DGHASH_ASM  -O3  -Wall  -c -o mem_dbg.o mem_dbg.c
gcc -I. -I.. -I../include  -DOPENSSL_THREADS -D_REENTRANT -DDSO_DLFCN -DHAVE_DLFCN_H -Wa,--noexecstack -m64 -DL_ENDIAN -DTERMIO -O3 -Wall -DOPENSSL_IA32_SSE2 -DOPENSSL_BN_ASM_MONT -DOPENSSL_BN_ASM_MONT5 -DOPENSSL_BN_ASM_GF2m -DSHA1_ASM -DSHA256_ASM -DSHA512_ASM -DMD5_ASM -DAES_ASM -DVPAES_ASM -DBSAES_ASM -DWHIRLPOOL_ASM -DGHASH_ASM  -O3  -Wall  -c -o cversion.o cversion.c
gcc -I. -I.. -I../include  -DOPENSSL_THREADS -D_REENTRANT -DDSO_DLFCN -DHAVE_DLFCN_H -Wa,--noexecstack -m64 -DL_ENDIAN -DTERMIO -O3 -Wall -DOPENSSL_IA32_SSE2 -DOPENSSL_BN_ASM_MONT -DOPENSSL_BN_ASM_MONT5 -DOPENSSL_BN_ASM_GF2m -DSHA1_ASM -DSHA256_ASM -DSHA512_ASM -DMD5_ASM -DAES_ASM -DVPAES_ASM -DBSAES_ASM -DWHIRLPOOL_ASM -DGHASH_ASM  -O3  -Wall  -c -o ex_data.o ex_data.c
gcc -I. -I.. -I../include  -DOPENSSL_THREADS -D_REENTRANT -DDSO_DLFCN -DHAVE_DLFCN_H -Wa,--noexecstack -m64 -DL_ENDIAN -DTERMIO -O3 -Wall -DOPENSSL_IA32_SSE2 -DOPENSSL_BN_ASM_MONT -DOPENSSL_BN_ASM_MONT5 -DOPENSSL_BN_ASM_GF2m -DSHA1_ASM -DSHA256_ASM -DSHA512_ASM -DMD5_ASM -DAES_ASM -DVPAES_ASM -DBSAES_ASM -DWHIRLPOOL_ASM -DGHASH_ASM  -O3  -Wall  -c -o cpt_err.o cpt_err.c
gcc -I. -I.. -I../include  -DOPENSSL_THREADS -D_REENTRANT -DDSO_DLFCN -DHAVE_DLFCN_H -Wa,--noexecstack -m64 -DL_ENDIAN -DTERMIO -O3 -Wall -DOPENSSL_IA32_SSE2 -DOPENSSL_BN_ASM_MONT -DOPENSSL_BN_ASM_MONT5 -DOPENSSL_BN_ASM_GF2m -DSHA1_ASM -DSHA256_ASM -DSHA512_ASM -DMD5_ASM -DAES_ASM -DVPAES_ASM -DBSAES_ASM -DWHIRLPOOL_ASM -DGHASH_ASM  -O3  -Wall  -c -o ebcdic.o ebcdic.c
gcc -I. -I.. -I../include  -DOPENSSL_THREADS -D_REENTRANT -DDSO_DLFCN -DHAVE_DLFCN_H -Wa,--noexecstack -m64 -DL_ENDIAN -DTERMIO -O3 -Wall -DOPENSSL_IA32_SSE2 -DOPENSSL_BN_ASM_MONT -DOPENSSL_BN_ASM_MONT5 -DOPENSSL_BN_ASM_GF2m -DSHA1_ASM -DSHA256_ASM -DSHA512_ASM -DMD5_ASM -DAES_ASM -DVPAES_ASM -DBSAES_ASM -DWHIRLPOOL_ASM -DGHASH_ASM  -O3  -Wall  -c -o uid.o uid.c
gcc -I. -I.. -I../include  -DOPENSSL_THREADS -D_REENTRANT -DDSO_DLFCN -DHAVE_DLFCN_H -Wa,--noexecstack -m64 -DL_ENDIAN -DTERMIO -O3 -Wall -DOPENSSL_IA32_SSE2 -DOPENSSL_BN_ASM_MONT -DOPENSSL_BN_ASM_MONT5 -DOPENSSL_BN_ASM_GF2m -DSHA1_ASM -DSHA256_ASM -DSHA512_ASM -DMD5_ASM -DAES_ASM -DVPAES_ASM -DBSAES_ASM -DWHIRLPOOL_ASM -DGHASH_ASM  -O3  -Wall  -c -o o_time.o o_time.c
gcc -I. -I.. -I../include  -DOPENSSL_THREADS -D_REENTRANT -DDSO_DLFCN -DHAVE_DLFCN_H -Wa,--noexecstack -m64 -DL_ENDIAN -DTERMIO -O3 -Wall -DOPENSSL_IA32_SSE2 -DOPENSSL_BN_ASM_MONT -DOPENSSL_BN_ASM_MONT5 -DOPENSSL_BN_ASM_GF2m -DSHA1_ASM -DSHA256_ASM -DSHA512_ASM -DMD5_ASM -DAES_ASM -DVPAES_ASM -DBSAES_ASM -DWHIRLPOOL_ASM -DGHASH_ASM  -O3  -Wall  -c -o o_str.o o_str.c
gcc -I. -I.. -I../include  -DOPENSSL_THREADS -D_REENTRANT -DDSO_DLFCN -DHAVE_DLFCN_H -Wa,--noexecstack -m64 -DL_ENDIAN -DTERMIO -O3 -Wall -DOPENSSL_IA32_SSE2 -DOPENSSL_BN_ASM_MONT -DOPENSSL_BN_ASM_MONT5 -DOPENSSL_BN_ASM_GF2m -DSHA1_ASM -DSHA256_ASM -DSHA512_ASM -DMD5_ASM -DAES_ASM -DVPAES_ASM -DBSAES_ASM -DWHIRLPOOL_ASM -DGHASH_ASM  -O3  -Wall  -c -o o_dir.o o_dir.c
gcc -I. -I.. -I../include  -DOPENSSL_THREADS -D_REENTRANT -DDSO_DLFCN -DHAVE_DLFCN_H -Wa,--noexecstack -m64 -DL_ENDIAN -DTERMIO -O3 -Wall -DOPENSSL_IA32_SSE2 -DOPENSSL_BN_ASM_MONT -DOPENSSL_BN_ASM_MONT5 -DOPENSSL_BN_ASM_GF2m -DSHA1_ASM -DSHA256_ASM -DSHA512_ASM -DMD5_ASM -DAES_ASM -DVPAES_ASM -DBSAES_ASM -DWHIRLPOOL_ASM -DGHASH_ASM  -O3  -Wall  -c -o o_fips.o o_fips.c
gcc -I. -I.. -I../include  -DOPENSSL_THREADS -D_REENTRANT -DDSO_DLFCN -DHAVE_DLFCN_H -Wa,--noexecstack -m64 -DL_ENDIAN -DTERMIO -O3 -Wall -DOPENSSL_IA32_SSE2 -DOPENSSL_BN_ASM_MONT -DOPENSSL_BN_ASM_MONT5 -DOPENSSL_BN_ASM_GF2m -DSHA1_ASM -DSHA256_ASM -DSHA512_ASM -DMD5_ASM -DAES_ASM -DVPAES_ASM -DBSAES_ASM -DWHIRLPOOL_ASM -DGHASH_ASM  -O3  -Wall  -c -o o_init.o o_init.c
gcc -I. -I.. -I../include  -DOPENSSL_THREADS -D_REENTRANT -DDSO_DLFCN -DHAVE_DLFCN_H -Wa,--noexecstack -m64 -DL_ENDIAN -DTERMIO -O3 -Wall -DOPENSSL_IA32_SSE2 -DOPENSSL_BN_ASM_MONT -DOPENSSL_BN_ASM_MONT5 -DOPENSSL_BN_ASM_GF2m -DSHA1_ASM -DSHA256_ASM -DSHA512_ASM -DMD5_ASM -DAES_ASM -DVPAES_ASM -DBSAES_ASM -DWHIRLPOOL_ASM -DGHASH_ASM  -O3  -Wall  -c -o fips_ers.o fips_ers.c
perl x86_64cpuid.pl elf > x86_64cpuid.s
gcc -I. -I.. -I../include  -DOPENSSL_THREADS -D_REENTRANT -DDSO_DLFCN -DHAVE_DLFCN_H -Wa,--noexecstack -m64 -DL_ENDIAN -DTERMIO -O3 -Wall -DOPENSSL_IA32_SSE2 -DOPENSSL_BN_ASM_MONT -DOPENSSL_BN_ASM_MONT5 -DOPENSSL_BN_ASM_GF2m -DSHA1_ASM -DSHA256_ASM -DSHA512_ASM -DMD5_ASM -DAES_ASM -DVPAES_ASM -DBSAES_ASM -DWHIRLPOOL_ASM -DGHASH_ASM -c  -o x86_64cpuid.o x86_64cpuid.s
ar  r ../libcrypto.a cryptlib.o mem.o mem_dbg.o cversion.o ex_data.o cpt_err.o ebcdic.o uid.o o_time.o o_str.o o_dir.o o_fips.o o_init.o fips_ers.o x86_64cpuid.o
ar: creating ../libcrypto.a
[ -z "" ] || ar  r ../libcrypto.a fipscanister.o
ranlib ../libcrypto.a || echo Never mind.
making all in crypto/objects...
make[4]: Entering directory `/home/lucas.t/Cactus_tmp/configs/sim/scratch/build/OpenSSL/openssl-1.0.1k/crypto/objects'
perl objxref.pl obj_mac.num obj_xref.txt > obj_xref.h
gcc -I.. -I../.. -I../modes -I../asn1 -I../evp -I../../include  -DOPENSSL_THREADS -D_REENTRANT -DDSO_DLFCN -DHAVE_DLFCN_H -Wa,--noexecstack -m64 -DL_ENDIAN -DTERMIO -O3 -Wall -DOPENSSL_IA32_SSE2 -DOPENSSL_BN_ASM_MONT -DOPENSSL_BN_ASM_MONT5 -DOPENSSL_BN_ASM_GF2m -DSHA1_ASM -DSHA256_ASM -DSHA512_ASM -DMD5_ASM -DAES_ASM -DVPAES_ASM -DBSAES_ASM -DWHIRLPOOL_ASM -DGHASH_ASM  -O3  -Wall  -c -o o_names.o o_names.c
gcc -I.. -I../.. -I../modes -I../asn1 -I../evp -I../../include  -DOPENSSL_THREADS -D_REENTRANT -DDSO_DLFCN -DHAVE_DLFCN_H -Wa,--noexecstack -m64 -DL_ENDIAN -DTERMIO -O3 -Wall -DOPENSSL_IA32_SSE2 -DOPENSSL_BN_ASM_MONT -DOPENSSL_BN_ASM_MONT5 -DOPENSSL_BN_ASM_GF2m -DSHA1_ASM -DSHA256_ASM -DSHA512_ASM -DMD5_ASM -DAES_ASM -DVPAES_ASM -DBSAES_ASM -DWHIRLPOOL_ASM -DGHASH_ASM  -O3  -Wall  -c -o obj_dat.o obj_dat.c
gcc -I.. -I../.. -I../modes -I../asn1 -I../evp -I../../include  -DOPENSSL_THREADS -D_REENTRANT -DDSO_DLFCN -DHAVE_DLFCN_H -Wa,--noexecstack -m64 -DL_ENDIAN -DTERMIO -O3 -Wall -DOPENSSL_IA32_SSE2 -DOPENSSL_BN_ASM_MONT -DOPENSSL_BN_ASM_MONT5 -DOPENSSL_BN_ASM_GF2m -DSHA1_ASM -DSHA256_ASM -DSHA512_ASM -DMD5_ASM -DAES_ASM -DVPAES_ASM -DBSAES_ASM -DWHIRLPOOL_ASM -DGHASH_ASM  -O3  -Wall  -c -o obj_lib.o obj_lib.c
gcc -I.. -I../.. -I../modes -I../asn1 -I../evp -I../../include  -DOPENSSL_THREADS -D_REENTRANT -DDSO_DLFCN -DHAVE_DLFCN_H -Wa,--noexecstack -m64 -DL_ENDIAN -DTERMIO -O3 -Wall -DOPENSSL_IA32_SSE2 -DOPENSSL_BN_ASM_MONT -DOPENSSL_BN_ASM_MONT5 -DOPENSSL_BN_ASM_GF2m -DSHA1_ASM -DSHA256_ASM -DSHA512_ASM -DMD5_ASM -DAES_ASM -DVPAES_ASM -DBSAES_ASM -DWHIRLPOOL_ASM -DGHASH_ASM  -O3  -Wall  -c -o obj_err.o obj_err.c
gcc -I.. -I../.. -I../modes -I../asn1 -I../evp -I../../include  -DOPENSSL_THREADS -D_REENTRANT -DDSO_DLFCN -DHAVE_DLFCN_H -Wa,--noexecstack -m64 -DL_ENDIAN -DTERMIO -O3 -Wall -DOPENSSL_IA32_SSE2 -DOPENSSL_BN_ASM_MONT -DOPENSSL_BN_ASM_MONT5 -DOPENSSL_BN_ASM_GF2m -DSHA1_ASM -DSHA256_ASM -DSHA512_ASM -DMD5_ASM -DAES_ASM -DVPAES_ASM -DBSAES_ASM -DWHIRLPOOL_ASM -DGHASH_ASM  -O3  -Wall  -c -o obj_xref.o obj_xref.c
ar  r ../../libcrypto.a o_names.o obj_dat.o obj_lib.o obj_err.o obj_xref.o
ranlib ../../libcrypto.a || echo Never mind.
make[4]: Leaving directory `/home/lucas.t/Cactus_tmp/configs/sim/scratch/build/OpenSSL/openssl-1.0.1k/crypto/objects'
making all in crypto/md4...
make[4]: Entering directory `/home/lucas.t/Cactus_tmp/configs/sim/scratch/build/OpenSSL/openssl-1.0.1k/crypto/md4'
gcc -I.. -I../.. -I../modes -I../asn1 -I../evp -I../../include  -DOPENSSL_THREADS -D_REENTRANT -DDSO_DLFCN -DHAVE_DLFCN_H -Wa,--noexecstack -m64 -DL_ENDIAN -DTERMIO -O3 -Wall -DOPENSSL_IA32_SSE2 -DOPENSSL_BN_ASM_MONT -DOPENSSL_BN_ASM_MONT5 -DOPENSSL_BN_ASM_GF2m -DSHA1_ASM -DSHA256_ASM -DSHA512_ASM -DMD5_ASM -DAES_ASM -DVPAES_ASM -DBSAES_ASM -DWHIRLPOOL_ASM -DGHASH_ASM  -O3  -Wall  -c -o md4_dgst.o md4_dgst.c
gcc -I.. -I../.. -I../modes -I../asn1 -I../evp -I../../include  -DOPENSSL_THREADS -D_REENTRANT -DDSO_DLFCN -DHAVE_DLFCN_H -Wa,--noexecstack -m64 -DL_ENDIAN -DTERMIO -O3 -Wall -DOPENSSL_IA32_SSE2 -DOPENSSL_BN_ASM_MONT -DOPENSSL_BN_ASM_MONT5 -DOPENSSL_BN_ASM_GF2m -DSHA1_ASM -DSHA256_ASM -DSHA512_ASM -DMD5_ASM -DAES_ASM -DVPAES_ASM -DBSAES_ASM -DWHIRLPOOL_ASM -DGHASH_ASM  -O3  -Wall  -c -o md4_one.o md4_one.c
ar  r ../../libcrypto.a md4_dgst.o md4_one.o
ranlib ../../libcrypto.a || echo Never mind.
make[4]: Leaving directory `/home/lucas.t/Cactus_tmp/configs/sim/scratch/build/OpenSSL/openssl-1.0.1k/crypto/md4'
making all in crypto/md5...
make[4]: Entering directory `/home/lucas.t/Cactus_tmp/configs/sim/scratch/build/OpenSSL/openssl-1.0.1k/crypto/md5'
gcc -I.. -I../.. -I../modes -I../asn1 -I../evp -I../../include  -DOPENSSL_THREADS -D_REENTRANT -DDSO_DLFCN -DHAVE_DLFCN_H -Wa,--noexecstack -m64 -DL_ENDIAN -DTERMIO -O3 -Wall -DOPENSSL_IA32_SSE2 -DOPENSSL_BN_ASM_MONT -DOPENSSL_BN_ASM_MONT5 -DOPENSSL_BN_ASM_GF2m -DSHA1_ASM -DSHA256_ASM -DSHA512_ASM -DMD5_ASM -DAES_ASM -DVPAES_ASM -DBSAES_ASM -DWHIRLPOOL_ASM -DGHASH_ASM  -O3  -Wall  -c -o md5_dgst.o md5_dgst.c
gcc -I.. -I../.. -I../modes -I../asn1 -I../evp -I../../include  -DOPENSSL_THREADS -D_REENTRANT -DDSO_DLFCN -DHAVE_DLFCN_H -Wa,--noexecstack -m64 -DL_ENDIAN -DTERMIO -O3 -Wall -DOPENSSL_IA32_SSE2 -DOPENSSL_BN_ASM_MONT -DOPENSSL_BN_ASM_MONT5 -DOPENSSL_BN_ASM_GF2m -DSHA1_ASM -DSHA256_ASM -DSHA512_ASM -DMD5_ASM -DAES_ASM -DVPAES_ASM -DBSAES_ASM -DWHIRLPOOL_ASM -DGHASH_ASM  -O3  -Wall  -c -o md5_one.o md5_one.c
perl asm/md5-x86_64.pl elf > md5-x86_64.s
gcc -I.. -I../.. -I../modes -I../asn1 -I../evp -I../../include  -DOPENSSL_THREADS -D_REENTRANT -DDSO_DLFCN -DHAVE_DLFCN_H -Wa,--noexecstack -m64 -DL_ENDIAN -DTERMIO -O3 -Wall -DOPENSSL_IA32_SSE2 -DOPENSSL_BN_ASM_MONT -DOPENSSL_BN_ASM_MONT5 -DOPENSSL_BN_ASM_GF2m -DSHA1_ASM -DSHA256_ASM -DSHA512_ASM -DMD5_ASM -DAES_ASM -DVPAES_ASM -DBSAES_ASM -DWHIRLPOOL_ASM -DGHASH_ASM -c  -o md5-x86_64.o md5-x86_64.s
ar  r ../../libcrypto.a md5_dgst.o md5_one.o md5-x86_64.o
ranlib ../../libcrypto.a || echo Never mind.
make[4]: Leaving directory `/home/lucas.t/Cactus_tmp/configs/sim/scratch/build/OpenSSL/openssl-1.0.1k/crypto/md5'
making all in crypto/sha...
make[4]: Entering directory `/home/lucas.t/Cactus_tmp/configs/sim/scratch/build/OpenSSL/openssl-1.0.1k/crypto/sha'
gcc -I.. -I../.. -I../modes -I../asn1 -I../evp -I../../include  -DOPENSSL_THREADS -D_REENTRANT -DDSO_DLFCN -DHAVE_DLFCN_H -Wa,--noexecstack -m64 -DL_ENDIAN -DTERMIO -O3 -Wall -DOPENSSL_IA32_SSE2 -DOPENSSL_BN_ASM_MONT -DOPENSSL_BN_ASM_MONT5 -DOPENSSL_BN_ASM_GF2m -DSHA1_ASM -DSHA256_ASM -DSHA512_ASM -DMD5_ASM -DAES_ASM -DVPAES_ASM -DBSAES_ASM -DWHIRLPOOL_ASM -DGHASH_ASM  -O3  -Wall  -c -o sha_dgst.o sha_dgst.c
gcc -I.. -I../.. -I../modes -I../asn1 -I../evp -I../../include  -DOPENSSL_THREADS -D_REENTRANT -DDSO_DLFCN -DHAVE_DLFCN_H -Wa,--noexecstack -m64 -DL_ENDIAN -DTERMIO -O3 -Wall -DOPENSSL_IA32_SSE2 -DOPENSSL_BN_ASM_MONT -DOPENSSL_BN_ASM_MONT5 -DOPENSSL_BN_ASM_GF2m -DSHA1_ASM -DSHA256_ASM -DSHA512_ASM -DMD5_ASM -DAES_ASM -DVPAES_ASM -DBSAES_ASM -DWHIRLPOOL_ASM -DGHASH_ASM  -O3  -Wall  -c -o sha1dgst.o sha1dgst.c
gcc -I.. -I../.. -I../modes -I../asn1 -I../evp -I../../include  -DOPENSSL_THREADS -D_REENTRANT -DDSO_DLFCN -DHAVE_DLFCN_H -Wa,--noexecstack -m64 -DL_ENDIAN -DTERMIO -O3 -Wall -DOPENSSL_IA32_SSE2 -DOPENSSL_BN_ASM_MONT -DOPENSSL_BN_ASM_MONT5 -DOPENSSL_BN_ASM_GF2m -DSHA1_ASM -DSHA256_ASM -DSHA512_ASM -DMD5_ASM -DAES_ASM -DVPAES_ASM -DBSAES_ASM -DWHIRLPOOL_ASM -DGHASH_ASM  -O3  -Wall  -c -o sha_one.o sha_one.c
gcc -I.. -I../.. -I../modes -I../asn1 -I../evp -I../../include  -DOPENSSL_THREADS -D_REENTRANT -DDSO_DLFCN -DHAVE_DLFCN_H -Wa,--noexecstack -m64 -DL_ENDIAN -DTERMIO -O3 -Wall -DOPENSSL_IA32_SSE2 -DOPENSSL_BN_ASM_MONT -DOPENSSL_BN_ASM_MONT5 -DOPENSSL_BN_ASM_GF2m -DSHA1_ASM -DSHA256_ASM -DSHA512_ASM -DMD5_ASM -DAES_ASM -DVPAES_ASM -DBSAES_ASM -DWHIRLPOOL_ASM -DGHASH_ASM  -O3  -Wall  -c -o sha1_one.o sha1_one.c
gcc -I.. -I../.. -I../modes -I../asn1 -I../evp -I../../include  -DOPENSSL_THREADS -D_REENTRANT -DDSO_DLFCN -DHAVE_DLFCN_H -Wa,--noexecstack -m64 -DL_ENDIAN -DTERMIO -O3 -Wall -DOPENSSL_IA32_SSE2 -DOPENSSL_BN_ASM_MONT -DOPENSSL_BN_ASM_MONT5 -DOPENSSL_BN_ASM_GF2m -DSHA1_ASM -DSHA256_ASM -DSHA512_ASM -DMD5_ASM -DAES_ASM -DVPAES_ASM -DBSAES_ASM -DWHIRLPOOL_ASM -DGHASH_ASM  -O3  -Wall  -c -o sha256.o sha256.c
gcc -I.. -I../.. -I../modes -I../asn1 -I../evp -I../../include  -DOPENSSL_THREADS -D_REENTRANT -DDSO_DLFCN -DHAVE_DLFCN_H -Wa,--noexecstack -m64 -DL_ENDIAN -DTERMIO -O3 -Wall -DOPENSSL_IA32_SSE2 -DOPENSSL_BN_ASM_MONT -DOPENSSL_BN_ASM_MONT5 -DOPENSSL_BN_ASM_GF2m -DSHA1_ASM -DSHA256_ASM -DSHA512_ASM -DMD5_ASM -DAES_ASM -DVPAES_ASM -DBSAES_ASM -DWHIRLPOOL_ASM -DGHASH_ASM  -O3  -Wall  -c -o sha512.o sha512.c
perl asm/sha1-x86_64.pl elf > sha1-x86_64.s
gcc -I.. -I../.. -I../modes -I../asn1 -I../evp -I../../include  -DOPENSSL_THREADS -D_REENTRANT -DDSO_DLFCN -DHAVE_DLFCN_H -Wa,--noexecstack -m64 -DL_ENDIAN -DTERMIO -O3 -Wall -DOPENSSL_IA32_SSE2 -DOPENSSL_BN_ASM_MONT -DOPENSSL_BN_ASM_MONT5 -DOPENSSL_BN_ASM_GF2m -DSHA1_ASM -DSHA256_ASM -DSHA512_ASM -DMD5_ASM -DAES_ASM -DVPAES_ASM -DBSAES_ASM -DWHIRLPOOL_ASM -DGHASH_ASM -c  -o sha1-x86_64.o sha1-x86_64.s
perl asm/sha512-x86_64.pl elf sha256-x86_64.s
gcc -I.. -I../.. -I../modes -I../asn1 -I../evp -I../../include  -DOPENSSL_THREADS -D_REENTRANT -DDSO_DLFCN -DHAVE_DLFCN_H -Wa,--noexecstack -m64 -DL_ENDIAN -DTERMIO -O3 -Wall -DOPENSSL_IA32_SSE2 -DOPENSSL_BN_ASM_MONT -DOPENSSL_BN_ASM_MONT5 -DOPENSSL_BN_ASM_GF2m -DSHA1_ASM -DSHA256_ASM -DSHA512_ASM -DMD5_ASM -DAES_ASM -DVPAES_ASM -DBSAES_ASM -DWHIRLPOOL_ASM -DGHASH_ASM -c  -o sha256-x86_64.o sha256-x86_64.s
perl asm/sha512-x86_64.pl elf sha512-x86_64.s
gcc -I.. -I../.. -I../modes -I../asn1 -I../evp -I../../include  -DOPENSSL_THREADS -D_REENTRANT -DDSO_DLFCN -DHAVE_DLFCN_H -Wa,--noexecstack -m64 -DL_ENDIAN -DTERMIO -O3 -Wall -DOPENSSL_IA32_SSE2 -DOPENSSL_BN_ASM_MONT -DOPENSSL_BN_ASM_MONT5 -DOPENSSL_BN_ASM_GF2m -DSHA1_ASM -DSHA256_ASM -DSHA512_ASM -DMD5_ASM -DAES_ASM -DVPAES_ASM -DBSAES_ASM -DWHIRLPOOL_ASM -DGHASH_ASM -c  -o sha512-x86_64.o sha512-x86_64.s
ar  r ../../libcrypto.a sha_dgst.o sha1dgst.o sha_one.o sha1_one.o sha256.o sha512.o sha1-x86_64.o sha256-x86_64.o sha512-x86_64.o
ranlib ../../libcrypto.a || echo Never mind.
make[4]: Leaving directory `/home/lucas.t/Cactus_tmp/configs/sim/scratch/build/OpenSSL/openssl-1.0.1k/crypto/sha'
making all in crypto/mdc2...
make[4]: Entering directory `/home/lucas.t/Cactus_tmp/configs/sim/scratch/build/OpenSSL/openssl-1.0.1k/crypto/mdc2'
gcc -I.. -I../.. -I../modes -I../asn1 -I../evp -I../../include  -DOPENSSL_THREADS -D_REENTRANT -DDSO_DLFCN -DHAVE_DLFCN_H -Wa,--noexecstack -m64 -DL_ENDIAN -DTERMIO -O3 -Wall -DOPENSSL_IA32_SSE2 -DOPENSSL_BN_ASM_MONT -DOPENSSL_BN_ASM_MONT5 -DOPENSSL_BN_ASM_GF2m -DSHA1_ASM -DSHA256_ASM -DSHA512_ASM -DMD5_ASM -DAES_ASM -DVPAES_ASM -DBSAES_ASM -DWHIRLPOOL_ASM -DGHASH_ASM  -O3  -Wall  -c -o mdc2dgst.o mdc2dgst.c
gcc -I.. -I../.. -I../modes -I../asn1 -I../evp -I../../include  -DOPENSSL_THREADS -D_REENTRANT -DDSO_DLFCN -DHAVE_DLFCN_H -Wa,--noexecstack -m64 -DL_ENDIAN -DTERMIO -O3 -Wall -DOPENSSL_IA32_SSE2 -DOPENSSL_BN_ASM_MONT -DOPENSSL_BN_ASM_MONT5 -DOPENSSL_BN_ASM_GF2m -DSHA1_ASM -DSHA256_ASM -DSHA512_ASM -DMD5_ASM -DAES_ASM -DVPAES_ASM -DBSAES_ASM -DWHIRLPOOL_ASM -DGHASH_ASM  -O3  -Wall  -c -o mdc2_one.o mdc2_one.c
ar  r ../../libcrypto.a mdc2dgst.o mdc2_one.o
ranlib ../../libcrypto.a || echo Never mind.
make[4]: Leaving directory `/home/lucas.t/Cactus_tmp/configs/sim/scratch/build/OpenSSL/openssl-1.0.1k/crypto/mdc2'
making all in crypto/hmac...
make[4]: Entering directory `/home/lucas.t/Cactus_tmp/configs/sim/scratch/build/OpenSSL/openssl-1.0.1k/crypto/hmac'
gcc -I.. -I../.. -I../modes -I../asn1 -I../evp -I../../include  -DOPENSSL_THREADS -D_REENTRANT -DDSO_DLFCN -DHAVE_DLFCN_H -Wa,--noexecstack -m64 -DL_ENDIAN -DTERMIO -O3 -Wall -DOPENSSL_IA32_SSE2 -DOPENSSL_BN_ASM_MONT -DOPENSSL_BN_ASM_MONT5 -DOPENSSL_BN_ASM_GF2m -DSHA1_ASM -DSHA256_ASM -DSHA512_ASM -DMD5_ASM -DAES_ASM -DVPAES_ASM -DBSAES_ASM -DWHIRLPOOL_ASM -DGHASH_ASM  -O3  -Wall  -c -o hmac.o hmac.c
gcc -I.. -I../.. -I../modes -I../asn1 -I../evp -I../../include  -DOPENSSL_THREADS -D_REENTRANT -DDSO_DLFCN -DHAVE_DLFCN_H -Wa,--noexecstack -m64 -DL_ENDIAN -DTERMIO -O3 -Wall -DOPENSSL_IA32_SSE2 -DOPENSSL_BN_ASM_MONT -DOPENSSL_BN_ASM_MONT5 -DOPENSSL_BN_ASM_GF2m -DSHA1_ASM -DSHA256_ASM -DSHA512_ASM -DMD5_ASM -DAES_ASM -DVPAES_ASM -DBSAES_ASM -DWHIRLPOOL_ASM -DGHASH_ASM  -O3  -Wall  -c -o hm_ameth.o hm_ameth.c
gcc -I.. -I../.. -I../modes -I../asn1 -I../evp -I../../include  -DOPENSSL_THREADS -D_REENTRANT -DDSO_DLFCN -DHAVE_DLFCN_H -Wa,--noexecstack -m64 -DL_ENDIAN -DTERMIO -O3 -Wall -DOPENSSL_IA32_SSE2 -DOPENSSL_BN_ASM_MONT -DOPENSSL_BN_ASM_MONT5 -DOPENSSL_BN_ASM_GF2m -DSHA1_ASM -DSHA256_ASM -DSHA512_ASM -DMD5_ASM -DAES_ASM -DVPAES_ASM -DBSAES_ASM -DWHIRLPOOL_ASM -DGHASH_ASM  -O3  -Wall  -c -o hm_pmeth.o hm_pmeth.c
ar  r ../../libcrypto.a hmac.o hm_ameth.o hm_pmeth.o
ranlib ../../libcrypto.a || echo Never mind.
make[4]: Leaving directory `/home/lucas.t/Cactus_tmp/configs/sim/scratch/build/OpenSSL/openssl-1.0.1k/crypto/hmac'
making all in crypto/ripemd...
make[4]: Entering directory `/home/lucas.t/Cactus_tmp/configs/sim/scratch/build/OpenSSL/openssl-1.0.1k/crypto/ripemd'
gcc -I.. -I../.. -I../modes -I../asn1 -I../evp -I../../include  -DOPENSSL_THREADS -D_REENTRANT -DDSO_DLFCN -DHAVE_DLFCN_H -Wa,--noexecstack -m64 -DL_ENDIAN -DTERMIO -O3 -Wall -DOPENSSL_IA32_SSE2 -DOPENSSL_BN_ASM_MONT -DOPENSSL_BN_ASM_MONT5 -DOPENSSL_BN_ASM_GF2m -DSHA1_ASM -DSHA256_ASM -DSHA512_ASM -DMD5_ASM -DAES_ASM -DVPAES_ASM -DBSAES_ASM -DWHIRLPOOL_ASM -DGHASH_ASM  -O3  -Wall  -c -o rmd_dgst.o rmd_dgst.c
gcc -I.. -I../.. -I../modes -I../asn1 -I../evp -I../../include  -DOPENSSL_THREADS -D_REENTRANT -DDSO_DLFCN -DHAVE_DLFCN_H -Wa,--noexecstack -m64 -DL_ENDIAN -DTERMIO -O3 -Wall -DOPENSSL_IA32_SSE2 -DOPENSSL_BN_ASM_MONT -DOPENSSL_BN_ASM_MONT5 -DOPENSSL_BN_ASM_GF2m -DSHA1_ASM -DSHA256_ASM -DSHA512_ASM -DMD5_ASM -DAES_ASM -DVPAES_ASM -DBSAES_ASM -DWHIRLPOOL_ASM -DGHASH_ASM  -O3  -Wall  -c -o rmd_one.o rmd_one.c
ar  r ../../libcrypto.a rmd_dgst.o rmd_one.o 
ranlib ../../libcrypto.a || echo Never mind.
make[4]: Leaving directory `/home/lucas.t/Cactus_tmp/configs/sim/scratch/build/OpenSSL/openssl-1.0.1k/crypto/ripemd'
making all in crypto/whrlpool...
make[4]: Entering directory `/home/lucas.t/Cactus_tmp/configs/sim/scratch/build/OpenSSL/openssl-1.0.1k/crypto/whrlpool'
gcc -I.. -I../.. -I../modes -I../asn1 -I../evp -I../../include  -DOPENSSL_THREADS -D_REENTRANT -DDSO_DLFCN -DHAVE_DLFCN_H -Wa,--noexecstack -m64 -DL_ENDIAN -DTERMIO -O3 -Wall -DOPENSSL_IA32_SSE2 -DOPENSSL_BN_ASM_MONT -DOPENSSL_BN_ASM_MONT5 -DOPENSSL_BN_ASM_GF2m -DSHA1_ASM -DSHA256_ASM -DSHA512_ASM -DMD5_ASM -DAES_ASM -DVPAES_ASM -DBSAES_ASM -DWHIRLPOOL_ASM -DGHASH_ASM  -O3  -Wall  -c -o wp_dgst.o wp_dgst.c
perl asm/wp-x86_64.pl elf > wp-x86_64.s
gcc -I.. -I../.. -I../modes -I../asn1 -I../evp -I../../include  -DOPENSSL_THREADS -D_REENTRANT -DDSO_DLFCN -DHAVE_DLFCN_H -Wa,--noexecstack -m64 -DL_ENDIAN -DTERMIO -O3 -Wall -DOPENSSL_IA32_SSE2 -DOPENSSL_BN_ASM_MONT -DOPENSSL_BN_ASM_MONT5 -DOPENSSL_BN_ASM_GF2m -DSHA1_ASM -DSHA256_ASM -DSHA512_ASM -DMD5_ASM -DAES_ASM -DVPAES_ASM -DBSAES_ASM -DWHIRLPOOL_ASM -DGHASH_ASM -c  -o wp-x86_64.o wp-x86_64.s
ar  r ../../libcrypto.a wp_dgst.o wp-x86_64.o
ranlib ../../libcrypto.a || echo Never mind.
make[4]: Leaving directory `/home/lucas.t/Cactus_tmp/configs/sim/scratch/build/OpenSSL/openssl-1.0.1k/crypto/whrlpool'
making all in crypto/des...
make[4]: Entering directory `/home/lucas.t/Cactus_tmp/configs/sim/scratch/build/OpenSSL/openssl-1.0.1k/crypto/des'
gcc -I.. -I../.. -I../modes -I../asn1 -I../evp -I../../include  -DOPENSSL_THREADS -D_REENTRANT -DDSO_DLFCN -DHAVE_DLFCN_H -Wa,--noexecstack -m64 -DL_ENDIAN -DTERMIO -O3 -Wall -DOPENSSL_IA32_SSE2 -DOPENSSL_BN_ASM_MONT -DOPENSSL_BN_ASM_MONT5 -DOPENSSL_BN_ASM_GF2m -DSHA1_ASM -DSHA256_ASM -DSHA512_ASM -DMD5_ASM -DAES_ASM -DVPAES_ASM -DBSAES_ASM -DWHIRLPOOL_ASM -DGHASH_ASM  -O3  -Wall  -c -o set_key.o set_key.c
gcc -I.. -I../.. -I../modes -I../asn1 -I../evp -I../../include  -DOPENSSL_THREADS -D_REENTRANT -DDSO_DLFCN -DHAVE_DLFCN_H -Wa,--noexecstack -m64 -DL_ENDIAN -DTERMIO -O3 -Wall -DOPENSSL_IA32_SSE2 -DOPENSSL_BN_ASM_MONT -DOPENSSL_BN_ASM_MONT5 -DOPENSSL_BN_ASM_GF2m -DSHA1_ASM -DSHA256_ASM -DSHA512_ASM -DMD5_ASM -DAES_ASM -DVPAES_ASM -DBSAES_ASM -DWHIRLPOOL_ASM -DGHASH_ASM  -O3  -Wall  -c -o ecb_enc.o ecb_enc.c
gcc -I.. -I../.. -I../modes -I../asn1 -I../evp -I../../include  -DOPENSSL_THREADS -D_REENTRANT -DDSO_DLFCN -DHAVE_DLFCN_H -Wa,--noexecstack -m64 -DL_ENDIAN -DTERMIO -O3 -Wall -DOPENSSL_IA32_SSE2 -DOPENSSL_BN_ASM_MONT -DOPENSSL_BN_ASM_MONT5 -DOPENSSL_BN_ASM_GF2m -DSHA1_ASM -DSHA256_ASM -DSHA512_ASM -DMD5_ASM -DAES_ASM -DVPAES_ASM -DBSAES_ASM -DWHIRLPOOL_ASM -DGHASH_ASM  -O3  -Wall  -c -o cbc_enc.o cbc_enc.c
gcc -I.. -I../.. -I../modes -I../asn1 -I../evp -I../../include  -DOPENSSL_THREADS -D_REENTRANT -DDSO_DLFCN -DHAVE_DLFCN_H -Wa,--noexecstack -m64 -DL_ENDIAN -DTERMIO -O3 -Wall -DOPENSSL_IA32_SSE2 -DOPENSSL_BN_ASM_MONT -DOPENSSL_BN_ASM_MONT5 -DOPENSSL_BN_ASM_GF2m -DSHA1_ASM -DSHA256_ASM -DSHA512_ASM -DMD5_ASM -DAES_ASM -DVPAES_ASM -DBSAES_ASM -DWHIRLPOOL_ASM -DGHASH_ASM  -O3  -Wall  -c -o ecb3_enc.o ecb3_enc.c
gcc -I.. -I../.. -I../modes -I../asn1 -I../evp -I../../include  -DOPENSSL_THREADS -D_REENTRANT -DDSO_DLFCN -DHAVE_DLFCN_H -Wa,--noexecstack -m64 -DL_ENDIAN -DTERMIO -O3 -Wall -DOPENSSL_IA32_SSE2 -DOPENSSL_BN_ASM_MONT -DOPENSSL_BN_ASM_MONT5 -DOPENSSL_BN_ASM_GF2m -DSHA1_ASM -DSHA256_ASM -DSHA512_ASM -DMD5_ASM -DAES_ASM -DVPAES_ASM -DBSAES_ASM -DWHIRLPOOL_ASM -DGHASH_ASM  -O3  -Wall  -c -o cfb64enc.o cfb64enc.c
gcc -I.. -I../.. -I../modes -I../asn1 -I../evp -I../../include  -DOPENSSL_THREADS -D_REENTRANT -DDSO_DLFCN -DHAVE_DLFCN_H -Wa,--noexecstack -m64 -DL_ENDIAN -DTERMIO -O3 -Wall -DOPENSSL_IA32_SSE2 -DOPENSSL_BN_ASM_MONT -DOPENSSL_BN_ASM_MONT5 -DOPENSSL_BN_ASM_GF2m -DSHA1_ASM -DSHA256_ASM -DSHA512_ASM -DMD5_ASM -DAES_ASM -DVPAES_ASM -DBSAES_ASM -DWHIRLPOOL_ASM -DGHASH_ASM  -O3  -Wall  -c -o cfb64ede.o cfb64ede.c
gcc -I.. -I../.. -I../modes -I../asn1 -I../evp -I../../include  -DOPENSSL_THREADS -D_REENTRANT -DDSO_DLFCN -DHAVE_DLFCN_H -Wa,--noexecstack -m64 -DL_ENDIAN -DTERMIO -O3 -Wall -DOPENSSL_IA32_SSE2 -DOPENSSL_BN_ASM_MONT -DOPENSSL_BN_ASM_MONT5 -DOPENSSL_BN_ASM_GF2m -DSHA1_ASM -DSHA256_ASM -DSHA512_ASM -DMD5_ASM -DAES_ASM -DVPAES_ASM -DBSAES_ASM -DWHIRLPOOL_ASM -DGHASH_ASM  -O3  -Wall  -c -o cfb_enc.o cfb_enc.c
gcc -I.. -I../.. -I../modes -I../asn1 -I../evp -I../../include  -DOPENSSL_THREADS -D_REENTRANT -DDSO_DLFCN -DHAVE_DLFCN_H -Wa,--noexecstack -m64 -DL_ENDIAN -DTERMIO -O3 -Wall -DOPENSSL_IA32_SSE2 -DOPENSSL_BN_ASM_MONT -DOPENSSL_BN_ASM_MONT5 -DOPENSSL_BN_ASM_GF2m -DSHA1_ASM -DSHA256_ASM -DSHA512_ASM -DMD5_ASM -DAES_ASM -DVPAES_ASM -DBSAES_ASM -DWHIRLPOOL_ASM -DGHASH_ASM  -O3  -Wall  -c -o ofb64ede.o ofb64ede.c
gcc -I.. -I../.. -I../modes -I../asn1 -I../evp -I../../include  -DOPENSSL_THREADS -D_REENTRANT -DDSO_DLFCN -DHAVE_DLFCN_H -Wa,--noexecstack -m64 -DL_ENDIAN -DTERMIO -O3 -Wall -DOPENSSL_IA32_SSE2 -DOPENSSL_BN_ASM_MONT -DOPENSSL_BN_ASM_MONT5 -DOPENSSL_BN_ASM_GF2m -DSHA1_ASM -DSHA256_ASM -DSHA512_ASM -DMD5_ASM -DAES_ASM -DVPAES_ASM -DBSAES_ASM -DWHIRLPOOL_ASM -DGHASH_ASM  -O3  -Wall  -c -o enc_read.o enc_read.c
gcc -I.. -I../.. -I../modes -I../asn1 -I../evp -I../../include  -DOPENSSL_THREADS -D_REENTRANT -DDSO_DLFCN -DHAVE_DLFCN_H -Wa,--noexecstack -m64 -DL_ENDIAN -DTERMIO -O3 -Wall -DOPENSSL_IA32_SSE2 -DOPENSSL_BN_ASM_MONT -DOPENSSL_BN_ASM_MONT5 -DOPENSSL_BN_ASM_GF2m -DSHA1_ASM -DSHA256_ASM -DSHA512_ASM -DMD5_ASM -DAES_ASM -DVPAES_ASM -DBSAES_ASM -DWHIRLPOOL_ASM -DGHASH_ASM  -O3  -Wall  -c -o enc_writ.o enc_writ.c
gcc -I.. -I../.. -I../modes -I../asn1 -I../evp -I../../include  -DOPENSSL_THREADS -D_REENTRANT -DDSO_DLFCN -DHAVE_DLFCN_H -Wa,--noexecstack -m64 -DL_ENDIAN -DTERMIO -O3 -Wall -DOPENSSL_IA32_SSE2 -DOPENSSL_BN_ASM_MONT -DOPENSSL_BN_ASM_MONT5 -DOPENSSL_BN_ASM_GF2m -DSHA1_ASM -DSHA256_ASM -DSHA512_ASM -DMD5_ASM -DAES_ASM -DVPAES_ASM -DBSAES_ASM -DWHIRLPOOL_ASM -DGHASH_ASM  -O3  -Wall  -c -o ofb64enc.o ofb64enc.c
gcc -I.. -I../.. -I../modes -I../asn1 -I../evp -I../../include  -DOPENSSL_THREADS -D_REENTRANT -DDSO_DLFCN -DHAVE_DLFCN_H -Wa,--noexecstack -m64 -DL_ENDIAN -DTERMIO -O3 -Wall -DOPENSSL_IA32_SSE2 -DOPENSSL_BN_ASM_MONT -DOPENSSL_BN_ASM_MONT5 -DOPENSSL_BN_ASM_GF2m -DSHA1_ASM -DSHA256_ASM -DSHA512_ASM -DMD5_ASM -DAES_ASM -DVPAES_ASM -DBSAES_ASM -DWHIRLPOOL_ASM -DGHASH_ASM  -O3  -Wall  -c -o ofb_enc.o ofb_enc.c
gcc -I.. -I../.. -I../modes -I../asn1 -I../evp -I../../include  -DOPENSSL_THREADS -D_REENTRANT -DDSO_DLFCN -DHAVE_DLFCN_H -Wa,--noexecstack -m64 -DL_ENDIAN -DTERMIO -O3 -Wall -DOPENSSL_IA32_SSE2 -DOPENSSL_BN_ASM_MONT -DOPENSSL_BN_ASM_MONT5 -DOPENSSL_BN_ASM_GF2m -DSHA1_ASM -DSHA256_ASM -DSHA512_ASM -DMD5_ASM -DAES_ASM -DVPAES_ASM -DBSAES_ASM -DWHIRLPOOL_ASM -DGHASH_ASM  -O3  -Wall  -c -o str2key.o str2key.c
gcc -I.. -I../.. -I../modes -I../asn1 -I../evp -I../../include  -DOPENSSL_THREADS -D_REENTRANT -DDSO_DLFCN -DHAVE_DLFCN_H -Wa,--noexecstack -m64 -DL_ENDIAN -DTERMIO -O3 -Wall -DOPENSSL_IA32_SSE2 -DOPENSSL_BN_ASM_MONT -DOPENSSL_BN_ASM_MONT5 -DOPENSSL_BN_ASM_GF2m -DSHA1_ASM -DSHA256_ASM -DSHA512_ASM -DMD5_ASM -DAES_ASM -DVPAES_ASM -DBSAES_ASM -DWHIRLPOOL_ASM -DGHASH_ASM  -O3  -Wall  -c -o pcbc_enc.o pcbc_enc.c
gcc -I.. -I../.. -I../modes -I../asn1 -I../evp -I../../include  -DOPENSSL_THREADS -D_REENTRANT -DDSO_DLFCN -DHAVE_DLFCN_H -Wa,--noexecstack -m64 -DL_ENDIAN -DTERMIO -O3 -Wall -DOPENSSL_IA32_SSE2 -DOPENSSL_BN_ASM_MONT -DOPENSSL_BN_ASM_MONT5 -DOPENSSL_BN_ASM_GF2m -DSHA1_ASM -DSHA256_ASM -DSHA512_ASM -DMD5_ASM -DAES_ASM -DVPAES_ASM -DBSAES_ASM -DWHIRLPOOL_ASM -DGHASH_ASM  -O3  -Wall  -c -o qud_cksm.o qud_cksm.c
gcc -I.. -I../.. -I../modes -I../asn1 -I../evp -I../../include  -DOPENSSL_THREADS -D_REENTRANT -DDSO_DLFCN -DHAVE_DLFCN_H -Wa,--noexecstack -m64 -DL_ENDIAN -DTERMIO -O3 -Wall -DOPENSSL_IA32_SSE2 -DOPENSSL_BN_ASM_MONT -DOPENSSL_BN_ASM_MONT5 -DOPENSSL_BN_ASM_GF2m -DSHA1_ASM -DSHA256_ASM -DSHA512_ASM -DMD5_ASM -DAES_ASM -DVPAES_ASM -DBSAES_ASM -DWHIRLPOOL_ASM -DGHASH_ASM  -O3  -Wall  -c -o rand_key.o rand_key.c
gcc -I.. -I../.. -I../modes -I../asn1 -I../evp -I../../include  -DOPENSSL_THREADS -D_REENTRANT -DDSO_DLFCN -DHAVE_DLFCN_H -Wa,--noexecstack -m64 -DL_ENDIAN -DTERMIO -O3 -Wall -DOPENSSL_IA32_SSE2 -DOPENSSL_BN_ASM_MONT -DOPENSSL_BN_ASM_MONT5 -DOPENSSL_BN_ASM_GF2m -DSHA1_ASM -DSHA256_ASM -DSHA512_ASM -DMD5_ASM -DAES_ASM -DVPAES_ASM -DBSAES_ASM -DWHIRLPOOL_ASM -DGHASH_ASM  -O3  -Wall  -c -o des_enc.o des_enc.c
gcc -I.. -I../.. -I../modes -I../asn1 -I../evp -I../../include  -DOPENSSL_THREADS -D_REENTRANT -DDSO_DLFCN -DHAVE_DLFCN_H -Wa,--noexecstack -m64 -DL_ENDIAN -DTERMIO -O3 -Wall -DOPENSSL_IA32_SSE2 -DOPENSSL_BN_ASM_MONT -DOPENSSL_BN_ASM_MONT5 -DOPENSSL_BN_ASM_GF2m -DSHA1_ASM -DSHA256_ASM -DSHA512_ASM -DMD5_ASM -DAES_ASM -DVPAES_ASM -DBSAES_ASM -DWHIRLPOOL_ASM -DGHASH_ASM  -O3  -Wall  -c -o fcrypt_b.o fcrypt_b.c
gcc -I.. -I../.. -I../modes -I../asn1 -I../evp -I../../include  -DOPENSSL_THREADS -D_REENTRANT -DDSO_DLFCN -DHAVE_DLFCN_H -Wa,--noexecstack -m64 -DL_ENDIAN -DTERMIO -O3 -Wall -DOPENSSL_IA32_SSE2 -DOPENSSL_BN_ASM_MONT -DOPENSSL_BN_ASM_MONT5 -DOPENSSL_BN_ASM_GF2m -DSHA1_ASM -DSHA256_ASM -DSHA512_ASM -DMD5_ASM -DAES_ASM -DVPAES_ASM -DBSAES_ASM -DWHIRLPOOL_ASM -DGHASH_ASM  -O3  -Wall  -c -o fcrypt.o fcrypt.c
gcc -I.. -I../.. -I../modes -I../asn1 -I../evp -I../../include  -DOPENSSL_THREADS -D_REENTRANT -DDSO_DLFCN -DHAVE_DLFCN_H -Wa,--noexecstack -m64 -DL_ENDIAN -DTERMIO -O3 -Wall -DOPENSSL_IA32_SSE2 -DOPENSSL_BN_ASM_MONT -DOPENSSL_BN_ASM_MONT5 -DOPENSSL_BN_ASM_GF2m -DSHA1_ASM -DSHA256_ASM -DSHA512_ASM -DMD5_ASM -DAES_ASM -DVPAES_ASM -DBSAES_ASM -DWHIRLPOOL_ASM -DGHASH_ASM  -O3  -Wall  -c -o xcbc_enc.o xcbc_enc.c
gcc -I.. -I../.. -I../modes -I../asn1 -I../evp -I../../include  -DOPENSSL_THREADS -D_REENTRANT -DDSO_DLFCN -DHAVE_DLFCN_H -Wa,--noexecstack -m64 -DL_ENDIAN -DTERMIO -O3 -Wall -DOPENSSL_IA32_SSE2 -DOPENSSL_BN_ASM_MONT -DOPENSSL_BN_ASM_MONT5 -DOPENSSL_BN_ASM_GF2m -DSHA1_ASM -DSHA256_ASM -DSHA512_ASM -DMD5_ASM -DAES_ASM -DVPAES_ASM -DBSAES_ASM -DWHIRLPOOL_ASM -DGHASH_ASM  -O3  -Wall  -c -o rpc_enc.o rpc_enc.c
gcc -I.. -I../.. -I../modes -I../asn1 -I../evp -I../../include  -DOPENSSL_THREADS -D_REENTRANT -DDSO_DLFCN -DHAVE_DLFCN_H -Wa,--noexecstack -m64 -DL_ENDIAN -DTERMIO -O3 -Wall -DOPENSSL_IA32_SSE2 -DOPENSSL_BN_ASM_MONT -DOPENSSL_BN_ASM_MONT5 -DOPENSSL_BN_ASM_GF2m -DSHA1_ASM -DSHA256_ASM -DSHA512_ASM -DMD5_ASM -DAES_ASM -DVPAES_ASM -DBSAES_ASM -DWHIRLPOOL_ASM -DGHASH_ASM  -O3  -Wall  -c -o cbc_cksm.o cbc_cksm.c
gcc -I.. -I../.. -I../modes -I../asn1 -I../evp -I../../include  -DOPENSSL_THREADS -D_REENTRANT -DDSO_DLFCN -DHAVE_DLFCN_H -Wa,--noexecstack -m64 -DL_ENDIAN -DTERMIO -O3 -Wall -DOPENSSL_IA32_SSE2 -DOPENSSL_BN_ASM_MONT -DOPENSSL_BN_ASM_MONT5 -DOPENSSL_BN_ASM_GF2m -DSHA1_ASM -DSHA256_ASM -DSHA512_ASM -DMD5_ASM -DAES_ASM -DVPAES_ASM -DBSAES_ASM -DWHIRLPOOL_ASM -DGHASH_ASM  -O3  -Wall  -c -o ede_cbcm_enc.o ede_cbcm_enc.c
gcc -I.. -I../.. -I../modes -I../asn1 -I../evp -I../../include  -DOPENSSL_THREADS -D_REENTRANT -DDSO_DLFCN -DHAVE_DLFCN_H -Wa,--noexecstack -m64 -DL_ENDIAN -DTERMIO -O3 -Wall -DOPENSSL_IA32_SSE2 -DOPENSSL_BN_ASM_MONT -DOPENSSL_BN_ASM_MONT5 -DOPENSSL_BN_ASM_GF2m -DSHA1_ASM -DSHA256_ASM -DSHA512_ASM -DMD5_ASM -DAES_ASM -DVPAES_ASM -DBSAES_ASM -DWHIRLPOOL_ASM -DGHASH_ASM  -O3  -Wall  -c -o des_old.o des_old.c
gcc -I.. -I../.. -I../modes -I../asn1 -I../evp -I../../include  -DOPENSSL_THREADS -D_REENTRANT -DDSO_DLFCN -DHAVE_DLFCN_H -Wa,--noexecstack -m64 -DL_ENDIAN -DTERMIO -O3 -Wall -DOPENSSL_IA32_SSE2 -DOPENSSL_BN_ASM_MONT -DOPENSSL_BN_ASM_MONT5 -DOPENSSL_BN_ASM_GF2m -DSHA1_ASM -DSHA256_ASM -DSHA512_ASM -DMD5_ASM -DAES_ASM -DVPAES_ASM -DBSAES_ASM -DWHIRLPOOL_ASM -DGHASH_ASM  -O3  -Wall  -c -o des_old2.o des_old2.c
gcc -I.. -I../.. -I../modes -I../asn1 -I../evp -I../../include  -DOPENSSL_THREADS -D_REENTRANT -DDSO_DLFCN -DHAVE_DLFCN_H -Wa,--noexecstack -m64 -DL_ENDIAN -DTERMIO -O3 -Wall -DOPENSSL_IA32_SSE2 -DOPENSSL_BN_ASM_MONT -DOPENSSL_BN_ASM_MONT5 -DOPENSSL_BN_ASM_GF2m -DSHA1_ASM -DSHA256_ASM -DSHA512_ASM -DMD5_ASM -DAES_ASM -DVPAES_ASM -DBSAES_ASM -DWHIRLPOOL_ASM -DGHASH_ASM  -O3  -Wall  -c -o read2pwd.o read2pwd.c
ar  r ../../libcrypto.a set_key.o  ecb_enc.o  cbc_enc.o ecb3_enc.o cfb64enc.o cfb64ede.o cfb_enc.o  ofb64ede.o enc_read.o enc_writ.o ofb64enc.o ofb_enc.o  str2key.o  pcbc_enc.o qud_cksm.o rand_key.o des_enc.o fcrypt_b.o fcrypt.o xcbc_enc.o rpc_enc.o  cbc_cksm.o ede_cbcm_enc.o des_old.o des_old2.o read2pwd.o
ranlib ../../libcrypto.a || echo Never mind.
make[4]: Leaving directory `/home/lucas.t/Cactus_tmp/configs/sim/scratch/build/OpenSSL/openssl-1.0.1k/crypto/des'
making all in crypto/aes...
make[4]: Entering directory `/home/lucas.t/Cactus_tmp/configs/sim/scratch/build/OpenSSL/openssl-1.0.1k/crypto/aes'
gcc -I.. -I../.. -I../modes -I../asn1 -I../evp -I../../include  -DOPENSSL_THREADS -D_REENTRANT -DDSO_DLFCN -DHAVE_DLFCN_H -Wa,--noexecstack -m64 -DL_ENDIAN -DTERMIO -O3 -Wall -DOPENSSL_IA32_SSE2 -DOPENSSL_BN_ASM_MONT -DOPENSSL_BN_ASM_MONT5 -DOPENSSL_BN_ASM_GF2m -DSHA1_ASM -DSHA256_ASM -DSHA512_ASM -DMD5_ASM -DAES_ASM -DVPAES_ASM -DBSAES_ASM -DWHIRLPOOL_ASM -DGHASH_ASM  -O3  -Wall  -c -o aes_misc.o aes_misc.c
gcc -I.. -I../.. -I../modes -I../asn1 -I../evp -I../../include  -DOPENSSL_THREADS -D_REENTRANT -DDSO_DLFCN -DHAVE_DLFCN_H -Wa,--noexecstack -m64 -DL_ENDIAN -DTERMIO -O3 -Wall -DOPENSSL_IA32_SSE2 -DOPENSSL_BN_ASM_MONT -DOPENSSL_BN_ASM_MONT5 -DOPENSSL_BN_ASM_GF2m -DSHA1_ASM -DSHA256_ASM -DSHA512_ASM -DMD5_ASM -DAES_ASM -DVPAES_ASM -DBSAES_ASM -DWHIRLPOOL_ASM -DGHASH_ASM  -O3  -Wall  -c -o aes_ecb.o aes_ecb.c
gcc -I.. -I../.. -I../modes -I../asn1 -I../evp -I../../include  -DOPENSSL_THREADS -D_REENTRANT -DDSO_DLFCN -DHAVE_DLFCN_H -Wa,--noexecstack -m64 -DL_ENDIAN -DTERMIO -O3 -Wall -DOPENSSL_IA32_SSE2 -DOPENSSL_BN_ASM_MONT -DOPENSSL_BN_ASM_MONT5 -DOPENSSL_BN_ASM_GF2m -DSHA1_ASM -DSHA256_ASM -DSHA512_ASM -DMD5_ASM -DAES_ASM -DVPAES_ASM -DBSAES_ASM -DWHIRLPOOL_ASM -DGHASH_ASM  -O3  -Wall  -c -o aes_cfb.o aes_cfb.c
gcc -I.. -I../.. -I../modes -I../asn1 -I../evp -I../../include  -DOPENSSL_THREADS -D_REENTRANT -DDSO_DLFCN -DHAVE_DLFCN_H -Wa,--noexecstack -m64 -DL_ENDIAN -DTERMIO -O3 -Wall -DOPENSSL_IA32_SSE2 -DOPENSSL_BN_ASM_MONT -DOPENSSL_BN_ASM_MONT5 -DOPENSSL_BN_ASM_GF2m -DSHA1_ASM -DSHA256_ASM -DSHA512_ASM -DMD5_ASM -DAES_ASM -DVPAES_ASM -DBSAES_ASM -DWHIRLPOOL_ASM -DGHASH_ASM  -O3  -Wall  -c -o aes_ofb.o aes_ofb.c
gcc -I.. -I../.. -I../modes -I../asn1 -I../evp -I../../include  -DOPENSSL_THREADS -D_REENTRANT -DDSO_DLFCN -DHAVE_DLFCN_H -Wa,--noexecstack -m64 -DL_ENDIAN -DTERMIO -O3 -Wall -DOPENSSL_IA32_SSE2 -DOPENSSL_BN_ASM_MONT -DOPENSSL_BN_ASM_MONT5 -DOPENSSL_BN_ASM_GF2m -DSHA1_ASM -DSHA256_ASM -DSHA512_ASM -DMD5_ASM -DAES_ASM -DVPAES_ASM -DBSAES_ASM -DWHIRLPOOL_ASM -DGHASH_ASM  -O3  -Wall  -c -o aes_ctr.o aes_ctr.c
gcc -I.. -I../.. -I../modes -I../asn1 -I../evp -I../../include  -DOPENSSL_THREADS -D_REENTRANT -DDSO_DLFCN -DHAVE_DLFCN_H -Wa,--noexecstack -m64 -DL_ENDIAN -DTERMIO -O3 -Wall -DOPENSSL_IA32_SSE2 -DOPENSSL_BN_ASM_MONT -DOPENSSL_BN_ASM_MONT5 -DOPENSSL_BN_ASM_GF2m -DSHA1_ASM -DSHA256_ASM -DSHA512_ASM -DMD5_ASM -DAES_ASM -DVPAES_ASM -DBSAES_ASM -DWHIRLPOOL_ASM -DGHASH_ASM  -O3  -Wall  -c -o aes_ige.o aes_ige.c
gcc -I.. -I../.. -I../modes -I../asn1 -I../evp -I../../include  -DOPENSSL_THREADS -D_REENTRANT -DDSO_DLFCN -DHAVE_DLFCN_H -Wa,--noexecstack -m64 -DL_ENDIAN -DTERMIO -O3 -Wall -DOPENSSL_IA32_SSE2 -DOPENSSL_BN_ASM_MONT -DOPENSSL_BN_ASM_MONT5 -DOPENSSL_BN_ASM_GF2m -DSHA1_ASM -DSHA256_ASM -DSHA512_ASM -DMD5_ASM -DAES_ASM -DVPAES_ASM -DBSAES_ASM -DWHIRLPOOL_ASM -DGHASH_ASM  -O3  -Wall  -c -o aes_wrap.o aes_wrap.c
perl asm/aes-x86_64.pl elf > aes-x86_64.s
gcc -I.. -I../.. -I../modes -I../asn1 -I../evp -I../../include  -DOPENSSL_THREADS -D_REENTRANT -DDSO_DLFCN -DHAVE_DLFCN_H -Wa,--noexecstack -m64 -DL_ENDIAN -DTERMIO -O3 -Wall -DOPENSSL_IA32_SSE2 -DOPENSSL_BN_ASM_MONT -DOPENSSL_BN_ASM_MONT5 -DOPENSSL_BN_ASM_GF2m -DSHA1_ASM -DSHA256_ASM -DSHA512_ASM -DMD5_ASM -DAES_ASM -DVPAES_ASM -DBSAES_ASM -DWHIRLPOOL_ASM -DGHASH_ASM -c  -o aes-x86_64.o aes-x86_64.s
perl asm/vpaes-x86_64.pl elf > vpaes-x86_64.s
gcc -I.. -I../.. -I../modes -I../asn1 -I../evp -I../../include  -DOPENSSL_THREADS -D_REENTRANT -DDSO_DLFCN -DHAVE_DLFCN_H -Wa,--noexecstack -m64 -DL_ENDIAN -DTERMIO -O3 -Wall -DOPENSSL_IA32_SSE2 -DOPENSSL_BN_ASM_MONT -DOPENSSL_BN_ASM_MONT5 -DOPENSSL_BN_ASM_GF2m -DSHA1_ASM -DSHA256_ASM -DSHA512_ASM -DMD5_ASM -DAES_ASM -DVPAES_ASM -DBSAES_ASM -DWHIRLPOOL_ASM -DGHASH_ASM -c  -o vpaes-x86_64.o vpaes-x86_64.s
perl asm/bsaes-x86_64.pl elf > bsaes-x86_64.s
gcc -I.. -I../.. -I../modes -I../asn1 -I../evp -I../../include  -DOPENSSL_THREADS -D_REENTRANT -DDSO_DLFCN -DHAVE_DLFCN_H -Wa,--noexecstack -m64 -DL_ENDIAN -DTERMIO -O3 -Wall -DOPENSSL_IA32_SSE2 -DOPENSSL_BN_ASM_MONT -DOPENSSL_BN_ASM_MONT5 -DOPENSSL_BN_ASM_GF2m -DSHA1_ASM -DSHA256_ASM -DSHA512_ASM -DMD5_ASM -DAES_ASM -DVPAES_ASM -DBSAES_ASM -DWHIRLPOOL_ASM -DGHASH_ASM -c  -o bsaes-x86_64.o bsaes-x86_64.s
perl asm/aesni-x86_64.pl elf > aesni-x86_64.s
gcc -I.. -I../.. -I../modes -I../asn1 -I../evp -I../../include  -DOPENSSL_THREADS -D_REENTRANT -DDSO_DLFCN -DHAVE_DLFCN_H -Wa,--noexecstack -m64 -DL_ENDIAN -DTERMIO -O3 -Wall -DOPENSSL_IA32_SSE2 -DOPENSSL_BN_ASM_MONT -DOPENSSL_BN_ASM_MONT5 -DOPENSSL_BN_ASM_GF2m -DSHA1_ASM -DSHA256_ASM -DSHA512_ASM -DMD5_ASM -DAES_ASM -DVPAES_ASM -DBSAES_ASM -DWHIRLPOOL_ASM -DGHASH_ASM -c  -o aesni-x86_64.o aesni-x86_64.s
perl asm/aesni-sha1-x86_64.pl elf > aesni-sha1-x86_64.s
gcc -I.. -I../.. -I../modes -I../asn1 -I../evp -I../../include  -DOPENSSL_THREADS -D_REENTRANT -DDSO_DLFCN -DHAVE_DLFCN_H -Wa,--noexecstack -m64 -DL_ENDIAN -DTERMIO -O3 -Wall -DOPENSSL_IA32_SSE2 -DOPENSSL_BN_ASM_MONT -DOPENSSL_BN_ASM_MONT5 -DOPENSSL_BN_ASM_GF2m -DSHA1_ASM -DSHA256_ASM -DSHA512_ASM -DMD5_ASM -DAES_ASM -DVPAES_ASM -DBSAES_ASM -DWHIRLPOOL_ASM -DGHASH_ASM -c  -o aesni-sha1-x86_64.o aesni-sha1-x86_64.s
ar  r ../../libcrypto.a aes_misc.o aes_ecb.o aes_cfb.o aes_ofb.o aes_ctr.o aes_ige.o aes_wrap.o aes-x86_64.o vpaes-x86_64.o bsaes-x86_64.o aesni-x86_64.o aesni-sha1-x86_64.o
ranlib ../../libcrypto.a || echo Never mind.
make[4]: Leaving directory `/home/lucas.t/Cactus_tmp/configs/sim/scratch/build/OpenSSL/openssl-1.0.1k/crypto/aes'
making all in crypto/rc2...
make[4]: Entering directory `/home/lucas.t/Cactus_tmp/configs/sim/scratch/build/OpenSSL/openssl-1.0.1k/crypto/rc2'
gcc -I.. -I../.. -I../modes -I../asn1 -I../evp -I../../include  -DOPENSSL_THREADS -D_REENTRANT -DDSO_DLFCN -DHAVE_DLFCN_H -Wa,--noexecstack -m64 -DL_ENDIAN -DTERMIO -O3 -Wall -DOPENSSL_IA32_SSE2 -DOPENSSL_BN_ASM_MONT -DOPENSSL_BN_ASM_MONT5 -DOPENSSL_BN_ASM_GF2m -DSHA1_ASM -DSHA256_ASM -DSHA512_ASM -DMD5_ASM -DAES_ASM -DVPAES_ASM -DBSAES_ASM -DWHIRLPOOL_ASM -DGHASH_ASM  -O3  -Wall  -c -o rc2_ecb.o rc2_ecb.c
gcc -I.. -I../.. -I../modes -I../asn1 -I../evp -I../../include  -DOPENSSL_THREADS -D_REENTRANT -DDSO_DLFCN -DHAVE_DLFCN_H -Wa,--noexecstack -m64 -DL_ENDIAN -DTERMIO -O3 -Wall -DOPENSSL_IA32_SSE2 -DOPENSSL_BN_ASM_MONT -DOPENSSL_BN_ASM_MONT5 -DOPENSSL_BN_ASM_GF2m -DSHA1_ASM -DSHA256_ASM -DSHA512_ASM -DMD5_ASM -DAES_ASM -DVPAES_ASM -DBSAES_ASM -DWHIRLPOOL_ASM -DGHASH_ASM  -O3  -Wall  -c -o rc2_skey.o rc2_skey.c
gcc -I.. -I../.. -I../modes -I../asn1 -I../evp -I../../include  -DOPENSSL_THREADS -D_REENTRANT -DDSO_DLFCN -DHAVE_DLFCN_H -Wa,--noexecstack -m64 -DL_ENDIAN -DTERMIO -O3 -Wall -DOPENSSL_IA32_SSE2 -DOPENSSL_BN_ASM_MONT -DOPENSSL_BN_ASM_MONT5 -DOPENSSL_BN_ASM_GF2m -DSHA1_ASM -DSHA256_ASM -DSHA512_ASM -DMD5_ASM -DAES_ASM -DVPAES_ASM -DBSAES_ASM -DWHIRLPOOL_ASM -DGHASH_ASM  -O3  -Wall  -c -o rc2_cbc.o rc2_cbc.c
gcc -I.. -I../.. -I../modes -I../asn1 -I../evp -I../../include  -DOPENSSL_THREADS -D_REENTRANT -DDSO_DLFCN -DHAVE_DLFCN_H -Wa,--noexecstack -m64 -DL_ENDIAN -DTERMIO -O3 -Wall -DOPENSSL_IA32_SSE2 -DOPENSSL_BN_ASM_MONT -DOPENSSL_BN_ASM_MONT5 -DOPENSSL_BN_ASM_GF2m -DSHA1_ASM -DSHA256_ASM -DSHA512_ASM -DMD5_ASM -DAES_ASM -DVPAES_ASM -DBSAES_ASM -DWHIRLPOOL_ASM -DGHASH_ASM  -O3  -Wall  -c -o rc2cfb64.o rc2cfb64.c
gcc -I.. -I../.. -I../modes -I../asn1 -I../evp -I../../include  -DOPENSSL_THREADS -D_REENTRANT -DDSO_DLFCN -DHAVE_DLFCN_H -Wa,--noexecstack -m64 -DL_ENDIAN -DTERMIO -O3 -Wall -DOPENSSL_IA32_SSE2 -DOPENSSL_BN_ASM_MONT -DOPENSSL_BN_ASM_MONT5 -DOPENSSL_BN_ASM_GF2m -DSHA1_ASM -DSHA256_ASM -DSHA512_ASM -DMD5_ASM -DAES_ASM -DVPAES_ASM -DBSAES_ASM -DWHIRLPOOL_ASM -DGHASH_ASM  -O3  -Wall  -c -o rc2ofb64.o rc2ofb64.c
ar  r ../../libcrypto.a rc2_ecb.o rc2_skey.o rc2_cbc.o rc2cfb64.o rc2ofb64.o
ranlib ../../libcrypto.a || echo Never mind.
make[4]: Leaving directory `/home/lucas.t/Cactus_tmp/configs/sim/scratch/build/OpenSSL/openssl-1.0.1k/crypto/rc2'
making all in crypto/rc4...
make[4]: Entering directory `/home/lucas.t/Cactus_tmp/configs/sim/scratch/build/OpenSSL/openssl-1.0.1k/crypto/rc4'
perl asm/rc4-x86_64.pl elf > rc4-x86_64.s
gcc -I.. -I../.. -I../modes -I../asn1 -I../evp -I../../include  -DOPENSSL_THREADS -D_REENTRANT -DDSO_DLFCN -DHAVE_DLFCN_H -Wa,--noexecstack -m64 -DL_ENDIAN -DTERMIO -O3 -Wall -DOPENSSL_IA32_SSE2 -DOPENSSL_BN_ASM_MONT -DOPENSSL_BN_ASM_MONT5 -DOPENSSL_BN_ASM_GF2m -DSHA1_ASM -DSHA256_ASM -DSHA512_ASM -DMD5_ASM -DAES_ASM -DVPAES_ASM -DBSAES_ASM -DWHIRLPOOL_ASM -DGHASH_ASM -c  -o rc4-x86_64.o rc4-x86_64.s
perl asm/rc4-md5-x86_64.pl elf > rc4-md5-x86_64.s
gcc -I.. -I../.. -I../modes -I../asn1 -I../evp -I../../include  -DOPENSSL_THREADS -D_REENTRANT -DDSO_DLFCN -DHAVE_DLFCN_H -Wa,--noexecstack -m64 -DL_ENDIAN -DTERMIO -O3 -Wall -DOPENSSL_IA32_SSE2 -DOPENSSL_BN_ASM_MONT -DOPENSSL_BN_ASM_MONT5 -DOPENSSL_BN_ASM_GF2m -DSHA1_ASM -DSHA256_ASM -DSHA512_ASM -DMD5_ASM -DAES_ASM -DVPAES_ASM -DBSAES_ASM -DWHIRLPOOL_ASM -DGHASH_ASM -c  -o rc4-md5-x86_64.o rc4-md5-x86_64.s
gcc -I.. -I../.. -I../modes -I../asn1 -I../evp -I../../include  -DOPENSSL_THREADS -D_REENTRANT -DDSO_DLFCN -DHAVE_DLFCN_H -Wa,--noexecstack -m64 -DL_ENDIAN -DTERMIO -O3 -Wall -DOPENSSL_IA32_SSE2 -DOPENSSL_BN_ASM_MONT -DOPENSSL_BN_ASM_MONT5 -DOPENSSL_BN_ASM_GF2m -DSHA1_ASM -DSHA256_ASM -DSHA512_ASM -DMD5_ASM -DAES_ASM -DVPAES_ASM -DBSAES_ASM -DWHIRLPOOL_ASM -DGHASH_ASM  -O3  -Wall  -c -o rc4_utl.o rc4_utl.c
ar  r ../../libcrypto.a rc4-x86_64.o rc4-md5-x86_64.o rc4_utl.o
ranlib ../../libcrypto.a || echo Never mind.
make[4]: Leaving directory `/home/lucas.t/Cactus_tmp/configs/sim/scratch/build/OpenSSL/openssl-1.0.1k/crypto/rc4'
making all in crypto/idea...
make[4]: Entering directory `/home/lucas.t/Cactus_tmp/configs/sim/scratch/build/OpenSSL/openssl-1.0.1k/crypto/idea'
gcc -I.. -I../.. -I../modes -I../asn1 -I../evp -I../../include  -DOPENSSL_THREADS -D_REENTRANT -DDSO_DLFCN -DHAVE_DLFCN_H -Wa,--noexecstack -m64 -DL_ENDIAN -DTERMIO -O3 -Wall -DOPENSSL_IA32_SSE2 -DOPENSSL_BN_ASM_MONT -DOPENSSL_BN_ASM_MONT5 -DOPENSSL_BN_ASM_GF2m -DSHA1_ASM -DSHA256_ASM -DSHA512_ASM -DMD5_ASM -DAES_ASM -DVPAES_ASM -DBSAES_ASM -DWHIRLPOOL_ASM -DGHASH_ASM  -O3  -Wall  -c -o i_cbc.o i_cbc.c
gcc -I.. -I../.. -I../modes -I../asn1 -I../evp -I../../include  -DOPENSSL_THREADS -D_REENTRANT -DDSO_DLFCN -DHAVE_DLFCN_H -Wa,--noexecstack -m64 -DL_ENDIAN -DTERMIO -O3 -Wall -DOPENSSL_IA32_SSE2 -DOPENSSL_BN_ASM_MONT -DOPENSSL_BN_ASM_MONT5 -DOPENSSL_BN_ASM_GF2m -DSHA1_ASM -DSHA256_ASM -DSHA512_ASM -DMD5_ASM -DAES_ASM -DVPAES_ASM -DBSAES_ASM -DWHIRLPOOL_ASM -DGHASH_ASM  -O3  -Wall  -c -o i_cfb64.o i_cfb64.c
gcc -I.. -I../.. -I../modes -I../asn1 -I../evp -I../../include  -DOPENSSL_THREADS -D_REENTRANT -DDSO_DLFCN -DHAVE_DLFCN_H -Wa,--noexecstack -m64 -DL_ENDIAN -DTERMIO -O3 -Wall -DOPENSSL_IA32_SSE2 -DOPENSSL_BN_ASM_MONT -DOPENSSL_BN_ASM_MONT5 -DOPENSSL_BN_ASM_GF2m -DSHA1_ASM -DSHA256_ASM -DSHA512_ASM -DMD5_ASM -DAES_ASM -DVPAES_ASM -DBSAES_ASM -DWHIRLPOOL_ASM -DGHASH_ASM  -O3  -Wall  -c -o i_ofb64.o i_ofb64.c
gcc -I.. -I../.. -I../modes -I../asn1 -I../evp -I../../include  -DOPENSSL_THREADS -D_REENTRANT -DDSO_DLFCN -DHAVE_DLFCN_H -Wa,--noexecstack -m64 -DL_ENDIAN -DTERMIO -O3 -Wall -DOPENSSL_IA32_SSE2 -DOPENSSL_BN_ASM_MONT -DOPENSSL_BN_ASM_MONT5 -DOPENSSL_BN_ASM_GF2m -DSHA1_ASM -DSHA256_ASM -DSHA512_ASM -DMD5_ASM -DAES_ASM -DVPAES_ASM -DBSAES_ASM -DWHIRLPOOL_ASM -DGHASH_ASM  -O3  -Wall  -c -o i_ecb.o i_ecb.c
gcc -I.. -I../.. -I../modes -I../asn1 -I../evp -I../../include  -DOPENSSL_THREADS -D_REENTRANT -DDSO_DLFCN -DHAVE_DLFCN_H -Wa,--noexecstack -m64 -DL_ENDIAN -DTERMIO -O3 -Wall -DOPENSSL_IA32_SSE2 -DOPENSSL_BN_ASM_MONT -DOPENSSL_BN_ASM_MONT5 -DOPENSSL_BN_ASM_GF2m -DSHA1_ASM -DSHA256_ASM -DSHA512_ASM -DMD5_ASM -DAES_ASM -DVPAES_ASM -DBSAES_ASM -DWHIRLPOOL_ASM -DGHASH_ASM  -O3  -Wall  -c -o i_skey.o i_skey.c
ar  r ../../libcrypto.a i_cbc.o i_cfb64.o i_ofb64.o i_ecb.o i_skey.o
ranlib ../../libcrypto.a || echo Never mind.
make[4]: Leaving directory `/home/lucas.t/Cactus_tmp/configs/sim/scratch/build/OpenSSL/openssl-1.0.1k/crypto/idea'
making all in crypto/bf...
make[4]: Entering directory `/home/lucas.t/Cactus_tmp/configs/sim/scratch/build/OpenSSL/openssl-1.0.1k/crypto/bf'
gcc -I.. -I../.. -I../modes -I../asn1 -I../evp -I../../include  -DOPENSSL_THREADS -D_REENTRANT -DDSO_DLFCN -DHAVE_DLFCN_H -Wa,--noexecstack -m64 -DL_ENDIAN -DTERMIO -O3 -Wall -DOPENSSL_IA32_SSE2 -DOPENSSL_BN_ASM_MONT -DOPENSSL_BN_ASM_MONT5 -DOPENSSL_BN_ASM_GF2m -DSHA1_ASM -DSHA256_ASM -DSHA512_ASM -DMD5_ASM -DAES_ASM -DVPAES_ASM -DBSAES_ASM -DWHIRLPOOL_ASM -DGHASH_ASM  -O3  -Wall  -c -o bf_skey.o bf_skey.c
gcc -I.. -I../.. -I../modes -I../asn1 -I../evp -I../../include  -DOPENSSL_THREADS -D_REENTRANT -DDSO_DLFCN -DHAVE_DLFCN_H -Wa,--noexecstack -m64 -DL_ENDIAN -DTERMIO -O3 -Wall -DOPENSSL_IA32_SSE2 -DOPENSSL_BN_ASM_MONT -DOPENSSL_BN_ASM_MONT5 -DOPENSSL_BN_ASM_GF2m -DSHA1_ASM -DSHA256_ASM -DSHA512_ASM -DMD5_ASM -DAES_ASM -DVPAES_ASM -DBSAES_ASM -DWHIRLPOOL_ASM -DGHASH_ASM  -O3  -Wall  -c -o bf_ecb.o bf_ecb.c
gcc -I.. -I../.. -I../modes -I../asn1 -I../evp -I../../include  -DOPENSSL_THREADS -D_REENTRANT -DDSO_DLFCN -DHAVE_DLFCN_H -Wa,--noexecstack -m64 -DL_ENDIAN -DTERMIO -O3 -Wall -DOPENSSL_IA32_SSE2 -DOPENSSL_BN_ASM_MONT -DOPENSSL_BN_ASM_MONT5 -DOPENSSL_BN_ASM_GF2m -DSHA1_ASM -DSHA256_ASM -DSHA512_ASM -DMD5_ASM -DAES_ASM -DVPAES_ASM -DBSAES_ASM -DWHIRLPOOL_ASM -DGHASH_ASM  -O3  -Wall  -c -o bf_enc.o bf_enc.c
gcc -I.. -I../.. -I../modes -I../asn1 -I../evp -I../../include  -DOPENSSL_THREADS -D_REENTRANT -DDSO_DLFCN -DHAVE_DLFCN_H -Wa,--noexecstack -m64 -DL_ENDIAN -DTERMIO -O3 -Wall -DOPENSSL_IA32_SSE2 -DOPENSSL_BN_ASM_MONT -DOPENSSL_BN_ASM_MONT5 -DOPENSSL_BN_ASM_GF2m -DSHA1_ASM -DSHA256_ASM -DSHA512_ASM -DMD5_ASM -DAES_ASM -DVPAES_ASM -DBSAES_ASM -DWHIRLPOOL_ASM -DGHASH_ASM  -O3  -Wall  -c -o bf_cfb64.o bf_cfb64.c
gcc -I.. -I../.. -I../modes -I../asn1 -I../evp -I../../include  -DOPENSSL_THREADS -D_REENTRANT -DDSO_DLFCN -DHAVE_DLFCN_H -Wa,--noexecstack -m64 -DL_ENDIAN -DTERMIO -O3 -Wall -DOPENSSL_IA32_SSE2 -DOPENSSL_BN_ASM_MONT -DOPENSSL_BN_ASM_MONT5 -DOPENSSL_BN_ASM_GF2m -DSHA1_ASM -DSHA256_ASM -DSHA512_ASM -DMD5_ASM -DAES_ASM -DVPAES_ASM -DBSAES_ASM -DWHIRLPOOL_ASM -DGHASH_ASM  -O3  -Wall  -c -o bf_ofb64.o bf_ofb64.c
ar  r ../../libcrypto.a bf_skey.o bf_ecb.o bf_enc.o bf_cfb64.o bf_ofb64.o
ranlib ../../libcrypto.a || echo Never mind.
make[4]: Leaving directory `/home/lucas.t/Cactus_tmp/configs/sim/scratch/build/OpenSSL/openssl-1.0.1k/crypto/bf'
making all in crypto/cast...
make[4]: Entering directory `/home/lucas.t/Cactus_tmp/configs/sim/scratch/build/OpenSSL/openssl-1.0.1k/crypto/cast'
gcc -I.. -I../.. -I../modes -I../asn1 -I../evp -I../../include  -DOPENSSL_THREADS -D_REENTRANT -DDSO_DLFCN -DHAVE_DLFCN_H -Wa,--noexecstack -m64 -DL_ENDIAN -DTERMIO -O3 -Wall -DOPENSSL_IA32_SSE2 -DOPENSSL_BN_ASM_MONT -DOPENSSL_BN_ASM_MONT5 -DOPENSSL_BN_ASM_GF2m -DSHA1_ASM -DSHA256_ASM -DSHA512_ASM -DMD5_ASM -DAES_ASM -DVPAES_ASM -DBSAES_ASM -DWHIRLPOOL_ASM -DGHASH_ASM  -O3  -Wall  -c -o c_skey.o c_skey.c
gcc -I.. -I../.. -I../modes -I../asn1 -I../evp -I../../include  -DOPENSSL_THREADS -D_REENTRANT -DDSO_DLFCN -DHAVE_DLFCN_H -Wa,--noexecstack -m64 -DL_ENDIAN -DTERMIO -O3 -Wall -DOPENSSL_IA32_SSE2 -DOPENSSL_BN_ASM_MONT -DOPENSSL_BN_ASM_MONT5 -DOPENSSL_BN_ASM_GF2m -DSHA1_ASM -DSHA256_ASM -DSHA512_ASM -DMD5_ASM -DAES_ASM -DVPAES_ASM -DBSAES_ASM -DWHIRLPOOL_ASM -DGHASH_ASM  -O3  -Wall  -c -o c_ecb.o c_ecb.c
gcc -I.. -I../.. -I../modes -I../asn1 -I../evp -I../../include  -DOPENSSL_THREADS -D_REENTRANT -DDSO_DLFCN -DHAVE_DLFCN_H -Wa,--noexecstack -m64 -DL_ENDIAN -DTERMIO -O3 -Wall -DOPENSSL_IA32_SSE2 -DOPENSSL_BN_ASM_MONT -DOPENSSL_BN_ASM_MONT5 -DOPENSSL_BN_ASM_GF2m -DSHA1_ASM -DSHA256_ASM -DSHA512_ASM -DMD5_ASM -DAES_ASM -DVPAES_ASM -DBSAES_ASM -DWHIRLPOOL_ASM -DGHASH_ASM  -O3  -Wall  -c -o c_enc.o c_enc.c
gcc -I.. -I../.. -I../modes -I../asn1 -I../evp -I../../include  -DOPENSSL_THREADS -D_REENTRANT -DDSO_DLFCN -DHAVE_DLFCN_H -Wa,--noexecstack -m64 -DL_ENDIAN -DTERMIO -O3 -Wall -DOPENSSL_IA32_SSE2 -DOPENSSL_BN_ASM_MONT -DOPENSSL_BN_ASM_MONT5 -DOPENSSL_BN_ASM_GF2m -DSHA1_ASM -DSHA256_ASM -DSHA512_ASM -DMD5_ASM -DAES_ASM -DVPAES_ASM -DBSAES_ASM -DWHIRLPOOL_ASM -DGHASH_ASM  -O3  -Wall  -c -o c_cfb64.o c_cfb64.c
gcc -I.. -I../.. -I../modes -I../asn1 -I../evp -I../../include  -DOPENSSL_THREADS -D_REENTRANT -DDSO_DLFCN -DHAVE_DLFCN_H -Wa,--noexecstack -m64 -DL_ENDIAN -DTERMIO -O3 -Wall -DOPENSSL_IA32_SSE2 -DOPENSSL_BN_ASM_MONT -DOPENSSL_BN_ASM_MONT5 -DOPENSSL_BN_ASM_GF2m -DSHA1_ASM -DSHA256_ASM -DSHA512_ASM -DMD5_ASM -DAES_ASM -DVPAES_ASM -DBSAES_ASM -DWHIRLPOOL_ASM -DGHASH_ASM  -O3  -Wall  -c -o c_ofb64.o c_ofb64.c
ar  r ../../libcrypto.a c_skey.o c_ecb.o c_enc.o c_cfb64.o c_ofb64.o
ranlib ../../libcrypto.a || echo Never mind.
make[4]: Leaving directory `/home/lucas.t/Cactus_tmp/configs/sim/scratch/build/OpenSSL/openssl-1.0.1k/crypto/cast'
making all in crypto/camellia...
make[4]: Entering directory `/home/lucas.t/Cactus_tmp/configs/sim/scratch/build/OpenSSL/openssl-1.0.1k/crypto/camellia'
gcc -I.. -I../.. -I../modes -I../asn1 -I../evp -I../../include  -DOPENSSL_THREADS -D_REENTRANT -DDSO_DLFCN -DHAVE_DLFCN_H -Wa,--noexecstack -m64 -DL_ENDIAN -DTERMIO -O3 -Wall -DOPENSSL_IA32_SSE2 -DOPENSSL_BN_ASM_MONT -DOPENSSL_BN_ASM_MONT5 -DOPENSSL_BN_ASM_GF2m -DSHA1_ASM -DSHA256_ASM -DSHA512_ASM -DMD5_ASM -DAES_ASM -DVPAES_ASM -DBSAES_ASM -DWHIRLPOOL_ASM -DGHASH_ASM  -O3  -Wall  -c -o cmll_ecb.o cmll_ecb.c
gcc -I.. -I../.. -I../modes -I../asn1 -I../evp -I../../include  -DOPENSSL_THREADS -D_REENTRANT -DDSO_DLFCN -DHAVE_DLFCN_H -Wa,--noexecstack -m64 -DL_ENDIAN -DTERMIO -O3 -Wall -DOPENSSL_IA32_SSE2 -DOPENSSL_BN_ASM_MONT -DOPENSSL_BN_ASM_MONT5 -DOPENSSL_BN_ASM_GF2m -DSHA1_ASM -DSHA256_ASM -DSHA512_ASM -DMD5_ASM -DAES_ASM -DVPAES_ASM -DBSAES_ASM -DWHIRLPOOL_ASM -DGHASH_ASM  -O3  -Wall  -c -o cmll_ofb.o cmll_ofb.c
gcc -I.. -I../.. -I../modes -I../asn1 -I../evp -I../../include  -DOPENSSL_THREADS -D_REENTRANT -DDSO_DLFCN -DHAVE_DLFCN_H -Wa,--noexecstack -m64 -DL_ENDIAN -DTERMIO -O3 -Wall -DOPENSSL_IA32_SSE2 -DOPENSSL_BN_ASM_MONT -DOPENSSL_BN_ASM_MONT5 -DOPENSSL_BN_ASM_GF2m -DSHA1_ASM -DSHA256_ASM -DSHA512_ASM -DMD5_ASM -DAES_ASM -DVPAES_ASM -DBSAES_ASM -DWHIRLPOOL_ASM -DGHASH_ASM  -O3  -Wall  -c -o cmll_cfb.o cmll_cfb.c
gcc -I.. -I../.. -I../modes -I../asn1 -I../evp -I../../include  -DOPENSSL_THREADS -D_REENTRANT -DDSO_DLFCN -DHAVE_DLFCN_H -Wa,--noexecstack -m64 -DL_ENDIAN -DTERMIO -O3 -Wall -DOPENSSL_IA32_SSE2 -DOPENSSL_BN_ASM_MONT -DOPENSSL_BN_ASM_MONT5 -DOPENSSL_BN_ASM_GF2m -DSHA1_ASM -DSHA256_ASM -DSHA512_ASM -DMD5_ASM -DAES_ASM -DVPAES_ASM -DBSAES_ASM -DWHIRLPOOL_ASM -DGHASH_ASM  -O3  -Wall  -c -o cmll_ctr.o cmll_ctr.c
gcc -I.. -I../.. -I../modes -I../asn1 -I../evp -I../../include  -DOPENSSL_THREADS -D_REENTRANT -DDSO_DLFCN -DHAVE_DLFCN_H -Wa,--noexecstack -m64 -DL_ENDIAN -DTERMIO -O3 -Wall -DOPENSSL_IA32_SSE2 -DOPENSSL_BN_ASM_MONT -DOPENSSL_BN_ASM_MONT5 -DOPENSSL_BN_ASM_GF2m -DSHA1_ASM -DSHA256_ASM -DSHA512_ASM -DMD5_ASM -DAES_ASM -DVPAES_ASM -DBSAES_ASM -DWHIRLPOOL_ASM -DGHASH_ASM  -O3  -Wall  -c -o cmll_utl.o cmll_utl.c
perl asm/cmll-x86_64.pl elf > cmll-x86_64.s
gcc -I.. -I../.. -I../modes -I../asn1 -I../evp -I../../include  -DOPENSSL_THREADS -D_REENTRANT -DDSO_DLFCN -DHAVE_DLFCN_H -Wa,--noexecstack -m64 -DL_ENDIAN -DTERMIO -O3 -Wall -DOPENSSL_IA32_SSE2 -DOPENSSL_BN_ASM_MONT -DOPENSSL_BN_ASM_MONT5 -DOPENSSL_BN_ASM_GF2m -DSHA1_ASM -DSHA256_ASM -DSHA512_ASM -DMD5_ASM -DAES_ASM -DVPAES_ASM -DBSAES_ASM -DWHIRLPOOL_ASM -DGHASH_ASM -c  -o cmll-x86_64.o cmll-x86_64.s
gcc -I.. -I../.. -I../modes -I../asn1 -I../evp -I../../include  -DOPENSSL_THREADS -D_REENTRANT -DDSO_DLFCN -DHAVE_DLFCN_H -Wa,--noexecstack -m64 -DL_ENDIAN -DTERMIO -O3 -Wall -DOPENSSL_IA32_SSE2 -DOPENSSL_BN_ASM_MONT -DOPENSSL_BN_ASM_MONT5 -DOPENSSL_BN_ASM_GF2m -DSHA1_ASM -DSHA256_ASM -DSHA512_ASM -DMD5_ASM -DAES_ASM -DVPAES_ASM -DBSAES_ASM -DWHIRLPOOL_ASM -DGHASH_ASM  -O3  -Wall  -c -o cmll_misc.o cmll_misc.c
ar  r ../../libcrypto.a cmll_ecb.o cmll_ofb.o cmll_cfb.o cmll_ctr.o cmll_utl.o cmll-x86_64.o cmll_misc.o
ranlib ../../libcrypto.a || echo Never mind.
make[4]: Leaving directory `/home/lucas.t/Cactus_tmp/configs/sim/scratch/build/OpenSSL/openssl-1.0.1k/crypto/camellia'
making all in crypto/seed...
make[4]: Entering directory `/home/lucas.t/Cactus_tmp/configs/sim/scratch/build/OpenSSL/openssl-1.0.1k/crypto/seed'
gcc -I.. -I../.. -I../modes -I../asn1 -I../evp -I../../include  -DOPENSSL_THREADS -D_REENTRANT -DDSO_DLFCN -DHAVE_DLFCN_H -Wa,--noexecstack -m64 -DL_ENDIAN -DTERMIO -O3 -Wall -DOPENSSL_IA32_SSE2 -DOPENSSL_BN_ASM_MONT -DOPENSSL_BN_ASM_MONT5 -DOPENSSL_BN_ASM_GF2m -DSHA1_ASM -DSHA256_ASM -DSHA512_ASM -DMD5_ASM -DAES_ASM -DVPAES_ASM -DBSAES_ASM -DWHIRLPOOL_ASM -DGHASH_ASM  -O3  -Wall  -c -o seed.o seed.c
gcc -I.. -I../.. -I../modes -I../asn1 -I../evp -I../../include  -DOPENSSL_THREADS -D_REENTRANT -DDSO_DLFCN -DHAVE_DLFCN_H -Wa,--noexecstack -m64 -DL_ENDIAN -DTERMIO -O3 -Wall -DOPENSSL_IA32_SSE2 -DOPENSSL_BN_ASM_MONT -DOPENSSL_BN_ASM_MONT5 -DOPENSSL_BN_ASM_GF2m -DSHA1_ASM -DSHA256_ASM -DSHA512_ASM -DMD5_ASM -DAES_ASM -DVPAES_ASM -DBSAES_ASM -DWHIRLPOOL_ASM -DGHASH_ASM  -O3  -Wall  -c -o seed_ecb.o seed_ecb.c
gcc -I.. -I../.. -I../modes -I../asn1 -I../evp -I../../include  -DOPENSSL_THREADS -D_REENTRANT -DDSO_DLFCN -DHAVE_DLFCN_H -Wa,--noexecstack -m64 -DL_ENDIAN -DTERMIO -O3 -Wall -DOPENSSL_IA32_SSE2 -DOPENSSL_BN_ASM_MONT -DOPENSSL_BN_ASM_MONT5 -DOPENSSL_BN_ASM_GF2m -DSHA1_ASM -DSHA256_ASM -DSHA512_ASM -DMD5_ASM -DAES_ASM -DVPAES_ASM -DBSAES_ASM -DWHIRLPOOL_ASM -DGHASH_ASM  -O3  -Wall  -c -o seed_cbc.o seed_cbc.c
gcc -I.. -I../.. -I../modes -I../asn1 -I../evp -I../../include  -DOPENSSL_THREADS -D_REENTRANT -DDSO_DLFCN -DHAVE_DLFCN_H -Wa,--noexecstack -m64 -DL_ENDIAN -DTERMIO -O3 -Wall -DOPENSSL_IA32_SSE2 -DOPENSSL_BN_ASM_MONT -DOPENSSL_BN_ASM_MONT5 -DOPENSSL_BN_ASM_GF2m -DSHA1_ASM -DSHA256_ASM -DSHA512_ASM -DMD5_ASM -DAES_ASM -DVPAES_ASM -DBSAES_ASM -DWHIRLPOOL_ASM -DGHASH_ASM  -O3  -Wall  -c -o seed_cfb.o seed_cfb.c
gcc -I.. -I../.. -I../modes -I../asn1 -I../evp -I../../include  -DOPENSSL_THREADS -D_REENTRANT -DDSO_DLFCN -DHAVE_DLFCN_H -Wa,--noexecstack -m64 -DL_ENDIAN -DTERMIO -O3 -Wall -DOPENSSL_IA32_SSE2 -DOPENSSL_BN_ASM_MONT -DOPENSSL_BN_ASM_MONT5 -DOPENSSL_BN_ASM_GF2m -DSHA1_ASM -DSHA256_ASM -DSHA512_ASM -DMD5_ASM -DAES_ASM -DVPAES_ASM -DBSAES_ASM -DWHIRLPOOL_ASM -DGHASH_ASM  -O3  -Wall  -c -o seed_ofb.o seed_ofb.c
ar  r ../../libcrypto.a seed.o seed_ecb.o seed_cbc.o seed_cfb.o seed_ofb.o
ranlib ../../libcrypto.a || echo Never mind.
make[4]: Leaving directory `/home/lucas.t/Cactus_tmp/configs/sim/scratch/build/OpenSSL/openssl-1.0.1k/crypto/seed'
making all in crypto/modes...
make[4]: Entering directory `/home/lucas.t/Cactus_tmp/configs/sim/scratch/build/OpenSSL/openssl-1.0.1k/crypto/modes'
gcc -I.. -I../.. -I../modes -I../asn1 -I../evp -I../../include  -DOPENSSL_THREADS -D_REENTRANT -DDSO_DLFCN -DHAVE_DLFCN_H -Wa,--noexecstack -m64 -DL_ENDIAN -DTERMIO -O3 -Wall -DOPENSSL_IA32_SSE2 -DOPENSSL_BN_ASM_MONT -DOPENSSL_BN_ASM_MONT5 -DOPENSSL_BN_ASM_GF2m -DSHA1_ASM -DSHA256_ASM -DSHA512_ASM -DMD5_ASM -DAES_ASM -DVPAES_ASM -DBSAES_ASM -DWHIRLPOOL_ASM -DGHASH_ASM  -O3  -Wall  -c -o cbc128.o cbc128.c
gcc -I.. -I../.. -I../modes -I../asn1 -I../evp -I../../include  -DOPENSSL_THREADS -D_REENTRANT -DDSO_DLFCN -DHAVE_DLFCN_H -Wa,--noexecstack -m64 -DL_ENDIAN -DTERMIO -O3 -Wall -DOPENSSL_IA32_SSE2 -DOPENSSL_BN_ASM_MONT -DOPENSSL_BN_ASM_MONT5 -DOPENSSL_BN_ASM_GF2m -DSHA1_ASM -DSHA256_ASM -DSHA512_ASM -DMD5_ASM -DAES_ASM -DVPAES_ASM -DBSAES_ASM -DWHIRLPOOL_ASM -DGHASH_ASM  -O3  -Wall  -c -o ctr128.o ctr128.c
gcc -I.. -I../.. -I../modes -I../asn1 -I../evp -I../../include  -DOPENSSL_THREADS -D_REENTRANT -DDSO_DLFCN -DHAVE_DLFCN_H -Wa,--noexecstack -m64 -DL_ENDIAN -DTERMIO -O3 -Wall -DOPENSSL_IA32_SSE2 -DOPENSSL_BN_ASM_MONT -DOPENSSL_BN_ASM_MONT5 -DOPENSSL_BN_ASM_GF2m -DSHA1_ASM -DSHA256_ASM -DSHA512_ASM -DMD5_ASM -DAES_ASM -DVPAES_ASM -DBSAES_ASM -DWHIRLPOOL_ASM -DGHASH_ASM  -O3  -Wall  -c -o cts128.o cts128.c
gcc -I.. -I../.. -I../modes -I../asn1 -I../evp -I../../include  -DOPENSSL_THREADS -D_REENTRANT -DDSO_DLFCN -DHAVE_DLFCN_H -Wa,--noexecstack -m64 -DL_ENDIAN -DTERMIO -O3 -Wall -DOPENSSL_IA32_SSE2 -DOPENSSL_BN_ASM_MONT -DOPENSSL_BN_ASM_MONT5 -DOPENSSL_BN_ASM_GF2m -DSHA1_ASM -DSHA256_ASM -DSHA512_ASM -DMD5_ASM -DAES_ASM -DVPAES_ASM -DBSAES_ASM -DWHIRLPOOL_ASM -DGHASH_ASM  -O3  -Wall  -c -o cfb128.o cfb128.c
gcc -I.. -I../.. -I../modes -I../asn1 -I../evp -I../../include  -DOPENSSL_THREADS -D_REENTRANT -DDSO_DLFCN -DHAVE_DLFCN_H -Wa,--noexecstack -m64 -DL_ENDIAN -DTERMIO -O3 -Wall -DOPENSSL_IA32_SSE2 -DOPENSSL_BN_ASM_MONT -DOPENSSL_BN_ASM_MONT5 -DOPENSSL_BN_ASM_GF2m -DSHA1_ASM -DSHA256_ASM -DSHA512_ASM -DMD5_ASM -DAES_ASM -DVPAES_ASM -DBSAES_ASM -DWHIRLPOOL_ASM -DGHASH_ASM  -O3  -Wall  -c -o ofb128.o ofb128.c
gcc -I.. -I../.. -I../modes -I../asn1 -I../evp -I../../include  -DOPENSSL_THREADS -D_REENTRANT -DDSO_DLFCN -DHAVE_DLFCN_H -Wa,--noexecstack -m64 -DL_ENDIAN -DTERMIO -O3 -Wall -DOPENSSL_IA32_SSE2 -DOPENSSL_BN_ASM_MONT -DOPENSSL_BN_ASM_MONT5 -DOPENSSL_BN_ASM_GF2m -DSHA1_ASM -DSHA256_ASM -DSHA512_ASM -DMD5_ASM -DAES_ASM -DVPAES_ASM -DBSAES_ASM -DWHIRLPOOL_ASM -DGHASH_ASM  -O3  -Wall  -c -o gcm128.o gcm128.c
gcc -I.. -I../.. -I../modes -I../asn1 -I../evp -I../../include  -DOPENSSL_THREADS -D_REENTRANT -DDSO_DLFCN -DHAVE_DLFCN_H -Wa,--noexecstack -m64 -DL_ENDIAN -DTERMIO -O3 -Wall -DOPENSSL_IA32_SSE2 -DOPENSSL_BN_ASM_MONT -DOPENSSL_BN_ASM_MONT5 -DOPENSSL_BN_ASM_GF2m -DSHA1_ASM -DSHA256_ASM -DSHA512_ASM -DMD5_ASM -DAES_ASM -DVPAES_ASM -DBSAES_ASM -DWHIRLPOOL_ASM -DGHASH_ASM  -O3  -Wall  -c -o ccm128.o ccm128.c
gcc -I.. -I../.. -I../modes -I../asn1 -I../evp -I../../include  -DOPENSSL_THREADS -D_REENTRANT -DDSO_DLFCN -DHAVE_DLFCN_H -Wa,--noexecstack -m64 -DL_ENDIAN -DTERMIO -O3 -Wall -DOPENSSL_IA32_SSE2 -DOPENSSL_BN_ASM_MONT -DOPENSSL_BN_ASM_MONT5 -DOPENSSL_BN_ASM_GF2m -DSHA1_ASM -DSHA256_ASM -DSHA512_ASM -DMD5_ASM -DAES_ASM -DVPAES_ASM -DBSAES_ASM -DWHIRLPOOL_ASM -DGHASH_ASM  -O3  -Wall  -c -o xts128.o xts128.c
perl asm/ghash-x86_64.pl elf > ghash-x86_64.s
gcc -I.. -I../.. -I../modes -I../asn1 -I../evp -I../../include  -DOPENSSL_THREADS -D_REENTRANT -DDSO_DLFCN -DHAVE_DLFCN_H -Wa,--noexecstack -m64 -DL_ENDIAN -DTERMIO -O3 -Wall -DOPENSSL_IA32_SSE2 -DOPENSSL_BN_ASM_MONT -DOPENSSL_BN_ASM_MONT5 -DOPENSSL_BN_ASM_GF2m -DSHA1_ASM -DSHA256_ASM -DSHA512_ASM -DMD5_ASM -DAES_ASM -DVPAES_ASM -DBSAES_ASM -DWHIRLPOOL_ASM -DGHASH_ASM -c  -o ghash-x86_64.o ghash-x86_64.s
ar  r ../../libcrypto.a cbc128.o ctr128.o cts128.o cfb128.o ofb128.o gcm128.o ccm128.o xts128.o ghash-x86_64.o
ranlib ../../libcrypto.a || echo Never mind.
make[4]: Leaving directory `/home/lucas.t/Cactus_tmp/configs/sim/scratch/build/OpenSSL/openssl-1.0.1k/crypto/modes'
making all in crypto/bn...
make[4]: Entering directory `/home/lucas.t/Cactus_tmp/configs/sim/scratch/build/OpenSSL/openssl-1.0.1k/crypto/bn'
gcc -I.. -I../.. -I../modes -I../asn1 -I../evp -I../../include  -DOPENSSL_THREADS -D_REENTRANT -DDSO_DLFCN -DHAVE_DLFCN_H -Wa,--noexecstack -m64 -DL_ENDIAN -DTERMIO -O3 -Wall -DOPENSSL_IA32_SSE2 -DOPENSSL_BN_ASM_MONT -DOPENSSL_BN_ASM_MONT5 -DOPENSSL_BN_ASM_GF2m -DSHA1_ASM -DSHA256_ASM -DSHA512_ASM -DMD5_ASM -DAES_ASM -DVPAES_ASM -DBSAES_ASM -DWHIRLPOOL_ASM -DGHASH_ASM  -O3  -Wall  -c -o bn_add.o bn_add.c
gcc -I.. -I../.. -I../modes -I../asn1 -I../evp -I../../include  -DOPENSSL_THREADS -D_REENTRANT -DDSO_DLFCN -DHAVE_DLFCN_H -Wa,--noexecstack -m64 -DL_ENDIAN -DTERMIO -O3 -Wall -DOPENSSL_IA32_SSE2 -DOPENSSL_BN_ASM_MONT -DOPENSSL_BN_ASM_MONT5 -DOPENSSL_BN_ASM_GF2m -DSHA1_ASM -DSHA256_ASM -DSHA512_ASM -DMD5_ASM -DAES_ASM -DVPAES_ASM -DBSAES_ASM -DWHIRLPOOL_ASM -DGHASH_ASM  -O3  -Wall  -c -o bn_div.o bn_div.c
bn_div.c: In function 'BN_div':
bn_div.c:402:5: warning: this 'if' clause does not guard... [-Wmisleading-indentation]
     if (t2l < d1) t2h--; t2l -= d1;
     ^~
bn_div.c:402:26: note: ...this statement, but the latter is misleadingly indented as if it were guarded by the 'if'
     if (t2l < d1) t2h--; t2l -= d1;
                          ^~~
gcc -I.. -I../.. -I../modes -I../asn1 -I../evp -I../../include  -DOPENSSL_THREADS -D_REENTRANT -DDSO_DLFCN -DHAVE_DLFCN_H -Wa,--noexecstack -m64 -DL_ENDIAN -DTERMIO -O3 -Wall -DOPENSSL_IA32_SSE2 -DOPENSSL_BN_ASM_MONT -DOPENSSL_BN_ASM_MONT5 -DOPENSSL_BN_ASM_GF2m -DSHA1_ASM -DSHA256_ASM -DSHA512_ASM -DMD5_ASM -DAES_ASM -DVPAES_ASM -DBSAES_ASM -DWHIRLPOOL_ASM -DGHASH_ASM  -O3  -Wall  -c -o bn_exp.o bn_exp.c
gcc -I.. -I../.. -I../modes -I../asn1 -I../evp -I../../include  -DOPENSSL_THREADS -D_REENTRANT -DDSO_DLFCN -DHAVE_DLFCN_H -Wa,--noexecstack -m64 -DL_ENDIAN -DTERMIO -O3 -Wall -DOPENSSL_IA32_SSE2 -DOPENSSL_BN_ASM_MONT -DOPENSSL_BN_ASM_MONT5 -DOPENSSL_BN_ASM_GF2m -DSHA1_ASM -DSHA256_ASM -DSHA512_ASM -DMD5_ASM -DAES_ASM -DVPAES_ASM -DBSAES_ASM -DWHIRLPOOL_ASM -DGHASH_ASM  -O3  -Wall  -c -o bn_lib.o bn_lib.c
gcc -I.. -I../.. -I../modes -I../asn1 -I../evp -I../../include  -DOPENSSL_THREADS -D_REENTRANT -DDSO_DLFCN -DHAVE_DLFCN_H -Wa,--noexecstack -m64 -DL_ENDIAN -DTERMIO -O3 -Wall -DOPENSSL_IA32_SSE2 -DOPENSSL_BN_ASM_MONT -DOPENSSL_BN_ASM_MONT5 -DOPENSSL_BN_ASM_GF2m -DSHA1_ASM -DSHA256_ASM -DSHA512_ASM -DMD5_ASM -DAES_ASM -DVPAES_ASM -DBSAES_ASM -DWHIRLPOOL_ASM -DGHASH_ASM  -O3  -Wall  -c -o bn_ctx.o bn_ctx.c
gcc -I.. -I../.. -I../modes -I../asn1 -I../evp -I../../include  -DOPENSSL_THREADS -D_REENTRANT -DDSO_DLFCN -DHAVE_DLFCN_H -Wa,--noexecstack -m64 -DL_ENDIAN -DTERMIO -O3 -Wall -DOPENSSL_IA32_SSE2 -DOPENSSL_BN_ASM_MONT -DOPENSSL_BN_ASM_MONT5 -DOPENSSL_BN_ASM_GF2m -DSHA1_ASM -DSHA256_ASM -DSHA512_ASM -DMD5_ASM -DAES_ASM -DVPAES_ASM -DBSAES_ASM -DWHIRLPOOL_ASM -DGHASH_ASM  -O3  -Wall  -c -o bn_mul.o bn_mul.c
gcc -I.. -I../.. -I../modes -I../asn1 -I../evp -I../../include  -DOPENSSL_THREADS -D_REENTRANT -DDSO_DLFCN -DHAVE_DLFCN_H -Wa,--noexecstack -m64 -DL_ENDIAN -DTERMIO -O3 -Wall -DOPENSSL_IA32_SSE2 -DOPENSSL_BN_ASM_MONT -DOPENSSL_BN_ASM_MONT5 -DOPENSSL_BN_ASM_GF2m -DSHA1_ASM -DSHA256_ASM -DSHA512_ASM -DMD5_ASM -DAES_ASM -DVPAES_ASM -DBSAES_ASM -DWHIRLPOOL_ASM -DGHASH_ASM  -O3  -Wall  -c -o bn_mod.o bn_mod.c
gcc -I.. -I../.. -I../modes -I../asn1 -I../evp -I../../include  -DOPENSSL_THREADS -D_REENTRANT -DDSO_DLFCN -DHAVE_DLFCN_H -Wa,--noexecstack -m64 -DL_ENDIAN -DTERMIO -O3 -Wall -DOPENSSL_IA32_SSE2 -DOPENSSL_BN_ASM_MONT -DOPENSSL_BN_ASM_MONT5 -DOPENSSL_BN_ASM_GF2m -DSHA1_ASM -DSHA256_ASM -DSHA512_ASM -DMD5_ASM -DAES_ASM -DVPAES_ASM -DBSAES_ASM -DWHIRLPOOL_ASM -DGHASH_ASM  -O3  -Wall  -c -o bn_print.o bn_print.c
gcc -I.. -I../.. -I../modes -I../asn1 -I../evp -I../../include  -DOPENSSL_THREADS -D_REENTRANT -DDSO_DLFCN -DHAVE_DLFCN_H -Wa,--noexecstack -m64 -DL_ENDIAN -DTERMIO -O3 -Wall -DOPENSSL_IA32_SSE2 -DOPENSSL_BN_ASM_MONT -DOPENSSL_BN_ASM_MONT5 -DOPENSSL_BN_ASM_GF2m -DSHA1_ASM -DSHA256_ASM -DSHA512_ASM -DMD5_ASM -DAES_ASM -DVPAES_ASM -DBSAES_ASM -DWHIRLPOOL_ASM -DGHASH_ASM  -O3  -Wall  -c -o bn_rand.o bn_rand.c
gcc -I.. -I../.. -I../modes -I../asn1 -I../evp -I../../include  -DOPENSSL_THREADS -D_REENTRANT -DDSO_DLFCN -DHAVE_DLFCN_H -Wa,--noexecstack -m64 -DL_ENDIAN -DTERMIO -O3 -Wall -DOPENSSL_IA32_SSE2 -DOPENSSL_BN_ASM_MONT -DOPENSSL_BN_ASM_MONT5 -DOPENSSL_BN_ASM_GF2m -DSHA1_ASM -DSHA256_ASM -DSHA512_ASM -DMD5_ASM -DAES_ASM -DVPAES_ASM -DBSAES_ASM -DWHIRLPOOL_ASM -DGHASH_ASM  -O3  -Wall  -c -o bn_shift.o bn_shift.c
gcc -I.. -I../.. -I../modes -I../asn1 -I../evp -I../../include  -DOPENSSL_THREADS -D_REENTRANT -DDSO_DLFCN -DHAVE_DLFCN_H -Wa,--noexecstack -m64 -DL_ENDIAN -DTERMIO -O3 -Wall -DOPENSSL_IA32_SSE2 -DOPENSSL_BN_ASM_MONT -DOPENSSL_BN_ASM_MONT5 -DOPENSSL_BN_ASM_GF2m -DSHA1_ASM -DSHA256_ASM -DSHA512_ASM -DMD5_ASM -DAES_ASM -DVPAES_ASM -DBSAES_ASM -DWHIRLPOOL_ASM -DGHASH_ASM  -O3  -Wall  -c -o bn_word.o bn_word.c
gcc -I.. -I../.. -I../modes -I../asn1 -I../evp -I../../include  -DOPENSSL_THREADS -D_REENTRANT -DDSO_DLFCN -DHAVE_DLFCN_H -Wa,--noexecstack -m64 -DL_ENDIAN -DTERMIO -O3 -Wall -DOPENSSL_IA32_SSE2 -DOPENSSL_BN_ASM_MONT -DOPENSSL_BN_ASM_MONT5 -DOPENSSL_BN_ASM_GF2m -DSHA1_ASM -DSHA256_ASM -DSHA512_ASM -DMD5_ASM -DAES_ASM -DVPAES_ASM -DBSAES_ASM -DWHIRLPOOL_ASM -DGHASH_ASM  -O3  -Wall  -c -o bn_blind.o bn_blind.c
gcc -I.. -I../.. -I../modes -I../asn1 -I../evp -I../../include  -DOPENSSL_THREADS -D_REENTRANT -DDSO_DLFCN -DHAVE_DLFCN_H -Wa,--noexecstack -m64 -DL_ENDIAN -DTERMIO -O3 -Wall -DOPENSSL_IA32_SSE2 -DOPENSSL_BN_ASM_MONT -DOPENSSL_BN_ASM_MONT5 -DOPENSSL_BN_ASM_GF2m -DSHA1_ASM -DSHA256_ASM -DSHA512_ASM -DMD5_ASM -DAES_ASM -DVPAES_ASM -DBSAES_ASM -DWHIRLPOOL_ASM -DGHASH_ASM  -O3  -Wall  -c -o bn_kron.o bn_kron.c
gcc -I.. -I../.. -I../modes -I../asn1 -I../evp -I../../include  -DOPENSSL_THREADS -D_REENTRANT -DDSO_DLFCN -DHAVE_DLFCN_H -Wa,--noexecstack -m64 -DL_ENDIAN -DTERMIO -O3 -Wall -DOPENSSL_IA32_SSE2 -DOPENSSL_BN_ASM_MONT -DOPENSSL_BN_ASM_MONT5 -DOPENSSL_BN_ASM_GF2m -DSHA1_ASM -DSHA256_ASM -DSHA512_ASM -DMD5_ASM -DAES_ASM -DVPAES_ASM -DBSAES_ASM -DWHIRLPOOL_ASM -DGHASH_ASM  -O3  -Wall  -c -o bn_sqrt.o bn_sqrt.c
gcc -I.. -I../.. -I../modes -I../asn1 -I../evp -I../../include  -DOPENSSL_THREADS -D_REENTRANT -DDSO_DLFCN -DHAVE_DLFCN_H -Wa,--noexecstack -m64 -DL_ENDIAN -DTERMIO -O3 -Wall -DOPENSSL_IA32_SSE2 -DOPENSSL_BN_ASM_MONT -DOPENSSL_BN_ASM_MONT5 -DOPENSSL_BN_ASM_GF2m -DSHA1_ASM -DSHA256_ASM -DSHA512_ASM -DMD5_ASM -DAES_ASM -DVPAES_ASM -DBSAES_ASM -DWHIRLPOOL_ASM -DGHASH_ASM  -O3  -Wall  -c -o bn_gcd.o bn_gcd.c
gcc -I.. -I../.. -I../modes -I../asn1 -I../evp -I../../include  -DOPENSSL_THREADS -D_REENTRANT -DDSO_DLFCN -DHAVE_DLFCN_H -Wa,--noexecstack -m64 -DL_ENDIAN -DTERMIO -O3 -Wall -DOPENSSL_IA32_SSE2 -DOPENSSL_BN_ASM_MONT -DOPENSSL_BN_ASM_MONT5 -DOPENSSL_BN_ASM_GF2m -DSHA1_ASM -DSHA256_ASM -DSHA512_ASM -DMD5_ASM -DAES_ASM -DVPAES_ASM -DBSAES_ASM -DWHIRLPOOL_ASM -DGHASH_ASM  -O3  -Wall  -c -o bn_prime.o bn_prime.c
gcc -I.. -I../.. -I../modes -I../asn1 -I../evp -I../../include  -DOPENSSL_THREADS -D_REENTRANT -DDSO_DLFCN -DHAVE_DLFCN_H -Wa,--noexecstack -m64 -DL_ENDIAN -DTERMIO -O3 -Wall -DOPENSSL_IA32_SSE2 -DOPENSSL_BN_ASM_MONT -DOPENSSL_BN_ASM_MONT5 -DOPENSSL_BN_ASM_GF2m -DSHA1_ASM -DSHA256_ASM -DSHA512_ASM -DMD5_ASM -DAES_ASM -DVPAES_ASM -DBSAES_ASM -DWHIRLPOOL_ASM -DGHASH_ASM  -O3  -Wall  -c -o bn_err.o bn_err.c
gcc -I.. -I../.. -I../modes -I../asn1 -I../evp -I../../include  -DOPENSSL_THREADS -D_REENTRANT -DDSO_DLFCN -DHAVE_DLFCN_H -Wa,--noexecstack -m64 -DL_ENDIAN -DTERMIO -O3 -Wall -DOPENSSL_IA32_SSE2 -DOPENSSL_BN_ASM_MONT -DOPENSSL_BN_ASM_MONT5 -DOPENSSL_BN_ASM_GF2m -DSHA1_ASM -DSHA256_ASM -DSHA512_ASM -DMD5_ASM -DAES_ASM -DVPAES_ASM -DBSAES_ASM -DWHIRLPOOL_ASM -DGHASH_ASM  -O3  -Wall  -c -o bn_sqr.o bn_sqr.c
gcc -I.. -I../.. -I../modes -I../asn1 -I../evp -I../../include  -DOPENSSL_THREADS -D_REENTRANT -DDSO_DLFCN -DHAVE_DLFCN_H -Wa,--noexecstack -m64 -DL_ENDIAN -DTERMIO -O3 -Wall -DOPENSSL_IA32_SSE2 -DOPENSSL_BN_ASM_MONT -DOPENSSL_BN_ASM_MONT5 -DOPENSSL_BN_ASM_GF2m -DSHA1_ASM -DSHA256_ASM -DSHA512_ASM -DMD5_ASM -DAES_ASM -DVPAES_ASM -DBSAES_ASM -DWHIRLPOOL_ASM -DGHASH_ASM -c -o x86_64-gcc.o asm/x86_64-gcc.c
perl asm/x86_64-mont.pl elf > x86_64-mont.s
gcc -I.. -I../.. -I../modes -I../asn1 -I../evp -I../../include  -DOPENSSL_THREADS -D_REENTRANT -DDSO_DLFCN -DHAVE_DLFCN_H -Wa,--noexecstack -m64 -DL_ENDIAN -DTERMIO -O3 -Wall -DOPENSSL_IA32_SSE2 -DOPENSSL_BN_ASM_MONT -DOPENSSL_BN_ASM_MONT5 -DOPENSSL_BN_ASM_GF2m -DSHA1_ASM -DSHA256_ASM -DSHA512_ASM -DMD5_ASM -DAES_ASM -DVPAES_ASM -DBSAES_ASM -DWHIRLPOOL_ASM -DGHASH_ASM -c  -o x86_64-mont.o x86_64-mont.s
perl asm/x86_64-mont5.pl elf > x86_64-mont5.s
gcc -I.. -I../.. -I../modes -I../asn1 -I../evp -I../../include  -DOPENSSL_THREADS -D_REENTRANT -DDSO_DLFCN -DHAVE_DLFCN_H -Wa,--noexecstack -m64 -DL_ENDIAN -DTERMIO -O3 -Wall -DOPENSSL_IA32_SSE2 -DOPENSSL_BN_ASM_MONT -DOPENSSL_BN_ASM_MONT5 -DOPENSSL_BN_ASM_GF2m -DSHA1_ASM -DSHA256_ASM -DSHA512_ASM -DMD5_ASM -DAES_ASM -DVPAES_ASM -DBSAES_ASM -DWHIRLPOOL_ASM -DGHASH_ASM -c  -o x86_64-mont5.o x86_64-mont5.s
perl asm/x86_64-gf2m.pl elf > x86_64-gf2m.s
gcc -I.. -I../.. -I../modes -I../asn1 -I../evp -I../../include  -DOPENSSL_THREADS -D_REENTRANT -DDSO_DLFCN -DHAVE_DLFCN_H -Wa,--noexecstack -m64 -DL_ENDIAN -DTERMIO -O3 -Wall -DOPENSSL_IA32_SSE2 -DOPENSSL_BN_ASM_MONT -DOPENSSL_BN_ASM_MONT5 -DOPENSSL_BN_ASM_GF2m -DSHA1_ASM -DSHA256_ASM -DSHA512_ASM -DMD5_ASM -DAES_ASM -DVPAES_ASM -DBSAES_ASM -DWHIRLPOOL_ASM -DGHASH_ASM -c  -o x86_64-gf2m.o x86_64-gf2m.s
perl asm/modexp512-x86_64.pl elf > modexp512-x86_64.s
gcc -I.. -I../.. -I../modes -I../asn1 -I../evp -I../../include  -DOPENSSL_THREADS -D_REENTRANT -DDSO_DLFCN -DHAVE_DLFCN_H -Wa,--noexecstack -m64 -DL_ENDIAN -DTERMIO -O3 -Wall -DOPENSSL_IA32_SSE2 -DOPENSSL_BN_ASM_MONT -DOPENSSL_BN_ASM_MONT5 -DOPENSSL_BN_ASM_GF2m -DSHA1_ASM -DSHA256_ASM -DSHA512_ASM -DMD5_ASM -DAES_ASM -DVPAES_ASM -DBSAES_ASM -DWHIRLPOOL_ASM -DGHASH_ASM -c  -o modexp512-x86_64.o modexp512-x86_64.s
gcc -I.. -I../.. -I../modes -I../asn1 -I../evp -I../../include  -DOPENSSL_THREADS -D_REENTRANT -DDSO_DLFCN -DHAVE_DLFCN_H -Wa,--noexecstack -m64 -DL_ENDIAN -DTERMIO -O3 -Wall -DOPENSSL_IA32_SSE2 -DOPENSSL_BN_ASM_MONT -DOPENSSL_BN_ASM_MONT5 -DOPENSSL_BN_ASM_GF2m -DSHA1_ASM -DSHA256_ASM -DSHA512_ASM -DMD5_ASM -DAES_ASM -DVPAES_ASM -DBSAES_ASM -DWHIRLPOOL_ASM -DGHASH_ASM  -O3  -Wall  -c -o bn_recp.o bn_recp.c
gcc -I.. -I../.. -I../modes -I../asn1 -I../evp -I../../include  -DOPENSSL_THREADS -D_REENTRANT -DDSO_DLFCN -DHAVE_DLFCN_H -Wa,--noexecstack -m64 -DL_ENDIAN -DTERMIO -O3 -Wall -DOPENSSL_IA32_SSE2 -DOPENSSL_BN_ASM_MONT -DOPENSSL_BN_ASM_MONT5 -DOPENSSL_BN_ASM_GF2m -DSHA1_ASM -DSHA256_ASM -DSHA512_ASM -DMD5_ASM -DAES_ASM -DVPAES_ASM -DBSAES_ASM -DWHIRLPOOL_ASM -DGHASH_ASM  -O3  -Wall  -c -o bn_mont.o bn_mont.c
gcc -I.. -I../.. -I../modes -I../asn1 -I../evp -I../../include  -DOPENSSL_THREADS -D_REENTRANT -DDSO_DLFCN -DHAVE_DLFCN_H -Wa,--noexecstack -m64 -DL_ENDIAN -DTERMIO -O3 -Wall -DOPENSSL_IA32_SSE2 -DOPENSSL_BN_ASM_MONT -DOPENSSL_BN_ASM_MONT5 -DOPENSSL_BN_ASM_GF2m -DSHA1_ASM -DSHA256_ASM -DSHA512_ASM -DMD5_ASM -DAES_ASM -DVPAES_ASM -DBSAES_ASM -DWHIRLPOOL_ASM -DGHASH_ASM  -O3  -Wall  -c -o bn_mpi.o bn_mpi.c
gcc -I.. -I../.. -I../modes -I../asn1 -I../evp -I../../include  -DOPENSSL_THREADS -D_REENTRANT -DDSO_DLFCN -DHAVE_DLFCN_H -Wa,--noexecstack -m64 -DL_ENDIAN -DTERMIO -O3 -Wall -DOPENSSL_IA32_SSE2 -DOPENSSL_BN_ASM_MONT -DOPENSSL_BN_ASM_MONT5 -DOPENSSL_BN_ASM_GF2m -DSHA1_ASM -DSHA256_ASM -DSHA512_ASM -DMD5_ASM -DAES_ASM -DVPAES_ASM -DBSAES_ASM -DWHIRLPOOL_ASM -DGHASH_ASM  -O3  -Wall  -c -o bn_exp2.o bn_exp2.c
gcc -I.. -I../.. -I../modes -I../asn1 -I../evp -I../../include  -DOPENSSL_THREADS -D_REENTRANT -DDSO_DLFCN -DHAVE_DLFCN_H -Wa,--noexecstack -m64 -DL_ENDIAN -DTERMIO -O3 -Wall -DOPENSSL_IA32_SSE2 -DOPENSSL_BN_ASM_MONT -DOPENSSL_BN_ASM_MONT5 -DOPENSSL_BN_ASM_GF2m -DSHA1_ASM -DSHA256_ASM -DSHA512_ASM -DMD5_ASM -DAES_ASM -DVPAES_ASM -DBSAES_ASM -DWHIRLPOOL_ASM -DGHASH_ASM  -O3  -Wall  -c -o bn_gf2m.o bn_gf2m.c
gcc -I.. -I../.. -I../modes -I../asn1 -I../evp -I../../include  -DOPENSSL_THREADS -D_REENTRANT -DDSO_DLFCN -DHAVE_DLFCN_H -Wa,--noexecstack -m64 -DL_ENDIAN -DTERMIO -O3 -Wall -DOPENSSL_IA32_SSE2 -DOPENSSL_BN_ASM_MONT -DOPENSSL_BN_ASM_MONT5 -DOPENSSL_BN_ASM_GF2m -DSHA1_ASM -DSHA256_ASM -DSHA512_ASM -DMD5_ASM -DAES_ASM -DVPAES_ASM -DBSAES_ASM -DWHIRLPOOL_ASM -DGHASH_ASM  -O3  -Wall  -c -o bn_nist.o bn_nist.c
gcc -I.. -I../.. -I../modes -I../asn1 -I../evp -I../../include  -DOPENSSL_THREADS -D_REENTRANT -DDSO_DLFCN -DHAVE_DLFCN_H -Wa,--noexecstack -m64 -DL_ENDIAN -DTERMIO -O3 -Wall -DOPENSSL_IA32_SSE2 -DOPENSSL_BN_ASM_MONT -DOPENSSL_BN_ASM_MONT5 -DOPENSSL_BN_ASM_GF2m -DSHA1_ASM -DSHA256_ASM -DSHA512_ASM -DMD5_ASM -DAES_ASM -DVPAES_ASM -DBSAES_ASM -DWHIRLPOOL_ASM -DGHASH_ASM  -O3  -Wall  -c -o bn_depr.o bn_depr.c
gcc -I.. -I../.. -I../modes -I../asn1 -I../evp -I../../include  -DOPENSSL_THREADS -D_REENTRANT -DDSO_DLFCN -DHAVE_DLFCN_H -Wa,--noexecstack -m64 -DL_ENDIAN -DTERMIO -O3 -Wall -DOPENSSL_IA32_SSE2 -DOPENSSL_BN_ASM_MONT -DOPENSSL_BN_ASM_MONT5 -DOPENSSL_BN_ASM_GF2m -DSHA1_ASM -DSHA256_ASM -DSHA512_ASM -DMD5_ASM -DAES_ASM -DVPAES_ASM -DBSAES_ASM -DWHIRLPOOL_ASM -DGHASH_ASM  -O3  -Wall  -c -o bn_const.o bn_const.c
gcc -I.. -I../.. -I../modes -I../asn1 -I../evp -I../../include  -DOPENSSL_THREADS -D_REENTRANT -DDSO_DLFCN -DHAVE_DLFCN_H -Wa,--noexecstack -m64 -DL_ENDIAN -DTERMIO -O3 -Wall -DOPENSSL_IA32_SSE2 -DOPENSSL_BN_ASM_MONT -DOPENSSL_BN_ASM_MONT5 -DOPENSSL_BN_ASM_GF2m -DSHA1_ASM -DSHA256_ASM -DSHA512_ASM -DMD5_ASM -DAES_ASM -DVPAES_ASM -DBSAES_ASM -DWHIRLPOOL_ASM -DGHASH_ASM  -O3  -Wall  -c -o bn_x931p.o bn_x931p.c
ar  r ../../libcrypto.a bn_add.o bn_div.o bn_exp.o bn_lib.o bn_ctx.o bn_mul.o bn_mod.o bn_print.o bn_rand.o bn_shift.o bn_word.o bn_blind.o bn_kron.o bn_sqrt.o bn_gcd.o bn_prime.o bn_err.o bn_sqr.o x86_64-gcc.o x86_64-mont.o x86_64-mont5.o x86_64-gf2m.o modexp512-x86_64.o bn_recp.o bn_mont.o bn_mpi.o bn_exp2.o bn_gf2m.o bn_nist.o bn_depr.o bn_const.o bn_x931p.o
ranlib ../../libcrypto.a || echo Never mind.
make[4]: Leaving directory `/home/lucas.t/Cactus_tmp/configs/sim/scratch/build/OpenSSL/openssl-1.0.1k/crypto/bn'
making all in crypto/ec...
make[4]: Entering directory `/home/lucas.t/Cactus_tmp/configs/sim/scratch/build/OpenSSL/openssl-1.0.1k/crypto/ec'
gcc -I.. -I../.. -I../modes -I../asn1 -I../evp -I../../include  -DOPENSSL_THREADS -D_REENTRANT -DDSO_DLFCN -DHAVE_DLFCN_H -Wa,--noexecstack -m64 -DL_ENDIAN -DTERMIO -O3 -Wall -DOPENSSL_IA32_SSE2 -DOPENSSL_BN_ASM_MONT -DOPENSSL_BN_ASM_MONT5 -DOPENSSL_BN_ASM_GF2m -DSHA1_ASM -DSHA256_ASM -DSHA512_ASM -DMD5_ASM -DAES_ASM -DVPAES_ASM -DBSAES_ASM -DWHIRLPOOL_ASM -DGHASH_ASM  -O3  -Wall  -c -o ec_lib.o ec_lib.c
gcc -I.. -I../.. -I../modes -I../asn1 -I../evp -I../../include  -DOPENSSL_THREADS -D_REENTRANT -DDSO_DLFCN -DHAVE_DLFCN_H -Wa,--noexecstack -m64 -DL_ENDIAN -DTERMIO -O3 -Wall -DOPENSSL_IA32_SSE2 -DOPENSSL_BN_ASM_MONT -DOPENSSL_BN_ASM_MONT5 -DOPENSSL_BN_ASM_GF2m -DSHA1_ASM -DSHA256_ASM -DSHA512_ASM -DMD5_ASM -DAES_ASM -DVPAES_ASM -DBSAES_ASM -DWHIRLPOOL_ASM -DGHASH_ASM  -O3  -Wall  -c -o ecp_smpl.o ecp_smpl.c
gcc -I.. -I../.. -I../modes -I../asn1 -I../evp -I../../include  -DOPENSSL_THREADS -D_REENTRANT -DDSO_DLFCN -DHAVE_DLFCN_H -Wa,--noexecstack -m64 -DL_ENDIAN -DTERMIO -O3 -Wall -DOPENSSL_IA32_SSE2 -DOPENSSL_BN_ASM_MONT -DOPENSSL_BN_ASM_MONT5 -DOPENSSL_BN_ASM_GF2m -DSHA1_ASM -DSHA256_ASM -DSHA512_ASM -DMD5_ASM -DAES_ASM -DVPAES_ASM -DBSAES_ASM -DWHIRLPOOL_ASM -DGHASH_ASM  -O3  -Wall  -c -o ecp_mont.o ecp_mont.c
gcc -I.. -I../.. -I../modes -I../asn1 -I../evp -I../../include  -DOPENSSL_THREADS -D_REENTRANT -DDSO_DLFCN -DHAVE_DLFCN_H -Wa,--noexecstack -m64 -DL_ENDIAN -DTERMIO -O3 -Wall -DOPENSSL_IA32_SSE2 -DOPENSSL_BN_ASM_MONT -DOPENSSL_BN_ASM_MONT5 -DOPENSSL_BN_ASM_GF2m -DSHA1_ASM -DSHA256_ASM -DSHA512_ASM -DMD5_ASM -DAES_ASM -DVPAES_ASM -DBSAES_ASM -DWHIRLPOOL_ASM -DGHASH_ASM  -O3  -Wall  -c -o ecp_nist.o ecp_nist.c
gcc -I.. -I../.. -I../modes -I../asn1 -I../evp -I../../include  -DOPENSSL_THREADS -D_REENTRANT -DDSO_DLFCN -DHAVE_DLFCN_H -Wa,--noexecstack -m64 -DL_ENDIAN -DTERMIO -O3 -Wall -DOPENSSL_IA32_SSE2 -DOPENSSL_BN_ASM_MONT -DOPENSSL_BN_ASM_MONT5 -DOPENSSL_BN_ASM_GF2m -DSHA1_ASM -DSHA256_ASM -DSHA512_ASM -DMD5_ASM -DAES_ASM -DVPAES_ASM -DBSAES_ASM -DWHIRLPOOL_ASM -DGHASH_ASM  -O3  -Wall  -c -o ec_cvt.o ec_cvt.c
gcc -I.. -I../.. -I../modes -I../asn1 -I../evp -I../../include  -DOPENSSL_THREADS -D_REENTRANT -DDSO_DLFCN -DHAVE_DLFCN_H -Wa,--noexecstack -m64 -DL_ENDIAN -DTERMIO -O3 -Wall -DOPENSSL_IA32_SSE2 -DOPENSSL_BN_ASM_MONT -DOPENSSL_BN_ASM_MONT5 -DOPENSSL_BN_ASM_GF2m -DSHA1_ASM -DSHA256_ASM -DSHA512_ASM -DMD5_ASM -DAES_ASM -DVPAES_ASM -DBSAES_ASM -DWHIRLPOOL_ASM -DGHASH_ASM  -O3  -Wall  -c -o ec_mult.o ec_mult.c
gcc -I.. -I../.. -I../modes -I../asn1 -I../evp -I../../include  -DOPENSSL_THREADS -D_REENTRANT -DDSO_DLFCN -DHAVE_DLFCN_H -Wa,--noexecstack -m64 -DL_ENDIAN -DTERMIO -O3 -Wall -DOPENSSL_IA32_SSE2 -DOPENSSL_BN_ASM_MONT -DOPENSSL_BN_ASM_MONT5 -DOPENSSL_BN_ASM_GF2m -DSHA1_ASM -DSHA256_ASM -DSHA512_ASM -DMD5_ASM -DAES_ASM -DVPAES_ASM -DBSAES_ASM -DWHIRLPOOL_ASM -DGHASH_ASM  -O3  -Wall  -c -o ec_err.o ec_err.c
gcc -I.. -I../.. -I../modes -I../asn1 -I../evp -I../../include  -DOPENSSL_THREADS -D_REENTRANT -DDSO_DLFCN -DHAVE_DLFCN_H -Wa,--noexecstack -m64 -DL_ENDIAN -DTERMIO -O3 -Wall -DOPENSSL_IA32_SSE2 -DOPENSSL_BN_ASM_MONT -DOPENSSL_BN_ASM_MONT5 -DOPENSSL_BN_ASM_GF2m -DSHA1_ASM -DSHA256_ASM -DSHA512_ASM -DMD5_ASM -DAES_ASM -DVPAES_ASM -DBSAES_ASM -DWHIRLPOOL_ASM -DGHASH_ASM  -O3  -Wall  -c -o ec_curve.o ec_curve.c
gcc -I.. -I../.. -I../modes -I../asn1 -I../evp -I../../include  -DOPENSSL_THREADS -D_REENTRANT -DDSO_DLFCN -DHAVE_DLFCN_H -Wa,--noexecstack -m64 -DL_ENDIAN -DTERMIO -O3 -Wall -DOPENSSL_IA32_SSE2 -DOPENSSL_BN_ASM_MONT -DOPENSSL_BN_ASM_MONT5 -DOPENSSL_BN_ASM_GF2m -DSHA1_ASM -DSHA256_ASM -DSHA512_ASM -DMD5_ASM -DAES_ASM -DVPAES_ASM -DBSAES_ASM -DWHIRLPOOL_ASM -DGHASH_ASM  -O3  -Wall  -c -o ec_check.o ec_check.c
gcc -I.. -I../.. -I../modes -I../asn1 -I../evp -I../../include  -DOPENSSL_THREADS -D_REENTRANT -DDSO_DLFCN -DHAVE_DLFCN_H -Wa,--noexecstack -m64 -DL_ENDIAN -DTERMIO -O3 -Wall -DOPENSSL_IA32_SSE2 -DOPENSSL_BN_ASM_MONT -DOPENSSL_BN_ASM_MONT5 -DOPENSSL_BN_ASM_GF2m -DSHA1_ASM -DSHA256_ASM -DSHA512_ASM -DMD5_ASM -DAES_ASM -DVPAES_ASM -DBSAES_ASM -DWHIRLPOOL_ASM -DGHASH_ASM  -O3  -Wall  -c -o ec_print.o ec_print.c
gcc -I.. -I../.. -I../modes -I../asn1 -I../evp -I../../include  -DOPENSSL_THREADS -D_REENTRANT -DDSO_DLFCN -DHAVE_DLFCN_H -Wa,--noexecstack -m64 -DL_ENDIAN -DTERMIO -O3 -Wall -DOPENSSL_IA32_SSE2 -DOPENSSL_BN_ASM_MONT -DOPENSSL_BN_ASM_MONT5 -DOPENSSL_BN_ASM_GF2m -DSHA1_ASM -DSHA256_ASM -DSHA512_ASM -DMD5_ASM -DAES_ASM -DVPAES_ASM -DBSAES_ASM -DWHIRLPOOL_ASM -DGHASH_ASM  -O3  -Wall  -c -o ec_asn1.o ec_asn1.c
gcc -I.. -I../.. -I../modes -I../asn1 -I../evp -I../../include  -DOPENSSL_THREADS -D_REENTRANT -DDSO_DLFCN -DHAVE_DLFCN_H -Wa,--noexecstack -m64 -DL_ENDIAN -DTERMIO -O3 -Wall -DOPENSSL_IA32_SSE2 -DOPENSSL_BN_ASM_MONT -DOPENSSL_BN_ASM_MONT5 -DOPENSSL_BN_ASM_GF2m -DSHA1_ASM -DSHA256_ASM -DSHA512_ASM -DMD5_ASM -DAES_ASM -DVPAES_ASM -DBSAES_ASM -DWHIRLPOOL_ASM -DGHASH_ASM  -O3  -Wall  -c -o ec_key.o ec_key.c
gcc -I.. -I../.. -I../modes -I../asn1 -I../evp -I../../include  -DOPENSSL_THREADS -D_REENTRANT -DDSO_DLFCN -DHAVE_DLFCN_H -Wa,--noexecstack -m64 -DL_ENDIAN -DTERMIO -O3 -Wall -DOPENSSL_IA32_SSE2 -DOPENSSL_BN_ASM_MONT -DOPENSSL_BN_ASM_MONT5 -DOPENSSL_BN_ASM_GF2m -DSHA1_ASM -DSHA256_ASM -DSHA512_ASM -DMD5_ASM -DAES_ASM -DVPAES_ASM -DBSAES_ASM -DWHIRLPOOL_ASM -DGHASH_ASM  -O3  -Wall  -c -o ec2_smpl.o ec2_smpl.c
gcc -I.. -I../.. -I../modes -I../asn1 -I../evp -I../../include  -DOPENSSL_THREADS -D_REENTRANT -DDSO_DLFCN -DHAVE_DLFCN_H -Wa,--noexecstack -m64 -DL_ENDIAN -DTERMIO -O3 -Wall -DOPENSSL_IA32_SSE2 -DOPENSSL_BN_ASM_MONT -DOPENSSL_BN_ASM_MONT5 -DOPENSSL_BN_ASM_GF2m -DSHA1_ASM -DSHA256_ASM -DSHA512_ASM -DMD5_ASM -DAES_ASM -DVPAES_ASM -DBSAES_ASM -DWHIRLPOOL_ASM -DGHASH_ASM  -O3  -Wall  -c -o ec2_mult.o ec2_mult.c
gcc -I.. -I../.. -I../modes -I../asn1 -I../evp -I../../include  -DOPENSSL_THREADS -D_REENTRANT -DDSO_DLFCN -DHAVE_DLFCN_H -Wa,--noexecstack -m64 -DL_ENDIAN -DTERMIO -O3 -Wall -DOPENSSL_IA32_SSE2 -DOPENSSL_BN_ASM_MONT -DOPENSSL_BN_ASM_MONT5 -DOPENSSL_BN_ASM_GF2m -DSHA1_ASM -DSHA256_ASM -DSHA512_ASM -DMD5_ASM -DAES_ASM -DVPAES_ASM -DBSAES_ASM -DWHIRLPOOL_ASM -DGHASH_ASM  -O3  -Wall  -c -o ec_ameth.o ec_ameth.c
gcc -I.. -I../.. -I../modes -I../asn1 -I../evp -I../../include  -DOPENSSL_THREADS -D_REENTRANT -DDSO_DLFCN -DHAVE_DLFCN_H -Wa,--noexecstack -m64 -DL_ENDIAN -DTERMIO -O3 -Wall -DOPENSSL_IA32_SSE2 -DOPENSSL_BN_ASM_MONT -DOPENSSL_BN_ASM_MONT5 -DOPENSSL_BN_ASM_GF2m -DSHA1_ASM -DSHA256_ASM -DSHA512_ASM -DMD5_ASM -DAES_ASM -DVPAES_ASM -DBSAES_ASM -DWHIRLPOOL_ASM -DGHASH_ASM  -O3  -Wall  -c -o ec_pmeth.o ec_pmeth.c
gcc -I.. -I../.. -I../modes -I../asn1 -I../evp -I../../include  -DOPENSSL_THREADS -D_REENTRANT -DDSO_DLFCN -DHAVE_DLFCN_H -Wa,--noexecstack -m64 -DL_ENDIAN -DTERMIO -O3 -Wall -DOPENSSL_IA32_SSE2 -DOPENSSL_BN_ASM_MONT -DOPENSSL_BN_ASM_MONT5 -DOPENSSL_BN_ASM_GF2m -DSHA1_ASM -DSHA256_ASM -DSHA512_ASM -DMD5_ASM -DAES_ASM -DVPAES_ASM -DBSAES_ASM -DWHIRLPOOL_ASM -DGHASH_ASM  -O3  -Wall  -c -o eck_prn.o eck_prn.c
gcc -I.. -I../.. -I../modes -I../asn1 -I../evp -I../../include  -DOPENSSL_THREADS -D_REENTRANT -DDSO_DLFCN -DHAVE_DLFCN_H -Wa,--noexecstack -m64 -DL_ENDIAN -DTERMIO -O3 -Wall -DOPENSSL_IA32_SSE2 -DOPENSSL_BN_ASM_MONT -DOPENSSL_BN_ASM_MONT5 -DOPENSSL_BN_ASM_GF2m -DSHA1_ASM -DSHA256_ASM -DSHA512_ASM -DMD5_ASM -DAES_ASM -DVPAES_ASM -DBSAES_ASM -DWHIRLPOOL_ASM -DGHASH_ASM  -O3  -Wall  -c -o ecp_nistp224.o ecp_nistp224.c
gcc -I.. -I../.. -I../modes -I../asn1 -I../evp -I../../include  -DOPENSSL_THREADS -D_REENTRANT -DDSO_DLFCN -DHAVE_DLFCN_H -Wa,--noexecstack -m64 -DL_ENDIAN -DTERMIO -O3 -Wall -DOPENSSL_IA32_SSE2 -DOPENSSL_BN_ASM_MONT -DOPENSSL_BN_ASM_MONT5 -DOPENSSL_BN_ASM_GF2m -DSHA1_ASM -DSHA256_ASM -DSHA512_ASM -DMD5_ASM -DAES_ASM -DVPAES_ASM -DBSAES_ASM -DWHIRLPOOL_ASM -DGHASH_ASM  -O3  -Wall  -c -o ecp_nistp256.o ecp_nistp256.c
gcc -I.. -I../.. -I../modes -I../asn1 -I../evp -I../../include  -DOPENSSL_THREADS -D_REENTRANT -DDSO_DLFCN -DHAVE_DLFCN_H -Wa,--noexecstack -m64 -DL_ENDIAN -DTERMIO -O3 -Wall -DOPENSSL_IA32_SSE2 -DOPENSSL_BN_ASM_MONT -DOPENSSL_BN_ASM_MONT5 -DOPENSSL_BN_ASM_GF2m -DSHA1_ASM -DSHA256_ASM -DSHA512_ASM -DMD5_ASM -DAES_ASM -DVPAES_ASM -DBSAES_ASM -DWHIRLPOOL_ASM -DGHASH_ASM  -O3  -Wall  -c -o ecp_nistp521.o ecp_nistp521.c
gcc -I.. -I../.. -I../modes -I../asn1 -I../evp -I../../include  -DOPENSSL_THREADS -D_REENTRANT -DDSO_DLFCN -DHAVE_DLFCN_H -Wa,--noexecstack -m64 -DL_ENDIAN -DTERMIO -O3 -Wall -DOPENSSL_IA32_SSE2 -DOPENSSL_BN_ASM_MONT -DOPENSSL_BN_ASM_MONT5 -DOPENSSL_BN_ASM_GF2m -DSHA1_ASM -DSHA256_ASM -DSHA512_ASM -DMD5_ASM -DAES_ASM -DVPAES_ASM -DBSAES_ASM -DWHIRLPOOL_ASM -DGHASH_ASM  -O3  -Wall  -c -o ecp_nistputil.o ecp_nistputil.c
gcc -I.. -I../.. -I../modes -I../asn1 -I../evp -I../../include  -DOPENSSL_THREADS -D_REENTRANT -DDSO_DLFCN -DHAVE_DLFCN_H -Wa,--noexecstack -m64 -DL_ENDIAN -DTERMIO -O3 -Wall -DOPENSSL_IA32_SSE2 -DOPENSSL_BN_ASM_MONT -DOPENSSL_BN_ASM_MONT5 -DOPENSSL_BN_ASM_GF2m -DSHA1_ASM -DSHA256_ASM -DSHA512_ASM -DMD5_ASM -DAES_ASM -DVPAES_ASM -DBSAES_ASM -DWHIRLPOOL_ASM -DGHASH_ASM  -O3  -Wall  -c -o ecp_oct.o ecp_oct.c
gcc -I.. -I../.. -I../modes -I../asn1 -I../evp -I../../include  -DOPENSSL_THREADS -D_REENTRANT -DDSO_DLFCN -DHAVE_DLFCN_H -Wa,--noexecstack -m64 -DL_ENDIAN -DTERMIO -O3 -Wall -DOPENSSL_IA32_SSE2 -DOPENSSL_BN_ASM_MONT -DOPENSSL_BN_ASM_MONT5 -DOPENSSL_BN_ASM_GF2m -DSHA1_ASM -DSHA256_ASM -DSHA512_ASM -DMD5_ASM -DAES_ASM -DVPAES_ASM -DBSAES_ASM -DWHIRLPOOL_ASM -DGHASH_ASM  -O3  -Wall  -c -o ec2_oct.o ec2_oct.c
gcc -I.. -I../.. -I../modes -I../asn1 -I../evp -I../../include  -DOPENSSL_THREADS -D_REENTRANT -DDSO_DLFCN -DHAVE_DLFCN_H -Wa,--noexecstack -m64 -DL_ENDIAN -DTERMIO -O3 -Wall -DOPENSSL_IA32_SSE2 -DOPENSSL_BN_ASM_MONT -DOPENSSL_BN_ASM_MONT5 -DOPENSSL_BN_ASM_GF2m -DSHA1_ASM -DSHA256_ASM -DSHA512_ASM -DMD5_ASM -DAES_ASM -DVPAES_ASM -DBSAES_ASM -DWHIRLPOOL_ASM -DGHASH_ASM  -O3  -Wall  -c -o ec_oct.o ec_oct.c
ar  r ../../libcrypto.a ec_lib.o ecp_smpl.o ecp_mont.o ecp_nist.o ec_cvt.o ec_mult.o ec_err.o ec_curve.o ec_check.o ec_print.o ec_asn1.o ec_key.o ec2_smpl.o ec2_mult.o ec_ameth.o ec_pmeth.o eck_prn.o ecp_nistp224.o ecp_nistp256.o ecp_nistp521.o ecp_nistputil.o ecp_oct.o ec2_oct.o ec_oct.o
ranlib ../../libcrypto.a || echo Never mind.
make[4]: Leaving directory `/home/lucas.t/Cactus_tmp/configs/sim/scratch/build/OpenSSL/openssl-1.0.1k/crypto/ec'
making all in crypto/rsa...
make[4]: Entering directory `/home/lucas.t/Cactus_tmp/configs/sim/scratch/build/OpenSSL/openssl-1.0.1k/crypto/rsa'
gcc -I.. -I../.. -I../modes -I../asn1 -I../evp -I../../include  -DOPENSSL_THREADS -D_REENTRANT -DDSO_DLFCN -DHAVE_DLFCN_H -Wa,--noexecstack -m64 -DL_ENDIAN -DTERMIO -O3 -Wall -DOPENSSL_IA32_SSE2 -DOPENSSL_BN_ASM_MONT -DOPENSSL_BN_ASM_MONT5 -DOPENSSL_BN_ASM_GF2m -DSHA1_ASM -DSHA256_ASM -DSHA512_ASM -DMD5_ASM -DAES_ASM -DVPAES_ASM -DBSAES_ASM -DWHIRLPOOL_ASM -DGHASH_ASM  -O3  -Wall  -c -o rsa_eay.o rsa_eay.c
gcc -I.. -I../.. -I../modes -I../asn1 -I../evp -I../../include  -DOPENSSL_THREADS -D_REENTRANT -DDSO_DLFCN -DHAVE_DLFCN_H -Wa,--noexecstack -m64 -DL_ENDIAN -DTERMIO -O3 -Wall -DOPENSSL_IA32_SSE2 -DOPENSSL_BN_ASM_MONT -DOPENSSL_BN_ASM_MONT5 -DOPENSSL_BN_ASM_GF2m -DSHA1_ASM -DSHA256_ASM -DSHA512_ASM -DMD5_ASM -DAES_ASM -DVPAES_ASM -DBSAES_ASM -DWHIRLPOOL_ASM -DGHASH_ASM  -O3  -Wall  -c -o rsa_gen.o rsa_gen.c
gcc -I.. -I../.. -I../modes -I../asn1 -I../evp -I../../include  -DOPENSSL_THREADS -D_REENTRANT -DDSO_DLFCN -DHAVE_DLFCN_H -Wa,--noexecstack -m64 -DL_ENDIAN -DTERMIO -O3 -Wall -DOPENSSL_IA32_SSE2 -DOPENSSL_BN_ASM_MONT -DOPENSSL_BN_ASM_MONT5 -DOPENSSL_BN_ASM_GF2m -DSHA1_ASM -DSHA256_ASM -DSHA512_ASM -DMD5_ASM -DAES_ASM -DVPAES_ASM -DBSAES_ASM -DWHIRLPOOL_ASM -DGHASH_ASM  -O3  -Wall  -c -o rsa_lib.o rsa_lib.c
gcc -I.. -I../.. -I../modes -I../asn1 -I../evp -I../../include  -DOPENSSL_THREADS -D_REENTRANT -DDSO_DLFCN -DHAVE_DLFCN_H -Wa,--noexecstack -m64 -DL_ENDIAN -DTERMIO -O3 -Wall -DOPENSSL_IA32_SSE2 -DOPENSSL_BN_ASM_MONT -DOPENSSL_BN_ASM_MONT5 -DOPENSSL_BN_ASM_GF2m -DSHA1_ASM -DSHA256_ASM -DSHA512_ASM -DMD5_ASM -DAES_ASM -DVPAES_ASM -DBSAES_ASM -DWHIRLPOOL_ASM -DGHASH_ASM  -O3  -Wall  -c -o rsa_sign.o rsa_sign.c
gcc -I.. -I../.. -I../modes -I../asn1 -I../evp -I../../include  -DOPENSSL_THREADS -D_REENTRANT -DDSO_DLFCN -DHAVE_DLFCN_H -Wa,--noexecstack -m64 -DL_ENDIAN -DTERMIO -O3 -Wall -DOPENSSL_IA32_SSE2 -DOPENSSL_BN_ASM_MONT -DOPENSSL_BN_ASM_MONT5 -DOPENSSL_BN_ASM_GF2m -DSHA1_ASM -DSHA256_ASM -DSHA512_ASM -DMD5_ASM -DAES_ASM -DVPAES_ASM -DBSAES_ASM -DWHIRLPOOL_ASM -DGHASH_ASM  -O3  -Wall  -c -o rsa_saos.o rsa_saos.c
gcc -I.. -I../.. -I../modes -I../asn1 -I../evp -I../../include  -DOPENSSL_THREADS -D_REENTRANT -DDSO_DLFCN -DHAVE_DLFCN_H -Wa,--noexecstack -m64 -DL_ENDIAN -DTERMIO -O3 -Wall -DOPENSSL_IA32_SSE2 -DOPENSSL_BN_ASM_MONT -DOPENSSL_BN_ASM_MONT5 -DOPENSSL_BN_ASM_GF2m -DSHA1_ASM -DSHA256_ASM -DSHA512_ASM -DMD5_ASM -DAES_ASM -DVPAES_ASM -DBSAES_ASM -DWHIRLPOOL_ASM -DGHASH_ASM  -O3  -Wall  -c -o rsa_err.o rsa_err.c
gcc -I.. -I../.. -I../modes -I../asn1 -I../evp -I../../include  -DOPENSSL_THREADS -D_REENTRANT -DDSO_DLFCN -DHAVE_DLFCN_H -Wa,--noexecstack -m64 -DL_ENDIAN -DTERMIO -O3 -Wall -DOPENSSL_IA32_SSE2 -DOPENSSL_BN_ASM_MONT -DOPENSSL_BN_ASM_MONT5 -DOPENSSL_BN_ASM_GF2m -DSHA1_ASM -DSHA256_ASM -DSHA512_ASM -DMD5_ASM -DAES_ASM -DVPAES_ASM -DBSAES_ASM -DWHIRLPOOL_ASM -DGHASH_ASM  -O3  -Wall  -c -o rsa_pk1.o rsa_pk1.c
gcc -I.. -I../.. -I../modes -I../asn1 -I../evp -I../../include  -DOPENSSL_THREADS -D_REENTRANT -DDSO_DLFCN -DHAVE_DLFCN_H -Wa,--noexecstack -m64 -DL_ENDIAN -DTERMIO -O3 -Wall -DOPENSSL_IA32_SSE2 -DOPENSSL_BN_ASM_MONT -DOPENSSL_BN_ASM_MONT5 -DOPENSSL_BN_ASM_GF2m -DSHA1_ASM -DSHA256_ASM -DSHA512_ASM -DMD5_ASM -DAES_ASM -DVPAES_ASM -DBSAES_ASM -DWHIRLPOOL_ASM -DGHASH_ASM  -O3  -Wall  -c -o rsa_ssl.o rsa_ssl.c
gcc -I.. -I../.. -I../modes -I../asn1 -I../evp -I../../include  -DOPENSSL_THREADS -D_REENTRANT -DDSO_DLFCN -DHAVE_DLFCN_H -Wa,--noexecstack -m64 -DL_ENDIAN -DTERMIO -O3 -Wall -DOPENSSL_IA32_SSE2 -DOPENSSL_BN_ASM_MONT -DOPENSSL_BN_ASM_MONT5 -DOPENSSL_BN_ASM_GF2m -DSHA1_ASM -DSHA256_ASM -DSHA512_ASM -DMD5_ASM -DAES_ASM -DVPAES_ASM -DBSAES_ASM -DWHIRLPOOL_ASM -DGHASH_ASM  -O3  -Wall  -c -o rsa_none.o rsa_none.c
gcc -I.. -I../.. -I../modes -I../asn1 -I../evp -I../../include  -DOPENSSL_THREADS -D_REENTRANT -DDSO_DLFCN -DHAVE_DLFCN_H -Wa,--noexecstack -m64 -DL_ENDIAN -DTERMIO -O3 -Wall -DOPENSSL_IA32_SSE2 -DOPENSSL_BN_ASM_MONT -DOPENSSL_BN_ASM_MONT5 -DOPENSSL_BN_ASM_GF2m -DSHA1_ASM -DSHA256_ASM -DSHA512_ASM -DMD5_ASM -DAES_ASM -DVPAES_ASM -DBSAES_ASM -DWHIRLPOOL_ASM -DGHASH_ASM  -O3  -Wall  -c -o rsa_oaep.o rsa_oaep.c
gcc -I.. -I../.. -I../modes -I../asn1 -I../evp -I../../include  -DOPENSSL_THREADS -D_REENTRANT -DDSO_DLFCN -DHAVE_DLFCN_H -Wa,--noexecstack -m64 -DL_ENDIAN -DTERMIO -O3 -Wall -DOPENSSL_IA32_SSE2 -DOPENSSL_BN_ASM_MONT -DOPENSSL_BN_ASM_MONT5 -DOPENSSL_BN_ASM_GF2m -DSHA1_ASM -DSHA256_ASM -DSHA512_ASM -DMD5_ASM -DAES_ASM -DVPAES_ASM -DBSAES_ASM -DWHIRLPOOL_ASM -DGHASH_ASM  -O3  -Wall  -c -o rsa_chk.o rsa_chk.c
gcc -I.. -I../.. -I../modes -I../asn1 -I../evp -I../../include  -DOPENSSL_THREADS -D_REENTRANT -DDSO_DLFCN -DHAVE_DLFCN_H -Wa,--noexecstack -m64 -DL_ENDIAN -DTERMIO -O3 -Wall -DOPENSSL_IA32_SSE2 -DOPENSSL_BN_ASM_MONT -DOPENSSL_BN_ASM_MONT5 -DOPENSSL_BN_ASM_GF2m -DSHA1_ASM -DSHA256_ASM -DSHA512_ASM -DMD5_ASM -DAES_ASM -DVPAES_ASM -DBSAES_ASM -DWHIRLPOOL_ASM -DGHASH_ASM  -O3  -Wall  -c -o rsa_null.o rsa_null.c
gcc -I.. -I../.. -I../modes -I../asn1 -I../evp -I../../include  -DOPENSSL_THREADS -D_REENTRANT -DDSO_DLFCN -DHAVE_DLFCN_H -Wa,--noexecstack -m64 -DL_ENDIAN -DTERMIO -O3 -Wall -DOPENSSL_IA32_SSE2 -DOPENSSL_BN_ASM_MONT -DOPENSSL_BN_ASM_MONT5 -DOPENSSL_BN_ASM_GF2m -DSHA1_ASM -DSHA256_ASM -DSHA512_ASM -DMD5_ASM -DAES_ASM -DVPAES_ASM -DBSAES_ASM -DWHIRLPOOL_ASM -DGHASH_ASM  -O3  -Wall  -c -o rsa_pss.o rsa_pss.c
gcc -I.. -I../.. -I../modes -I../asn1 -I../evp -I../../include  -DOPENSSL_THREADS -D_REENTRANT -DDSO_DLFCN -DHAVE_DLFCN_H -Wa,--noexecstack -m64 -DL_ENDIAN -DTERMIO -O3 -Wall -DOPENSSL_IA32_SSE2 -DOPENSSL_BN_ASM_MONT -DOPENSSL_BN_ASM_MONT5 -DOPENSSL_BN_ASM_GF2m -DSHA1_ASM -DSHA256_ASM -DSHA512_ASM -DMD5_ASM -DAES_ASM -DVPAES_ASM -DBSAES_ASM -DWHIRLPOOL_ASM -DGHASH_ASM  -O3  -Wall  -c -o rsa_x931.o rsa_x931.c
gcc -I.. -I../.. -I../modes -I../asn1 -I../evp -I../../include  -DOPENSSL_THREADS -D_REENTRANT -DDSO_DLFCN -DHAVE_DLFCN_H -Wa,--noexecstack -m64 -DL_ENDIAN -DTERMIO -O3 -Wall -DOPENSSL_IA32_SSE2 -DOPENSSL_BN_ASM_MONT -DOPENSSL_BN_ASM_MONT5 -DOPENSSL_BN_ASM_GF2m -DSHA1_ASM -DSHA256_ASM -DSHA512_ASM -DMD5_ASM -DAES_ASM -DVPAES_ASM -DBSAES_ASM -DWHIRLPOOL_ASM -DGHASH_ASM  -O3  -Wall  -c -o rsa_asn1.o rsa_asn1.c
gcc -I.. -I../.. -I../modes -I../asn1 -I../evp -I../../include  -DOPENSSL_THREADS -D_REENTRANT -DDSO_DLFCN -DHAVE_DLFCN_H -Wa,--noexecstack -m64 -DL_ENDIAN -DTERMIO -O3 -Wall -DOPENSSL_IA32_SSE2 -DOPENSSL_BN_ASM_MONT -DOPENSSL_BN_ASM_MONT5 -DOPENSSL_BN_ASM_GF2m -DSHA1_ASM -DSHA256_ASM -DSHA512_ASM -DMD5_ASM -DAES_ASM -DVPAES_ASM -DBSAES_ASM -DWHIRLPOOL_ASM -DGHASH_ASM  -O3  -Wall  -c -o rsa_depr.o rsa_depr.c
gcc -I.. -I../.. -I../modes -I../asn1 -I../evp -I../../include  -DOPENSSL_THREADS -D_REENTRANT -DDSO_DLFCN -DHAVE_DLFCN_H -Wa,--noexecstack -m64 -DL_ENDIAN -DTERMIO -O3 -Wall -DOPENSSL_IA32_SSE2 -DOPENSSL_BN_ASM_MONT -DOPENSSL_BN_ASM_MONT5 -DOPENSSL_BN_ASM_GF2m -DSHA1_ASM -DSHA256_ASM -DSHA512_ASM -DMD5_ASM -DAES_ASM -DVPAES_ASM -DBSAES_ASM -DWHIRLPOOL_ASM -DGHASH_ASM  -O3  -Wall  -c -o rsa_ameth.o rsa_ameth.c
gcc -I.. -I../.. -I../modes -I../asn1 -I../evp -I../../include  -DOPENSSL_THREADS -D_REENTRANT -DDSO_DLFCN -DHAVE_DLFCN_H -Wa,--noexecstack -m64 -DL_ENDIAN -DTERMIO -O3 -Wall -DOPENSSL_IA32_SSE2 -DOPENSSL_BN_ASM_MONT -DOPENSSL_BN_ASM_MONT5 -DOPENSSL_BN_ASM_GF2m -DSHA1_ASM -DSHA256_ASM -DSHA512_ASM -DMD5_ASM -DAES_ASM -DVPAES_ASM -DBSAES_ASM -DWHIRLPOOL_ASM -DGHASH_ASM  -O3  -Wall  -c -o rsa_prn.o rsa_prn.c
gcc -I.. -I../.. -I../modes -I../asn1 -I../evp -I../../include  -DOPENSSL_THREADS -D_REENTRANT -DDSO_DLFCN -DHAVE_DLFCN_H -Wa,--noexecstack -m64 -DL_ENDIAN -DTERMIO -O3 -Wall -DOPENSSL_IA32_SSE2 -DOPENSSL_BN_ASM_MONT -DOPENSSL_BN_ASM_MONT5 -DOPENSSL_BN_ASM_GF2m -DSHA1_ASM -DSHA256_ASM -DSHA512_ASM -DMD5_ASM -DAES_ASM -DVPAES_ASM -DBSAES_ASM -DWHIRLPOOL_ASM -DGHASH_ASM  -O3  -Wall  -c -o rsa_pmeth.o rsa_pmeth.c
gcc -I.. -I../.. -I../modes -I../asn1 -I../evp -I../../include  -DOPENSSL_THREADS -D_REENTRANT -DDSO_DLFCN -DHAVE_DLFCN_H -Wa,--noexecstack -m64 -DL_ENDIAN -DTERMIO -O3 -Wall -DOPENSSL_IA32_SSE2 -DOPENSSL_BN_ASM_MONT -DOPENSSL_BN_ASM_MONT5 -DOPENSSL_BN_ASM_GF2m -DSHA1_ASM -DSHA256_ASM -DSHA512_ASM -DMD5_ASM -DAES_ASM -DVPAES_ASM -DBSAES_ASM -DWHIRLPOOL_ASM -DGHASH_ASM  -O3  -Wall  -c -o rsa_crpt.o rsa_crpt.c
ar  r ../../libcrypto.a rsa_eay.o rsa_gen.o rsa_lib.o rsa_sign.o rsa_saos.o rsa_err.o rsa_pk1.o rsa_ssl.o rsa_none.o rsa_oaep.o rsa_chk.o rsa_null.o rsa_pss.o rsa_x931.o rsa_asn1.o rsa_depr.o rsa_ameth.o rsa_prn.o rsa_pmeth.o rsa_crpt.o
ranlib ../../libcrypto.a || echo Never mind.
make[4]: Leaving directory `/home/lucas.t/Cactus_tmp/configs/sim/scratch/build/OpenSSL/openssl-1.0.1k/crypto/rsa'
making all in crypto/dsa...
make[4]: Entering directory `/home/lucas.t/Cactus_tmp/configs/sim/scratch/build/OpenSSL/openssl-1.0.1k/crypto/dsa'
gcc -I.. -I../.. -I../modes -I../asn1 -I../evp -I../../include  -DOPENSSL_THREADS -D_REENTRANT -DDSO_DLFCN -DHAVE_DLFCN_H -Wa,--noexecstack -m64 -DL_ENDIAN -DTERMIO -O3 -Wall -DOPENSSL_IA32_SSE2 -DOPENSSL_BN_ASM_MONT -DOPENSSL_BN_ASM_MONT5 -DOPENSSL_BN_ASM_GF2m -DSHA1_ASM -DSHA256_ASM -DSHA512_ASM -DMD5_ASM -DAES_ASM -DVPAES_ASM -DBSAES_ASM -DWHIRLPOOL_ASM -DGHASH_ASM  -O3  -Wall  -c -o dsa_gen.o dsa_gen.c
gcc -I.. -I../.. -I../modes -I../asn1 -I../evp -I../../include  -DOPENSSL_THREADS -D_REENTRANT -DDSO_DLFCN -DHAVE_DLFCN_H -Wa,--noexecstack -m64 -DL_ENDIAN -DTERMIO -O3 -Wall -DOPENSSL_IA32_SSE2 -DOPENSSL_BN_ASM_MONT -DOPENSSL_BN_ASM_MONT5 -DOPENSSL_BN_ASM_GF2m -DSHA1_ASM -DSHA256_ASM -DSHA512_ASM -DMD5_ASM -DAES_ASM -DVPAES_ASM -DBSAES_ASM -DWHIRLPOOL_ASM -DGHASH_ASM  -O3  -Wall  -c -o dsa_key.o dsa_key.c
gcc -I.. -I../.. -I../modes -I../asn1 -I../evp -I../../include  -DOPENSSL_THREADS -D_REENTRANT -DDSO_DLFCN -DHAVE_DLFCN_H -Wa,--noexecstack -m64 -DL_ENDIAN -DTERMIO -O3 -Wall -DOPENSSL_IA32_SSE2 -DOPENSSL_BN_ASM_MONT -DOPENSSL_BN_ASM_MONT5 -DOPENSSL_BN_ASM_GF2m -DSHA1_ASM -DSHA256_ASM -DSHA512_ASM -DMD5_ASM -DAES_ASM -DVPAES_ASM -DBSAES_ASM -DWHIRLPOOL_ASM -DGHASH_ASM  -O3  -Wall  -c -o dsa_lib.o dsa_lib.c
gcc -I.. -I../.. -I../modes -I../asn1 -I../evp -I../../include  -DOPENSSL_THREADS -D_REENTRANT -DDSO_DLFCN -DHAVE_DLFCN_H -Wa,--noexecstack -m64 -DL_ENDIAN -DTERMIO -O3 -Wall -DOPENSSL_IA32_SSE2 -DOPENSSL_BN_ASM_MONT -DOPENSSL_BN_ASM_MONT5 -DOPENSSL_BN_ASM_GF2m -DSHA1_ASM -DSHA256_ASM -DSHA512_ASM -DMD5_ASM -DAES_ASM -DVPAES_ASM -DBSAES_ASM -DWHIRLPOOL_ASM -DGHASH_ASM  -O3  -Wall  -c -o dsa_asn1.o dsa_asn1.c
gcc -I.. -I../.. -I../modes -I../asn1 -I../evp -I../../include  -DOPENSSL_THREADS -D_REENTRANT -DDSO_DLFCN -DHAVE_DLFCN_H -Wa,--noexecstack -m64 -DL_ENDIAN -DTERMIO -O3 -Wall -DOPENSSL_IA32_SSE2 -DOPENSSL_BN_ASM_MONT -DOPENSSL_BN_ASM_MONT5 -DOPENSSL_BN_ASM_GF2m -DSHA1_ASM -DSHA256_ASM -DSHA512_ASM -DMD5_ASM -DAES_ASM -DVPAES_ASM -DBSAES_ASM -DWHIRLPOOL_ASM -DGHASH_ASM  -O3  -Wall  -c -o dsa_vrf.o dsa_vrf.c
gcc -I.. -I../.. -I../modes -I../asn1 -I../evp -I../../include  -DOPENSSL_THREADS -D_REENTRANT -DDSO_DLFCN -DHAVE_DLFCN_H -Wa,--noexecstack -m64 -DL_ENDIAN -DTERMIO -O3 -Wall -DOPENSSL_IA32_SSE2 -DOPENSSL_BN_ASM_MONT -DOPENSSL_BN_ASM_MONT5 -DOPENSSL_BN_ASM_GF2m -DSHA1_ASM -DSHA256_ASM -DSHA512_ASM -DMD5_ASM -DAES_ASM -DVPAES_ASM -DBSAES_ASM -DWHIRLPOOL_ASM -DGHASH_ASM  -O3  -Wall  -c -o dsa_sign.o dsa_sign.c
gcc -I.. -I../.. -I../modes -I../asn1 -I../evp -I../../include  -DOPENSSL_THREADS -D_REENTRANT -DDSO_DLFCN -DHAVE_DLFCN_H -Wa,--noexecstack -m64 -DL_ENDIAN -DTERMIO -O3 -Wall -DOPENSSL_IA32_SSE2 -DOPENSSL_BN_ASM_MONT -DOPENSSL_BN_ASM_MONT5 -DOPENSSL_BN_ASM_GF2m -DSHA1_ASM -DSHA256_ASM -DSHA512_ASM -DMD5_ASM -DAES_ASM -DVPAES_ASM -DBSAES_ASM -DWHIRLPOOL_ASM -DGHASH_ASM  -O3  -Wall  -c -o dsa_err.o dsa_err.c
gcc -I.. -I../.. -I../modes -I../asn1 -I../evp -I../../include  -DOPENSSL_THREADS -D_REENTRANT -DDSO_DLFCN -DHAVE_DLFCN_H -Wa,--noexecstack -m64 -DL_ENDIAN -DTERMIO -O3 -Wall -DOPENSSL_IA32_SSE2 -DOPENSSL_BN_ASM_MONT -DOPENSSL_BN_ASM_MONT5 -DOPENSSL_BN_ASM_GF2m -DSHA1_ASM -DSHA256_ASM -DSHA512_ASM -DMD5_ASM -DAES_ASM -DVPAES_ASM -DBSAES_ASM -DWHIRLPOOL_ASM -DGHASH_ASM  -O3  -Wall  -c -o dsa_ossl.o dsa_ossl.c
gcc -I.. -I../.. -I../modes -I../asn1 -I../evp -I../../include  -DOPENSSL_THREADS -D_REENTRANT -DDSO_DLFCN -DHAVE_DLFCN_H -Wa,--noexecstack -m64 -DL_ENDIAN -DTERMIO -O3 -Wall -DOPENSSL_IA32_SSE2 -DOPENSSL_BN_ASM_MONT -DOPENSSL_BN_ASM_MONT5 -DOPENSSL_BN_ASM_GF2m -DSHA1_ASM -DSHA256_ASM -DSHA512_ASM -DMD5_ASM -DAES_ASM -DVPAES_ASM -DBSAES_ASM -DWHIRLPOOL_ASM -DGHASH_ASM  -O3  -Wall  -c -o dsa_depr.o dsa_depr.c
gcc -I.. -I../.. -I../modes -I../asn1 -I../evp -I../../include  -DOPENSSL_THREADS -D_REENTRANT -DDSO_DLFCN -DHAVE_DLFCN_H -Wa,--noexecstack -m64 -DL_ENDIAN -DTERMIO -O3 -Wall -DOPENSSL_IA32_SSE2 -DOPENSSL_BN_ASM_MONT -DOPENSSL_BN_ASM_MONT5 -DOPENSSL_BN_ASM_GF2m -DSHA1_ASM -DSHA256_ASM -DSHA512_ASM -DMD5_ASM -DAES_ASM -DVPAES_ASM -DBSAES_ASM -DWHIRLPOOL_ASM -DGHASH_ASM  -O3  -Wall  -c -o dsa_ameth.o dsa_ameth.c
gcc -I.. -I../.. -I../modes -I../asn1 -I../evp -I../../include  -DOPENSSL_THREADS -D_REENTRANT -DDSO_DLFCN -DHAVE_DLFCN_H -Wa,--noexecstack -m64 -DL_ENDIAN -DTERMIO -O3 -Wall -DOPENSSL_IA32_SSE2 -DOPENSSL_BN_ASM_MONT -DOPENSSL_BN_ASM_MONT5 -DOPENSSL_BN_ASM_GF2m -DSHA1_ASM -DSHA256_ASM -DSHA512_ASM -DMD5_ASM -DAES_ASM -DVPAES_ASM -DBSAES_ASM -DWHIRLPOOL_ASM -DGHASH_ASM  -O3  -Wall  -c -o dsa_pmeth.o dsa_pmeth.c
gcc -I.. -I../.. -I../modes -I../asn1 -I../evp -I../../include  -DOPENSSL_THREADS -D_REENTRANT -DDSO_DLFCN -DHAVE_DLFCN_H -Wa,--noexecstack -m64 -DL_ENDIAN -DTERMIO -O3 -Wall -DOPENSSL_IA32_SSE2 -DOPENSSL_BN_ASM_MONT -DOPENSSL_BN_ASM_MONT5 -DOPENSSL_BN_ASM_GF2m -DSHA1_ASM -DSHA256_ASM -DSHA512_ASM -DMD5_ASM -DAES_ASM -DVPAES_ASM -DBSAES_ASM -DWHIRLPOOL_ASM -DGHASH_ASM  -O3  -Wall  -c -o dsa_prn.o dsa_prn.c
ar  r ../../libcrypto.a dsa_gen.o dsa_key.o dsa_lib.o dsa_asn1.o dsa_vrf.o dsa_sign.o dsa_err.o dsa_ossl.o dsa_depr.o dsa_ameth.o dsa_pmeth.o dsa_prn.o
ranlib ../../libcrypto.a || echo Never mind.
make[4]: Leaving directory `/home/lucas.t/Cactus_tmp/configs/sim/scratch/build/OpenSSL/openssl-1.0.1k/crypto/dsa'
making all in crypto/ecdsa...
make[4]: Entering directory `/home/lucas.t/Cactus_tmp/configs/sim/scratch/build/OpenSSL/openssl-1.0.1k/crypto/ecdsa'
gcc -I.. -I../.. -I../modes -I../asn1 -I../evp -I../../include  -DOPENSSL_THREADS -D_REENTRANT -DDSO_DLFCN -DHAVE_DLFCN_H -Wa,--noexecstack -m64 -DL_ENDIAN -DTERMIO -O3 -Wall -DOPENSSL_IA32_SSE2 -DOPENSSL_BN_ASM_MONT -DOPENSSL_BN_ASM_MONT5 -DOPENSSL_BN_ASM_GF2m -DSHA1_ASM -DSHA256_ASM -DSHA512_ASM -DMD5_ASM -DAES_ASM -DVPAES_ASM -DBSAES_ASM -DWHIRLPOOL_ASM -DGHASH_ASM  -O3  -Wall  -c -o ecs_lib.o ecs_lib.c
gcc -I.. -I../.. -I../modes -I../asn1 -I../evp -I../../include  -DOPENSSL_THREADS -D_REENTRANT -DDSO_DLFCN -DHAVE_DLFCN_H -Wa,--noexecstack -m64 -DL_ENDIAN -DTERMIO -O3 -Wall -DOPENSSL_IA32_SSE2 -DOPENSSL_BN_ASM_MONT -DOPENSSL_BN_ASM_MONT5 -DOPENSSL_BN_ASM_GF2m -DSHA1_ASM -DSHA256_ASM -DSHA512_ASM -DMD5_ASM -DAES_ASM -DVPAES_ASM -DBSAES_ASM -DWHIRLPOOL_ASM -DGHASH_ASM  -O3  -Wall  -c -o ecs_asn1.o ecs_asn1.c
gcc -I.. -I../.. -I../modes -I../asn1 -I../evp -I../../include  -DOPENSSL_THREADS -D_REENTRANT -DDSO_DLFCN -DHAVE_DLFCN_H -Wa,--noexecstack -m64 -DL_ENDIAN -DTERMIO -O3 -Wall -DOPENSSL_IA32_SSE2 -DOPENSSL_BN_ASM_MONT -DOPENSSL_BN_ASM_MONT5 -DOPENSSL_BN_ASM_GF2m -DSHA1_ASM -DSHA256_ASM -DSHA512_ASM -DMD5_ASM -DAES_ASM -DVPAES_ASM -DBSAES_ASM -DWHIRLPOOL_ASM -DGHASH_ASM  -O3  -Wall  -c -o ecs_ossl.o ecs_ossl.c
gcc -I.. -I../.. -I../modes -I../asn1 -I../evp -I../../include  -DOPENSSL_THREADS -D_REENTRANT -DDSO_DLFCN -DHAVE_DLFCN_H -Wa,--noexecstack -m64 -DL_ENDIAN -DTERMIO -O3 -Wall -DOPENSSL_IA32_SSE2 -DOPENSSL_BN_ASM_MONT -DOPENSSL_BN_ASM_MONT5 -DOPENSSL_BN_ASM_GF2m -DSHA1_ASM -DSHA256_ASM -DSHA512_ASM -DMD5_ASM -DAES_ASM -DVPAES_ASM -DBSAES_ASM -DWHIRLPOOL_ASM -DGHASH_ASM  -O3  -Wall  -c -o ecs_sign.o ecs_sign.c
gcc -I.. -I../.. -I../modes -I../asn1 -I../evp -I../../include  -DOPENSSL_THREADS -D_REENTRANT -DDSO_DLFCN -DHAVE_DLFCN_H -Wa,--noexecstack -m64 -DL_ENDIAN -DTERMIO -O3 -Wall -DOPENSSL_IA32_SSE2 -DOPENSSL_BN_ASM_MONT -DOPENSSL_BN_ASM_MONT5 -DOPENSSL_BN_ASM_GF2m -DSHA1_ASM -DSHA256_ASM -DSHA512_ASM -DMD5_ASM -DAES_ASM -DVPAES_ASM -DBSAES_ASM -DWHIRLPOOL_ASM -DGHASH_ASM  -O3  -Wall  -c -o ecs_vrf.o ecs_vrf.c
gcc -I.. -I../.. -I../modes -I../asn1 -I../evp -I../../include  -DOPENSSL_THREADS -D_REENTRANT -DDSO_DLFCN -DHAVE_DLFCN_H -Wa,--noexecstack -m64 -DL_ENDIAN -DTERMIO -O3 -Wall -DOPENSSL_IA32_SSE2 -DOPENSSL_BN_ASM_MONT -DOPENSSL_BN_ASM_MONT5 -DOPENSSL_BN_ASM_GF2m -DSHA1_ASM -DSHA256_ASM -DSHA512_ASM -DMD5_ASM -DAES_ASM -DVPAES_ASM -DBSAES_ASM -DWHIRLPOOL_ASM -DGHASH_ASM  -O3  -Wall  -c -o ecs_err.o ecs_err.c
ar  r ../../libcrypto.a ecs_lib.o ecs_asn1.o ecs_ossl.o ecs_sign.o ecs_vrf.o ecs_err.o
ranlib ../../libcrypto.a || echo Never mind.
make[4]: Leaving directory `/home/lucas.t/Cactus_tmp/configs/sim/scratch/build/OpenSSL/openssl-1.0.1k/crypto/ecdsa'
making all in crypto/dh...
make[4]: Entering directory `/home/lucas.t/Cactus_tmp/configs/sim/scratch/build/OpenSSL/openssl-1.0.1k/crypto/dh'
gcc -I.. -I../.. -I../modes -I../asn1 -I../evp -I../../include  -DOPENSSL_THREADS -D_REENTRANT -DDSO_DLFCN -DHAVE_DLFCN_H -Wa,--noexecstack -m64 -DL_ENDIAN -DTERMIO -O3 -Wall -DOPENSSL_IA32_SSE2 -DOPENSSL_BN_ASM_MONT -DOPENSSL_BN_ASM_MONT5 -DOPENSSL_BN_ASM_GF2m -DSHA1_ASM -DSHA256_ASM -DSHA512_ASM -DMD5_ASM -DAES_ASM -DVPAES_ASM -DBSAES_ASM -DWHIRLPOOL_ASM -DGHASH_ASM  -O3  -Wall  -c -o dh_asn1.o dh_asn1.c
gcc -I.. -I../.. -I../modes -I../asn1 -I../evp -I../../include  -DOPENSSL_THREADS -D_REENTRANT -DDSO_DLFCN -DHAVE_DLFCN_H -Wa,--noexecstack -m64 -DL_ENDIAN -DTERMIO -O3 -Wall -DOPENSSL_IA32_SSE2 -DOPENSSL_BN_ASM_MONT -DOPENSSL_BN_ASM_MONT5 -DOPENSSL_BN_ASM_GF2m -DSHA1_ASM -DSHA256_ASM -DSHA512_ASM -DMD5_ASM -DAES_ASM -DVPAES_ASM -DBSAES_ASM -DWHIRLPOOL_ASM -DGHASH_ASM  -O3  -Wall  -c -o dh_gen.o dh_gen.c
gcc -I.. -I../.. -I../modes -I../asn1 -I../evp -I../../include  -DOPENSSL_THREADS -D_REENTRANT -DDSO_DLFCN -DHAVE_DLFCN_H -Wa,--noexecstack -m64 -DL_ENDIAN -DTERMIO -O3 -Wall -DOPENSSL_IA32_SSE2 -DOPENSSL_BN_ASM_MONT -DOPENSSL_BN_ASM_MONT5 -DOPENSSL_BN_ASM_GF2m -DSHA1_ASM -DSHA256_ASM -DSHA512_ASM -DMD5_ASM -DAES_ASM -DVPAES_ASM -DBSAES_ASM -DWHIRLPOOL_ASM -DGHASH_ASM  -O3  -Wall  -c -o dh_key.o dh_key.c
gcc -I.. -I../.. -I../modes -I../asn1 -I../evp -I../../include  -DOPENSSL_THREADS -D_REENTRANT -DDSO_DLFCN -DHAVE_DLFCN_H -Wa,--noexecstack -m64 -DL_ENDIAN -DTERMIO -O3 -Wall -DOPENSSL_IA32_SSE2 -DOPENSSL_BN_ASM_MONT -DOPENSSL_BN_ASM_MONT5 -DOPENSSL_BN_ASM_GF2m -DSHA1_ASM -DSHA256_ASM -DSHA512_ASM -DMD5_ASM -DAES_ASM -DVPAES_ASM -DBSAES_ASM -DWHIRLPOOL_ASM -DGHASH_ASM  -O3  -Wall  -c -o dh_lib.o dh_lib.c
gcc -I.. -I../.. -I../modes -I../asn1 -I../evp -I../../include  -DOPENSSL_THREADS -D_REENTRANT -DDSO_DLFCN -DHAVE_DLFCN_H -Wa,--noexecstack -m64 -DL_ENDIAN -DTERMIO -O3 -Wall -DOPENSSL_IA32_SSE2 -DOPENSSL_BN_ASM_MONT -DOPENSSL_BN_ASM_MONT5 -DOPENSSL_BN_ASM_GF2m -DSHA1_ASM -DSHA256_ASM -DSHA512_ASM -DMD5_ASM -DAES_ASM -DVPAES_ASM -DBSAES_ASM -DWHIRLPOOL_ASM -DGHASH_ASM  -O3  -Wall  -c -o dh_check.o dh_check.c
gcc -I.. -I../.. -I../modes -I../asn1 -I../evp -I../../include  -DOPENSSL_THREADS -D_REENTRANT -DDSO_DLFCN -DHAVE_DLFCN_H -Wa,--noexecstack -m64 -DL_ENDIAN -DTERMIO -O3 -Wall -DOPENSSL_IA32_SSE2 -DOPENSSL_BN_ASM_MONT -DOPENSSL_BN_ASM_MONT5 -DOPENSSL_BN_ASM_GF2m -DSHA1_ASM -DSHA256_ASM -DSHA512_ASM -DMD5_ASM -DAES_ASM -DVPAES_ASM -DBSAES_ASM -DWHIRLPOOL_ASM -DGHASH_ASM  -O3  -Wall  -c -o dh_err.o dh_err.c
gcc -I.. -I../.. -I../modes -I../asn1 -I../evp -I../../include  -DOPENSSL_THREADS -D_REENTRANT -DDSO_DLFCN -DHAVE_DLFCN_H -Wa,--noexecstack -m64 -DL_ENDIAN -DTERMIO -O3 -Wall -DOPENSSL_IA32_SSE2 -DOPENSSL_BN_ASM_MONT -DOPENSSL_BN_ASM_MONT5 -DOPENSSL_BN_ASM_GF2m -DSHA1_ASM -DSHA256_ASM -DSHA512_ASM -DMD5_ASM -DAES_ASM -DVPAES_ASM -DBSAES_ASM -DWHIRLPOOL_ASM -DGHASH_ASM  -O3  -Wall  -c -o dh_depr.o dh_depr.c
gcc -I.. -I../.. -I../modes -I../asn1 -I../evp -I../../include  -DOPENSSL_THREADS -D_REENTRANT -DDSO_DLFCN -DHAVE_DLFCN_H -Wa,--noexecstack -m64 -DL_ENDIAN -DTERMIO -O3 -Wall -DOPENSSL_IA32_SSE2 -DOPENSSL_BN_ASM_MONT -DOPENSSL_BN_ASM_MONT5 -DOPENSSL_BN_ASM_GF2m -DSHA1_ASM -DSHA256_ASM -DSHA512_ASM -DMD5_ASM -DAES_ASM -DVPAES_ASM -DBSAES_ASM -DWHIRLPOOL_ASM -DGHASH_ASM  -O3  -Wall  -c -o dh_ameth.o dh_ameth.c
gcc -I.. -I../.. -I../modes -I../asn1 -I../evp -I../../include  -DOPENSSL_THREADS -D_REENTRANT -DDSO_DLFCN -DHAVE_DLFCN_H -Wa,--noexecstack -m64 -DL_ENDIAN -DTERMIO -O3 -Wall -DOPENSSL_IA32_SSE2 -DOPENSSL_BN_ASM_MONT -DOPENSSL_BN_ASM_MONT5 -DOPENSSL_BN_ASM_GF2m -DSHA1_ASM -DSHA256_ASM -DSHA512_ASM -DMD5_ASM -DAES_ASM -DVPAES_ASM -DBSAES_ASM -DWHIRLPOOL_ASM -DGHASH_ASM  -O3  -Wall  -c -o dh_pmeth.o dh_pmeth.c
gcc -I.. -I../.. -I../modes -I../asn1 -I../evp -I../../include  -DOPENSSL_THREADS -D_REENTRANT -DDSO_DLFCN -DHAVE_DLFCN_H -Wa,--noexecstack -m64 -DL_ENDIAN -DTERMIO -O3 -Wall -DOPENSSL_IA32_SSE2 -DOPENSSL_BN_ASM_MONT -DOPENSSL_BN_ASM_MONT5 -DOPENSSL_BN_ASM_GF2m -DSHA1_ASM -DSHA256_ASM -DSHA512_ASM -DMD5_ASM -DAES_ASM -DVPAES_ASM -DBSAES_ASM -DWHIRLPOOL_ASM -DGHASH_ASM  -O3  -Wall  -c -o dh_prn.o dh_prn.c
ar  r ../../libcrypto.a dh_asn1.o dh_gen.o dh_key.o dh_lib.o dh_check.o dh_err.o dh_depr.o dh_ameth.o dh_pmeth.o dh_prn.o
ranlib ../../libcrypto.a || echo Never mind.
make[4]: Leaving directory `/home/lucas.t/Cactus_tmp/configs/sim/scratch/build/OpenSSL/openssl-1.0.1k/crypto/dh'
making all in crypto/ecdh...
make[4]: Entering directory `/home/lucas.t/Cactus_tmp/configs/sim/scratch/build/OpenSSL/openssl-1.0.1k/crypto/ecdh'
gcc -I.. -I../.. -I../modes -I../asn1 -I../evp -I../../include  -DOPENSSL_THREADS -D_REENTRANT -DDSO_DLFCN -DHAVE_DLFCN_H -Wa,--noexecstack -m64 -DL_ENDIAN -DTERMIO -O3 -Wall -DOPENSSL_IA32_SSE2 -DOPENSSL_BN_ASM_MONT -DOPENSSL_BN_ASM_MONT5 -DOPENSSL_BN_ASM_GF2m -DSHA1_ASM -DSHA256_ASM -DSHA512_ASM -DMD5_ASM -DAES_ASM -DVPAES_ASM -DBSAES_ASM -DWHIRLPOOL_ASM -DGHASH_ASM  -O3  -Wall  -c -o ech_lib.o ech_lib.c
gcc -I.. -I../.. -I../modes -I../asn1 -I../evp -I../../include  -DOPENSSL_THREADS -D_REENTRANT -DDSO_DLFCN -DHAVE_DLFCN_H -Wa,--noexecstack -m64 -DL_ENDIAN -DTERMIO -O3 -Wall -DOPENSSL_IA32_SSE2 -DOPENSSL_BN_ASM_MONT -DOPENSSL_BN_ASM_MONT5 -DOPENSSL_BN_ASM_GF2m -DSHA1_ASM -DSHA256_ASM -DSHA512_ASM -DMD5_ASM -DAES_ASM -DVPAES_ASM -DBSAES_ASM -DWHIRLPOOL_ASM -DGHASH_ASM  -O3  -Wall  -c -o ech_ossl.o ech_ossl.c
gcc -I.. -I../.. -I../modes -I../asn1 -I../evp -I../../include  -DOPENSSL_THREADS -D_REENTRANT -DDSO_DLFCN -DHAVE_DLFCN_H -Wa,--noexecstack -m64 -DL_ENDIAN -DTERMIO -O3 -Wall -DOPENSSL_IA32_SSE2 -DOPENSSL_BN_ASM_MONT -DOPENSSL_BN_ASM_MONT5 -DOPENSSL_BN_ASM_GF2m -DSHA1_ASM -DSHA256_ASM -DSHA512_ASM -DMD5_ASM -DAES_ASM -DVPAES_ASM -DBSAES_ASM -DWHIRLPOOL_ASM -DGHASH_ASM  -O3  -Wall  -c -o ech_key.o ech_key.c
gcc -I.. -I../.. -I../modes -I../asn1 -I../evp -I../../include  -DOPENSSL_THREADS -D_REENTRANT -DDSO_DLFCN -DHAVE_DLFCN_H -Wa,--noexecstack -m64 -DL_ENDIAN -DTERMIO -O3 -Wall -DOPENSSL_IA32_SSE2 -DOPENSSL_BN_ASM_MONT -DOPENSSL_BN_ASM_MONT5 -DOPENSSL_BN_ASM_GF2m -DSHA1_ASM -DSHA256_ASM -DSHA512_ASM -DMD5_ASM -DAES_ASM -DVPAES_ASM -DBSAES_ASM -DWHIRLPOOL_ASM -DGHASH_ASM  -O3  -Wall  -c -o ech_err.o ech_err.c
ar  r ../../libcrypto.a ech_lib.o ech_ossl.o ech_key.o ech_err.o
ranlib ../../libcrypto.a || echo Never mind.
make[4]: Leaving directory `/home/lucas.t/Cactus_tmp/configs/sim/scratch/build/OpenSSL/openssl-1.0.1k/crypto/ecdh'
making all in crypto/dso...
make[4]: Entering directory `/home/lucas.t/Cactus_tmp/configs/sim/scratch/build/OpenSSL/openssl-1.0.1k/crypto/dso'
gcc -I.. -I../.. -I../modes -I../asn1 -I../evp -I../../include  -DOPENSSL_THREADS -D_REENTRANT -DDSO_DLFCN -DHAVE_DLFCN_H -Wa,--noexecstack -m64 -DL_ENDIAN -DTERMIO -O3 -Wall -DOPENSSL_IA32_SSE2 -DOPENSSL_BN_ASM_MONT -DOPENSSL_BN_ASM_MONT5 -DOPENSSL_BN_ASM_GF2m -DSHA1_ASM -DSHA256_ASM -DSHA512_ASM -DMD5_ASM -DAES_ASM -DVPAES_ASM -DBSAES_ASM -DWHIRLPOOL_ASM -DGHASH_ASM  -O3  -Wall  -c -o dso_dl.o dso_dl.c
gcc -I.. -I../.. -I../modes -I../asn1 -I../evp -I../../include  -DOPENSSL_THREADS -D_REENTRANT -DDSO_DLFCN -DHAVE_DLFCN_H -Wa,--noexecstack -m64 -DL_ENDIAN -DTERMIO -O3 -Wall -DOPENSSL_IA32_SSE2 -DOPENSSL_BN_ASM_MONT -DOPENSSL_BN_ASM_MONT5 -DOPENSSL_BN_ASM_GF2m -DSHA1_ASM -DSHA256_ASM -DSHA512_ASM -DMD5_ASM -DAES_ASM -DVPAES_ASM -DBSAES_ASM -DWHIRLPOOL_ASM -DGHASH_ASM  -O3  -Wall  -c -o dso_dlfcn.o dso_dlfcn.c
gcc -I.. -I../.. -I../modes -I../asn1 -I../evp -I../../include  -DOPENSSL_THREADS -D_REENTRANT -DDSO_DLFCN -DHAVE_DLFCN_H -Wa,--noexecstack -m64 -DL_ENDIAN -DTERMIO -O3 -Wall -DOPENSSL_IA32_SSE2 -DOPENSSL_BN_ASM_MONT -DOPENSSL_BN_ASM_MONT5 -DOPENSSL_BN_ASM_GF2m -DSHA1_ASM -DSHA256_ASM -DSHA512_ASM -DMD5_ASM -DAES_ASM -DVPAES_ASM -DBSAES_ASM -DWHIRLPOOL_ASM -DGHASH_ASM  -O3  -Wall  -c -o dso_err.o dso_err.c
gcc -I.. -I../.. -I../modes -I../asn1 -I../evp -I../../include  -DOPENSSL_THREADS -D_REENTRANT -DDSO_DLFCN -DHAVE_DLFCN_H -Wa,--noexecstack -m64 -DL_ENDIAN -DTERMIO -O3 -Wall -DOPENSSL_IA32_SSE2 -DOPENSSL_BN_ASM_MONT -DOPENSSL_BN_ASM_MONT5 -DOPENSSL_BN_ASM_GF2m -DSHA1_ASM -DSHA256_ASM -DSHA512_ASM -DMD5_ASM -DAES_ASM -DVPAES_ASM -DBSAES_ASM -DWHIRLPOOL_ASM -DGHASH_ASM  -O3  -Wall  -c -o dso_lib.o dso_lib.c
gcc -I.. -I../.. -I../modes -I../asn1 -I../evp -I../../include  -DOPENSSL_THREADS -D_REENTRANT -DDSO_DLFCN -DHAVE_DLFCN_H -Wa,--noexecstack -m64 -DL_ENDIAN -DTERMIO -O3 -Wall -DOPENSSL_IA32_SSE2 -DOPENSSL_BN_ASM_MONT -DOPENSSL_BN_ASM_MONT5 -DOPENSSL_BN_ASM_GF2m -DSHA1_ASM -DSHA256_ASM -DSHA512_ASM -DMD5_ASM -DAES_ASM -DVPAES_ASM -DBSAES_ASM -DWHIRLPOOL_ASM -DGHASH_ASM  -O3  -Wall  -c -o dso_null.o dso_null.c
gcc -I.. -I../.. -I../modes -I../asn1 -I../evp -I../../include  -DOPENSSL_THREADS -D_REENTRANT -DDSO_DLFCN -DHAVE_DLFCN_H -Wa,--noexecstack -m64 -DL_ENDIAN -DTERMIO -O3 -Wall -DOPENSSL_IA32_SSE2 -DOPENSSL_BN_ASM_MONT -DOPENSSL_BN_ASM_MONT5 -DOPENSSL_BN_ASM_GF2m -DSHA1_ASM -DSHA256_ASM -DSHA512_ASM -DMD5_ASM -DAES_ASM -DVPAES_ASM -DBSAES_ASM -DWHIRLPOOL_ASM -DGHASH_ASM  -O3  -Wall  -c -o dso_openssl.o dso_openssl.c
gcc -I.. -I../.. -I../modes -I../asn1 -I../evp -I../../include  -DOPENSSL_THREADS -D_REENTRANT -DDSO_DLFCN -DHAVE_DLFCN_H -Wa,--noexecstack -m64 -DL_ENDIAN -DTERMIO -O3 -Wall -DOPENSSL_IA32_SSE2 -DOPENSSL_BN_ASM_MONT -DOPENSSL_BN_ASM_MONT5 -DOPENSSL_BN_ASM_GF2m -DSHA1_ASM -DSHA256_ASM -DSHA512_ASM -DMD5_ASM -DAES_ASM -DVPAES_ASM -DBSAES_ASM -DWHIRLPOOL_ASM -DGHASH_ASM  -O3  -Wall  -c -o dso_win32.o dso_win32.c
gcc -I.. -I../.. -I../modes -I../asn1 -I../evp -I../../include  -DOPENSSL_THREADS -D_REENTRANT -DDSO_DLFCN -DHAVE_DLFCN_H -Wa,--noexecstack -m64 -DL_ENDIAN -DTERMIO -O3 -Wall -DOPENSSL_IA32_SSE2 -DOPENSSL_BN_ASM_MONT -DOPENSSL_BN_ASM_MONT5 -DOPENSSL_BN_ASM_GF2m -DSHA1_ASM -DSHA256_ASM -DSHA512_ASM -DMD5_ASM -DAES_ASM -DVPAES_ASM -DBSAES_ASM -DWHIRLPOOL_ASM -DGHASH_ASM  -O3  -Wall  -c -o dso_vms.o dso_vms.c
gcc -I.. -I../.. -I../modes -I../asn1 -I../evp -I../../include  -DOPENSSL_THREADS -D_REENTRANT -DDSO_DLFCN -DHAVE_DLFCN_H -Wa,--noexecstack -m64 -DL_ENDIAN -DTERMIO -O3 -Wall -DOPENSSL_IA32_SSE2 -DOPENSSL_BN_ASM_MONT -DOPENSSL_BN_ASM_MONT5 -DOPENSSL_BN_ASM_GF2m -DSHA1_ASM -DSHA256_ASM -DSHA512_ASM -DMD5_ASM -DAES_ASM -DVPAES_ASM -DBSAES_ASM -DWHIRLPOOL_ASM -DGHASH_ASM  -O3  -Wall  -c -o dso_beos.o dso_beos.c
ar  r ../../libcrypto.a dso_dl.o dso_dlfcn.o dso_err.o dso_lib.o dso_null.o dso_openssl.o dso_win32.o dso_vms.o dso_beos.o
ranlib ../../libcrypto.a || echo Never mind.
make[4]: Leaving directory `/home/lucas.t/Cactus_tmp/configs/sim/scratch/build/OpenSSL/openssl-1.0.1k/crypto/dso'
making all in crypto/engine...
make[4]: Entering directory `/home/lucas.t/Cactus_tmp/configs/sim/scratch/build/OpenSSL/openssl-1.0.1k/crypto/engine'
gcc -I.. -I../.. -I../modes -I../asn1 -I../evp -I../../include  -DOPENSSL_THREADS -D_REENTRANT -DDSO_DLFCN -DHAVE_DLFCN_H -Wa,--noexecstack -m64 -DL_ENDIAN -DTERMIO -O3 -Wall -DOPENSSL_IA32_SSE2 -DOPENSSL_BN_ASM_MONT -DOPENSSL_BN_ASM_MONT5 -DOPENSSL_BN_ASM_GF2m -DSHA1_ASM -DSHA256_ASM -DSHA512_ASM -DMD5_ASM -DAES_ASM -DVPAES_ASM -DBSAES_ASM -DWHIRLPOOL_ASM -DGHASH_ASM  -O3  -Wall  -c -o eng_err.o eng_err.c
gcc -I.. -I../.. -I../modes -I../asn1 -I../evp -I../../include  -DOPENSSL_THREADS -D_REENTRANT -DDSO_DLFCN -DHAVE_DLFCN_H -Wa,--noexecstack -m64 -DL_ENDIAN -DTERMIO -O3 -Wall -DOPENSSL_IA32_SSE2 -DOPENSSL_BN_ASM_MONT -DOPENSSL_BN_ASM_MONT5 -DOPENSSL_BN_ASM_GF2m -DSHA1_ASM -DSHA256_ASM -DSHA512_ASM -DMD5_ASM -DAES_ASM -DVPAES_ASM -DBSAES_ASM -DWHIRLPOOL_ASM -DGHASH_ASM  -O3  -Wall  -c -o eng_lib.o eng_lib.c
gcc -I.. -I../.. -I../modes -I../asn1 -I../evp -I../../include  -DOPENSSL_THREADS -D_REENTRANT -DDSO_DLFCN -DHAVE_DLFCN_H -Wa,--noexecstack -m64 -DL_ENDIAN -DTERMIO -O3 -Wall -DOPENSSL_IA32_SSE2 -DOPENSSL_BN_ASM_MONT -DOPENSSL_BN_ASM_MONT5 -DOPENSSL_BN_ASM_GF2m -DSHA1_ASM -DSHA256_ASM -DSHA512_ASM -DMD5_ASM -DAES_ASM -DVPAES_ASM -DBSAES_ASM -DWHIRLPOOL_ASM -DGHASH_ASM  -O3  -Wall  -c -o eng_list.o eng_list.c
gcc -I.. -I../.. -I../modes -I../asn1 -I../evp -I../../include  -DOPENSSL_THREADS -D_REENTRANT -DDSO_DLFCN -DHAVE_DLFCN_H -Wa,--noexecstack -m64 -DL_ENDIAN -DTERMIO -O3 -Wall -DOPENSSL_IA32_SSE2 -DOPENSSL_BN_ASM_MONT -DOPENSSL_BN_ASM_MONT5 -DOPENSSL_BN_ASM_GF2m -DSHA1_ASM -DSHA256_ASM -DSHA512_ASM -DMD5_ASM -DAES_ASM -DVPAES_ASM -DBSAES_ASM -DWHIRLPOOL_ASM -DGHASH_ASM  -O3  -Wall  -c -o eng_init.o eng_init.c
gcc -I.. -I../.. -I../modes -I../asn1 -I../evp -I../../include  -DOPENSSL_THREADS -D_REENTRANT -DDSO_DLFCN -DHAVE_DLFCN_H -Wa,--noexecstack -m64 -DL_ENDIAN -DTERMIO -O3 -Wall -DOPENSSL_IA32_SSE2 -DOPENSSL_BN_ASM_MONT -DOPENSSL_BN_ASM_MONT5 -DOPENSSL_BN_ASM_GF2m -DSHA1_ASM -DSHA256_ASM -DSHA512_ASM -DMD5_ASM -DAES_ASM -DVPAES_ASM -DBSAES_ASM -DWHIRLPOOL_ASM -DGHASH_ASM  -O3  -Wall  -c -o eng_ctrl.o eng_ctrl.c
gcc -I.. -I../.. -I../modes -I../asn1 -I../evp -I../../include  -DOPENSSL_THREADS -D_REENTRANT -DDSO_DLFCN -DHAVE_DLFCN_H -Wa,--noexecstack -m64 -DL_ENDIAN -DTERMIO -O3 -Wall -DOPENSSL_IA32_SSE2 -DOPENSSL_BN_ASM_MONT -DOPENSSL_BN_ASM_MONT5 -DOPENSSL_BN_ASM_GF2m -DSHA1_ASM -DSHA256_ASM -DSHA512_ASM -DMD5_ASM -DAES_ASM -DVPAES_ASM -DBSAES_ASM -DWHIRLPOOL_ASM -DGHASH_ASM  -O3  -Wall  -c -o eng_table.o eng_table.c
gcc -I.. -I../.. -I../modes -I../asn1 -I../evp -I../../include  -DOPENSSL_THREADS -D_REENTRANT -DDSO_DLFCN -DHAVE_DLFCN_H -Wa,--noexecstack -m64 -DL_ENDIAN -DTERMIO -O3 -Wall -DOPENSSL_IA32_SSE2 -DOPENSSL_BN_ASM_MONT -DOPENSSL_BN_ASM_MONT5 -DOPENSSL_BN_ASM_GF2m -DSHA1_ASM -DSHA256_ASM -DSHA512_ASM -DMD5_ASM -DAES_ASM -DVPAES_ASM -DBSAES_ASM -DWHIRLPOOL_ASM -DGHASH_ASM  -O3  -Wall  -c -o eng_pkey.o eng_pkey.c
gcc -I.. -I../.. -I../modes -I../asn1 -I../evp -I../../include  -DOPENSSL_THREADS -D_REENTRANT -DDSO_DLFCN -DHAVE_DLFCN_H -Wa,--noexecstack -m64 -DL_ENDIAN -DTERMIO -O3 -Wall -DOPENSSL_IA32_SSE2 -DOPENSSL_BN_ASM_MONT -DOPENSSL_BN_ASM_MONT5 -DOPENSSL_BN_ASM_GF2m -DSHA1_ASM -DSHA256_ASM -DSHA512_ASM -DMD5_ASM -DAES_ASM -DVPAES_ASM -DBSAES_ASM -DWHIRLPOOL_ASM -DGHASH_ASM  -O3  -Wall  -c -o eng_fat.o eng_fat.c
gcc -I.. -I../.. -I../modes -I../asn1 -I../evp -I../../include  -DOPENSSL_THREADS -D_REENTRANT -DDSO_DLFCN -DHAVE_DLFCN_H -Wa,--noexecstack -m64 -DL_ENDIAN -DTERMIO -O3 -Wall -DOPENSSL_IA32_SSE2 -DOPENSSL_BN_ASM_MONT -DOPENSSL_BN_ASM_MONT5 -DOPENSSL_BN_ASM_GF2m -DSHA1_ASM -DSHA256_ASM -DSHA512_ASM -DMD5_ASM -DAES_ASM -DVPAES_ASM -DBSAES_ASM -DWHIRLPOOL_ASM -DGHASH_ASM  -O3  -Wall  -c -o eng_all.o eng_all.c
gcc -I.. -I../.. -I../modes -I../asn1 -I../evp -I../../include  -DOPENSSL_THREADS -D_REENTRANT -DDSO_DLFCN -DHAVE_DLFCN_H -Wa,--noexecstack -m64 -DL_ENDIAN -DTERMIO -O3 -Wall -DOPENSSL_IA32_SSE2 -DOPENSSL_BN_ASM_MONT -DOPENSSL_BN_ASM_MONT5 -DOPENSSL_BN_ASM_GF2m -DSHA1_ASM -DSHA256_ASM -DSHA512_ASM -DMD5_ASM -DAES_ASM -DVPAES_ASM -DBSAES_ASM -DWHIRLPOOL_ASM -DGHASH_ASM  -O3  -Wall  -c -o tb_rsa.o tb_rsa.c
gcc -I.. -I../.. -I../modes -I../asn1 -I../evp -I../../include  -DOPENSSL_THREADS -D_REENTRANT -DDSO_DLFCN -DHAVE_DLFCN_H -Wa,--noexecstack -m64 -DL_ENDIAN -DTERMIO -O3 -Wall -DOPENSSL_IA32_SSE2 -DOPENSSL_BN_ASM_MONT -DOPENSSL_BN_ASM_MONT5 -DOPENSSL_BN_ASM_GF2m -DSHA1_ASM -DSHA256_ASM -DSHA512_ASM -DMD5_ASM -DAES_ASM -DVPAES_ASM -DBSAES_ASM -DWHIRLPOOL_ASM -DGHASH_ASM  -O3  -Wall  -c -o tb_dsa.o tb_dsa.c
gcc -I.. -I../.. -I../modes -I../asn1 -I../evp -I../../include  -DOPENSSL_THREADS -D_REENTRANT -DDSO_DLFCN -DHAVE_DLFCN_H -Wa,--noexecstack -m64 -DL_ENDIAN -DTERMIO -O3 -Wall -DOPENSSL_IA32_SSE2 -DOPENSSL_BN_ASM_MONT -DOPENSSL_BN_ASM_MONT5 -DOPENSSL_BN_ASM_GF2m -DSHA1_ASM -DSHA256_ASM -DSHA512_ASM -DMD5_ASM -DAES_ASM -DVPAES_ASM -DBSAES_ASM -DWHIRLPOOL_ASM -DGHASH_ASM  -O3  -Wall  -c -o tb_ecdsa.o tb_ecdsa.c
gcc -I.. -I../.. -I../modes -I../asn1 -I../evp -I../../include  -DOPENSSL_THREADS -D_REENTRANT -DDSO_DLFCN -DHAVE_DLFCN_H -Wa,--noexecstack -m64 -DL_ENDIAN -DTERMIO -O3 -Wall -DOPENSSL_IA32_SSE2 -DOPENSSL_BN_ASM_MONT -DOPENSSL_BN_ASM_MONT5 -DOPENSSL_BN_ASM_GF2m -DSHA1_ASM -DSHA256_ASM -DSHA512_ASM -DMD5_ASM -DAES_ASM -DVPAES_ASM -DBSAES_ASM -DWHIRLPOOL_ASM -DGHASH_ASM  -O3  -Wall  -c -o tb_dh.o tb_dh.c
gcc -I.. -I../.. -I../modes -I../asn1 -I../evp -I../../include  -DOPENSSL_THREADS -D_REENTRANT -DDSO_DLFCN -DHAVE_DLFCN_H -Wa,--noexecstack -m64 -DL_ENDIAN -DTERMIO -O3 -Wall -DOPENSSL_IA32_SSE2 -DOPENSSL_BN_ASM_MONT -DOPENSSL_BN_ASM_MONT5 -DOPENSSL_BN_ASM_GF2m -DSHA1_ASM -DSHA256_ASM -DSHA512_ASM -DMD5_ASM -DAES_ASM -DVPAES_ASM -DBSAES_ASM -DWHIRLPOOL_ASM -DGHASH_ASM  -O3  -Wall  -c -o tb_ecdh.o tb_ecdh.c
gcc -I.. -I../.. -I../modes -I../asn1 -I../evp -I../../include  -DOPENSSL_THREADS -D_REENTRANT -DDSO_DLFCN -DHAVE_DLFCN_H -Wa,--noexecstack -m64 -DL_ENDIAN -DTERMIO -O3 -Wall -DOPENSSL_IA32_SSE2 -DOPENSSL_BN_ASM_MONT -DOPENSSL_BN_ASM_MONT5 -DOPENSSL_BN_ASM_GF2m -DSHA1_ASM -DSHA256_ASM -DSHA512_ASM -DMD5_ASM -DAES_ASM -DVPAES_ASM -DBSAES_ASM -DWHIRLPOOL_ASM -DGHASH_ASM  -O3  -Wall  -c -o tb_rand.o tb_rand.c
gcc -I.. -I../.. -I../modes -I../asn1 -I../evp -I../../include  -DOPENSSL_THREADS -D_REENTRANT -DDSO_DLFCN -DHAVE_DLFCN_H -Wa,--noexecstack -m64 -DL_ENDIAN -DTERMIO -O3 -Wall -DOPENSSL_IA32_SSE2 -DOPENSSL_BN_ASM_MONT -DOPENSSL_BN_ASM_MONT5 -DOPENSSL_BN_ASM_GF2m -DSHA1_ASM -DSHA256_ASM -DSHA512_ASM -DMD5_ASM -DAES_ASM -DVPAES_ASM -DBSAES_ASM -DWHIRLPOOL_ASM -DGHASH_ASM  -O3  -Wall  -c -o tb_store.o tb_store.c
gcc -I.. -I../.. -I../modes -I../asn1 -I../evp -I../../include  -DOPENSSL_THREADS -D_REENTRANT -DDSO_DLFCN -DHAVE_DLFCN_H -Wa,--noexecstack -m64 -DL_ENDIAN -DTERMIO -O3 -Wall -DOPENSSL_IA32_SSE2 -DOPENSSL_BN_ASM_MONT -DOPENSSL_BN_ASM_MONT5 -DOPENSSL_BN_ASM_GF2m -DSHA1_ASM -DSHA256_ASM -DSHA512_ASM -DMD5_ASM -DAES_ASM -DVPAES_ASM -DBSAES_ASM -DWHIRLPOOL_ASM -DGHASH_ASM  -O3  -Wall  -c -o tb_cipher.o tb_cipher.c
gcc -I.. -I../.. -I../modes -I../asn1 -I../evp -I../../include  -DOPENSSL_THREADS -D_REENTRANT -DDSO_DLFCN -DHAVE_DLFCN_H -Wa,--noexecstack -m64 -DL_ENDIAN -DTERMIO -O3 -Wall -DOPENSSL_IA32_SSE2 -DOPENSSL_BN_ASM_MONT -DOPENSSL_BN_ASM_MONT5 -DOPENSSL_BN_ASM_GF2m -DSHA1_ASM -DSHA256_ASM -DSHA512_ASM -DMD5_ASM -DAES_ASM -DVPAES_ASM -DBSAES_ASM -DWHIRLPOOL_ASM -DGHASH_ASM  -O3  -Wall  -c -o tb_digest.o tb_digest.c
gcc -I.. -I../.. -I../modes -I../asn1 -I../evp -I../../include  -DOPENSSL_THREADS -D_REENTRANT -DDSO_DLFCN -DHAVE_DLFCN_H -Wa,--noexecstack -m64 -DL_ENDIAN -DTERMIO -O3 -Wall -DOPENSSL_IA32_SSE2 -DOPENSSL_BN_ASM_MONT -DOPENSSL_BN_ASM_MONT5 -DOPENSSL_BN_ASM_GF2m -DSHA1_ASM -DSHA256_ASM -DSHA512_ASM -DMD5_ASM -DAES_ASM -DVPAES_ASM -DBSAES_ASM -DWHIRLPOOL_ASM -DGHASH_ASM  -O3  -Wall  -c -o tb_pkmeth.o tb_pkmeth.c
gcc -I.. -I../.. -I../modes -I../asn1 -I../evp -I../../include  -DOPENSSL_THREADS -D_REENTRANT -DDSO_DLFCN -DHAVE_DLFCN_H -Wa,--noexecstack -m64 -DL_ENDIAN -DTERMIO -O3 -Wall -DOPENSSL_IA32_SSE2 -DOPENSSL_BN_ASM_MONT -DOPENSSL_BN_ASM_MONT5 -DOPENSSL_BN_ASM_GF2m -DSHA1_ASM -DSHA256_ASM -DSHA512_ASM -DMD5_ASM -DAES_ASM -DVPAES_ASM -DBSAES_ASM -DWHIRLPOOL_ASM -DGHASH_ASM  -O3  -Wall  -c -o tb_asnmth.o tb_asnmth.c
gcc -I.. -I../.. -I../modes -I../asn1 -I../evp -I../../include  -DOPENSSL_THREADS -D_REENTRANT -DDSO_DLFCN -DHAVE_DLFCN_H -Wa,--noexecstack -m64 -DL_ENDIAN -DTERMIO -O3 -Wall -DOPENSSL_IA32_SSE2 -DOPENSSL_BN_ASM_MONT -DOPENSSL_BN_ASM_MONT5 -DOPENSSL_BN_ASM_GF2m -DSHA1_ASM -DSHA256_ASM -DSHA512_ASM -DMD5_ASM -DAES_ASM -DVPAES_ASM -DBSAES_ASM -DWHIRLPOOL_ASM -DGHASH_ASM  -O3  -Wall  -c -o eng_openssl.o eng_openssl.c
gcc -I.. -I../.. -I../modes -I../asn1 -I../evp -I../../include  -DOPENSSL_THREADS -D_REENTRANT -DDSO_DLFCN -DHAVE_DLFCN_H -Wa,--noexecstack -m64 -DL_ENDIAN -DTERMIO -O3 -Wall -DOPENSSL_IA32_SSE2 -DOPENSSL_BN_ASM_MONT -DOPENSSL_BN_ASM_MONT5 -DOPENSSL_BN_ASM_GF2m -DSHA1_ASM -DSHA256_ASM -DSHA512_ASM -DMD5_ASM -DAES_ASM -DVPAES_ASM -DBSAES_ASM -DWHIRLPOOL_ASM -DGHASH_ASM  -O3  -Wall  -c -o eng_cnf.o eng_cnf.c
gcc -I.. -I../.. -I../modes -I../asn1 -I../evp -I../../include  -DOPENSSL_THREADS -D_REENTRANT -DDSO_DLFCN -DHAVE_DLFCN_H -Wa,--noexecstack -m64 -DL_ENDIAN -DTERMIO -O3 -Wall -DOPENSSL_IA32_SSE2 -DOPENSSL_BN_ASM_MONT -DOPENSSL_BN_ASM_MONT5 -DOPENSSL_BN_ASM_GF2m -DSHA1_ASM -DSHA256_ASM -DSHA512_ASM -DMD5_ASM -DAES_ASM -DVPAES_ASM -DBSAES_ASM -DWHIRLPOOL_ASM -DGHASH_ASM  -O3  -Wall  -c -o eng_dyn.o eng_dyn.c
gcc -I.. -I../.. -I../modes -I../asn1 -I../evp -I../../include  -DOPENSSL_THREADS -D_REENTRANT -DDSO_DLFCN -DHAVE_DLFCN_H -Wa,--noexecstack -m64 -DL_ENDIAN -DTERMIO -O3 -Wall -DOPENSSL_IA32_SSE2 -DOPENSSL_BN_ASM_MONT -DOPENSSL_BN_ASM_MONT5 -DOPENSSL_BN_ASM_GF2m -DSHA1_ASM -DSHA256_ASM -DSHA512_ASM -DMD5_ASM -DAES_ASM -DVPAES_ASM -DBSAES_ASM -DWHIRLPOOL_ASM -DGHASH_ASM  -O3  -Wall  -c -o eng_cryptodev.o eng_cryptodev.c
gcc -I.. -I../.. -I../modes -I../asn1 -I../evp -I../../include  -DOPENSSL_THREADS -D_REENTRANT -DDSO_DLFCN -DHAVE_DLFCN_H -Wa,--noexecstack -m64 -DL_ENDIAN -DTERMIO -O3 -Wall -DOPENSSL_IA32_SSE2 -DOPENSSL_BN_ASM_MONT -DOPENSSL_BN_ASM_MONT5 -DOPENSSL_BN_ASM_GF2m -DSHA1_ASM -DSHA256_ASM -DSHA512_ASM -DMD5_ASM -DAES_ASM -DVPAES_ASM -DBSAES_ASM -DWHIRLPOOL_ASM -DGHASH_ASM  -O3  -Wall  -c -o eng_rsax.o eng_rsax.c
gcc -I.. -I../.. -I../modes -I../asn1 -I../evp -I../../include  -DOPENSSL_THREADS -D_REENTRANT -DDSO_DLFCN -DHAVE_DLFCN_H -Wa,--noexecstack -m64 -DL_ENDIAN -DTERMIO -O3 -Wall -DOPENSSL_IA32_SSE2 -DOPENSSL_BN_ASM_MONT -DOPENSSL_BN_ASM_MONT5 -DOPENSSL_BN_ASM_GF2m -DSHA1_ASM -DSHA256_ASM -DSHA512_ASM -DMD5_ASM -DAES_ASM -DVPAES_ASM -DBSAES_ASM -DWHIRLPOOL_ASM -DGHASH_ASM  -O3  -Wall  -c -o eng_rdrand.o eng_rdrand.c
ar  r ../../libcrypto.a eng_err.o eng_lib.o eng_list.o eng_init.o eng_ctrl.o eng_table.o eng_pkey.o eng_fat.o eng_all.o tb_rsa.o tb_dsa.o tb_ecdsa.o tb_dh.o tb_ecdh.o tb_rand.o tb_store.o tb_cipher.o tb_digest.o tb_pkmeth.o tb_asnmth.o eng_openssl.o eng_cnf.o eng_dyn.o eng_cryptodev.o eng_rsax.o eng_rdrand.o
ranlib ../../libcrypto.a || echo Never mind.
make[4]: Leaving directory `/home/lucas.t/Cactus_tmp/configs/sim/scratch/build/OpenSSL/openssl-1.0.1k/crypto/engine'
making all in crypto/buffer...
make[4]: Entering directory `/home/lucas.t/Cactus_tmp/configs/sim/scratch/build/OpenSSL/openssl-1.0.1k/crypto/buffer'
gcc -I.. -I../.. -I../modes -I../asn1 -I../evp -I../../include  -DOPENSSL_THREADS -D_REENTRANT -DDSO_DLFCN -DHAVE_DLFCN_H -Wa,--noexecstack -m64 -DL_ENDIAN -DTERMIO -O3 -Wall -DOPENSSL_IA32_SSE2 -DOPENSSL_BN_ASM_MONT -DOPENSSL_BN_ASM_MONT5 -DOPENSSL_BN_ASM_GF2m -DSHA1_ASM -DSHA256_ASM -DSHA512_ASM -DMD5_ASM -DAES_ASM -DVPAES_ASM -DBSAES_ASM -DWHIRLPOOL_ASM -DGHASH_ASM  -O3  -Wall  -c -o buffer.o buffer.c
gcc -I.. -I../.. -I../modes -I../asn1 -I../evp -I../../include  -DOPENSSL_THREADS -D_REENTRANT -DDSO_DLFCN -DHAVE_DLFCN_H -Wa,--noexecstack -m64 -DL_ENDIAN -DTERMIO -O3 -Wall -DOPENSSL_IA32_SSE2 -DOPENSSL_BN_ASM_MONT -DOPENSSL_BN_ASM_MONT5 -DOPENSSL_BN_ASM_GF2m -DSHA1_ASM -DSHA256_ASM -DSHA512_ASM -DMD5_ASM -DAES_ASM -DVPAES_ASM -DBSAES_ASM -DWHIRLPOOL_ASM -DGHASH_ASM  -O3  -Wall  -c -o buf_str.o buf_str.c
gcc -I.. -I../.. -I../modes -I../asn1 -I../evp -I../../include  -DOPENSSL_THREADS -D_REENTRANT -DDSO_DLFCN -DHAVE_DLFCN_H -Wa,--noexecstack -m64 -DL_ENDIAN -DTERMIO -O3 -Wall -DOPENSSL_IA32_SSE2 -DOPENSSL_BN_ASM_MONT -DOPENSSL_BN_ASM_MONT5 -DOPENSSL_BN_ASM_GF2m -DSHA1_ASM -DSHA256_ASM -DSHA512_ASM -DMD5_ASM -DAES_ASM -DVPAES_ASM -DBSAES_ASM -DWHIRLPOOL_ASM -DGHASH_ASM  -O3  -Wall  -c -o buf_err.o buf_err.c
ar  r ../../libcrypto.a buffer.o buf_str.o buf_err.o
ranlib ../../libcrypto.a || echo Never mind.
make[4]: Leaving directory `/home/lucas.t/Cactus_tmp/configs/sim/scratch/build/OpenSSL/openssl-1.0.1k/crypto/buffer'
making all in crypto/bio...
make[4]: Entering directory `/home/lucas.t/Cactus_tmp/configs/sim/scratch/build/OpenSSL/openssl-1.0.1k/crypto/bio'
gcc -I.. -I../.. -I../modes -I../asn1 -I../evp -I../../include  -DOPENSSL_THREADS -D_REENTRANT -DDSO_DLFCN -DHAVE_DLFCN_H -Wa,--noexecstack -m64 -DL_ENDIAN -DTERMIO -O3 -Wall -DOPENSSL_IA32_SSE2 -DOPENSSL_BN_ASM_MONT -DOPENSSL_BN_ASM_MONT5 -DOPENSSL_BN_ASM_GF2m -DSHA1_ASM -DSHA256_ASM -DSHA512_ASM -DMD5_ASM -DAES_ASM -DVPAES_ASM -DBSAES_ASM -DWHIRLPOOL_ASM -DGHASH_ASM  -O3  -Wall  -c -o bio_lib.o bio_lib.c
gcc -I.. -I../.. -I../modes -I../asn1 -I../evp -I../../include  -DOPENSSL_THREADS -D_REENTRANT -DDSO_DLFCN -DHAVE_DLFCN_H -Wa,--noexecstack -m64 -DL_ENDIAN -DTERMIO -O3 -Wall -DOPENSSL_IA32_SSE2 -DOPENSSL_BN_ASM_MONT -DOPENSSL_BN_ASM_MONT5 -DOPENSSL_BN_ASM_GF2m -DSHA1_ASM -DSHA256_ASM -DSHA512_ASM -DMD5_ASM -DAES_ASM -DVPAES_ASM -DBSAES_ASM -DWHIRLPOOL_ASM -DGHASH_ASM  -O3  -Wall  -c -o bio_cb.o bio_cb.c
gcc -I.. -I../.. -I../modes -I../asn1 -I../evp -I../../include  -DOPENSSL_THREADS -D_REENTRANT -DDSO_DLFCN -DHAVE_DLFCN_H -Wa,--noexecstack -m64 -DL_ENDIAN -DTERMIO -O3 -Wall -DOPENSSL_IA32_SSE2 -DOPENSSL_BN_ASM_MONT -DOPENSSL_BN_ASM_MONT5 -DOPENSSL_BN_ASM_GF2m -DSHA1_ASM -DSHA256_ASM -DSHA512_ASM -DMD5_ASM -DAES_ASM -DVPAES_ASM -DBSAES_ASM -DWHIRLPOOL_ASM -DGHASH_ASM  -O3  -Wall  -c -o bio_err.o bio_err.c
gcc -I.. -I../.. -I../modes -I../asn1 -I../evp -I../../include  -DOPENSSL_THREADS -D_REENTRANT -DDSO_DLFCN -DHAVE_DLFCN_H -Wa,--noexecstack -m64 -DL_ENDIAN -DTERMIO -O3 -Wall -DOPENSSL_IA32_SSE2 -DOPENSSL_BN_ASM_MONT -DOPENSSL_BN_ASM_MONT5 -DOPENSSL_BN_ASM_GF2m -DSHA1_ASM -DSHA256_ASM -DSHA512_ASM -DMD5_ASM -DAES_ASM -DVPAES_ASM -DBSAES_ASM -DWHIRLPOOL_ASM -DGHASH_ASM  -O3  -Wall  -c -o bss_mem.o bss_mem.c
gcc -I.. -I../.. -I../modes -I../asn1 -I../evp -I../../include  -DOPENSSL_THREADS -D_REENTRANT -DDSO_DLFCN -DHAVE_DLFCN_H -Wa,--noexecstack -m64 -DL_ENDIAN -DTERMIO -O3 -Wall -DOPENSSL_IA32_SSE2 -DOPENSSL_BN_ASM_MONT -DOPENSSL_BN_ASM_MONT5 -DOPENSSL_BN_ASM_GF2m -DSHA1_ASM -DSHA256_ASM -DSHA512_ASM -DMD5_ASM -DAES_ASM -DVPAES_ASM -DBSAES_ASM -DWHIRLPOOL_ASM -DGHASH_ASM  -O3  -Wall  -c -o bss_null.o bss_null.c
gcc -I.. -I../.. -I../modes -I../asn1 -I../evp -I../../include  -DOPENSSL_THREADS -D_REENTRANT -DDSO_DLFCN -DHAVE_DLFCN_H -Wa,--noexecstack -m64 -DL_ENDIAN -DTERMIO -O3 -Wall -DOPENSSL_IA32_SSE2 -DOPENSSL_BN_ASM_MONT -DOPENSSL_BN_ASM_MONT5 -DOPENSSL_BN_ASM_GF2m -DSHA1_ASM -DSHA256_ASM -DSHA512_ASM -DMD5_ASM -DAES_ASM -DVPAES_ASM -DBSAES_ASM -DWHIRLPOOL_ASM -DGHASH_ASM  -O3  -Wall  -c -o bss_fd.o bss_fd.c
gcc -I.. -I../.. -I../modes -I../asn1 -I../evp -I../../include  -DOPENSSL_THREADS -D_REENTRANT -DDSO_DLFCN -DHAVE_DLFCN_H -Wa,--noexecstack -m64 -DL_ENDIAN -DTERMIO -O3 -Wall -DOPENSSL_IA32_SSE2 -DOPENSSL_BN_ASM_MONT -DOPENSSL_BN_ASM_MONT5 -DOPENSSL_BN_ASM_GF2m -DSHA1_ASM -DSHA256_ASM -DSHA512_ASM -DMD5_ASM -DAES_ASM -DVPAES_ASM -DBSAES_ASM -DWHIRLPOOL_ASM -DGHASH_ASM  -O3  -Wall  -c -o bss_file.o bss_file.c
gcc -I.. -I../.. -I../modes -I../asn1 -I../evp -I../../include  -DOPENSSL_THREADS -D_REENTRANT -DDSO_DLFCN -DHAVE_DLFCN_H -Wa,--noexecstack -m64 -DL_ENDIAN -DTERMIO -O3 -Wall -DOPENSSL_IA32_SSE2 -DOPENSSL_BN_ASM_MONT -DOPENSSL_BN_ASM_MONT5 -DOPENSSL_BN_ASM_GF2m -DSHA1_ASM -DSHA256_ASM -DSHA512_ASM -DMD5_ASM -DAES_ASM -DVPAES_ASM -DBSAES_ASM -DWHIRLPOOL_ASM -DGHASH_ASM  -O3  -Wall  -c -o bss_sock.o bss_sock.c
gcc -I.. -I../.. -I../modes -I../asn1 -I../evp -I../../include  -DOPENSSL_THREADS -D_REENTRANT -DDSO_DLFCN -DHAVE_DLFCN_H -Wa,--noexecstack -m64 -DL_ENDIAN -DTERMIO -O3 -Wall -DOPENSSL_IA32_SSE2 -DOPENSSL_BN_ASM_MONT -DOPENSSL_BN_ASM_MONT5 -DOPENSSL_BN_ASM_GF2m -DSHA1_ASM -DSHA256_ASM -DSHA512_ASM -DMD5_ASM -DAES_ASM -DVPAES_ASM -DBSAES_ASM -DWHIRLPOOL_ASM -DGHASH_ASM  -O3  -Wall  -c -o bss_conn.o bss_conn.c
gcc -I.. -I../.. -I../modes -I../asn1 -I../evp -I../../include  -DOPENSSL_THREADS -D_REENTRANT -DDSO_DLFCN -DHAVE_DLFCN_H -Wa,--noexecstack -m64 -DL_ENDIAN -DTERMIO -O3 -Wall -DOPENSSL_IA32_SSE2 -DOPENSSL_BN_ASM_MONT -DOPENSSL_BN_ASM_MONT5 -DOPENSSL_BN_ASM_GF2m -DSHA1_ASM -DSHA256_ASM -DSHA512_ASM -DMD5_ASM -DAES_ASM -DVPAES_ASM -DBSAES_ASM -DWHIRLPOOL_ASM -DGHASH_ASM  -O3  -Wall  -c -o bf_null.o bf_null.c
gcc -I.. -I../.. -I../modes -I../asn1 -I../evp -I../../include  -DOPENSSL_THREADS -D_REENTRANT -DDSO_DLFCN -DHAVE_DLFCN_H -Wa,--noexecstack -m64 -DL_ENDIAN -DTERMIO -O3 -Wall -DOPENSSL_IA32_SSE2 -DOPENSSL_BN_ASM_MONT -DOPENSSL_BN_ASM_MONT5 -DOPENSSL_BN_ASM_GF2m -DSHA1_ASM -DSHA256_ASM -DSHA512_ASM -DMD5_ASM -DAES_ASM -DVPAES_ASM -DBSAES_ASM -DWHIRLPOOL_ASM -DGHASH_ASM  -O3  -Wall  -c -o bf_buff.o bf_buff.c
gcc -I.. -I../.. -I../modes -I../asn1 -I../evp -I../../include  -DOPENSSL_THREADS -D_REENTRANT -DDSO_DLFCN -DHAVE_DLFCN_H -Wa,--noexecstack -m64 -DL_ENDIAN -DTERMIO -O3 -Wall -DOPENSSL_IA32_SSE2 -DOPENSSL_BN_ASM_MONT -DOPENSSL_BN_ASM_MONT5 -DOPENSSL_BN_ASM_GF2m -DSHA1_ASM -DSHA256_ASM -DSHA512_ASM -DMD5_ASM -DAES_ASM -DVPAES_ASM -DBSAES_ASM -DWHIRLPOOL_ASM -DGHASH_ASM  -O3  -Wall  -c -o b_print.o b_print.c
gcc -I.. -I../.. -I../modes -I../asn1 -I../evp -I../../include  -DOPENSSL_THREADS -D_REENTRANT -DDSO_DLFCN -DHAVE_DLFCN_H -Wa,--noexecstack -m64 -DL_ENDIAN -DTERMIO -O3 -Wall -DOPENSSL_IA32_SSE2 -DOPENSSL_BN_ASM_MONT -DOPENSSL_BN_ASM_MONT5 -DOPENSSL_BN_ASM_GF2m -DSHA1_ASM -DSHA256_ASM -DSHA512_ASM -DMD5_ASM -DAES_ASM -DVPAES_ASM -DBSAES_ASM -DWHIRLPOOL_ASM -DGHASH_ASM  -O3  -Wall  -c -o b_dump.o b_dump.c
gcc -I.. -I../.. -I../modes -I../asn1 -I../evp -I../../include  -DOPENSSL_THREADS -D_REENTRANT -DDSO_DLFCN -DHAVE_DLFCN_H -Wa,--noexecstack -m64 -DL_ENDIAN -DTERMIO -O3 -Wall -DOPENSSL_IA32_SSE2 -DOPENSSL_BN_ASM_MONT -DOPENSSL_BN_ASM_MONT5 -DOPENSSL_BN_ASM_GF2m -DSHA1_ASM -DSHA256_ASM -DSHA512_ASM -DMD5_ASM -DAES_ASM -DVPAES_ASM -DBSAES_ASM -DWHIRLPOOL_ASM -DGHASH_ASM  -O3  -Wall  -c -o b_sock.o b_sock.c
gcc -I.. -I../.. -I../modes -I../asn1 -I../evp -I../../include  -DOPENSSL_THREADS -D_REENTRANT -DDSO_DLFCN -DHAVE_DLFCN_H -Wa,--noexecstack -m64 -DL_ENDIAN -DTERMIO -O3 -Wall -DOPENSSL_IA32_SSE2 -DOPENSSL_BN_ASM_MONT -DOPENSSL_BN_ASM_MONT5 -DOPENSSL_BN_ASM_GF2m -DSHA1_ASM -DSHA256_ASM -DSHA512_ASM -DMD5_ASM -DAES_ASM -DVPAES_ASM -DBSAES_ASM -DWHIRLPOOL_ASM -DGHASH_ASM  -O3  -Wall  -c -o bss_acpt.o bss_acpt.c
gcc -I.. -I../.. -I../modes -I../asn1 -I../evp -I../../include  -DOPENSSL_THREADS -D_REENTRANT -DDSO_DLFCN -DHAVE_DLFCN_H -Wa,--noexecstack -m64 -DL_ENDIAN -DTERMIO -O3 -Wall -DOPENSSL_IA32_SSE2 -DOPENSSL_BN_ASM_MONT -DOPENSSL_BN_ASM_MONT5 -DOPENSSL_BN_ASM_GF2m -DSHA1_ASM -DSHA256_ASM -DSHA512_ASM -DMD5_ASM -DAES_ASM -DVPAES_ASM -DBSAES_ASM -DWHIRLPOOL_ASM -DGHASH_ASM  -O3  -Wall  -c -o bf_nbio.o bf_nbio.c
gcc -I.. -I../.. -I../modes -I../asn1 -I../evp -I../../include  -DOPENSSL_THREADS -D_REENTRANT -DDSO_DLFCN -DHAVE_DLFCN_H -Wa,--noexecstack -m64 -DL_ENDIAN -DTERMIO -O3 -Wall -DOPENSSL_IA32_SSE2 -DOPENSSL_BN_ASM_MONT -DOPENSSL_BN_ASM_MONT5 -DOPENSSL_BN_ASM_GF2m -DSHA1_ASM -DSHA256_ASM -DSHA512_ASM -DMD5_ASM -DAES_ASM -DVPAES_ASM -DBSAES_ASM -DWHIRLPOOL_ASM -DGHASH_ASM  -O3  -Wall  -c -o bss_log.o bss_log.c
gcc -I.. -I../.. -I../modes -I../asn1 -I../evp -I../../include  -DOPENSSL_THREADS -D_REENTRANT -DDSO_DLFCN -DHAVE_DLFCN_H -Wa,--noexecstack -m64 -DL_ENDIAN -DTERMIO -O3 -Wall -DOPENSSL_IA32_SSE2 -DOPENSSL_BN_ASM_MONT -DOPENSSL_BN_ASM_MONT5 -DOPENSSL_BN_ASM_GF2m -DSHA1_ASM -DSHA256_ASM -DSHA512_ASM -DMD5_ASM -DAES_ASM -DVPAES_ASM -DBSAES_ASM -DWHIRLPOOL_ASM -DGHASH_ASM  -O3  -Wall  -c -o bss_bio.o bss_bio.c
gcc -I.. -I../.. -I../modes -I../asn1 -I../evp -I../../include  -DOPENSSL_THREADS -D_REENTRANT -DDSO_DLFCN -DHAVE_DLFCN_H -Wa,--noexecstack -m64 -DL_ENDIAN -DTERMIO -O3 -Wall -DOPENSSL_IA32_SSE2 -DOPENSSL_BN_ASM_MONT -DOPENSSL_BN_ASM_MONT5 -DOPENSSL_BN_ASM_GF2m -DSHA1_ASM -DSHA256_ASM -DSHA512_ASM -DMD5_ASM -DAES_ASM -DVPAES_ASM -DBSAES_ASM -DWHIRLPOOL_ASM -DGHASH_ASM  -O3  -Wall  -c -o bss_dgram.o bss_dgram.c
ar  r ../../libcrypto.a bio_lib.o bio_cb.o bio_err.o bss_mem.o bss_null.o bss_fd.o bss_file.o bss_sock.o bss_conn.o bf_null.o bf_buff.o b_print.o b_dump.o b_sock.o bss_acpt.o bf_nbio.o bss_log.o bss_bio.o bss_dgram.o
ranlib ../../libcrypto.a || echo Never mind.
make[4]: Leaving directory `/home/lucas.t/Cactus_tmp/configs/sim/scratch/build/OpenSSL/openssl-1.0.1k/crypto/bio'
making all in crypto/stack...
make[4]: Entering directory `/home/lucas.t/Cactus_tmp/configs/sim/scratch/build/OpenSSL/openssl-1.0.1k/crypto/stack'
gcc -I.. -I../.. -I../modes -I../asn1 -I../evp -I../../include  -DOPENSSL_THREADS -D_REENTRANT -DDSO_DLFCN -DHAVE_DLFCN_H -Wa,--noexecstack -m64 -DL_ENDIAN -DTERMIO -O3 -Wall -DOPENSSL_IA32_SSE2 -DOPENSSL_BN_ASM_MONT -DOPENSSL_BN_ASM_MONT5 -DOPENSSL_BN_ASM_GF2m -DSHA1_ASM -DSHA256_ASM -DSHA512_ASM -DMD5_ASM -DAES_ASM -DVPAES_ASM -DBSAES_ASM -DWHIRLPOOL_ASM -DGHASH_ASM  -O3  -Wall  -c -o stack.o stack.c
ar  r ../../libcrypto.a stack.o
ranlib ../../libcrypto.a || echo Never mind.
make[4]: Leaving directory `/home/lucas.t/Cactus_tmp/configs/sim/scratch/build/OpenSSL/openssl-1.0.1k/crypto/stack'
making all in crypto/lhash...
make[4]: Entering directory `/home/lucas.t/Cactus_tmp/configs/sim/scratch/build/OpenSSL/openssl-1.0.1k/crypto/lhash'
gcc -I.. -I../.. -I../modes -I../asn1 -I../evp -I../../include  -DOPENSSL_THREADS -D_REENTRANT -DDSO_DLFCN -DHAVE_DLFCN_H -Wa,--noexecstack -m64 -DL_ENDIAN -DTERMIO -O3 -Wall -DOPENSSL_IA32_SSE2 -DOPENSSL_BN_ASM_MONT -DOPENSSL_BN_ASM_MONT5 -DOPENSSL_BN_ASM_GF2m -DSHA1_ASM -DSHA256_ASM -DSHA512_ASM -DMD5_ASM -DAES_ASM -DVPAES_ASM -DBSAES_ASM -DWHIRLPOOL_ASM -DGHASH_ASM  -O3  -Wall  -c -o lhash.o lhash.c
gcc -I.. -I../.. -I../modes -I../asn1 -I../evp -I../../include  -DOPENSSL_THREADS -D_REENTRANT -DDSO_DLFCN -DHAVE_DLFCN_H -Wa,--noexecstack -m64 -DL_ENDIAN -DTERMIO -O3 -Wall -DOPENSSL_IA32_SSE2 -DOPENSSL_BN_ASM_MONT -DOPENSSL_BN_ASM_MONT5 -DOPENSSL_BN_ASM_GF2m -DSHA1_ASM -DSHA256_ASM -DSHA512_ASM -DMD5_ASM -DAES_ASM -DVPAES_ASM -DBSAES_ASM -DWHIRLPOOL_ASM -DGHASH_ASM  -O3  -Wall  -c -o lh_stats.o lh_stats.c
ar  r ../../libcrypto.a lhash.o lh_stats.o
ranlib ../../libcrypto.a || echo Never mind.
make[4]: Leaving directory `/home/lucas.t/Cactus_tmp/configs/sim/scratch/build/OpenSSL/openssl-1.0.1k/crypto/lhash'
making all in crypto/rand...
make[4]: Entering directory `/home/lucas.t/Cactus_tmp/configs/sim/scratch/build/OpenSSL/openssl-1.0.1k/crypto/rand'
gcc -I.. -I../.. -I../modes -I../asn1 -I../evp -I../../include  -DOPENSSL_THREADS -D_REENTRANT -DDSO_DLFCN -DHAVE_DLFCN_H -Wa,--noexecstack -m64 -DL_ENDIAN -DTERMIO -O3 -Wall -DOPENSSL_IA32_SSE2 -DOPENSSL_BN_ASM_MONT -DOPENSSL_BN_ASM_MONT5 -DOPENSSL_BN_ASM_GF2m -DSHA1_ASM -DSHA256_ASM -DSHA512_ASM -DMD5_ASM -DAES_ASM -DVPAES_ASM -DBSAES_ASM -DWHIRLPOOL_ASM -DGHASH_ASM  -O3  -Wall  -c -o md_rand.o md_rand.c
gcc -I.. -I../.. -I../modes -I../asn1 -I../evp -I../../include  -DOPENSSL_THREADS -D_REENTRANT -DDSO_DLFCN -DHAVE_DLFCN_H -Wa,--noexecstack -m64 -DL_ENDIAN -DTERMIO -O3 -Wall -DOPENSSL_IA32_SSE2 -DOPENSSL_BN_ASM_MONT -DOPENSSL_BN_ASM_MONT5 -DOPENSSL_BN_ASM_GF2m -DSHA1_ASM -DSHA256_ASM -DSHA512_ASM -DMD5_ASM -DAES_ASM -DVPAES_ASM -DBSAES_ASM -DWHIRLPOOL_ASM -DGHASH_ASM  -O3  -Wall  -c -o randfile.o randfile.c
gcc -I.. -I../.. -I../modes -I../asn1 -I../evp -I../../include  -DOPENSSL_THREADS -D_REENTRANT -DDSO_DLFCN -DHAVE_DLFCN_H -Wa,--noexecstack -m64 -DL_ENDIAN -DTERMIO -O3 -Wall -DOPENSSL_IA32_SSE2 -DOPENSSL_BN_ASM_MONT -DOPENSSL_BN_ASM_MONT5 -DOPENSSL_BN_ASM_GF2m -DSHA1_ASM -DSHA256_ASM -DSHA512_ASM -DMD5_ASM -DAES_ASM -DVPAES_ASM -DBSAES_ASM -DWHIRLPOOL_ASM -DGHASH_ASM  -O3  -Wall  -c -o rand_lib.o rand_lib.c
gcc -I.. -I../.. -I../modes -I../asn1 -I../evp -I../../include  -DOPENSSL_THREADS -D_REENTRANT -DDSO_DLFCN -DHAVE_DLFCN_H -Wa,--noexecstack -m64 -DL_ENDIAN -DTERMIO -O3 -Wall -DOPENSSL_IA32_SSE2 -DOPENSSL_BN_ASM_MONT -DOPENSSL_BN_ASM_MONT5 -DOPENSSL_BN_ASM_GF2m -DSHA1_ASM -DSHA256_ASM -DSHA512_ASM -DMD5_ASM -DAES_ASM -DVPAES_ASM -DBSAES_ASM -DWHIRLPOOL_ASM -DGHASH_ASM  -O3  -Wall  -c -o rand_err.o rand_err.c
gcc -I.. -I../.. -I../modes -I../asn1 -I../evp -I../../include  -DOPENSSL_THREADS -D_REENTRANT -DDSO_DLFCN -DHAVE_DLFCN_H -Wa,--noexecstack -m64 -DL_ENDIAN -DTERMIO -O3 -Wall -DOPENSSL_IA32_SSE2 -DOPENSSL_BN_ASM_MONT -DOPENSSL_BN_ASM_MONT5 -DOPENSSL_BN_ASM_GF2m -DSHA1_ASM -DSHA256_ASM -DSHA512_ASM -DMD5_ASM -DAES_ASM -DVPAES_ASM -DBSAES_ASM -DWHIRLPOOL_ASM -DGHASH_ASM  -O3  -Wall  -c -o rand_egd.o rand_egd.c
gcc -I.. -I../.. -I../modes -I../asn1 -I../evp -I../../include  -DOPENSSL_THREADS -D_REENTRANT -DDSO_DLFCN -DHAVE_DLFCN_H -Wa,--noexecstack -m64 -DL_ENDIAN -DTERMIO -O3 -Wall -DOPENSSL_IA32_SSE2 -DOPENSSL_BN_ASM_MONT -DOPENSSL_BN_ASM_MONT5 -DOPENSSL_BN_ASM_GF2m -DSHA1_ASM -DSHA256_ASM -DSHA512_ASM -DMD5_ASM -DAES_ASM -DVPAES_ASM -DBSAES_ASM -DWHIRLPOOL_ASM -DGHASH_ASM  -O3  -Wall  -c -o rand_win.o rand_win.c
gcc -I.. -I../.. -I../modes -I../asn1 -I../evp -I../../include  -DOPENSSL_THREADS -D_REENTRANT -DDSO_DLFCN -DHAVE_DLFCN_H -Wa,--noexecstack -m64 -DL_ENDIAN -DTERMIO -O3 -Wall -DOPENSSL_IA32_SSE2 -DOPENSSL_BN_ASM_MONT -DOPENSSL_BN_ASM_MONT5 -DOPENSSL_BN_ASM_GF2m -DSHA1_ASM -DSHA256_ASM -DSHA512_ASM -DMD5_ASM -DAES_ASM -DVPAES_ASM -DBSAES_ASM -DWHIRLPOOL_ASM -DGHASH_ASM  -O3  -Wall  -c -o rand_unix.o rand_unix.c
gcc -I.. -I../.. -I../modes -I../asn1 -I../evp -I../../include  -DOPENSSL_THREADS -D_REENTRANT -DDSO_DLFCN -DHAVE_DLFCN_H -Wa,--noexecstack -m64 -DL_ENDIAN -DTERMIO -O3 -Wall -DOPENSSL_IA32_SSE2 -DOPENSSL_BN_ASM_MONT -DOPENSSL_BN_ASM_MONT5 -DOPENSSL_BN_ASM_GF2m -DSHA1_ASM -DSHA256_ASM -DSHA512_ASM -DMD5_ASM -DAES_ASM -DVPAES_ASM -DBSAES_ASM -DWHIRLPOOL_ASM -DGHASH_ASM  -O3  -Wall  -c -o rand_os2.o rand_os2.c
gcc -I.. -I../.. -I../modes -I../asn1 -I../evp -I../../include  -DOPENSSL_THREADS -D_REENTRANT -DDSO_DLFCN -DHAVE_DLFCN_H -Wa,--noexecstack -m64 -DL_ENDIAN -DTERMIO -O3 -Wall -DOPENSSL_IA32_SSE2 -DOPENSSL_BN_ASM_MONT -DOPENSSL_BN_ASM_MONT5 -DOPENSSL_BN_ASM_GF2m -DSHA1_ASM -DSHA256_ASM -DSHA512_ASM -DMD5_ASM -DAES_ASM -DVPAES_ASM -DBSAES_ASM -DWHIRLPOOL_ASM -DGHASH_ASM  -O3  -Wall  -c -o rand_nw.o rand_nw.c
ar  r ../../libcrypto.a md_rand.o randfile.o rand_lib.o rand_err.o rand_egd.o rand_win.o rand_unix.o rand_os2.o rand_nw.o
ranlib ../../libcrypto.a || echo Never mind.
make[4]: Leaving directory `/home/lucas.t/Cactus_tmp/configs/sim/scratch/build/OpenSSL/openssl-1.0.1k/crypto/rand'
making all in crypto/err...
make[4]: Entering directory `/home/lucas.t/Cactus_tmp/configs/sim/scratch/build/OpenSSL/openssl-1.0.1k/crypto/err'
gcc -I.. -I../.. -I../modes -I../asn1 -I../evp -I../../include  -DOPENSSL_THREADS -D_REENTRANT -DDSO_DLFCN -DHAVE_DLFCN_H -Wa,--noexecstack -m64 -DL_ENDIAN -DTERMIO -O3 -Wall -DOPENSSL_IA32_SSE2 -DOPENSSL_BN_ASM_MONT -DOPENSSL_BN_ASM_MONT5 -DOPENSSL_BN_ASM_GF2m -DSHA1_ASM -DSHA256_ASM -DSHA512_ASM -DMD5_ASM -DAES_ASM -DVPAES_ASM -DBSAES_ASM -DWHIRLPOOL_ASM -DGHASH_ASM  -O3  -Wall  -c -o err.o err.c
gcc -I.. -I../.. -I../modes -I../asn1 -I../evp -I../../include  -DOPENSSL_THREADS -D_REENTRANT -DDSO_DLFCN -DHAVE_DLFCN_H -Wa,--noexecstack -m64 -DL_ENDIAN -DTERMIO -O3 -Wall -DOPENSSL_IA32_SSE2 -DOPENSSL_BN_ASM_MONT -DOPENSSL_BN_ASM_MONT5 -DOPENSSL_BN_ASM_GF2m -DSHA1_ASM -DSHA256_ASM -DSHA512_ASM -DMD5_ASM -DAES_ASM -DVPAES_ASM -DBSAES_ASM -DWHIRLPOOL_ASM -DGHASH_ASM  -O3  -Wall  -c -o err_all.o err_all.c
gcc -I.. -I../.. -I../modes -I../asn1 -I../evp -I../../include  -DOPENSSL_THREADS -D_REENTRANT -DDSO_DLFCN -DHAVE_DLFCN_H -Wa,--noexecstack -m64 -DL_ENDIAN -DTERMIO -O3 -Wall -DOPENSSL_IA32_SSE2 -DOPENSSL_BN_ASM_MONT -DOPENSSL_BN_ASM_MONT5 -DOPENSSL_BN_ASM_GF2m -DSHA1_ASM -DSHA256_ASM -DSHA512_ASM -DMD5_ASM -DAES_ASM -DVPAES_ASM -DBSAES_ASM -DWHIRLPOOL_ASM -DGHASH_ASM  -O3  -Wall  -c -o err_prn.o err_prn.c
ar  r ../../libcrypto.a err.o err_all.o err_prn.o
ranlib ../../libcrypto.a || echo Never mind.
make[4]: Leaving directory `/home/lucas.t/Cactus_tmp/configs/sim/scratch/build/OpenSSL/openssl-1.0.1k/crypto/err'
making all in crypto/evp...
make[4]: Entering directory `/home/lucas.t/Cactus_tmp/configs/sim/scratch/build/OpenSSL/openssl-1.0.1k/crypto/evp'
gcc -I.. -I../.. -I../modes -I../asn1 -I../evp -I../../include  -DOPENSSL_THREADS -D_REENTRANT -DDSO_DLFCN -DHAVE_DLFCN_H -Wa,--noexecstack -m64 -DL_ENDIAN -DTERMIO -O3 -Wall -DOPENSSL_IA32_SSE2 -DOPENSSL_BN_ASM_MONT -DOPENSSL_BN_ASM_MONT5 -DOPENSSL_BN_ASM_GF2m -DSHA1_ASM -DSHA256_ASM -DSHA512_ASM -DMD5_ASM -DAES_ASM -DVPAES_ASM -DBSAES_ASM -DWHIRLPOOL_ASM -DGHASH_ASM  -O3  -Wall  -c -o encode.o encode.c
gcc -I.. -I../.. -I../modes -I../asn1 -I../evp -I../../include  -DOPENSSL_THREADS -D_REENTRANT -DDSO_DLFCN -DHAVE_DLFCN_H -Wa,--noexecstack -m64 -DL_ENDIAN -DTERMIO -O3 -Wall -DOPENSSL_IA32_SSE2 -DOPENSSL_BN_ASM_MONT -DOPENSSL_BN_ASM_MONT5 -DOPENSSL_BN_ASM_GF2m -DSHA1_ASM -DSHA256_ASM -DSHA512_ASM -DMD5_ASM -DAES_ASM -DVPAES_ASM -DBSAES_ASM -DWHIRLPOOL_ASM -DGHASH_ASM  -O3  -Wall  -c -o digest.o digest.c
gcc -I.. -I../.. -I../modes -I../asn1 -I../evp -I../../include  -DOPENSSL_THREADS -D_REENTRANT -DDSO_DLFCN -DHAVE_DLFCN_H -Wa,--noexecstack -m64 -DL_ENDIAN -DTERMIO -O3 -Wall -DOPENSSL_IA32_SSE2 -DOPENSSL_BN_ASM_MONT -DOPENSSL_BN_ASM_MONT5 -DOPENSSL_BN_ASM_GF2m -DSHA1_ASM -DSHA256_ASM -DSHA512_ASM -DMD5_ASM -DAES_ASM -DVPAES_ASM -DBSAES_ASM -DWHIRLPOOL_ASM -DGHASH_ASM  -O3  -Wall  -c -o evp_enc.o evp_enc.c
gcc -I.. -I../.. -I../modes -I../asn1 -I../evp -I../../include  -DOPENSSL_THREADS -D_REENTRANT -DDSO_DLFCN -DHAVE_DLFCN_H -Wa,--noexecstack -m64 -DL_ENDIAN -DTERMIO -O3 -Wall -DOPENSSL_IA32_SSE2 -DOPENSSL_BN_ASM_MONT -DOPENSSL_BN_ASM_MONT5 -DOPENSSL_BN_ASM_GF2m -DSHA1_ASM -DSHA256_ASM -DSHA512_ASM -DMD5_ASM -DAES_ASM -DVPAES_ASM -DBSAES_ASM -DWHIRLPOOL_ASM -DGHASH_ASM  -O3  -Wall  -c -o evp_key.o evp_key.c
gcc -I.. -I../.. -I../modes -I../asn1 -I../evp -I../../include  -DOPENSSL_THREADS -D_REENTRANT -DDSO_DLFCN -DHAVE_DLFCN_H -Wa,--noexecstack -m64 -DL_ENDIAN -DTERMIO -O3 -Wall -DOPENSSL_IA32_SSE2 -DOPENSSL_BN_ASM_MONT -DOPENSSL_BN_ASM_MONT5 -DOPENSSL_BN_ASM_GF2m -DSHA1_ASM -DSHA256_ASM -DSHA512_ASM -DMD5_ASM -DAES_ASM -DVPAES_ASM -DBSAES_ASM -DWHIRLPOOL_ASM -DGHASH_ASM  -O3  -Wall  -c -o evp_acnf.o evp_acnf.c
gcc -I.. -I../.. -I../modes -I../asn1 -I../evp -I../../include  -DOPENSSL_THREADS -D_REENTRANT -DDSO_DLFCN -DHAVE_DLFCN_H -Wa,--noexecstack -m64 -DL_ENDIAN -DTERMIO -O3 -Wall -DOPENSSL_IA32_SSE2 -DOPENSSL_BN_ASM_MONT -DOPENSSL_BN_ASM_MONT5 -DOPENSSL_BN_ASM_GF2m -DSHA1_ASM -DSHA256_ASM -DSHA512_ASM -DMD5_ASM -DAES_ASM -DVPAES_ASM -DBSAES_ASM -DWHIRLPOOL_ASM -DGHASH_ASM  -O3  -Wall  -c -o evp_cnf.o evp_cnf.c
gcc -I.. -I../.. -I../modes -I../asn1 -I../evp -I../../include  -DOPENSSL_THREADS -D_REENTRANT -DDSO_DLFCN -DHAVE_DLFCN_H -Wa,--noexecstack -m64 -DL_ENDIAN -DTERMIO -O3 -Wall -DOPENSSL_IA32_SSE2 -DOPENSSL_BN_ASM_MONT -DOPENSSL_BN_ASM_MONT5 -DOPENSSL_BN_ASM_GF2m -DSHA1_ASM -DSHA256_ASM -DSHA512_ASM -DMD5_ASM -DAES_ASM -DVPAES_ASM -DBSAES_ASM -DWHIRLPOOL_ASM -DGHASH_ASM  -O3  -Wall  -c -o e_des.o e_des.c
gcc -I.. -I../.. -I../modes -I../asn1 -I../evp -I../../include  -DOPENSSL_THREADS -D_REENTRANT -DDSO_DLFCN -DHAVE_DLFCN_H -Wa,--noexecstack -m64 -DL_ENDIAN -DTERMIO -O3 -Wall -DOPENSSL_IA32_SSE2 -DOPENSSL_BN_ASM_MONT -DOPENSSL_BN_ASM_MONT5 -DOPENSSL_BN_ASM_GF2m -DSHA1_ASM -DSHA256_ASM -DSHA512_ASM -DMD5_ASM -DAES_ASM -DVPAES_ASM -DBSAES_ASM -DWHIRLPOOL_ASM -DGHASH_ASM  -O3  -Wall  -c -o e_bf.o e_bf.c
gcc -I.. -I../.. -I../modes -I../asn1 -I../evp -I../../include  -DOPENSSL_THREADS -D_REENTRANT -DDSO_DLFCN -DHAVE_DLFCN_H -Wa,--noexecstack -m64 -DL_ENDIAN -DTERMIO -O3 -Wall -DOPENSSL_IA32_SSE2 -DOPENSSL_BN_ASM_MONT -DOPENSSL_BN_ASM_MONT5 -DOPENSSL_BN_ASM_GF2m -DSHA1_ASM -DSHA256_ASM -DSHA512_ASM -DMD5_ASM -DAES_ASM -DVPAES_ASM -DBSAES_ASM -DWHIRLPOOL_ASM -DGHASH_ASM  -O3  -Wall  -c -o e_idea.o e_idea.c
gcc -I.. -I../.. -I../modes -I../asn1 -I../evp -I../../include  -DOPENSSL_THREADS -D_REENTRANT -DDSO_DLFCN -DHAVE_DLFCN_H -Wa,--noexecstack -m64 -DL_ENDIAN -DTERMIO -O3 -Wall -DOPENSSL_IA32_SSE2 -DOPENSSL_BN_ASM_MONT -DOPENSSL_BN_ASM_MONT5 -DOPENSSL_BN_ASM_GF2m -DSHA1_ASM -DSHA256_ASM -DSHA512_ASM -DMD5_ASM -DAES_ASM -DVPAES_ASM -DBSAES_ASM -DWHIRLPOOL_ASM -DGHASH_ASM  -O3  -Wall  -c -o e_des3.o e_des3.c
gcc -I.. -I../.. -I../modes -I../asn1 -I../evp -I../../include  -DOPENSSL_THREADS -D_REENTRANT -DDSO_DLFCN -DHAVE_DLFCN_H -Wa,--noexecstack -m64 -DL_ENDIAN -DTERMIO -O3 -Wall -DOPENSSL_IA32_SSE2 -DOPENSSL_BN_ASM_MONT -DOPENSSL_BN_ASM_MONT5 -DOPENSSL_BN_ASM_GF2m -DSHA1_ASM -DSHA256_ASM -DSHA512_ASM -DMD5_ASM -DAES_ASM -DVPAES_ASM -DBSAES_ASM -DWHIRLPOOL_ASM -DGHASH_ASM  -O3  -Wall  -c -o e_camellia.o e_camellia.c
gcc -I.. -I../.. -I../modes -I../asn1 -I../evp -I../../include  -DOPENSSL_THREADS -D_REENTRANT -DDSO_DLFCN -DHAVE_DLFCN_H -Wa,--noexecstack -m64 -DL_ENDIAN -DTERMIO -O3 -Wall -DOPENSSL_IA32_SSE2 -DOPENSSL_BN_ASM_MONT -DOPENSSL_BN_ASM_MONT5 -DOPENSSL_BN_ASM_GF2m -DSHA1_ASM -DSHA256_ASM -DSHA512_ASM -DMD5_ASM -DAES_ASM -DVPAES_ASM -DBSAES_ASM -DWHIRLPOOL_ASM -DGHASH_ASM  -O3  -Wall  -c -o e_rc4.o e_rc4.c
gcc -I.. -I../.. -I../modes -I../asn1 -I../evp -I../../include  -DOPENSSL_THREADS -D_REENTRANT -DDSO_DLFCN -DHAVE_DLFCN_H -Wa,--noexecstack -m64 -DL_ENDIAN -DTERMIO -O3 -Wall -DOPENSSL_IA32_SSE2 -DOPENSSL_BN_ASM_MONT -DOPENSSL_BN_ASM_MONT5 -DOPENSSL_BN_ASM_GF2m -DSHA1_ASM -DSHA256_ASM -DSHA512_ASM -DMD5_ASM -DAES_ASM -DVPAES_ASM -DBSAES_ASM -DWHIRLPOOL_ASM -DGHASH_ASM  -O3  -Wall  -c -o e_aes.o e_aes.c
gcc -I.. -I../.. -I../modes -I../asn1 -I../evp -I../../include  -DOPENSSL_THREADS -D_REENTRANT -DDSO_DLFCN -DHAVE_DLFCN_H -Wa,--noexecstack -m64 -DL_ENDIAN -DTERMIO -O3 -Wall -DOPENSSL_IA32_SSE2 -DOPENSSL_BN_ASM_MONT -DOPENSSL_BN_ASM_MONT5 -DOPENSSL_BN_ASM_GF2m -DSHA1_ASM -DSHA256_ASM -DSHA512_ASM -DMD5_ASM -DAES_ASM -DVPAES_ASM -DBSAES_ASM -DWHIRLPOOL_ASM -DGHASH_ASM  -O3  -Wall  -c -o names.o names.c
gcc -I.. -I../.. -I../modes -I../asn1 -I../evp -I../../include  -DOPENSSL_THREADS -D_REENTRANT -DDSO_DLFCN -DHAVE_DLFCN_H -Wa,--noexecstack -m64 -DL_ENDIAN -DTERMIO -O3 -Wall -DOPENSSL_IA32_SSE2 -DOPENSSL_BN_ASM_MONT -DOPENSSL_BN_ASM_MONT5 -DOPENSSL_BN_ASM_GF2m -DSHA1_ASM -DSHA256_ASM -DSHA512_ASM -DMD5_ASM -DAES_ASM -DVPAES_ASM -DBSAES_ASM -DWHIRLPOOL_ASM -DGHASH_ASM  -O3  -Wall  -c -o e_seed.o e_seed.c
gcc -I.. -I../.. -I../modes -I../asn1 -I../evp -I../../include  -DOPENSSL_THREADS -D_REENTRANT -DDSO_DLFCN -DHAVE_DLFCN_H -Wa,--noexecstack -m64 -DL_ENDIAN -DTERMIO -O3 -Wall -DOPENSSL_IA32_SSE2 -DOPENSSL_BN_ASM_MONT -DOPENSSL_BN_ASM_MONT5 -DOPENSSL_BN_ASM_GF2m -DSHA1_ASM -DSHA256_ASM -DSHA512_ASM -DMD5_ASM -DAES_ASM -DVPAES_ASM -DBSAES_ASM -DWHIRLPOOL_ASM -DGHASH_ASM  -O3  -Wall  -c -o e_xcbc_d.o e_xcbc_d.c
gcc -I.. -I../.. -I../modes -I../asn1 -I../evp -I../../include  -DOPENSSL_THREADS -D_REENTRANT -DDSO_DLFCN -DHAVE_DLFCN_H -Wa,--noexecstack -m64 -DL_ENDIAN -DTERMIO -O3 -Wall -DOPENSSL_IA32_SSE2 -DOPENSSL_BN_ASM_MONT -DOPENSSL_BN_ASM_MONT5 -DOPENSSL_BN_ASM_GF2m -DSHA1_ASM -DSHA256_ASM -DSHA512_ASM -DMD5_ASM -DAES_ASM -DVPAES_ASM -DBSAES_ASM -DWHIRLPOOL_ASM -DGHASH_ASM  -O3  -Wall  -c -o e_rc2.o e_rc2.c
gcc -I.. -I../.. -I../modes -I../asn1 -I../evp -I../../include  -DOPENSSL_THREADS -D_REENTRANT -DDSO_DLFCN -DHAVE_DLFCN_H -Wa,--noexecstack -m64 -DL_ENDIAN -DTERMIO -O3 -Wall -DOPENSSL_IA32_SSE2 -DOPENSSL_BN_ASM_MONT -DOPENSSL_BN_ASM_MONT5 -DOPENSSL_BN_ASM_GF2m -DSHA1_ASM -DSHA256_ASM -DSHA512_ASM -DMD5_ASM -DAES_ASM -DVPAES_ASM -DBSAES_ASM -DWHIRLPOOL_ASM -DGHASH_ASM  -O3  -Wall  -c -o e_cast.o e_cast.c
gcc -I.. -I../.. -I../modes -I../asn1 -I../evp -I../../include  -DOPENSSL_THREADS -D_REENTRANT -DDSO_DLFCN -DHAVE_DLFCN_H -Wa,--noexecstack -m64 -DL_ENDIAN -DTERMIO -O3 -Wall -DOPENSSL_IA32_SSE2 -DOPENSSL_BN_ASM_MONT -DOPENSSL_BN_ASM_MONT5 -DOPENSSL_BN_ASM_GF2m -DSHA1_ASM -DSHA256_ASM -DSHA512_ASM -DMD5_ASM -DAES_ASM -DVPAES_ASM -DBSAES_ASM -DWHIRLPOOL_ASM -DGHASH_ASM  -O3  -Wall  -c -o e_rc5.o e_rc5.c
gcc -I.. -I../.. -I../modes -I../asn1 -I../evp -I../../include  -DOPENSSL_THREADS -D_REENTRANT -DDSO_DLFCN -DHAVE_DLFCN_H -Wa,--noexecstack -m64 -DL_ENDIAN -DTERMIO -O3 -Wall -DOPENSSL_IA32_SSE2 -DOPENSSL_BN_ASM_MONT -DOPENSSL_BN_ASM_MONT5 -DOPENSSL_BN_ASM_GF2m -DSHA1_ASM -DSHA256_ASM -DSHA512_ASM -DMD5_ASM -DAES_ASM -DVPAES_ASM -DBSAES_ASM -DWHIRLPOOL_ASM -DGHASH_ASM  -O3  -Wall  -c -o m_null.o m_null.c
gcc -I.. -I../.. -I../modes -I../asn1 -I../evp -I../../include  -DOPENSSL_THREADS -D_REENTRANT -DDSO_DLFCN -DHAVE_DLFCN_H -Wa,--noexecstack -m64 -DL_ENDIAN -DTERMIO -O3 -Wall -DOPENSSL_IA32_SSE2 -DOPENSSL_BN_ASM_MONT -DOPENSSL_BN_ASM_MONT5 -DOPENSSL_BN_ASM_GF2m -DSHA1_ASM -DSHA256_ASM -DSHA512_ASM -DMD5_ASM -DAES_ASM -DVPAES_ASM -DBSAES_ASM -DWHIRLPOOL_ASM -DGHASH_ASM  -O3  -Wall  -c -o m_md2.o m_md2.c
gcc -I.. -I../.. -I../modes -I../asn1 -I../evp -I../../include  -DOPENSSL_THREADS -D_REENTRANT -DDSO_DLFCN -DHAVE_DLFCN_H -Wa,--noexecstack -m64 -DL_ENDIAN -DTERMIO -O3 -Wall -DOPENSSL_IA32_SSE2 -DOPENSSL_BN_ASM_MONT -DOPENSSL_BN_ASM_MONT5 -DOPENSSL_BN_ASM_GF2m -DSHA1_ASM -DSHA256_ASM -DSHA512_ASM -DMD5_ASM -DAES_ASM -DVPAES_ASM -DBSAES_ASM -DWHIRLPOOL_ASM -DGHASH_ASM  -O3  -Wall  -c -o m_md4.o m_md4.c
gcc -I.. -I../.. -I../modes -I../asn1 -I../evp -I../../include  -DOPENSSL_THREADS -D_REENTRANT -DDSO_DLFCN -DHAVE_DLFCN_H -Wa,--noexecstack -m64 -DL_ENDIAN -DTERMIO -O3 -Wall -DOPENSSL_IA32_SSE2 -DOPENSSL_BN_ASM_MONT -DOPENSSL_BN_ASM_MONT5 -DOPENSSL_BN_ASM_GF2m -DSHA1_ASM -DSHA256_ASM -DSHA512_ASM -DMD5_ASM -DAES_ASM -DVPAES_ASM -DBSAES_ASM -DWHIRLPOOL_ASM -DGHASH_ASM  -O3  -Wall  -c -o m_md5.o m_md5.c
gcc -I.. -I../.. -I../modes -I../asn1 -I../evp -I../../include  -DOPENSSL_THREADS -D_REENTRANT -DDSO_DLFCN -DHAVE_DLFCN_H -Wa,--noexecstack -m64 -DL_ENDIAN -DTERMIO -O3 -Wall -DOPENSSL_IA32_SSE2 -DOPENSSL_BN_ASM_MONT -DOPENSSL_BN_ASM_MONT5 -DOPENSSL_BN_ASM_GF2m -DSHA1_ASM -DSHA256_ASM -DSHA512_ASM -DMD5_ASM -DAES_ASM -DVPAES_ASM -DBSAES_ASM -DWHIRLPOOL_ASM -DGHASH_ASM  -O3  -Wall  -c -o m_sha.o m_sha.c
gcc -I.. -I../.. -I../modes -I../asn1 -I../evp -I../../include  -DOPENSSL_THREADS -D_REENTRANT -DDSO_DLFCN -DHAVE_DLFCN_H -Wa,--noexecstack -m64 -DL_ENDIAN -DTERMIO -O3 -Wall -DOPENSSL_IA32_SSE2 -DOPENSSL_BN_ASM_MONT -DOPENSSL_BN_ASM_MONT5 -DOPENSSL_BN_ASM_GF2m -DSHA1_ASM -DSHA256_ASM -DSHA512_ASM -DMD5_ASM -DAES_ASM -DVPAES_ASM -DBSAES_ASM -DWHIRLPOOL_ASM -DGHASH_ASM  -O3  -Wall  -c -o m_sha1.o m_sha1.c
gcc -I.. -I../.. -I../modes -I../asn1 -I../evp -I../../include  -DOPENSSL_THREADS -D_REENTRANT -DDSO_DLFCN -DHAVE_DLFCN_H -Wa,--noexecstack -m64 -DL_ENDIAN -DTERMIO -O3 -Wall -DOPENSSL_IA32_SSE2 -DOPENSSL_BN_ASM_MONT -DOPENSSL_BN_ASM_MONT5 -DOPENSSL_BN_ASM_GF2m -DSHA1_ASM -DSHA256_ASM -DSHA512_ASM -DMD5_ASM -DAES_ASM -DVPAES_ASM -DBSAES_ASM -DWHIRLPOOL_ASM -DGHASH_ASM  -O3  -Wall  -c -o m_wp.o m_wp.c
gcc -I.. -I../.. -I../modes -I../asn1 -I../evp -I../../include  -DOPENSSL_THREADS -D_REENTRANT -DDSO_DLFCN -DHAVE_DLFCN_H -Wa,--noexecstack -m64 -DL_ENDIAN -DTERMIO -O3 -Wall -DOPENSSL_IA32_SSE2 -DOPENSSL_BN_ASM_MONT -DOPENSSL_BN_ASM_MONT5 -DOPENSSL_BN_ASM_GF2m -DSHA1_ASM -DSHA256_ASM -DSHA512_ASM -DMD5_ASM -DAES_ASM -DVPAES_ASM -DBSAES_ASM -DWHIRLPOOL_ASM -DGHASH_ASM  -O3  -Wall  -c -o m_dss.o m_dss.c
gcc -I.. -I../.. -I../modes -I../asn1 -I../evp -I../../include  -DOPENSSL_THREADS -D_REENTRANT -DDSO_DLFCN -DHAVE_DLFCN_H -Wa,--noexecstack -m64 -DL_ENDIAN -DTERMIO -O3 -Wall -DOPENSSL_IA32_SSE2 -DOPENSSL_BN_ASM_MONT -DOPENSSL_BN_ASM_MONT5 -DOPENSSL_BN_ASM_GF2m -DSHA1_ASM -DSHA256_ASM -DSHA512_ASM -DMD5_ASM -DAES_ASM -DVPAES_ASM -DBSAES_ASM -DWHIRLPOOL_ASM -DGHASH_ASM  -O3  -Wall  -c -o m_dss1.o m_dss1.c
gcc -I.. -I../.. -I../modes -I../asn1 -I../evp -I../../include  -DOPENSSL_THREADS -D_REENTRANT -DDSO_DLFCN -DHAVE_DLFCN_H -Wa,--noexecstack -m64 -DL_ENDIAN -DTERMIO -O3 -Wall -DOPENSSL_IA32_SSE2 -DOPENSSL_BN_ASM_MONT -DOPENSSL_BN_ASM_MONT5 -DOPENSSL_BN_ASM_GF2m -DSHA1_ASM -DSHA256_ASM -DSHA512_ASM -DMD5_ASM -DAES_ASM -DVPAES_ASM -DBSAES_ASM -DWHIRLPOOL_ASM -DGHASH_ASM  -O3  -Wall  -c -o m_mdc2.o m_mdc2.c
gcc -I.. -I../.. -I../modes -I../asn1 -I../evp -I../../include  -DOPENSSL_THREADS -D_REENTRANT -DDSO_DLFCN -DHAVE_DLFCN_H -Wa,--noexecstack -m64 -DL_ENDIAN -DTERMIO -O3 -Wall -DOPENSSL_IA32_SSE2 -DOPENSSL_BN_ASM_MONT -DOPENSSL_BN_ASM_MONT5 -DOPENSSL_BN_ASM_GF2m -DSHA1_ASM -DSHA256_ASM -DSHA512_ASM -DMD5_ASM -DAES_ASM -DVPAES_ASM -DBSAES_ASM -DWHIRLPOOL_ASM -DGHASH_ASM  -O3  -Wall  -c -o m_ripemd.o m_ripemd.c
gcc -I.. -I../.. -I../modes -I../asn1 -I../evp -I../../include  -DOPENSSL_THREADS -D_REENTRANT -DDSO_DLFCN -DHAVE_DLFCN_H -Wa,--noexecstack -m64 -DL_ENDIAN -DTERMIO -O3 -Wall -DOPENSSL_IA32_SSE2 -DOPENSSL_BN_ASM_MONT -DOPENSSL_BN_ASM_MONT5 -DOPENSSL_BN_ASM_GF2m -DSHA1_ASM -DSHA256_ASM -DSHA512_ASM -DMD5_ASM -DAES_ASM -DVPAES_ASM -DBSAES_ASM -DWHIRLPOOL_ASM -DGHASH_ASM  -O3  -Wall  -c -o m_ecdsa.o m_ecdsa.c
gcc -I.. -I../.. -I../modes -I../asn1 -I../evp -I../../include  -DOPENSSL_THREADS -D_REENTRANT -DDSO_DLFCN -DHAVE_DLFCN_H -Wa,--noexecstack -m64 -DL_ENDIAN -DTERMIO -O3 -Wall -DOPENSSL_IA32_SSE2 -DOPENSSL_BN_ASM_MONT -DOPENSSL_BN_ASM_MONT5 -DOPENSSL_BN_ASM_GF2m -DSHA1_ASM -DSHA256_ASM -DSHA512_ASM -DMD5_ASM -DAES_ASM -DVPAES_ASM -DBSAES_ASM -DWHIRLPOOL_ASM -DGHASH_ASM  -O3  -Wall  -c -o p_open.o p_open.c
gcc -I.. -I../.. -I../modes -I../asn1 -I../evp -I../../include  -DOPENSSL_THREADS -D_REENTRANT -DDSO_DLFCN -DHAVE_DLFCN_H -Wa,--noexecstack -m64 -DL_ENDIAN -DTERMIO -O3 -Wall -DOPENSSL_IA32_SSE2 -DOPENSSL_BN_ASM_MONT -DOPENSSL_BN_ASM_MONT5 -DOPENSSL_BN_ASM_GF2m -DSHA1_ASM -DSHA256_ASM -DSHA512_ASM -DMD5_ASM -DAES_ASM -DVPAES_ASM -DBSAES_ASM -DWHIRLPOOL_ASM -DGHASH_ASM  -O3  -Wall  -c -o p_seal.o p_seal.c
gcc -I.. -I../.. -I../modes -I../asn1 -I../evp -I../../include  -DOPENSSL_THREADS -D_REENTRANT -DDSO_DLFCN -DHAVE_DLFCN_H -Wa,--noexecstack -m64 -DL_ENDIAN -DTERMIO -O3 -Wall -DOPENSSL_IA32_SSE2 -DOPENSSL_BN_ASM_MONT -DOPENSSL_BN_ASM_MONT5 -DOPENSSL_BN_ASM_GF2m -DSHA1_ASM -DSHA256_ASM -DSHA512_ASM -DMD5_ASM -DAES_ASM -DVPAES_ASM -DBSAES_ASM -DWHIRLPOOL_ASM -DGHASH_ASM  -O3  -Wall  -c -o p_sign.o p_sign.c
gcc -I.. -I../.. -I../modes -I../asn1 -I../evp -I../../include  -DOPENSSL_THREADS -D_REENTRANT -DDSO_DLFCN -DHAVE_DLFCN_H -Wa,--noexecstack -m64 -DL_ENDIAN -DTERMIO -O3 -Wall -DOPENSSL_IA32_SSE2 -DOPENSSL_BN_ASM_MONT -DOPENSSL_BN_ASM_MONT5 -DOPENSSL_BN_ASM_GF2m -DSHA1_ASM -DSHA256_ASM -DSHA512_ASM -DMD5_ASM -DAES_ASM -DVPAES_ASM -DBSAES_ASM -DWHIRLPOOL_ASM -DGHASH_ASM  -O3  -Wall  -c -o p_verify.o p_verify.c
gcc -I.. -I../.. -I../modes -I../asn1 -I../evp -I../../include  -DOPENSSL_THREADS -D_REENTRANT -DDSO_DLFCN -DHAVE_DLFCN_H -Wa,--noexecstack -m64 -DL_ENDIAN -DTERMIO -O3 -Wall -DOPENSSL_IA32_SSE2 -DOPENSSL_BN_ASM_MONT -DOPENSSL_BN_ASM_MONT5 -DOPENSSL_BN_ASM_GF2m -DSHA1_ASM -DSHA256_ASM -DSHA512_ASM -DMD5_ASM -DAES_ASM -DVPAES_ASM -DBSAES_ASM -DWHIRLPOOL_ASM -DGHASH_ASM  -O3  -Wall  -c -o p_lib.o p_lib.c
gcc -I.. -I../.. -I../modes -I../asn1 -I../evp -I../../include  -DOPENSSL_THREADS -D_REENTRANT -DDSO_DLFCN -DHAVE_DLFCN_H -Wa,--noexecstack -m64 -DL_ENDIAN -DTERMIO -O3 -Wall -DOPENSSL_IA32_SSE2 -DOPENSSL_BN_ASM_MONT -DOPENSSL_BN_ASM_MONT5 -DOPENSSL_BN_ASM_GF2m -DSHA1_ASM -DSHA256_ASM -DSHA512_ASM -DMD5_ASM -DAES_ASM -DVPAES_ASM -DBSAES_ASM -DWHIRLPOOL_ASM -DGHASH_ASM  -O3  -Wall  -c -o p_enc.o p_enc.c
gcc -I.. -I../.. -I../modes -I../asn1 -I../evp -I../../include  -DOPENSSL_THREADS -D_REENTRANT -DDSO_DLFCN -DHAVE_DLFCN_H -Wa,--noexecstack -m64 -DL_ENDIAN -DTERMIO -O3 -Wall -DOPENSSL_IA32_SSE2 -DOPENSSL_BN_ASM_MONT -DOPENSSL_BN_ASM_MONT5 -DOPENSSL_BN_ASM_GF2m -DSHA1_ASM -DSHA256_ASM -DSHA512_ASM -DMD5_ASM -DAES_ASM -DVPAES_ASM -DBSAES_ASM -DWHIRLPOOL_ASM -DGHASH_ASM  -O3  -Wall  -c -o p_dec.o p_dec.c
gcc -I.. -I../.. -I../modes -I../asn1 -I../evp -I../../include  -DOPENSSL_THREADS -D_REENTRANT -DDSO_DLFCN -DHAVE_DLFCN_H -Wa,--noexecstack -m64 -DL_ENDIAN -DTERMIO -O3 -Wall -DOPENSSL_IA32_SSE2 -DOPENSSL_BN_ASM_MONT -DOPENSSL_BN_ASM_MONT5 -DOPENSSL_BN_ASM_GF2m -DSHA1_ASM -DSHA256_ASM -DSHA512_ASM -DMD5_ASM -DAES_ASM -DVPAES_ASM -DBSAES_ASM -DWHIRLPOOL_ASM -DGHASH_ASM  -O3  -Wall  -c -o bio_md.o bio_md.c
gcc -I.. -I../.. -I../modes -I../asn1 -I../evp -I../../include  -DOPENSSL_THREADS -D_REENTRANT -DDSO_DLFCN -DHAVE_DLFCN_H -Wa,--noexecstack -m64 -DL_ENDIAN -DTERMIO -O3 -Wall -DOPENSSL_IA32_SSE2 -DOPENSSL_BN_ASM_MONT -DOPENSSL_BN_ASM_MONT5 -DOPENSSL_BN_ASM_GF2m -DSHA1_ASM -DSHA256_ASM -DSHA512_ASM -DMD5_ASM -DAES_ASM -DVPAES_ASM -DBSAES_ASM -DWHIRLPOOL_ASM -DGHASH_ASM  -O3  -Wall  -c -o bio_b64.o bio_b64.c
gcc -I.. -I../.. -I../modes -I../asn1 -I../evp -I../../include  -DOPENSSL_THREADS -D_REENTRANT -DDSO_DLFCN -DHAVE_DLFCN_H -Wa,--noexecstack -m64 -DL_ENDIAN -DTERMIO -O3 -Wall -DOPENSSL_IA32_SSE2 -DOPENSSL_BN_ASM_MONT -DOPENSSL_BN_ASM_MONT5 -DOPENSSL_BN_ASM_GF2m -DSHA1_ASM -DSHA256_ASM -DSHA512_ASM -DMD5_ASM -DAES_ASM -DVPAES_ASM -DBSAES_ASM -DWHIRLPOOL_ASM -DGHASH_ASM  -O3  -Wall  -c -o bio_enc.o bio_enc.c
gcc -I.. -I../.. -I../modes -I../asn1 -I../evp -I../../include  -DOPENSSL_THREADS -D_REENTRANT -DDSO_DLFCN -DHAVE_DLFCN_H -Wa,--noexecstack -m64 -DL_ENDIAN -DTERMIO -O3 -Wall -DOPENSSL_IA32_SSE2 -DOPENSSL_BN_ASM_MONT -DOPENSSL_BN_ASM_MONT5 -DOPENSSL_BN_ASM_GF2m -DSHA1_ASM -DSHA256_ASM -DSHA512_ASM -DMD5_ASM -DAES_ASM -DVPAES_ASM -DBSAES_ASM -DWHIRLPOOL_ASM -DGHASH_ASM  -O3  -Wall  -c -o evp_err.o evp_err.c
gcc -I.. -I../.. -I../modes -I../asn1 -I../evp -I../../include  -DOPENSSL_THREADS -D_REENTRANT -DDSO_DLFCN -DHAVE_DLFCN_H -Wa,--noexecstack -m64 -DL_ENDIAN -DTERMIO -O3 -Wall -DOPENSSL_IA32_SSE2 -DOPENSSL_BN_ASM_MONT -DOPENSSL_BN_ASM_MONT5 -DOPENSSL_BN_ASM_GF2m -DSHA1_ASM -DSHA256_ASM -DSHA512_ASM -DMD5_ASM -DAES_ASM -DVPAES_ASM -DBSAES_ASM -DWHIRLPOOL_ASM -DGHASH_ASM  -O3  -Wall  -c -o e_null.o e_null.c
gcc -I.. -I../.. -I../modes -I../asn1 -I../evp -I../../include  -DOPENSSL_THREADS -D_REENTRANT -DDSO_DLFCN -DHAVE_DLFCN_H -Wa,--noexecstack -m64 -DL_ENDIAN -DTERMIO -O3 -Wall -DOPENSSL_IA32_SSE2 -DOPENSSL_BN_ASM_MONT -DOPENSSL_BN_ASM_MONT5 -DOPENSSL_BN_ASM_GF2m -DSHA1_ASM -DSHA256_ASM -DSHA512_ASM -DMD5_ASM -DAES_ASM -DVPAES_ASM -DBSAES_ASM -DWHIRLPOOL_ASM -DGHASH_ASM  -O3  -Wall  -c -o c_all.o c_all.c
gcc -I.. -I../.. -I../modes -I../asn1 -I../evp -I../../include  -DOPENSSL_THREADS -D_REENTRANT -DDSO_DLFCN -DHAVE_DLFCN_H -Wa,--noexecstack -m64 -DL_ENDIAN -DTERMIO -O3 -Wall -DOPENSSL_IA32_SSE2 -DOPENSSL_BN_ASM_MONT -DOPENSSL_BN_ASM_MONT5 -DOPENSSL_BN_ASM_GF2m -DSHA1_ASM -DSHA256_ASM -DSHA512_ASM -DMD5_ASM -DAES_ASM -DVPAES_ASM -DBSAES_ASM -DWHIRLPOOL_ASM -DGHASH_ASM  -O3  -Wall  -c -o c_allc.o c_allc.c
gcc -I.. -I../.. -I../modes -I../asn1 -I../evp -I../../include  -DOPENSSL_THREADS -D_REENTRANT -DDSO_DLFCN -DHAVE_DLFCN_H -Wa,--noexecstack -m64 -DL_ENDIAN -DTERMIO -O3 -Wall -DOPENSSL_IA32_SSE2 -DOPENSSL_BN_ASM_MONT -DOPENSSL_BN_ASM_MONT5 -DOPENSSL_BN_ASM_GF2m -DSHA1_ASM -DSHA256_ASM -DSHA512_ASM -DMD5_ASM -DAES_ASM -DVPAES_ASM -DBSAES_ASM -DWHIRLPOOL_ASM -DGHASH_ASM  -O3  -Wall  -c -o c_alld.o c_alld.c
gcc -I.. -I../.. -I../modes -I../asn1 -I../evp -I../../include  -DOPENSSL_THREADS -D_REENTRANT -DDSO_DLFCN -DHAVE_DLFCN_H -Wa,--noexecstack -m64 -DL_ENDIAN -DTERMIO -O3 -Wall -DOPENSSL_IA32_SSE2 -DOPENSSL_BN_ASM_MONT -DOPENSSL_BN_ASM_MONT5 -DOPENSSL_BN_ASM_GF2m -DSHA1_ASM -DSHA256_ASM -DSHA512_ASM -DMD5_ASM -DAES_ASM -DVPAES_ASM -DBSAES_ASM -DWHIRLPOOL_ASM -DGHASH_ASM  -O3  -Wall  -c -o evp_lib.o evp_lib.c
gcc -I.. -I../.. -I../modes -I../asn1 -I../evp -I../../include  -DOPENSSL_THREADS -D_REENTRANT -DDSO_DLFCN -DHAVE_DLFCN_H -Wa,--noexecstack -m64 -DL_ENDIAN -DTERMIO -O3 -Wall -DOPENSSL_IA32_SSE2 -DOPENSSL_BN_ASM_MONT -DOPENSSL_BN_ASM_MONT5 -DOPENSSL_BN_ASM_GF2m -DSHA1_ASM -DSHA256_ASM -DSHA512_ASM -DMD5_ASM -DAES_ASM -DVPAES_ASM -DBSAES_ASM -DWHIRLPOOL_ASM -DGHASH_ASM  -O3  -Wall  -c -o bio_ok.o bio_ok.c
gcc -I.. -I../.. -I../modes -I../asn1 -I../evp -I../../include  -DOPENSSL_THREADS -D_REENTRANT -DDSO_DLFCN -DHAVE_DLFCN_H -Wa,--noexecstack -m64 -DL_ENDIAN -DTERMIO -O3 -Wall -DOPENSSL_IA32_SSE2 -DOPENSSL_BN_ASM_MONT -DOPENSSL_BN_ASM_MONT5 -DOPENSSL_BN_ASM_GF2m -DSHA1_ASM -DSHA256_ASM -DSHA512_ASM -DMD5_ASM -DAES_ASM -DVPAES_ASM -DBSAES_ASM -DWHIRLPOOL_ASM -DGHASH_ASM  -O3  -Wall  -c -o evp_pkey.o evp_pkey.c
gcc -I.. -I../.. -I../modes -I../asn1 -I../evp -I../../include  -DOPENSSL_THREADS -D_REENTRANT -DDSO_DLFCN -DHAVE_DLFCN_H -Wa,--noexecstack -m64 -DL_ENDIAN -DTERMIO -O3 -Wall -DOPENSSL_IA32_SSE2 -DOPENSSL_BN_ASM_MONT -DOPENSSL_BN_ASM_MONT5 -DOPENSSL_BN_ASM_GF2m -DSHA1_ASM -DSHA256_ASM -DSHA512_ASM -DMD5_ASM -DAES_ASM -DVPAES_ASM -DBSAES_ASM -DWHIRLPOOL_ASM -DGHASH_ASM  -O3  -Wall  -c -o evp_pbe.o evp_pbe.c
gcc -I.. -I../.. -I../modes -I../asn1 -I../evp -I../../include  -DOPENSSL_THREADS -D_REENTRANT -DDSO_DLFCN -DHAVE_DLFCN_H -Wa,--noexecstack -m64 -DL_ENDIAN -DTERMIO -O3 -Wall -DOPENSSL_IA32_SSE2 -DOPENSSL_BN_ASM_MONT -DOPENSSL_BN_ASM_MONT5 -DOPENSSL_BN_ASM_GF2m -DSHA1_ASM -DSHA256_ASM -DSHA512_ASM -DMD5_ASM -DAES_ASM -DVPAES_ASM -DBSAES_ASM -DWHIRLPOOL_ASM -DGHASH_ASM  -O3  -Wall  -c -o p5_crpt.o p5_crpt.c
gcc -I.. -I../.. -I../modes -I../asn1 -I../evp -I../../include  -DOPENSSL_THREADS -D_REENTRANT -DDSO_DLFCN -DHAVE_DLFCN_H -Wa,--noexecstack -m64 -DL_ENDIAN -DTERMIO -O3 -Wall -DOPENSSL_IA32_SSE2 -DOPENSSL_BN_ASM_MONT -DOPENSSL_BN_ASM_MONT5 -DOPENSSL_BN_ASM_GF2m -DSHA1_ASM -DSHA256_ASM -DSHA512_ASM -DMD5_ASM -DAES_ASM -DVPAES_ASM -DBSAES_ASM -DWHIRLPOOL_ASM -DGHASH_ASM  -O3  -Wall  -c -o p5_crpt2.o p5_crpt2.c
gcc -I.. -I../.. -I../modes -I../asn1 -I../evp -I../../include  -DOPENSSL_THREADS -D_REENTRANT -DDSO_DLFCN -DHAVE_DLFCN_H -Wa,--noexecstack -m64 -DL_ENDIAN -DTERMIO -O3 -Wall -DOPENSSL_IA32_SSE2 -DOPENSSL_BN_ASM_MONT -DOPENSSL_BN_ASM_MONT5 -DOPENSSL_BN_ASM_GF2m -DSHA1_ASM -DSHA256_ASM -DSHA512_ASM -DMD5_ASM -DAES_ASM -DVPAES_ASM -DBSAES_ASM -DWHIRLPOOL_ASM -DGHASH_ASM  -O3  -Wall  -c -o e_old.o e_old.c
gcc -I.. -I../.. -I../modes -I../asn1 -I../evp -I../../include  -DOPENSSL_THREADS -D_REENTRANT -DDSO_DLFCN -DHAVE_DLFCN_H -Wa,--noexecstack -m64 -DL_ENDIAN -DTERMIO -O3 -Wall -DOPENSSL_IA32_SSE2 -DOPENSSL_BN_ASM_MONT -DOPENSSL_BN_ASM_MONT5 -DOPENSSL_BN_ASM_GF2m -DSHA1_ASM -DSHA256_ASM -DSHA512_ASM -DMD5_ASM -DAES_ASM -DVPAES_ASM -DBSAES_ASM -DWHIRLPOOL_ASM -DGHASH_ASM  -O3  -Wall  -c -o pmeth_lib.o pmeth_lib.c
gcc -I.. -I../.. -I../modes -I../asn1 -I../evp -I../../include  -DOPENSSL_THREADS -D_REENTRANT -DDSO_DLFCN -DHAVE_DLFCN_H -Wa,--noexecstack -m64 -DL_ENDIAN -DTERMIO -O3 -Wall -DOPENSSL_IA32_SSE2 -DOPENSSL_BN_ASM_MONT -DOPENSSL_BN_ASM_MONT5 -DOPENSSL_BN_ASM_GF2m -DSHA1_ASM -DSHA256_ASM -DSHA512_ASM -DMD5_ASM -DAES_ASM -DVPAES_ASM -DBSAES_ASM -DWHIRLPOOL_ASM -DGHASH_ASM  -O3  -Wall  -c -o pmeth_fn.o pmeth_fn.c
gcc -I.. -I../.. -I../modes -I../asn1 -I../evp -I../../include  -DOPENSSL_THREADS -D_REENTRANT -DDSO_DLFCN -DHAVE_DLFCN_H -Wa,--noexecstack -m64 -DL_ENDIAN -DTERMIO -O3 -Wall -DOPENSSL_IA32_SSE2 -DOPENSSL_BN_ASM_MONT -DOPENSSL_BN_ASM_MONT5 -DOPENSSL_BN_ASM_GF2m -DSHA1_ASM -DSHA256_ASM -DSHA512_ASM -DMD5_ASM -DAES_ASM -DVPAES_ASM -DBSAES_ASM -DWHIRLPOOL_ASM -DGHASH_ASM  -O3  -Wall  -c -o pmeth_gn.o pmeth_gn.c
gcc -I.. -I../.. -I../modes -I../asn1 -I../evp -I../../include  -DOPENSSL_THREADS -D_REENTRANT -DDSO_DLFCN -DHAVE_DLFCN_H -Wa,--noexecstack -m64 -DL_ENDIAN -DTERMIO -O3 -Wall -DOPENSSL_IA32_SSE2 -DOPENSSL_BN_ASM_MONT -DOPENSSL_BN_ASM_MONT5 -DOPENSSL_BN_ASM_GF2m -DSHA1_ASM -DSHA256_ASM -DSHA512_ASM -DMD5_ASM -DAES_ASM -DVPAES_ASM -DBSAES_ASM -DWHIRLPOOL_ASM -DGHASH_ASM  -O3  -Wall  -c -o m_sigver.o m_sigver.c
gcc -I.. -I../.. -I../modes -I../asn1 -I../evp -I../../include  -DOPENSSL_THREADS -D_REENTRANT -DDSO_DLFCN -DHAVE_DLFCN_H -Wa,--noexecstack -m64 -DL_ENDIAN -DTERMIO -O3 -Wall -DOPENSSL_IA32_SSE2 -DOPENSSL_BN_ASM_MONT -DOPENSSL_BN_ASM_MONT5 -DOPENSSL_BN_ASM_GF2m -DSHA1_ASM -DSHA256_ASM -DSHA512_ASM -DMD5_ASM -DAES_ASM -DVPAES_ASM -DBSAES_ASM -DWHIRLPOOL_ASM -DGHASH_ASM  -O3  -Wall  -c -o evp_fips.o evp_fips.c
gcc -I.. -I../.. -I../modes -I../asn1 -I../evp -I../../include  -DOPENSSL_THREADS -D_REENTRANT -DDSO_DLFCN -DHAVE_DLFCN_H -Wa,--noexecstack -m64 -DL_ENDIAN -DTERMIO -O3 -Wall -DOPENSSL_IA32_SSE2 -DOPENSSL_BN_ASM_MONT -DOPENSSL_BN_ASM_MONT5 -DOPENSSL_BN_ASM_GF2m -DSHA1_ASM -DSHA256_ASM -DSHA512_ASM -DMD5_ASM -DAES_ASM -DVPAES_ASM -DBSAES_ASM -DWHIRLPOOL_ASM -DGHASH_ASM  -O3  -Wall  -c -o e_aes_cbc_hmac_sha1.o e_aes_cbc_hmac_sha1.c
gcc -I.. -I../.. -I../modes -I../asn1 -I../evp -I../../include  -DOPENSSL_THREADS -D_REENTRANT -DDSO_DLFCN -DHAVE_DLFCN_H -Wa,--noexecstack -m64 -DL_ENDIAN -DTERMIO -O3 -Wall -DOPENSSL_IA32_SSE2 -DOPENSSL_BN_ASM_MONT -DOPENSSL_BN_ASM_MONT5 -DOPENSSL_BN_ASM_GF2m -DSHA1_ASM -DSHA256_ASM -DSHA512_ASM -DMD5_ASM -DAES_ASM -DVPAES_ASM -DBSAES_ASM -DWHIRLPOOL_ASM -DGHASH_ASM  -O3  -Wall  -c -o e_rc4_hmac_md5.o e_rc4_hmac_md5.c
ar  r ../../libcrypto.a encode.o digest.o evp_enc.o evp_key.o evp_acnf.o evp_cnf.o e_des.o e_bf.o e_idea.o e_des3.o e_camellia.o e_rc4.o e_aes.o names.o e_seed.o e_xcbc_d.o e_rc2.o e_cast.o e_rc5.o m_null.o m_md2.o m_md4.o m_md5.o m_sha.o m_sha1.o m_wp.o m_dss.o m_dss1.o m_mdc2.o m_ripemd.o m_ecdsa.o p_open.o p_seal.o p_sign.o p_verify.o p_lib.o p_enc.o p_dec.o bio_md.o bio_b64.o bio_enc.o evp_err.o e_null.o c_all.o c_allc.o c_alld.o evp_lib.o bio_ok.o evp_pkey.o evp_pbe.o p5_crpt.o p5_crpt2.o e_old.o pmeth_lib.o pmeth_fn.o pmeth_gn.o m_sigver.o evp_fips.o e_aes_cbc_hmac_sha1.o e_rc4_hmac_md5.o
ranlib ../../libcrypto.a || echo Never mind.
make[4]: Leaving directory `/home/lucas.t/Cactus_tmp/configs/sim/scratch/build/OpenSSL/openssl-1.0.1k/crypto/evp'
making all in crypto/asn1...
make[4]: Entering directory `/home/lucas.t/Cactus_tmp/configs/sim/scratch/build/OpenSSL/openssl-1.0.1k/crypto/asn1'
gcc -I.. -I../.. -I../modes -I../asn1 -I../evp -I../../include  -DOPENSSL_THREADS -D_REENTRANT -DDSO_DLFCN -DHAVE_DLFCN_H -Wa,--noexecstack -m64 -DL_ENDIAN -DTERMIO -O3 -Wall -DOPENSSL_IA32_SSE2 -DOPENSSL_BN_ASM_MONT -DOPENSSL_BN_ASM_MONT5 -DOPENSSL_BN_ASM_GF2m -DSHA1_ASM -DSHA256_ASM -DSHA512_ASM -DMD5_ASM -DAES_ASM -DVPAES_ASM -DBSAES_ASM -DWHIRLPOOL_ASM -DGHASH_ASM  -O3  -Wall  -c -o a_object.o a_object.c
gcc -I.. -I../.. -I../modes -I../asn1 -I../evp -I../../include  -DOPENSSL_THREADS -D_REENTRANT -DDSO_DLFCN -DHAVE_DLFCN_H -Wa,--noexecstack -m64 -DL_ENDIAN -DTERMIO -O3 -Wall -DOPENSSL_IA32_SSE2 -DOPENSSL_BN_ASM_MONT -DOPENSSL_BN_ASM_MONT5 -DOPENSSL_BN_ASM_GF2m -DSHA1_ASM -DSHA256_ASM -DSHA512_ASM -DMD5_ASM -DAES_ASM -DVPAES_ASM -DBSAES_ASM -DWHIRLPOOL_ASM -DGHASH_ASM  -O3  -Wall  -c -o a_bitstr.o a_bitstr.c
gcc -I.. -I../.. -I../modes -I../asn1 -I../evp -I../../include  -DOPENSSL_THREADS -D_REENTRANT -DDSO_DLFCN -DHAVE_DLFCN_H -Wa,--noexecstack -m64 -DL_ENDIAN -DTERMIO -O3 -Wall -DOPENSSL_IA32_SSE2 -DOPENSSL_BN_ASM_MONT -DOPENSSL_BN_ASM_MONT5 -DOPENSSL_BN_ASM_GF2m -DSHA1_ASM -DSHA256_ASM -DSHA512_ASM -DMD5_ASM -DAES_ASM -DVPAES_ASM -DBSAES_ASM -DWHIRLPOOL_ASM -DGHASH_ASM  -O3  -Wall  -c -o a_utctm.o a_utctm.c
gcc -I.. -I../.. -I../modes -I../asn1 -I../evp -I../../include  -DOPENSSL_THREADS -D_REENTRANT -DDSO_DLFCN -DHAVE_DLFCN_H -Wa,--noexecstack -m64 -DL_ENDIAN -DTERMIO -O3 -Wall -DOPENSSL_IA32_SSE2 -DOPENSSL_BN_ASM_MONT -DOPENSSL_BN_ASM_MONT5 -DOPENSSL_BN_ASM_GF2m -DSHA1_ASM -DSHA256_ASM -DSHA512_ASM -DMD5_ASM -DAES_ASM -DVPAES_ASM -DBSAES_ASM -DWHIRLPOOL_ASM -DGHASH_ASM  -O3  -Wall  -c -o a_gentm.o a_gentm.c
gcc -I.. -I../.. -I../modes -I../asn1 -I../evp -I../../include  -DOPENSSL_THREADS -D_REENTRANT -DDSO_DLFCN -DHAVE_DLFCN_H -Wa,--noexecstack -m64 -DL_ENDIAN -DTERMIO -O3 -Wall -DOPENSSL_IA32_SSE2 -DOPENSSL_BN_ASM_MONT -DOPENSSL_BN_ASM_MONT5 -DOPENSSL_BN_ASM_GF2m -DSHA1_ASM -DSHA256_ASM -DSHA512_ASM -DMD5_ASM -DAES_ASM -DVPAES_ASM -DBSAES_ASM -DWHIRLPOOL_ASM -DGHASH_ASM  -O3  -Wall  -c -o a_time.o a_time.c
gcc -I.. -I../.. -I../modes -I../asn1 -I../evp -I../../include  -DOPENSSL_THREADS -D_REENTRANT -DDSO_DLFCN -DHAVE_DLFCN_H -Wa,--noexecstack -m64 -DL_ENDIAN -DTERMIO -O3 -Wall -DOPENSSL_IA32_SSE2 -DOPENSSL_BN_ASM_MONT -DOPENSSL_BN_ASM_MONT5 -DOPENSSL_BN_ASM_GF2m -DSHA1_ASM -DSHA256_ASM -DSHA512_ASM -DMD5_ASM -DAES_ASM -DVPAES_ASM -DBSAES_ASM -DWHIRLPOOL_ASM -DGHASH_ASM  -O3  -Wall  -c -o a_int.o a_int.c
gcc -I.. -I../.. -I../modes -I../asn1 -I../evp -I../../include  -DOPENSSL_THREADS -D_REENTRANT -DDSO_DLFCN -DHAVE_DLFCN_H -Wa,--noexecstack -m64 -DL_ENDIAN -DTERMIO -O3 -Wall -DOPENSSL_IA32_SSE2 -DOPENSSL_BN_ASM_MONT -DOPENSSL_BN_ASM_MONT5 -DOPENSSL_BN_ASM_GF2m -DSHA1_ASM -DSHA256_ASM -DSHA512_ASM -DMD5_ASM -DAES_ASM -DVPAES_ASM -DBSAES_ASM -DWHIRLPOOL_ASM -DGHASH_ASM  -O3  -Wall  -c -o a_octet.o a_octet.c
gcc -I.. -I../.. -I../modes -I../asn1 -I../evp -I../../include  -DOPENSSL_THREADS -D_REENTRANT -DDSO_DLFCN -DHAVE_DLFCN_H -Wa,--noexecstack -m64 -DL_ENDIAN -DTERMIO -O3 -Wall -DOPENSSL_IA32_SSE2 -DOPENSSL_BN_ASM_MONT -DOPENSSL_BN_ASM_MONT5 -DOPENSSL_BN_ASM_GF2m -DSHA1_ASM -DSHA256_ASM -DSHA512_ASM -DMD5_ASM -DAES_ASM -DVPAES_ASM -DBSAES_ASM -DWHIRLPOOL_ASM -DGHASH_ASM  -O3  -Wall  -c -o a_print.o a_print.c
gcc -I.. -I../.. -I../modes -I../asn1 -I../evp -I../../include  -DOPENSSL_THREADS -D_REENTRANT -DDSO_DLFCN -DHAVE_DLFCN_H -Wa,--noexecstack -m64 -DL_ENDIAN -DTERMIO -O3 -Wall -DOPENSSL_IA32_SSE2 -DOPENSSL_BN_ASM_MONT -DOPENSSL_BN_ASM_MONT5 -DOPENSSL_BN_ASM_GF2m -DSHA1_ASM -DSHA256_ASM -DSHA512_ASM -DMD5_ASM -DAES_ASM -DVPAES_ASM -DBSAES_ASM -DWHIRLPOOL_ASM -DGHASH_ASM  -O3  -Wall  -c -o a_type.o a_type.c
gcc -I.. -I../.. -I../modes -I../asn1 -I../evp -I../../include  -DOPENSSL_THREADS -D_REENTRANT -DDSO_DLFCN -DHAVE_DLFCN_H -Wa,--noexecstack -m64 -DL_ENDIAN -DTERMIO -O3 -Wall -DOPENSSL_IA32_SSE2 -DOPENSSL_BN_ASM_MONT -DOPENSSL_BN_ASM_MONT5 -DOPENSSL_BN_ASM_GF2m -DSHA1_ASM -DSHA256_ASM -DSHA512_ASM -DMD5_ASM -DAES_ASM -DVPAES_ASM -DBSAES_ASM -DWHIRLPOOL_ASM -DGHASH_ASM  -O3  -Wall  -c -o a_set.o a_set.c
gcc -I.. -I../.. -I../modes -I../asn1 -I../evp -I../../include  -DOPENSSL_THREADS -D_REENTRANT -DDSO_DLFCN -DHAVE_DLFCN_H -Wa,--noexecstack -m64 -DL_ENDIAN -DTERMIO -O3 -Wall -DOPENSSL_IA32_SSE2 -DOPENSSL_BN_ASM_MONT -DOPENSSL_BN_ASM_MONT5 -DOPENSSL_BN_ASM_GF2m -DSHA1_ASM -DSHA256_ASM -DSHA512_ASM -DMD5_ASM -DAES_ASM -DVPAES_ASM -DBSAES_ASM -DWHIRLPOOL_ASM -DGHASH_ASM  -O3  -Wall  -c -o a_dup.o a_dup.c
gcc -I.. -I../.. -I../modes -I../asn1 -I../evp -I../../include  -DOPENSSL_THREADS -D_REENTRANT -DDSO_DLFCN -DHAVE_DLFCN_H -Wa,--noexecstack -m64 -DL_ENDIAN -DTERMIO -O3 -Wall -DOPENSSL_IA32_SSE2 -DOPENSSL_BN_ASM_MONT -DOPENSSL_BN_ASM_MONT5 -DOPENSSL_BN_ASM_GF2m -DSHA1_ASM -DSHA256_ASM -DSHA512_ASM -DMD5_ASM -DAES_ASM -DVPAES_ASM -DBSAES_ASM -DWHIRLPOOL_ASM -DGHASH_ASM  -O3  -Wall  -c -o a_d2i_fp.o a_d2i_fp.c
gcc -I.. -I../.. -I../modes -I../asn1 -I../evp -I../../include  -DOPENSSL_THREADS -D_REENTRANT -DDSO_DLFCN -DHAVE_DLFCN_H -Wa,--noexecstack -m64 -DL_ENDIAN -DTERMIO -O3 -Wall -DOPENSSL_IA32_SSE2 -DOPENSSL_BN_ASM_MONT -DOPENSSL_BN_ASM_MONT5 -DOPENSSL_BN_ASM_GF2m -DSHA1_ASM -DSHA256_ASM -DSHA512_ASM -DMD5_ASM -DAES_ASM -DVPAES_ASM -DBSAES_ASM -DWHIRLPOOL_ASM -DGHASH_ASM  -O3  -Wall  -c -o a_i2d_fp.o a_i2d_fp.c
gcc -I.. -I../.. -I../modes -I../asn1 -I../evp -I../../include  -DOPENSSL_THREADS -D_REENTRANT -DDSO_DLFCN -DHAVE_DLFCN_H -Wa,--noexecstack -m64 -DL_ENDIAN -DTERMIO -O3 -Wall -DOPENSSL_IA32_SSE2 -DOPENSSL_BN_ASM_MONT -DOPENSSL_BN_ASM_MONT5 -DOPENSSL_BN_ASM_GF2m -DSHA1_ASM -DSHA256_ASM -DSHA512_ASM -DMD5_ASM -DAES_ASM -DVPAES_ASM -DBSAES_ASM -DWHIRLPOOL_ASM -DGHASH_ASM  -O3  -Wall  -c -o a_enum.o a_enum.c
gcc -I.. -I../.. -I../modes -I../asn1 -I../evp -I../../include  -DOPENSSL_THREADS -D_REENTRANT -DDSO_DLFCN -DHAVE_DLFCN_H -Wa,--noexecstack -m64 -DL_ENDIAN -DTERMIO -O3 -Wall -DOPENSSL_IA32_SSE2 -DOPENSSL_BN_ASM_MONT -DOPENSSL_BN_ASM_MONT5 -DOPENSSL_BN_ASM_GF2m -DSHA1_ASM -DSHA256_ASM -DSHA512_ASM -DMD5_ASM -DAES_ASM -DVPAES_ASM -DBSAES_ASM -DWHIRLPOOL_ASM -DGHASH_ASM  -O3  -Wall  -c -o a_utf8.o a_utf8.c
gcc -I.. -I../.. -I../modes -I../asn1 -I../evp -I../../include  -DOPENSSL_THREADS -D_REENTRANT -DDSO_DLFCN -DHAVE_DLFCN_H -Wa,--noexecstack -m64 -DL_ENDIAN -DTERMIO -O3 -Wall -DOPENSSL_IA32_SSE2 -DOPENSSL_BN_ASM_MONT -DOPENSSL_BN_ASM_MONT5 -DOPENSSL_BN_ASM_GF2m -DSHA1_ASM -DSHA256_ASM -DSHA512_ASM -DMD5_ASM -DAES_ASM -DVPAES_ASM -DBSAES_ASM -DWHIRLPOOL_ASM -DGHASH_ASM  -O3  -Wall  -c -o a_sign.o a_sign.c
gcc -I.. -I../.. -I../modes -I../asn1 -I../evp -I../../include  -DOPENSSL_THREADS -D_REENTRANT -DDSO_DLFCN -DHAVE_DLFCN_H -Wa,--noexecstack -m64 -DL_ENDIAN -DTERMIO -O3 -Wall -DOPENSSL_IA32_SSE2 -DOPENSSL_BN_ASM_MONT -DOPENSSL_BN_ASM_MONT5 -DOPENSSL_BN_ASM_GF2m -DSHA1_ASM -DSHA256_ASM -DSHA512_ASM -DMD5_ASM -DAES_ASM -DVPAES_ASM -DBSAES_ASM -DWHIRLPOOL_ASM -DGHASH_ASM  -O3  -Wall  -c -o a_digest.o a_digest.c
gcc -I.. -I../.. -I../modes -I../asn1 -I../evp -I../../include  -DOPENSSL_THREADS -D_REENTRANT -DDSO_DLFCN -DHAVE_DLFCN_H -Wa,--noexecstack -m64 -DL_ENDIAN -DTERMIO -O3 -Wall -DOPENSSL_IA32_SSE2 -DOPENSSL_BN_ASM_MONT -DOPENSSL_BN_ASM_MONT5 -DOPENSSL_BN_ASM_GF2m -DSHA1_ASM -DSHA256_ASM -DSHA512_ASM -DMD5_ASM -DAES_ASM -DVPAES_ASM -DBSAES_ASM -DWHIRLPOOL_ASM -DGHASH_ASM  -O3  -Wall  -c -o a_verify.o a_verify.c
gcc -I.. -I../.. -I../modes -I../asn1 -I../evp -I../../include  -DOPENSSL_THREADS -D_REENTRANT -DDSO_DLFCN -DHAVE_DLFCN_H -Wa,--noexecstack -m64 -DL_ENDIAN -DTERMIO -O3 -Wall -DOPENSSL_IA32_SSE2 -DOPENSSL_BN_ASM_MONT -DOPENSSL_BN_ASM_MONT5 -DOPENSSL_BN_ASM_GF2m -DSHA1_ASM -DSHA256_ASM -DSHA512_ASM -DMD5_ASM -DAES_ASM -DVPAES_ASM -DBSAES_ASM -DWHIRLPOOL_ASM -DGHASH_ASM  -O3  -Wall  -c -o a_mbstr.o a_mbstr.c
gcc -I.. -I../.. -I../modes -I../asn1 -I../evp -I../../include  -DOPENSSL_THREADS -D_REENTRANT -DDSO_DLFCN -DHAVE_DLFCN_H -Wa,--noexecstack -m64 -DL_ENDIAN -DTERMIO -O3 -Wall -DOPENSSL_IA32_SSE2 -DOPENSSL_BN_ASM_MONT -DOPENSSL_BN_ASM_MONT5 -DOPENSSL_BN_ASM_GF2m -DSHA1_ASM -DSHA256_ASM -DSHA512_ASM -DMD5_ASM -DAES_ASM -DVPAES_ASM -DBSAES_ASM -DWHIRLPOOL_ASM -DGHASH_ASM  -O3  -Wall  -c -o a_strex.o a_strex.c
gcc -I.. -I../.. -I../modes -I../asn1 -I../evp -I../../include  -DOPENSSL_THREADS -D_REENTRANT -DDSO_DLFCN -DHAVE_DLFCN_H -Wa,--noexecstack -m64 -DL_ENDIAN -DTERMIO -O3 -Wall -DOPENSSL_IA32_SSE2 -DOPENSSL_BN_ASM_MONT -DOPENSSL_BN_ASM_MONT5 -DOPENSSL_BN_ASM_GF2m -DSHA1_ASM -DSHA256_ASM -DSHA512_ASM -DMD5_ASM -DAES_ASM -DVPAES_ASM -DBSAES_ASM -DWHIRLPOOL_ASM -DGHASH_ASM  -O3  -Wall  -c -o x_algor.o x_algor.c
gcc -I.. -I../.. -I../modes -I../asn1 -I../evp -I../../include  -DOPENSSL_THREADS -D_REENTRANT -DDSO_DLFCN -DHAVE_DLFCN_H -Wa,--noexecstack -m64 -DL_ENDIAN -DTERMIO -O3 -Wall -DOPENSSL_IA32_SSE2 -DOPENSSL_BN_ASM_MONT -DOPENSSL_BN_ASM_MONT5 -DOPENSSL_BN_ASM_GF2m -DSHA1_ASM -DSHA256_ASM -DSHA512_ASM -DMD5_ASM -DAES_ASM -DVPAES_ASM -DBSAES_ASM -DWHIRLPOOL_ASM -DGHASH_ASM  -O3  -Wall  -c -o x_val.o x_val.c
gcc -I.. -I../.. -I../modes -I../asn1 -I../evp -I../../include  -DOPENSSL_THREADS -D_REENTRANT -DDSO_DLFCN -DHAVE_DLFCN_H -Wa,--noexecstack -m64 -DL_ENDIAN -DTERMIO -O3 -Wall -DOPENSSL_IA32_SSE2 -DOPENSSL_BN_ASM_MONT -DOPENSSL_BN_ASM_MONT5 -DOPENSSL_BN_ASM_GF2m -DSHA1_ASM -DSHA256_ASM -DSHA512_ASM -DMD5_ASM -DAES_ASM -DVPAES_ASM -DBSAES_ASM -DWHIRLPOOL_ASM -DGHASH_ASM  -O3  -Wall  -c -o x_pubkey.o x_pubkey.c
gcc -I.. -I../.. -I../modes -I../asn1 -I../evp -I../../include  -DOPENSSL_THREADS -D_REENTRANT -DDSO_DLFCN -DHAVE_DLFCN_H -Wa,--noexecstack -m64 -DL_ENDIAN -DTERMIO -O3 -Wall -DOPENSSL_IA32_SSE2 -DOPENSSL_BN_ASM_MONT -DOPENSSL_BN_ASM_MONT5 -DOPENSSL_BN_ASM_GF2m -DSHA1_ASM -DSHA256_ASM -DSHA512_ASM -DMD5_ASM -DAES_ASM -DVPAES_ASM -DBSAES_ASM -DWHIRLPOOL_ASM -DGHASH_ASM  -O3  -Wall  -c -o x_sig.o x_sig.c
gcc -I.. -I../.. -I../modes -I../asn1 -I../evp -I../../include  -DOPENSSL_THREADS -D_REENTRANT -DDSO_DLFCN -DHAVE_DLFCN_H -Wa,--noexecstack -m64 -DL_ENDIAN -DTERMIO -O3 -Wall -DOPENSSL_IA32_SSE2 -DOPENSSL_BN_ASM_MONT -DOPENSSL_BN_ASM_MONT5 -DOPENSSL_BN_ASM_GF2m -DSHA1_ASM -DSHA256_ASM -DSHA512_ASM -DMD5_ASM -DAES_ASM -DVPAES_ASM -DBSAES_ASM -DWHIRLPOOL_ASM -DGHASH_ASM  -O3  -Wall  -c -o x_req.o x_req.c
gcc -I.. -I../.. -I../modes -I../asn1 -I../evp -I../../include  -DOPENSSL_THREADS -D_REENTRANT -DDSO_DLFCN -DHAVE_DLFCN_H -Wa,--noexecstack -m64 -DL_ENDIAN -DTERMIO -O3 -Wall -DOPENSSL_IA32_SSE2 -DOPENSSL_BN_ASM_MONT -DOPENSSL_BN_ASM_MONT5 -DOPENSSL_BN_ASM_GF2m -DSHA1_ASM -DSHA256_ASM -DSHA512_ASM -DMD5_ASM -DAES_ASM -DVPAES_ASM -DBSAES_ASM -DWHIRLPOOL_ASM -DGHASH_ASM  -O3  -Wall  -c -o x_attrib.o x_attrib.c
gcc -I.. -I../.. -I../modes -I../asn1 -I../evp -I../../include  -DOPENSSL_THREADS -D_REENTRANT -DDSO_DLFCN -DHAVE_DLFCN_H -Wa,--noexecstack -m64 -DL_ENDIAN -DTERMIO -O3 -Wall -DOPENSSL_IA32_SSE2 -DOPENSSL_BN_ASM_MONT -DOPENSSL_BN_ASM_MONT5 -DOPENSSL_BN_ASM_GF2m -DSHA1_ASM -DSHA256_ASM -DSHA512_ASM -DMD5_ASM -DAES_ASM -DVPAES_ASM -DBSAES_ASM -DWHIRLPOOL_ASM -DGHASH_ASM  -O3  -Wall  -c -o x_bignum.o x_bignum.c
gcc -I.. -I../.. -I../modes -I../asn1 -I../evp -I../../include  -DOPENSSL_THREADS -D_REENTRANT -DDSO_DLFCN -DHAVE_DLFCN_H -Wa,--noexecstack -m64 -DL_ENDIAN -DTERMIO -O3 -Wall -DOPENSSL_IA32_SSE2 -DOPENSSL_BN_ASM_MONT -DOPENSSL_BN_ASM_MONT5 -DOPENSSL_BN_ASM_GF2m -DSHA1_ASM -DSHA256_ASM -DSHA512_ASM -DMD5_ASM -DAES_ASM -DVPAES_ASM -DBSAES_ASM -DWHIRLPOOL_ASM -DGHASH_ASM  -O3  -Wall  -c -o x_long.o x_long.c
gcc -I.. -I../.. -I../modes -I../asn1 -I../evp -I../../include  -DOPENSSL_THREADS -D_REENTRANT -DDSO_DLFCN -DHAVE_DLFCN_H -Wa,--noexecstack -m64 -DL_ENDIAN -DTERMIO -O3 -Wall -DOPENSSL_IA32_SSE2 -DOPENSSL_BN_ASM_MONT -DOPENSSL_BN_ASM_MONT5 -DOPENSSL_BN_ASM_GF2m -DSHA1_ASM -DSHA256_ASM -DSHA512_ASM -DMD5_ASM -DAES_ASM -DVPAES_ASM -DBSAES_ASM -DWHIRLPOOL_ASM -DGHASH_ASM  -O3  -Wall  -c -o x_name.o x_name.c
gcc -I.. -I../.. -I../modes -I../asn1 -I../evp -I../../include  -DOPENSSL_THREADS -D_REENTRANT -DDSO_DLFCN -DHAVE_DLFCN_H -Wa,--noexecstack -m64 -DL_ENDIAN -DTERMIO -O3 -Wall -DOPENSSL_IA32_SSE2 -DOPENSSL_BN_ASM_MONT -DOPENSSL_BN_ASM_MONT5 -DOPENSSL_BN_ASM_GF2m -DSHA1_ASM -DSHA256_ASM -DSHA512_ASM -DMD5_ASM -DAES_ASM -DVPAES_ASM -DBSAES_ASM -DWHIRLPOOL_ASM -DGHASH_ASM  -O3  -Wall  -c -o x_x509.o x_x509.c
gcc -I.. -I../.. -I../modes -I../asn1 -I../evp -I../../include  -DOPENSSL_THREADS -D_REENTRANT -DDSO_DLFCN -DHAVE_DLFCN_H -Wa,--noexecstack -m64 -DL_ENDIAN -DTERMIO -O3 -Wall -DOPENSSL_IA32_SSE2 -DOPENSSL_BN_ASM_MONT -DOPENSSL_BN_ASM_MONT5 -DOPENSSL_BN_ASM_GF2m -DSHA1_ASM -DSHA256_ASM -DSHA512_ASM -DMD5_ASM -DAES_ASM -DVPAES_ASM -DBSAES_ASM -DWHIRLPOOL_ASM -DGHASH_ASM  -O3  -Wall  -c -o x_x509a.o x_x509a.c
gcc -I.. -I../.. -I../modes -I../asn1 -I../evp -I../../include  -DOPENSSL_THREADS -D_REENTRANT -DDSO_DLFCN -DHAVE_DLFCN_H -Wa,--noexecstack -m64 -DL_ENDIAN -DTERMIO -O3 -Wall -DOPENSSL_IA32_SSE2 -DOPENSSL_BN_ASM_MONT -DOPENSSL_BN_ASM_MONT5 -DOPENSSL_BN_ASM_GF2m -DSHA1_ASM -DSHA256_ASM -DSHA512_ASM -DMD5_ASM -DAES_ASM -DVPAES_ASM -DBSAES_ASM -DWHIRLPOOL_ASM -DGHASH_ASM  -O3  -Wall  -c -o x_crl.o x_crl.c
gcc -I.. -I../.. -I../modes -I../asn1 -I../evp -I../../include  -DOPENSSL_THREADS -D_REENTRANT -DDSO_DLFCN -DHAVE_DLFCN_H -Wa,--noexecstack -m64 -DL_ENDIAN -DTERMIO -O3 -Wall -DOPENSSL_IA32_SSE2 -DOPENSSL_BN_ASM_MONT -DOPENSSL_BN_ASM_MONT5 -DOPENSSL_BN_ASM_GF2m -DSHA1_ASM -DSHA256_ASM -DSHA512_ASM -DMD5_ASM -DAES_ASM -DVPAES_ASM -DBSAES_ASM -DWHIRLPOOL_ASM -DGHASH_ASM  -O3  -Wall  -c -o x_info.o x_info.c
gcc -I.. -I../.. -I../modes -I../asn1 -I../evp -I../../include  -DOPENSSL_THREADS -D_REENTRANT -DDSO_DLFCN -DHAVE_DLFCN_H -Wa,--noexecstack -m64 -DL_ENDIAN -DTERMIO -O3 -Wall -DOPENSSL_IA32_SSE2 -DOPENSSL_BN_ASM_MONT -DOPENSSL_BN_ASM_MONT5 -DOPENSSL_BN_ASM_GF2m -DSHA1_ASM -DSHA256_ASM -DSHA512_ASM -DMD5_ASM -DAES_ASM -DVPAES_ASM -DBSAES_ASM -DWHIRLPOOL_ASM -DGHASH_ASM  -O3  -Wall  -c -o x_spki.o x_spki.c
gcc -I.. -I../.. -I../modes -I../asn1 -I../evp -I../../include  -DOPENSSL_THREADS -D_REENTRANT -DDSO_DLFCN -DHAVE_DLFCN_H -Wa,--noexecstack -m64 -DL_ENDIAN -DTERMIO -O3 -Wall -DOPENSSL_IA32_SSE2 -DOPENSSL_BN_ASM_MONT -DOPENSSL_BN_ASM_MONT5 -DOPENSSL_BN_ASM_GF2m -DSHA1_ASM -DSHA256_ASM -DSHA512_ASM -DMD5_ASM -DAES_ASM -DVPAES_ASM -DBSAES_ASM -DWHIRLPOOL_ASM -DGHASH_ASM  -O3  -Wall  -c -o nsseq.o nsseq.c
gcc -I.. -I../.. -I../modes -I../asn1 -I../evp -I../../include  -DOPENSSL_THREADS -D_REENTRANT -DDSO_DLFCN -DHAVE_DLFCN_H -Wa,--noexecstack -m64 -DL_ENDIAN -DTERMIO -O3 -Wall -DOPENSSL_IA32_SSE2 -DOPENSSL_BN_ASM_MONT -DOPENSSL_BN_ASM_MONT5 -DOPENSSL_BN_ASM_GF2m -DSHA1_ASM -DSHA256_ASM -DSHA512_ASM -DMD5_ASM -DAES_ASM -DVPAES_ASM -DBSAES_ASM -DWHIRLPOOL_ASM -DGHASH_ASM  -O3  -Wall  -c -o x_nx509.o x_nx509.c
gcc -I.. -I../.. -I../modes -I../asn1 -I../evp -I../../include  -DOPENSSL_THREADS -D_REENTRANT -DDSO_DLFCN -DHAVE_DLFCN_H -Wa,--noexecstack -m64 -DL_ENDIAN -DTERMIO -O3 -Wall -DOPENSSL_IA32_SSE2 -DOPENSSL_BN_ASM_MONT -DOPENSSL_BN_ASM_MONT5 -DOPENSSL_BN_ASM_GF2m -DSHA1_ASM -DSHA256_ASM -DSHA512_ASM -DMD5_ASM -DAES_ASM -DVPAES_ASM -DBSAES_ASM -DWHIRLPOOL_ASM -DGHASH_ASM  -O3  -Wall  -c -o d2i_pu.o d2i_pu.c
gcc -I.. -I../.. -I../modes -I../asn1 -I../evp -I../../include  -DOPENSSL_THREADS -D_REENTRANT -DDSO_DLFCN -DHAVE_DLFCN_H -Wa,--noexecstack -m64 -DL_ENDIAN -DTERMIO -O3 -Wall -DOPENSSL_IA32_SSE2 -DOPENSSL_BN_ASM_MONT -DOPENSSL_BN_ASM_MONT5 -DOPENSSL_BN_ASM_GF2m -DSHA1_ASM -DSHA256_ASM -DSHA512_ASM -DMD5_ASM -DAES_ASM -DVPAES_ASM -DBSAES_ASM -DWHIRLPOOL_ASM -DGHASH_ASM  -O3  -Wall  -c -o d2i_pr.o d2i_pr.c
gcc -I.. -I../.. -I../modes -I../asn1 -I../evp -I../../include  -DOPENSSL_THREADS -D_REENTRANT -DDSO_DLFCN -DHAVE_DLFCN_H -Wa,--noexecstack -m64 -DL_ENDIAN -DTERMIO -O3 -Wall -DOPENSSL_IA32_SSE2 -DOPENSSL_BN_ASM_MONT -DOPENSSL_BN_ASM_MONT5 -DOPENSSL_BN_ASM_GF2m -DSHA1_ASM -DSHA256_ASM -DSHA512_ASM -DMD5_ASM -DAES_ASM -DVPAES_ASM -DBSAES_ASM -DWHIRLPOOL_ASM -DGHASH_ASM  -O3  -Wall  -c -o i2d_pu.o i2d_pu.c
gcc -I.. -I../.. -I../modes -I../asn1 -I../evp -I../../include  -DOPENSSL_THREADS -D_REENTRANT -DDSO_DLFCN -DHAVE_DLFCN_H -Wa,--noexecstack -m64 -DL_ENDIAN -DTERMIO -O3 -Wall -DOPENSSL_IA32_SSE2 -DOPENSSL_BN_ASM_MONT -DOPENSSL_BN_ASM_MONT5 -DOPENSSL_BN_ASM_GF2m -DSHA1_ASM -DSHA256_ASM -DSHA512_ASM -DMD5_ASM -DAES_ASM -DVPAES_ASM -DBSAES_ASM -DWHIRLPOOL_ASM -DGHASH_ASM  -O3  -Wall  -c -o i2d_pr.o i2d_pr.c
gcc -I.. -I../.. -I../modes -I../asn1 -I../evp -I../../include  -DOPENSSL_THREADS -D_REENTRANT -DDSO_DLFCN -DHAVE_DLFCN_H -Wa,--noexecstack -m64 -DL_ENDIAN -DTERMIO -O3 -Wall -DOPENSSL_IA32_SSE2 -DOPENSSL_BN_ASM_MONT -DOPENSSL_BN_ASM_MONT5 -DOPENSSL_BN_ASM_GF2m -DSHA1_ASM -DSHA256_ASM -DSHA512_ASM -DMD5_ASM -DAES_ASM -DVPAES_ASM -DBSAES_ASM -DWHIRLPOOL_ASM -DGHASH_ASM  -O3  -Wall  -c -o t_req.o t_req.c
gcc -I.. -I../.. -I../modes -I../asn1 -I../evp -I../../include  -DOPENSSL_THREADS -D_REENTRANT -DDSO_DLFCN -DHAVE_DLFCN_H -Wa,--noexecstack -m64 -DL_ENDIAN -DTERMIO -O3 -Wall -DOPENSSL_IA32_SSE2 -DOPENSSL_BN_ASM_MONT -DOPENSSL_BN_ASM_MONT5 -DOPENSSL_BN_ASM_GF2m -DSHA1_ASM -DSHA256_ASM -DSHA512_ASM -DMD5_ASM -DAES_ASM -DVPAES_ASM -DBSAES_ASM -DWHIRLPOOL_ASM -DGHASH_ASM  -O3  -Wall  -c -o t_x509.o t_x509.c
gcc -I.. -I../.. -I../modes -I../asn1 -I../evp -I../../include  -DOPENSSL_THREADS -D_REENTRANT -DDSO_DLFCN -DHAVE_DLFCN_H -Wa,--noexecstack -m64 -DL_ENDIAN -DTERMIO -O3 -Wall -DOPENSSL_IA32_SSE2 -DOPENSSL_BN_ASM_MONT -DOPENSSL_BN_ASM_MONT5 -DOPENSSL_BN_ASM_GF2m -DSHA1_ASM -DSHA256_ASM -DSHA512_ASM -DMD5_ASM -DAES_ASM -DVPAES_ASM -DBSAES_ASM -DWHIRLPOOL_ASM -DGHASH_ASM  -O3  -Wall  -c -o t_x509a.o t_x509a.c
gcc -I.. -I../.. -I../modes -I../asn1 -I../evp -I../../include  -DOPENSSL_THREADS -D_REENTRANT -DDSO_DLFCN -DHAVE_DLFCN_H -Wa,--noexecstack -m64 -DL_ENDIAN -DTERMIO -O3 -Wall -DOPENSSL_IA32_SSE2 -DOPENSSL_BN_ASM_MONT -DOPENSSL_BN_ASM_MONT5 -DOPENSSL_BN_ASM_GF2m -DSHA1_ASM -DSHA256_ASM -DSHA512_ASM -DMD5_ASM -DAES_ASM -DVPAES_ASM -DBSAES_ASM -DWHIRLPOOL_ASM -DGHASH_ASM  -O3  -Wall  -c -o t_crl.o t_crl.c
gcc -I.. -I../.. -I../modes -I../asn1 -I../evp -I../../include  -DOPENSSL_THREADS -D_REENTRANT -DDSO_DLFCN -DHAVE_DLFCN_H -Wa,--noexecstack -m64 -DL_ENDIAN -DTERMIO -O3 -Wall -DOPENSSL_IA32_SSE2 -DOPENSSL_BN_ASM_MONT -DOPENSSL_BN_ASM_MONT5 -DOPENSSL_BN_ASM_GF2m -DSHA1_ASM -DSHA256_ASM -DSHA512_ASM -DMD5_ASM -DAES_ASM -DVPAES_ASM -DBSAES_ASM -DWHIRLPOOL_ASM -DGHASH_ASM  -O3  -Wall  -c -o t_pkey.o t_pkey.c
gcc -I.. -I../.. -I../modes -I../asn1 -I../evp -I../../include  -DOPENSSL_THREADS -D_REENTRANT -DDSO_DLFCN -DHAVE_DLFCN_H -Wa,--noexecstack -m64 -DL_ENDIAN -DTERMIO -O3 -Wall -DOPENSSL_IA32_SSE2 -DOPENSSL_BN_ASM_MONT -DOPENSSL_BN_ASM_MONT5 -DOPENSSL_BN_ASM_GF2m -DSHA1_ASM -DSHA256_ASM -DSHA512_ASM -DMD5_ASM -DAES_ASM -DVPAES_ASM -DBSAES_ASM -DWHIRLPOOL_ASM -DGHASH_ASM  -O3  -Wall  -c -o t_spki.o t_spki.c
gcc -I.. -I../.. -I../modes -I../asn1 -I../evp -I../../include  -DOPENSSL_THREADS -D_REENTRANT -DDSO_DLFCN -DHAVE_DLFCN_H -Wa,--noexecstack -m64 -DL_ENDIAN -DTERMIO -O3 -Wall -DOPENSSL_IA32_SSE2 -DOPENSSL_BN_ASM_MONT -DOPENSSL_BN_ASM_MONT5 -DOPENSSL_BN_ASM_GF2m -DSHA1_ASM -DSHA256_ASM -DSHA512_ASM -DMD5_ASM -DAES_ASM -DVPAES_ASM -DBSAES_ASM -DWHIRLPOOL_ASM -DGHASH_ASM  -O3  -Wall  -c -o t_bitst.o t_bitst.c
gcc -I.. -I../.. -I../modes -I../asn1 -I../evp -I../../include  -DOPENSSL_THREADS -D_REENTRANT -DDSO_DLFCN -DHAVE_DLFCN_H -Wa,--noexecstack -m64 -DL_ENDIAN -DTERMIO -O3 -Wall -DOPENSSL_IA32_SSE2 -DOPENSSL_BN_ASM_MONT -DOPENSSL_BN_ASM_MONT5 -DOPENSSL_BN_ASM_GF2m -DSHA1_ASM -DSHA256_ASM -DSHA512_ASM -DMD5_ASM -DAES_ASM -DVPAES_ASM -DBSAES_ASM -DWHIRLPOOL_ASM -DGHASH_ASM  -O3  -Wall  -c -o tasn_new.o tasn_new.c
gcc -I.. -I../.. -I../modes -I../asn1 -I../evp -I../../include  -DOPENSSL_THREADS -D_REENTRANT -DDSO_DLFCN -DHAVE_DLFCN_H -Wa,--noexecstack -m64 -DL_ENDIAN -DTERMIO -O3 -Wall -DOPENSSL_IA32_SSE2 -DOPENSSL_BN_ASM_MONT -DOPENSSL_BN_ASM_MONT5 -DOPENSSL_BN_ASM_GF2m -DSHA1_ASM -DSHA256_ASM -DSHA512_ASM -DMD5_ASM -DAES_ASM -DVPAES_ASM -DBSAES_ASM -DWHIRLPOOL_ASM -DGHASH_ASM  -O3  -Wall  -c -o tasn_fre.o tasn_fre.c
gcc -I.. -I../.. -I../modes -I../asn1 -I../evp -I../../include  -DOPENSSL_THREADS -D_REENTRANT -DDSO_DLFCN -DHAVE_DLFCN_H -Wa,--noexecstack -m64 -DL_ENDIAN -DTERMIO -O3 -Wall -DOPENSSL_IA32_SSE2 -DOPENSSL_BN_ASM_MONT -DOPENSSL_BN_ASM_MONT5 -DOPENSSL_BN_ASM_GF2m -DSHA1_ASM -DSHA256_ASM -DSHA512_ASM -DMD5_ASM -DAES_ASM -DVPAES_ASM -DBSAES_ASM -DWHIRLPOOL_ASM -DGHASH_ASM  -O3  -Wall  -c -o tasn_enc.o tasn_enc.c
gcc -I.. -I../.. -I../modes -I../asn1 -I../evp -I../../include  -DOPENSSL_THREADS -D_REENTRANT -DDSO_DLFCN -DHAVE_DLFCN_H -Wa,--noexecstack -m64 -DL_ENDIAN -DTERMIO -O3 -Wall -DOPENSSL_IA32_SSE2 -DOPENSSL_BN_ASM_MONT -DOPENSSL_BN_ASM_MONT5 -DOPENSSL_BN_ASM_GF2m -DSHA1_ASM -DSHA256_ASM -DSHA512_ASM -DMD5_ASM -DAES_ASM -DVPAES_ASM -DBSAES_ASM -DWHIRLPOOL_ASM -DGHASH_ASM  -O3  -Wall  -c -o tasn_dec.o tasn_dec.c
gcc -I.. -I../.. -I../modes -I../asn1 -I../evp -I../../include  -DOPENSSL_THREADS -D_REENTRANT -DDSO_DLFCN -DHAVE_DLFCN_H -Wa,--noexecstack -m64 -DL_ENDIAN -DTERMIO -O3 -Wall -DOPENSSL_IA32_SSE2 -DOPENSSL_BN_ASM_MONT -DOPENSSL_BN_ASM_MONT5 -DOPENSSL_BN_ASM_GF2m -DSHA1_ASM -DSHA256_ASM -DSHA512_ASM -DMD5_ASM -DAES_ASM -DVPAES_ASM -DBSAES_ASM -DWHIRLPOOL_ASM -DGHASH_ASM  -O3  -Wall  -c -o tasn_utl.o tasn_utl.c
gcc -I.. -I../.. -I../modes -I../asn1 -I../evp -I../../include  -DOPENSSL_THREADS -D_REENTRANT -DDSO_DLFCN -DHAVE_DLFCN_H -Wa,--noexecstack -m64 -DL_ENDIAN -DTERMIO -O3 -Wall -DOPENSSL_IA32_SSE2 -DOPENSSL_BN_ASM_MONT -DOPENSSL_BN_ASM_MONT5 -DOPENSSL_BN_ASM_GF2m -DSHA1_ASM -DSHA256_ASM -DSHA512_ASM -DMD5_ASM -DAES_ASM -DVPAES_ASM -DBSAES_ASM -DWHIRLPOOL_ASM -DGHASH_ASM  -O3  -Wall  -c -o tasn_typ.o tasn_typ.c
gcc -I.. -I../.. -I../modes -I../asn1 -I../evp -I../../include  -DOPENSSL_THREADS -D_REENTRANT -DDSO_DLFCN -DHAVE_DLFCN_H -Wa,--noexecstack -m64 -DL_ENDIAN -DTERMIO -O3 -Wall -DOPENSSL_IA32_SSE2 -DOPENSSL_BN_ASM_MONT -DOPENSSL_BN_ASM_MONT5 -DOPENSSL_BN_ASM_GF2m -DSHA1_ASM -DSHA256_ASM -DSHA512_ASM -DMD5_ASM -DAES_ASM -DVPAES_ASM -DBSAES_ASM -DWHIRLPOOL_ASM -DGHASH_ASM  -O3  -Wall  -c -o tasn_prn.o tasn_prn.c
gcc -I.. -I../.. -I../modes -I../asn1 -I../evp -I../../include  -DOPENSSL_THREADS -D_REENTRANT -DDSO_DLFCN -DHAVE_DLFCN_H -Wa,--noexecstack -m64 -DL_ENDIAN -DTERMIO -O3 -Wall -DOPENSSL_IA32_SSE2 -DOPENSSL_BN_ASM_MONT -DOPENSSL_BN_ASM_MONT5 -DOPENSSL_BN_ASM_GF2m -DSHA1_ASM -DSHA256_ASM -DSHA512_ASM -DMD5_ASM -DAES_ASM -DVPAES_ASM -DBSAES_ASM -DWHIRLPOOL_ASM -DGHASH_ASM  -O3  -Wall  -c -o ameth_lib.o ameth_lib.c
gcc -I.. -I../.. -I../modes -I../asn1 -I../evp -I../../include  -DOPENSSL_THREADS -D_REENTRANT -DDSO_DLFCN -DHAVE_DLFCN_H -Wa,--noexecstack -m64 -DL_ENDIAN -DTERMIO -O3 -Wall -DOPENSSL_IA32_SSE2 -DOPENSSL_BN_ASM_MONT -DOPENSSL_BN_ASM_MONT5 -DOPENSSL_BN_ASM_GF2m -DSHA1_ASM -DSHA256_ASM -DSHA512_ASM -DMD5_ASM -DAES_ASM -DVPAES_ASM -DBSAES_ASM -DWHIRLPOOL_ASM -DGHASH_ASM  -O3  -Wall  -c -o f_int.o f_int.c
gcc -I.. -I../.. -I../modes -I../asn1 -I../evp -I../../include  -DOPENSSL_THREADS -D_REENTRANT -DDSO_DLFCN -DHAVE_DLFCN_H -Wa,--noexecstack -m64 -DL_ENDIAN -DTERMIO -O3 -Wall -DOPENSSL_IA32_SSE2 -DOPENSSL_BN_ASM_MONT -DOPENSSL_BN_ASM_MONT5 -DOPENSSL_BN_ASM_GF2m -DSHA1_ASM -DSHA256_ASM -DSHA512_ASM -DMD5_ASM -DAES_ASM -DVPAES_ASM -DBSAES_ASM -DWHIRLPOOL_ASM -DGHASH_ASM  -O3  -Wall  -c -o f_string.o f_string.c
gcc -I.. -I../.. -I../modes -I../asn1 -I../evp -I../../include  -DOPENSSL_THREADS -D_REENTRANT -DDSO_DLFCN -DHAVE_DLFCN_H -Wa,--noexecstack -m64 -DL_ENDIAN -DTERMIO -O3 -Wall -DOPENSSL_IA32_SSE2 -DOPENSSL_BN_ASM_MONT -DOPENSSL_BN_ASM_MONT5 -DOPENSSL_BN_ASM_GF2m -DSHA1_ASM -DSHA256_ASM -DSHA512_ASM -DMD5_ASM -DAES_ASM -DVPAES_ASM -DBSAES_ASM -DWHIRLPOOL_ASM -DGHASH_ASM  -O3  -Wall  -c -o n_pkey.o n_pkey.c
gcc -I.. -I../.. -I../modes -I../asn1 -I../evp -I../../include  -DOPENSSL_THREADS -D_REENTRANT -DDSO_DLFCN -DHAVE_DLFCN_H -Wa,--noexecstack -m64 -DL_ENDIAN -DTERMIO -O3 -Wall -DOPENSSL_IA32_SSE2 -DOPENSSL_BN_ASM_MONT -DOPENSSL_BN_ASM_MONT5 -DOPENSSL_BN_ASM_GF2m -DSHA1_ASM -DSHA256_ASM -DSHA512_ASM -DMD5_ASM -DAES_ASM -DVPAES_ASM -DBSAES_ASM -DWHIRLPOOL_ASM -DGHASH_ASM  -O3  -Wall  -c -o f_enum.o f_enum.c
gcc -I.. -I../.. -I../modes -I../asn1 -I../evp -I../../include  -DOPENSSL_THREADS -D_REENTRANT -DDSO_DLFCN -DHAVE_DLFCN_H -Wa,--noexecstack -m64 -DL_ENDIAN -DTERMIO -O3 -Wall -DOPENSSL_IA32_SSE2 -DOPENSSL_BN_ASM_MONT -DOPENSSL_BN_ASM_MONT5 -DOPENSSL_BN_ASM_GF2m -DSHA1_ASM -DSHA256_ASM -DSHA512_ASM -DMD5_ASM -DAES_ASM -DVPAES_ASM -DBSAES_ASM -DWHIRLPOOL_ASM -DGHASH_ASM  -O3  -Wall  -c -o x_pkey.o x_pkey.c
gcc -I.. -I../.. -I../modes -I../asn1 -I../evp -I../../include  -DOPENSSL_THREADS -D_REENTRANT -DDSO_DLFCN -DHAVE_DLFCN_H -Wa,--noexecstack -m64 -DL_ENDIAN -DTERMIO -O3 -Wall -DOPENSSL_IA32_SSE2 -DOPENSSL_BN_ASM_MONT -DOPENSSL_BN_ASM_MONT5 -DOPENSSL_BN_ASM_GF2m -DSHA1_ASM -DSHA256_ASM -DSHA512_ASM -DMD5_ASM -DAES_ASM -DVPAES_ASM -DBSAES_ASM -DWHIRLPOOL_ASM -DGHASH_ASM  -O3  -Wall  -c -o a_bool.o a_bool.c
gcc -I.. -I../.. -I../modes -I../asn1 -I../evp -I../../include  -DOPENSSL_THREADS -D_REENTRANT -DDSO_DLFCN -DHAVE_DLFCN_H -Wa,--noexecstack -m64 -DL_ENDIAN -DTERMIO -O3 -Wall -DOPENSSL_IA32_SSE2 -DOPENSSL_BN_ASM_MONT -DOPENSSL_BN_ASM_MONT5 -DOPENSSL_BN_ASM_GF2m -DSHA1_ASM -DSHA256_ASM -DSHA512_ASM -DMD5_ASM -DAES_ASM -DVPAES_ASM -DBSAES_ASM -DWHIRLPOOL_ASM -DGHASH_ASM  -O3  -Wall  -c -o x_exten.o x_exten.c
gcc -I.. -I../.. -I../modes -I../asn1 -I../evp -I../../include  -DOPENSSL_THREADS -D_REENTRANT -DDSO_DLFCN -DHAVE_DLFCN_H -Wa,--noexecstack -m64 -DL_ENDIAN -DTERMIO -O3 -Wall -DOPENSSL_IA32_SSE2 -DOPENSSL_BN_ASM_MONT -DOPENSSL_BN_ASM_MONT5 -DOPENSSL_BN_ASM_GF2m -DSHA1_ASM -DSHA256_ASM -DSHA512_ASM -DMD5_ASM -DAES_ASM -DVPAES_ASM -DBSAES_ASM -DWHIRLPOOL_ASM -DGHASH_ASM  -O3  -Wall  -c -o bio_asn1.o bio_asn1.c
gcc -I.. -I../.. -I../modes -I../asn1 -I../evp -I../../include  -DOPENSSL_THREADS -D_REENTRANT -DDSO_DLFCN -DHAVE_DLFCN_H -Wa,--noexecstack -m64 -DL_ENDIAN -DTERMIO -O3 -Wall -DOPENSSL_IA32_SSE2 -DOPENSSL_BN_ASM_MONT -DOPENSSL_BN_ASM_MONT5 -DOPENSSL_BN_ASM_GF2m -DSHA1_ASM -DSHA256_ASM -DSHA512_ASM -DMD5_ASM -DAES_ASM -DVPAES_ASM -DBSAES_ASM -DWHIRLPOOL_ASM -DGHASH_ASM  -O3  -Wall  -c -o bio_ndef.o bio_ndef.c
gcc -I.. -I../.. -I../modes -I../asn1 -I../evp -I../../include  -DOPENSSL_THREADS -D_REENTRANT -DDSO_DLFCN -DHAVE_DLFCN_H -Wa,--noexecstack -m64 -DL_ENDIAN -DTERMIO -O3 -Wall -DOPENSSL_IA32_SSE2 -DOPENSSL_BN_ASM_MONT -DOPENSSL_BN_ASM_MONT5 -DOPENSSL_BN_ASM_GF2m -DSHA1_ASM -DSHA256_ASM -DSHA512_ASM -DMD5_ASM -DAES_ASM -DVPAES_ASM -DBSAES_ASM -DWHIRLPOOL_ASM -DGHASH_ASM  -O3  -Wall  -c -o asn_mime.o asn_mime.c
gcc -I.. -I../.. -I../modes -I../asn1 -I../evp -I../../include  -DOPENSSL_THREADS -D_REENTRANT -DDSO_DLFCN -DHAVE_DLFCN_H -Wa,--noexecstack -m64 -DL_ENDIAN -DTERMIO -O3 -Wall -DOPENSSL_IA32_SSE2 -DOPENSSL_BN_ASM_MONT -DOPENSSL_BN_ASM_MONT5 -DOPENSSL_BN_ASM_GF2m -DSHA1_ASM -DSHA256_ASM -DSHA512_ASM -DMD5_ASM -DAES_ASM -DVPAES_ASM -DBSAES_ASM -DWHIRLPOOL_ASM -DGHASH_ASM  -O3  -Wall  -c -o asn1_gen.o asn1_gen.c
gcc -I.. -I../.. -I../modes -I../asn1 -I../evp -I../../include  -DOPENSSL_THREADS -D_REENTRANT -DDSO_DLFCN -DHAVE_DLFCN_H -Wa,--noexecstack -m64 -DL_ENDIAN -DTERMIO -O3 -Wall -DOPENSSL_IA32_SSE2 -DOPENSSL_BN_ASM_MONT -DOPENSSL_BN_ASM_MONT5 -DOPENSSL_BN_ASM_GF2m -DSHA1_ASM -DSHA256_ASM -DSHA512_ASM -DMD5_ASM -DAES_ASM -DVPAES_ASM -DBSAES_ASM -DWHIRLPOOL_ASM -DGHASH_ASM  -O3  -Wall  -c -o asn1_par.o asn1_par.c
gcc -I.. -I../.. -I../modes -I../asn1 -I../evp -I../../include  -DOPENSSL_THREADS -D_REENTRANT -DDSO_DLFCN -DHAVE_DLFCN_H -Wa,--noexecstack -m64 -DL_ENDIAN -DTERMIO -O3 -Wall -DOPENSSL_IA32_SSE2 -DOPENSSL_BN_ASM_MONT -DOPENSSL_BN_ASM_MONT5 -DOPENSSL_BN_ASM_GF2m -DSHA1_ASM -DSHA256_ASM -DSHA512_ASM -DMD5_ASM -DAES_ASM -DVPAES_ASM -DBSAES_ASM -DWHIRLPOOL_ASM -DGHASH_ASM  -O3  -Wall  -c -o asn1_lib.o asn1_lib.c
gcc -I.. -I../.. -I../modes -I../asn1 -I../evp -I../../include  -DOPENSSL_THREADS -D_REENTRANT -DDSO_DLFCN -DHAVE_DLFCN_H -Wa,--noexecstack -m64 -DL_ENDIAN -DTERMIO -O3 -Wall -DOPENSSL_IA32_SSE2 -DOPENSSL_BN_ASM_MONT -DOPENSSL_BN_ASM_MONT5 -DOPENSSL_BN_ASM_GF2m -DSHA1_ASM -DSHA256_ASM -DSHA512_ASM -DMD5_ASM -DAES_ASM -DVPAES_ASM -DBSAES_ASM -DWHIRLPOOL_ASM -DGHASH_ASM  -O3  -Wall  -c -o asn1_err.o asn1_err.c
gcc -I.. -I../.. -I../modes -I../asn1 -I../evp -I../../include  -DOPENSSL_THREADS -D_REENTRANT -DDSO_DLFCN -DHAVE_DLFCN_H -Wa,--noexecstack -m64 -DL_ENDIAN -DTERMIO -O3 -Wall -DOPENSSL_IA32_SSE2 -DOPENSSL_BN_ASM_MONT -DOPENSSL_BN_ASM_MONT5 -DOPENSSL_BN_ASM_GF2m -DSHA1_ASM -DSHA256_ASM -DSHA512_ASM -DMD5_ASM -DAES_ASM -DVPAES_ASM -DBSAES_ASM -DWHIRLPOOL_ASM -DGHASH_ASM  -O3  -Wall  -c -o a_bytes.o a_bytes.c
gcc -I.. -I../.. -I../modes -I../asn1 -I../evp -I../../include  -DOPENSSL_THREADS -D_REENTRANT -DDSO_DLFCN -DHAVE_DLFCN_H -Wa,--noexecstack -m64 -DL_ENDIAN -DTERMIO -O3 -Wall -DOPENSSL_IA32_SSE2 -DOPENSSL_BN_ASM_MONT -DOPENSSL_BN_ASM_MONT5 -DOPENSSL_BN_ASM_GF2m -DSHA1_ASM -DSHA256_ASM -DSHA512_ASM -DMD5_ASM -DAES_ASM -DVPAES_ASM -DBSAES_ASM -DWHIRLPOOL_ASM -DGHASH_ASM  -O3  -Wall  -c -o a_strnid.o a_strnid.c
gcc -I.. -I../.. -I../modes -I../asn1 -I../evp -I../../include  -DOPENSSL_THREADS -D_REENTRANT -DDSO_DLFCN -DHAVE_DLFCN_H -Wa,--noexecstack -m64 -DL_ENDIAN -DTERMIO -O3 -Wall -DOPENSSL_IA32_SSE2 -DOPENSSL_BN_ASM_MONT -DOPENSSL_BN_ASM_MONT5 -DOPENSSL_BN_ASM_GF2m -DSHA1_ASM -DSHA256_ASM -DSHA512_ASM -DMD5_ASM -DAES_ASM -DVPAES_ASM -DBSAES_ASM -DWHIRLPOOL_ASM -DGHASH_ASM  -O3  -Wall  -c -o evp_asn1.o evp_asn1.c
gcc -I.. -I../.. -I../modes -I../asn1 -I../evp -I../../include  -DOPENSSL_THREADS -D_REENTRANT -DDSO_DLFCN -DHAVE_DLFCN_H -Wa,--noexecstack -m64 -DL_ENDIAN -DTERMIO -O3 -Wall -DOPENSSL_IA32_SSE2 -DOPENSSL_BN_ASM_MONT -DOPENSSL_BN_ASM_MONT5 -DOPENSSL_BN_ASM_GF2m -DSHA1_ASM -DSHA256_ASM -DSHA512_ASM -DMD5_ASM -DAES_ASM -DVPAES_ASM -DBSAES_ASM -DWHIRLPOOL_ASM -DGHASH_ASM  -O3  -Wall  -c -o asn_pack.o asn_pack.c
gcc -I.. -I../.. -I../modes -I../asn1 -I../evp -I../../include  -DOPENSSL_THREADS -D_REENTRANT -DDSO_DLFCN -DHAVE_DLFCN_H -Wa,--noexecstack -m64 -DL_ENDIAN -DTERMIO -O3 -Wall -DOPENSSL_IA32_SSE2 -DOPENSSL_BN_ASM_MONT -DOPENSSL_BN_ASM_MONT5 -DOPENSSL_BN_ASM_GF2m -DSHA1_ASM -DSHA256_ASM -DSHA512_ASM -DMD5_ASM -DAES_ASM -DVPAES_ASM -DBSAES_ASM -DWHIRLPOOL_ASM -DGHASH_ASM  -O3  -Wall  -c -o p5_pbe.o p5_pbe.c
gcc -I.. -I../.. -I../modes -I../asn1 -I../evp -I../../include  -DOPENSSL_THREADS -D_REENTRANT -DDSO_DLFCN -DHAVE_DLFCN_H -Wa,--noexecstack -m64 -DL_ENDIAN -DTERMIO -O3 -Wall -DOPENSSL_IA32_SSE2 -DOPENSSL_BN_ASM_MONT -DOPENSSL_BN_ASM_MONT5 -DOPENSSL_BN_ASM_GF2m -DSHA1_ASM -DSHA256_ASM -DSHA512_ASM -DMD5_ASM -DAES_ASM -DVPAES_ASM -DBSAES_ASM -DWHIRLPOOL_ASM -DGHASH_ASM  -O3  -Wall  -c -o p5_pbev2.o p5_pbev2.c
gcc -I.. -I../.. -I../modes -I../asn1 -I../evp -I../../include  -DOPENSSL_THREADS -D_REENTRANT -DDSO_DLFCN -DHAVE_DLFCN_H -Wa,--noexecstack -m64 -DL_ENDIAN -DTERMIO -O3 -Wall -DOPENSSL_IA32_SSE2 -DOPENSSL_BN_ASM_MONT -DOPENSSL_BN_ASM_MONT5 -DOPENSSL_BN_ASM_GF2m -DSHA1_ASM -DSHA256_ASM -DSHA512_ASM -DMD5_ASM -DAES_ASM -DVPAES_ASM -DBSAES_ASM -DWHIRLPOOL_ASM -DGHASH_ASM  -O3  -Wall  -c -o p8_pkey.o p8_pkey.c
gcc -I.. -I../.. -I../modes -I../asn1 -I../evp -I../../include  -DOPENSSL_THREADS -D_REENTRANT -DDSO_DLFCN -DHAVE_DLFCN_H -Wa,--noexecstack -m64 -DL_ENDIAN -DTERMIO -O3 -Wall -DOPENSSL_IA32_SSE2 -DOPENSSL_BN_ASM_MONT -DOPENSSL_BN_ASM_MONT5 -DOPENSSL_BN_ASM_GF2m -DSHA1_ASM -DSHA256_ASM -DSHA512_ASM -DMD5_ASM -DAES_ASM -DVPAES_ASM -DBSAES_ASM -DWHIRLPOOL_ASM -DGHASH_ASM  -O3  -Wall  -c -o asn_moid.o asn_moid.c
ar  r ../../libcrypto.a a_object.o a_bitstr.o a_utctm.o a_gentm.o a_time.o a_int.o a_octet.o a_print.o a_type.o a_set.o a_dup.o a_d2i_fp.o a_i2d_fp.o a_enum.o a_utf8.o a_sign.o a_digest.o a_verify.o a_mbstr.o a_strex.o x_algor.o x_val.o x_pubkey.o x_sig.o x_req.o x_attrib.o x_bignum.o x_long.o x_name.o x_x509.o x_x509a.o x_crl.o x_info.o x_spki.o nsseq.o x_nx509.o d2i_pu.o d2i_pr.o i2d_pu.o i2d_pr.o t_req.o t_x509.o t_x509a.o t_crl.o t_pkey.o t_spki.o t_bitst.o tasn_new.o tasn_fre.o tasn_enc.o tasn_dec.o tasn_utl.o tasn_typ.o tasn_prn.o ameth_lib.o f_int.o f_string.o n_pkey.o f_enum.o x_pkey.o a_bool.o x_exten.o bio_asn1.o bio_ndef.o asn_mime.o asn1_gen.o asn1_par.o asn1_lib.o asn1_err.o a_bytes.o a_strnid.o evp_asn1.o asn_pack.o p5_pbe.o p5_pbev2.o p8_pkey.o asn_moid.o
ranlib ../../libcrypto.a || echo Never mind.
make[4]: Leaving directory `/home/lucas.t/Cactus_tmp/configs/sim/scratch/build/OpenSSL/openssl-1.0.1k/crypto/asn1'
making all in crypto/pem...
make[4]: Entering directory `/home/lucas.t/Cactus_tmp/configs/sim/scratch/build/OpenSSL/openssl-1.0.1k/crypto/pem'
gcc -I.. -I../.. -I../modes -I../asn1 -I../evp -I../../include  -DOPENSSL_THREADS -D_REENTRANT -DDSO_DLFCN -DHAVE_DLFCN_H -Wa,--noexecstack -m64 -DL_ENDIAN -DTERMIO -O3 -Wall -DOPENSSL_IA32_SSE2 -DOPENSSL_BN_ASM_MONT -DOPENSSL_BN_ASM_MONT5 -DOPENSSL_BN_ASM_GF2m -DSHA1_ASM -DSHA256_ASM -DSHA512_ASM -DMD5_ASM -DAES_ASM -DVPAES_ASM -DBSAES_ASM -DWHIRLPOOL_ASM -DGHASH_ASM  -O3  -Wall  -c -o pem_sign.o pem_sign.c
gcc -I.. -I../.. -I../modes -I../asn1 -I../evp -I../../include  -DOPENSSL_THREADS -D_REENTRANT -DDSO_DLFCN -DHAVE_DLFCN_H -Wa,--noexecstack -m64 -DL_ENDIAN -DTERMIO -O3 -Wall -DOPENSSL_IA32_SSE2 -DOPENSSL_BN_ASM_MONT -DOPENSSL_BN_ASM_MONT5 -DOPENSSL_BN_ASM_GF2m -DSHA1_ASM -DSHA256_ASM -DSHA512_ASM -DMD5_ASM -DAES_ASM -DVPAES_ASM -DBSAES_ASM -DWHIRLPOOL_ASM -DGHASH_ASM  -O3  -Wall  -c -o pem_seal.o pem_seal.c
gcc -I.. -I../.. -I../modes -I../asn1 -I../evp -I../../include  -DOPENSSL_THREADS -D_REENTRANT -DDSO_DLFCN -DHAVE_DLFCN_H -Wa,--noexecstack -m64 -DL_ENDIAN -DTERMIO -O3 -Wall -DOPENSSL_IA32_SSE2 -DOPENSSL_BN_ASM_MONT -DOPENSSL_BN_ASM_MONT5 -DOPENSSL_BN_ASM_GF2m -DSHA1_ASM -DSHA256_ASM -DSHA512_ASM -DMD5_ASM -DAES_ASM -DVPAES_ASM -DBSAES_ASM -DWHIRLPOOL_ASM -DGHASH_ASM  -O3  -Wall  -c -o pem_info.o pem_info.c
gcc -I.. -I../.. -I../modes -I../asn1 -I../evp -I../../include  -DOPENSSL_THREADS -D_REENTRANT -DDSO_DLFCN -DHAVE_DLFCN_H -Wa,--noexecstack -m64 -DL_ENDIAN -DTERMIO -O3 -Wall -DOPENSSL_IA32_SSE2 -DOPENSSL_BN_ASM_MONT -DOPENSSL_BN_ASM_MONT5 -DOPENSSL_BN_ASM_GF2m -DSHA1_ASM -DSHA256_ASM -DSHA512_ASM -DMD5_ASM -DAES_ASM -DVPAES_ASM -DBSAES_ASM -DWHIRLPOOL_ASM -DGHASH_ASM  -O3  -Wall  -c -o pem_lib.o pem_lib.c
pem_lib.c: In function 'PEM_get_EVP_CIPHER_INFO':
pem_lib.c:502:2: warning: this 'if' clause does not guard... [-Wmisleading-indentation]
  if (*header != '4') return(0); header++;
  ^~
pem_lib.c:502:33: note: ...this statement, but the latter is misleadingly indented as if it were guarded by the 'if'
  if (*header != '4') return(0); header++;
                                 ^~~~~~
pem_lib.c:503:2: warning: this 'if' clause does not guard... [-Wmisleading-indentation]
  if (*header != ',') return(0); header++;
  ^~
pem_lib.c:503:33: note: ...this statement, but the latter is misleadingly indented as if it were guarded by the 'if'
  if (*header != ',') return(0); header++;
                                 ^~~~~~
gcc -I.. -I../.. -I../modes -I../asn1 -I../evp -I../../include  -DOPENSSL_THREADS -D_REENTRANT -DDSO_DLFCN -DHAVE_DLFCN_H -Wa,--noexecstack -m64 -DL_ENDIAN -DTERMIO -O3 -Wall -DOPENSSL_IA32_SSE2 -DOPENSSL_BN_ASM_MONT -DOPENSSL_BN_ASM_MONT5 -DOPENSSL_BN_ASM_GF2m -DSHA1_ASM -DSHA256_ASM -DSHA512_ASM -DMD5_ASM -DAES_ASM -DVPAES_ASM -DBSAES_ASM -DWHIRLPOOL_ASM -DGHASH_ASM  -O3  -Wall  -c -o pem_all.o pem_all.c
gcc -I.. -I../.. -I../modes -I../asn1 -I../evp -I../../include  -DOPENSSL_THREADS -D_REENTRANT -DDSO_DLFCN -DHAVE_DLFCN_H -Wa,--noexecstack -m64 -DL_ENDIAN -DTERMIO -O3 -Wall -DOPENSSL_IA32_SSE2 -DOPENSSL_BN_ASM_MONT -DOPENSSL_BN_ASM_MONT5 -DOPENSSL_BN_ASM_GF2m -DSHA1_ASM -DSHA256_ASM -DSHA512_ASM -DMD5_ASM -DAES_ASM -DVPAES_ASM -DBSAES_ASM -DWHIRLPOOL_ASM -DGHASH_ASM  -O3  -Wall  -c -o pem_err.o pem_err.c
gcc -I.. -I../.. -I../modes -I../asn1 -I../evp -I../../include  -DOPENSSL_THREADS -D_REENTRANT -DDSO_DLFCN -DHAVE_DLFCN_H -Wa,--noexecstack -m64 -DL_ENDIAN -DTERMIO -O3 -Wall -DOPENSSL_IA32_SSE2 -DOPENSSL_BN_ASM_MONT -DOPENSSL_BN_ASM_MONT5 -DOPENSSL_BN_ASM_GF2m -DSHA1_ASM -DSHA256_ASM -DSHA512_ASM -DMD5_ASM -DAES_ASM -DVPAES_ASM -DBSAES_ASM -DWHIRLPOOL_ASM -DGHASH_ASM  -O3  -Wall  -c -o pem_x509.o pem_x509.c
gcc -I.. -I../.. -I../modes -I../asn1 -I../evp -I../../include  -DOPENSSL_THREADS -D_REENTRANT -DDSO_DLFCN -DHAVE_DLFCN_H -Wa,--noexecstack -m64 -DL_ENDIAN -DTERMIO -O3 -Wall -DOPENSSL_IA32_SSE2 -DOPENSSL_BN_ASM_MONT -DOPENSSL_BN_ASM_MONT5 -DOPENSSL_BN_ASM_GF2m -DSHA1_ASM -DSHA256_ASM -DSHA512_ASM -DMD5_ASM -DAES_ASM -DVPAES_ASM -DBSAES_ASM -DWHIRLPOOL_ASM -DGHASH_ASM  -O3  -Wall  -c -o pem_xaux.o pem_xaux.c
gcc -I.. -I../.. -I../modes -I../asn1 -I../evp -I../../include  -DOPENSSL_THREADS -D_REENTRANT -DDSO_DLFCN -DHAVE_DLFCN_H -Wa,--noexecstack -m64 -DL_ENDIAN -DTERMIO -O3 -Wall -DOPENSSL_IA32_SSE2 -DOPENSSL_BN_ASM_MONT -DOPENSSL_BN_ASM_MONT5 -DOPENSSL_BN_ASM_GF2m -DSHA1_ASM -DSHA256_ASM -DSHA512_ASM -DMD5_ASM -DAES_ASM -DVPAES_ASM -DBSAES_ASM -DWHIRLPOOL_ASM -DGHASH_ASM  -O3  -Wall  -c -o pem_oth.o pem_oth.c
gcc -I.. -I../.. -I../modes -I../asn1 -I../evp -I../../include  -DOPENSSL_THREADS -D_REENTRANT -DDSO_DLFCN -DHAVE_DLFCN_H -Wa,--noexecstack -m64 -DL_ENDIAN -DTERMIO -O3 -Wall -DOPENSSL_IA32_SSE2 -DOPENSSL_BN_ASM_MONT -DOPENSSL_BN_ASM_MONT5 -DOPENSSL_BN_ASM_GF2m -DSHA1_ASM -DSHA256_ASM -DSHA512_ASM -DMD5_ASM -DAES_ASM -DVPAES_ASM -DBSAES_ASM -DWHIRLPOOL_ASM -DGHASH_ASM  -O3  -Wall  -c -o pem_pk8.o pem_pk8.c
gcc -I.. -I../.. -I../modes -I../asn1 -I../evp -I../../include  -DOPENSSL_THREADS -D_REENTRANT -DDSO_DLFCN -DHAVE_DLFCN_H -Wa,--noexecstack -m64 -DL_ENDIAN -DTERMIO -O3 -Wall -DOPENSSL_IA32_SSE2 -DOPENSSL_BN_ASM_MONT -DOPENSSL_BN_ASM_MONT5 -DOPENSSL_BN_ASM_GF2m -DSHA1_ASM -DSHA256_ASM -DSHA512_ASM -DMD5_ASM -DAES_ASM -DVPAES_ASM -DBSAES_ASM -DWHIRLPOOL_ASM -DGHASH_ASM  -O3  -Wall  -c -o pem_pkey.o pem_pkey.c
gcc -I.. -I../.. -I../modes -I../asn1 -I../evp -I../../include  -DOPENSSL_THREADS -D_REENTRANT -DDSO_DLFCN -DHAVE_DLFCN_H -Wa,--noexecstack -m64 -DL_ENDIAN -DTERMIO -O3 -Wall -DOPENSSL_IA32_SSE2 -DOPENSSL_BN_ASM_MONT -DOPENSSL_BN_ASM_MONT5 -DOPENSSL_BN_ASM_GF2m -DSHA1_ASM -DSHA256_ASM -DSHA512_ASM -DMD5_ASM -DAES_ASM -DVPAES_ASM -DBSAES_ASM -DWHIRLPOOL_ASM -DGHASH_ASM  -O3  -Wall  -c -o pvkfmt.o pvkfmt.c
ar  r ../../libcrypto.a pem_sign.o pem_seal.o pem_info.o pem_lib.o pem_all.o pem_err.o pem_x509.o pem_xaux.o pem_oth.o pem_pk8.o pem_pkey.o pvkfmt.o
ranlib ../../libcrypto.a || echo Never mind.
make[4]: Leaving directory `/home/lucas.t/Cactus_tmp/configs/sim/scratch/build/OpenSSL/openssl-1.0.1k/crypto/pem'
making all in crypto/x509...
make[4]: Entering directory `/home/lucas.t/Cactus_tmp/configs/sim/scratch/build/OpenSSL/openssl-1.0.1k/crypto/x509'
gcc -I.. -I../.. -I../modes -I../asn1 -I../evp -I../../include  -DOPENSSL_THREADS -D_REENTRANT -DDSO_DLFCN -DHAVE_DLFCN_H -Wa,--noexecstack -m64 -DL_ENDIAN -DTERMIO -O3 -Wall -DOPENSSL_IA32_SSE2 -DOPENSSL_BN_ASM_MONT -DOPENSSL_BN_ASM_MONT5 -DOPENSSL_BN_ASM_GF2m -DSHA1_ASM -DSHA256_ASM -DSHA512_ASM -DMD5_ASM -DAES_ASM -DVPAES_ASM -DBSAES_ASM -DWHIRLPOOL_ASM -DGHASH_ASM  -O3  -Wall  -c -o x509_def.o x509_def.c
gcc -I.. -I../.. -I../modes -I../asn1 -I../evp -I../../include  -DOPENSSL_THREADS -D_REENTRANT -DDSO_DLFCN -DHAVE_DLFCN_H -Wa,--noexecstack -m64 -DL_ENDIAN -DTERMIO -O3 -Wall -DOPENSSL_IA32_SSE2 -DOPENSSL_BN_ASM_MONT -DOPENSSL_BN_ASM_MONT5 -DOPENSSL_BN_ASM_GF2m -DSHA1_ASM -DSHA256_ASM -DSHA512_ASM -DMD5_ASM -DAES_ASM -DVPAES_ASM -DBSAES_ASM -DWHIRLPOOL_ASM -DGHASH_ASM  -O3  -Wall  -c -o x509_d2.o x509_d2.c
gcc -I.. -I../.. -I../modes -I../asn1 -I../evp -I../../include  -DOPENSSL_THREADS -D_REENTRANT -DDSO_DLFCN -DHAVE_DLFCN_H -Wa,--noexecstack -m64 -DL_ENDIAN -DTERMIO -O3 -Wall -DOPENSSL_IA32_SSE2 -DOPENSSL_BN_ASM_MONT -DOPENSSL_BN_ASM_MONT5 -DOPENSSL_BN_ASM_GF2m -DSHA1_ASM -DSHA256_ASM -DSHA512_ASM -DMD5_ASM -DAES_ASM -DVPAES_ASM -DBSAES_ASM -DWHIRLPOOL_ASM -DGHASH_ASM  -O3  -Wall  -c -o x509_r2x.o x509_r2x.c
gcc -I.. -I../.. -I../modes -I../asn1 -I../evp -I../../include  -DOPENSSL_THREADS -D_REENTRANT -DDSO_DLFCN -DHAVE_DLFCN_H -Wa,--noexecstack -m64 -DL_ENDIAN -DTERMIO -O3 -Wall -DOPENSSL_IA32_SSE2 -DOPENSSL_BN_ASM_MONT -DOPENSSL_BN_ASM_MONT5 -DOPENSSL_BN_ASM_GF2m -DSHA1_ASM -DSHA256_ASM -DSHA512_ASM -DMD5_ASM -DAES_ASM -DVPAES_ASM -DBSAES_ASM -DWHIRLPOOL_ASM -DGHASH_ASM  -O3  -Wall  -c -o x509_cmp.o x509_cmp.c
gcc -I.. -I../.. -I../modes -I../asn1 -I../evp -I../../include  -DOPENSSL_THREADS -D_REENTRANT -DDSO_DLFCN -DHAVE_DLFCN_H -Wa,--noexecstack -m64 -DL_ENDIAN -DTERMIO -O3 -Wall -DOPENSSL_IA32_SSE2 -DOPENSSL_BN_ASM_MONT -DOPENSSL_BN_ASM_MONT5 -DOPENSSL_BN_ASM_GF2m -DSHA1_ASM -DSHA256_ASM -DSHA512_ASM -DMD5_ASM -DAES_ASM -DVPAES_ASM -DBSAES_ASM -DWHIRLPOOL_ASM -DGHASH_ASM  -O3  -Wall  -c -o x509_obj.o x509_obj.c
gcc -I.. -I../.. -I../modes -I../asn1 -I../evp -I../../include  -DOPENSSL_THREADS -D_REENTRANT -DDSO_DLFCN -DHAVE_DLFCN_H -Wa,--noexecstack -m64 -DL_ENDIAN -DTERMIO -O3 -Wall -DOPENSSL_IA32_SSE2 -DOPENSSL_BN_ASM_MONT -DOPENSSL_BN_ASM_MONT5 -DOPENSSL_BN_ASM_GF2m -DSHA1_ASM -DSHA256_ASM -DSHA512_ASM -DMD5_ASM -DAES_ASM -DVPAES_ASM -DBSAES_ASM -DWHIRLPOOL_ASM -DGHASH_ASM  -O3  -Wall  -c -o x509_req.o x509_req.c
gcc -I.. -I../.. -I../modes -I../asn1 -I../evp -I../../include  -DOPENSSL_THREADS -D_REENTRANT -DDSO_DLFCN -DHAVE_DLFCN_H -Wa,--noexecstack -m64 -DL_ENDIAN -DTERMIO -O3 -Wall -DOPENSSL_IA32_SSE2 -DOPENSSL_BN_ASM_MONT -DOPENSSL_BN_ASM_MONT5 -DOPENSSL_BN_ASM_GF2m -DSHA1_ASM -DSHA256_ASM -DSHA512_ASM -DMD5_ASM -DAES_ASM -DVPAES_ASM -DBSAES_ASM -DWHIRLPOOL_ASM -DGHASH_ASM  -O3  -Wall  -c -o x509spki.o x509spki.c
gcc -I.. -I../.. -I../modes -I../asn1 -I../evp -I../../include  -DOPENSSL_THREADS -D_REENTRANT -DDSO_DLFCN -DHAVE_DLFCN_H -Wa,--noexecstack -m64 -DL_ENDIAN -DTERMIO -O3 -Wall -DOPENSSL_IA32_SSE2 -DOPENSSL_BN_ASM_MONT -DOPENSSL_BN_ASM_MONT5 -DOPENSSL_BN_ASM_GF2m -DSHA1_ASM -DSHA256_ASM -DSHA512_ASM -DMD5_ASM -DAES_ASM -DVPAES_ASM -DBSAES_ASM -DWHIRLPOOL_ASM -DGHASH_ASM  -O3  -Wall  -c -o x509_vfy.o x509_vfy.c
gcc -I.. -I../.. -I../modes -I../asn1 -I../evp -I../../include  -DOPENSSL_THREADS -D_REENTRANT -DDSO_DLFCN -DHAVE_DLFCN_H -Wa,--noexecstack -m64 -DL_ENDIAN -DTERMIO -O3 -Wall -DOPENSSL_IA32_SSE2 -DOPENSSL_BN_ASM_MONT -DOPENSSL_BN_ASM_MONT5 -DOPENSSL_BN_ASM_GF2m -DSHA1_ASM -DSHA256_ASM -DSHA512_ASM -DMD5_ASM -DAES_ASM -DVPAES_ASM -DBSAES_ASM -DWHIRLPOOL_ASM -DGHASH_ASM  -O3  -Wall  -c -o x509_set.o x509_set.c
gcc -I.. -I../.. -I../modes -I../asn1 -I../evp -I../../include  -DOPENSSL_THREADS -D_REENTRANT -DDSO_DLFCN -DHAVE_DLFCN_H -Wa,--noexecstack -m64 -DL_ENDIAN -DTERMIO -O3 -Wall -DOPENSSL_IA32_SSE2 -DOPENSSL_BN_ASM_MONT -DOPENSSL_BN_ASM_MONT5 -DOPENSSL_BN_ASM_GF2m -DSHA1_ASM -DSHA256_ASM -DSHA512_ASM -DMD5_ASM -DAES_ASM -DVPAES_ASM -DBSAES_ASM -DWHIRLPOOL_ASM -DGHASH_ASM  -O3  -Wall  -c -o x509cset.o x509cset.c
gcc -I.. -I../.. -I../modes -I../asn1 -I../evp -I../../include  -DOPENSSL_THREADS -D_REENTRANT -DDSO_DLFCN -DHAVE_DLFCN_H -Wa,--noexecstack -m64 -DL_ENDIAN -DTERMIO -O3 -Wall -DOPENSSL_IA32_SSE2 -DOPENSSL_BN_ASM_MONT -DOPENSSL_BN_ASM_MONT5 -DOPENSSL_BN_ASM_GF2m -DSHA1_ASM -DSHA256_ASM -DSHA512_ASM -DMD5_ASM -DAES_ASM -DVPAES_ASM -DBSAES_ASM -DWHIRLPOOL_ASM -DGHASH_ASM  -O3  -Wall  -c -o x509rset.o x509rset.c
gcc -I.. -I../.. -I../modes -I../asn1 -I../evp -I../../include  -DOPENSSL_THREADS -D_REENTRANT -DDSO_DLFCN -DHAVE_DLFCN_H -Wa,--noexecstack -m64 -DL_ENDIAN -DTERMIO -O3 -Wall -DOPENSSL_IA32_SSE2 -DOPENSSL_BN_ASM_MONT -DOPENSSL_BN_ASM_MONT5 -DOPENSSL_BN_ASM_GF2m -DSHA1_ASM -DSHA256_ASM -DSHA512_ASM -DMD5_ASM -DAES_ASM -DVPAES_ASM -DBSAES_ASM -DWHIRLPOOL_ASM -DGHASH_ASM  -O3  -Wall  -c -o x509_err.o x509_err.c
gcc -I.. -I../.. -I../modes -I../asn1 -I../evp -I../../include  -DOPENSSL_THREADS -D_REENTRANT -DDSO_DLFCN -DHAVE_DLFCN_H -Wa,--noexecstack -m64 -DL_ENDIAN -DTERMIO -O3 -Wall -DOPENSSL_IA32_SSE2 -DOPENSSL_BN_ASM_MONT -DOPENSSL_BN_ASM_MONT5 -DOPENSSL_BN_ASM_GF2m -DSHA1_ASM -DSHA256_ASM -DSHA512_ASM -DMD5_ASM -DAES_ASM -DVPAES_ASM -DBSAES_ASM -DWHIRLPOOL_ASM -DGHASH_ASM  -O3  -Wall  -c -o x509name.o x509name.c
gcc -I.. -I../.. -I../modes -I../asn1 -I../evp -I../../include  -DOPENSSL_THREADS -D_REENTRANT -DDSO_DLFCN -DHAVE_DLFCN_H -Wa,--noexecstack -m64 -DL_ENDIAN -DTERMIO -O3 -Wall -DOPENSSL_IA32_SSE2 -DOPENSSL_BN_ASM_MONT -DOPENSSL_BN_ASM_MONT5 -DOPENSSL_BN_ASM_GF2m -DSHA1_ASM -DSHA256_ASM -DSHA512_ASM -DMD5_ASM -DAES_ASM -DVPAES_ASM -DBSAES_ASM -DWHIRLPOOL_ASM -DGHASH_ASM  -O3  -Wall  -c -o x509_v3.o x509_v3.c
gcc -I.. -I../.. -I../modes -I../asn1 -I../evp -I../../include  -DOPENSSL_THREADS -D_REENTRANT -DDSO_DLFCN -DHAVE_DLFCN_H -Wa,--noexecstack -m64 -DL_ENDIAN -DTERMIO -O3 -Wall -DOPENSSL_IA32_SSE2 -DOPENSSL_BN_ASM_MONT -DOPENSSL_BN_ASM_MONT5 -DOPENSSL_BN_ASM_GF2m -DSHA1_ASM -DSHA256_ASM -DSHA512_ASM -DMD5_ASM -DAES_ASM -DVPAES_ASM -DBSAES_ASM -DWHIRLPOOL_ASM -DGHASH_ASM  -O3  -Wall  -c -o x509_ext.o x509_ext.c
gcc -I.. -I../.. -I../modes -I../asn1 -I../evp -I../../include  -DOPENSSL_THREADS -D_REENTRANT -DDSO_DLFCN -DHAVE_DLFCN_H -Wa,--noexecstack -m64 -DL_ENDIAN -DTERMIO -O3 -Wall -DOPENSSL_IA32_SSE2 -DOPENSSL_BN_ASM_MONT -DOPENSSL_BN_ASM_MONT5 -DOPENSSL_BN_ASM_GF2m -DSHA1_ASM -DSHA256_ASM -DSHA512_ASM -DMD5_ASM -DAES_ASM -DVPAES_ASM -DBSAES_ASM -DWHIRLPOOL_ASM -DGHASH_ASM  -O3  -Wall  -c -o x509_att.o x509_att.c
gcc -I.. -I../.. -I../modes -I../asn1 -I../evp -I../../include  -DOPENSSL_THREADS -D_REENTRANT -DDSO_DLFCN -DHAVE_DLFCN_H -Wa,--noexecstack -m64 -DL_ENDIAN -DTERMIO -O3 -Wall -DOPENSSL_IA32_SSE2 -DOPENSSL_BN_ASM_MONT -DOPENSSL_BN_ASM_MONT5 -DOPENSSL_BN_ASM_GF2m -DSHA1_ASM -DSHA256_ASM -DSHA512_ASM -DMD5_ASM -DAES_ASM -DVPAES_ASM -DBSAES_ASM -DWHIRLPOOL_ASM -DGHASH_ASM  -O3  -Wall  -c -o x509type.o x509type.c
gcc -I.. -I../.. -I../modes -I../asn1 -I../evp -I../../include  -DOPENSSL_THREADS -D_REENTRANT -DDSO_DLFCN -DHAVE_DLFCN_H -Wa,--noexecstack -m64 -DL_ENDIAN -DTERMIO -O3 -Wall -DOPENSSL_IA32_SSE2 -DOPENSSL_BN_ASM_MONT -DOPENSSL_BN_ASM_MONT5 -DOPENSSL_BN_ASM_GF2m -DSHA1_ASM -DSHA256_ASM -DSHA512_ASM -DMD5_ASM -DAES_ASM -DVPAES_ASM -DBSAES_ASM -DWHIRLPOOL_ASM -DGHASH_ASM  -O3  -Wall  -c -o x509_lu.o x509_lu.c
gcc -I.. -I../.. -I../modes -I../asn1 -I../evp -I../../include  -DOPENSSL_THREADS -D_REENTRANT -DDSO_DLFCN -DHAVE_DLFCN_H -Wa,--noexecstack -m64 -DL_ENDIAN -DTERMIO -O3 -Wall -DOPENSSL_IA32_SSE2 -DOPENSSL_BN_ASM_MONT -DOPENSSL_BN_ASM_MONT5 -DOPENSSL_BN_ASM_GF2m -DSHA1_ASM -DSHA256_ASM -DSHA512_ASM -DMD5_ASM -DAES_ASM -DVPAES_ASM -DBSAES_ASM -DWHIRLPOOL_ASM -DGHASH_ASM  -O3  -Wall  -c -o x_all.o x_all.c
gcc -I.. -I../.. -I../modes -I../asn1 -I../evp -I../../include  -DOPENSSL_THREADS -D_REENTRANT -DDSO_DLFCN -DHAVE_DLFCN_H -Wa,--noexecstack -m64 -DL_ENDIAN -DTERMIO -O3 -Wall -DOPENSSL_IA32_SSE2 -DOPENSSL_BN_ASM_MONT -DOPENSSL_BN_ASM_MONT5 -DOPENSSL_BN_ASM_GF2m -DSHA1_ASM -DSHA256_ASM -DSHA512_ASM -DMD5_ASM -DAES_ASM -DVPAES_ASM -DBSAES_ASM -DWHIRLPOOL_ASM -DGHASH_ASM  -O3  -Wall  -c -o x509_txt.o x509_txt.c
gcc -I.. -I../.. -I../modes -I../asn1 -I../evp -I../../include  -DOPENSSL_THREADS -D_REENTRANT -DDSO_DLFCN -DHAVE_DLFCN_H -Wa,--noexecstack -m64 -DL_ENDIAN -DTERMIO -O3 -Wall -DOPENSSL_IA32_SSE2 -DOPENSSL_BN_ASM_MONT -DOPENSSL_BN_ASM_MONT5 -DOPENSSL_BN_ASM_GF2m -DSHA1_ASM -DSHA256_ASM -DSHA512_ASM -DMD5_ASM -DAES_ASM -DVPAES_ASM -DBSAES_ASM -DWHIRLPOOL_ASM -DGHASH_ASM  -O3  -Wall  -c -o x509_trs.o x509_trs.c
gcc -I.. -I../.. -I../modes -I../asn1 -I../evp -I../../include  -DOPENSSL_THREADS -D_REENTRANT -DDSO_DLFCN -DHAVE_DLFCN_H -Wa,--noexecstack -m64 -DL_ENDIAN -DTERMIO -O3 -Wall -DOPENSSL_IA32_SSE2 -DOPENSSL_BN_ASM_MONT -DOPENSSL_BN_ASM_MONT5 -DOPENSSL_BN_ASM_GF2m -DSHA1_ASM -DSHA256_ASM -DSHA512_ASM -DMD5_ASM -DAES_ASM -DVPAES_ASM -DBSAES_ASM -DWHIRLPOOL_ASM -DGHASH_ASM  -O3  -Wall  -c -o by_file.o by_file.c
gcc -I.. -I../.. -I../modes -I../asn1 -I../evp -I../../include  -DOPENSSL_THREADS -D_REENTRANT -DDSO_DLFCN -DHAVE_DLFCN_H -Wa,--noexecstack -m64 -DL_ENDIAN -DTERMIO -O3 -Wall -DOPENSSL_IA32_SSE2 -DOPENSSL_BN_ASM_MONT -DOPENSSL_BN_ASM_MONT5 -DOPENSSL_BN_ASM_GF2m -DSHA1_ASM -DSHA256_ASM -DSHA512_ASM -DMD5_ASM -DAES_ASM -DVPAES_ASM -DBSAES_ASM -DWHIRLPOOL_ASM -DGHASH_ASM  -O3  -Wall  -c -o by_dir.o by_dir.c
gcc -I.. -I../.. -I../modes -I../asn1 -I../evp -I../../include  -DOPENSSL_THREADS -D_REENTRANT -DDSO_DLFCN -DHAVE_DLFCN_H -Wa,--noexecstack -m64 -DL_ENDIAN -DTERMIO -O3 -Wall -DOPENSSL_IA32_SSE2 -DOPENSSL_BN_ASM_MONT -DOPENSSL_BN_ASM_MONT5 -DOPENSSL_BN_ASM_GF2m -DSHA1_ASM -DSHA256_ASM -DSHA512_ASM -DMD5_ASM -DAES_ASM -DVPAES_ASM -DBSAES_ASM -DWHIRLPOOL_ASM -DGHASH_ASM  -O3  -Wall  -c -o x509_vpm.o x509_vpm.c
ar  r ../../libcrypto.a x509_def.o x509_d2.o x509_r2x.o x509_cmp.o x509_obj.o x509_req.o x509spki.o x509_vfy.o x509_set.o x509cset.o x509rset.o x509_err.o x509name.o x509_v3.o x509_ext.o x509_att.o x509type.o x509_lu.o x_all.o x509_txt.o x509_trs.o by_file.o by_dir.o x509_vpm.o
ranlib ../../libcrypto.a || echo Never mind.
make[4]: Leaving directory `/home/lucas.t/Cactus_tmp/configs/sim/scratch/build/OpenSSL/openssl-1.0.1k/crypto/x509'
making all in crypto/x509v3...
make[4]: Entering directory `/home/lucas.t/Cactus_tmp/configs/sim/scratch/build/OpenSSL/openssl-1.0.1k/crypto/x509v3'
gcc -I.. -I../.. -I../modes -I../asn1 -I../evp -I../../include  -DOPENSSL_THREADS -D_REENTRANT -DDSO_DLFCN -DHAVE_DLFCN_H -Wa,--noexecstack -m64 -DL_ENDIAN -DTERMIO -O3 -Wall -DOPENSSL_IA32_SSE2 -DOPENSSL_BN_ASM_MONT -DOPENSSL_BN_ASM_MONT5 -DOPENSSL_BN_ASM_GF2m -DSHA1_ASM -DSHA256_ASM -DSHA512_ASM -DMD5_ASM -DAES_ASM -DVPAES_ASM -DBSAES_ASM -DWHIRLPOOL_ASM -DGHASH_ASM  -O3  -Wall  -c -o v3_bcons.o v3_bcons.c
gcc -I.. -I../.. -I../modes -I../asn1 -I../evp -I../../include  -DOPENSSL_THREADS -D_REENTRANT -DDSO_DLFCN -DHAVE_DLFCN_H -Wa,--noexecstack -m64 -DL_ENDIAN -DTERMIO -O3 -Wall -DOPENSSL_IA32_SSE2 -DOPENSSL_BN_ASM_MONT -DOPENSSL_BN_ASM_MONT5 -DOPENSSL_BN_ASM_GF2m -DSHA1_ASM -DSHA256_ASM -DSHA512_ASM -DMD5_ASM -DAES_ASM -DVPAES_ASM -DBSAES_ASM -DWHIRLPOOL_ASM -DGHASH_ASM  -O3  -Wall  -c -o v3_bitst.o v3_bitst.c
gcc -I.. -I../.. -I../modes -I../asn1 -I../evp -I../../include  -DOPENSSL_THREADS -D_REENTRANT -DDSO_DLFCN -DHAVE_DLFCN_H -Wa,--noexecstack -m64 -DL_ENDIAN -DTERMIO -O3 -Wall -DOPENSSL_IA32_SSE2 -DOPENSSL_BN_ASM_MONT -DOPENSSL_BN_ASM_MONT5 -DOPENSSL_BN_ASM_GF2m -DSHA1_ASM -DSHA256_ASM -DSHA512_ASM -DMD5_ASM -DAES_ASM -DVPAES_ASM -DBSAES_ASM -DWHIRLPOOL_ASM -DGHASH_ASM  -O3  -Wall  -c -o v3_conf.o v3_conf.c
gcc -I.. -I../.. -I../modes -I../asn1 -I../evp -I../../include  -DOPENSSL_THREADS -D_REENTRANT -DDSO_DLFCN -DHAVE_DLFCN_H -Wa,--noexecstack -m64 -DL_ENDIAN -DTERMIO -O3 -Wall -DOPENSSL_IA32_SSE2 -DOPENSSL_BN_ASM_MONT -DOPENSSL_BN_ASM_MONT5 -DOPENSSL_BN_ASM_GF2m -DSHA1_ASM -DSHA256_ASM -DSHA512_ASM -DMD5_ASM -DAES_ASM -DVPAES_ASM -DBSAES_ASM -DWHIRLPOOL_ASM -DGHASH_ASM  -O3  -Wall  -c -o v3_extku.o v3_extku.c
gcc -I.. -I../.. -I../modes -I../asn1 -I../evp -I../../include  -DOPENSSL_THREADS -D_REENTRANT -DDSO_DLFCN -DHAVE_DLFCN_H -Wa,--noexecstack -m64 -DL_ENDIAN -DTERMIO -O3 -Wall -DOPENSSL_IA32_SSE2 -DOPENSSL_BN_ASM_MONT -DOPENSSL_BN_ASM_MONT5 -DOPENSSL_BN_ASM_GF2m -DSHA1_ASM -DSHA256_ASM -DSHA512_ASM -DMD5_ASM -DAES_ASM -DVPAES_ASM -DBSAES_ASM -DWHIRLPOOL_ASM -DGHASH_ASM  -O3  -Wall  -c -o v3_ia5.o v3_ia5.c
gcc -I.. -I../.. -I../modes -I../asn1 -I../evp -I../../include  -DOPENSSL_THREADS -D_REENTRANT -DDSO_DLFCN -DHAVE_DLFCN_H -Wa,--noexecstack -m64 -DL_ENDIAN -DTERMIO -O3 -Wall -DOPENSSL_IA32_SSE2 -DOPENSSL_BN_ASM_MONT -DOPENSSL_BN_ASM_MONT5 -DOPENSSL_BN_ASM_GF2m -DSHA1_ASM -DSHA256_ASM -DSHA512_ASM -DMD5_ASM -DAES_ASM -DVPAES_ASM -DBSAES_ASM -DWHIRLPOOL_ASM -DGHASH_ASM  -O3  -Wall  -c -o v3_lib.o v3_lib.c
gcc -I.. -I../.. -I../modes -I../asn1 -I../evp -I../../include  -DOPENSSL_THREADS -D_REENTRANT -DDSO_DLFCN -DHAVE_DLFCN_H -Wa,--noexecstack -m64 -DL_ENDIAN -DTERMIO -O3 -Wall -DOPENSSL_IA32_SSE2 -DOPENSSL_BN_ASM_MONT -DOPENSSL_BN_ASM_MONT5 -DOPENSSL_BN_ASM_GF2m -DSHA1_ASM -DSHA256_ASM -DSHA512_ASM -DMD5_ASM -DAES_ASM -DVPAES_ASM -DBSAES_ASM -DWHIRLPOOL_ASM -DGHASH_ASM  -O3  -Wall  -c -o v3_prn.o v3_prn.c
gcc -I.. -I../.. -I../modes -I../asn1 -I../evp -I../../include  -DOPENSSL_THREADS -D_REENTRANT -DDSO_DLFCN -DHAVE_DLFCN_H -Wa,--noexecstack -m64 -DL_ENDIAN -DTERMIO -O3 -Wall -DOPENSSL_IA32_SSE2 -DOPENSSL_BN_ASM_MONT -DOPENSSL_BN_ASM_MONT5 -DOPENSSL_BN_ASM_GF2m -DSHA1_ASM -DSHA256_ASM -DSHA512_ASM -DMD5_ASM -DAES_ASM -DVPAES_ASM -DBSAES_ASM -DWHIRLPOOL_ASM -DGHASH_ASM  -O3  -Wall  -c -o v3_utl.o v3_utl.c
gcc -I.. -I../.. -I../modes -I../asn1 -I../evp -I../../include  -DOPENSSL_THREADS -D_REENTRANT -DDSO_DLFCN -DHAVE_DLFCN_H -Wa,--noexecstack -m64 -DL_ENDIAN -DTERMIO -O3 -Wall -DOPENSSL_IA32_SSE2 -DOPENSSL_BN_ASM_MONT -DOPENSSL_BN_ASM_MONT5 -DOPENSSL_BN_ASM_GF2m -DSHA1_ASM -DSHA256_ASM -DSHA512_ASM -DMD5_ASM -DAES_ASM -DVPAES_ASM -DBSAES_ASM -DWHIRLPOOL_ASM -DGHASH_ASM  -O3  -Wall  -c -o v3err.o v3err.c
gcc -I.. -I../.. -I../modes -I../asn1 -I../evp -I../../include  -DOPENSSL_THREADS -D_REENTRANT -DDSO_DLFCN -DHAVE_DLFCN_H -Wa,--noexecstack -m64 -DL_ENDIAN -DTERMIO -O3 -Wall -DOPENSSL_IA32_SSE2 -DOPENSSL_BN_ASM_MONT -DOPENSSL_BN_ASM_MONT5 -DOPENSSL_BN_ASM_GF2m -DSHA1_ASM -DSHA256_ASM -DSHA512_ASM -DMD5_ASM -DAES_ASM -DVPAES_ASM -DBSAES_ASM -DWHIRLPOOL_ASM -DGHASH_ASM  -O3  -Wall  -c -o v3_genn.o v3_genn.c
gcc -I.. -I../.. -I../modes -I../asn1 -I../evp -I../../include  -DOPENSSL_THREADS -D_REENTRANT -DDSO_DLFCN -DHAVE_DLFCN_H -Wa,--noexecstack -m64 -DL_ENDIAN -DTERMIO -O3 -Wall -DOPENSSL_IA32_SSE2 -DOPENSSL_BN_ASM_MONT -DOPENSSL_BN_ASM_MONT5 -DOPENSSL_BN_ASM_GF2m -DSHA1_ASM -DSHA256_ASM -DSHA512_ASM -DMD5_ASM -DAES_ASM -DVPAES_ASM -DBSAES_ASM -DWHIRLPOOL_ASM -DGHASH_ASM  -O3  -Wall  -c -o v3_alt.o v3_alt.c
gcc -I.. -I../.. -I../modes -I../asn1 -I../evp -I../../include  -DOPENSSL_THREADS -D_REENTRANT -DDSO_DLFCN -DHAVE_DLFCN_H -Wa,--noexecstack -m64 -DL_ENDIAN -DTERMIO -O3 -Wall -DOPENSSL_IA32_SSE2 -DOPENSSL_BN_ASM_MONT -DOPENSSL_BN_ASM_MONT5 -DOPENSSL_BN_ASM_GF2m -DSHA1_ASM -DSHA256_ASM -DSHA512_ASM -DMD5_ASM -DAES_ASM -DVPAES_ASM -DBSAES_ASM -DWHIRLPOOL_ASM -DGHASH_ASM  -O3  -Wall  -c -o v3_skey.o v3_skey.c
gcc -I.. -I../.. -I../modes -I../asn1 -I../evp -I../../include  -DOPENSSL_THREADS -D_REENTRANT -DDSO_DLFCN -DHAVE_DLFCN_H -Wa,--noexecstack -m64 -DL_ENDIAN -DTERMIO -O3 -Wall -DOPENSSL_IA32_SSE2 -DOPENSSL_BN_ASM_MONT -DOPENSSL_BN_ASM_MONT5 -DOPENSSL_BN_ASM_GF2m -DSHA1_ASM -DSHA256_ASM -DSHA512_ASM -DMD5_ASM -DAES_ASM -DVPAES_ASM -DBSAES_ASM -DWHIRLPOOL_ASM -DGHASH_ASM  -O3  -Wall  -c -o v3_akey.o v3_akey.c
gcc -I.. -I../.. -I../modes -I../asn1 -I../evp -I../../include  -DOPENSSL_THREADS -D_REENTRANT -DDSO_DLFCN -DHAVE_DLFCN_H -Wa,--noexecstack -m64 -DL_ENDIAN -DTERMIO -O3 -Wall -DOPENSSL_IA32_SSE2 -DOPENSSL_BN_ASM_MONT -DOPENSSL_BN_ASM_MONT5 -DOPENSSL_BN_ASM_GF2m -DSHA1_ASM -DSHA256_ASM -DSHA512_ASM -DMD5_ASM -DAES_ASM -DVPAES_ASM -DBSAES_ASM -DWHIRLPOOL_ASM -DGHASH_ASM  -O3  -Wall  -c -o v3_pku.o v3_pku.c
gcc -I.. -I../.. -I../modes -I../asn1 -I../evp -I../../include  -DOPENSSL_THREADS -D_REENTRANT -DDSO_DLFCN -DHAVE_DLFCN_H -Wa,--noexecstack -m64 -DL_ENDIAN -DTERMIO -O3 -Wall -DOPENSSL_IA32_SSE2 -DOPENSSL_BN_ASM_MONT -DOPENSSL_BN_ASM_MONT5 -DOPENSSL_BN_ASM_GF2m -DSHA1_ASM -DSHA256_ASM -DSHA512_ASM -DMD5_ASM -DAES_ASM -DVPAES_ASM -DBSAES_ASM -DWHIRLPOOL_ASM -DGHASH_ASM  -O3  -Wall  -c -o v3_int.o v3_int.c
gcc -I.. -I../.. -I../modes -I../asn1 -I../evp -I../../include  -DOPENSSL_THREADS -D_REENTRANT -DDSO_DLFCN -DHAVE_DLFCN_H -Wa,--noexecstack -m64 -DL_ENDIAN -DTERMIO -O3 -Wall -DOPENSSL_IA32_SSE2 -DOPENSSL_BN_ASM_MONT -DOPENSSL_BN_ASM_MONT5 -DOPENSSL_BN_ASM_GF2m -DSHA1_ASM -DSHA256_ASM -DSHA512_ASM -DMD5_ASM -DAES_ASM -DVPAES_ASM -DBSAES_ASM -DWHIRLPOOL_ASM -DGHASH_ASM  -O3  -Wall  -c -o v3_enum.o v3_enum.c
gcc -I.. -I../.. -I../modes -I../asn1 -I../evp -I../../include  -DOPENSSL_THREADS -D_REENTRANT -DDSO_DLFCN -DHAVE_DLFCN_H -Wa,--noexecstack -m64 -DL_ENDIAN -DTERMIO -O3 -Wall -DOPENSSL_IA32_SSE2 -DOPENSSL_BN_ASM_MONT -DOPENSSL_BN_ASM_MONT5 -DOPENSSL_BN_ASM_GF2m -DSHA1_ASM -DSHA256_ASM -DSHA512_ASM -DMD5_ASM -DAES_ASM -DVPAES_ASM -DBSAES_ASM -DWHIRLPOOL_ASM -DGHASH_ASM  -O3  -Wall  -c -o v3_sxnet.o v3_sxnet.c
gcc -I.. -I../.. -I../modes -I../asn1 -I../evp -I../../include  -DOPENSSL_THREADS -D_REENTRANT -DDSO_DLFCN -DHAVE_DLFCN_H -Wa,--noexecstack -m64 -DL_ENDIAN -DTERMIO -O3 -Wall -DOPENSSL_IA32_SSE2 -DOPENSSL_BN_ASM_MONT -DOPENSSL_BN_ASM_MONT5 -DOPENSSL_BN_ASM_GF2m -DSHA1_ASM -DSHA256_ASM -DSHA512_ASM -DMD5_ASM -DAES_ASM -DVPAES_ASM -DBSAES_ASM -DWHIRLPOOL_ASM -DGHASH_ASM  -O3  -Wall  -c -o v3_cpols.o v3_cpols.c
gcc -I.. -I../.. -I../modes -I../asn1 -I../evp -I../../include  -DOPENSSL_THREADS -D_REENTRANT -DDSO_DLFCN -DHAVE_DLFCN_H -Wa,--noexecstack -m64 -DL_ENDIAN -DTERMIO -O3 -Wall -DOPENSSL_IA32_SSE2 -DOPENSSL_BN_ASM_MONT -DOPENSSL_BN_ASM_MONT5 -DOPENSSL_BN_ASM_GF2m -DSHA1_ASM -DSHA256_ASM -DSHA512_ASM -DMD5_ASM -DAES_ASM -DVPAES_ASM -DBSAES_ASM -DWHIRLPOOL_ASM -DGHASH_ASM  -O3  -Wall  -c -o v3_crld.o v3_crld.c
gcc -I.. -I../.. -I../modes -I../asn1 -I../evp -I../../include  -DOPENSSL_THREADS -D_REENTRANT -DDSO_DLFCN -DHAVE_DLFCN_H -Wa,--noexecstack -m64 -DL_ENDIAN -DTERMIO -O3 -Wall -DOPENSSL_IA32_SSE2 -DOPENSSL_BN_ASM_MONT -DOPENSSL_BN_ASM_MONT5 -DOPENSSL_BN_ASM_GF2m -DSHA1_ASM -DSHA256_ASM -DSHA512_ASM -DMD5_ASM -DAES_ASM -DVPAES_ASM -DBSAES_ASM -DWHIRLPOOL_ASM -DGHASH_ASM  -O3  -Wall  -c -o v3_purp.o v3_purp.c
gcc -I.. -I../.. -I../modes -I../asn1 -I../evp -I../../include  -DOPENSSL_THREADS -D_REENTRANT -DDSO_DLFCN -DHAVE_DLFCN_H -Wa,--noexecstack -m64 -DL_ENDIAN -DTERMIO -O3 -Wall -DOPENSSL_IA32_SSE2 -DOPENSSL_BN_ASM_MONT -DOPENSSL_BN_ASM_MONT5 -DOPENSSL_BN_ASM_GF2m -DSHA1_ASM -DSHA256_ASM -DSHA512_ASM -DMD5_ASM -DAES_ASM -DVPAES_ASM -DBSAES_ASM -DWHIRLPOOL_ASM -DGHASH_ASM  -O3  -Wall  -c -o v3_info.o v3_info.c
gcc -I.. -I../.. -I../modes -I../asn1 -I../evp -I../../include  -DOPENSSL_THREADS -D_REENTRANT -DDSO_DLFCN -DHAVE_DLFCN_H -Wa,--noexecstack -m64 -DL_ENDIAN -DTERMIO -O3 -Wall -DOPENSSL_IA32_SSE2 -DOPENSSL_BN_ASM_MONT -DOPENSSL_BN_ASM_MONT5 -DOPENSSL_BN_ASM_GF2m -DSHA1_ASM -DSHA256_ASM -DSHA512_ASM -DMD5_ASM -DAES_ASM -DVPAES_ASM -DBSAES_ASM -DWHIRLPOOL_ASM -DGHASH_ASM  -O3  -Wall  -c -o v3_ocsp.o v3_ocsp.c
gcc -I.. -I../.. -I../modes -I../asn1 -I../evp -I../../include  -DOPENSSL_THREADS -D_REENTRANT -DDSO_DLFCN -DHAVE_DLFCN_H -Wa,--noexecstack -m64 -DL_ENDIAN -DTERMIO -O3 -Wall -DOPENSSL_IA32_SSE2 -DOPENSSL_BN_ASM_MONT -DOPENSSL_BN_ASM_MONT5 -DOPENSSL_BN_ASM_GF2m -DSHA1_ASM -DSHA256_ASM -DSHA512_ASM -DMD5_ASM -DAES_ASM -DVPAES_ASM -DBSAES_ASM -DWHIRLPOOL_ASM -DGHASH_ASM  -O3  -Wall  -c -o v3_akeya.o v3_akeya.c
gcc -I.. -I../.. -I../modes -I../asn1 -I../evp -I../../include  -DOPENSSL_THREADS -D_REENTRANT -DDSO_DLFCN -DHAVE_DLFCN_H -Wa,--noexecstack -m64 -DL_ENDIAN -DTERMIO -O3 -Wall -DOPENSSL_IA32_SSE2 -DOPENSSL_BN_ASM_MONT -DOPENSSL_BN_ASM_MONT5 -DOPENSSL_BN_ASM_GF2m -DSHA1_ASM -DSHA256_ASM -DSHA512_ASM -DMD5_ASM -DAES_ASM -DVPAES_ASM -DBSAES_ASM -DWHIRLPOOL_ASM -DGHASH_ASM  -O3  -Wall  -c -o v3_pmaps.o v3_pmaps.c
gcc -I.. -I../.. -I../modes -I../asn1 -I../evp -I../../include  -DOPENSSL_THREADS -D_REENTRANT -DDSO_DLFCN -DHAVE_DLFCN_H -Wa,--noexecstack -m64 -DL_ENDIAN -DTERMIO -O3 -Wall -DOPENSSL_IA32_SSE2 -DOPENSSL_BN_ASM_MONT -DOPENSSL_BN_ASM_MONT5 -DOPENSSL_BN_ASM_GF2m -DSHA1_ASM -DSHA256_ASM -DSHA512_ASM -DMD5_ASM -DAES_ASM -DVPAES_ASM -DBSAES_ASM -DWHIRLPOOL_ASM -DGHASH_ASM  -O3  -Wall  -c -o v3_pcons.o v3_pcons.c
gcc -I.. -I../.. -I../modes -I../asn1 -I../evp -I../../include  -DOPENSSL_THREADS -D_REENTRANT -DDSO_DLFCN -DHAVE_DLFCN_H -Wa,--noexecstack -m64 -DL_ENDIAN -DTERMIO -O3 -Wall -DOPENSSL_IA32_SSE2 -DOPENSSL_BN_ASM_MONT -DOPENSSL_BN_ASM_MONT5 -DOPENSSL_BN_ASM_GF2m -DSHA1_ASM -DSHA256_ASM -DSHA512_ASM -DMD5_ASM -DAES_ASM -DVPAES_ASM -DBSAES_ASM -DWHIRLPOOL_ASM -DGHASH_ASM  -O3  -Wall  -c -o v3_ncons.o v3_ncons.c
gcc -I.. -I../.. -I../modes -I../asn1 -I../evp -I../../include  -DOPENSSL_THREADS -D_REENTRANT -DDSO_DLFCN -DHAVE_DLFCN_H -Wa,--noexecstack -m64 -DL_ENDIAN -DTERMIO -O3 -Wall -DOPENSSL_IA32_SSE2 -DOPENSSL_BN_ASM_MONT -DOPENSSL_BN_ASM_MONT5 -DOPENSSL_BN_ASM_GF2m -DSHA1_ASM -DSHA256_ASM -DSHA512_ASM -DMD5_ASM -DAES_ASM -DVPAES_ASM -DBSAES_ASM -DWHIRLPOOL_ASM -DGHASH_ASM  -O3  -Wall  -c -o v3_pcia.o v3_pcia.c
gcc -I.. -I../.. -I../modes -I../asn1 -I../evp -I../../include  -DOPENSSL_THREADS -D_REENTRANT -DDSO_DLFCN -DHAVE_DLFCN_H -Wa,--noexecstack -m64 -DL_ENDIAN -DTERMIO -O3 -Wall -DOPENSSL_IA32_SSE2 -DOPENSSL_BN_ASM_MONT -DOPENSSL_BN_ASM_MONT5 -DOPENSSL_BN_ASM_GF2m -DSHA1_ASM -DSHA256_ASM -DSHA512_ASM -DMD5_ASM -DAES_ASM -DVPAES_ASM -DBSAES_ASM -DWHIRLPOOL_ASM -DGHASH_ASM  -O3  -Wall  -c -o v3_pci.o v3_pci.c
gcc -I.. -I../.. -I../modes -I../asn1 -I../evp -I../../include  -DOPENSSL_THREADS -D_REENTRANT -DDSO_DLFCN -DHAVE_DLFCN_H -Wa,--noexecstack -m64 -DL_ENDIAN -DTERMIO -O3 -Wall -DOPENSSL_IA32_SSE2 -DOPENSSL_BN_ASM_MONT -DOPENSSL_BN_ASM_MONT5 -DOPENSSL_BN_ASM_GF2m -DSHA1_ASM -DSHA256_ASM -DSHA512_ASM -DMD5_ASM -DAES_ASM -DVPAES_ASM -DBSAES_ASM -DWHIRLPOOL_ASM -DGHASH_ASM  -O3  -Wall  -c -o pcy_cache.o pcy_cache.c
gcc -I.. -I../.. -I../modes -I../asn1 -I../evp -I../../include  -DOPENSSL_THREADS -D_REENTRANT -DDSO_DLFCN -DHAVE_DLFCN_H -Wa,--noexecstack -m64 -DL_ENDIAN -DTERMIO -O3 -Wall -DOPENSSL_IA32_SSE2 -DOPENSSL_BN_ASM_MONT -DOPENSSL_BN_ASM_MONT5 -DOPENSSL_BN_ASM_GF2m -DSHA1_ASM -DSHA256_ASM -DSHA512_ASM -DMD5_ASM -DAES_ASM -DVPAES_ASM -DBSAES_ASM -DWHIRLPOOL_ASM -DGHASH_ASM  -O3  -Wall  -c -o pcy_node.o pcy_node.c
gcc -I.. -I../.. -I../modes -I../asn1 -I../evp -I../../include  -DOPENSSL_THREADS -D_REENTRANT -DDSO_DLFCN -DHAVE_DLFCN_H -Wa,--noexecstack -m64 -DL_ENDIAN -DTERMIO -O3 -Wall -DOPENSSL_IA32_SSE2 -DOPENSSL_BN_ASM_MONT -DOPENSSL_BN_ASM_MONT5 -DOPENSSL_BN_ASM_GF2m -DSHA1_ASM -DSHA256_ASM -DSHA512_ASM -DMD5_ASM -DAES_ASM -DVPAES_ASM -DBSAES_ASM -DWHIRLPOOL_ASM -DGHASH_ASM  -O3  -Wall  -c -o pcy_data.o pcy_data.c
gcc -I.. -I../.. -I../modes -I../asn1 -I../evp -I../../include  -DOPENSSL_THREADS -D_REENTRANT -DDSO_DLFCN -DHAVE_DLFCN_H -Wa,--noexecstack -m64 -DL_ENDIAN -DTERMIO -O3 -Wall -DOPENSSL_IA32_SSE2 -DOPENSSL_BN_ASM_MONT -DOPENSSL_BN_ASM_MONT5 -DOPENSSL_BN_ASM_GF2m -DSHA1_ASM -DSHA256_ASM -DSHA512_ASM -DMD5_ASM -DAES_ASM -DVPAES_ASM -DBSAES_ASM -DWHIRLPOOL_ASM -DGHASH_ASM  -O3  -Wall  -c -o pcy_map.o pcy_map.c
gcc -I.. -I../.. -I../modes -I../asn1 -I../evp -I../../include  -DOPENSSL_THREADS -D_REENTRANT -DDSO_DLFCN -DHAVE_DLFCN_H -Wa,--noexecstack -m64 -DL_ENDIAN -DTERMIO -O3 -Wall -DOPENSSL_IA32_SSE2 -DOPENSSL_BN_ASM_MONT -DOPENSSL_BN_ASM_MONT5 -DOPENSSL_BN_ASM_GF2m -DSHA1_ASM -DSHA256_ASM -DSHA512_ASM -DMD5_ASM -DAES_ASM -DVPAES_ASM -DBSAES_ASM -DWHIRLPOOL_ASM -DGHASH_ASM  -O3  -Wall  -c -o pcy_tree.o pcy_tree.c
gcc -I.. -I../.. -I../modes -I../asn1 -I../evp -I../../include  -DOPENSSL_THREADS -D_REENTRANT -DDSO_DLFCN -DHAVE_DLFCN_H -Wa,--noexecstack -m64 -DL_ENDIAN -DTERMIO -O3 -Wall -DOPENSSL_IA32_SSE2 -DOPENSSL_BN_ASM_MONT -DOPENSSL_BN_ASM_MONT5 -DOPENSSL_BN_ASM_GF2m -DSHA1_ASM -DSHA256_ASM -DSHA512_ASM -DMD5_ASM -DAES_ASM -DVPAES_ASM -DBSAES_ASM -DWHIRLPOOL_ASM -DGHASH_ASM  -O3  -Wall  -c -o pcy_lib.o pcy_lib.c
gcc -I.. -I../.. -I../modes -I../asn1 -I../evp -I../../include  -DOPENSSL_THREADS -D_REENTRANT -DDSO_DLFCN -DHAVE_DLFCN_H -Wa,--noexecstack -m64 -DL_ENDIAN -DTERMIO -O3 -Wall -DOPENSSL_IA32_SSE2 -DOPENSSL_BN_ASM_MONT -DOPENSSL_BN_ASM_MONT5 -DOPENSSL_BN_ASM_GF2m -DSHA1_ASM -DSHA256_ASM -DSHA512_ASM -DMD5_ASM -DAES_ASM -DVPAES_ASM -DBSAES_ASM -DWHIRLPOOL_ASM -DGHASH_ASM  -O3  -Wall  -c -o v3_asid.o v3_asid.c
gcc -I.. -I../.. -I../modes -I../asn1 -I../evp -I../../include  -DOPENSSL_THREADS -D_REENTRANT -DDSO_DLFCN -DHAVE_DLFCN_H -Wa,--noexecstack -m64 -DL_ENDIAN -DTERMIO -O3 -Wall -DOPENSSL_IA32_SSE2 -DOPENSSL_BN_ASM_MONT -DOPENSSL_BN_ASM_MONT5 -DOPENSSL_BN_ASM_GF2m -DSHA1_ASM -DSHA256_ASM -DSHA512_ASM -DMD5_ASM -DAES_ASM -DVPAES_ASM -DBSAES_ASM -DWHIRLPOOL_ASM -DGHASH_ASM  -O3  -Wall  -c -o v3_addr.o v3_addr.c
ar  r ../../libcrypto.a v3_bcons.o v3_bitst.o v3_conf.o v3_extku.o v3_ia5.o v3_lib.o v3_prn.o v3_utl.o v3err.o v3_genn.o v3_alt.o v3_skey.o v3_akey.o v3_pku.o v3_int.o v3_enum.o v3_sxnet.o v3_cpols.o v3_crld.o v3_purp.o v3_info.o v3_ocsp.o v3_akeya.o v3_pmaps.o v3_pcons.o v3_ncons.o v3_pcia.o v3_pci.o pcy_cache.o pcy_node.o pcy_data.o pcy_map.o pcy_tree.o pcy_lib.o v3_asid.o v3_addr.o
ranlib ../../libcrypto.a || echo Never mind.
make[4]: Leaving directory `/home/lucas.t/Cactus_tmp/configs/sim/scratch/build/OpenSSL/openssl-1.0.1k/crypto/x509v3'
making all in crypto/conf...
make[4]: Entering directory `/home/lucas.t/Cactus_tmp/configs/sim/scratch/build/OpenSSL/openssl-1.0.1k/crypto/conf'
gcc -I.. -I../.. -I../modes -I../asn1 -I../evp -I../../include  -DOPENSSL_THREADS -D_REENTRANT -DDSO_DLFCN -DHAVE_DLFCN_H -Wa,--noexecstack -m64 -DL_ENDIAN -DTERMIO -O3 -Wall -DOPENSSL_IA32_SSE2 -DOPENSSL_BN_ASM_MONT -DOPENSSL_BN_ASM_MONT5 -DOPENSSL_BN_ASM_GF2m -DSHA1_ASM -DSHA256_ASM -DSHA512_ASM -DMD5_ASM -DAES_ASM -DVPAES_ASM -DBSAES_ASM -DWHIRLPOOL_ASM -DGHASH_ASM  -O3  -Wall  -c -o conf_err.o conf_err.c
gcc -I.. -I../.. -I../modes -I../asn1 -I../evp -I../../include  -DOPENSSL_THREADS -D_REENTRANT -DDSO_DLFCN -DHAVE_DLFCN_H -Wa,--noexecstack -m64 -DL_ENDIAN -DTERMIO -O3 -Wall -DOPENSSL_IA32_SSE2 -DOPENSSL_BN_ASM_MONT -DOPENSSL_BN_ASM_MONT5 -DOPENSSL_BN_ASM_GF2m -DSHA1_ASM -DSHA256_ASM -DSHA512_ASM -DMD5_ASM -DAES_ASM -DVPAES_ASM -DBSAES_ASM -DWHIRLPOOL_ASM -DGHASH_ASM  -O3  -Wall  -c -o conf_lib.o conf_lib.c
gcc -I.. -I../.. -I../modes -I../asn1 -I../evp -I../../include  -DOPENSSL_THREADS -D_REENTRANT -DDSO_DLFCN -DHAVE_DLFCN_H -Wa,--noexecstack -m64 -DL_ENDIAN -DTERMIO -O3 -Wall -DOPENSSL_IA32_SSE2 -DOPENSSL_BN_ASM_MONT -DOPENSSL_BN_ASM_MONT5 -DOPENSSL_BN_ASM_GF2m -DSHA1_ASM -DSHA256_ASM -DSHA512_ASM -DMD5_ASM -DAES_ASM -DVPAES_ASM -DBSAES_ASM -DWHIRLPOOL_ASM -DGHASH_ASM  -O3  -Wall  -c -o conf_api.o conf_api.c
gcc -I.. -I../.. -I../modes -I../asn1 -I../evp -I../../include  -DOPENSSL_THREADS -D_REENTRANT -DDSO_DLFCN -DHAVE_DLFCN_H -Wa,--noexecstack -m64 -DL_ENDIAN -DTERMIO -O3 -Wall -DOPENSSL_IA32_SSE2 -DOPENSSL_BN_ASM_MONT -DOPENSSL_BN_ASM_MONT5 -DOPENSSL_BN_ASM_GF2m -DSHA1_ASM -DSHA256_ASM -DSHA512_ASM -DMD5_ASM -DAES_ASM -DVPAES_ASM -DBSAES_ASM -DWHIRLPOOL_ASM -DGHASH_ASM  -O3  -Wall  -c -o conf_def.o conf_def.c
gcc -I.. -I../.. -I../modes -I../asn1 -I../evp -I../../include  -DOPENSSL_THREADS -D_REENTRANT -DDSO_DLFCN -DHAVE_DLFCN_H -Wa,--noexecstack -m64 -DL_ENDIAN -DTERMIO -O3 -Wall -DOPENSSL_IA32_SSE2 -DOPENSSL_BN_ASM_MONT -DOPENSSL_BN_ASM_MONT5 -DOPENSSL_BN_ASM_GF2m -DSHA1_ASM -DSHA256_ASM -DSHA512_ASM -DMD5_ASM -DAES_ASM -DVPAES_ASM -DBSAES_ASM -DWHIRLPOOL_ASM -DGHASH_ASM  -O3  -Wall  -c -o conf_mod.o conf_mod.c
gcc -I.. -I../.. -I../modes -I../asn1 -I../evp -I../../include  -DOPENSSL_THREADS -D_REENTRANT -DDSO_DLFCN -DHAVE_DLFCN_H -Wa,--noexecstack -m64 -DL_ENDIAN -DTERMIO -O3 -Wall -DOPENSSL_IA32_SSE2 -DOPENSSL_BN_ASM_MONT -DOPENSSL_BN_ASM_MONT5 -DOPENSSL_BN_ASM_GF2m -DSHA1_ASM -DSHA256_ASM -DSHA512_ASM -DMD5_ASM -DAES_ASM -DVPAES_ASM -DBSAES_ASM -DWHIRLPOOL_ASM -DGHASH_ASM  -O3  -Wall  -c -o conf_mall.o conf_mall.c
gcc -I.. -I../.. -I../modes -I../asn1 -I../evp -I../../include  -DOPENSSL_THREADS -D_REENTRANT -DDSO_DLFCN -DHAVE_DLFCN_H -Wa,--noexecstack -m64 -DL_ENDIAN -DTERMIO -O3 -Wall -DOPENSSL_IA32_SSE2 -DOPENSSL_BN_ASM_MONT -DOPENSSL_BN_ASM_MONT5 -DOPENSSL_BN_ASM_GF2m -DSHA1_ASM -DSHA256_ASM -DSHA512_ASM -DMD5_ASM -DAES_ASM -DVPAES_ASM -DBSAES_ASM -DWHIRLPOOL_ASM -DGHASH_ASM  -O3  -Wall  -c -o conf_sap.o conf_sap.c
ar  r ../../libcrypto.a conf_err.o conf_lib.o conf_api.o conf_def.o conf_mod.o conf_mall.o conf_sap.o
ranlib ../../libcrypto.a || echo Never mind.
make[4]: Leaving directory `/home/lucas.t/Cactus_tmp/configs/sim/scratch/build/OpenSSL/openssl-1.0.1k/crypto/conf'
making all in crypto/txt_db...
make[4]: Entering directory `/home/lucas.t/Cactus_tmp/configs/sim/scratch/build/OpenSSL/openssl-1.0.1k/crypto/txt_db'
gcc -I.. -I../.. -I../modes -I../asn1 -I../evp -I../../include  -DOPENSSL_THREADS -D_REENTRANT -DDSO_DLFCN -DHAVE_DLFCN_H -Wa,--noexecstack -m64 -DL_ENDIAN -DTERMIO -O3 -Wall -DOPENSSL_IA32_SSE2 -DOPENSSL_BN_ASM_MONT -DOPENSSL_BN_ASM_MONT5 -DOPENSSL_BN_ASM_GF2m -DSHA1_ASM -DSHA256_ASM -DSHA512_ASM -DMD5_ASM -DAES_ASM -DVPAES_ASM -DBSAES_ASM -DWHIRLPOOL_ASM -DGHASH_ASM  -O3  -Wall  -c -o txt_db.o txt_db.c
ar  r ../../libcrypto.a txt_db.o
ranlib ../../libcrypto.a || echo Never mind.
make[4]: Leaving directory `/home/lucas.t/Cactus_tmp/configs/sim/scratch/build/OpenSSL/openssl-1.0.1k/crypto/txt_db'
making all in crypto/pkcs7...
make[4]: Entering directory `/home/lucas.t/Cactus_tmp/configs/sim/scratch/build/OpenSSL/openssl-1.0.1k/crypto/pkcs7'
gcc -I.. -I../.. -I../modes -I../asn1 -I../evp -I../../include  -DOPENSSL_THREADS -D_REENTRANT -DDSO_DLFCN -DHAVE_DLFCN_H -Wa,--noexecstack -m64 -DL_ENDIAN -DTERMIO -O3 -Wall -DOPENSSL_IA32_SSE2 -DOPENSSL_BN_ASM_MONT -DOPENSSL_BN_ASM_MONT5 -DOPENSSL_BN_ASM_GF2m -DSHA1_ASM -DSHA256_ASM -DSHA512_ASM -DMD5_ASM -DAES_ASM -DVPAES_ASM -DBSAES_ASM -DWHIRLPOOL_ASM -DGHASH_ASM  -O3  -Wall  -c -o pk7_asn1.o pk7_asn1.c
gcc -I.. -I../.. -I../modes -I../asn1 -I../evp -I../../include  -DOPENSSL_THREADS -D_REENTRANT -DDSO_DLFCN -DHAVE_DLFCN_H -Wa,--noexecstack -m64 -DL_ENDIAN -DTERMIO -O3 -Wall -DOPENSSL_IA32_SSE2 -DOPENSSL_BN_ASM_MONT -DOPENSSL_BN_ASM_MONT5 -DOPENSSL_BN_ASM_GF2m -DSHA1_ASM -DSHA256_ASM -DSHA512_ASM -DMD5_ASM -DAES_ASM -DVPAES_ASM -DBSAES_ASM -DWHIRLPOOL_ASM -DGHASH_ASM  -O3  -Wall  -c -o pk7_lib.o pk7_lib.c
gcc -I.. -I../.. -I../modes -I../asn1 -I../evp -I../../include  -DOPENSSL_THREADS -D_REENTRANT -DDSO_DLFCN -DHAVE_DLFCN_H -Wa,--noexecstack -m64 -DL_ENDIAN -DTERMIO -O3 -Wall -DOPENSSL_IA32_SSE2 -DOPENSSL_BN_ASM_MONT -DOPENSSL_BN_ASM_MONT5 -DOPENSSL_BN_ASM_GF2m -DSHA1_ASM -DSHA256_ASM -DSHA512_ASM -DMD5_ASM -DAES_ASM -DVPAES_ASM -DBSAES_ASM -DWHIRLPOOL_ASM -DGHASH_ASM  -O3  -Wall  -c -o pkcs7err.o pkcs7err.c
gcc -I.. -I../.. -I../modes -I../asn1 -I../evp -I../../include  -DOPENSSL_THREADS -D_REENTRANT -DDSO_DLFCN -DHAVE_DLFCN_H -Wa,--noexecstack -m64 -DL_ENDIAN -DTERMIO -O3 -Wall -DOPENSSL_IA32_SSE2 -DOPENSSL_BN_ASM_MONT -DOPENSSL_BN_ASM_MONT5 -DOPENSSL_BN_ASM_GF2m -DSHA1_ASM -DSHA256_ASM -DSHA512_ASM -DMD5_ASM -DAES_ASM -DVPAES_ASM -DBSAES_ASM -DWHIRLPOOL_ASM -DGHASH_ASM  -O3  -Wall  -c -o pk7_doit.o pk7_doit.c
gcc -I.. -I../.. -I../modes -I../asn1 -I../evp -I../../include  -DOPENSSL_THREADS -D_REENTRANT -DDSO_DLFCN -DHAVE_DLFCN_H -Wa,--noexecstack -m64 -DL_ENDIAN -DTERMIO -O3 -Wall -DOPENSSL_IA32_SSE2 -DOPENSSL_BN_ASM_MONT -DOPENSSL_BN_ASM_MONT5 -DOPENSSL_BN_ASM_GF2m -DSHA1_ASM -DSHA256_ASM -DSHA512_ASM -DMD5_ASM -DAES_ASM -DVPAES_ASM -DBSAES_ASM -DWHIRLPOOL_ASM -DGHASH_ASM  -O3  -Wall  -c -o pk7_smime.o pk7_smime.c
gcc -I.. -I../.. -I../modes -I../asn1 -I../evp -I../../include  -DOPENSSL_THREADS -D_REENTRANT -DDSO_DLFCN -DHAVE_DLFCN_H -Wa,--noexecstack -m64 -DL_ENDIAN -DTERMIO -O3 -Wall -DOPENSSL_IA32_SSE2 -DOPENSSL_BN_ASM_MONT -DOPENSSL_BN_ASM_MONT5 -DOPENSSL_BN_ASM_GF2m -DSHA1_ASM -DSHA256_ASM -DSHA512_ASM -DMD5_ASM -DAES_ASM -DVPAES_ASM -DBSAES_ASM -DWHIRLPOOL_ASM -DGHASH_ASM  -O3  -Wall  -c -o pk7_attr.o pk7_attr.c
gcc -I.. -I../.. -I../modes -I../asn1 -I../evp -I../../include  -DOPENSSL_THREADS -D_REENTRANT -DDSO_DLFCN -DHAVE_DLFCN_H -Wa,--noexecstack -m64 -DL_ENDIAN -DTERMIO -O3 -Wall -DOPENSSL_IA32_SSE2 -DOPENSSL_BN_ASM_MONT -DOPENSSL_BN_ASM_MONT5 -DOPENSSL_BN_ASM_GF2m -DSHA1_ASM -DSHA256_ASM -DSHA512_ASM -DMD5_ASM -DAES_ASM -DVPAES_ASM -DBSAES_ASM -DWHIRLPOOL_ASM -DGHASH_ASM  -O3  -Wall  -c -o pk7_mime.o pk7_mime.c
gcc -I.. -I../.. -I../modes -I../asn1 -I../evp -I../../include  -DOPENSSL_THREADS -D_REENTRANT -DDSO_DLFCN -DHAVE_DLFCN_H -Wa,--noexecstack -m64 -DL_ENDIAN -DTERMIO -O3 -Wall -DOPENSSL_IA32_SSE2 -DOPENSSL_BN_ASM_MONT -DOPENSSL_BN_ASM_MONT5 -DOPENSSL_BN_ASM_GF2m -DSHA1_ASM -DSHA256_ASM -DSHA512_ASM -DMD5_ASM -DAES_ASM -DVPAES_ASM -DBSAES_ASM -DWHIRLPOOL_ASM -DGHASH_ASM  -O3  -Wall  -c -o bio_pk7.o bio_pk7.c
ar  r ../../libcrypto.a pk7_asn1.o pk7_lib.o pkcs7err.o pk7_doit.o pk7_smime.o pk7_attr.o pk7_mime.o bio_pk7.o
ranlib ../../libcrypto.a || echo Never mind.
make[4]: Leaving directory `/home/lucas.t/Cactus_tmp/configs/sim/scratch/build/OpenSSL/openssl-1.0.1k/crypto/pkcs7'
making all in crypto/pkcs12...
make[4]: Entering directory `/home/lucas.t/Cactus_tmp/configs/sim/scratch/build/OpenSSL/openssl-1.0.1k/crypto/pkcs12'
gcc -I.. -I../.. -I../modes -I../asn1 -I../evp -I../../include  -DOPENSSL_THREADS -D_REENTRANT -DDSO_DLFCN -DHAVE_DLFCN_H -Wa,--noexecstack -m64 -DL_ENDIAN -DTERMIO -O3 -Wall -DOPENSSL_IA32_SSE2 -DOPENSSL_BN_ASM_MONT -DOPENSSL_BN_ASM_MONT5 -DOPENSSL_BN_ASM_GF2m -DSHA1_ASM -DSHA256_ASM -DSHA512_ASM -DMD5_ASM -DAES_ASM -DVPAES_ASM -DBSAES_ASM -DWHIRLPOOL_ASM -DGHASH_ASM  -O3  -Wall  -c -o p12_add.o p12_add.c
gcc -I.. -I../.. -I../modes -I../asn1 -I../evp -I../../include  -DOPENSSL_THREADS -D_REENTRANT -DDSO_DLFCN -DHAVE_DLFCN_H -Wa,--noexecstack -m64 -DL_ENDIAN -DTERMIO -O3 -Wall -DOPENSSL_IA32_SSE2 -DOPENSSL_BN_ASM_MONT -DOPENSSL_BN_ASM_MONT5 -DOPENSSL_BN_ASM_GF2m -DSHA1_ASM -DSHA256_ASM -DSHA512_ASM -DMD5_ASM -DAES_ASM -DVPAES_ASM -DBSAES_ASM -DWHIRLPOOL_ASM -DGHASH_ASM  -O3  -Wall  -c -o p12_asn.o p12_asn.c
gcc -I.. -I../.. -I../modes -I../asn1 -I../evp -I../../include  -DOPENSSL_THREADS -D_REENTRANT -DDSO_DLFCN -DHAVE_DLFCN_H -Wa,--noexecstack -m64 -DL_ENDIAN -DTERMIO -O3 -Wall -DOPENSSL_IA32_SSE2 -DOPENSSL_BN_ASM_MONT -DOPENSSL_BN_ASM_MONT5 -DOPENSSL_BN_ASM_GF2m -DSHA1_ASM -DSHA256_ASM -DSHA512_ASM -DMD5_ASM -DAES_ASM -DVPAES_ASM -DBSAES_ASM -DWHIRLPOOL_ASM -DGHASH_ASM  -O3  -Wall  -c -o p12_attr.o p12_attr.c
gcc -I.. -I../.. -I../modes -I../asn1 -I../evp -I../../include  -DOPENSSL_THREADS -D_REENTRANT -DDSO_DLFCN -DHAVE_DLFCN_H -Wa,--noexecstack -m64 -DL_ENDIAN -DTERMIO -O3 -Wall -DOPENSSL_IA32_SSE2 -DOPENSSL_BN_ASM_MONT -DOPENSSL_BN_ASM_MONT5 -DOPENSSL_BN_ASM_GF2m -DSHA1_ASM -DSHA256_ASM -DSHA512_ASM -DMD5_ASM -DAES_ASM -DVPAES_ASM -DBSAES_ASM -DWHIRLPOOL_ASM -DGHASH_ASM  -O3  -Wall  -c -o p12_crpt.o p12_crpt.c
gcc -I.. -I../.. -I../modes -I../asn1 -I../evp -I../../include  -DOPENSSL_THREADS -D_REENTRANT -DDSO_DLFCN -DHAVE_DLFCN_H -Wa,--noexecstack -m64 -DL_ENDIAN -DTERMIO -O3 -Wall -DOPENSSL_IA32_SSE2 -DOPENSSL_BN_ASM_MONT -DOPENSSL_BN_ASM_MONT5 -DOPENSSL_BN_ASM_GF2m -DSHA1_ASM -DSHA256_ASM -DSHA512_ASM -DMD5_ASM -DAES_ASM -DVPAES_ASM -DBSAES_ASM -DWHIRLPOOL_ASM -DGHASH_ASM  -O3  -Wall  -c -o p12_crt.o p12_crt.c
gcc -I.. -I../.. -I../modes -I../asn1 -I../evp -I../../include  -DOPENSSL_THREADS -D_REENTRANT -DDSO_DLFCN -DHAVE_DLFCN_H -Wa,--noexecstack -m64 -DL_ENDIAN -DTERMIO -O3 -Wall -DOPENSSL_IA32_SSE2 -DOPENSSL_BN_ASM_MONT -DOPENSSL_BN_ASM_MONT5 -DOPENSSL_BN_ASM_GF2m -DSHA1_ASM -DSHA256_ASM -DSHA512_ASM -DMD5_ASM -DAES_ASM -DVPAES_ASM -DBSAES_ASM -DWHIRLPOOL_ASM -DGHASH_ASM  -O3  -Wall  -c -o p12_decr.o p12_decr.c
gcc -I.. -I../.. -I../modes -I../asn1 -I../evp -I../../include  -DOPENSSL_THREADS -D_REENTRANT -DDSO_DLFCN -DHAVE_DLFCN_H -Wa,--noexecstack -m64 -DL_ENDIAN -DTERMIO -O3 -Wall -DOPENSSL_IA32_SSE2 -DOPENSSL_BN_ASM_MONT -DOPENSSL_BN_ASM_MONT5 -DOPENSSL_BN_ASM_GF2m -DSHA1_ASM -DSHA256_ASM -DSHA512_ASM -DMD5_ASM -DAES_ASM -DVPAES_ASM -DBSAES_ASM -DWHIRLPOOL_ASM -DGHASH_ASM  -O3  -Wall  -c -o p12_init.o p12_init.c
gcc -I.. -I../.. -I../modes -I../asn1 -I../evp -I../../include  -DOPENSSL_THREADS -D_REENTRANT -DDSO_DLFCN -DHAVE_DLFCN_H -Wa,--noexecstack -m64 -DL_ENDIAN -DTERMIO -O3 -Wall -DOPENSSL_IA32_SSE2 -DOPENSSL_BN_ASM_MONT -DOPENSSL_BN_ASM_MONT5 -DOPENSSL_BN_ASM_GF2m -DSHA1_ASM -DSHA256_ASM -DSHA512_ASM -DMD5_ASM -DAES_ASM -DVPAES_ASM -DBSAES_ASM -DWHIRLPOOL_ASM -DGHASH_ASM  -O3  -Wall  -c -o p12_key.o p12_key.c
gcc -I.. -I../.. -I../modes -I../asn1 -I../evp -I../../include  -DOPENSSL_THREADS -D_REENTRANT -DDSO_DLFCN -DHAVE_DLFCN_H -Wa,--noexecstack -m64 -DL_ENDIAN -DTERMIO -O3 -Wall -DOPENSSL_IA32_SSE2 -DOPENSSL_BN_ASM_MONT -DOPENSSL_BN_ASM_MONT5 -DOPENSSL_BN_ASM_GF2m -DSHA1_ASM -DSHA256_ASM -DSHA512_ASM -DMD5_ASM -DAES_ASM -DVPAES_ASM -DBSAES_ASM -DWHIRLPOOL_ASM -DGHASH_ASM  -O3  -Wall  -c -o p12_kiss.o p12_kiss.c
gcc -I.. -I../.. -I../modes -I../asn1 -I../evp -I../../include  -DOPENSSL_THREADS -D_REENTRANT -DDSO_DLFCN -DHAVE_DLFCN_H -Wa,--noexecstack -m64 -DL_ENDIAN -DTERMIO -O3 -Wall -DOPENSSL_IA32_SSE2 -DOPENSSL_BN_ASM_MONT -DOPENSSL_BN_ASM_MONT5 -DOPENSSL_BN_ASM_GF2m -DSHA1_ASM -DSHA256_ASM -DSHA512_ASM -DMD5_ASM -DAES_ASM -DVPAES_ASM -DBSAES_ASM -DWHIRLPOOL_ASM -DGHASH_ASM  -O3  -Wall  -c -o p12_mutl.o p12_mutl.c
gcc -I.. -I../.. -I../modes -I../asn1 -I../evp -I../../include  -DOPENSSL_THREADS -D_REENTRANT -DDSO_DLFCN -DHAVE_DLFCN_H -Wa,--noexecstack -m64 -DL_ENDIAN -DTERMIO -O3 -Wall -DOPENSSL_IA32_SSE2 -DOPENSSL_BN_ASM_MONT -DOPENSSL_BN_ASM_MONT5 -DOPENSSL_BN_ASM_GF2m -DSHA1_ASM -DSHA256_ASM -DSHA512_ASM -DMD5_ASM -DAES_ASM -DVPAES_ASM -DBSAES_ASM -DWHIRLPOOL_ASM -DGHASH_ASM  -O3  -Wall  -c -o p12_utl.o p12_utl.c
gcc -I.. -I../.. -I../modes -I../asn1 -I../evp -I../../include  -DOPENSSL_THREADS -D_REENTRANT -DDSO_DLFCN -DHAVE_DLFCN_H -Wa,--noexecstack -m64 -DL_ENDIAN -DTERMIO -O3 -Wall -DOPENSSL_IA32_SSE2 -DOPENSSL_BN_ASM_MONT -DOPENSSL_BN_ASM_MONT5 -DOPENSSL_BN_ASM_GF2m -DSHA1_ASM -DSHA256_ASM -DSHA512_ASM -DMD5_ASM -DAES_ASM -DVPAES_ASM -DBSAES_ASM -DWHIRLPOOL_ASM -DGHASH_ASM  -O3  -Wall  -c -o p12_npas.o p12_npas.c
gcc -I.. -I../.. -I../modes -I../asn1 -I../evp -I../../include  -DOPENSSL_THREADS -D_REENTRANT -DDSO_DLFCN -DHAVE_DLFCN_H -Wa,--noexecstack -m64 -DL_ENDIAN -DTERMIO -O3 -Wall -DOPENSSL_IA32_SSE2 -DOPENSSL_BN_ASM_MONT -DOPENSSL_BN_ASM_MONT5 -DOPENSSL_BN_ASM_GF2m -DSHA1_ASM -DSHA256_ASM -DSHA512_ASM -DMD5_ASM -DAES_ASM -DVPAES_ASM -DBSAES_ASM -DWHIRLPOOL_ASM -DGHASH_ASM  -O3  -Wall  -c -o pk12err.o pk12err.c
gcc -I.. -I../.. -I../modes -I../asn1 -I../evp -I../../include  -DOPENSSL_THREADS -D_REENTRANT -DDSO_DLFCN -DHAVE_DLFCN_H -Wa,--noexecstack -m64 -DL_ENDIAN -DTERMIO -O3 -Wall -DOPENSSL_IA32_SSE2 -DOPENSSL_BN_ASM_MONT -DOPENSSL_BN_ASM_MONT5 -DOPENSSL_BN_ASM_GF2m -DSHA1_ASM -DSHA256_ASM -DSHA512_ASM -DMD5_ASM -DAES_ASM -DVPAES_ASM -DBSAES_ASM -DWHIRLPOOL_ASM -DGHASH_ASM  -O3  -Wall  -c -o p12_p8d.o p12_p8d.c
gcc -I.. -I../.. -I../modes -I../asn1 -I../evp -I../../include  -DOPENSSL_THREADS -D_REENTRANT -DDSO_DLFCN -DHAVE_DLFCN_H -Wa,--noexecstack -m64 -DL_ENDIAN -DTERMIO -O3 -Wall -DOPENSSL_IA32_SSE2 -DOPENSSL_BN_ASM_MONT -DOPENSSL_BN_ASM_MONT5 -DOPENSSL_BN_ASM_GF2m -DSHA1_ASM -DSHA256_ASM -DSHA512_ASM -DMD5_ASM -DAES_ASM -DVPAES_ASM -DBSAES_ASM -DWHIRLPOOL_ASM -DGHASH_ASM  -O3  -Wall  -c -o p12_p8e.o p12_p8e.c
ar  r ../../libcrypto.a p12_add.o p12_asn.o p12_attr.o p12_crpt.o p12_crt.o p12_decr.o p12_init.o p12_key.o p12_kiss.o p12_mutl.o p12_utl.o p12_npas.o pk12err.o p12_p8d.o p12_p8e.o
ranlib ../../libcrypto.a || echo Never mind.
make[4]: Leaving directory `/home/lucas.t/Cactus_tmp/configs/sim/scratch/build/OpenSSL/openssl-1.0.1k/crypto/pkcs12'
making all in crypto/comp...
make[4]: Entering directory `/home/lucas.t/Cactus_tmp/configs/sim/scratch/build/OpenSSL/openssl-1.0.1k/crypto/comp'
gcc -I.. -I../.. -I../modes -I../asn1 -I../evp -I../../include  -DOPENSSL_THREADS -D_REENTRANT -DDSO_DLFCN -DHAVE_DLFCN_H -Wa,--noexecstack -m64 -DL_ENDIAN -DTERMIO -O3 -Wall -DOPENSSL_IA32_SSE2 -DOPENSSL_BN_ASM_MONT -DOPENSSL_BN_ASM_MONT5 -DOPENSSL_BN_ASM_GF2m -DSHA1_ASM -DSHA256_ASM -DSHA512_ASM -DMD5_ASM -DAES_ASM -DVPAES_ASM -DBSAES_ASM -DWHIRLPOOL_ASM -DGHASH_ASM  -O3  -Wall  -c -o comp_lib.o comp_lib.c
gcc -I.. -I../.. -I../modes -I../asn1 -I../evp -I../../include  -DOPENSSL_THREADS -D_REENTRANT -DDSO_DLFCN -DHAVE_DLFCN_H -Wa,--noexecstack -m64 -DL_ENDIAN -DTERMIO -O3 -Wall -DOPENSSL_IA32_SSE2 -DOPENSSL_BN_ASM_MONT -DOPENSSL_BN_ASM_MONT5 -DOPENSSL_BN_ASM_GF2m -DSHA1_ASM -DSHA256_ASM -DSHA512_ASM -DMD5_ASM -DAES_ASM -DVPAES_ASM -DBSAES_ASM -DWHIRLPOOL_ASM -DGHASH_ASM  -O3  -Wall  -c -o comp_err.o comp_err.c
gcc -I.. -I../.. -I../modes -I../asn1 -I../evp -I../../include  -DOPENSSL_THREADS -D_REENTRANT -DDSO_DLFCN -DHAVE_DLFCN_H -Wa,--noexecstack -m64 -DL_ENDIAN -DTERMIO -O3 -Wall -DOPENSSL_IA32_SSE2 -DOPENSSL_BN_ASM_MONT -DOPENSSL_BN_ASM_MONT5 -DOPENSSL_BN_ASM_GF2m -DSHA1_ASM -DSHA256_ASM -DSHA512_ASM -DMD5_ASM -DAES_ASM -DVPAES_ASM -DBSAES_ASM -DWHIRLPOOL_ASM -DGHASH_ASM  -O3  -Wall  -c -o c_rle.o c_rle.c
gcc -I.. -I../.. -I../modes -I../asn1 -I../evp -I../../include  -DOPENSSL_THREADS -D_REENTRANT -DDSO_DLFCN -DHAVE_DLFCN_H -Wa,--noexecstack -m64 -DL_ENDIAN -DTERMIO -O3 -Wall -DOPENSSL_IA32_SSE2 -DOPENSSL_BN_ASM_MONT -DOPENSSL_BN_ASM_MONT5 -DOPENSSL_BN_ASM_GF2m -DSHA1_ASM -DSHA256_ASM -DSHA512_ASM -DMD5_ASM -DAES_ASM -DVPAES_ASM -DBSAES_ASM -DWHIRLPOOL_ASM -DGHASH_ASM  -O3  -Wall  -c -o c_zlib.o c_zlib.c
ar  r ../../libcrypto.a comp_lib.o comp_err.o c_rle.o c_zlib.o
ranlib ../../libcrypto.a || echo Never mind.
make[4]: Leaving directory `/home/lucas.t/Cactus_tmp/configs/sim/scratch/build/OpenSSL/openssl-1.0.1k/crypto/comp'
making all in crypto/ocsp...
make[4]: Entering directory `/home/lucas.t/Cactus_tmp/configs/sim/scratch/build/OpenSSL/openssl-1.0.1k/crypto/ocsp'
gcc -I.. -I../.. -I../modes -I../asn1 -I../evp -I../../include  -DOPENSSL_THREADS -D_REENTRANT -DDSO_DLFCN -DHAVE_DLFCN_H -Wa,--noexecstack -m64 -DL_ENDIAN -DTERMIO -O3 -Wall -DOPENSSL_IA32_SSE2 -DOPENSSL_BN_ASM_MONT -DOPENSSL_BN_ASM_MONT5 -DOPENSSL_BN_ASM_GF2m -DSHA1_ASM -DSHA256_ASM -DSHA512_ASM -DMD5_ASM -DAES_ASM -DVPAES_ASM -DBSAES_ASM -DWHIRLPOOL_ASM -DGHASH_ASM  -O3  -Wall  -c -o ocsp_asn.o ocsp_asn.c
gcc -I.. -I../.. -I../modes -I../asn1 -I../evp -I../../include  -DOPENSSL_THREADS -D_REENTRANT -DDSO_DLFCN -DHAVE_DLFCN_H -Wa,--noexecstack -m64 -DL_ENDIAN -DTERMIO -O3 -Wall -DOPENSSL_IA32_SSE2 -DOPENSSL_BN_ASM_MONT -DOPENSSL_BN_ASM_MONT5 -DOPENSSL_BN_ASM_GF2m -DSHA1_ASM -DSHA256_ASM -DSHA512_ASM -DMD5_ASM -DAES_ASM -DVPAES_ASM -DBSAES_ASM -DWHIRLPOOL_ASM -DGHASH_ASM  -O3  -Wall  -c -o ocsp_ext.o ocsp_ext.c
gcc -I.. -I../.. -I../modes -I../asn1 -I../evp -I../../include  -DOPENSSL_THREADS -D_REENTRANT -DDSO_DLFCN -DHAVE_DLFCN_H -Wa,--noexecstack -m64 -DL_ENDIAN -DTERMIO -O3 -Wall -DOPENSSL_IA32_SSE2 -DOPENSSL_BN_ASM_MONT -DOPENSSL_BN_ASM_MONT5 -DOPENSSL_BN_ASM_GF2m -DSHA1_ASM -DSHA256_ASM -DSHA512_ASM -DMD5_ASM -DAES_ASM -DVPAES_ASM -DBSAES_ASM -DWHIRLPOOL_ASM -DGHASH_ASM  -O3  -Wall  -c -o ocsp_ht.o ocsp_ht.c
gcc -I.. -I../.. -I../modes -I../asn1 -I../evp -I../../include  -DOPENSSL_THREADS -D_REENTRANT -DDSO_DLFCN -DHAVE_DLFCN_H -Wa,--noexecstack -m64 -DL_ENDIAN -DTERMIO -O3 -Wall -DOPENSSL_IA32_SSE2 -DOPENSSL_BN_ASM_MONT -DOPENSSL_BN_ASM_MONT5 -DOPENSSL_BN_ASM_GF2m -DSHA1_ASM -DSHA256_ASM -DSHA512_ASM -DMD5_ASM -DAES_ASM -DVPAES_ASM -DBSAES_ASM -DWHIRLPOOL_ASM -DGHASH_ASM  -O3  -Wall  -c -o ocsp_lib.o ocsp_lib.c
gcc -I.. -I../.. -I../modes -I../asn1 -I../evp -I../../include  -DOPENSSL_THREADS -D_REENTRANT -DDSO_DLFCN -DHAVE_DLFCN_H -Wa,--noexecstack -m64 -DL_ENDIAN -DTERMIO -O3 -Wall -DOPENSSL_IA32_SSE2 -DOPENSSL_BN_ASM_MONT -DOPENSSL_BN_ASM_MONT5 -DOPENSSL_BN_ASM_GF2m -DSHA1_ASM -DSHA256_ASM -DSHA512_ASM -DMD5_ASM -DAES_ASM -DVPAES_ASM -DBSAES_ASM -DWHIRLPOOL_ASM -DGHASH_ASM  -O3  -Wall  -c -o ocsp_cl.o ocsp_cl.c
gcc -I.. -I../.. -I../modes -I../asn1 -I../evp -I../../include  -DOPENSSL_THREADS -D_REENTRANT -DDSO_DLFCN -DHAVE_DLFCN_H -Wa,--noexecstack -m64 -DL_ENDIAN -DTERMIO -O3 -Wall -DOPENSSL_IA32_SSE2 -DOPENSSL_BN_ASM_MONT -DOPENSSL_BN_ASM_MONT5 -DOPENSSL_BN_ASM_GF2m -DSHA1_ASM -DSHA256_ASM -DSHA512_ASM -DMD5_ASM -DAES_ASM -DVPAES_ASM -DBSAES_ASM -DWHIRLPOOL_ASM -DGHASH_ASM  -O3  -Wall  -c -o ocsp_srv.o ocsp_srv.c
gcc -I.. -I../.. -I../modes -I../asn1 -I../evp -I../../include  -DOPENSSL_THREADS -D_REENTRANT -DDSO_DLFCN -DHAVE_DLFCN_H -Wa,--noexecstack -m64 -DL_ENDIAN -DTERMIO -O3 -Wall -DOPENSSL_IA32_SSE2 -DOPENSSL_BN_ASM_MONT -DOPENSSL_BN_ASM_MONT5 -DOPENSSL_BN_ASM_GF2m -DSHA1_ASM -DSHA256_ASM -DSHA512_ASM -DMD5_ASM -DAES_ASM -DVPAES_ASM -DBSAES_ASM -DWHIRLPOOL_ASM -DGHASH_ASM  -O3  -Wall  -c -o ocsp_prn.o ocsp_prn.c
gcc -I.. -I../.. -I../modes -I../asn1 -I../evp -I../../include  -DOPENSSL_THREADS -D_REENTRANT -DDSO_DLFCN -DHAVE_DLFCN_H -Wa,--noexecstack -m64 -DL_ENDIAN -DTERMIO -O3 -Wall -DOPENSSL_IA32_SSE2 -DOPENSSL_BN_ASM_MONT -DOPENSSL_BN_ASM_MONT5 -DOPENSSL_BN_ASM_GF2m -DSHA1_ASM -DSHA256_ASM -DSHA512_ASM -DMD5_ASM -DAES_ASM -DVPAES_ASM -DBSAES_ASM -DWHIRLPOOL_ASM -DGHASH_ASM  -O3  -Wall  -c -o ocsp_vfy.o ocsp_vfy.c
gcc -I.. -I../.. -I../modes -I../asn1 -I../evp -I../../include  -DOPENSSL_THREADS -D_REENTRANT -DDSO_DLFCN -DHAVE_DLFCN_H -Wa,--noexecstack -m64 -DL_ENDIAN -DTERMIO -O3 -Wall -DOPENSSL_IA32_SSE2 -DOPENSSL_BN_ASM_MONT -DOPENSSL_BN_ASM_MONT5 -DOPENSSL_BN_ASM_GF2m -DSHA1_ASM -DSHA256_ASM -DSHA512_ASM -DMD5_ASM -DAES_ASM -DVPAES_ASM -DBSAES_ASM -DWHIRLPOOL_ASM -DGHASH_ASM  -O3  -Wall  -c -o ocsp_err.o ocsp_err.c
ar  r ../../libcrypto.a ocsp_asn.o ocsp_ext.o ocsp_ht.o ocsp_lib.o ocsp_cl.o ocsp_srv.o ocsp_prn.o ocsp_vfy.o ocsp_err.o
ranlib ../../libcrypto.a || echo Never mind.
make[4]: Leaving directory `/home/lucas.t/Cactus_tmp/configs/sim/scratch/build/OpenSSL/openssl-1.0.1k/crypto/ocsp'
making all in crypto/ui...
make[4]: Entering directory `/home/lucas.t/Cactus_tmp/configs/sim/scratch/build/OpenSSL/openssl-1.0.1k/crypto/ui'
gcc -I.. -I../.. -I../modes -I../asn1 -I../evp -I../../include  -DOPENSSL_THREADS -D_REENTRANT -DDSO_DLFCN -DHAVE_DLFCN_H -Wa,--noexecstack -m64 -DL_ENDIAN -DTERMIO -O3 -Wall -DOPENSSL_IA32_SSE2 -DOPENSSL_BN_ASM_MONT -DOPENSSL_BN_ASM_MONT5 -DOPENSSL_BN_ASM_GF2m -DSHA1_ASM -DSHA256_ASM -DSHA512_ASM -DMD5_ASM -DAES_ASM -DVPAES_ASM -DBSAES_ASM -DWHIRLPOOL_ASM -DGHASH_ASM  -O3  -Wall  -c -o ui_err.o ui_err.c
gcc -I.. -I../.. -I../modes -I../asn1 -I../evp -I../../include  -DOPENSSL_THREADS -D_REENTRANT -DDSO_DLFCN -DHAVE_DLFCN_H -Wa,--noexecstack -m64 -DL_ENDIAN -DTERMIO -O3 -Wall -DOPENSSL_IA32_SSE2 -DOPENSSL_BN_ASM_MONT -DOPENSSL_BN_ASM_MONT5 -DOPENSSL_BN_ASM_GF2m -DSHA1_ASM -DSHA256_ASM -DSHA512_ASM -DMD5_ASM -DAES_ASM -DVPAES_ASM -DBSAES_ASM -DWHIRLPOOL_ASM -DGHASH_ASM  -O3  -Wall  -c -o ui_lib.o ui_lib.c
gcc -I.. -I../.. -I../modes -I../asn1 -I../evp -I../../include  -DOPENSSL_THREADS -D_REENTRANT -DDSO_DLFCN -DHAVE_DLFCN_H -Wa,--noexecstack -m64 -DL_ENDIAN -DTERMIO -O3 -Wall -DOPENSSL_IA32_SSE2 -DOPENSSL_BN_ASM_MONT -DOPENSSL_BN_ASM_MONT5 -DOPENSSL_BN_ASM_GF2m -DSHA1_ASM -DSHA256_ASM -DSHA512_ASM -DMD5_ASM -DAES_ASM -DVPAES_ASM -DBSAES_ASM -DWHIRLPOOL_ASM -DGHASH_ASM  -O3  -Wall  -c -o ui_openssl.o ui_openssl.c
gcc -I.. -I../.. -I../modes -I../asn1 -I../evp -I../../include  -DOPENSSL_THREADS -D_REENTRANT -DDSO_DLFCN -DHAVE_DLFCN_H -Wa,--noexecstack -m64 -DL_ENDIAN -DTERMIO -O3 -Wall -DOPENSSL_IA32_SSE2 -DOPENSSL_BN_ASM_MONT -DOPENSSL_BN_ASM_MONT5 -DOPENSSL_BN_ASM_GF2m -DSHA1_ASM -DSHA256_ASM -DSHA512_ASM -DMD5_ASM -DAES_ASM -DVPAES_ASM -DBSAES_ASM -DWHIRLPOOL_ASM -DGHASH_ASM  -O3  -Wall  -c -o ui_util.o ui_util.c
gcc -I.. -I../.. -I../modes -I../asn1 -I../evp -I../../include  -DOPENSSL_THREADS -D_REENTRANT -DDSO_DLFCN -DHAVE_DLFCN_H -Wa,--noexecstack -m64 -DL_ENDIAN -DTERMIO -O3 -Wall -DOPENSSL_IA32_SSE2 -DOPENSSL_BN_ASM_MONT -DOPENSSL_BN_ASM_MONT5 -DOPENSSL_BN_ASM_GF2m -DSHA1_ASM -DSHA256_ASM -DSHA512_ASM -DMD5_ASM -DAES_ASM -DVPAES_ASM -DBSAES_ASM -DWHIRLPOOL_ASM -DGHASH_ASM  -O3  -Wall  -c -o ui_compat.o ui_compat.c
ar  r ../../libcrypto.a ui_err.o ui_lib.o ui_openssl.o ui_util.o ui_compat.o
ranlib ../../libcrypto.a || echo Never mind.
make[4]: Leaving directory `/home/lucas.t/Cactus_tmp/configs/sim/scratch/build/OpenSSL/openssl-1.0.1k/crypto/ui'
making all in crypto/krb5...
make[4]: Entering directory `/home/lucas.t/Cactus_tmp/configs/sim/scratch/build/OpenSSL/openssl-1.0.1k/crypto/krb5'
gcc -I.. -I../.. -I../modes -I../asn1 -I../evp -I../../include  -DOPENSSL_THREADS -D_REENTRANT -DDSO_DLFCN -DHAVE_DLFCN_H -Wa,--noexecstack -m64 -DL_ENDIAN -DTERMIO -O3 -Wall -DOPENSSL_IA32_SSE2 -DOPENSSL_BN_ASM_MONT -DOPENSSL_BN_ASM_MONT5 -DOPENSSL_BN_ASM_GF2m -DSHA1_ASM -DSHA256_ASM -DSHA512_ASM -DMD5_ASM -DAES_ASM -DVPAES_ASM -DBSAES_ASM -DWHIRLPOOL_ASM -DGHASH_ASM  -O3  -Wall  -c -o krb5_asn.o krb5_asn.c
ar  r ../../libcrypto.a krb5_asn.o
ranlib ../../libcrypto.a || echo Never mind.
make[4]: Leaving directory `/home/lucas.t/Cactus_tmp/configs/sim/scratch/build/OpenSSL/openssl-1.0.1k/crypto/krb5'
making all in crypto/cms...
make[4]: Entering directory `/home/lucas.t/Cactus_tmp/configs/sim/scratch/build/OpenSSL/openssl-1.0.1k/crypto/cms'
gcc -I.. -I../.. -I../modes -I../asn1 -I../evp -I../../include  -DOPENSSL_THREADS -D_REENTRANT -DDSO_DLFCN -DHAVE_DLFCN_H -Wa,--noexecstack -m64 -DL_ENDIAN -DTERMIO -O3 -Wall -DOPENSSL_IA32_SSE2 -DOPENSSL_BN_ASM_MONT -DOPENSSL_BN_ASM_MONT5 -DOPENSSL_BN_ASM_GF2m -DSHA1_ASM -DSHA256_ASM -DSHA512_ASM -DMD5_ASM -DAES_ASM -DVPAES_ASM -DBSAES_ASM -DWHIRLPOOL_ASM -DGHASH_ASM  -O3  -Wall  -c -o cms_lib.o cms_lib.c
gcc -I.. -I../.. -I../modes -I../asn1 -I../evp -I../../include  -DOPENSSL_THREADS -D_REENTRANT -DDSO_DLFCN -DHAVE_DLFCN_H -Wa,--noexecstack -m64 -DL_ENDIAN -DTERMIO -O3 -Wall -DOPENSSL_IA32_SSE2 -DOPENSSL_BN_ASM_MONT -DOPENSSL_BN_ASM_MONT5 -DOPENSSL_BN_ASM_GF2m -DSHA1_ASM -DSHA256_ASM -DSHA512_ASM -DMD5_ASM -DAES_ASM -DVPAES_ASM -DBSAES_ASM -DWHIRLPOOL_ASM -DGHASH_ASM  -O3  -Wall  -c -o cms_asn1.o cms_asn1.c
gcc -I.. -I../.. -I../modes -I../asn1 -I../evp -I../../include  -DOPENSSL_THREADS -D_REENTRANT -DDSO_DLFCN -DHAVE_DLFCN_H -Wa,--noexecstack -m64 -DL_ENDIAN -DTERMIO -O3 -Wall -DOPENSSL_IA32_SSE2 -DOPENSSL_BN_ASM_MONT -DOPENSSL_BN_ASM_MONT5 -DOPENSSL_BN_ASM_GF2m -DSHA1_ASM -DSHA256_ASM -DSHA512_ASM -DMD5_ASM -DAES_ASM -DVPAES_ASM -DBSAES_ASM -DWHIRLPOOL_ASM -DGHASH_ASM  -O3  -Wall  -c -o cms_att.o cms_att.c
gcc -I.. -I../.. -I../modes -I../asn1 -I../evp -I../../include  -DOPENSSL_THREADS -D_REENTRANT -DDSO_DLFCN -DHAVE_DLFCN_H -Wa,--noexecstack -m64 -DL_ENDIAN -DTERMIO -O3 -Wall -DOPENSSL_IA32_SSE2 -DOPENSSL_BN_ASM_MONT -DOPENSSL_BN_ASM_MONT5 -DOPENSSL_BN_ASM_GF2m -DSHA1_ASM -DSHA256_ASM -DSHA512_ASM -DMD5_ASM -DAES_ASM -DVPAES_ASM -DBSAES_ASM -DWHIRLPOOL_ASM -DGHASH_ASM  -O3  -Wall  -c -o cms_io.o cms_io.c
gcc -I.. -I../.. -I../modes -I../asn1 -I../evp -I../../include  -DOPENSSL_THREADS -D_REENTRANT -DDSO_DLFCN -DHAVE_DLFCN_H -Wa,--noexecstack -m64 -DL_ENDIAN -DTERMIO -O3 -Wall -DOPENSSL_IA32_SSE2 -DOPENSSL_BN_ASM_MONT -DOPENSSL_BN_ASM_MONT5 -DOPENSSL_BN_ASM_GF2m -DSHA1_ASM -DSHA256_ASM -DSHA512_ASM -DMD5_ASM -DAES_ASM -DVPAES_ASM -DBSAES_ASM -DWHIRLPOOL_ASM -DGHASH_ASM  -O3  -Wall  -c -o cms_smime.o cms_smime.c
gcc -I.. -I../.. -I../modes -I../asn1 -I../evp -I../../include  -DOPENSSL_THREADS -D_REENTRANT -DDSO_DLFCN -DHAVE_DLFCN_H -Wa,--noexecstack -m64 -DL_ENDIAN -DTERMIO -O3 -Wall -DOPENSSL_IA32_SSE2 -DOPENSSL_BN_ASM_MONT -DOPENSSL_BN_ASM_MONT5 -DOPENSSL_BN_ASM_GF2m -DSHA1_ASM -DSHA256_ASM -DSHA512_ASM -DMD5_ASM -DAES_ASM -DVPAES_ASM -DBSAES_ASM -DWHIRLPOOL_ASM -DGHASH_ASM  -O3  -Wall  -c -o cms_err.o cms_err.c
gcc -I.. -I../.. -I../modes -I../asn1 -I../evp -I../../include  -DOPENSSL_THREADS -D_REENTRANT -DDSO_DLFCN -DHAVE_DLFCN_H -Wa,--noexecstack -m64 -DL_ENDIAN -DTERMIO -O3 -Wall -DOPENSSL_IA32_SSE2 -DOPENSSL_BN_ASM_MONT -DOPENSSL_BN_ASM_MONT5 -DOPENSSL_BN_ASM_GF2m -DSHA1_ASM -DSHA256_ASM -DSHA512_ASM -DMD5_ASM -DAES_ASM -DVPAES_ASM -DBSAES_ASM -DWHIRLPOOL_ASM -DGHASH_ASM  -O3  -Wall  -c -o cms_sd.o cms_sd.c
gcc -I.. -I../.. -I../modes -I../asn1 -I../evp -I../../include  -DOPENSSL_THREADS -D_REENTRANT -DDSO_DLFCN -DHAVE_DLFCN_H -Wa,--noexecstack -m64 -DL_ENDIAN -DTERMIO -O3 -Wall -DOPENSSL_IA32_SSE2 -DOPENSSL_BN_ASM_MONT -DOPENSSL_BN_ASM_MONT5 -DOPENSSL_BN_ASM_GF2m -DSHA1_ASM -DSHA256_ASM -DSHA512_ASM -DMD5_ASM -DAES_ASM -DVPAES_ASM -DBSAES_ASM -DWHIRLPOOL_ASM -DGHASH_ASM  -O3  -Wall  -c -o cms_dd.o cms_dd.c
gcc -I.. -I../.. -I../modes -I../asn1 -I../evp -I../../include  -DOPENSSL_THREADS -D_REENTRANT -DDSO_DLFCN -DHAVE_DLFCN_H -Wa,--noexecstack -m64 -DL_ENDIAN -DTERMIO -O3 -Wall -DOPENSSL_IA32_SSE2 -DOPENSSL_BN_ASM_MONT -DOPENSSL_BN_ASM_MONT5 -DOPENSSL_BN_ASM_GF2m -DSHA1_ASM -DSHA256_ASM -DSHA512_ASM -DMD5_ASM -DAES_ASM -DVPAES_ASM -DBSAES_ASM -DWHIRLPOOL_ASM -DGHASH_ASM  -O3  -Wall  -c -o cms_cd.o cms_cd.c
gcc -I.. -I../.. -I../modes -I../asn1 -I../evp -I../../include  -DOPENSSL_THREADS -D_REENTRANT -DDSO_DLFCN -DHAVE_DLFCN_H -Wa,--noexecstack -m64 -DL_ENDIAN -DTERMIO -O3 -Wall -DOPENSSL_IA32_SSE2 -DOPENSSL_BN_ASM_MONT -DOPENSSL_BN_ASM_MONT5 -DOPENSSL_BN_ASM_GF2m -DSHA1_ASM -DSHA256_ASM -DSHA512_ASM -DMD5_ASM -DAES_ASM -DVPAES_ASM -DBSAES_ASM -DWHIRLPOOL_ASM -DGHASH_ASM  -O3  -Wall  -c -o cms_env.o cms_env.c
gcc -I.. -I../.. -I../modes -I../asn1 -I../evp -I../../include  -DOPENSSL_THREADS -D_REENTRANT -DDSO_DLFCN -DHAVE_DLFCN_H -Wa,--noexecstack -m64 -DL_ENDIAN -DTERMIO -O3 -Wall -DOPENSSL_IA32_SSE2 -DOPENSSL_BN_ASM_MONT -DOPENSSL_BN_ASM_MONT5 -DOPENSSL_BN_ASM_GF2m -DSHA1_ASM -DSHA256_ASM -DSHA512_ASM -DMD5_ASM -DAES_ASM -DVPAES_ASM -DBSAES_ASM -DWHIRLPOOL_ASM -DGHASH_ASM  -O3  -Wall  -c -o cms_enc.o cms_enc.c
gcc -I.. -I../.. -I../modes -I../asn1 -I../evp -I../../include  -DOPENSSL_THREADS -D_REENTRANT -DDSO_DLFCN -DHAVE_DLFCN_H -Wa,--noexecstack -m64 -DL_ENDIAN -DTERMIO -O3 -Wall -DOPENSSL_IA32_SSE2 -DOPENSSL_BN_ASM_MONT -DOPENSSL_BN_ASM_MONT5 -DOPENSSL_BN_ASM_GF2m -DSHA1_ASM -DSHA256_ASM -DSHA512_ASM -DMD5_ASM -DAES_ASM -DVPAES_ASM -DBSAES_ASM -DWHIRLPOOL_ASM -DGHASH_ASM  -O3  -Wall  -c -o cms_ess.o cms_ess.c
gcc -I.. -I../.. -I../modes -I../asn1 -I../evp -I../../include  -DOPENSSL_THREADS -D_REENTRANT -DDSO_DLFCN -DHAVE_DLFCN_H -Wa,--noexecstack -m64 -DL_ENDIAN -DTERMIO -O3 -Wall -DOPENSSL_IA32_SSE2 -DOPENSSL_BN_ASM_MONT -DOPENSSL_BN_ASM_MONT5 -DOPENSSL_BN_ASM_GF2m -DSHA1_ASM -DSHA256_ASM -DSHA512_ASM -DMD5_ASM -DAES_ASM -DVPAES_ASM -DBSAES_ASM -DWHIRLPOOL_ASM -DGHASH_ASM  -O3  -Wall  -c -o cms_pwri.o cms_pwri.c
ar  r ../../libcrypto.a cms_lib.o cms_asn1.o cms_att.o cms_io.o cms_smime.o cms_err.o cms_sd.o cms_dd.o cms_cd.o cms_env.o cms_enc.o cms_ess.o cms_pwri.o
ranlib ../../libcrypto.a || echo Never mind.
make[4]: Leaving directory `/home/lucas.t/Cactus_tmp/configs/sim/scratch/build/OpenSSL/openssl-1.0.1k/crypto/cms'
making all in crypto/pqueue...
make[4]: Entering directory `/home/lucas.t/Cactus_tmp/configs/sim/scratch/build/OpenSSL/openssl-1.0.1k/crypto/pqueue'
gcc -I.. -I../.. -I../modes -I../asn1 -I../evp -I../../include  -DOPENSSL_THREADS -D_REENTRANT -DDSO_DLFCN -DHAVE_DLFCN_H -Wa,--noexecstack -m64 -DL_ENDIAN -DTERMIO -O3 -Wall -DOPENSSL_IA32_SSE2 -DOPENSSL_BN_ASM_MONT -DOPENSSL_BN_ASM_MONT5 -DOPENSSL_BN_ASM_GF2m -DSHA1_ASM -DSHA256_ASM -DSHA512_ASM -DMD5_ASM -DAES_ASM -DVPAES_ASM -DBSAES_ASM -DWHIRLPOOL_ASM -DGHASH_ASM  -O3  -Wall  -c -o pqueue.o pqueue.c
ar  r ../../libcrypto.a pqueue.o
ranlib ../../libcrypto.a || echo Never mind.
make[4]: Leaving directory `/home/lucas.t/Cactus_tmp/configs/sim/scratch/build/OpenSSL/openssl-1.0.1k/crypto/pqueue'
making all in crypto/ts...
make[4]: Entering directory `/home/lucas.t/Cactus_tmp/configs/sim/scratch/build/OpenSSL/openssl-1.0.1k/crypto/ts'
gcc -I.. -I../.. -I../modes -I../asn1 -I../evp -I../../include  -DOPENSSL_THREADS -D_REENTRANT -DDSO_DLFCN -DHAVE_DLFCN_H -Wa,--noexecstack -m64 -DL_ENDIAN -DTERMIO -O3 -Wall -DOPENSSL_IA32_SSE2 -DOPENSSL_BN_ASM_MONT -DOPENSSL_BN_ASM_MONT5 -DOPENSSL_BN_ASM_GF2m -DSHA1_ASM -DSHA256_ASM -DSHA512_ASM -DMD5_ASM -DAES_ASM -DVPAES_ASM -DBSAES_ASM -DWHIRLPOOL_ASM -DGHASH_ASM  -O3  -Wall  -c -o ts_err.o ts_err.c
gcc -I.. -I../.. -I../modes -I../asn1 -I../evp -I../../include  -DOPENSSL_THREADS -D_REENTRANT -DDSO_DLFCN -DHAVE_DLFCN_H -Wa,--noexecstack -m64 -DL_ENDIAN -DTERMIO -O3 -Wall -DOPENSSL_IA32_SSE2 -DOPENSSL_BN_ASM_MONT -DOPENSSL_BN_ASM_MONT5 -DOPENSSL_BN_ASM_GF2m -DSHA1_ASM -DSHA256_ASM -DSHA512_ASM -DMD5_ASM -DAES_ASM -DVPAES_ASM -DBSAES_ASM -DWHIRLPOOL_ASM -DGHASH_ASM  -O3  -Wall  -c -o ts_req_utils.o ts_req_utils.c
gcc -I.. -I../.. -I../modes -I../asn1 -I../evp -I../../include  -DOPENSSL_THREADS -D_REENTRANT -DDSO_DLFCN -DHAVE_DLFCN_H -Wa,--noexecstack -m64 -DL_ENDIAN -DTERMIO -O3 -Wall -DOPENSSL_IA32_SSE2 -DOPENSSL_BN_ASM_MONT -DOPENSSL_BN_ASM_MONT5 -DOPENSSL_BN_ASM_GF2m -DSHA1_ASM -DSHA256_ASM -DSHA512_ASM -DMD5_ASM -DAES_ASM -DVPAES_ASM -DBSAES_ASM -DWHIRLPOOL_ASM -DGHASH_ASM  -O3  -Wall  -c -o ts_req_print.o ts_req_print.c
gcc -I.. -I../.. -I../modes -I../asn1 -I../evp -I../../include  -DOPENSSL_THREADS -D_REENTRANT -DDSO_DLFCN -DHAVE_DLFCN_H -Wa,--noexecstack -m64 -DL_ENDIAN -DTERMIO -O3 -Wall -DOPENSSL_IA32_SSE2 -DOPENSSL_BN_ASM_MONT -DOPENSSL_BN_ASM_MONT5 -DOPENSSL_BN_ASM_GF2m -DSHA1_ASM -DSHA256_ASM -DSHA512_ASM -DMD5_ASM -DAES_ASM -DVPAES_ASM -DBSAES_ASM -DWHIRLPOOL_ASM -DGHASH_ASM  -O3  -Wall  -c -o ts_rsp_utils.o ts_rsp_utils.c
gcc -I.. -I../.. -I../modes -I../asn1 -I../evp -I../../include  -DOPENSSL_THREADS -D_REENTRANT -DDSO_DLFCN -DHAVE_DLFCN_H -Wa,--noexecstack -m64 -DL_ENDIAN -DTERMIO -O3 -Wall -DOPENSSL_IA32_SSE2 -DOPENSSL_BN_ASM_MONT -DOPENSSL_BN_ASM_MONT5 -DOPENSSL_BN_ASM_GF2m -DSHA1_ASM -DSHA256_ASM -DSHA512_ASM -DMD5_ASM -DAES_ASM -DVPAES_ASM -DBSAES_ASM -DWHIRLPOOL_ASM -DGHASH_ASM  -O3  -Wall  -c -o ts_rsp_print.o ts_rsp_print.c
gcc -I.. -I../.. -I../modes -I../asn1 -I../evp -I../../include  -DOPENSSL_THREADS -D_REENTRANT -DDSO_DLFCN -DHAVE_DLFCN_H -Wa,--noexecstack -m64 -DL_ENDIAN -DTERMIO -O3 -Wall -DOPENSSL_IA32_SSE2 -DOPENSSL_BN_ASM_MONT -DOPENSSL_BN_ASM_MONT5 -DOPENSSL_BN_ASM_GF2m -DSHA1_ASM -DSHA256_ASM -DSHA512_ASM -DMD5_ASM -DAES_ASM -DVPAES_ASM -DBSAES_ASM -DWHIRLPOOL_ASM -DGHASH_ASM  -O3  -Wall  -c -o ts_rsp_sign.o ts_rsp_sign.c
gcc -I.. -I../.. -I../modes -I../asn1 -I../evp -I../../include  -DOPENSSL_THREADS -D_REENTRANT -DDSO_DLFCN -DHAVE_DLFCN_H -Wa,--noexecstack -m64 -DL_ENDIAN -DTERMIO -O3 -Wall -DOPENSSL_IA32_SSE2 -DOPENSSL_BN_ASM_MONT -DOPENSSL_BN_ASM_MONT5 -DOPENSSL_BN_ASM_GF2m -DSHA1_ASM -DSHA256_ASM -DSHA512_ASM -DMD5_ASM -DAES_ASM -DVPAES_ASM -DBSAES_ASM -DWHIRLPOOL_ASM -DGHASH_ASM  -O3  -Wall  -c -o ts_rsp_verify.o ts_rsp_verify.c
gcc -I.. -I../.. -I../modes -I../asn1 -I../evp -I../../include  -DOPENSSL_THREADS -D_REENTRANT -DDSO_DLFCN -DHAVE_DLFCN_H -Wa,--noexecstack -m64 -DL_ENDIAN -DTERMIO -O3 -Wall -DOPENSSL_IA32_SSE2 -DOPENSSL_BN_ASM_MONT -DOPENSSL_BN_ASM_MONT5 -DOPENSSL_BN_ASM_GF2m -DSHA1_ASM -DSHA256_ASM -DSHA512_ASM -DMD5_ASM -DAES_ASM -DVPAES_ASM -DBSAES_ASM -DWHIRLPOOL_ASM -DGHASH_ASM  -O3  -Wall  -c -o ts_verify_ctx.o ts_verify_ctx.c
gcc -I.. -I../.. -I../modes -I../asn1 -I../evp -I../../include  -DOPENSSL_THREADS -D_REENTRANT -DDSO_DLFCN -DHAVE_DLFCN_H -Wa,--noexecstack -m64 -DL_ENDIAN -DTERMIO -O3 -Wall -DOPENSSL_IA32_SSE2 -DOPENSSL_BN_ASM_MONT -DOPENSSL_BN_ASM_MONT5 -DOPENSSL_BN_ASM_GF2m -DSHA1_ASM -DSHA256_ASM -DSHA512_ASM -DMD5_ASM -DAES_ASM -DVPAES_ASM -DBSAES_ASM -DWHIRLPOOL_ASM -DGHASH_ASM  -O3  -Wall  -c -o ts_lib.o ts_lib.c
gcc -I.. -I../.. -I../modes -I../asn1 -I../evp -I../../include  -DOPENSSL_THREADS -D_REENTRANT -DDSO_DLFCN -DHAVE_DLFCN_H -Wa,--noexecstack -m64 -DL_ENDIAN -DTERMIO -O3 -Wall -DOPENSSL_IA32_SSE2 -DOPENSSL_BN_ASM_MONT -DOPENSSL_BN_ASM_MONT5 -DOPENSSL_BN_ASM_GF2m -DSHA1_ASM -DSHA256_ASM -DSHA512_ASM -DMD5_ASM -DAES_ASM -DVPAES_ASM -DBSAES_ASM -DWHIRLPOOL_ASM -DGHASH_ASM  -O3  -Wall  -c -o ts_conf.o ts_conf.c
gcc -I.. -I../.. -I../modes -I../asn1 -I../evp -I../../include  -DOPENSSL_THREADS -D_REENTRANT -DDSO_DLFCN -DHAVE_DLFCN_H -Wa,--noexecstack -m64 -DL_ENDIAN -DTERMIO -O3 -Wall -DOPENSSL_IA32_SSE2 -DOPENSSL_BN_ASM_MONT -DOPENSSL_BN_ASM_MONT5 -DOPENSSL_BN_ASM_GF2m -DSHA1_ASM -DSHA256_ASM -DSHA512_ASM -DMD5_ASM -DAES_ASM -DVPAES_ASM -DBSAES_ASM -DWHIRLPOOL_ASM -DGHASH_ASM  -O3  -Wall  -c -o ts_asn1.o ts_asn1.c
ar  r ../../libcrypto.a ts_err.o ts_req_utils.o ts_req_print.o ts_rsp_utils.o ts_rsp_print.o ts_rsp_sign.o ts_rsp_verify.o ts_verify_ctx.o ts_lib.o ts_conf.o ts_asn1.o
ranlib ../../libcrypto.a || echo Never mind.
make[4]: Leaving directory `/home/lucas.t/Cactus_tmp/configs/sim/scratch/build/OpenSSL/openssl-1.0.1k/crypto/ts'
making all in crypto/srp...
make[4]: Entering directory `/home/lucas.t/Cactus_tmp/configs/sim/scratch/build/OpenSSL/openssl-1.0.1k/crypto/srp'
gcc -I.. -I../.. -I../modes -I../asn1 -I../evp -I../../include  -DOPENSSL_THREADS -D_REENTRANT -DDSO_DLFCN -DHAVE_DLFCN_H -Wa,--noexecstack -m64 -DL_ENDIAN -DTERMIO -O3 -Wall -DOPENSSL_IA32_SSE2 -DOPENSSL_BN_ASM_MONT -DOPENSSL_BN_ASM_MONT5 -DOPENSSL_BN_ASM_GF2m -DSHA1_ASM -DSHA256_ASM -DSHA512_ASM -DMD5_ASM -DAES_ASM -DVPAES_ASM -DBSAES_ASM -DWHIRLPOOL_ASM -DGHASH_ASM  -O3  -Wall  -c -o srp_lib.o srp_lib.c
gcc -I.. -I../.. -I../modes -I../asn1 -I../evp -I../../include  -DOPENSSL_THREADS -D_REENTRANT -DDSO_DLFCN -DHAVE_DLFCN_H -Wa,--noexecstack -m64 -DL_ENDIAN -DTERMIO -O3 -Wall -DOPENSSL_IA32_SSE2 -DOPENSSL_BN_ASM_MONT -DOPENSSL_BN_ASM_MONT5 -DOPENSSL_BN_ASM_GF2m -DSHA1_ASM -DSHA256_ASM -DSHA512_ASM -DMD5_ASM -DAES_ASM -DVPAES_ASM -DBSAES_ASM -DWHIRLPOOL_ASM -DGHASH_ASM  -O3  -Wall  -c -o srp_vfy.o srp_vfy.c
ar  r ../../libcrypto.a srp_lib.o srp_vfy.o
ranlib ../../libcrypto.a || echo Never mind.
make[4]: Leaving directory `/home/lucas.t/Cactus_tmp/configs/sim/scratch/build/OpenSSL/openssl-1.0.1k/crypto/srp'
making all in crypto/cmac...
make[4]: Entering directory `/home/lucas.t/Cactus_tmp/configs/sim/scratch/build/OpenSSL/openssl-1.0.1k/crypto/cmac'
gcc -I.. -I../.. -I../modes -I../asn1 -I../evp -I../../include  -DOPENSSL_THREADS -D_REENTRANT -DDSO_DLFCN -DHAVE_DLFCN_H -Wa,--noexecstack -m64 -DL_ENDIAN -DTERMIO -O3 -Wall -DOPENSSL_IA32_SSE2 -DOPENSSL_BN_ASM_MONT -DOPENSSL_BN_ASM_MONT5 -DOPENSSL_BN_ASM_GF2m -DSHA1_ASM -DSHA256_ASM -DSHA512_ASM -DMD5_ASM -DAES_ASM -DVPAES_ASM -DBSAES_ASM -DWHIRLPOOL_ASM -DGHASH_ASM  -O3  -Wall  -c -o cmac.o cmac.c
gcc -I.. -I../.. -I../modes -I../asn1 -I../evp -I../../include  -DOPENSSL_THREADS -D_REENTRANT -DDSO_DLFCN -DHAVE_DLFCN_H -Wa,--noexecstack -m64 -DL_ENDIAN -DTERMIO -O3 -Wall -DOPENSSL_IA32_SSE2 -DOPENSSL_BN_ASM_MONT -DOPENSSL_BN_ASM_MONT5 -DOPENSSL_BN_ASM_GF2m -DSHA1_ASM -DSHA256_ASM -DSHA512_ASM -DMD5_ASM -DAES_ASM -DVPAES_ASM -DBSAES_ASM -DWHIRLPOOL_ASM -DGHASH_ASM  -O3  -Wall  -c -o cm_ameth.o cm_ameth.c
gcc -I.. -I../.. -I../modes -I../asn1 -I../evp -I../../include  -DOPENSSL_THREADS -D_REENTRANT -DDSO_DLFCN -DHAVE_DLFCN_H -Wa,--noexecstack -m64 -DL_ENDIAN -DTERMIO -O3 -Wall -DOPENSSL_IA32_SSE2 -DOPENSSL_BN_ASM_MONT -DOPENSSL_BN_ASM_MONT5 -DOPENSSL_BN_ASM_GF2m -DSHA1_ASM -DSHA256_ASM -DSHA512_ASM -DMD5_ASM -DAES_ASM -DVPAES_ASM -DBSAES_ASM -DWHIRLPOOL_ASM -DGHASH_ASM  -O3  -Wall  -c -o cm_pmeth.o cm_pmeth.c
ar  r ../../libcrypto.a cmac.o cm_ameth.o cm_pmeth.o
ranlib ../../libcrypto.a || echo Never mind.
make[4]: Leaving directory `/home/lucas.t/Cactus_tmp/configs/sim/scratch/build/OpenSSL/openssl-1.0.1k/crypto/cmac'
if [ -n "" ]; then \
	(cd ..; make libcrypto.so.1.0.0); \
fi
make[3]: Leaving directory `/home/lucas.t/Cactus_tmp/configs/sim/scratch/build/OpenSSL/openssl-1.0.1k/crypto'
making all in ssl...
make[3]: Entering directory `/home/lucas.t/Cactus_tmp/configs/sim/scratch/build/OpenSSL/openssl-1.0.1k/ssl'
gcc -I../crypto -I.. -I../include  -DOPENSSL_THREADS -D_REENTRANT -DDSO_DLFCN -DHAVE_DLFCN_H -Wa,--noexecstack -m64 -DL_ENDIAN -DTERMIO -O3 -Wall -DOPENSSL_IA32_SSE2 -DOPENSSL_BN_ASM_MONT -DOPENSSL_BN_ASM_MONT5 -DOPENSSL_BN_ASM_GF2m -DSHA1_ASM -DSHA256_ASM -DSHA512_ASM -DMD5_ASM -DAES_ASM -DVPAES_ASM -DBSAES_ASM -DWHIRLPOOL_ASM -DGHASH_ASM  -O3  -Wall  -c -o s2_meth.o s2_meth.c
gcc -I../crypto -I.. -I../include  -DOPENSSL_THREADS -D_REENTRANT -DDSO_DLFCN -DHAVE_DLFCN_H -Wa,--noexecstack -m64 -DL_ENDIAN -DTERMIO -O3 -Wall -DOPENSSL_IA32_SSE2 -DOPENSSL_BN_ASM_MONT -DOPENSSL_BN_ASM_MONT5 -DOPENSSL_BN_ASM_GF2m -DSHA1_ASM -DSHA256_ASM -DSHA512_ASM -DMD5_ASM -DAES_ASM -DVPAES_ASM -DBSAES_ASM -DWHIRLPOOL_ASM -DGHASH_ASM  -O3  -Wall  -c -o s2_srvr.o s2_srvr.c
gcc -I../crypto -I.. -I../include  -DOPENSSL_THREADS -D_REENTRANT -DDSO_DLFCN -DHAVE_DLFCN_H -Wa,--noexecstack -m64 -DL_ENDIAN -DTERMIO -O3 -Wall -DOPENSSL_IA32_SSE2 -DOPENSSL_BN_ASM_MONT -DOPENSSL_BN_ASM_MONT5 -DOPENSSL_BN_ASM_GF2m -DSHA1_ASM -DSHA256_ASM -DSHA512_ASM -DMD5_ASM -DAES_ASM -DVPAES_ASM -DBSAES_ASM -DWHIRLPOOL_ASM -DGHASH_ASM  -O3  -Wall  -c -o s2_clnt.o s2_clnt.c
gcc -I../crypto -I.. -I../include  -DOPENSSL_THREADS -D_REENTRANT -DDSO_DLFCN -DHAVE_DLFCN_H -Wa,--noexecstack -m64 -DL_ENDIAN -DTERMIO -O3 -Wall -DOPENSSL_IA32_SSE2 -DOPENSSL_BN_ASM_MONT -DOPENSSL_BN_ASM_MONT5 -DOPENSSL_BN_ASM_GF2m -DSHA1_ASM -DSHA256_ASM -DSHA512_ASM -DMD5_ASM -DAES_ASM -DVPAES_ASM -DBSAES_ASM -DWHIRLPOOL_ASM -DGHASH_ASM  -O3  -Wall  -c -o s2_lib.o s2_lib.c
gcc -I../crypto -I.. -I../include  -DOPENSSL_THREADS -D_REENTRANT -DDSO_DLFCN -DHAVE_DLFCN_H -Wa,--noexecstack -m64 -DL_ENDIAN -DTERMIO -O3 -Wall -DOPENSSL_IA32_SSE2 -DOPENSSL_BN_ASM_MONT -DOPENSSL_BN_ASM_MONT5 -DOPENSSL_BN_ASM_GF2m -DSHA1_ASM -DSHA256_ASM -DSHA512_ASM -DMD5_ASM -DAES_ASM -DVPAES_ASM -DBSAES_ASM -DWHIRLPOOL_ASM -DGHASH_ASM  -O3  -Wall  -c -o s2_enc.o s2_enc.c
gcc -I../crypto -I.. -I../include  -DOPENSSL_THREADS -D_REENTRANT -DDSO_DLFCN -DHAVE_DLFCN_H -Wa,--noexecstack -m64 -DL_ENDIAN -DTERMIO -O3 -Wall -DOPENSSL_IA32_SSE2 -DOPENSSL_BN_ASM_MONT -DOPENSSL_BN_ASM_MONT5 -DOPENSSL_BN_ASM_GF2m -DSHA1_ASM -DSHA256_ASM -DSHA512_ASM -DMD5_ASM -DAES_ASM -DVPAES_ASM -DBSAES_ASM -DWHIRLPOOL_ASM -DGHASH_ASM  -O3  -Wall  -c -o s2_pkt.o s2_pkt.c
gcc -I../crypto -I.. -I../include  -DOPENSSL_THREADS -D_REENTRANT -DDSO_DLFCN -DHAVE_DLFCN_H -Wa,--noexecstack -m64 -DL_ENDIAN -DTERMIO -O3 -Wall -DOPENSSL_IA32_SSE2 -DOPENSSL_BN_ASM_MONT -DOPENSSL_BN_ASM_MONT5 -DOPENSSL_BN_ASM_GF2m -DSHA1_ASM -DSHA256_ASM -DSHA512_ASM -DMD5_ASM -DAES_ASM -DVPAES_ASM -DBSAES_ASM -DWHIRLPOOL_ASM -DGHASH_ASM  -O3  -Wall  -c -o s3_meth.o s3_meth.c
gcc -I../crypto -I.. -I../include  -DOPENSSL_THREADS -D_REENTRANT -DDSO_DLFCN -DHAVE_DLFCN_H -Wa,--noexecstack -m64 -DL_ENDIAN -DTERMIO -O3 -Wall -DOPENSSL_IA32_SSE2 -DOPENSSL_BN_ASM_MONT -DOPENSSL_BN_ASM_MONT5 -DOPENSSL_BN_ASM_GF2m -DSHA1_ASM -DSHA256_ASM -DSHA512_ASM -DMD5_ASM -DAES_ASM -DVPAES_ASM -DBSAES_ASM -DWHIRLPOOL_ASM -DGHASH_ASM  -O3  -Wall  -c -o s3_srvr.o s3_srvr.c
gcc -I../crypto -I.. -I../include  -DOPENSSL_THREADS -D_REENTRANT -DDSO_DLFCN -DHAVE_DLFCN_H -Wa,--noexecstack -m64 -DL_ENDIAN -DTERMIO -O3 -Wall -DOPENSSL_IA32_SSE2 -DOPENSSL_BN_ASM_MONT -DOPENSSL_BN_ASM_MONT5 -DOPENSSL_BN_ASM_GF2m -DSHA1_ASM -DSHA256_ASM -DSHA512_ASM -DMD5_ASM -DAES_ASM -DVPAES_ASM -DBSAES_ASM -DWHIRLPOOL_ASM -DGHASH_ASM  -O3  -Wall  -c -o s3_clnt.o s3_clnt.c
gcc -I../crypto -I.. -I../include  -DOPENSSL_THREADS -D_REENTRANT -DDSO_DLFCN -DHAVE_DLFCN_H -Wa,--noexecstack -m64 -DL_ENDIAN -DTERMIO -O3 -Wall -DOPENSSL_IA32_SSE2 -DOPENSSL_BN_ASM_MONT -DOPENSSL_BN_ASM_MONT5 -DOPENSSL_BN_ASM_GF2m -DSHA1_ASM -DSHA256_ASM -DSHA512_ASM -DMD5_ASM -DAES_ASM -DVPAES_ASM -DBSAES_ASM -DWHIRLPOOL_ASM -DGHASH_ASM  -O3  -Wall  -c -o s3_lib.o s3_lib.c
gcc -I../crypto -I.. -I../include  -DOPENSSL_THREADS -D_REENTRANT -DDSO_DLFCN -DHAVE_DLFCN_H -Wa,--noexecstack -m64 -DL_ENDIAN -DTERMIO -O3 -Wall -DOPENSSL_IA32_SSE2 -DOPENSSL_BN_ASM_MONT -DOPENSSL_BN_ASM_MONT5 -DOPENSSL_BN_ASM_GF2m -DSHA1_ASM -DSHA256_ASM -DSHA512_ASM -DMD5_ASM -DAES_ASM -DVPAES_ASM -DBSAES_ASM -DWHIRLPOOL_ASM -DGHASH_ASM  -O3  -Wall  -c -o s3_enc.o s3_enc.c
gcc -I../crypto -I.. -I../include  -DOPENSSL_THREADS -D_REENTRANT -DDSO_DLFCN -DHAVE_DLFCN_H -Wa,--noexecstack -m64 -DL_ENDIAN -DTERMIO -O3 -Wall -DOPENSSL_IA32_SSE2 -DOPENSSL_BN_ASM_MONT -DOPENSSL_BN_ASM_MONT5 -DOPENSSL_BN_ASM_GF2m -DSHA1_ASM -DSHA256_ASM -DSHA512_ASM -DMD5_ASM -DAES_ASM -DVPAES_ASM -DBSAES_ASM -DWHIRLPOOL_ASM -DGHASH_ASM  -O3  -Wall  -c -o s3_pkt.o s3_pkt.c
gcc -I../crypto -I.. -I../include  -DOPENSSL_THREADS -D_REENTRANT -DDSO_DLFCN -DHAVE_DLFCN_H -Wa,--noexecstack -m64 -DL_ENDIAN -DTERMIO -O3 -Wall -DOPENSSL_IA32_SSE2 -DOPENSSL_BN_ASM_MONT -DOPENSSL_BN_ASM_MONT5 -DOPENSSL_BN_ASM_GF2m -DSHA1_ASM -DSHA256_ASM -DSHA512_ASM -DMD5_ASM -DAES_ASM -DVPAES_ASM -DBSAES_ASM -DWHIRLPOOL_ASM -DGHASH_ASM  -O3  -Wall  -c -o s3_both.o s3_both.c
gcc -I../crypto -I.. -I../include  -DOPENSSL_THREADS -D_REENTRANT -DDSO_DLFCN -DHAVE_DLFCN_H -Wa,--noexecstack -m64 -DL_ENDIAN -DTERMIO -O3 -Wall -DOPENSSL_IA32_SSE2 -DOPENSSL_BN_ASM_MONT -DOPENSSL_BN_ASM_MONT5 -DOPENSSL_BN_ASM_GF2m -DSHA1_ASM -DSHA256_ASM -DSHA512_ASM -DMD5_ASM -DAES_ASM -DVPAES_ASM -DBSAES_ASM -DWHIRLPOOL_ASM -DGHASH_ASM  -O3  -Wall  -c -o s3_cbc.o s3_cbc.c
gcc -I../crypto -I.. -I../include  -DOPENSSL_THREADS -D_REENTRANT -DDSO_DLFCN -DHAVE_DLFCN_H -Wa,--noexecstack -m64 -DL_ENDIAN -DTERMIO -O3 -Wall -DOPENSSL_IA32_SSE2 -DOPENSSL_BN_ASM_MONT -DOPENSSL_BN_ASM_MONT5 -DOPENSSL_BN_ASM_GF2m -DSHA1_ASM -DSHA256_ASM -DSHA512_ASM -DMD5_ASM -DAES_ASM -DVPAES_ASM -DBSAES_ASM -DWHIRLPOOL_ASM -DGHASH_ASM  -O3  -Wall  -c -o s23_meth.o s23_meth.c
gcc -I../crypto -I.. -I../include  -DOPENSSL_THREADS -D_REENTRANT -DDSO_DLFCN -DHAVE_DLFCN_H -Wa,--noexecstack -m64 -DL_ENDIAN -DTERMIO -O3 -Wall -DOPENSSL_IA32_SSE2 -DOPENSSL_BN_ASM_MONT -DOPENSSL_BN_ASM_MONT5 -DOPENSSL_BN_ASM_GF2m -DSHA1_ASM -DSHA256_ASM -DSHA512_ASM -DMD5_ASM -DAES_ASM -DVPAES_ASM -DBSAES_ASM -DWHIRLPOOL_ASM -DGHASH_ASM  -O3  -Wall  -c -o s23_srvr.o s23_srvr.c
gcc -I../crypto -I.. -I../include  -DOPENSSL_THREADS -D_REENTRANT -DDSO_DLFCN -DHAVE_DLFCN_H -Wa,--noexecstack -m64 -DL_ENDIAN -DTERMIO -O3 -Wall -DOPENSSL_IA32_SSE2 -DOPENSSL_BN_ASM_MONT -DOPENSSL_BN_ASM_MONT5 -DOPENSSL_BN_ASM_GF2m -DSHA1_ASM -DSHA256_ASM -DSHA512_ASM -DMD5_ASM -DAES_ASM -DVPAES_ASM -DBSAES_ASM -DWHIRLPOOL_ASM -DGHASH_ASM  -O3  -Wall  -c -o s23_clnt.o s23_clnt.c
gcc -I../crypto -I.. -I../include  -DOPENSSL_THREADS -D_REENTRANT -DDSO_DLFCN -DHAVE_DLFCN_H -Wa,--noexecstack -m64 -DL_ENDIAN -DTERMIO -O3 -Wall -DOPENSSL_IA32_SSE2 -DOPENSSL_BN_ASM_MONT -DOPENSSL_BN_ASM_MONT5 -DOPENSSL_BN_ASM_GF2m -DSHA1_ASM -DSHA256_ASM -DSHA512_ASM -DMD5_ASM -DAES_ASM -DVPAES_ASM -DBSAES_ASM -DWHIRLPOOL_ASM -DGHASH_ASM  -O3  -Wall  -c -o s23_lib.o s23_lib.c
gcc -I../crypto -I.. -I../include  -DOPENSSL_THREADS -D_REENTRANT -DDSO_DLFCN -DHAVE_DLFCN_H -Wa,--noexecstack -m64 -DL_ENDIAN -DTERMIO -O3 -Wall -DOPENSSL_IA32_SSE2 -DOPENSSL_BN_ASM_MONT -DOPENSSL_BN_ASM_MONT5 -DOPENSSL_BN_ASM_GF2m -DSHA1_ASM -DSHA256_ASM -DSHA512_ASM -DMD5_ASM -DAES_ASM -DVPAES_ASM -DBSAES_ASM -DWHIRLPOOL_ASM -DGHASH_ASM  -O3  -Wall  -c -o s23_pkt.o s23_pkt.c
gcc -I../crypto -I.. -I../include  -DOPENSSL_THREADS -D_REENTRANT -DDSO_DLFCN -DHAVE_DLFCN_H -Wa,--noexecstack -m64 -DL_ENDIAN -DTERMIO -O3 -Wall -DOPENSSL_IA32_SSE2 -DOPENSSL_BN_ASM_MONT -DOPENSSL_BN_ASM_MONT5 -DOPENSSL_BN_ASM_GF2m -DSHA1_ASM -DSHA256_ASM -DSHA512_ASM -DMD5_ASM -DAES_ASM -DVPAES_ASM -DBSAES_ASM -DWHIRLPOOL_ASM -DGHASH_ASM  -O3  -Wall  -c -o t1_meth.o t1_meth.c
gcc -I../crypto -I.. -I../include  -DOPENSSL_THREADS -D_REENTRANT -DDSO_DLFCN -DHAVE_DLFCN_H -Wa,--noexecstack -m64 -DL_ENDIAN -DTERMIO -O3 -Wall -DOPENSSL_IA32_SSE2 -DOPENSSL_BN_ASM_MONT -DOPENSSL_BN_ASM_MONT5 -DOPENSSL_BN_ASM_GF2m -DSHA1_ASM -DSHA256_ASM -DSHA512_ASM -DMD5_ASM -DAES_ASM -DVPAES_ASM -DBSAES_ASM -DWHIRLPOOL_ASM -DGHASH_ASM  -O3  -Wall  -c -o t1_srvr.o t1_srvr.c
gcc -I../crypto -I.. -I../include  -DOPENSSL_THREADS -D_REENTRANT -DDSO_DLFCN -DHAVE_DLFCN_H -Wa,--noexecstack -m64 -DL_ENDIAN -DTERMIO -O3 -Wall -DOPENSSL_IA32_SSE2 -DOPENSSL_BN_ASM_MONT -DOPENSSL_BN_ASM_MONT5 -DOPENSSL_BN_ASM_GF2m -DSHA1_ASM -DSHA256_ASM -DSHA512_ASM -DMD5_ASM -DAES_ASM -DVPAES_ASM -DBSAES_ASM -DWHIRLPOOL_ASM -DGHASH_ASM  -O3  -Wall  -c -o t1_clnt.o t1_clnt.c
gcc -I../crypto -I.. -I../include  -DOPENSSL_THREADS -D_REENTRANT -DDSO_DLFCN -DHAVE_DLFCN_H -Wa,--noexecstack -m64 -DL_ENDIAN -DTERMIO -O3 -Wall -DOPENSSL_IA32_SSE2 -DOPENSSL_BN_ASM_MONT -DOPENSSL_BN_ASM_MONT5 -DOPENSSL_BN_ASM_GF2m -DSHA1_ASM -DSHA256_ASM -DSHA512_ASM -DMD5_ASM -DAES_ASM -DVPAES_ASM -DBSAES_ASM -DWHIRLPOOL_ASM -DGHASH_ASM  -O3  -Wall  -c -o t1_lib.o t1_lib.c
gcc -I../crypto -I.. -I../include  -DOPENSSL_THREADS -D_REENTRANT -DDSO_DLFCN -DHAVE_DLFCN_H -Wa,--noexecstack -m64 -DL_ENDIAN -DTERMIO -O3 -Wall -DOPENSSL_IA32_SSE2 -DOPENSSL_BN_ASM_MONT -DOPENSSL_BN_ASM_MONT5 -DOPENSSL_BN_ASM_GF2m -DSHA1_ASM -DSHA256_ASM -DSHA512_ASM -DMD5_ASM -DAES_ASM -DVPAES_ASM -DBSAES_ASM -DWHIRLPOOL_ASM -DGHASH_ASM  -O3  -Wall  -c -o t1_enc.o t1_enc.c
gcc -I../crypto -I.. -I../include  -DOPENSSL_THREADS -D_REENTRANT -DDSO_DLFCN -DHAVE_DLFCN_H -Wa,--noexecstack -m64 -DL_ENDIAN -DTERMIO -O3 -Wall -DOPENSSL_IA32_SSE2 -DOPENSSL_BN_ASM_MONT -DOPENSSL_BN_ASM_MONT5 -DOPENSSL_BN_ASM_GF2m -DSHA1_ASM -DSHA256_ASM -DSHA512_ASM -DMD5_ASM -DAES_ASM -DVPAES_ASM -DBSAES_ASM -DWHIRLPOOL_ASM -DGHASH_ASM  -O3  -Wall  -c -o d1_meth.o d1_meth.c
gcc -I../crypto -I.. -I../include  -DOPENSSL_THREADS -D_REENTRANT -DDSO_DLFCN -DHAVE_DLFCN_H -Wa,--noexecstack -m64 -DL_ENDIAN -DTERMIO -O3 -Wall -DOPENSSL_IA32_SSE2 -DOPENSSL_BN_ASM_MONT -DOPENSSL_BN_ASM_MONT5 -DOPENSSL_BN_ASM_GF2m -DSHA1_ASM -DSHA256_ASM -DSHA512_ASM -DMD5_ASM -DAES_ASM -DVPAES_ASM -DBSAES_ASM -DWHIRLPOOL_ASM -DGHASH_ASM  -O3  -Wall  -c -o d1_srvr.o d1_srvr.c
gcc -I../crypto -I.. -I../include  -DOPENSSL_THREADS -D_REENTRANT -DDSO_DLFCN -DHAVE_DLFCN_H -Wa,--noexecstack -m64 -DL_ENDIAN -DTERMIO -O3 -Wall -DOPENSSL_IA32_SSE2 -DOPENSSL_BN_ASM_MONT -DOPENSSL_BN_ASM_MONT5 -DOPENSSL_BN_ASM_GF2m -DSHA1_ASM -DSHA256_ASM -DSHA512_ASM -DMD5_ASM -DAES_ASM -DVPAES_ASM -DBSAES_ASM -DWHIRLPOOL_ASM -DGHASH_ASM  -O3  -Wall  -c -o d1_clnt.o d1_clnt.c
gcc -I../crypto -I.. -I../include  -DOPENSSL_THREADS -D_REENTRANT -DDSO_DLFCN -DHAVE_DLFCN_H -Wa,--noexecstack -m64 -DL_ENDIAN -DTERMIO -O3 -Wall -DOPENSSL_IA32_SSE2 -DOPENSSL_BN_ASM_MONT -DOPENSSL_BN_ASM_MONT5 -DOPENSSL_BN_ASM_GF2m -DSHA1_ASM -DSHA256_ASM -DSHA512_ASM -DMD5_ASM -DAES_ASM -DVPAES_ASM -DBSAES_ASM -DWHIRLPOOL_ASM -DGHASH_ASM  -O3  -Wall  -c -o d1_lib.o d1_lib.c
gcc -I../crypto -I.. -I../include  -DOPENSSL_THREADS -D_REENTRANT -DDSO_DLFCN -DHAVE_DLFCN_H -Wa,--noexecstack -m64 -DL_ENDIAN -DTERMIO -O3 -Wall -DOPENSSL_IA32_SSE2 -DOPENSSL_BN_ASM_MONT -DOPENSSL_BN_ASM_MONT5 -DOPENSSL_BN_ASM_GF2m -DSHA1_ASM -DSHA256_ASM -DSHA512_ASM -DMD5_ASM -DAES_ASM -DVPAES_ASM -DBSAES_ASM -DWHIRLPOOL_ASM -DGHASH_ASM  -O3  -Wall  -c -o d1_pkt.o d1_pkt.c
gcc -I../crypto -I.. -I../include  -DOPENSSL_THREADS -D_REENTRANT -DDSO_DLFCN -DHAVE_DLFCN_H -Wa,--noexecstack -m64 -DL_ENDIAN -DTERMIO -O3 -Wall -DOPENSSL_IA32_SSE2 -DOPENSSL_BN_ASM_MONT -DOPENSSL_BN_ASM_MONT5 -DOPENSSL_BN_ASM_GF2m -DSHA1_ASM -DSHA256_ASM -DSHA512_ASM -DMD5_ASM -DAES_ASM -DVPAES_ASM -DBSAES_ASM -DWHIRLPOOL_ASM -DGHASH_ASM  -O3  -Wall  -c -o d1_both.o d1_both.c
d1_both.c: In function 'dtls1_retransmit_buffered_messages':
d1_both.c:1367:3: warning: 'save_write_sequence' may be used uninitialized in this function [-Wmaybe-uninitialized]
   memcpy(s->s3->write_sequence, save_write_sequence, sizeof(s->s3->write_sequence));
   ^~~~~~~~~~~~~~~~~~~~~~~~~~~~~~~~~~~~~~~~~~~~~~~~~~~~~~~~~~~~~~~~~~~~~~~~~~~~~~~~~
d1_both.c:1295:16: note: 'save_write_sequence' was declared here
  unsigned char save_write_sequence[8];
                ^~~~~~~~~~~~~~~~~~~
d1_both.c: In function 'dtls1_retransmit_message':
d1_both.c:1367:3: warning: 'save_write_sequence' may be used uninitialized in this function [-Wmaybe-uninitialized]
   memcpy(s->s3->write_sequence, save_write_sequence, sizeof(s->s3->write_sequence));
   ^~~~~~~~~~~~~~~~~~~~~~~~~~~~~~~~~~~~~~~~~~~~~~~~~~~~~~~~~~~~~~~~~~~~~~~~~~~~~~~~~
gcc -I../crypto -I.. -I../include  -DOPENSSL_THREADS -D_REENTRANT -DDSO_DLFCN -DHAVE_DLFCN_H -Wa,--noexecstack -m64 -DL_ENDIAN -DTERMIO -O3 -Wall -DOPENSSL_IA32_SSE2 -DOPENSSL_BN_ASM_MONT -DOPENSSL_BN_ASM_MONT5 -DOPENSSL_BN_ASM_GF2m -DSHA1_ASM -DSHA256_ASM -DSHA512_ASM -DMD5_ASM -DAES_ASM -DVPAES_ASM -DBSAES_ASM -DWHIRLPOOL_ASM -DGHASH_ASM  -O3  -Wall  -c -o d1_enc.o d1_enc.c
gcc -I../crypto -I.. -I../include  -DOPENSSL_THREADS -D_REENTRANT -DDSO_DLFCN -DHAVE_DLFCN_H -Wa,--noexecstack -m64 -DL_ENDIAN -DTERMIO -O3 -Wall -DOPENSSL_IA32_SSE2 -DOPENSSL_BN_ASM_MONT -DOPENSSL_BN_ASM_MONT5 -DOPENSSL_BN_ASM_GF2m -DSHA1_ASM -DSHA256_ASM -DSHA512_ASM -DMD5_ASM -DAES_ASM -DVPAES_ASM -DBSAES_ASM -DWHIRLPOOL_ASM -DGHASH_ASM  -O3  -Wall  -c -o d1_srtp.o d1_srtp.c
gcc -I../crypto -I.. -I../include  -DOPENSSL_THREADS -D_REENTRANT -DDSO_DLFCN -DHAVE_DLFCN_H -Wa,--noexecstack -m64 -DL_ENDIAN -DTERMIO -O3 -Wall -DOPENSSL_IA32_SSE2 -DOPENSSL_BN_ASM_MONT -DOPENSSL_BN_ASM_MONT5 -DOPENSSL_BN_ASM_GF2m -DSHA1_ASM -DSHA256_ASM -DSHA512_ASM -DMD5_ASM -DAES_ASM -DVPAES_ASM -DBSAES_ASM -DWHIRLPOOL_ASM -DGHASH_ASM  -O3  -Wall  -c -o ssl_lib.o ssl_lib.c
gcc -I../crypto -I.. -I../include  -DOPENSSL_THREADS -D_REENTRANT -DDSO_DLFCN -DHAVE_DLFCN_H -Wa,--noexecstack -m64 -DL_ENDIAN -DTERMIO -O3 -Wall -DOPENSSL_IA32_SSE2 -DOPENSSL_BN_ASM_MONT -DOPENSSL_BN_ASM_MONT5 -DOPENSSL_BN_ASM_GF2m -DSHA1_ASM -DSHA256_ASM -DSHA512_ASM -DMD5_ASM -DAES_ASM -DVPAES_ASM -DBSAES_ASM -DWHIRLPOOL_ASM -DGHASH_ASM  -O3  -Wall  -c -o ssl_err2.o ssl_err2.c
gcc -I../crypto -I.. -I../include  -DOPENSSL_THREADS -D_REENTRANT -DDSO_DLFCN -DHAVE_DLFCN_H -Wa,--noexecstack -m64 -DL_ENDIAN -DTERMIO -O3 -Wall -DOPENSSL_IA32_SSE2 -DOPENSSL_BN_ASM_MONT -DOPENSSL_BN_ASM_MONT5 -DOPENSSL_BN_ASM_GF2m -DSHA1_ASM -DSHA256_ASM -DSHA512_ASM -DMD5_ASM -DAES_ASM -DVPAES_ASM -DBSAES_ASM -DWHIRLPOOL_ASM -DGHASH_ASM  -O3  -Wall  -c -o ssl_cert.o ssl_cert.c
gcc -I../crypto -I.. -I../include  -DOPENSSL_THREADS -D_REENTRANT -DDSO_DLFCN -DHAVE_DLFCN_H -Wa,--noexecstack -m64 -DL_ENDIAN -DTERMIO -O3 -Wall -DOPENSSL_IA32_SSE2 -DOPENSSL_BN_ASM_MONT -DOPENSSL_BN_ASM_MONT5 -DOPENSSL_BN_ASM_GF2m -DSHA1_ASM -DSHA256_ASM -DSHA512_ASM -DMD5_ASM -DAES_ASM -DVPAES_ASM -DBSAES_ASM -DWHIRLPOOL_ASM -DGHASH_ASM  -O3  -Wall  -c -o ssl_sess.o ssl_sess.c
gcc -I../crypto -I.. -I../include  -DOPENSSL_THREADS -D_REENTRANT -DDSO_DLFCN -DHAVE_DLFCN_H -Wa,--noexecstack -m64 -DL_ENDIAN -DTERMIO -O3 -Wall -DOPENSSL_IA32_SSE2 -DOPENSSL_BN_ASM_MONT -DOPENSSL_BN_ASM_MONT5 -DOPENSSL_BN_ASM_GF2m -DSHA1_ASM -DSHA256_ASM -DSHA512_ASM -DMD5_ASM -DAES_ASM -DVPAES_ASM -DBSAES_ASM -DWHIRLPOOL_ASM -DGHASH_ASM  -O3  -Wall  -c -o ssl_ciph.o ssl_ciph.c
gcc -I../crypto -I.. -I../include  -DOPENSSL_THREADS -D_REENTRANT -DDSO_DLFCN -DHAVE_DLFCN_H -Wa,--noexecstack -m64 -DL_ENDIAN -DTERMIO -O3 -Wall -DOPENSSL_IA32_SSE2 -DOPENSSL_BN_ASM_MONT -DOPENSSL_BN_ASM_MONT5 -DOPENSSL_BN_ASM_GF2m -DSHA1_ASM -DSHA256_ASM -DSHA512_ASM -DMD5_ASM -DAES_ASM -DVPAES_ASM -DBSAES_ASM -DWHIRLPOOL_ASM -DGHASH_ASM  -O3  -Wall  -c -o ssl_stat.o ssl_stat.c
gcc -I../crypto -I.. -I../include  -DOPENSSL_THREADS -D_REENTRANT -DDSO_DLFCN -DHAVE_DLFCN_H -Wa,--noexecstack -m64 -DL_ENDIAN -DTERMIO -O3 -Wall -DOPENSSL_IA32_SSE2 -DOPENSSL_BN_ASM_MONT -DOPENSSL_BN_ASM_MONT5 -DOPENSSL_BN_ASM_GF2m -DSHA1_ASM -DSHA256_ASM -DSHA512_ASM -DMD5_ASM -DAES_ASM -DVPAES_ASM -DBSAES_ASM -DWHIRLPOOL_ASM -DGHASH_ASM  -O3  -Wall  -c -o ssl_rsa.o ssl_rsa.c
gcc -I../crypto -I.. -I../include  -DOPENSSL_THREADS -D_REENTRANT -DDSO_DLFCN -DHAVE_DLFCN_H -Wa,--noexecstack -m64 -DL_ENDIAN -DTERMIO -O3 -Wall -DOPENSSL_IA32_SSE2 -DOPENSSL_BN_ASM_MONT -DOPENSSL_BN_ASM_MONT5 -DOPENSSL_BN_ASM_GF2m -DSHA1_ASM -DSHA256_ASM -DSHA512_ASM -DMD5_ASM -DAES_ASM -DVPAES_ASM -DBSAES_ASM -DWHIRLPOOL_ASM -DGHASH_ASM  -O3  -Wall  -c -o ssl_asn1.o ssl_asn1.c
gcc -I../crypto -I.. -I../include  -DOPENSSL_THREADS -D_REENTRANT -DDSO_DLFCN -DHAVE_DLFCN_H -Wa,--noexecstack -m64 -DL_ENDIAN -DTERMIO -O3 -Wall -DOPENSSL_IA32_SSE2 -DOPENSSL_BN_ASM_MONT -DOPENSSL_BN_ASM_MONT5 -DOPENSSL_BN_ASM_GF2m -DSHA1_ASM -DSHA256_ASM -DSHA512_ASM -DMD5_ASM -DAES_ASM -DVPAES_ASM -DBSAES_ASM -DWHIRLPOOL_ASM -DGHASH_ASM  -O3  -Wall  -c -o ssl_txt.o ssl_txt.c
gcc -I../crypto -I.. -I../include  -DOPENSSL_THREADS -D_REENTRANT -DDSO_DLFCN -DHAVE_DLFCN_H -Wa,--noexecstack -m64 -DL_ENDIAN -DTERMIO -O3 -Wall -DOPENSSL_IA32_SSE2 -DOPENSSL_BN_ASM_MONT -DOPENSSL_BN_ASM_MONT5 -DOPENSSL_BN_ASM_GF2m -DSHA1_ASM -DSHA256_ASM -DSHA512_ASM -DMD5_ASM -DAES_ASM -DVPAES_ASM -DBSAES_ASM -DWHIRLPOOL_ASM -DGHASH_ASM  -O3  -Wall  -c -o ssl_algs.o ssl_algs.c
gcc -I../crypto -I.. -I../include  -DOPENSSL_THREADS -D_REENTRANT -DDSO_DLFCN -DHAVE_DLFCN_H -Wa,--noexecstack -m64 -DL_ENDIAN -DTERMIO -O3 -Wall -DOPENSSL_IA32_SSE2 -DOPENSSL_BN_ASM_MONT -DOPENSSL_BN_ASM_MONT5 -DOPENSSL_BN_ASM_GF2m -DSHA1_ASM -DSHA256_ASM -DSHA512_ASM -DMD5_ASM -DAES_ASM -DVPAES_ASM -DBSAES_ASM -DWHIRLPOOL_ASM -DGHASH_ASM  -O3  -Wall  -c -o bio_ssl.o bio_ssl.c
gcc -I../crypto -I.. -I../include  -DOPENSSL_THREADS -D_REENTRANT -DDSO_DLFCN -DHAVE_DLFCN_H -Wa,--noexecstack -m64 -DL_ENDIAN -DTERMIO -O3 -Wall -DOPENSSL_IA32_SSE2 -DOPENSSL_BN_ASM_MONT -DOPENSSL_BN_ASM_MONT5 -DOPENSSL_BN_ASM_GF2m -DSHA1_ASM -DSHA256_ASM -DSHA512_ASM -DMD5_ASM -DAES_ASM -DVPAES_ASM -DBSAES_ASM -DWHIRLPOOL_ASM -DGHASH_ASM  -O3  -Wall  -c -o ssl_err.o ssl_err.c
gcc -I../crypto -I.. -I../include  -DOPENSSL_THREADS -D_REENTRANT -DDSO_DLFCN -DHAVE_DLFCN_H -Wa,--noexecstack -m64 -DL_ENDIAN -DTERMIO -O3 -Wall -DOPENSSL_IA32_SSE2 -DOPENSSL_BN_ASM_MONT -DOPENSSL_BN_ASM_MONT5 -DOPENSSL_BN_ASM_GF2m -DSHA1_ASM -DSHA256_ASM -DSHA512_ASM -DMD5_ASM -DAES_ASM -DVPAES_ASM -DBSAES_ASM -DWHIRLPOOL_ASM -DGHASH_ASM  -O3  -Wall  -c -o kssl.o kssl.c
gcc -I../crypto -I.. -I../include  -DOPENSSL_THREADS -D_REENTRANT -DDSO_DLFCN -DHAVE_DLFCN_H -Wa,--noexecstack -m64 -DL_ENDIAN -DTERMIO -O3 -Wall -DOPENSSL_IA32_SSE2 -DOPENSSL_BN_ASM_MONT -DOPENSSL_BN_ASM_MONT5 -DOPENSSL_BN_ASM_GF2m -DSHA1_ASM -DSHA256_ASM -DSHA512_ASM -DMD5_ASM -DAES_ASM -DVPAES_ASM -DBSAES_ASM -DWHIRLPOOL_ASM -DGHASH_ASM  -O3  -Wall  -c -o tls_srp.o tls_srp.c
gcc -I../crypto -I.. -I../include  -DOPENSSL_THREADS -D_REENTRANT -DDSO_DLFCN -DHAVE_DLFCN_H -Wa,--noexecstack -m64 -DL_ENDIAN -DTERMIO -O3 -Wall -DOPENSSL_IA32_SSE2 -DOPENSSL_BN_ASM_MONT -DOPENSSL_BN_ASM_MONT5 -DOPENSSL_BN_ASM_GF2m -DSHA1_ASM -DSHA256_ASM -DSHA512_ASM -DMD5_ASM -DAES_ASM -DVPAES_ASM -DBSAES_ASM -DWHIRLPOOL_ASM -DGHASH_ASM  -O3  -Wall  -c -o t1_reneg.o t1_reneg.c
gcc -I../crypto -I.. -I../include  -DOPENSSL_THREADS -D_REENTRANT -DDSO_DLFCN -DHAVE_DLFCN_H -Wa,--noexecstack -m64 -DL_ENDIAN -DTERMIO -O3 -Wall -DOPENSSL_IA32_SSE2 -DOPENSSL_BN_ASM_MONT -DOPENSSL_BN_ASM_MONT5 -DOPENSSL_BN_ASM_GF2m -DSHA1_ASM -DSHA256_ASM -DSHA512_ASM -DMD5_ASM -DAES_ASM -DVPAES_ASM -DBSAES_ASM -DWHIRLPOOL_ASM -DGHASH_ASM  -O3  -Wall  -c -o ssl_utst.o ssl_utst.c
ar  r ../libssl.a s2_meth.o  s2_srvr.o  s2_clnt.o  s2_lib.o  s2_enc.o s2_pkt.o s3_meth.o  s3_srvr.o  s3_clnt.o  s3_lib.o  s3_enc.o s3_pkt.o s3_both.o s3_cbc.o s23_meth.o s23_srvr.o s23_clnt.o s23_lib.o          s23_pkt.o t1_meth.o   t1_srvr.o t1_clnt.o  t1_lib.o  t1_enc.o d1_meth.o   d1_srvr.o d1_clnt.o  d1_lib.o  d1_pkt.o d1_both.o d1_enc.o d1_srtp.o ssl_lib.o ssl_err2.o ssl_cert.o ssl_sess.o ssl_ciph.o ssl_stat.o ssl_rsa.o ssl_asn1.o ssl_txt.o ssl_algs.o bio_ssl.o ssl_err.o kssl.o tls_srp.o t1_reneg.o ssl_utst.o
ar: creating ../libssl.a
ranlib ../libssl.a || echo Never mind.
if [ -n "" ]; then \
	(cd ..; make libssl.so.1.0.0); \
fi
make[3]: Leaving directory `/home/lucas.t/Cactus_tmp/configs/sim/scratch/build/OpenSSL/openssl-1.0.1k/ssl'
making all in engines...
make[3]: Entering directory `/home/lucas.t/Cactus_tmp/configs/sim/scratch/build/OpenSSL/openssl-1.0.1k/engines'
gcc -I../include -DOPENSSL_THREADS -D_REENTRANT -DDSO_DLFCN -DHAVE_DLFCN_H -Wa,--noexecstack -m64 -DL_ENDIAN -DTERMIO -O3 -Wall -DOPENSSL_IA32_SSE2 -DOPENSSL_BN_ASM_MONT -DOPENSSL_BN_ASM_MONT5 -DOPENSSL_BN_ASM_GF2m -DSHA1_ASM -DSHA256_ASM -DSHA512_ASM -DMD5_ASM -DAES_ASM -DVPAES_ASM -DBSAES_ASM -DWHIRLPOOL_ASM -DGHASH_ASM  -O3  -Wall  -c -o e_4758cca.o e_4758cca.c
gcc -I../include -DOPENSSL_THREADS -D_REENTRANT -DDSO_DLFCN -DHAVE_DLFCN_H -Wa,--noexecstack -m64 -DL_ENDIAN -DTERMIO -O3 -Wall -DOPENSSL_IA32_SSE2 -DOPENSSL_BN_ASM_MONT -DOPENSSL_BN_ASM_MONT5 -DOPENSSL_BN_ASM_GF2m -DSHA1_ASM -DSHA256_ASM -DSHA512_ASM -DMD5_ASM -DAES_ASM -DVPAES_ASM -DBSAES_ASM -DWHIRLPOOL_ASM -DGHASH_ASM  -O3  -Wall  -c -o e_aep.o e_aep.c
gcc -I../include -DOPENSSL_THREADS -D_REENTRANT -DDSO_DLFCN -DHAVE_DLFCN_H -Wa,--noexecstack -m64 -DL_ENDIAN -DTERMIO -O3 -Wall -DOPENSSL_IA32_SSE2 -DOPENSSL_BN_ASM_MONT -DOPENSSL_BN_ASM_MONT5 -DOPENSSL_BN_ASM_GF2m -DSHA1_ASM -DSHA256_ASM -DSHA512_ASM -DMD5_ASM -DAES_ASM -DVPAES_ASM -DBSAES_ASM -DWHIRLPOOL_ASM -DGHASH_ASM  -O3  -Wall  -c -o e_atalla.o e_atalla.c
gcc -I../include -DOPENSSL_THREADS -D_REENTRANT -DDSO_DLFCN -DHAVE_DLFCN_H -Wa,--noexecstack -m64 -DL_ENDIAN -DTERMIO -O3 -Wall -DOPENSSL_IA32_SSE2 -DOPENSSL_BN_ASM_MONT -DOPENSSL_BN_ASM_MONT5 -DOPENSSL_BN_ASM_GF2m -DSHA1_ASM -DSHA256_ASM -DSHA512_ASM -DMD5_ASM -DAES_ASM -DVPAES_ASM -DBSAES_ASM -DWHIRLPOOL_ASM -DGHASH_ASM  -O3  -Wall  -c -o e_cswift.o e_cswift.c
gcc -I../include -DOPENSSL_THREADS -D_REENTRANT -DDSO_DLFCN -DHAVE_DLFCN_H -Wa,--noexecstack -m64 -DL_ENDIAN -DTERMIO -O3 -Wall -DOPENSSL_IA32_SSE2 -DOPENSSL_BN_ASM_MONT -DOPENSSL_BN_ASM_MONT5 -DOPENSSL_BN_ASM_GF2m -DSHA1_ASM -DSHA256_ASM -DSHA512_ASM -DMD5_ASM -DAES_ASM -DVPAES_ASM -DBSAES_ASM -DWHIRLPOOL_ASM -DGHASH_ASM  -O3  -Wall  -c -o e_gmp.o e_gmp.c
gcc -I../include -DOPENSSL_THREADS -D_REENTRANT -DDSO_DLFCN -DHAVE_DLFCN_H -Wa,--noexecstack -m64 -DL_ENDIAN -DTERMIO -O3 -Wall -DOPENSSL_IA32_SSE2 -DOPENSSL_BN_ASM_MONT -DOPENSSL_BN_ASM_MONT5 -DOPENSSL_BN_ASM_GF2m -DSHA1_ASM -DSHA256_ASM -DSHA512_ASM -DMD5_ASM -DAES_ASM -DVPAES_ASM -DBSAES_ASM -DWHIRLPOOL_ASM -DGHASH_ASM  -O3  -Wall  -c -o e_chil.o e_chil.c
gcc -I../include -DOPENSSL_THREADS -D_REENTRANT -DDSO_DLFCN -DHAVE_DLFCN_H -Wa,--noexecstack -m64 -DL_ENDIAN -DTERMIO -O3 -Wall -DOPENSSL_IA32_SSE2 -DOPENSSL_BN_ASM_MONT -DOPENSSL_BN_ASM_MONT5 -DOPENSSL_BN_ASM_GF2m -DSHA1_ASM -DSHA256_ASM -DSHA512_ASM -DMD5_ASM -DAES_ASM -DVPAES_ASM -DBSAES_ASM -DWHIRLPOOL_ASM -DGHASH_ASM  -O3  -Wall  -c -o e_nuron.o e_nuron.c
gcc -I../include -DOPENSSL_THREADS -D_REENTRANT -DDSO_DLFCN -DHAVE_DLFCN_H -Wa,--noexecstack -m64 -DL_ENDIAN -DTERMIO -O3 -Wall -DOPENSSL_IA32_SSE2 -DOPENSSL_BN_ASM_MONT -DOPENSSL_BN_ASM_MONT5 -DOPENSSL_BN_ASM_GF2m -DSHA1_ASM -DSHA256_ASM -DSHA512_ASM -DMD5_ASM -DAES_ASM -DVPAES_ASM -DBSAES_ASM -DWHIRLPOOL_ASM -DGHASH_ASM  -O3  -Wall  -c -o e_sureware.o e_sureware.c
gcc -I../include -DOPENSSL_THREADS -D_REENTRANT -DDSO_DLFCN -DHAVE_DLFCN_H -Wa,--noexecstack -m64 -DL_ENDIAN -DTERMIO -O3 -Wall -DOPENSSL_IA32_SSE2 -DOPENSSL_BN_ASM_MONT -DOPENSSL_BN_ASM_MONT5 -DOPENSSL_BN_ASM_GF2m -DSHA1_ASM -DSHA256_ASM -DSHA512_ASM -DMD5_ASM -DAES_ASM -DVPAES_ASM -DBSAES_ASM -DWHIRLPOOL_ASM -DGHASH_ASM  -O3  -Wall  -c -o e_ubsec.o e_ubsec.c
gcc -I../include -DOPENSSL_THREADS -D_REENTRANT -DDSO_DLFCN -DHAVE_DLFCN_H -Wa,--noexecstack -m64 -DL_ENDIAN -DTERMIO -O3 -Wall -DOPENSSL_IA32_SSE2 -DOPENSSL_BN_ASM_MONT -DOPENSSL_BN_ASM_MONT5 -DOPENSSL_BN_ASM_GF2m -DSHA1_ASM -DSHA256_ASM -DSHA512_ASM -DMD5_ASM -DAES_ASM -DVPAES_ASM -DBSAES_ASM -DWHIRLPOOL_ASM -DGHASH_ASM  -O3  -Wall  -c -o e_padlock.o e_padlock.c
gcc -I../include -DOPENSSL_THREADS -D_REENTRANT -DDSO_DLFCN -DHAVE_DLFCN_H -Wa,--noexecstack -m64 -DL_ENDIAN -DTERMIO -O3 -Wall -DOPENSSL_IA32_SSE2 -DOPENSSL_BN_ASM_MONT -DOPENSSL_BN_ASM_MONT5 -DOPENSSL_BN_ASM_GF2m -DSHA1_ASM -DSHA256_ASM -DSHA512_ASM -DMD5_ASM -DAES_ASM -DVPAES_ASM -DBSAES_ASM -DWHIRLPOOL_ASM -DGHASH_ASM  -O3  -Wall  -c -o e_capi.o e_capi.c
echo 

making all in engines/ccgost...
make[4]: Entering directory `/home/lucas.t/Cactus_tmp/configs/sim/scratch/build/OpenSSL/openssl-1.0.1k/engines/ccgost'
gcc -I../../include -DOPENSSL_THREADS -D_REENTRANT -DDSO_DLFCN -DHAVE_DLFCN_H -Wa,--noexecstack -m64 -DL_ENDIAN -DTERMIO -O3 -Wall -DOPENSSL_IA32_SSE2 -DOPENSSL_BN_ASM_MONT -DOPENSSL_BN_ASM_MONT5 -DOPENSSL_BN_ASM_GF2m -DSHA1_ASM -DSHA256_ASM -DSHA512_ASM -DMD5_ASM -DAES_ASM -DVPAES_ASM -DBSAES_ASM -DWHIRLPOOL_ASM -DGHASH_ASM  -O3  -Wall  -c -o e_gost_err.o e_gost_err.c
gcc -I../../include -DOPENSSL_THREADS -D_REENTRANT -DDSO_DLFCN -DHAVE_DLFCN_H -Wa,--noexecstack -m64 -DL_ENDIAN -DTERMIO -O3 -Wall -DOPENSSL_IA32_SSE2 -DOPENSSL_BN_ASM_MONT -DOPENSSL_BN_ASM_MONT5 -DOPENSSL_BN_ASM_GF2m -DSHA1_ASM -DSHA256_ASM -DSHA512_ASM -DMD5_ASM -DAES_ASM -DVPAES_ASM -DBSAES_ASM -DWHIRLPOOL_ASM -DGHASH_ASM  -O3  -Wall  -c -o gost2001_keyx.o gost2001_keyx.c
gcc -I../../include -DOPENSSL_THREADS -D_REENTRANT -DDSO_DLFCN -DHAVE_DLFCN_H -Wa,--noexecstack -m64 -DL_ENDIAN -DTERMIO -O3 -Wall -DOPENSSL_IA32_SSE2 -DOPENSSL_BN_ASM_MONT -DOPENSSL_BN_ASM_MONT5 -DOPENSSL_BN_ASM_GF2m -DSHA1_ASM -DSHA256_ASM -DSHA512_ASM -DMD5_ASM -DAES_ASM -DVPAES_ASM -DBSAES_ASM -DWHIRLPOOL_ASM -DGHASH_ASM  -O3  -Wall  -c -o gost2001.o gost2001.c
gcc -I../../include -DOPENSSL_THREADS -D_REENTRANT -DDSO_DLFCN -DHAVE_DLFCN_H -Wa,--noexecstack -m64 -DL_ENDIAN -DTERMIO -O3 -Wall -DOPENSSL_IA32_SSE2 -DOPENSSL_BN_ASM_MONT -DOPENSSL_BN_ASM_MONT5 -DOPENSSL_BN_ASM_GF2m -DSHA1_ASM -DSHA256_ASM -DSHA512_ASM -DMD5_ASM -DAES_ASM -DVPAES_ASM -DBSAES_ASM -DWHIRLPOOL_ASM -DGHASH_ASM  -O3  -Wall  -c -o gost89.o gost89.c
gcc -I../../include -DOPENSSL_THREADS -D_REENTRANT -DDSO_DLFCN -DHAVE_DLFCN_H -Wa,--noexecstack -m64 -DL_ENDIAN -DTERMIO -O3 -Wall -DOPENSSL_IA32_SSE2 -DOPENSSL_BN_ASM_MONT -DOPENSSL_BN_ASM_MONT5 -DOPENSSL_BN_ASM_GF2m -DSHA1_ASM -DSHA256_ASM -DSHA512_ASM -DMD5_ASM -DAES_ASM -DVPAES_ASM -DBSAES_ASM -DWHIRLPOOL_ASM -DGHASH_ASM  -O3  -Wall  -c -o gost94_keyx.o gost94_keyx.c
gcc -I../../include -DOPENSSL_THREADS -D_REENTRANT -DDSO_DLFCN -DHAVE_DLFCN_H -Wa,--noexecstack -m64 -DL_ENDIAN -DTERMIO -O3 -Wall -DOPENSSL_IA32_SSE2 -DOPENSSL_BN_ASM_MONT -DOPENSSL_BN_ASM_MONT5 -DOPENSSL_BN_ASM_GF2m -DSHA1_ASM -DSHA256_ASM -DSHA512_ASM -DMD5_ASM -DAES_ASM -DVPAES_ASM -DBSAES_ASM -DWHIRLPOOL_ASM -DGHASH_ASM  -O3  -Wall  -c -o gost_ameth.o gost_ameth.c
gcc -I../../include -DOPENSSL_THREADS -D_REENTRANT -DDSO_DLFCN -DHAVE_DLFCN_H -Wa,--noexecstack -m64 -DL_ENDIAN -DTERMIO -O3 -Wall -DOPENSSL_IA32_SSE2 -DOPENSSL_BN_ASM_MONT -DOPENSSL_BN_ASM_MONT5 -DOPENSSL_BN_ASM_GF2m -DSHA1_ASM -DSHA256_ASM -DSHA512_ASM -DMD5_ASM -DAES_ASM -DVPAES_ASM -DBSAES_ASM -DWHIRLPOOL_ASM -DGHASH_ASM  -O3  -Wall  -c -o gost_asn1.o gost_asn1.c
gcc -I../../include -DOPENSSL_THREADS -D_REENTRANT -DDSO_DLFCN -DHAVE_DLFCN_H -Wa,--noexecstack -m64 -DL_ENDIAN -DTERMIO -O3 -Wall -DOPENSSL_IA32_SSE2 -DOPENSSL_BN_ASM_MONT -DOPENSSL_BN_ASM_MONT5 -DOPENSSL_BN_ASM_GF2m -DSHA1_ASM -DSHA256_ASM -DSHA512_ASM -DMD5_ASM -DAES_ASM -DVPAES_ASM -DBSAES_ASM -DWHIRLPOOL_ASM -DGHASH_ASM  -O3  -Wall  -c -o gost_crypt.o gost_crypt.c
gcc -I../../include -DOPENSSL_THREADS -D_REENTRANT -DDSO_DLFCN -DHAVE_DLFCN_H -Wa,--noexecstack -m64 -DL_ENDIAN -DTERMIO -O3 -Wall -DOPENSSL_IA32_SSE2 -DOPENSSL_BN_ASM_MONT -DOPENSSL_BN_ASM_MONT5 -DOPENSSL_BN_ASM_GF2m -DSHA1_ASM -DSHA256_ASM -DSHA512_ASM -DMD5_ASM -DAES_ASM -DVPAES_ASM -DBSAES_ASM -DWHIRLPOOL_ASM -DGHASH_ASM  -O3  -Wall  -c -o gost_ctl.o gost_ctl.c
gcc -I../../include -DOPENSSL_THREADS -D_REENTRANT -DDSO_DLFCN -DHAVE_DLFCN_H -Wa,--noexecstack -m64 -DL_ENDIAN -DTERMIO -O3 -Wall -DOPENSSL_IA32_SSE2 -DOPENSSL_BN_ASM_MONT -DOPENSSL_BN_ASM_MONT5 -DOPENSSL_BN_ASM_GF2m -DSHA1_ASM -DSHA256_ASM -DSHA512_ASM -DMD5_ASM -DAES_ASM -DVPAES_ASM -DBSAES_ASM -DWHIRLPOOL_ASM -DGHASH_ASM  -O3  -Wall  -c -o gost_eng.o gost_eng.c
gcc -I../../include -DOPENSSL_THREADS -D_REENTRANT -DDSO_DLFCN -DHAVE_DLFCN_H -Wa,--noexecstack -m64 -DL_ENDIAN -DTERMIO -O3 -Wall -DOPENSSL_IA32_SSE2 -DOPENSSL_BN_ASM_MONT -DOPENSSL_BN_ASM_MONT5 -DOPENSSL_BN_ASM_GF2m -DSHA1_ASM -DSHA256_ASM -DSHA512_ASM -DMD5_ASM -DAES_ASM -DVPAES_ASM -DBSAES_ASM -DWHIRLPOOL_ASM -DGHASH_ASM  -O3  -Wall  -c -o gosthash.o gosthash.c
gcc -I../../include -DOPENSSL_THREADS -D_REENTRANT -DDSO_DLFCN -DHAVE_DLFCN_H -Wa,--noexecstack -m64 -DL_ENDIAN -DTERMIO -O3 -Wall -DOPENSSL_IA32_SSE2 -DOPENSSL_BN_ASM_MONT -DOPENSSL_BN_ASM_MONT5 -DOPENSSL_BN_ASM_GF2m -DSHA1_ASM -DSHA256_ASM -DSHA512_ASM -DMD5_ASM -DAES_ASM -DVPAES_ASM -DBSAES_ASM -DWHIRLPOOL_ASM -DGHASH_ASM  -O3  -Wall  -c -o gost_keywrap.o gost_keywrap.c
gcc -I../../include -DOPENSSL_THREADS -D_REENTRANT -DDSO_DLFCN -DHAVE_DLFCN_H -Wa,--noexecstack -m64 -DL_ENDIAN -DTERMIO -O3 -Wall -DOPENSSL_IA32_SSE2 -DOPENSSL_BN_ASM_MONT -DOPENSSL_BN_ASM_MONT5 -DOPENSSL_BN_ASM_GF2m -DSHA1_ASM -DSHA256_ASM -DSHA512_ASM -DMD5_ASM -DAES_ASM -DVPAES_ASM -DBSAES_ASM -DWHIRLPOOL_ASM -DGHASH_ASM  -O3  -Wall  -c -o gost_md.o gost_md.c
gcc -I../../include -DOPENSSL_THREADS -D_REENTRANT -DDSO_DLFCN -DHAVE_DLFCN_H -Wa,--noexecstack -m64 -DL_ENDIAN -DTERMIO -O3 -Wall -DOPENSSL_IA32_SSE2 -DOPENSSL_BN_ASM_MONT -DOPENSSL_BN_ASM_MONT5 -DOPENSSL_BN_ASM_GF2m -DSHA1_ASM -DSHA256_ASM -DSHA512_ASM -DMD5_ASM -DAES_ASM -DVPAES_ASM -DBSAES_ASM -DWHIRLPOOL_ASM -DGHASH_ASM  -O3  -Wall  -c -o gost_params.o gost_params.c
gcc -I../../include -DOPENSSL_THREADS -D_REENTRANT -DDSO_DLFCN -DHAVE_DLFCN_H -Wa,--noexecstack -m64 -DL_ENDIAN -DTERMIO -O3 -Wall -DOPENSSL_IA32_SSE2 -DOPENSSL_BN_ASM_MONT -DOPENSSL_BN_ASM_MONT5 -DOPENSSL_BN_ASM_GF2m -DSHA1_ASM -DSHA256_ASM -DSHA512_ASM -DMD5_ASM -DAES_ASM -DVPAES_ASM -DBSAES_ASM -DWHIRLPOOL_ASM -DGHASH_ASM  -O3  -Wall  -c -o gost_pmeth.o gost_pmeth.c
gcc -I../../include -DOPENSSL_THREADS -D_REENTRANT -DDSO_DLFCN -DHAVE_DLFCN_H -Wa,--noexecstack -m64 -DL_ENDIAN -DTERMIO -O3 -Wall -DOPENSSL_IA32_SSE2 -DOPENSSL_BN_ASM_MONT -DOPENSSL_BN_ASM_MONT5 -DOPENSSL_BN_ASM_GF2m -DSHA1_ASM -DSHA256_ASM -DSHA512_ASM -DMD5_ASM -DAES_ASM -DVPAES_ASM -DBSAES_ASM -DWHIRLPOOL_ASM -DGHASH_ASM  -O3  -Wall  -c -o gost_sign.o gost_sign.c
if [ -n "" ]; then \
	make -f ../../Makefile.shared -e \
		LIBNAME=gost \
		LIBEXTRAS='e_gost_err.o gost2001_keyx.o gost2001.o gost89.o gost94_keyx.o gost_ameth.o gost_asn1.o gost_crypt.o gost_ctl.o gost_eng.o gosthash.o gost_keywrap.o gost_md.o gost_params.o gost_pmeth.o gost_sign.o' \
		LIBDEPS='-L../.. -lcrypto' \
		link_o.linux-shared; \
else \
	ar  r ../../libcrypto.a e_gost_err.o gost2001_keyx.o gost2001.o gost89.o gost94_keyx.o gost_ameth.o gost_asn1.o gost_crypt.o gost_ctl.o gost_eng.o gosthash.o gost_keywrap.o gost_md.o gost_params.o gost_pmeth.o gost_sign.o; \
fi
make[4]: Leaving directory `/home/lucas.t/Cactus_tmp/configs/sim/scratch/build/OpenSSL/openssl-1.0.1k/engines/ccgost'
make[3]: Leaving directory `/home/lucas.t/Cactus_tmp/configs/sim/scratch/build/OpenSSL/openssl-1.0.1k/engines'
making all in apps...
make[3]: Entering directory `/home/lucas.t/Cactus_tmp/configs/sim/scratch/build/OpenSSL/openssl-1.0.1k/apps'
gcc -DMONOLITH -I.. -I../include  -DOPENSSL_THREADS -D_REENTRANT -DDSO_DLFCN -DHAVE_DLFCN_H -Wa,--noexecstack -m64 -DL_ENDIAN -DTERMIO -O3 -Wall -DOPENSSL_IA32_SSE2 -DOPENSSL_BN_ASM_MONT -DOPENSSL_BN_ASM_MONT5 -DOPENSSL_BN_ASM_GF2m -DSHA1_ASM -DSHA256_ASM -DSHA512_ASM -DMD5_ASM -DAES_ASM -DVPAES_ASM -DBSAES_ASM -DWHIRLPOOL_ASM -DGHASH_ASM  -O3  -Wall  -c -o verify.o verify.c
gcc -DMONOLITH -I.. -I../include  -DOPENSSL_THREADS -D_REENTRANT -DDSO_DLFCN -DHAVE_DLFCN_H -Wa,--noexecstack -m64 -DL_ENDIAN -DTERMIO -O3 -Wall -DOPENSSL_IA32_SSE2 -DOPENSSL_BN_ASM_MONT -DOPENSSL_BN_ASM_MONT5 -DOPENSSL_BN_ASM_GF2m -DSHA1_ASM -DSHA256_ASM -DSHA512_ASM -DMD5_ASM -DAES_ASM -DVPAES_ASM -DBSAES_ASM -DWHIRLPOOL_ASM -DGHASH_ASM  -O3  -Wall  -c -o asn1pars.o asn1pars.c
gcc -DMONOLITH -I.. -I../include  -DOPENSSL_THREADS -D_REENTRANT -DDSO_DLFCN -DHAVE_DLFCN_H -Wa,--noexecstack -m64 -DL_ENDIAN -DTERMIO -O3 -Wall -DOPENSSL_IA32_SSE2 -DOPENSSL_BN_ASM_MONT -DOPENSSL_BN_ASM_MONT5 -DOPENSSL_BN_ASM_GF2m -DSHA1_ASM -DSHA256_ASM -DSHA512_ASM -DMD5_ASM -DAES_ASM -DVPAES_ASM -DBSAES_ASM -DWHIRLPOOL_ASM -DGHASH_ASM  -O3  -Wall  -c -o req.o req.c
gcc -DMONOLITH -I.. -I../include  -DOPENSSL_THREADS -D_REENTRANT -DDSO_DLFCN -DHAVE_DLFCN_H -Wa,--noexecstack -m64 -DL_ENDIAN -DTERMIO -O3 -Wall -DOPENSSL_IA32_SSE2 -DOPENSSL_BN_ASM_MONT -DOPENSSL_BN_ASM_MONT5 -DOPENSSL_BN_ASM_GF2m -DSHA1_ASM -DSHA256_ASM -DSHA512_ASM -DMD5_ASM -DAES_ASM -DVPAES_ASM -DBSAES_ASM -DWHIRLPOOL_ASM -DGHASH_ASM  -O3  -Wall  -c -o dgst.o dgst.c
gcc -DMONOLITH -I.. -I../include  -DOPENSSL_THREADS -D_REENTRANT -DDSO_DLFCN -DHAVE_DLFCN_H -Wa,--noexecstack -m64 -DL_ENDIAN -DTERMIO -O3 -Wall -DOPENSSL_IA32_SSE2 -DOPENSSL_BN_ASM_MONT -DOPENSSL_BN_ASM_MONT5 -DOPENSSL_BN_ASM_GF2m -DSHA1_ASM -DSHA256_ASM -DSHA512_ASM -DMD5_ASM -DAES_ASM -DVPAES_ASM -DBSAES_ASM -DWHIRLPOOL_ASM -DGHASH_ASM  -O3  -Wall  -c -o dh.o dh.c
gcc -DMONOLITH -I.. -I../include  -DOPENSSL_THREADS -D_REENTRANT -DDSO_DLFCN -DHAVE_DLFCN_H -Wa,--noexecstack -m64 -DL_ENDIAN -DTERMIO -O3 -Wall -DOPENSSL_IA32_SSE2 -DOPENSSL_BN_ASM_MONT -DOPENSSL_BN_ASM_MONT5 -DOPENSSL_BN_ASM_GF2m -DSHA1_ASM -DSHA256_ASM -DSHA512_ASM -DMD5_ASM -DAES_ASM -DVPAES_ASM -DBSAES_ASM -DWHIRLPOOL_ASM -DGHASH_ASM  -O3  -Wall  -c -o dhparam.o dhparam.c
gcc -DMONOLITH -I.. -I../include  -DOPENSSL_THREADS -D_REENTRANT -DDSO_DLFCN -DHAVE_DLFCN_H -Wa,--noexecstack -m64 -DL_ENDIAN -DTERMIO -O3 -Wall -DOPENSSL_IA32_SSE2 -DOPENSSL_BN_ASM_MONT -DOPENSSL_BN_ASM_MONT5 -DOPENSSL_BN_ASM_GF2m -DSHA1_ASM -DSHA256_ASM -DSHA512_ASM -DMD5_ASM -DAES_ASM -DVPAES_ASM -DBSAES_ASM -DWHIRLPOOL_ASM -DGHASH_ASM  -O3  -Wall  -c -o enc.o enc.c
gcc -DMONOLITH -I.. -I../include  -DOPENSSL_THREADS -D_REENTRANT -DDSO_DLFCN -DHAVE_DLFCN_H -Wa,--noexecstack -m64 -DL_ENDIAN -DTERMIO -O3 -Wall -DOPENSSL_IA32_SSE2 -DOPENSSL_BN_ASM_MONT -DOPENSSL_BN_ASM_MONT5 -DOPENSSL_BN_ASM_GF2m -DSHA1_ASM -DSHA256_ASM -DSHA512_ASM -DMD5_ASM -DAES_ASM -DVPAES_ASM -DBSAES_ASM -DWHIRLPOOL_ASM -DGHASH_ASM  -O3  -Wall  -c -o passwd.o passwd.c
gcc -DMONOLITH -I.. -I../include  -DOPENSSL_THREADS -D_REENTRANT -DDSO_DLFCN -DHAVE_DLFCN_H -Wa,--noexecstack -m64 -DL_ENDIAN -DTERMIO -O3 -Wall -DOPENSSL_IA32_SSE2 -DOPENSSL_BN_ASM_MONT -DOPENSSL_BN_ASM_MONT5 -DOPENSSL_BN_ASM_GF2m -DSHA1_ASM -DSHA256_ASM -DSHA512_ASM -DMD5_ASM -DAES_ASM -DVPAES_ASM -DBSAES_ASM -DWHIRLPOOL_ASM -DGHASH_ASM  -O3  -Wall  -c -o gendh.o gendh.c
gcc -DMONOLITH -I.. -I../include  -DOPENSSL_THREADS -D_REENTRANT -DDSO_DLFCN -DHAVE_DLFCN_H -Wa,--noexecstack -m64 -DL_ENDIAN -DTERMIO -O3 -Wall -DOPENSSL_IA32_SSE2 -DOPENSSL_BN_ASM_MONT -DOPENSSL_BN_ASM_MONT5 -DOPENSSL_BN_ASM_GF2m -DSHA1_ASM -DSHA256_ASM -DSHA512_ASM -DMD5_ASM -DAES_ASM -DVPAES_ASM -DBSAES_ASM -DWHIRLPOOL_ASM -DGHASH_ASM  -O3  -Wall  -c -o errstr.o errstr.c
gcc -DMONOLITH -I.. -I../include  -DOPENSSL_THREADS -D_REENTRANT -DDSO_DLFCN -DHAVE_DLFCN_H -Wa,--noexecstack -m64 -DL_ENDIAN -DTERMIO -O3 -Wall -DOPENSSL_IA32_SSE2 -DOPENSSL_BN_ASM_MONT -DOPENSSL_BN_ASM_MONT5 -DOPENSSL_BN_ASM_GF2m -DSHA1_ASM -DSHA256_ASM -DSHA512_ASM -DMD5_ASM -DAES_ASM -DVPAES_ASM -DBSAES_ASM -DWHIRLPOOL_ASM -DGHASH_ASM  -O3  -Wall  -c -o ca.o ca.c
gcc -DMONOLITH -I.. -I../include  -DOPENSSL_THREADS -D_REENTRANT -DDSO_DLFCN -DHAVE_DLFCN_H -Wa,--noexecstack -m64 -DL_ENDIAN -DTERMIO -O3 -Wall -DOPENSSL_IA32_SSE2 -DOPENSSL_BN_ASM_MONT -DOPENSSL_BN_ASM_MONT5 -DOPENSSL_BN_ASM_GF2m -DSHA1_ASM -DSHA256_ASM -DSHA512_ASM -DMD5_ASM -DAES_ASM -DVPAES_ASM -DBSAES_ASM -DWHIRLPOOL_ASM -DGHASH_ASM  -O3  -Wall  -c -o pkcs7.o pkcs7.c
gcc -DMONOLITH -I.. -I../include  -DOPENSSL_THREADS -D_REENTRANT -DDSO_DLFCN -DHAVE_DLFCN_H -Wa,--noexecstack -m64 -DL_ENDIAN -DTERMIO -O3 -Wall -DOPENSSL_IA32_SSE2 -DOPENSSL_BN_ASM_MONT -DOPENSSL_BN_ASM_MONT5 -DOPENSSL_BN_ASM_GF2m -DSHA1_ASM -DSHA256_ASM -DSHA512_ASM -DMD5_ASM -DAES_ASM -DVPAES_ASM -DBSAES_ASM -DWHIRLPOOL_ASM -DGHASH_ASM  -O3  -Wall  -c -o crl2p7.o crl2p7.c
gcc -DMONOLITH -I.. -I../include  -DOPENSSL_THREADS -D_REENTRANT -DDSO_DLFCN -DHAVE_DLFCN_H -Wa,--noexecstack -m64 -DL_ENDIAN -DTERMIO -O3 -Wall -DOPENSSL_IA32_SSE2 -DOPENSSL_BN_ASM_MONT -DOPENSSL_BN_ASM_MONT5 -DOPENSSL_BN_ASM_GF2m -DSHA1_ASM -DSHA256_ASM -DSHA512_ASM -DMD5_ASM -DAES_ASM -DVPAES_ASM -DBSAES_ASM -DWHIRLPOOL_ASM -DGHASH_ASM  -O3  -Wall  -c -o crl.o crl.c
gcc -DMONOLITH -I.. -I../include  -DOPENSSL_THREADS -D_REENTRANT -DDSO_DLFCN -DHAVE_DLFCN_H -Wa,--noexecstack -m64 -DL_ENDIAN -DTERMIO -O3 -Wall -DOPENSSL_IA32_SSE2 -DOPENSSL_BN_ASM_MONT -DOPENSSL_BN_ASM_MONT5 -DOPENSSL_BN_ASM_GF2m -DSHA1_ASM -DSHA256_ASM -DSHA512_ASM -DMD5_ASM -DAES_ASM -DVPAES_ASM -DBSAES_ASM -DWHIRLPOOL_ASM -DGHASH_ASM  -O3  -Wall  -c -o rsa.o rsa.c
gcc -DMONOLITH -I.. -I../include  -DOPENSSL_THREADS -D_REENTRANT -DDSO_DLFCN -DHAVE_DLFCN_H -Wa,--noexecstack -m64 -DL_ENDIAN -DTERMIO -O3 -Wall -DOPENSSL_IA32_SSE2 -DOPENSSL_BN_ASM_MONT -DOPENSSL_BN_ASM_MONT5 -DOPENSSL_BN_ASM_GF2m -DSHA1_ASM -DSHA256_ASM -DSHA512_ASM -DMD5_ASM -DAES_ASM -DVPAES_ASM -DBSAES_ASM -DWHIRLPOOL_ASM -DGHASH_ASM  -O3  -Wall  -c -o rsautl.o rsautl.c
gcc -DMONOLITH -I.. -I../include  -DOPENSSL_THREADS -D_REENTRANT -DDSO_DLFCN -DHAVE_DLFCN_H -Wa,--noexecstack -m64 -DL_ENDIAN -DTERMIO -O3 -Wall -DOPENSSL_IA32_SSE2 -DOPENSSL_BN_ASM_MONT -DOPENSSL_BN_ASM_MONT5 -DOPENSSL_BN_ASM_GF2m -DSHA1_ASM -DSHA256_ASM -DSHA512_ASM -DMD5_ASM -DAES_ASM -DVPAES_ASM -DBSAES_ASM -DWHIRLPOOL_ASM -DGHASH_ASM  -O3  -Wall  -c -o dsa.o dsa.c
gcc -DMONOLITH -I.. -I../include  -DOPENSSL_THREADS -D_REENTRANT -DDSO_DLFCN -DHAVE_DLFCN_H -Wa,--noexecstack -m64 -DL_ENDIAN -DTERMIO -O3 -Wall -DOPENSSL_IA32_SSE2 -DOPENSSL_BN_ASM_MONT -DOPENSSL_BN_ASM_MONT5 -DOPENSSL_BN_ASM_GF2m -DSHA1_ASM -DSHA256_ASM -DSHA512_ASM -DMD5_ASM -DAES_ASM -DVPAES_ASM -DBSAES_ASM -DWHIRLPOOL_ASM -DGHASH_ASM  -O3  -Wall  -c -o dsaparam.o dsaparam.c
gcc -DMONOLITH -I.. -I../include  -DOPENSSL_THREADS -D_REENTRANT -DDSO_DLFCN -DHAVE_DLFCN_H -Wa,--noexecstack -m64 -DL_ENDIAN -DTERMIO -O3 -Wall -DOPENSSL_IA32_SSE2 -DOPENSSL_BN_ASM_MONT -DOPENSSL_BN_ASM_MONT5 -DOPENSSL_BN_ASM_GF2m -DSHA1_ASM -DSHA256_ASM -DSHA512_ASM -DMD5_ASM -DAES_ASM -DVPAES_ASM -DBSAES_ASM -DWHIRLPOOL_ASM -DGHASH_ASM  -O3  -Wall  -c -o ec.o ec.c
gcc -DMONOLITH -I.. -I../include  -DOPENSSL_THREADS -D_REENTRANT -DDSO_DLFCN -DHAVE_DLFCN_H -Wa,--noexecstack -m64 -DL_ENDIAN -DTERMIO -O3 -Wall -DOPENSSL_IA32_SSE2 -DOPENSSL_BN_ASM_MONT -DOPENSSL_BN_ASM_MONT5 -DOPENSSL_BN_ASM_GF2m -DSHA1_ASM -DSHA256_ASM -DSHA512_ASM -DMD5_ASM -DAES_ASM -DVPAES_ASM -DBSAES_ASM -DWHIRLPOOL_ASM -DGHASH_ASM  -O3  -Wall  -c -o ecparam.o ecparam.c
gcc -DMONOLITH -I.. -I../include  -DOPENSSL_THREADS -D_REENTRANT -DDSO_DLFCN -DHAVE_DLFCN_H -Wa,--noexecstack -m64 -DL_ENDIAN -DTERMIO -O3 -Wall -DOPENSSL_IA32_SSE2 -DOPENSSL_BN_ASM_MONT -DOPENSSL_BN_ASM_MONT5 -DOPENSSL_BN_ASM_GF2m -DSHA1_ASM -DSHA256_ASM -DSHA512_ASM -DMD5_ASM -DAES_ASM -DVPAES_ASM -DBSAES_ASM -DWHIRLPOOL_ASM -DGHASH_ASM  -O3  -Wall  -c -o x509.o x509.c
gcc -DMONOLITH -I.. -I../include  -DOPENSSL_THREADS -D_REENTRANT -DDSO_DLFCN -DHAVE_DLFCN_H -Wa,--noexecstack -m64 -DL_ENDIAN -DTERMIO -O3 -Wall -DOPENSSL_IA32_SSE2 -DOPENSSL_BN_ASM_MONT -DOPENSSL_BN_ASM_MONT5 -DOPENSSL_BN_ASM_GF2m -DSHA1_ASM -DSHA256_ASM -DSHA512_ASM -DMD5_ASM -DAES_ASM -DVPAES_ASM -DBSAES_ASM -DWHIRLPOOL_ASM -DGHASH_ASM  -O3  -Wall  -c -o genrsa.o genrsa.c
gcc -DMONOLITH -I.. -I../include  -DOPENSSL_THREADS -D_REENTRANT -DDSO_DLFCN -DHAVE_DLFCN_H -Wa,--noexecstack -m64 -DL_ENDIAN -DTERMIO -O3 -Wall -DOPENSSL_IA32_SSE2 -DOPENSSL_BN_ASM_MONT -DOPENSSL_BN_ASM_MONT5 -DOPENSSL_BN_ASM_GF2m -DSHA1_ASM -DSHA256_ASM -DSHA512_ASM -DMD5_ASM -DAES_ASM -DVPAES_ASM -DBSAES_ASM -DWHIRLPOOL_ASM -DGHASH_ASM  -O3  -Wall  -c -o gendsa.o gendsa.c
gcc -DMONOLITH -I.. -I../include  -DOPENSSL_THREADS -D_REENTRANT -DDSO_DLFCN -DHAVE_DLFCN_H -Wa,--noexecstack -m64 -DL_ENDIAN -DTERMIO -O3 -Wall -DOPENSSL_IA32_SSE2 -DOPENSSL_BN_ASM_MONT -DOPENSSL_BN_ASM_MONT5 -DOPENSSL_BN_ASM_GF2m -DSHA1_ASM -DSHA256_ASM -DSHA512_ASM -DMD5_ASM -DAES_ASM -DVPAES_ASM -DBSAES_ASM -DWHIRLPOOL_ASM -DGHASH_ASM  -O3  -Wall  -c -o genpkey.o genpkey.c
gcc -DMONOLITH -I.. -I../include  -DOPENSSL_THREADS -D_REENTRANT -DDSO_DLFCN -DHAVE_DLFCN_H -Wa,--noexecstack -m64 -DL_ENDIAN -DTERMIO -O3 -Wall -DOPENSSL_IA32_SSE2 -DOPENSSL_BN_ASM_MONT -DOPENSSL_BN_ASM_MONT5 -DOPENSSL_BN_ASM_GF2m -DSHA1_ASM -DSHA256_ASM -DSHA512_ASM -DMD5_ASM -DAES_ASM -DVPAES_ASM -DBSAES_ASM -DWHIRLPOOL_ASM -DGHASH_ASM  -O3  -Wall  -c -o s_server.o s_server.c
s_server.c: In function 'sv_body':
s_server.c:2290:6: warning: this 'else' clause does not guard... [-Wmisleading-indentation]
      else
      ^~~~
s_server.c:2292:7: note: ...this statement, but the latter is misleadingly indented as if it were guarded by the 'else'
       k=SSL_write(con,&(buf[l]),(unsigned int)i);
       ^
gcc -DMONOLITH -I.. -I../include  -DOPENSSL_THREADS -D_REENTRANT -DDSO_DLFCN -DHAVE_DLFCN_H -Wa,--noexecstack -m64 -DL_ENDIAN -DTERMIO -O3 -Wall -DOPENSSL_IA32_SSE2 -DOPENSSL_BN_ASM_MONT -DOPENSSL_BN_ASM_MONT5 -DOPENSSL_BN_ASM_GF2m -DSHA1_ASM -DSHA256_ASM -DSHA512_ASM -DMD5_ASM -DAES_ASM -DVPAES_ASM -DBSAES_ASM -DWHIRLPOOL_ASM -DGHASH_ASM  -O3  -Wall  -c -o s_client.o s_client.c
gcc -DMONOLITH -I.. -I../include  -DOPENSSL_THREADS -D_REENTRANT -DDSO_DLFCN -DHAVE_DLFCN_H -Wa,--noexecstack -m64 -DL_ENDIAN -DTERMIO -O3 -Wall -DOPENSSL_IA32_SSE2 -DOPENSSL_BN_ASM_MONT -DOPENSSL_BN_ASM_MONT5 -DOPENSSL_BN_ASM_GF2m -DSHA1_ASM -DSHA256_ASM -DSHA512_ASM -DMD5_ASM -DAES_ASM -DVPAES_ASM -DBSAES_ASM -DWHIRLPOOL_ASM -DGHASH_ASM  -O3  -Wall  -c -o speed.o speed.c
gcc -DMONOLITH -I.. -I../include  -DOPENSSL_THREADS -D_REENTRANT -DDSO_DLFCN -DHAVE_DLFCN_H -Wa,--noexecstack -m64 -DL_ENDIAN -DTERMIO -O3 -Wall -DOPENSSL_IA32_SSE2 -DOPENSSL_BN_ASM_MONT -DOPENSSL_BN_ASM_MONT5 -DOPENSSL_BN_ASM_GF2m -DSHA1_ASM -DSHA256_ASM -DSHA512_ASM -DMD5_ASM -DAES_ASM -DVPAES_ASM -DBSAES_ASM -DWHIRLPOOL_ASM -DGHASH_ASM  -O3  -Wall  -c -o s_time.o s_time.c
gcc -DMONOLITH -I.. -I../include  -DOPENSSL_THREADS -D_REENTRANT -DDSO_DLFCN -DHAVE_DLFCN_H -Wa,--noexecstack -m64 -DL_ENDIAN -DTERMIO -O3 -Wall -DOPENSSL_IA32_SSE2 -DOPENSSL_BN_ASM_MONT -DOPENSSL_BN_ASM_MONT5 -DOPENSSL_BN_ASM_GF2m -DSHA1_ASM -DSHA256_ASM -DSHA512_ASM -DMD5_ASM -DAES_ASM -DVPAES_ASM -DBSAES_ASM -DWHIRLPOOL_ASM -DGHASH_ASM  -O3  -Wall  -c -o apps.o apps.c
gcc -DMONOLITH -I.. -I../include  -DOPENSSL_THREADS -D_REENTRANT -DDSO_DLFCN -DHAVE_DLFCN_H -Wa,--noexecstack -m64 -DL_ENDIAN -DTERMIO -O3 -Wall -DOPENSSL_IA32_SSE2 -DOPENSSL_BN_ASM_MONT -DOPENSSL_BN_ASM_MONT5 -DOPENSSL_BN_ASM_GF2m -DSHA1_ASM -DSHA256_ASM -DSHA512_ASM -DMD5_ASM -DAES_ASM -DVPAES_ASM -DBSAES_ASM -DWHIRLPOOL_ASM -DGHASH_ASM  -O3  -Wall  -c -o s_cb.o s_cb.c
gcc -DMONOLITH -I.. -I../include  -DOPENSSL_THREADS -D_REENTRANT -DDSO_DLFCN -DHAVE_DLFCN_H -Wa,--noexecstack -m64 -DL_ENDIAN -DTERMIO -O3 -Wall -DOPENSSL_IA32_SSE2 -DOPENSSL_BN_ASM_MONT -DOPENSSL_BN_ASM_MONT5 -DOPENSSL_BN_ASM_GF2m -DSHA1_ASM -DSHA256_ASM -DSHA512_ASM -DMD5_ASM -DAES_ASM -DVPAES_ASM -DBSAES_ASM -DWHIRLPOOL_ASM -DGHASH_ASM  -O3  -Wall  -c -o s_socket.o s_socket.c
gcc -DMONOLITH -I.. -I../include  -DOPENSSL_THREADS -D_REENTRANT -DDSO_DLFCN -DHAVE_DLFCN_H -Wa,--noexecstack -m64 -DL_ENDIAN -DTERMIO -O3 -Wall -DOPENSSL_IA32_SSE2 -DOPENSSL_BN_ASM_MONT -DOPENSSL_BN_ASM_MONT5 -DOPENSSL_BN_ASM_GF2m -DSHA1_ASM -DSHA256_ASM -DSHA512_ASM -DMD5_ASM -DAES_ASM -DVPAES_ASM -DBSAES_ASM -DWHIRLPOOL_ASM -DGHASH_ASM  -O3  -Wall  -c -o app_rand.o app_rand.c
gcc -DMONOLITH -I.. -I../include  -DOPENSSL_THREADS -D_REENTRANT -DDSO_DLFCN -DHAVE_DLFCN_H -Wa,--noexecstack -m64 -DL_ENDIAN -DTERMIO -O3 -Wall -DOPENSSL_IA32_SSE2 -DOPENSSL_BN_ASM_MONT -DOPENSSL_BN_ASM_MONT5 -DOPENSSL_BN_ASM_GF2m -DSHA1_ASM -DSHA256_ASM -DSHA512_ASM -DMD5_ASM -DAES_ASM -DVPAES_ASM -DBSAES_ASM -DWHIRLPOOL_ASM -DGHASH_ASM  -O3  -Wall  -c -o version.o version.c
gcc -DMONOLITH -I.. -I../include  -DOPENSSL_THREADS -D_REENTRANT -DDSO_DLFCN -DHAVE_DLFCN_H -Wa,--noexecstack -m64 -DL_ENDIAN -DTERMIO -O3 -Wall -DOPENSSL_IA32_SSE2 -DOPENSSL_BN_ASM_MONT -DOPENSSL_BN_ASM_MONT5 -DOPENSSL_BN_ASM_GF2m -DSHA1_ASM -DSHA256_ASM -DSHA512_ASM -DMD5_ASM -DAES_ASM -DVPAES_ASM -DBSAES_ASM -DWHIRLPOOL_ASM -DGHASH_ASM  -O3  -Wall  -c -o sess_id.o sess_id.c
gcc -DMONOLITH -I.. -I../include  -DOPENSSL_THREADS -D_REENTRANT -DDSO_DLFCN -DHAVE_DLFCN_H -Wa,--noexecstack -m64 -DL_ENDIAN -DTERMIO -O3 -Wall -DOPENSSL_IA32_SSE2 -DOPENSSL_BN_ASM_MONT -DOPENSSL_BN_ASM_MONT5 -DOPENSSL_BN_ASM_GF2m -DSHA1_ASM -DSHA256_ASM -DSHA512_ASM -DMD5_ASM -DAES_ASM -DVPAES_ASM -DBSAES_ASM -DWHIRLPOOL_ASM -DGHASH_ASM  -O3  -Wall  -c -o ciphers.o ciphers.c
gcc -DMONOLITH -I.. -I../include  -DOPENSSL_THREADS -D_REENTRANT -DDSO_DLFCN -DHAVE_DLFCN_H -Wa,--noexecstack -m64 -DL_ENDIAN -DTERMIO -O3 -Wall -DOPENSSL_IA32_SSE2 -DOPENSSL_BN_ASM_MONT -DOPENSSL_BN_ASM_MONT5 -DOPENSSL_BN_ASM_GF2m -DSHA1_ASM -DSHA256_ASM -DSHA512_ASM -DMD5_ASM -DAES_ASM -DVPAES_ASM -DBSAES_ASM -DWHIRLPOOL_ASM -DGHASH_ASM  -O3  -Wall  -c -o nseq.o nseq.c
gcc -DMONOLITH -I.. -I../include  -DOPENSSL_THREADS -D_REENTRANT -DDSO_DLFCN -DHAVE_DLFCN_H -Wa,--noexecstack -m64 -DL_ENDIAN -DTERMIO -O3 -Wall -DOPENSSL_IA32_SSE2 -DOPENSSL_BN_ASM_MONT -DOPENSSL_BN_ASM_MONT5 -DOPENSSL_BN_ASM_GF2m -DSHA1_ASM -DSHA256_ASM -DSHA512_ASM -DMD5_ASM -DAES_ASM -DVPAES_ASM -DBSAES_ASM -DWHIRLPOOL_ASM -DGHASH_ASM  -O3  -Wall  -c -o pkcs12.o pkcs12.c
gcc -DMONOLITH -I.. -I../include  -DOPENSSL_THREADS -D_REENTRANT -DDSO_DLFCN -DHAVE_DLFCN_H -Wa,--noexecstack -m64 -DL_ENDIAN -DTERMIO -O3 -Wall -DOPENSSL_IA32_SSE2 -DOPENSSL_BN_ASM_MONT -DOPENSSL_BN_ASM_MONT5 -DOPENSSL_BN_ASM_GF2m -DSHA1_ASM -DSHA256_ASM -DSHA512_ASM -DMD5_ASM -DAES_ASM -DVPAES_ASM -DBSAES_ASM -DWHIRLPOOL_ASM -DGHASH_ASM  -O3  -Wall  -c -o pkcs8.o pkcs8.c
gcc -DMONOLITH -I.. -I../include  -DOPENSSL_THREADS -D_REENTRANT -DDSO_DLFCN -DHAVE_DLFCN_H -Wa,--noexecstack -m64 -DL_ENDIAN -DTERMIO -O3 -Wall -DOPENSSL_IA32_SSE2 -DOPENSSL_BN_ASM_MONT -DOPENSSL_BN_ASM_MONT5 -DOPENSSL_BN_ASM_GF2m -DSHA1_ASM -DSHA256_ASM -DSHA512_ASM -DMD5_ASM -DAES_ASM -DVPAES_ASM -DBSAES_ASM -DWHIRLPOOL_ASM -DGHASH_ASM  -O3  -Wall  -c -o pkey.o pkey.c
gcc -DMONOLITH -I.. -I../include  -DOPENSSL_THREADS -D_REENTRANT -DDSO_DLFCN -DHAVE_DLFCN_H -Wa,--noexecstack -m64 -DL_ENDIAN -DTERMIO -O3 -Wall -DOPENSSL_IA32_SSE2 -DOPENSSL_BN_ASM_MONT -DOPENSSL_BN_ASM_MONT5 -DOPENSSL_BN_ASM_GF2m -DSHA1_ASM -DSHA256_ASM -DSHA512_ASM -DMD5_ASM -DAES_ASM -DVPAES_ASM -DBSAES_ASM -DWHIRLPOOL_ASM -DGHASH_ASM  -O3  -Wall  -c -o pkeyparam.o pkeyparam.c
gcc -DMONOLITH -I.. -I../include  -DOPENSSL_THREADS -D_REENTRANT -DDSO_DLFCN -DHAVE_DLFCN_H -Wa,--noexecstack -m64 -DL_ENDIAN -DTERMIO -O3 -Wall -DOPENSSL_IA32_SSE2 -DOPENSSL_BN_ASM_MONT -DOPENSSL_BN_ASM_MONT5 -DOPENSSL_BN_ASM_GF2m -DSHA1_ASM -DSHA256_ASM -DSHA512_ASM -DMD5_ASM -DAES_ASM -DVPAES_ASM -DBSAES_ASM -DWHIRLPOOL_ASM -DGHASH_ASM  -O3  -Wall  -c -o pkeyutl.o pkeyutl.c
gcc -DMONOLITH -I.. -I../include  -DOPENSSL_THREADS -D_REENTRANT -DDSO_DLFCN -DHAVE_DLFCN_H -Wa,--noexecstack -m64 -DL_ENDIAN -DTERMIO -O3 -Wall -DOPENSSL_IA32_SSE2 -DOPENSSL_BN_ASM_MONT -DOPENSSL_BN_ASM_MONT5 -DOPENSSL_BN_ASM_GF2m -DSHA1_ASM -DSHA256_ASM -DSHA512_ASM -DMD5_ASM -DAES_ASM -DVPAES_ASM -DBSAES_ASM -DWHIRLPOOL_ASM -DGHASH_ASM  -O3  -Wall  -c -o spkac.o spkac.c
gcc -DMONOLITH -I.. -I../include  -DOPENSSL_THREADS -D_REENTRANT -DDSO_DLFCN -DHAVE_DLFCN_H -Wa,--noexecstack -m64 -DL_ENDIAN -DTERMIO -O3 -Wall -DOPENSSL_IA32_SSE2 -DOPENSSL_BN_ASM_MONT -DOPENSSL_BN_ASM_MONT5 -DOPENSSL_BN_ASM_GF2m -DSHA1_ASM -DSHA256_ASM -DSHA512_ASM -DMD5_ASM -DAES_ASM -DVPAES_ASM -DBSAES_ASM -DWHIRLPOOL_ASM -DGHASH_ASM  -O3  -Wall  -c -o smime.o smime.c
gcc -DMONOLITH -I.. -I../include  -DOPENSSL_THREADS -D_REENTRANT -DDSO_DLFCN -DHAVE_DLFCN_H -Wa,--noexecstack -m64 -DL_ENDIAN -DTERMIO -O3 -Wall -DOPENSSL_IA32_SSE2 -DOPENSSL_BN_ASM_MONT -DOPENSSL_BN_ASM_MONT5 -DOPENSSL_BN_ASM_GF2m -DSHA1_ASM -DSHA256_ASM -DSHA512_ASM -DMD5_ASM -DAES_ASM -DVPAES_ASM -DBSAES_ASM -DWHIRLPOOL_ASM -DGHASH_ASM  -O3  -Wall  -c -o cms.o cms.c
gcc -DMONOLITH -I.. -I../include  -DOPENSSL_THREADS -D_REENTRANT -DDSO_DLFCN -DHAVE_DLFCN_H -Wa,--noexecstack -m64 -DL_ENDIAN -DTERMIO -O3 -Wall -DOPENSSL_IA32_SSE2 -DOPENSSL_BN_ASM_MONT -DOPENSSL_BN_ASM_MONT5 -DOPENSSL_BN_ASM_GF2m -DSHA1_ASM -DSHA256_ASM -DSHA512_ASM -DMD5_ASM -DAES_ASM -DVPAES_ASM -DBSAES_ASM -DWHIRLPOOL_ASM -DGHASH_ASM  -O3  -Wall  -c -o rand.o rand.c
gcc -DMONOLITH -I.. -I../include  -DOPENSSL_THREADS -D_REENTRANT -DDSO_DLFCN -DHAVE_DLFCN_H -Wa,--noexecstack -m64 -DL_ENDIAN -DTERMIO -O3 -Wall -DOPENSSL_IA32_SSE2 -DOPENSSL_BN_ASM_MONT -DOPENSSL_BN_ASM_MONT5 -DOPENSSL_BN_ASM_GF2m -DSHA1_ASM -DSHA256_ASM -DSHA512_ASM -DMD5_ASM -DAES_ASM -DVPAES_ASM -DBSAES_ASM -DWHIRLPOOL_ASM -DGHASH_ASM  -O3  -Wall  -c -o engine.o engine.c
gcc -DMONOLITH -I.. -I../include  -DOPENSSL_THREADS -D_REENTRANT -DDSO_DLFCN -DHAVE_DLFCN_H -Wa,--noexecstack -m64 -DL_ENDIAN -DTERMIO -O3 -Wall -DOPENSSL_IA32_SSE2 -DOPENSSL_BN_ASM_MONT -DOPENSSL_BN_ASM_MONT5 -DOPENSSL_BN_ASM_GF2m -DSHA1_ASM -DSHA256_ASM -DSHA512_ASM -DMD5_ASM -DAES_ASM -DVPAES_ASM -DBSAES_ASM -DWHIRLPOOL_ASM -DGHASH_ASM  -O3  -Wall  -c -o ocsp.o ocsp.c
gcc -DMONOLITH -I.. -I../include  -DOPENSSL_THREADS -D_REENTRANT -DDSO_DLFCN -DHAVE_DLFCN_H -Wa,--noexecstack -m64 -DL_ENDIAN -DTERMIO -O3 -Wall -DOPENSSL_IA32_SSE2 -DOPENSSL_BN_ASM_MONT -DOPENSSL_BN_ASM_MONT5 -DOPENSSL_BN_ASM_GF2m -DSHA1_ASM -DSHA256_ASM -DSHA512_ASM -DMD5_ASM -DAES_ASM -DVPAES_ASM -DBSAES_ASM -DWHIRLPOOL_ASM -DGHASH_ASM  -O3  -Wall  -c -o prime.o prime.c
gcc -DMONOLITH -I.. -I../include  -DOPENSSL_THREADS -D_REENTRANT -DDSO_DLFCN -DHAVE_DLFCN_H -Wa,--noexecstack -m64 -DL_ENDIAN -DTERMIO -O3 -Wall -DOPENSSL_IA32_SSE2 -DOPENSSL_BN_ASM_MONT -DOPENSSL_BN_ASM_MONT5 -DOPENSSL_BN_ASM_GF2m -DSHA1_ASM -DSHA256_ASM -DSHA512_ASM -DMD5_ASM -DAES_ASM -DVPAES_ASM -DBSAES_ASM -DWHIRLPOOL_ASM -DGHASH_ASM  -O3  -Wall  -c -o ts.o ts.c
gcc -DMONOLITH -I.. -I../include  -DOPENSSL_THREADS -D_REENTRANT -DDSO_DLFCN -DHAVE_DLFCN_H -Wa,--noexecstack -m64 -DL_ENDIAN -DTERMIO -O3 -Wall -DOPENSSL_IA32_SSE2 -DOPENSSL_BN_ASM_MONT -DOPENSSL_BN_ASM_MONT5 -DOPENSSL_BN_ASM_GF2m -DSHA1_ASM -DSHA256_ASM -DSHA512_ASM -DMD5_ASM -DAES_ASM -DVPAES_ASM -DBSAES_ASM -DWHIRLPOOL_ASM -DGHASH_ASM  -O3  -Wall  -c -o srp.o srp.c
gcc -DMONOLITH -I.. -I../include  -DOPENSSL_THREADS -D_REENTRANT -DDSO_DLFCN -DHAVE_DLFCN_H -Wa,--noexecstack -m64 -DL_ENDIAN -DTERMIO -O3 -Wall -DOPENSSL_IA32_SSE2 -DOPENSSL_BN_ASM_MONT -DOPENSSL_BN_ASM_MONT5 -DOPENSSL_BN_ASM_GF2m -DSHA1_ASM -DSHA256_ASM -DSHA512_ASM -DMD5_ASM -DAES_ASM -DVPAES_ASM -DBSAES_ASM -DWHIRLPOOL_ASM -DGHASH_ASM  -O3  -Wall  -c -o openssl.o openssl.c
rm -f openssl
shlib_target=; if [ -n "" ]; then \
	shlib_target="linux-shared"; \
elif [ -n "" ]; then \
  FIPSLD_CC="gcc"; CC=/usr/local/ssl/fips-2.0/bin/fipsld; export CC FIPSLD_CC; \
fi; \
LIBRARIES="-L.. -lssl  -L.. -lcrypto" ; \
make -f ../Makefile.shared -e \
	APPNAME=openssl OBJECTS="openssl.o verify.o asn1pars.o req.o dgst.o dh.o dhparam.o enc.o passwd.o gendh.o errstr.o ca.o pkcs7.o crl2p7.o crl.o rsa.o rsautl.o dsa.o dsaparam.o ec.o ecparam.o x509.o genrsa.o gendsa.o genpkey.o s_server.o s_client.o speed.o s_time.o apps.o s_cb.o s_socket.o app_rand.o version.o sess_id.o ciphers.o nseq.o pkcs12.o pkcs8.o pkey.o pkeyparam.o pkeyutl.o spkac.o smime.o cms.o rand.o engine.o ocsp.o prime.o ts.o srp.o" \
	LIBDEPS=" $LIBRARIES -ldl" \
	link_app.${shlib_target}
make[4]: Entering directory `/home/lucas.t/Cactus_tmp/configs/sim/scratch/build/OpenSSL/openssl-1.0.1k/apps'
( :; LIBDEPS="${LIBDEPS:--L.. -lssl  -L.. -lcrypto -ldl}"; LDCMD="${LDCMD:-gcc}"; LDFLAGS="${LDFLAGS:--DOPENSSL_THREADS -D_REENTRANT -DDSO_DLFCN -DHAVE_DLFCN_H -Wa,--noexecstack -m64 -DL_ENDIAN -DTERMIO -O3 -Wall -DOPENSSL_IA32_SSE2 -DOPENSSL_BN_ASM_MONT -DOPENSSL_BN_ASM_MONT5 -DOPENSSL_BN_ASM_GF2m -DSHA1_ASM -DSHA256_ASM -DSHA512_ASM -DMD5_ASM -DAES_ASM -DVPAES_ASM -DBSAES_ASM -DWHIRLPOOL_ASM -DGHASH_ASM}"; LIBPATH=`for x in $LIBDEPS; do echo $x; done | sed -e 's/^ *-L//;t' -e d | uniq`; LIBPATH=`echo $LIBPATH | sed -e 's/ /:/g'`; LD_LIBRARY_PATH=$LIBPATH:$LD_LIBRARY_PATH ${LDCMD} ${LDFLAGS} -o ${APPNAME:=openssl} openssl.o verify.o asn1pars.o req.o dgst.o dh.o dhparam.o enc.o passwd.o gendh.o errstr.o ca.o pkcs7.o crl2p7.o crl.o rsa.o rsautl.o dsa.o dsaparam.o ec.o ecparam.o x509.o genrsa.o gendsa.o genpkey.o s_server.o s_client.o speed.o s_time.o apps.o s_cb.o s_socket.o app_rand.o version.o sess_id.o ciphers.o nseq.o pkcs12.o pkcs8.o pkey.o pkeyparam.o pkeyutl.o spkac.o smime.o cms.o rand.o engine.o ocsp.o prime.o ts.o srp.o ${LIBDEPS} )
make[4]: Leaving directory `/home/lucas.t/Cactus_tmp/configs/sim/scratch/build/OpenSSL/openssl-1.0.1k/apps'
make[4]: Entering directory `/home/lucas.t/Cactus_tmp/configs/sim/scratch/build/OpenSSL/openssl-1.0.1k'
Doing certs/demo
WARNING: can't open config file: /home/lucas.t/Cactus_tmp/configs/sim/scratch/external/OpenSSL/ssl/openssl.cnf
ca-cert.pem => 3f77a2b5.0
WARNING: can't open config file: /home/lucas.t/Cactus_tmp/configs/sim/scratch/external/OpenSSL/ssl/openssl.cnf
dsa-ca.pem => cbdbd8bc.0
WARNING: can't open config file: /home/lucas.t/Cactus_tmp/configs/sim/scratch/external/OpenSSL/ssl/openssl.cnf
dsa-pca.pem => de4fa23b.0
WARNING: can't open config file: /home/lucas.t/Cactus_tmp/configs/sim/scratch/external/OpenSSL/ssl/openssl.cnf
pca-cert.pem => e83ef475.0
make[4]: Leaving directory `/home/lucas.t/Cactus_tmp/configs/sim/scratch/build/OpenSSL/openssl-1.0.1k'
make[3]: Leaving directory `/home/lucas.t/Cactus_tmp/configs/sim/scratch/build/OpenSSL/openssl-1.0.1k/apps'
making all in test...
make[3]: Entering directory `/home/lucas.t/Cactus_tmp/configs/sim/scratch/build/OpenSSL/openssl-1.0.1k/test'
gcc -I.. -I../include  -DOPENSSL_THREADS -D_REENTRANT -DDSO_DLFCN -DHAVE_DLFCN_H -Wa,--noexecstack -m64 -DL_ENDIAN -DTERMIO -O3 -Wall -DOPENSSL_IA32_SSE2 -DOPENSSL_BN_ASM_MONT -DOPENSSL_BN_ASM_MONT5 -DOPENSSL_BN_ASM_GF2m -DSHA1_ASM -DSHA256_ASM -DSHA512_ASM -DMD5_ASM -DAES_ASM -DVPAES_ASM -DBSAES_ASM -DWHIRLPOOL_ASM -DGHASH_ASM  -O3  -Wall  -c -o bntest.o bntest.c
make[4]: Entering directory `/home/lucas.t/Cactus_tmp/configs/sim/scratch/build/OpenSSL/openssl-1.0.1k/test'
( :; LIBDEPS="${LIBDEPS:--L.. -lssl -L.. -lcrypto  -ldl}"; LDCMD="${LDCMD:-gcc}"; LDFLAGS="${LDFLAGS:--DOPENSSL_THREADS -D_REENTRANT -DDSO_DLFCN -DHAVE_DLFCN_H -Wa,--noexecstack -m64 -DL_ENDIAN -DTERMIO -O3 -Wall -DOPENSSL_IA32_SSE2 -DOPENSSL_BN_ASM_MONT -DOPENSSL_BN_ASM_MONT5 -DOPENSSL_BN_ASM_GF2m -DSHA1_ASM -DSHA256_ASM -DSHA512_ASM -DMD5_ASM -DAES_ASM -DVPAES_ASM -DBSAES_ASM -DWHIRLPOOL_ASM -DGHASH_ASM}"; LIBPATH=`for x in $LIBDEPS; do echo $x; done | sed -e 's/^ *-L//;t' -e d | uniq`; LIBPATH=`echo $LIBPATH | sed -e 's/ /:/g'`; LD_LIBRARY_PATH=$LIBPATH:$LD_LIBRARY_PATH ${LDCMD} ${LDFLAGS} -o ${APPNAME:=bntest} bntest.o ${LIBDEPS} )
make[4]: Leaving directory `/home/lucas.t/Cactus_tmp/configs/sim/scratch/build/OpenSSL/openssl-1.0.1k/test'
gcc -I.. -I../include  -DOPENSSL_THREADS -D_REENTRANT -DDSO_DLFCN -DHAVE_DLFCN_H -Wa,--noexecstack -m64 -DL_ENDIAN -DTERMIO -O3 -Wall -DOPENSSL_IA32_SSE2 -DOPENSSL_BN_ASM_MONT -DOPENSSL_BN_ASM_MONT5 -DOPENSSL_BN_ASM_GF2m -DSHA1_ASM -DSHA256_ASM -DSHA512_ASM -DMD5_ASM -DAES_ASM -DVPAES_ASM -DBSAES_ASM -DWHIRLPOOL_ASM -DGHASH_ASM  -O3  -Wall  -c -o ectest.o ectest.c
make[4]: Entering directory `/home/lucas.t/Cactus_tmp/configs/sim/scratch/build/OpenSSL/openssl-1.0.1k/test'
( :; LIBDEPS="${LIBDEPS:--L.. -lssl -L.. -lcrypto  -ldl}"; LDCMD="${LDCMD:-gcc}"; LDFLAGS="${LDFLAGS:--DOPENSSL_THREADS -D_REENTRANT -DDSO_DLFCN -DHAVE_DLFCN_H -Wa,--noexecstack -m64 -DL_ENDIAN -DTERMIO -O3 -Wall -DOPENSSL_IA32_SSE2 -DOPENSSL_BN_ASM_MONT -DOPENSSL_BN_ASM_MONT5 -DOPENSSL_BN_ASM_GF2m -DSHA1_ASM -DSHA256_ASM -DSHA512_ASM -DMD5_ASM -DAES_ASM -DVPAES_ASM -DBSAES_ASM -DWHIRLPOOL_ASM -DGHASH_ASM}"; LIBPATH=`for x in $LIBDEPS; do echo $x; done | sed -e 's/^ *-L//;t' -e d | uniq`; LIBPATH=`echo $LIBPATH | sed -e 's/ /:/g'`; LD_LIBRARY_PATH=$LIBPATH:$LD_LIBRARY_PATH ${LDCMD} ${LDFLAGS} -o ${APPNAME:=ectest} ectest.o ${LIBDEPS} )
make[4]: Leaving directory `/home/lucas.t/Cactus_tmp/configs/sim/scratch/build/OpenSSL/openssl-1.0.1k/test'
gcc -I.. -I../include  -DOPENSSL_THREADS -D_REENTRANT -DDSO_DLFCN -DHAVE_DLFCN_H -Wa,--noexecstack -m64 -DL_ENDIAN -DTERMIO -O3 -Wall -DOPENSSL_IA32_SSE2 -DOPENSSL_BN_ASM_MONT -DOPENSSL_BN_ASM_MONT5 -DOPENSSL_BN_ASM_GF2m -DSHA1_ASM -DSHA256_ASM -DSHA512_ASM -DMD5_ASM -DAES_ASM -DVPAES_ASM -DBSAES_ASM -DWHIRLPOOL_ASM -DGHASH_ASM  -O3  -Wall  -c -o ecdsatest.o ecdsatest.c
make[4]: Entering directory `/home/lucas.t/Cactus_tmp/configs/sim/scratch/build/OpenSSL/openssl-1.0.1k/test'
( :; LIBDEPS="${LIBDEPS:--L.. -lssl -L.. -lcrypto  -ldl}"; LDCMD="${LDCMD:-gcc}"; LDFLAGS="${LDFLAGS:--DOPENSSL_THREADS -D_REENTRANT -DDSO_DLFCN -DHAVE_DLFCN_H -Wa,--noexecstack -m64 -DL_ENDIAN -DTERMIO -O3 -Wall -DOPENSSL_IA32_SSE2 -DOPENSSL_BN_ASM_MONT -DOPENSSL_BN_ASM_MONT5 -DOPENSSL_BN_ASM_GF2m -DSHA1_ASM -DSHA256_ASM -DSHA512_ASM -DMD5_ASM -DAES_ASM -DVPAES_ASM -DBSAES_ASM -DWHIRLPOOL_ASM -DGHASH_ASM}"; LIBPATH=`for x in $LIBDEPS; do echo $x; done | sed -e 's/^ *-L//;t' -e d | uniq`; LIBPATH=`echo $LIBPATH | sed -e 's/ /:/g'`; LD_LIBRARY_PATH=$LIBPATH:$LD_LIBRARY_PATH ${LDCMD} ${LDFLAGS} -o ${APPNAME:=ecdsatest} ecdsatest.o ${LIBDEPS} )
make[4]: Leaving directory `/home/lucas.t/Cactus_tmp/configs/sim/scratch/build/OpenSSL/openssl-1.0.1k/test'
gcc -I.. -I../include  -DOPENSSL_THREADS -D_REENTRANT -DDSO_DLFCN -DHAVE_DLFCN_H -Wa,--noexecstack -m64 -DL_ENDIAN -DTERMIO -O3 -Wall -DOPENSSL_IA32_SSE2 -DOPENSSL_BN_ASM_MONT -DOPENSSL_BN_ASM_MONT5 -DOPENSSL_BN_ASM_GF2m -DSHA1_ASM -DSHA256_ASM -DSHA512_ASM -DMD5_ASM -DAES_ASM -DVPAES_ASM -DBSAES_ASM -DWHIRLPOOL_ASM -DGHASH_ASM  -O3  -Wall  -c -o ecdhtest.o ecdhtest.c
make[4]: Entering directory `/home/lucas.t/Cactus_tmp/configs/sim/scratch/build/OpenSSL/openssl-1.0.1k/test'
( :; LIBDEPS="${LIBDEPS:--L.. -lssl -L.. -lcrypto  -ldl}"; LDCMD="${LDCMD:-gcc}"; LDFLAGS="${LDFLAGS:--DOPENSSL_THREADS -D_REENTRANT -DDSO_DLFCN -DHAVE_DLFCN_H -Wa,--noexecstack -m64 -DL_ENDIAN -DTERMIO -O3 -Wall -DOPENSSL_IA32_SSE2 -DOPENSSL_BN_ASM_MONT -DOPENSSL_BN_ASM_MONT5 -DOPENSSL_BN_ASM_GF2m -DSHA1_ASM -DSHA256_ASM -DSHA512_ASM -DMD5_ASM -DAES_ASM -DVPAES_ASM -DBSAES_ASM -DWHIRLPOOL_ASM -DGHASH_ASM}"; LIBPATH=`for x in $LIBDEPS; do echo $x; done | sed -e 's/^ *-L//;t' -e d | uniq`; LIBPATH=`echo $LIBPATH | sed -e 's/ /:/g'`; LD_LIBRARY_PATH=$LIBPATH:$LD_LIBRARY_PATH ${LDCMD} ${LDFLAGS} -o ${APPNAME:=ecdhtest} ecdhtest.o ${LIBDEPS} )
make[4]: Leaving directory `/home/lucas.t/Cactus_tmp/configs/sim/scratch/build/OpenSSL/openssl-1.0.1k/test'
gcc -I.. -I../include  -DOPENSSL_THREADS -D_REENTRANT -DDSO_DLFCN -DHAVE_DLFCN_H -Wa,--noexecstack -m64 -DL_ENDIAN -DTERMIO -O3 -Wall -DOPENSSL_IA32_SSE2 -DOPENSSL_BN_ASM_MONT -DOPENSSL_BN_ASM_MONT5 -DOPENSSL_BN_ASM_GF2m -DSHA1_ASM -DSHA256_ASM -DSHA512_ASM -DMD5_ASM -DAES_ASM -DVPAES_ASM -DBSAES_ASM -DWHIRLPOOL_ASM -DGHASH_ASM  -O3  -Wall  -c -o ideatest.o ideatest.c
make[4]: Entering directory `/home/lucas.t/Cactus_tmp/configs/sim/scratch/build/OpenSSL/openssl-1.0.1k/test'
( :; LIBDEPS="${LIBDEPS:--L.. -lssl -L.. -lcrypto  -ldl}"; LDCMD="${LDCMD:-gcc}"; LDFLAGS="${LDFLAGS:--DOPENSSL_THREADS -D_REENTRANT -DDSO_DLFCN -DHAVE_DLFCN_H -Wa,--noexecstack -m64 -DL_ENDIAN -DTERMIO -O3 -Wall -DOPENSSL_IA32_SSE2 -DOPENSSL_BN_ASM_MONT -DOPENSSL_BN_ASM_MONT5 -DOPENSSL_BN_ASM_GF2m -DSHA1_ASM -DSHA256_ASM -DSHA512_ASM -DMD5_ASM -DAES_ASM -DVPAES_ASM -DBSAES_ASM -DWHIRLPOOL_ASM -DGHASH_ASM}"; LIBPATH=`for x in $LIBDEPS; do echo $x; done | sed -e 's/^ *-L//;t' -e d | uniq`; LIBPATH=`echo $LIBPATH | sed -e 's/ /:/g'`; LD_LIBRARY_PATH=$LIBPATH:$LD_LIBRARY_PATH ${LDCMD} ${LDFLAGS} -o ${APPNAME:=ideatest} ideatest.o ${LIBDEPS} )
make[4]: Leaving directory `/home/lucas.t/Cactus_tmp/configs/sim/scratch/build/OpenSSL/openssl-1.0.1k/test'
gcc -I.. -I../include  -DOPENSSL_THREADS -D_REENTRANT -DDSO_DLFCN -DHAVE_DLFCN_H -Wa,--noexecstack -m64 -DL_ENDIAN -DTERMIO -O3 -Wall -DOPENSSL_IA32_SSE2 -DOPENSSL_BN_ASM_MONT -DOPENSSL_BN_ASM_MONT5 -DOPENSSL_BN_ASM_GF2m -DSHA1_ASM -DSHA256_ASM -DSHA512_ASM -DMD5_ASM -DAES_ASM -DVPAES_ASM -DBSAES_ASM -DWHIRLPOOL_ASM -DGHASH_ASM  -O3  -Wall  -c -o md2test.o md2test.c
make[4]: Entering directory `/home/lucas.t/Cactus_tmp/configs/sim/scratch/build/OpenSSL/openssl-1.0.1k/test'
( :; LIBDEPS="${LIBDEPS:--L.. -lssl -L.. -lcrypto  -ldl}"; LDCMD="${LDCMD:-gcc}"; LDFLAGS="${LDFLAGS:--DOPENSSL_THREADS -D_REENTRANT -DDSO_DLFCN -DHAVE_DLFCN_H -Wa,--noexecstack -m64 -DL_ENDIAN -DTERMIO -O3 -Wall -DOPENSSL_IA32_SSE2 -DOPENSSL_BN_ASM_MONT -DOPENSSL_BN_ASM_MONT5 -DOPENSSL_BN_ASM_GF2m -DSHA1_ASM -DSHA256_ASM -DSHA512_ASM -DMD5_ASM -DAES_ASM -DVPAES_ASM -DBSAES_ASM -DWHIRLPOOL_ASM -DGHASH_ASM}"; LIBPATH=`for x in $LIBDEPS; do echo $x; done | sed -e 's/^ *-L//;t' -e d | uniq`; LIBPATH=`echo $LIBPATH | sed -e 's/ /:/g'`; LD_LIBRARY_PATH=$LIBPATH:$LD_LIBRARY_PATH ${LDCMD} ${LDFLAGS} -o ${APPNAME:=md2test} md2test.o ${LIBDEPS} )
make[4]: Leaving directory `/home/lucas.t/Cactus_tmp/configs/sim/scratch/build/OpenSSL/openssl-1.0.1k/test'
gcc -I.. -I../include  -DOPENSSL_THREADS -D_REENTRANT -DDSO_DLFCN -DHAVE_DLFCN_H -Wa,--noexecstack -m64 -DL_ENDIAN -DTERMIO -O3 -Wall -DOPENSSL_IA32_SSE2 -DOPENSSL_BN_ASM_MONT -DOPENSSL_BN_ASM_MONT5 -DOPENSSL_BN_ASM_GF2m -DSHA1_ASM -DSHA256_ASM -DSHA512_ASM -DMD5_ASM -DAES_ASM -DVPAES_ASM -DBSAES_ASM -DWHIRLPOOL_ASM -DGHASH_ASM  -O3  -Wall  -c -o md4test.o md4test.c
make[4]: Entering directory `/home/lucas.t/Cactus_tmp/configs/sim/scratch/build/OpenSSL/openssl-1.0.1k/test'
( :; LIBDEPS="${LIBDEPS:--L.. -lssl -L.. -lcrypto  -ldl}"; LDCMD="${LDCMD:-gcc}"; LDFLAGS="${LDFLAGS:--DOPENSSL_THREADS -D_REENTRANT -DDSO_DLFCN -DHAVE_DLFCN_H -Wa,--noexecstack -m64 -DL_ENDIAN -DTERMIO -O3 -Wall -DOPENSSL_IA32_SSE2 -DOPENSSL_BN_ASM_MONT -DOPENSSL_BN_ASM_MONT5 -DOPENSSL_BN_ASM_GF2m -DSHA1_ASM -DSHA256_ASM -DSHA512_ASM -DMD5_ASM -DAES_ASM -DVPAES_ASM -DBSAES_ASM -DWHIRLPOOL_ASM -DGHASH_ASM}"; LIBPATH=`for x in $LIBDEPS; do echo $x; done | sed -e 's/^ *-L//;t' -e d | uniq`; LIBPATH=`echo $LIBPATH | sed -e 's/ /:/g'`; LD_LIBRARY_PATH=$LIBPATH:$LD_LIBRARY_PATH ${LDCMD} ${LDFLAGS} -o ${APPNAME:=md4test} md4test.o ${LIBDEPS} )
make[4]: Leaving directory `/home/lucas.t/Cactus_tmp/configs/sim/scratch/build/OpenSSL/openssl-1.0.1k/test'
gcc -I.. -I../include  -DOPENSSL_THREADS -D_REENTRANT -DDSO_DLFCN -DHAVE_DLFCN_H -Wa,--noexecstack -m64 -DL_ENDIAN -DTERMIO -O3 -Wall -DOPENSSL_IA32_SSE2 -DOPENSSL_BN_ASM_MONT -DOPENSSL_BN_ASM_MONT5 -DOPENSSL_BN_ASM_GF2m -DSHA1_ASM -DSHA256_ASM -DSHA512_ASM -DMD5_ASM -DAES_ASM -DVPAES_ASM -DBSAES_ASM -DWHIRLPOOL_ASM -DGHASH_ASM  -O3  -Wall  -c -o md5test.o md5test.c
make[4]: Entering directory `/home/lucas.t/Cactus_tmp/configs/sim/scratch/build/OpenSSL/openssl-1.0.1k/test'
( :; LIBDEPS="${LIBDEPS:--L.. -lssl -L.. -lcrypto  -ldl}"; LDCMD="${LDCMD:-gcc}"; LDFLAGS="${LDFLAGS:--DOPENSSL_THREADS -D_REENTRANT -DDSO_DLFCN -DHAVE_DLFCN_H -Wa,--noexecstack -m64 -DL_ENDIAN -DTERMIO -O3 -Wall -DOPENSSL_IA32_SSE2 -DOPENSSL_BN_ASM_MONT -DOPENSSL_BN_ASM_MONT5 -DOPENSSL_BN_ASM_GF2m -DSHA1_ASM -DSHA256_ASM -DSHA512_ASM -DMD5_ASM -DAES_ASM -DVPAES_ASM -DBSAES_ASM -DWHIRLPOOL_ASM -DGHASH_ASM}"; LIBPATH=`for x in $LIBDEPS; do echo $x; done | sed -e 's/^ *-L//;t' -e d | uniq`; LIBPATH=`echo $LIBPATH | sed -e 's/ /:/g'`; LD_LIBRARY_PATH=$LIBPATH:$LD_LIBRARY_PATH ${LDCMD} ${LDFLAGS} -o ${APPNAME:=md5test} md5test.o ${LIBDEPS} )
make[4]: Leaving directory `/home/lucas.t/Cactus_tmp/configs/sim/scratch/build/OpenSSL/openssl-1.0.1k/test'
gcc -I.. -I../include  -DOPENSSL_THREADS -D_REENTRANT -DDSO_DLFCN -DHAVE_DLFCN_H -Wa,--noexecstack -m64 -DL_ENDIAN -DTERMIO -O3 -Wall -DOPENSSL_IA32_SSE2 -DOPENSSL_BN_ASM_MONT -DOPENSSL_BN_ASM_MONT5 -DOPENSSL_BN_ASM_GF2m -DSHA1_ASM -DSHA256_ASM -DSHA512_ASM -DMD5_ASM -DAES_ASM -DVPAES_ASM -DBSAES_ASM -DWHIRLPOOL_ASM -DGHASH_ASM  -O3  -Wall  -c -o hmactest.o hmactest.c
make[4]: Entering directory `/home/lucas.t/Cactus_tmp/configs/sim/scratch/build/OpenSSL/openssl-1.0.1k/test'
( :; LIBDEPS="${LIBDEPS:--L.. -lssl -L.. -lcrypto  -ldl}"; LDCMD="${LDCMD:-gcc}"; LDFLAGS="${LDFLAGS:--DOPENSSL_THREADS -D_REENTRANT -DDSO_DLFCN -DHAVE_DLFCN_H -Wa,--noexecstack -m64 -DL_ENDIAN -DTERMIO -O3 -Wall -DOPENSSL_IA32_SSE2 -DOPENSSL_BN_ASM_MONT -DOPENSSL_BN_ASM_MONT5 -DOPENSSL_BN_ASM_GF2m -DSHA1_ASM -DSHA256_ASM -DSHA512_ASM -DMD5_ASM -DAES_ASM -DVPAES_ASM -DBSAES_ASM -DWHIRLPOOL_ASM -DGHASH_ASM}"; LIBPATH=`for x in $LIBDEPS; do echo $x; done | sed -e 's/^ *-L//;t' -e d | uniq`; LIBPATH=`echo $LIBPATH | sed -e 's/ /:/g'`; LD_LIBRARY_PATH=$LIBPATH:$LD_LIBRARY_PATH ${LDCMD} ${LDFLAGS} -o ${APPNAME:=hmactest} hmactest.o ${LIBDEPS} )
make[4]: Leaving directory `/home/lucas.t/Cactus_tmp/configs/sim/scratch/build/OpenSSL/openssl-1.0.1k/test'
gcc -I.. -I../include  -DOPENSSL_THREADS -D_REENTRANT -DDSO_DLFCN -DHAVE_DLFCN_H -Wa,--noexecstack -m64 -DL_ENDIAN -DTERMIO -O3 -Wall -DOPENSSL_IA32_SSE2 -DOPENSSL_BN_ASM_MONT -DOPENSSL_BN_ASM_MONT5 -DOPENSSL_BN_ASM_GF2m -DSHA1_ASM -DSHA256_ASM -DSHA512_ASM -DMD5_ASM -DAES_ASM -DVPAES_ASM -DBSAES_ASM -DWHIRLPOOL_ASM -DGHASH_ASM  -O3  -Wall  -c -o wp_test.o wp_test.c
wp_test.c: In function 'main':
wp_test.c:134:5: warning: this 'else' clause does not guard... [-Wmisleading-indentation]
     else
     ^~~~
wp_test.c:135:23: note: ...this statement, but the latter is misleadingly indented as if it were guarded by the 'else'
  fprintf(stdout,"."); fflush(stdout);
                       ^~~~~~
wp_test.c:143:5: warning: this 'else' clause does not guard... [-Wmisleading-indentation]
     else
     ^~~~
wp_test.c:144:23: note: ...this statement, but the latter is misleadingly indented as if it were guarded by the 'else'
  fprintf(stdout,"."); fflush(stdout);
                       ^~~~~~
wp_test.c:152:5: warning: this 'else' clause does not guard... [-Wmisleading-indentation]
     else
     ^~~~
wp_test.c:153:23: note: ...this statement, but the latter is misleadingly indented as if it were guarded by the 'else'
  fprintf(stdout,"."); fflush(stdout);
                       ^~~~~~
wp_test.c:161:5: warning: this 'else' clause does not guard... [-Wmisleading-indentation]
     else
     ^~~~
wp_test.c:162:23: note: ...this statement, but the latter is misleadingly indented as if it were guarded by the 'else'
  fprintf(stdout,"."); fflush(stdout);
                       ^~~~~~
wp_test.c:170:5: warning: this 'else' clause does not guard... [-Wmisleading-indentation]
     else
     ^~~~
wp_test.c:171:23: note: ...this statement, but the latter is misleadingly indented as if it were guarded by the 'else'
  fprintf(stdout,"."); fflush(stdout);
                       ^~~~~~
wp_test.c:181:5: warning: this 'else' clause does not guard... [-Wmisleading-indentation]
     else
     ^~~~
wp_test.c:182:23: note: ...this statement, but the latter is misleadingly indented as if it were guarded by the 'else'
  fprintf(stdout,"."); fflush(stdout);
                       ^~~~~~
wp_test.c:191:5: warning: this 'else' clause does not guard... [-Wmisleading-indentation]
     else
     ^~~~
wp_test.c:192:23: note: ...this statement, but the latter is misleadingly indented as if it were guarded by the 'else'
  fprintf(stdout,"."); fflush(stdout);
                       ^~~~~~
wp_test.c:200:5: warning: this 'else' clause does not guard... [-Wmisleading-indentation]
     else
     ^~~~
wp_test.c:201:23: note: ...this statement, but the latter is misleadingly indented as if it were guarded by the 'else'
  fprintf(stdout,"."); fflush(stdout);
                       ^~~~~~
wp_test.c:221:5: warning: this 'else' clause does not guard... [-Wmisleading-indentation]
     else
     ^~~~
wp_test.c:222:23: note: ...this statement, but the latter is misleadingly indented as if it were guarded by the 'else'
  fprintf(stdout,"."); fflush(stdout);
                       ^~~~~~
make[4]: Entering directory `/home/lucas.t/Cactus_tmp/configs/sim/scratch/build/OpenSSL/openssl-1.0.1k/test'
( :; LIBDEPS="${LIBDEPS:--L.. -lssl -L.. -lcrypto  -ldl}"; LDCMD="${LDCMD:-gcc}"; LDFLAGS="${LDFLAGS:--DOPENSSL_THREADS -D_REENTRANT -DDSO_DLFCN -DHAVE_DLFCN_H -Wa,--noexecstack -m64 -DL_ENDIAN -DTERMIO -O3 -Wall -DOPENSSL_IA32_SSE2 -DOPENSSL_BN_ASM_MONT -DOPENSSL_BN_ASM_MONT5 -DOPENSSL_BN_ASM_GF2m -DSHA1_ASM -DSHA256_ASM -DSHA512_ASM -DMD5_ASM -DAES_ASM -DVPAES_ASM -DBSAES_ASM -DWHIRLPOOL_ASM -DGHASH_ASM}"; LIBPATH=`for x in $LIBDEPS; do echo $x; done | sed -e 's/^ *-L//;t' -e d | uniq`; LIBPATH=`echo $LIBPATH | sed -e 's/ /:/g'`; LD_LIBRARY_PATH=$LIBPATH:$LD_LIBRARY_PATH ${LDCMD} ${LDFLAGS} -o ${APPNAME:=wp_test} wp_test.o ${LIBDEPS} )
make[4]: Leaving directory `/home/lucas.t/Cactus_tmp/configs/sim/scratch/build/OpenSSL/openssl-1.0.1k/test'
gcc -I.. -I../include  -DOPENSSL_THREADS -D_REENTRANT -DDSO_DLFCN -DHAVE_DLFCN_H -Wa,--noexecstack -m64 -DL_ENDIAN -DTERMIO -O3 -Wall -DOPENSSL_IA32_SSE2 -DOPENSSL_BN_ASM_MONT -DOPENSSL_BN_ASM_MONT5 -DOPENSSL_BN_ASM_GF2m -DSHA1_ASM -DSHA256_ASM -DSHA512_ASM -DMD5_ASM -DAES_ASM -DVPAES_ASM -DBSAES_ASM -DWHIRLPOOL_ASM -DGHASH_ASM  -O3  -Wall  -c -o rc2test.o rc2test.c
make[4]: Entering directory `/home/lucas.t/Cactus_tmp/configs/sim/scratch/build/OpenSSL/openssl-1.0.1k/test'
( :; LIBDEPS="${LIBDEPS:--L.. -lssl -L.. -lcrypto  -ldl}"; LDCMD="${LDCMD:-gcc}"; LDFLAGS="${LDFLAGS:--DOPENSSL_THREADS -D_REENTRANT -DDSO_DLFCN -DHAVE_DLFCN_H -Wa,--noexecstack -m64 -DL_ENDIAN -DTERMIO -O3 -Wall -DOPENSSL_IA32_SSE2 -DOPENSSL_BN_ASM_MONT -DOPENSSL_BN_ASM_MONT5 -DOPENSSL_BN_ASM_GF2m -DSHA1_ASM -DSHA256_ASM -DSHA512_ASM -DMD5_ASM -DAES_ASM -DVPAES_ASM -DBSAES_ASM -DWHIRLPOOL_ASM -DGHASH_ASM}"; LIBPATH=`for x in $LIBDEPS; do echo $x; done | sed -e 's/^ *-L//;t' -e d | uniq`; LIBPATH=`echo $LIBPATH | sed -e 's/ /:/g'`; LD_LIBRARY_PATH=$LIBPATH:$LD_LIBRARY_PATH ${LDCMD} ${LDFLAGS} -o ${APPNAME:=rc2test} rc2test.o ${LIBDEPS} )
make[4]: Leaving directory `/home/lucas.t/Cactus_tmp/configs/sim/scratch/build/OpenSSL/openssl-1.0.1k/test'
gcc -I.. -I../include  -DOPENSSL_THREADS -D_REENTRANT -DDSO_DLFCN -DHAVE_DLFCN_H -Wa,--noexecstack -m64 -DL_ENDIAN -DTERMIO -O3 -Wall -DOPENSSL_IA32_SSE2 -DOPENSSL_BN_ASM_MONT -DOPENSSL_BN_ASM_MONT5 -DOPENSSL_BN_ASM_GF2m -DSHA1_ASM -DSHA256_ASM -DSHA512_ASM -DMD5_ASM -DAES_ASM -DVPAES_ASM -DBSAES_ASM -DWHIRLPOOL_ASM -DGHASH_ASM  -O3  -Wall  -c -o rc4test.o rc4test.c
make[4]: Entering directory `/home/lucas.t/Cactus_tmp/configs/sim/scratch/build/OpenSSL/openssl-1.0.1k/test'
( :; LIBDEPS="${LIBDEPS:--L.. -lssl -L.. -lcrypto  -ldl}"; LDCMD="${LDCMD:-gcc}"; LDFLAGS="${LDFLAGS:--DOPENSSL_THREADS -D_REENTRANT -DDSO_DLFCN -DHAVE_DLFCN_H -Wa,--noexecstack -m64 -DL_ENDIAN -DTERMIO -O3 -Wall -DOPENSSL_IA32_SSE2 -DOPENSSL_BN_ASM_MONT -DOPENSSL_BN_ASM_MONT5 -DOPENSSL_BN_ASM_GF2m -DSHA1_ASM -DSHA256_ASM -DSHA512_ASM -DMD5_ASM -DAES_ASM -DVPAES_ASM -DBSAES_ASM -DWHIRLPOOL_ASM -DGHASH_ASM}"; LIBPATH=`for x in $LIBDEPS; do echo $x; done | sed -e 's/^ *-L//;t' -e d | uniq`; LIBPATH=`echo $LIBPATH | sed -e 's/ /:/g'`; LD_LIBRARY_PATH=$LIBPATH:$LD_LIBRARY_PATH ${LDCMD} ${LDFLAGS} -o ${APPNAME:=rc4test} rc4test.o ${LIBDEPS} )
make[4]: Leaving directory `/home/lucas.t/Cactus_tmp/configs/sim/scratch/build/OpenSSL/openssl-1.0.1k/test'
gcc -I.. -I../include  -DOPENSSL_THREADS -D_REENTRANT -DDSO_DLFCN -DHAVE_DLFCN_H -Wa,--noexecstack -m64 -DL_ENDIAN -DTERMIO -O3 -Wall -DOPENSSL_IA32_SSE2 -DOPENSSL_BN_ASM_MONT -DOPENSSL_BN_ASM_MONT5 -DOPENSSL_BN_ASM_GF2m -DSHA1_ASM -DSHA256_ASM -DSHA512_ASM -DMD5_ASM -DAES_ASM -DVPAES_ASM -DBSAES_ASM -DWHIRLPOOL_ASM -DGHASH_ASM  -O3  -Wall  -c -o rc5test.o rc5test.c
make[4]: Entering directory `/home/lucas.t/Cactus_tmp/configs/sim/scratch/build/OpenSSL/openssl-1.0.1k/test'
( :; LIBDEPS="${LIBDEPS:--L.. -lssl -L.. -lcrypto  -ldl}"; LDCMD="${LDCMD:-gcc}"; LDFLAGS="${LDFLAGS:--DOPENSSL_THREADS -D_REENTRANT -DDSO_DLFCN -DHAVE_DLFCN_H -Wa,--noexecstack -m64 -DL_ENDIAN -DTERMIO -O3 -Wall -DOPENSSL_IA32_SSE2 -DOPENSSL_BN_ASM_MONT -DOPENSSL_BN_ASM_MONT5 -DOPENSSL_BN_ASM_GF2m -DSHA1_ASM -DSHA256_ASM -DSHA512_ASM -DMD5_ASM -DAES_ASM -DVPAES_ASM -DBSAES_ASM -DWHIRLPOOL_ASM -DGHASH_ASM}"; LIBPATH=`for x in $LIBDEPS; do echo $x; done | sed -e 's/^ *-L//;t' -e d | uniq`; LIBPATH=`echo $LIBPATH | sed -e 's/ /:/g'`; LD_LIBRARY_PATH=$LIBPATH:$LD_LIBRARY_PATH ${LDCMD} ${LDFLAGS} -o ${APPNAME:=rc5test} rc5test.o ${LIBDEPS} )
make[4]: Leaving directory `/home/lucas.t/Cactus_tmp/configs/sim/scratch/build/OpenSSL/openssl-1.0.1k/test'
gcc -I.. -I../include  -DOPENSSL_THREADS -D_REENTRANT -DDSO_DLFCN -DHAVE_DLFCN_H -Wa,--noexecstack -m64 -DL_ENDIAN -DTERMIO -O3 -Wall -DOPENSSL_IA32_SSE2 -DOPENSSL_BN_ASM_MONT -DOPENSSL_BN_ASM_MONT5 -DOPENSSL_BN_ASM_GF2m -DSHA1_ASM -DSHA256_ASM -DSHA512_ASM -DMD5_ASM -DAES_ASM -DVPAES_ASM -DBSAES_ASM -DWHIRLPOOL_ASM -DGHASH_ASM  -O3  -Wall  -c -o destest.o destest.c
make[4]: Entering directory `/home/lucas.t/Cactus_tmp/configs/sim/scratch/build/OpenSSL/openssl-1.0.1k/test'
( :; LIBDEPS="${LIBDEPS:--L.. -lssl -L.. -lcrypto  -ldl}"; LDCMD="${LDCMD:-gcc}"; LDFLAGS="${LDFLAGS:--DOPENSSL_THREADS -D_REENTRANT -DDSO_DLFCN -DHAVE_DLFCN_H -Wa,--noexecstack -m64 -DL_ENDIAN -DTERMIO -O3 -Wall -DOPENSSL_IA32_SSE2 -DOPENSSL_BN_ASM_MONT -DOPENSSL_BN_ASM_MONT5 -DOPENSSL_BN_ASM_GF2m -DSHA1_ASM -DSHA256_ASM -DSHA512_ASM -DMD5_ASM -DAES_ASM -DVPAES_ASM -DBSAES_ASM -DWHIRLPOOL_ASM -DGHASH_ASM}"; LIBPATH=`for x in $LIBDEPS; do echo $x; done | sed -e 's/^ *-L//;t' -e d | uniq`; LIBPATH=`echo $LIBPATH | sed -e 's/ /:/g'`; LD_LIBRARY_PATH=$LIBPATH:$LD_LIBRARY_PATH ${LDCMD} ${LDFLAGS} -o ${APPNAME:=destest} destest.o ${LIBDEPS} )
make[4]: Leaving directory `/home/lucas.t/Cactus_tmp/configs/sim/scratch/build/OpenSSL/openssl-1.0.1k/test'
gcc -I.. -I../include  -DOPENSSL_THREADS -D_REENTRANT -DDSO_DLFCN -DHAVE_DLFCN_H -Wa,--noexecstack -m64 -DL_ENDIAN -DTERMIO -O3 -Wall -DOPENSSL_IA32_SSE2 -DOPENSSL_BN_ASM_MONT -DOPENSSL_BN_ASM_MONT5 -DOPENSSL_BN_ASM_GF2m -DSHA1_ASM -DSHA256_ASM -DSHA512_ASM -DMD5_ASM -DAES_ASM -DVPAES_ASM -DBSAES_ASM -DWHIRLPOOL_ASM -DGHASH_ASM  -O3  -Wall  -c -o shatest.o shatest.c
make[4]: Entering directory `/home/lucas.t/Cactus_tmp/configs/sim/scratch/build/OpenSSL/openssl-1.0.1k/test'
( :; LIBDEPS="${LIBDEPS:--L.. -lssl -L.. -lcrypto  -ldl}"; LDCMD="${LDCMD:-gcc}"; LDFLAGS="${LDFLAGS:--DOPENSSL_THREADS -D_REENTRANT -DDSO_DLFCN -DHAVE_DLFCN_H -Wa,--noexecstack -m64 -DL_ENDIAN -DTERMIO -O3 -Wall -DOPENSSL_IA32_SSE2 -DOPENSSL_BN_ASM_MONT -DOPENSSL_BN_ASM_MONT5 -DOPENSSL_BN_ASM_GF2m -DSHA1_ASM -DSHA256_ASM -DSHA512_ASM -DMD5_ASM -DAES_ASM -DVPAES_ASM -DBSAES_ASM -DWHIRLPOOL_ASM -DGHASH_ASM}"; LIBPATH=`for x in $LIBDEPS; do echo $x; done | sed -e 's/^ *-L//;t' -e d | uniq`; LIBPATH=`echo $LIBPATH | sed -e 's/ /:/g'`; LD_LIBRARY_PATH=$LIBPATH:$LD_LIBRARY_PATH ${LDCMD} ${LDFLAGS} -o ${APPNAME:=shatest} shatest.o ${LIBDEPS} )
make[4]: Leaving directory `/home/lucas.t/Cactus_tmp/configs/sim/scratch/build/OpenSSL/openssl-1.0.1k/test'
gcc -I.. -I../include  -DOPENSSL_THREADS -D_REENTRANT -DDSO_DLFCN -DHAVE_DLFCN_H -Wa,--noexecstack -m64 -DL_ENDIAN -DTERMIO -O3 -Wall -DOPENSSL_IA32_SSE2 -DOPENSSL_BN_ASM_MONT -DOPENSSL_BN_ASM_MONT5 -DOPENSSL_BN_ASM_GF2m -DSHA1_ASM -DSHA256_ASM -DSHA512_ASM -DMD5_ASM -DAES_ASM -DVPAES_ASM -DBSAES_ASM -DWHIRLPOOL_ASM -DGHASH_ASM  -O3  -Wall  -c -o sha1test.o sha1test.c
make[4]: Entering directory `/home/lucas.t/Cactus_tmp/configs/sim/scratch/build/OpenSSL/openssl-1.0.1k/test'
( :; LIBDEPS="${LIBDEPS:--L.. -lssl -L.. -lcrypto  -ldl}"; LDCMD="${LDCMD:-gcc}"; LDFLAGS="${LDFLAGS:--DOPENSSL_THREADS -D_REENTRANT -DDSO_DLFCN -DHAVE_DLFCN_H -Wa,--noexecstack -m64 -DL_ENDIAN -DTERMIO -O3 -Wall -DOPENSSL_IA32_SSE2 -DOPENSSL_BN_ASM_MONT -DOPENSSL_BN_ASM_MONT5 -DOPENSSL_BN_ASM_GF2m -DSHA1_ASM -DSHA256_ASM -DSHA512_ASM -DMD5_ASM -DAES_ASM -DVPAES_ASM -DBSAES_ASM -DWHIRLPOOL_ASM -DGHASH_ASM}"; LIBPATH=`for x in $LIBDEPS; do echo $x; done | sed -e 's/^ *-L//;t' -e d | uniq`; LIBPATH=`echo $LIBPATH | sed -e 's/ /:/g'`; LD_LIBRARY_PATH=$LIBPATH:$LD_LIBRARY_PATH ${LDCMD} ${LDFLAGS} -o ${APPNAME:=sha1test} sha1test.o ${LIBDEPS} )
make[4]: Leaving directory `/home/lucas.t/Cactus_tmp/configs/sim/scratch/build/OpenSSL/openssl-1.0.1k/test'
gcc -I.. -I../include  -DOPENSSL_THREADS -D_REENTRANT -DDSO_DLFCN -DHAVE_DLFCN_H -Wa,--noexecstack -m64 -DL_ENDIAN -DTERMIO -O3 -Wall -DOPENSSL_IA32_SSE2 -DOPENSSL_BN_ASM_MONT -DOPENSSL_BN_ASM_MONT5 -DOPENSSL_BN_ASM_GF2m -DSHA1_ASM -DSHA256_ASM -DSHA512_ASM -DMD5_ASM -DAES_ASM -DVPAES_ASM -DBSAES_ASM -DWHIRLPOOL_ASM -DGHASH_ASM  -O3  -Wall  -c -o sha256t.o sha256t.c
sha256t.c: In function 'main':
sha256t.c:70:5: warning: this 'else' clause does not guard... [-Wmisleading-indentation]
     else
     ^~~~
sha256t.c:71:23: note: ...this statement, but the latter is misleadingly indented as if it were guarded by the 'else'
  fprintf(stdout,"."); fflush(stdout);
                       ^~~~~~
sha256t.c:80:5: warning: this 'else' clause does not guard... [-Wmisleading-indentation]
     else
     ^~~~
sha256t.c:81:23: note: ...this statement, but the latter is misleadingly indented as if it were guarded by the 'else'
  fprintf(stdout,"."); fflush(stdout);
                       ^~~~~~
sha256t.c:100:5: warning: this 'else' clause does not guard... [-Wmisleading-indentation]
     else
     ^~~~
sha256t.c:101:23: note: ...this statement, but the latter is misleadingly indented as if it were guarded by the 'else'
  fprintf(stdout,"."); fflush(stdout);
                       ^~~~~~
sha256t.c:113:5: warning: this 'else' clause does not guard... [-Wmisleading-indentation]
     else
     ^~~~
sha256t.c:114:23: note: ...this statement, but the latter is misleadingly indented as if it were guarded by the 'else'
  fprintf(stdout,"."); fflush(stdout);
                       ^~~~~~
sha256t.c:123:5: warning: this 'else' clause does not guard... [-Wmisleading-indentation]
     else
     ^~~~
sha256t.c:124:23: note: ...this statement, but the latter is misleadingly indented as if it were guarded by the 'else'
  fprintf(stdout,"."); fflush(stdout);
                       ^~~~~~
sha256t.c:140:5: warning: this 'else' clause does not guard... [-Wmisleading-indentation]
     else
     ^~~~
sha256t.c:141:23: note: ...this statement, but the latter is misleadingly indented as if it were guarded by the 'else'
  fprintf(stdout,"."); fflush(stdout);
                       ^~~~~~
make[4]: Entering directory `/home/lucas.t/Cactus_tmp/configs/sim/scratch/build/OpenSSL/openssl-1.0.1k/test'
( :; LIBDEPS="${LIBDEPS:--L.. -lssl -L.. -lcrypto  -ldl}"; LDCMD="${LDCMD:-gcc}"; LDFLAGS="${LDFLAGS:--DOPENSSL_THREADS -D_REENTRANT -DDSO_DLFCN -DHAVE_DLFCN_H -Wa,--noexecstack -m64 -DL_ENDIAN -DTERMIO -O3 -Wall -DOPENSSL_IA32_SSE2 -DOPENSSL_BN_ASM_MONT -DOPENSSL_BN_ASM_MONT5 -DOPENSSL_BN_ASM_GF2m -DSHA1_ASM -DSHA256_ASM -DSHA512_ASM -DMD5_ASM -DAES_ASM -DVPAES_ASM -DBSAES_ASM -DWHIRLPOOL_ASM -DGHASH_ASM}"; LIBPATH=`for x in $LIBDEPS; do echo $x; done | sed -e 's/^ *-L//;t' -e d | uniq`; LIBPATH=`echo $LIBPATH | sed -e 's/ /:/g'`; LD_LIBRARY_PATH=$LIBPATH:$LD_LIBRARY_PATH ${LDCMD} ${LDFLAGS} -o ${APPNAME:=sha256t} sha256t.o ${LIBDEPS} )
make[4]: Leaving directory `/home/lucas.t/Cactus_tmp/configs/sim/scratch/build/OpenSSL/openssl-1.0.1k/test'
gcc -I.. -I../include  -DOPENSSL_THREADS -D_REENTRANT -DDSO_DLFCN -DHAVE_DLFCN_H -Wa,--noexecstack -m64 -DL_ENDIAN -DTERMIO -O3 -Wall -DOPENSSL_IA32_SSE2 -DOPENSSL_BN_ASM_MONT -DOPENSSL_BN_ASM_MONT5 -DOPENSSL_BN_ASM_GF2m -DSHA1_ASM -DSHA256_ASM -DSHA512_ASM -DMD5_ASM -DAES_ASM -DVPAES_ASM -DBSAES_ASM -DWHIRLPOOL_ASM -DGHASH_ASM  -O3  -Wall  -c -o sha512t.o sha512t.c
sha512t.c: In function 'main':
sha512t.c:99:5: warning: this 'else' clause does not guard... [-Wmisleading-indentation]
     else
     ^~~~
sha512t.c:100:23: note: ...this statement, but the latter is misleadingly indented as if it were guarded by the 'else'
  fprintf(stdout,"."); fflush(stdout);
                       ^~~~~~
sha512t.c:111:5: warning: this 'else' clause does not guard... [-Wmisleading-indentation]
     else
     ^~~~
sha512t.c:112:23: note: ...this statement, but the latter is misleadingly indented as if it were guarded by the 'else'
  fprintf(stdout,"."); fflush(stdout);
                       ^~~~~~
sha512t.c:135:5: warning: this 'else' clause does not guard... [-Wmisleading-indentation]
     else
     ^~~~
sha512t.c:136:23: note: ...this statement, but the latter is misleadingly indented as if it were guarded by the 'else'
  fprintf(stdout,"."); fflush(stdout);
                       ^~~~~~
sha512t.c:148:5: warning: this 'else' clause does not guard... [-Wmisleading-indentation]
     else
     ^~~~
sha512t.c:149:23: note: ...this statement, but the latter is misleadingly indented as if it were guarded by the 'else'
  fprintf(stdout,"."); fflush(stdout);
                       ^~~~~~
sha512t.c:160:5: warning: this 'else' clause does not guard... [-Wmisleading-indentation]
     else
     ^~~~
sha512t.c:161:23: note: ...this statement, but the latter is misleadingly indented as if it were guarded by the 'else'
  fprintf(stdout,"."); fflush(stdout);
                       ^~~~~~
sha512t.c:177:5: warning: this 'else' clause does not guard... [-Wmisleading-indentation]
     else
     ^~~~
sha512t.c:178:23: note: ...this statement, but the latter is misleadingly indented as if it were guarded by the 'else'
  fprintf(stdout,"."); fflush(stdout);
                       ^~~~~~
make[4]: Entering directory `/home/lucas.t/Cactus_tmp/configs/sim/scratch/build/OpenSSL/openssl-1.0.1k/test'
( :; LIBDEPS="${LIBDEPS:--L.. -lssl -L.. -lcrypto  -ldl}"; LDCMD="${LDCMD:-gcc}"; LDFLAGS="${LDFLAGS:--DOPENSSL_THREADS -D_REENTRANT -DDSO_DLFCN -DHAVE_DLFCN_H -Wa,--noexecstack -m64 -DL_ENDIAN -DTERMIO -O3 -Wall -DOPENSSL_IA32_SSE2 -DOPENSSL_BN_ASM_MONT -DOPENSSL_BN_ASM_MONT5 -DOPENSSL_BN_ASM_GF2m -DSHA1_ASM -DSHA256_ASM -DSHA512_ASM -DMD5_ASM -DAES_ASM -DVPAES_ASM -DBSAES_ASM -DWHIRLPOOL_ASM -DGHASH_ASM}"; LIBPATH=`for x in $LIBDEPS; do echo $x; done | sed -e 's/^ *-L//;t' -e d | uniq`; LIBPATH=`echo $LIBPATH | sed -e 's/ /:/g'`; LD_LIBRARY_PATH=$LIBPATH:$LD_LIBRARY_PATH ${LDCMD} ${LDFLAGS} -o ${APPNAME:=sha512t} sha512t.o ${LIBDEPS} )
make[4]: Leaving directory `/home/lucas.t/Cactus_tmp/configs/sim/scratch/build/OpenSSL/openssl-1.0.1k/test'
gcc -I.. -I../include  -DOPENSSL_THREADS -D_REENTRANT -DDSO_DLFCN -DHAVE_DLFCN_H -Wa,--noexecstack -m64 -DL_ENDIAN -DTERMIO -O3 -Wall -DOPENSSL_IA32_SSE2 -DOPENSSL_BN_ASM_MONT -DOPENSSL_BN_ASM_MONT5 -DOPENSSL_BN_ASM_GF2m -DSHA1_ASM -DSHA256_ASM -DSHA512_ASM -DMD5_ASM -DAES_ASM -DVPAES_ASM -DBSAES_ASM -DWHIRLPOOL_ASM -DGHASH_ASM  -O3  -Wall  -c -o mdc2test.o mdc2test.c
make[4]: Entering directory `/home/lucas.t/Cactus_tmp/configs/sim/scratch/build/OpenSSL/openssl-1.0.1k/test'
( :; LIBDEPS="${LIBDEPS:--L.. -lssl -L.. -lcrypto  -ldl}"; LDCMD="${LDCMD:-gcc}"; LDFLAGS="${LDFLAGS:--DOPENSSL_THREADS -D_REENTRANT -DDSO_DLFCN -DHAVE_DLFCN_H -Wa,--noexecstack -m64 -DL_ENDIAN -DTERMIO -O3 -Wall -DOPENSSL_IA32_SSE2 -DOPENSSL_BN_ASM_MONT -DOPENSSL_BN_ASM_MONT5 -DOPENSSL_BN_ASM_GF2m -DSHA1_ASM -DSHA256_ASM -DSHA512_ASM -DMD5_ASM -DAES_ASM -DVPAES_ASM -DBSAES_ASM -DWHIRLPOOL_ASM -DGHASH_ASM}"; LIBPATH=`for x in $LIBDEPS; do echo $x; done | sed -e 's/^ *-L//;t' -e d | uniq`; LIBPATH=`echo $LIBPATH | sed -e 's/ /:/g'`; LD_LIBRARY_PATH=$LIBPATH:$LD_LIBRARY_PATH ${LDCMD} ${LDFLAGS} -o ${APPNAME:=mdc2test} mdc2test.o ${LIBDEPS} )
make[4]: Leaving directory `/home/lucas.t/Cactus_tmp/configs/sim/scratch/build/OpenSSL/openssl-1.0.1k/test'
gcc -I.. -I../include  -DOPENSSL_THREADS -D_REENTRANT -DDSO_DLFCN -DHAVE_DLFCN_H -Wa,--noexecstack -m64 -DL_ENDIAN -DTERMIO -O3 -Wall -DOPENSSL_IA32_SSE2 -DOPENSSL_BN_ASM_MONT -DOPENSSL_BN_ASM_MONT5 -DOPENSSL_BN_ASM_GF2m -DSHA1_ASM -DSHA256_ASM -DSHA512_ASM -DMD5_ASM -DAES_ASM -DVPAES_ASM -DBSAES_ASM -DWHIRLPOOL_ASM -DGHASH_ASM  -O3  -Wall  -c -o rmdtest.o rmdtest.c
make[4]: Entering directory `/home/lucas.t/Cactus_tmp/configs/sim/scratch/build/OpenSSL/openssl-1.0.1k/test'
( :; LIBDEPS="${LIBDEPS:--L.. -lssl -L.. -lcrypto  -ldl}"; LDCMD="${LDCMD:-gcc}"; LDFLAGS="${LDFLAGS:--DOPENSSL_THREADS -D_REENTRANT -DDSO_DLFCN -DHAVE_DLFCN_H -Wa,--noexecstack -m64 -DL_ENDIAN -DTERMIO -O3 -Wall -DOPENSSL_IA32_SSE2 -DOPENSSL_BN_ASM_MONT -DOPENSSL_BN_ASM_MONT5 -DOPENSSL_BN_ASM_GF2m -DSHA1_ASM -DSHA256_ASM -DSHA512_ASM -DMD5_ASM -DAES_ASM -DVPAES_ASM -DBSAES_ASM -DWHIRLPOOL_ASM -DGHASH_ASM}"; LIBPATH=`for x in $LIBDEPS; do echo $x; done | sed -e 's/^ *-L//;t' -e d | uniq`; LIBPATH=`echo $LIBPATH | sed -e 's/ /:/g'`; LD_LIBRARY_PATH=$LIBPATH:$LD_LIBRARY_PATH ${LDCMD} ${LDFLAGS} -o ${APPNAME:=rmdtest} rmdtest.o ${LIBDEPS} )
make[4]: Leaving directory `/home/lucas.t/Cactus_tmp/configs/sim/scratch/build/OpenSSL/openssl-1.0.1k/test'
gcc -I.. -I../include  -DOPENSSL_THREADS -D_REENTRANT -DDSO_DLFCN -DHAVE_DLFCN_H -Wa,--noexecstack -m64 -DL_ENDIAN -DTERMIO -O3 -Wall -DOPENSSL_IA32_SSE2 -DOPENSSL_BN_ASM_MONT -DOPENSSL_BN_ASM_MONT5 -DOPENSSL_BN_ASM_GF2m -DSHA1_ASM -DSHA256_ASM -DSHA512_ASM -DMD5_ASM -DAES_ASM -DVPAES_ASM -DBSAES_ASM -DWHIRLPOOL_ASM -DGHASH_ASM  -O3  -Wall  -c -o randtest.o randtest.c
make[4]: Entering directory `/home/lucas.t/Cactus_tmp/configs/sim/scratch/build/OpenSSL/openssl-1.0.1k/test'
( :; LIBDEPS="${LIBDEPS:--L.. -lssl -L.. -lcrypto  -ldl}"; LDCMD="${LDCMD:-gcc}"; LDFLAGS="${LDFLAGS:--DOPENSSL_THREADS -D_REENTRANT -DDSO_DLFCN -DHAVE_DLFCN_H -Wa,--noexecstack -m64 -DL_ENDIAN -DTERMIO -O3 -Wall -DOPENSSL_IA32_SSE2 -DOPENSSL_BN_ASM_MONT -DOPENSSL_BN_ASM_MONT5 -DOPENSSL_BN_ASM_GF2m -DSHA1_ASM -DSHA256_ASM -DSHA512_ASM -DMD5_ASM -DAES_ASM -DVPAES_ASM -DBSAES_ASM -DWHIRLPOOL_ASM -DGHASH_ASM}"; LIBPATH=`for x in $LIBDEPS; do echo $x; done | sed -e 's/^ *-L//;t' -e d | uniq`; LIBPATH=`echo $LIBPATH | sed -e 's/ /:/g'`; LD_LIBRARY_PATH=$LIBPATH:$LD_LIBRARY_PATH ${LDCMD} ${LDFLAGS} -o ${APPNAME:=randtest} randtest.o ${LIBDEPS} )
make[4]: Leaving directory `/home/lucas.t/Cactus_tmp/configs/sim/scratch/build/OpenSSL/openssl-1.0.1k/test'
gcc -I.. -I../include  -DOPENSSL_THREADS -D_REENTRANT -DDSO_DLFCN -DHAVE_DLFCN_H -Wa,--noexecstack -m64 -DL_ENDIAN -DTERMIO -O3 -Wall -DOPENSSL_IA32_SSE2 -DOPENSSL_BN_ASM_MONT -DOPENSSL_BN_ASM_MONT5 -DOPENSSL_BN_ASM_GF2m -DSHA1_ASM -DSHA256_ASM -DSHA512_ASM -DMD5_ASM -DAES_ASM -DVPAES_ASM -DBSAES_ASM -DWHIRLPOOL_ASM -DGHASH_ASM  -O3  -Wall  -c -o dhtest.o dhtest.c
make[4]: Entering directory `/home/lucas.t/Cactus_tmp/configs/sim/scratch/build/OpenSSL/openssl-1.0.1k/test'
( :; LIBDEPS="${LIBDEPS:--L.. -lssl -L.. -lcrypto  -ldl}"; LDCMD="${LDCMD:-gcc}"; LDFLAGS="${LDFLAGS:--DOPENSSL_THREADS -D_REENTRANT -DDSO_DLFCN -DHAVE_DLFCN_H -Wa,--noexecstack -m64 -DL_ENDIAN -DTERMIO -O3 -Wall -DOPENSSL_IA32_SSE2 -DOPENSSL_BN_ASM_MONT -DOPENSSL_BN_ASM_MONT5 -DOPENSSL_BN_ASM_GF2m -DSHA1_ASM -DSHA256_ASM -DSHA512_ASM -DMD5_ASM -DAES_ASM -DVPAES_ASM -DBSAES_ASM -DWHIRLPOOL_ASM -DGHASH_ASM}"; LIBPATH=`for x in $LIBDEPS; do echo $x; done | sed -e 's/^ *-L//;t' -e d | uniq`; LIBPATH=`echo $LIBPATH | sed -e 's/ /:/g'`; LD_LIBRARY_PATH=$LIBPATH:$LD_LIBRARY_PATH ${LDCMD} ${LDFLAGS} -o ${APPNAME:=dhtest} dhtest.o ${LIBDEPS} )
make[4]: Leaving directory `/home/lucas.t/Cactus_tmp/configs/sim/scratch/build/OpenSSL/openssl-1.0.1k/test'
gcc -I.. -I../include  -DOPENSSL_THREADS -D_REENTRANT -DDSO_DLFCN -DHAVE_DLFCN_H -Wa,--noexecstack -m64 -DL_ENDIAN -DTERMIO -O3 -Wall -DOPENSSL_IA32_SSE2 -DOPENSSL_BN_ASM_MONT -DOPENSSL_BN_ASM_MONT5 -DOPENSSL_BN_ASM_GF2m -DSHA1_ASM -DSHA256_ASM -DSHA512_ASM -DMD5_ASM -DAES_ASM -DVPAES_ASM -DBSAES_ASM -DWHIRLPOOL_ASM -DGHASH_ASM  -O3  -Wall  -c -o enginetest.o enginetest.c
enginetest.c: In function 'main':
enginetest.c:244:3: warning: this 'else' clause does not guard... [-Wmisleading-indentation]
   else
   ^~~~
enginetest.c:245:17: note: ...this statement, but the latter is misleadingly indented as if it were guarded by the 'else'
    printf("."); fflush(stdout);
                 ^~~~~~
make[4]: Entering directory `/home/lucas.t/Cactus_tmp/configs/sim/scratch/build/OpenSSL/openssl-1.0.1k/test'
( :; LIBDEPS="${LIBDEPS:--L.. -lssl -L.. -lcrypto  -ldl}"; LDCMD="${LDCMD:-gcc}"; LDFLAGS="${LDFLAGS:--DOPENSSL_THREADS -D_REENTRANT -DDSO_DLFCN -DHAVE_DLFCN_H -Wa,--noexecstack -m64 -DL_ENDIAN -DTERMIO -O3 -Wall -DOPENSSL_IA32_SSE2 -DOPENSSL_BN_ASM_MONT -DOPENSSL_BN_ASM_MONT5 -DOPENSSL_BN_ASM_GF2m -DSHA1_ASM -DSHA256_ASM -DSHA512_ASM -DMD5_ASM -DAES_ASM -DVPAES_ASM -DBSAES_ASM -DWHIRLPOOL_ASM -DGHASH_ASM}"; LIBPATH=`for x in $LIBDEPS; do echo $x; done | sed -e 's/^ *-L//;t' -e d | uniq`; LIBPATH=`echo $LIBPATH | sed -e 's/ /:/g'`; LD_LIBRARY_PATH=$LIBPATH:$LD_LIBRARY_PATH ${LDCMD} ${LDFLAGS} -o ${APPNAME:=enginetest} enginetest.o ${LIBDEPS} )
make[4]: Leaving directory `/home/lucas.t/Cactus_tmp/configs/sim/scratch/build/OpenSSL/openssl-1.0.1k/test'
gcc -I.. -I../include  -DOPENSSL_THREADS -D_REENTRANT -DDSO_DLFCN -DHAVE_DLFCN_H -Wa,--noexecstack -m64 -DL_ENDIAN -DTERMIO -O3 -Wall -DOPENSSL_IA32_SSE2 -DOPENSSL_BN_ASM_MONT -DOPENSSL_BN_ASM_MONT5 -DOPENSSL_BN_ASM_GF2m -DSHA1_ASM -DSHA256_ASM -DSHA512_ASM -DMD5_ASM -DAES_ASM -DVPAES_ASM -DBSAES_ASM -DWHIRLPOOL_ASM -DGHASH_ASM  -O3  -Wall  -c -o bftest.o bftest.c
make[4]: Entering directory `/home/lucas.t/Cactus_tmp/configs/sim/scratch/build/OpenSSL/openssl-1.0.1k/test'
( :; LIBDEPS="${LIBDEPS:--L.. -lssl -L.. -lcrypto  -ldl}"; LDCMD="${LDCMD:-gcc}"; LDFLAGS="${LDFLAGS:--DOPENSSL_THREADS -D_REENTRANT -DDSO_DLFCN -DHAVE_DLFCN_H -Wa,--noexecstack -m64 -DL_ENDIAN -DTERMIO -O3 -Wall -DOPENSSL_IA32_SSE2 -DOPENSSL_BN_ASM_MONT -DOPENSSL_BN_ASM_MONT5 -DOPENSSL_BN_ASM_GF2m -DSHA1_ASM -DSHA256_ASM -DSHA512_ASM -DMD5_ASM -DAES_ASM -DVPAES_ASM -DBSAES_ASM -DWHIRLPOOL_ASM -DGHASH_ASM}"; LIBPATH=`for x in $LIBDEPS; do echo $x; done | sed -e 's/^ *-L//;t' -e d | uniq`; LIBPATH=`echo $LIBPATH | sed -e 's/ /:/g'`; LD_LIBRARY_PATH=$LIBPATH:$LD_LIBRARY_PATH ${LDCMD} ${LDFLAGS} -o ${APPNAME:=bftest} bftest.o ${LIBDEPS} )
make[4]: Leaving directory `/home/lucas.t/Cactus_tmp/configs/sim/scratch/build/OpenSSL/openssl-1.0.1k/test'
gcc -I.. -I../include  -DOPENSSL_THREADS -D_REENTRANT -DDSO_DLFCN -DHAVE_DLFCN_H -Wa,--noexecstack -m64 -DL_ENDIAN -DTERMIO -O3 -Wall -DOPENSSL_IA32_SSE2 -DOPENSSL_BN_ASM_MONT -DOPENSSL_BN_ASM_MONT5 -DOPENSSL_BN_ASM_GF2m -DSHA1_ASM -DSHA256_ASM -DSHA512_ASM -DMD5_ASM -DAES_ASM -DVPAES_ASM -DBSAES_ASM -DWHIRLPOOL_ASM -DGHASH_ASM  -O3  -Wall  -c -o casttest.o casttest.c
make[4]: Entering directory `/home/lucas.t/Cactus_tmp/configs/sim/scratch/build/OpenSSL/openssl-1.0.1k/test'
( :; LIBDEPS="${LIBDEPS:--L.. -lssl -L.. -lcrypto  -ldl}"; LDCMD="${LDCMD:-gcc}"; LDFLAGS="${LDFLAGS:--DOPENSSL_THREADS -D_REENTRANT -DDSO_DLFCN -DHAVE_DLFCN_H -Wa,--noexecstack -m64 -DL_ENDIAN -DTERMIO -O3 -Wall -DOPENSSL_IA32_SSE2 -DOPENSSL_BN_ASM_MONT -DOPENSSL_BN_ASM_MONT5 -DOPENSSL_BN_ASM_GF2m -DSHA1_ASM -DSHA256_ASM -DSHA512_ASM -DMD5_ASM -DAES_ASM -DVPAES_ASM -DBSAES_ASM -DWHIRLPOOL_ASM -DGHASH_ASM}"; LIBPATH=`for x in $LIBDEPS; do echo $x; done | sed -e 's/^ *-L//;t' -e d | uniq`; LIBPATH=`echo $LIBPATH | sed -e 's/ /:/g'`; LD_LIBRARY_PATH=$LIBPATH:$LD_LIBRARY_PATH ${LDCMD} ${LDFLAGS} -o ${APPNAME:=casttest} casttest.o ${LIBDEPS} )
make[4]: Leaving directory `/home/lucas.t/Cactus_tmp/configs/sim/scratch/build/OpenSSL/openssl-1.0.1k/test'
gcc -I.. -I../include  -DOPENSSL_THREADS -D_REENTRANT -DDSO_DLFCN -DHAVE_DLFCN_H -Wa,--noexecstack -m64 -DL_ENDIAN -DTERMIO -O3 -Wall -DOPENSSL_IA32_SSE2 -DOPENSSL_BN_ASM_MONT -DOPENSSL_BN_ASM_MONT5 -DOPENSSL_BN_ASM_GF2m -DSHA1_ASM -DSHA256_ASM -DSHA512_ASM -DMD5_ASM -DAES_ASM -DVPAES_ASM -DBSAES_ASM -DWHIRLPOOL_ASM -DGHASH_ASM  -O3  -Wall  -c -o ssltest.o ssltest.c
make[4]: Entering directory `/home/lucas.t/Cactus_tmp/configs/sim/scratch/build/OpenSSL/openssl-1.0.1k/test'
( :; LIBDEPS="${LIBDEPS:--L.. -lssl -L.. -lcrypto  -ldl}"; LDCMD="${LDCMD:-gcc}"; LDFLAGS="${LDFLAGS:--DOPENSSL_THREADS -D_REENTRANT -DDSO_DLFCN -DHAVE_DLFCN_H -Wa,--noexecstack -m64 -DL_ENDIAN -DTERMIO -O3 -Wall -DOPENSSL_IA32_SSE2 -DOPENSSL_BN_ASM_MONT -DOPENSSL_BN_ASM_MONT5 -DOPENSSL_BN_ASM_GF2m -DSHA1_ASM -DSHA256_ASM -DSHA512_ASM -DMD5_ASM -DAES_ASM -DVPAES_ASM -DBSAES_ASM -DWHIRLPOOL_ASM -DGHASH_ASM}"; LIBPATH=`for x in $LIBDEPS; do echo $x; done | sed -e 's/^ *-L//;t' -e d | uniq`; LIBPATH=`echo $LIBPATH | sed -e 's/ /:/g'`; LD_LIBRARY_PATH=$LIBPATH:$LD_LIBRARY_PATH ${LDCMD} ${LDFLAGS} -o ${APPNAME:=ssltest} ssltest.o ${LIBDEPS} )
make[4]: Leaving directory `/home/lucas.t/Cactus_tmp/configs/sim/scratch/build/OpenSSL/openssl-1.0.1k/test'
gcc -I.. -I../include  -DOPENSSL_THREADS -D_REENTRANT -DDSO_DLFCN -DHAVE_DLFCN_H -Wa,--noexecstack -m64 -DL_ENDIAN -DTERMIO -O3 -Wall -DOPENSSL_IA32_SSE2 -DOPENSSL_BN_ASM_MONT -DOPENSSL_BN_ASM_MONT5 -DOPENSSL_BN_ASM_GF2m -DSHA1_ASM -DSHA256_ASM -DSHA512_ASM -DMD5_ASM -DAES_ASM -DVPAES_ASM -DBSAES_ASM -DWHIRLPOOL_ASM -DGHASH_ASM  -O3  -Wall  -c -o exptest.o exptest.c
make[4]: Entering directory `/home/lucas.t/Cactus_tmp/configs/sim/scratch/build/OpenSSL/openssl-1.0.1k/test'
( :; LIBDEPS="${LIBDEPS:--L.. -lssl -L.. -lcrypto  -ldl}"; LDCMD="${LDCMD:-gcc}"; LDFLAGS="${LDFLAGS:--DOPENSSL_THREADS -D_REENTRANT -DDSO_DLFCN -DHAVE_DLFCN_H -Wa,--noexecstack -m64 -DL_ENDIAN -DTERMIO -O3 -Wall -DOPENSSL_IA32_SSE2 -DOPENSSL_BN_ASM_MONT -DOPENSSL_BN_ASM_MONT5 -DOPENSSL_BN_ASM_GF2m -DSHA1_ASM -DSHA256_ASM -DSHA512_ASM -DMD5_ASM -DAES_ASM -DVPAES_ASM -DBSAES_ASM -DWHIRLPOOL_ASM -DGHASH_ASM}"; LIBPATH=`for x in $LIBDEPS; do echo $x; done | sed -e 's/^ *-L//;t' -e d | uniq`; LIBPATH=`echo $LIBPATH | sed -e 's/ /:/g'`; LD_LIBRARY_PATH=$LIBPATH:$LD_LIBRARY_PATH ${LDCMD} ${LDFLAGS} -o ${APPNAME:=exptest} exptest.o ${LIBDEPS} )
make[4]: Leaving directory `/home/lucas.t/Cactus_tmp/configs/sim/scratch/build/OpenSSL/openssl-1.0.1k/test'
gcc -I.. -I../include  -DOPENSSL_THREADS -D_REENTRANT -DDSO_DLFCN -DHAVE_DLFCN_H -Wa,--noexecstack -m64 -DL_ENDIAN -DTERMIO -O3 -Wall -DOPENSSL_IA32_SSE2 -DOPENSSL_BN_ASM_MONT -DOPENSSL_BN_ASM_MONT5 -DOPENSSL_BN_ASM_GF2m -DSHA1_ASM -DSHA256_ASM -DSHA512_ASM -DMD5_ASM -DAES_ASM -DVPAES_ASM -DBSAES_ASM -DWHIRLPOOL_ASM -DGHASH_ASM  -O3  -Wall  -c -o dsatest.o dsatest.c
make[4]: Entering directory `/home/lucas.t/Cactus_tmp/configs/sim/scratch/build/OpenSSL/openssl-1.0.1k/test'
( :; LIBDEPS="${LIBDEPS:--L.. -lssl -L.. -lcrypto  -ldl}"; LDCMD="${LDCMD:-gcc}"; LDFLAGS="${LDFLAGS:--DOPENSSL_THREADS -D_REENTRANT -DDSO_DLFCN -DHAVE_DLFCN_H -Wa,--noexecstack -m64 -DL_ENDIAN -DTERMIO -O3 -Wall -DOPENSSL_IA32_SSE2 -DOPENSSL_BN_ASM_MONT -DOPENSSL_BN_ASM_MONT5 -DOPENSSL_BN_ASM_GF2m -DSHA1_ASM -DSHA256_ASM -DSHA512_ASM -DMD5_ASM -DAES_ASM -DVPAES_ASM -DBSAES_ASM -DWHIRLPOOL_ASM -DGHASH_ASM}"; LIBPATH=`for x in $LIBDEPS; do echo $x; done | sed -e 's/^ *-L//;t' -e d | uniq`; LIBPATH=`echo $LIBPATH | sed -e 's/ /:/g'`; LD_LIBRARY_PATH=$LIBPATH:$LD_LIBRARY_PATH ${LDCMD} ${LDFLAGS} -o ${APPNAME:=dsatest} dsatest.o ${LIBDEPS} )
make[4]: Leaving directory `/home/lucas.t/Cactus_tmp/configs/sim/scratch/build/OpenSSL/openssl-1.0.1k/test'
gcc -I.. -I../include  -DOPENSSL_THREADS -D_REENTRANT -DDSO_DLFCN -DHAVE_DLFCN_H -Wa,--noexecstack -m64 -DL_ENDIAN -DTERMIO -O3 -Wall -DOPENSSL_IA32_SSE2 -DOPENSSL_BN_ASM_MONT -DOPENSSL_BN_ASM_MONT5 -DOPENSSL_BN_ASM_GF2m -DSHA1_ASM -DSHA256_ASM -DSHA512_ASM -DMD5_ASM -DAES_ASM -DVPAES_ASM -DBSAES_ASM -DWHIRLPOOL_ASM -DGHASH_ASM  -O3  -Wall  -c -o rsa_test.o rsa_test.c
make[4]: Entering directory `/home/lucas.t/Cactus_tmp/configs/sim/scratch/build/OpenSSL/openssl-1.0.1k/test'
( :; LIBDEPS="${LIBDEPS:--L.. -lssl -L.. -lcrypto  -ldl}"; LDCMD="${LDCMD:-gcc}"; LDFLAGS="${LDFLAGS:--DOPENSSL_THREADS -D_REENTRANT -DDSO_DLFCN -DHAVE_DLFCN_H -Wa,--noexecstack -m64 -DL_ENDIAN -DTERMIO -O3 -Wall -DOPENSSL_IA32_SSE2 -DOPENSSL_BN_ASM_MONT -DOPENSSL_BN_ASM_MONT5 -DOPENSSL_BN_ASM_GF2m -DSHA1_ASM -DSHA256_ASM -DSHA512_ASM -DMD5_ASM -DAES_ASM -DVPAES_ASM -DBSAES_ASM -DWHIRLPOOL_ASM -DGHASH_ASM}"; LIBPATH=`for x in $LIBDEPS; do echo $x; done | sed -e 's/^ *-L//;t' -e d | uniq`; LIBPATH=`echo $LIBPATH | sed -e 's/ /:/g'`; LD_LIBRARY_PATH=$LIBPATH:$LD_LIBRARY_PATH ${LDCMD} ${LDFLAGS} -o ${APPNAME:=rsa_test} rsa_test.o ${LIBDEPS} )
make[4]: Leaving directory `/home/lucas.t/Cactus_tmp/configs/sim/scratch/build/OpenSSL/openssl-1.0.1k/test'
gcc -I.. -I../include  -DOPENSSL_THREADS -D_REENTRANT -DDSO_DLFCN -DHAVE_DLFCN_H -Wa,--noexecstack -m64 -DL_ENDIAN -DTERMIO -O3 -Wall -DOPENSSL_IA32_SSE2 -DOPENSSL_BN_ASM_MONT -DOPENSSL_BN_ASM_MONT5 -DOPENSSL_BN_ASM_GF2m -DSHA1_ASM -DSHA256_ASM -DSHA512_ASM -DMD5_ASM -DAES_ASM -DVPAES_ASM -DBSAES_ASM -DWHIRLPOOL_ASM -DGHASH_ASM  -O3  -Wall  -c -o evp_test.o evp_test.c
make[4]: Entering directory `/home/lucas.t/Cactus_tmp/configs/sim/scratch/build/OpenSSL/openssl-1.0.1k/test'
( :; LIBDEPS="${LIBDEPS:--L.. -lssl -L.. -lcrypto  -ldl}"; LDCMD="${LDCMD:-gcc}"; LDFLAGS="${LDFLAGS:--DOPENSSL_THREADS -D_REENTRANT -DDSO_DLFCN -DHAVE_DLFCN_H -Wa,--noexecstack -m64 -DL_ENDIAN -DTERMIO -O3 -Wall -DOPENSSL_IA32_SSE2 -DOPENSSL_BN_ASM_MONT -DOPENSSL_BN_ASM_MONT5 -DOPENSSL_BN_ASM_GF2m -DSHA1_ASM -DSHA256_ASM -DSHA512_ASM -DMD5_ASM -DAES_ASM -DVPAES_ASM -DBSAES_ASM -DWHIRLPOOL_ASM -DGHASH_ASM}"; LIBPATH=`for x in $LIBDEPS; do echo $x; done | sed -e 's/^ *-L//;t' -e d | uniq`; LIBPATH=`echo $LIBPATH | sed -e 's/ /:/g'`; LD_LIBRARY_PATH=$LIBPATH:$LD_LIBRARY_PATH ${LDCMD} ${LDFLAGS} -o ${APPNAME:=evp_test} evp_test.o ${LIBDEPS} )
make[4]: Leaving directory `/home/lucas.t/Cactus_tmp/configs/sim/scratch/build/OpenSSL/openssl-1.0.1k/test'
gcc -I.. -I../include  -DOPENSSL_THREADS -D_REENTRANT -DDSO_DLFCN -DHAVE_DLFCN_H -Wa,--noexecstack -m64 -DL_ENDIAN -DTERMIO -O3 -Wall -DOPENSSL_IA32_SSE2 -DOPENSSL_BN_ASM_MONT -DOPENSSL_BN_ASM_MONT5 -DOPENSSL_BN_ASM_GF2m -DSHA1_ASM -DSHA256_ASM -DSHA512_ASM -DMD5_ASM -DAES_ASM -DVPAES_ASM -DBSAES_ASM -DWHIRLPOOL_ASM -DGHASH_ASM  -O3  -Wall  -c -o igetest.o igetest.c
make[4]: Entering directory `/home/lucas.t/Cactus_tmp/configs/sim/scratch/build/OpenSSL/openssl-1.0.1k/test'
( :; LIBDEPS="${LIBDEPS:--L.. -lssl -L.. -lcrypto  -ldl}"; LDCMD="${LDCMD:-gcc}"; LDFLAGS="${LDFLAGS:--DOPENSSL_THREADS -D_REENTRANT -DDSO_DLFCN -DHAVE_DLFCN_H -Wa,--noexecstack -m64 -DL_ENDIAN -DTERMIO -O3 -Wall -DOPENSSL_IA32_SSE2 -DOPENSSL_BN_ASM_MONT -DOPENSSL_BN_ASM_MONT5 -DOPENSSL_BN_ASM_GF2m -DSHA1_ASM -DSHA256_ASM -DSHA512_ASM -DMD5_ASM -DAES_ASM -DVPAES_ASM -DBSAES_ASM -DWHIRLPOOL_ASM -DGHASH_ASM}"; LIBPATH=`for x in $LIBDEPS; do echo $x; done | sed -e 's/^ *-L//;t' -e d | uniq`; LIBPATH=`echo $LIBPATH | sed -e 's/ /:/g'`; LD_LIBRARY_PATH=$LIBPATH:$LD_LIBRARY_PATH ${LDCMD} ${LDFLAGS} -o ${APPNAME:=igetest} igetest.o ${LIBDEPS} )
make[4]: Leaving directory `/home/lucas.t/Cactus_tmp/configs/sim/scratch/build/OpenSSL/openssl-1.0.1k/test'
gcc -I.. -I../include  -DOPENSSL_THREADS -D_REENTRANT -DDSO_DLFCN -DHAVE_DLFCN_H -Wa,--noexecstack -m64 -DL_ENDIAN -DTERMIO -O3 -Wall -DOPENSSL_IA32_SSE2 -DOPENSSL_BN_ASM_MONT -DOPENSSL_BN_ASM_MONT5 -DOPENSSL_BN_ASM_GF2m -DSHA1_ASM -DSHA256_ASM -DSHA512_ASM -DMD5_ASM -DAES_ASM -DVPAES_ASM -DBSAES_ASM -DWHIRLPOOL_ASM -DGHASH_ASM  -O3  -Wall  -c -o jpaketest.o jpaketest.c
make[4]: Entering directory `/home/lucas.t/Cactus_tmp/configs/sim/scratch/build/OpenSSL/openssl-1.0.1k/test'
( :; LIBDEPS="${LIBDEPS:--L.. -lssl -L.. -lcrypto  -ldl}"; LDCMD="${LDCMD:-gcc}"; LDFLAGS="${LDFLAGS:--DOPENSSL_THREADS -D_REENTRANT -DDSO_DLFCN -DHAVE_DLFCN_H -Wa,--noexecstack -m64 -DL_ENDIAN -DTERMIO -O3 -Wall -DOPENSSL_IA32_SSE2 -DOPENSSL_BN_ASM_MONT -DOPENSSL_BN_ASM_MONT5 -DOPENSSL_BN_ASM_GF2m -DSHA1_ASM -DSHA256_ASM -DSHA512_ASM -DMD5_ASM -DAES_ASM -DVPAES_ASM -DBSAES_ASM -DWHIRLPOOL_ASM -DGHASH_ASM}"; LIBPATH=`for x in $LIBDEPS; do echo $x; done | sed -e 's/^ *-L//;t' -e d | uniq`; LIBPATH=`echo $LIBPATH | sed -e 's/ /:/g'`; LD_LIBRARY_PATH=$LIBPATH:$LD_LIBRARY_PATH ${LDCMD} ${LDFLAGS} -o ${APPNAME:=jpaketest} jpaketest.o ${LIBDEPS} )
make[4]: Leaving directory `/home/lucas.t/Cactus_tmp/configs/sim/scratch/build/OpenSSL/openssl-1.0.1k/test'
gcc -I.. -I../include  -DOPENSSL_THREADS -D_REENTRANT -DDSO_DLFCN -DHAVE_DLFCN_H -Wa,--noexecstack -m64 -DL_ENDIAN -DTERMIO -O3 -Wall -DOPENSSL_IA32_SSE2 -DOPENSSL_BN_ASM_MONT -DOPENSSL_BN_ASM_MONT5 -DOPENSSL_BN_ASM_GF2m -DSHA1_ASM -DSHA256_ASM -DSHA512_ASM -DMD5_ASM -DAES_ASM -DVPAES_ASM -DBSAES_ASM -DWHIRLPOOL_ASM -DGHASH_ASM  -O3  -Wall  -c -o srptest.o srptest.c
make[4]: Entering directory `/home/lucas.t/Cactus_tmp/configs/sim/scratch/build/OpenSSL/openssl-1.0.1k/test'
( :; LIBDEPS="${LIBDEPS:--L.. -lssl -L.. -lcrypto  -ldl}"; LDCMD="${LDCMD:-gcc}"; LDFLAGS="${LDFLAGS:--DOPENSSL_THREADS -D_REENTRANT -DDSO_DLFCN -DHAVE_DLFCN_H -Wa,--noexecstack -m64 -DL_ENDIAN -DTERMIO -O3 -Wall -DOPENSSL_IA32_SSE2 -DOPENSSL_BN_ASM_MONT -DOPENSSL_BN_ASM_MONT5 -DOPENSSL_BN_ASM_GF2m -DSHA1_ASM -DSHA256_ASM -DSHA512_ASM -DMD5_ASM -DAES_ASM -DVPAES_ASM -DBSAES_ASM -DWHIRLPOOL_ASM -DGHASH_ASM}"; LIBPATH=`for x in $LIBDEPS; do echo $x; done | sed -e 's/^ *-L//;t' -e d | uniq`; LIBPATH=`echo $LIBPATH | sed -e 's/ /:/g'`; LD_LIBRARY_PATH=$LIBPATH:$LD_LIBRARY_PATH ${LDCMD} ${LDFLAGS} -o ${APPNAME:=srptest} srptest.o ${LIBDEPS} )
make[4]: Leaving directory `/home/lucas.t/Cactus_tmp/configs/sim/scratch/build/OpenSSL/openssl-1.0.1k/test'
gcc -I.. -I../include  -DOPENSSL_THREADS -D_REENTRANT -DDSO_DLFCN -DHAVE_DLFCN_H -Wa,--noexecstack -m64 -DL_ENDIAN -DTERMIO -O3 -Wall -DOPENSSL_IA32_SSE2 -DOPENSSL_BN_ASM_MONT -DOPENSSL_BN_ASM_MONT5 -DOPENSSL_BN_ASM_GF2m -DSHA1_ASM -DSHA256_ASM -DSHA512_ASM -DMD5_ASM -DAES_ASM -DVPAES_ASM -DBSAES_ASM -DWHIRLPOOL_ASM -DGHASH_ASM  -O3  -Wall  -c -o asn1test.o asn1test.c
make[4]: Entering directory `/home/lucas.t/Cactus_tmp/configs/sim/scratch/build/OpenSSL/openssl-1.0.1k/test'
( :; LIBDEPS="${LIBDEPS:--L.. -lssl -L.. -lcrypto  -ldl}"; LDCMD="${LDCMD:-gcc}"; LDFLAGS="${LDFLAGS:--DOPENSSL_THREADS -D_REENTRANT -DDSO_DLFCN -DHAVE_DLFCN_H -Wa,--noexecstack -m64 -DL_ENDIAN -DTERMIO -O3 -Wall -DOPENSSL_IA32_SSE2 -DOPENSSL_BN_ASM_MONT -DOPENSSL_BN_ASM_MONT5 -DOPENSSL_BN_ASM_GF2m -DSHA1_ASM -DSHA256_ASM -DSHA512_ASM -DMD5_ASM -DAES_ASM -DVPAES_ASM -DBSAES_ASM -DWHIRLPOOL_ASM -DGHASH_ASM}"; LIBPATH=`for x in $LIBDEPS; do echo $x; done | sed -e 's/^ *-L//;t' -e d | uniq`; LIBPATH=`echo $LIBPATH | sed -e 's/ /:/g'`; LD_LIBRARY_PATH=$LIBPATH:$LD_LIBRARY_PATH ${LDCMD} ${LDFLAGS} -o ${APPNAME:=asn1test} asn1test.o ${LIBDEPS} )
make[4]: Leaving directory `/home/lucas.t/Cactus_tmp/configs/sim/scratch/build/OpenSSL/openssl-1.0.1k/test'
gcc -I.. -I../include  -DOPENSSL_THREADS -D_REENTRANT -DDSO_DLFCN -DHAVE_DLFCN_H -Wa,--noexecstack -m64 -DL_ENDIAN -DTERMIO -O3 -Wall -DOPENSSL_IA32_SSE2 -DOPENSSL_BN_ASM_MONT -DOPENSSL_BN_ASM_MONT5 -DOPENSSL_BN_ASM_GF2m -DSHA1_ASM -DSHA256_ASM -DSHA512_ASM -DMD5_ASM -DAES_ASM -DVPAES_ASM -DBSAES_ASM -DWHIRLPOOL_ASM -DGHASH_ASM  -O3  -Wall  -c -o heartbeat_test.o heartbeat_test.c
make[4]: Entering directory `/home/lucas.t/Cactus_tmp/configs/sim/scratch/build/OpenSSL/openssl-1.0.1k/test'
( :; LIBDEPS="${LIBDEPS:-../libssl.a ../libcrypto.a  -ldl}"; LDCMD="${LDCMD:-gcc}"; LDFLAGS="${LDFLAGS:--DOPENSSL_THREADS -D_REENTRANT -DDSO_DLFCN -DHAVE_DLFCN_H -Wa,--noexecstack -m64 -DL_ENDIAN -DTERMIO -O3 -Wall -DOPENSSL_IA32_SSE2 -DOPENSSL_BN_ASM_MONT -DOPENSSL_BN_ASM_MONT5 -DOPENSSL_BN_ASM_GF2m -DSHA1_ASM -DSHA256_ASM -DSHA512_ASM -DMD5_ASM -DAES_ASM -DVPAES_ASM -DBSAES_ASM -DWHIRLPOOL_ASM -DGHASH_ASM}"; LIBPATH=`for x in $LIBDEPS; do echo $x; done | sed -e 's/^ *-L//;t' -e d | uniq`; LIBPATH=`echo $LIBPATH | sed -e 's/ /:/g'`; LD_LIBRARY_PATH=$LIBPATH:$LD_LIBRARY_PATH ${LDCMD} ${LDFLAGS} -o ${APPNAME:=heartbeat_test} heartbeat_test.o ${LIBDEPS} )
make[4]: Leaving directory `/home/lucas.t/Cactus_tmp/configs/sim/scratch/build/OpenSSL/openssl-1.0.1k/test'
gcc -I.. -I../include  -DOPENSSL_THREADS -D_REENTRANT -DDSO_DLFCN -DHAVE_DLFCN_H -Wa,--noexecstack -m64 -DL_ENDIAN -DTERMIO -O3 -Wall -DOPENSSL_IA32_SSE2 -DOPENSSL_BN_ASM_MONT -DOPENSSL_BN_ASM_MONT5 -DOPENSSL_BN_ASM_GF2m -DSHA1_ASM -DSHA256_ASM -DSHA512_ASM -DMD5_ASM -DAES_ASM -DVPAES_ASM -DBSAES_ASM -DWHIRLPOOL_ASM -DGHASH_ASM  -O3  -Wall  -c -o constant_time_test.o constant_time_test.c
make[4]: Entering directory `/home/lucas.t/Cactus_tmp/configs/sim/scratch/build/OpenSSL/openssl-1.0.1k/test'
( :; LIBDEPS="${LIBDEPS:--L.. -lssl -L.. -lcrypto  -ldl}"; LDCMD="${LDCMD:-gcc}"; LDFLAGS="${LDFLAGS:--DOPENSSL_THREADS -D_REENTRANT -DDSO_DLFCN -DHAVE_DLFCN_H -Wa,--noexecstack -m64 -DL_ENDIAN -DTERMIO -O3 -Wall -DOPENSSL_IA32_SSE2 -DOPENSSL_BN_ASM_MONT -DOPENSSL_BN_ASM_MONT5 -DOPENSSL_BN_ASM_GF2m -DSHA1_ASM -DSHA256_ASM -DSHA512_ASM -DMD5_ASM -DAES_ASM -DVPAES_ASM -DBSAES_ASM -DWHIRLPOOL_ASM -DGHASH_ASM}"; LIBPATH=`for x in $LIBDEPS; do echo $x; done | sed -e 's/^ *-L//;t' -e d | uniq`; LIBPATH=`echo $LIBPATH | sed -e 's/ /:/g'`; LD_LIBRARY_PATH=$LIBPATH:$LD_LIBRARY_PATH ${LDCMD} ${LDFLAGS} -o ${APPNAME:=constant_time_test} constant_time_test.o ${LIBDEPS} )
make[4]: Leaving directory `/home/lucas.t/Cactus_tmp/configs/sim/scratch/build/OpenSSL/openssl-1.0.1k/test'
gcc -I.. -I../include  -DOPENSSL_THREADS -D_REENTRANT -DDSO_DLFCN -DHAVE_DLFCN_H -Wa,--noexecstack -m64 -DL_ENDIAN -DTERMIO -O3 -Wall -DOPENSSL_IA32_SSE2 -DOPENSSL_BN_ASM_MONT -DOPENSSL_BN_ASM_MONT5 -DOPENSSL_BN_ASM_GF2m -DSHA1_ASM -DSHA256_ASM -DSHA512_ASM -DMD5_ASM -DAES_ASM -DVPAES_ASM -DBSAES_ASM -DWHIRLPOOL_ASM -DGHASH_ASM  -O3  -Wall  -c -o dummytest.o dummytest.c
make[4]: Entering directory `/home/lucas.t/Cactus_tmp/configs/sim/scratch/build/OpenSSL/openssl-1.0.1k/test'
( :; LIBDEPS="${LIBDEPS:--L.. -lssl -L.. -lcrypto  -ldl}"; LDCMD="${LDCMD:-gcc}"; LDFLAGS="${LDFLAGS:--DOPENSSL_THREADS -D_REENTRANT -DDSO_DLFCN -DHAVE_DLFCN_H -Wa,--noexecstack -m64 -DL_ENDIAN -DTERMIO -O3 -Wall -DOPENSSL_IA32_SSE2 -DOPENSSL_BN_ASM_MONT -DOPENSSL_BN_ASM_MONT5 -DOPENSSL_BN_ASM_GF2m -DSHA1_ASM -DSHA256_ASM -DSHA512_ASM -DMD5_ASM -DAES_ASM -DVPAES_ASM -DBSAES_ASM -DWHIRLPOOL_ASM -DGHASH_ASM}"; LIBPATH=`for x in $LIBDEPS; do echo $x; done | sed -e 's/^ *-L//;t' -e d | uniq`; LIBPATH=`echo $LIBPATH | sed -e 's/ /:/g'`; LD_LIBRARY_PATH=$LIBPATH:$LD_LIBRARY_PATH ${LDCMD} ${LDFLAGS} -o ${APPNAME:=dummytest} dummytest.o ${LIBDEPS} )
make[4]: Leaving directory `/home/lucas.t/Cactus_tmp/configs/sim/scratch/build/OpenSSL/openssl-1.0.1k/test'
make[3]: Leaving directory `/home/lucas.t/Cactus_tmp/configs/sim/scratch/build/OpenSSL/openssl-1.0.1k/test'
making all in tools...
make[3]: Entering directory `/home/lucas.t/Cactus_tmp/configs/sim/scratch/build/OpenSSL/openssl-1.0.1k/tools'
make[3]: Nothing to be done for `all'.
make[3]: Leaving directory `/home/lucas.t/Cactus_tmp/configs/sim/scratch/build/OpenSSL/openssl-1.0.1k/tools'
make[2]: Leaving directory `/home/lucas.t/Cactus_tmp/configs/sim/scratch/build/OpenSSL/openssl-1.0.1k'
OpenSSL: Installing...
make[2]: Entering directory `/home/lucas.t/Cactus_tmp/configs/sim/scratch/build/OpenSSL/openssl-1.0.1k'
making all in crypto...
make[3]: Entering directory `/home/lucas.t/Cactus_tmp/configs/sim/scratch/build/OpenSSL/openssl-1.0.1k/crypto'
making all in crypto/objects...
make[4]: Entering directory `/home/lucas.t/Cactus_tmp/configs/sim/scratch/build/OpenSSL/openssl-1.0.1k/crypto/objects'
make[4]: Nothing to be done for `all'.
make[4]: Leaving directory `/home/lucas.t/Cactus_tmp/configs/sim/scratch/build/OpenSSL/openssl-1.0.1k/crypto/objects'
making all in crypto/md4...
make[4]: Entering directory `/home/lucas.t/Cactus_tmp/configs/sim/scratch/build/OpenSSL/openssl-1.0.1k/crypto/md4'
make[4]: Nothing to be done for `all'.
make[4]: Leaving directory `/home/lucas.t/Cactus_tmp/configs/sim/scratch/build/OpenSSL/openssl-1.0.1k/crypto/md4'
making all in crypto/md5...
make[4]: Entering directory `/home/lucas.t/Cactus_tmp/configs/sim/scratch/build/OpenSSL/openssl-1.0.1k/crypto/md5'
make[4]: Nothing to be done for `all'.
make[4]: Leaving directory `/home/lucas.t/Cactus_tmp/configs/sim/scratch/build/OpenSSL/openssl-1.0.1k/crypto/md5'
making all in crypto/sha...
make[4]: Entering directory `/home/lucas.t/Cactus_tmp/configs/sim/scratch/build/OpenSSL/openssl-1.0.1k/crypto/sha'
make[4]: Nothing to be done for `all'.
make[4]: Leaving directory `/home/lucas.t/Cactus_tmp/configs/sim/scratch/build/OpenSSL/openssl-1.0.1k/crypto/sha'
making all in crypto/mdc2...
make[4]: Entering directory `/home/lucas.t/Cactus_tmp/configs/sim/scratch/build/OpenSSL/openssl-1.0.1k/crypto/mdc2'
make[4]: Nothing to be done for `all'.
make[4]: Leaving directory `/home/lucas.t/Cactus_tmp/configs/sim/scratch/build/OpenSSL/openssl-1.0.1k/crypto/mdc2'
making all in crypto/hmac...
make[4]: Entering directory `/home/lucas.t/Cactus_tmp/configs/sim/scratch/build/OpenSSL/openssl-1.0.1k/crypto/hmac'
make[4]: Nothing to be done for `all'.
make[4]: Leaving directory `/home/lucas.t/Cactus_tmp/configs/sim/scratch/build/OpenSSL/openssl-1.0.1k/crypto/hmac'
making all in crypto/ripemd...
make[4]: Entering directory `/home/lucas.t/Cactus_tmp/configs/sim/scratch/build/OpenSSL/openssl-1.0.1k/crypto/ripemd'
make[4]: Nothing to be done for `all'.
make[4]: Leaving directory `/home/lucas.t/Cactus_tmp/configs/sim/scratch/build/OpenSSL/openssl-1.0.1k/crypto/ripemd'
making all in crypto/whrlpool...
make[4]: Entering directory `/home/lucas.t/Cactus_tmp/configs/sim/scratch/build/OpenSSL/openssl-1.0.1k/crypto/whrlpool'
make[4]: Nothing to be done for `all'.
make[4]: Leaving directory `/home/lucas.t/Cactus_tmp/configs/sim/scratch/build/OpenSSL/openssl-1.0.1k/crypto/whrlpool'
making all in crypto/des...
make[4]: Entering directory `/home/lucas.t/Cactus_tmp/configs/sim/scratch/build/OpenSSL/openssl-1.0.1k/crypto/des'
make[4]: Nothing to be done for `all'.
make[4]: Leaving directory `/home/lucas.t/Cactus_tmp/configs/sim/scratch/build/OpenSSL/openssl-1.0.1k/crypto/des'
making all in crypto/aes...
make[4]: Entering directory `/home/lucas.t/Cactus_tmp/configs/sim/scratch/build/OpenSSL/openssl-1.0.1k/crypto/aes'
make[4]: Nothing to be done for `all'.
make[4]: Leaving directory `/home/lucas.t/Cactus_tmp/configs/sim/scratch/build/OpenSSL/openssl-1.0.1k/crypto/aes'
making all in crypto/rc2...
make[4]: Entering directory `/home/lucas.t/Cactus_tmp/configs/sim/scratch/build/OpenSSL/openssl-1.0.1k/crypto/rc2'
make[4]: Nothing to be done for `all'.
make[4]: Leaving directory `/home/lucas.t/Cactus_tmp/configs/sim/scratch/build/OpenSSL/openssl-1.0.1k/crypto/rc2'
making all in crypto/rc4...
make[4]: Entering directory `/home/lucas.t/Cactus_tmp/configs/sim/scratch/build/OpenSSL/openssl-1.0.1k/crypto/rc4'
make[4]: Nothing to be done for `all'.
make[4]: Leaving directory `/home/lucas.t/Cactus_tmp/configs/sim/scratch/build/OpenSSL/openssl-1.0.1k/crypto/rc4'
making all in crypto/idea...
make[4]: Entering directory `/home/lucas.t/Cactus_tmp/configs/sim/scratch/build/OpenSSL/openssl-1.0.1k/crypto/idea'
make[4]: Nothing to be done for `all'.
make[4]: Leaving directory `/home/lucas.t/Cactus_tmp/configs/sim/scratch/build/OpenSSL/openssl-1.0.1k/crypto/idea'
making all in crypto/bf...
make[4]: Entering directory `/home/lucas.t/Cactus_tmp/configs/sim/scratch/build/OpenSSL/openssl-1.0.1k/crypto/bf'
make[4]: Nothing to be done for `all'.
make[4]: Leaving directory `/home/lucas.t/Cactus_tmp/configs/sim/scratch/build/OpenSSL/openssl-1.0.1k/crypto/bf'
making all in crypto/cast...
make[4]: Entering directory `/home/lucas.t/Cactus_tmp/configs/sim/scratch/build/OpenSSL/openssl-1.0.1k/crypto/cast'
make[4]: Nothing to be done for `all'.
make[4]: Leaving directory `/home/lucas.t/Cactus_tmp/configs/sim/scratch/build/OpenSSL/openssl-1.0.1k/crypto/cast'
making all in crypto/camellia...
make[4]: Entering directory `/home/lucas.t/Cactus_tmp/configs/sim/scratch/build/OpenSSL/openssl-1.0.1k/crypto/camellia'
make[4]: Nothing to be done for `all'.
make[4]: Leaving directory `/home/lucas.t/Cactus_tmp/configs/sim/scratch/build/OpenSSL/openssl-1.0.1k/crypto/camellia'
making all in crypto/seed...
make[4]: Entering directory `/home/lucas.t/Cactus_tmp/configs/sim/scratch/build/OpenSSL/openssl-1.0.1k/crypto/seed'
make[4]: Nothing to be done for `all'.
make[4]: Leaving directory `/home/lucas.t/Cactus_tmp/configs/sim/scratch/build/OpenSSL/openssl-1.0.1k/crypto/seed'
making all in crypto/modes...
make[4]: Entering directory `/home/lucas.t/Cactus_tmp/configs/sim/scratch/build/OpenSSL/openssl-1.0.1k/crypto/modes'
make[4]: Nothing to be done for `all'.
make[4]: Leaving directory `/home/lucas.t/Cactus_tmp/configs/sim/scratch/build/OpenSSL/openssl-1.0.1k/crypto/modes'
making all in crypto/bn...
make[4]: Entering directory `/home/lucas.t/Cactus_tmp/configs/sim/scratch/build/OpenSSL/openssl-1.0.1k/crypto/bn'
make[4]: Nothing to be done for `all'.
make[4]: Leaving directory `/home/lucas.t/Cactus_tmp/configs/sim/scratch/build/OpenSSL/openssl-1.0.1k/crypto/bn'
making all in crypto/ec...
make[4]: Entering directory `/home/lucas.t/Cactus_tmp/configs/sim/scratch/build/OpenSSL/openssl-1.0.1k/crypto/ec'
make[4]: Nothing to be done for `all'.
make[4]: Leaving directory `/home/lucas.t/Cactus_tmp/configs/sim/scratch/build/OpenSSL/openssl-1.0.1k/crypto/ec'
making all in crypto/rsa...
make[4]: Entering directory `/home/lucas.t/Cactus_tmp/configs/sim/scratch/build/OpenSSL/openssl-1.0.1k/crypto/rsa'
make[4]: Nothing to be done for `all'.
make[4]: Leaving directory `/home/lucas.t/Cactus_tmp/configs/sim/scratch/build/OpenSSL/openssl-1.0.1k/crypto/rsa'
making all in crypto/dsa...
make[4]: Entering directory `/home/lucas.t/Cactus_tmp/configs/sim/scratch/build/OpenSSL/openssl-1.0.1k/crypto/dsa'
make[4]: Nothing to be done for `all'.
make[4]: Leaving directory `/home/lucas.t/Cactus_tmp/configs/sim/scratch/build/OpenSSL/openssl-1.0.1k/crypto/dsa'
making all in crypto/ecdsa...
make[4]: Entering directory `/home/lucas.t/Cactus_tmp/configs/sim/scratch/build/OpenSSL/openssl-1.0.1k/crypto/ecdsa'
make[4]: Nothing to be done for `all'.
make[4]: Leaving directory `/home/lucas.t/Cactus_tmp/configs/sim/scratch/build/OpenSSL/openssl-1.0.1k/crypto/ecdsa'
making all in crypto/dh...
make[4]: Entering directory `/home/lucas.t/Cactus_tmp/configs/sim/scratch/build/OpenSSL/openssl-1.0.1k/crypto/dh'
make[4]: Nothing to be done for `all'.
make[4]: Leaving directory `/home/lucas.t/Cactus_tmp/configs/sim/scratch/build/OpenSSL/openssl-1.0.1k/crypto/dh'
making all in crypto/ecdh...
make[4]: Entering directory `/home/lucas.t/Cactus_tmp/configs/sim/scratch/build/OpenSSL/openssl-1.0.1k/crypto/ecdh'
make[4]: Nothing to be done for `all'.
make[4]: Leaving directory `/home/lucas.t/Cactus_tmp/configs/sim/scratch/build/OpenSSL/openssl-1.0.1k/crypto/ecdh'
making all in crypto/dso...
make[4]: Entering directory `/home/lucas.t/Cactus_tmp/configs/sim/scratch/build/OpenSSL/openssl-1.0.1k/crypto/dso'
make[4]: Nothing to be done for `all'.
make[4]: Leaving directory `/home/lucas.t/Cactus_tmp/configs/sim/scratch/build/OpenSSL/openssl-1.0.1k/crypto/dso'
making all in crypto/engine...
make[4]: Entering directory `/home/lucas.t/Cactus_tmp/configs/sim/scratch/build/OpenSSL/openssl-1.0.1k/crypto/engine'
make[4]: Nothing to be done for `all'.
make[4]: Leaving directory `/home/lucas.t/Cactus_tmp/configs/sim/scratch/build/OpenSSL/openssl-1.0.1k/crypto/engine'
making all in crypto/buffer...
make[4]: Entering directory `/home/lucas.t/Cactus_tmp/configs/sim/scratch/build/OpenSSL/openssl-1.0.1k/crypto/buffer'
make[4]: Nothing to be done for `all'.
make[4]: Leaving directory `/home/lucas.t/Cactus_tmp/configs/sim/scratch/build/OpenSSL/openssl-1.0.1k/crypto/buffer'
making all in crypto/bio...
make[4]: Entering directory `/home/lucas.t/Cactus_tmp/configs/sim/scratch/build/OpenSSL/openssl-1.0.1k/crypto/bio'
make[4]: Nothing to be done for `all'.
make[4]: Leaving directory `/home/lucas.t/Cactus_tmp/configs/sim/scratch/build/OpenSSL/openssl-1.0.1k/crypto/bio'
making all in crypto/stack...
make[4]: Entering directory `/home/lucas.t/Cactus_tmp/configs/sim/scratch/build/OpenSSL/openssl-1.0.1k/crypto/stack'
make[4]: Nothing to be done for `all'.
make[4]: Leaving directory `/home/lucas.t/Cactus_tmp/configs/sim/scratch/build/OpenSSL/openssl-1.0.1k/crypto/stack'
making all in crypto/lhash...
make[4]: Entering directory `/home/lucas.t/Cactus_tmp/configs/sim/scratch/build/OpenSSL/openssl-1.0.1k/crypto/lhash'
make[4]: Nothing to be done for `all'.
make[4]: Leaving directory `/home/lucas.t/Cactus_tmp/configs/sim/scratch/build/OpenSSL/openssl-1.0.1k/crypto/lhash'
making all in crypto/rand...
make[4]: Entering directory `/home/lucas.t/Cactus_tmp/configs/sim/scratch/build/OpenSSL/openssl-1.0.1k/crypto/rand'
make[4]: Nothing to be done for `all'.
make[4]: Leaving directory `/home/lucas.t/Cactus_tmp/configs/sim/scratch/build/OpenSSL/openssl-1.0.1k/crypto/rand'
making all in crypto/err...
make[4]: Entering directory `/home/lucas.t/Cactus_tmp/configs/sim/scratch/build/OpenSSL/openssl-1.0.1k/crypto/err'
make[4]: Nothing to be done for `all'.
make[4]: Leaving directory `/home/lucas.t/Cactus_tmp/configs/sim/scratch/build/OpenSSL/openssl-1.0.1k/crypto/err'
making all in crypto/evp...
make[4]: Entering directory `/home/lucas.t/Cactus_tmp/configs/sim/scratch/build/OpenSSL/openssl-1.0.1k/crypto/evp'
make[4]: Nothing to be done for `all'.
make[4]: Leaving directory `/home/lucas.t/Cactus_tmp/configs/sim/scratch/build/OpenSSL/openssl-1.0.1k/crypto/evp'
making all in crypto/asn1...
make[4]: Entering directory `/home/lucas.t/Cactus_tmp/configs/sim/scratch/build/OpenSSL/openssl-1.0.1k/crypto/asn1'
make[4]: Nothing to be done for `all'.
make[4]: Leaving directory `/home/lucas.t/Cactus_tmp/configs/sim/scratch/build/OpenSSL/openssl-1.0.1k/crypto/asn1'
making all in crypto/pem...
make[4]: Entering directory `/home/lucas.t/Cactus_tmp/configs/sim/scratch/build/OpenSSL/openssl-1.0.1k/crypto/pem'
make[4]: Nothing to be done for `all'.
make[4]: Leaving directory `/home/lucas.t/Cactus_tmp/configs/sim/scratch/build/OpenSSL/openssl-1.0.1k/crypto/pem'
making all in crypto/x509...
make[4]: Entering directory `/home/lucas.t/Cactus_tmp/configs/sim/scratch/build/OpenSSL/openssl-1.0.1k/crypto/x509'
make[4]: Nothing to be done for `all'.
make[4]: Leaving directory `/home/lucas.t/Cactus_tmp/configs/sim/scratch/build/OpenSSL/openssl-1.0.1k/crypto/x509'
making all in crypto/x509v3...
make[4]: Entering directory `/home/lucas.t/Cactus_tmp/configs/sim/scratch/build/OpenSSL/openssl-1.0.1k/crypto/x509v3'
make[4]: Nothing to be done for `all'.
make[4]: Leaving directory `/home/lucas.t/Cactus_tmp/configs/sim/scratch/build/OpenSSL/openssl-1.0.1k/crypto/x509v3'
making all in crypto/conf...
make[4]: Entering directory `/home/lucas.t/Cactus_tmp/configs/sim/scratch/build/OpenSSL/openssl-1.0.1k/crypto/conf'
make[4]: Nothing to be done for `all'.
make[4]: Leaving directory `/home/lucas.t/Cactus_tmp/configs/sim/scratch/build/OpenSSL/openssl-1.0.1k/crypto/conf'
making all in crypto/txt_db...
make[4]: Entering directory `/home/lucas.t/Cactus_tmp/configs/sim/scratch/build/OpenSSL/openssl-1.0.1k/crypto/txt_db'
make[4]: Nothing to be done for `all'.
make[4]: Leaving directory `/home/lucas.t/Cactus_tmp/configs/sim/scratch/build/OpenSSL/openssl-1.0.1k/crypto/txt_db'
making all in crypto/pkcs7...
make[4]: Entering directory `/home/lucas.t/Cactus_tmp/configs/sim/scratch/build/OpenSSL/openssl-1.0.1k/crypto/pkcs7'
make[4]: Nothing to be done for `all'.
make[4]: Leaving directory `/home/lucas.t/Cactus_tmp/configs/sim/scratch/build/OpenSSL/openssl-1.0.1k/crypto/pkcs7'
making all in crypto/pkcs12...
make[4]: Entering directory `/home/lucas.t/Cactus_tmp/configs/sim/scratch/build/OpenSSL/openssl-1.0.1k/crypto/pkcs12'
make[4]: Nothing to be done for `all'.
make[4]: Leaving directory `/home/lucas.t/Cactus_tmp/configs/sim/scratch/build/OpenSSL/openssl-1.0.1k/crypto/pkcs12'
making all in crypto/comp...
make[4]: Entering directory `/home/lucas.t/Cactus_tmp/configs/sim/scratch/build/OpenSSL/openssl-1.0.1k/crypto/comp'
make[4]: Nothing to be done for `all'.
make[4]: Leaving directory `/home/lucas.t/Cactus_tmp/configs/sim/scratch/build/OpenSSL/openssl-1.0.1k/crypto/comp'
making all in crypto/ocsp...
make[4]: Entering directory `/home/lucas.t/Cactus_tmp/configs/sim/scratch/build/OpenSSL/openssl-1.0.1k/crypto/ocsp'
make[4]: Nothing to be done for `all'.
make[4]: Leaving directory `/home/lucas.t/Cactus_tmp/configs/sim/scratch/build/OpenSSL/openssl-1.0.1k/crypto/ocsp'
making all in crypto/ui...
make[4]: Entering directory `/home/lucas.t/Cactus_tmp/configs/sim/scratch/build/OpenSSL/openssl-1.0.1k/crypto/ui'
make[4]: Nothing to be done for `all'.
make[4]: Leaving directory `/home/lucas.t/Cactus_tmp/configs/sim/scratch/build/OpenSSL/openssl-1.0.1k/crypto/ui'
making all in crypto/krb5...
make[4]: Entering directory `/home/lucas.t/Cactus_tmp/configs/sim/scratch/build/OpenSSL/openssl-1.0.1k/crypto/krb5'
make[4]: Nothing to be done for `all'.
make[4]: Leaving directory `/home/lucas.t/Cactus_tmp/configs/sim/scratch/build/OpenSSL/openssl-1.0.1k/crypto/krb5'
making all in crypto/cms...
make[4]: Entering directory `/home/lucas.t/Cactus_tmp/configs/sim/scratch/build/OpenSSL/openssl-1.0.1k/crypto/cms'
make[4]: Nothing to be done for `all'.
make[4]: Leaving directory `/home/lucas.t/Cactus_tmp/configs/sim/scratch/build/OpenSSL/openssl-1.0.1k/crypto/cms'
making all in crypto/pqueue...
make[4]: Entering directory `/home/lucas.t/Cactus_tmp/configs/sim/scratch/build/OpenSSL/openssl-1.0.1k/crypto/pqueue'
make[4]: Nothing to be done for `all'.
make[4]: Leaving directory `/home/lucas.t/Cactus_tmp/configs/sim/scratch/build/OpenSSL/openssl-1.0.1k/crypto/pqueue'
making all in crypto/ts...
make[4]: Entering directory `/home/lucas.t/Cactus_tmp/configs/sim/scratch/build/OpenSSL/openssl-1.0.1k/crypto/ts'
make[4]: Nothing to be done for `all'.
make[4]: Leaving directory `/home/lucas.t/Cactus_tmp/configs/sim/scratch/build/OpenSSL/openssl-1.0.1k/crypto/ts'
making all in crypto/srp...
make[4]: Entering directory `/home/lucas.t/Cactus_tmp/configs/sim/scratch/build/OpenSSL/openssl-1.0.1k/crypto/srp'
make[4]: Nothing to be done for `all'.
make[4]: Leaving directory `/home/lucas.t/Cactus_tmp/configs/sim/scratch/build/OpenSSL/openssl-1.0.1k/crypto/srp'
making all in crypto/cmac...
make[4]: Entering directory `/home/lucas.t/Cactus_tmp/configs/sim/scratch/build/OpenSSL/openssl-1.0.1k/crypto/cmac'
make[4]: Nothing to be done for `all'.
make[4]: Leaving directory `/home/lucas.t/Cactus_tmp/configs/sim/scratch/build/OpenSSL/openssl-1.0.1k/crypto/cmac'
if [ -n "" ]; then \
	(cd ..; make libcrypto.so.1.0.0); \
fi
make[3]: Leaving directory `/home/lucas.t/Cactus_tmp/configs/sim/scratch/build/OpenSSL/openssl-1.0.1k/crypto'
making all in ssl...
make[3]: Entering directory `/home/lucas.t/Cactus_tmp/configs/sim/scratch/build/OpenSSL/openssl-1.0.1k/ssl'
if [ -n "" ]; then \
	(cd ..; make libssl.so.1.0.0); \
fi
make[3]: Leaving directory `/home/lucas.t/Cactus_tmp/configs/sim/scratch/build/OpenSSL/openssl-1.0.1k/ssl'
making all in engines...
make[3]: Entering directory `/home/lucas.t/Cactus_tmp/configs/sim/scratch/build/OpenSSL/openssl-1.0.1k/engines'
echo 

making all in engines/ccgost...
make[4]: Entering directory `/home/lucas.t/Cactus_tmp/configs/sim/scratch/build/OpenSSL/openssl-1.0.1k/engines/ccgost'
make[4]: Nothing to be done for `all'.
make[4]: Leaving directory `/home/lucas.t/Cactus_tmp/configs/sim/scratch/build/OpenSSL/openssl-1.0.1k/engines/ccgost'
make[3]: Leaving directory `/home/lucas.t/Cactus_tmp/configs/sim/scratch/build/OpenSSL/openssl-1.0.1k/engines'
making all in apps...
make[3]: Entering directory `/home/lucas.t/Cactus_tmp/configs/sim/scratch/build/OpenSSL/openssl-1.0.1k/apps'
make[3]: Nothing to be done for `all'.
make[3]: Leaving directory `/home/lucas.t/Cactus_tmp/configs/sim/scratch/build/OpenSSL/openssl-1.0.1k/apps'
making all in test...
make[3]: Entering directory `/home/lucas.t/Cactus_tmp/configs/sim/scratch/build/OpenSSL/openssl-1.0.1k/test'
make[3]: Nothing to be done for `all'.
make[3]: Leaving directory `/home/lucas.t/Cactus_tmp/configs/sim/scratch/build/OpenSSL/openssl-1.0.1k/test'
making all in tools...
make[3]: Entering directory `/home/lucas.t/Cactus_tmp/configs/sim/scratch/build/OpenSSL/openssl-1.0.1k/tools'
make[3]: Nothing to be done for `all'.
make[3]: Leaving directory `/home/lucas.t/Cactus_tmp/configs/sim/scratch/build/OpenSSL/openssl-1.0.1k/tools'
created directory `/home/lucas.t/Cactus_tmp/configs/sim/scratch/external/OpenSSL/ssl'
created directory `/home/lucas.t/Cactus_tmp/configs/sim/scratch/external/OpenSSL/ssl/man'
created directory `/home/lucas.t/Cactus_tmp/configs/sim/scratch/external/OpenSSL/ssl/man/man1'
created directory `/home/lucas.t/Cactus_tmp/configs/sim/scratch/external/OpenSSL/ssl/man/man3'
created directory `/home/lucas.t/Cactus_tmp/configs/sim/scratch/external/OpenSSL/ssl/man/man5'
created directory `/home/lucas.t/Cactus_tmp/configs/sim/scratch/external/OpenSSL/ssl/man/man7'
installing man1/CA.pl.1
installing man1/asn1parse.1
installing man1/c_rehash.1
installing man1/ca.1
installing man1/ciphers.1
installing man1/cms.1
installing man5/config.5
installing man1/crl.1
installing man1/crl2pkcs7.1
installing man1/dgst.1
sha.1 => dgst.1
sha1.1 => dgst.1
mdc2.1 => dgst.1
ripemd160.1 => dgst.1
sha224.1 => dgst.1
sha256.1 => dgst.1
sha384.1 => dgst.1
sha512.1 => dgst.1
md2.1 => dgst.1
md4.1 => dgst.1
md5.1 => dgst.1
dss1.1 => dgst.1
installing man1/dhparam.1
installing man1/dsa.1
installing man1/dsaparam.1
installing man1/ec.1
installing man1/ecparam.1
installing man1/enc.1
installing man1/errstr.1
installing man1/gendsa.1
installing man1/genpkey.1
installing man1/genrsa.1
installing man1/nseq.1
installing man1/ocsp.1
installing man1/openssl.1
installing man1/passwd.1
installing man1/pkcs12.1
installing man1/pkcs7.1
installing man1/pkcs8.1
installing man1/pkey.1
installing man1/pkeyparam.1
installing man1/pkeyutl.1
installing man1/rand.1
installing man1/req.1
installing man1/rsa.1
installing man1/rsautl.1
installing man1/s_client.1
installing man1/s_server.1
installing man1/s_time.1
installing man1/sess_id.1
installing man1/smime.1
installing man1/speed.1
installing man1/spkac.1
installing man1/ts.1
installing man1/tsget.1
installing man1/verify.1
installing man1/version.1
installing man1/x509.1
installing man5/x509v3_config.5
installing man3/ASN1_OBJECT_new.3
ASN1_OBJECT_free.3 => ASN1_OBJECT_new.3
installing man3/ASN1_STRING_length.3
ASN1_STRING_dup.3 => ASN1_STRING_length.3
ASN1_STRING_cmp.3 => ASN1_STRING_length.3
ASN1_STRING_set.3 => ASN1_STRING_length.3
ASN1_STRING_length_set.3 => ASN1_STRING_length.3
ASN1_STRING_type.3 => ASN1_STRING_length.3
ASN1_STRING_data.3 => ASN1_STRING_length.3
installing man3/ASN1_STRING_new.3
ASN1_STRING_type_new.3 => ASN1_STRING_new.3
ASN1_STRING_free.3 => ASN1_STRING_new.3
installing man3/ASN1_STRING_print_ex.3
ASN1_STRING_print_ex_fp.3 => ASN1_STRING_print_ex.3
installing man3/ASN1_generate_nconf.3
ASN1_generate_v3.3 => ASN1_generate_nconf.3
installing man3/BIO_ctrl.3
BIO_callback_ctrl.3 => BIO_ctrl.3
BIO_ptr_ctrl.3 => BIO_ctrl.3
BIO_int_ctrl.3 => BIO_ctrl.3
BIO_reset.3 => BIO_ctrl.3
BIO_seek.3 => BIO_ctrl.3
BIO_tell.3 => BIO_ctrl.3
BIO_flush.3 => BIO_ctrl.3
BIO_eof.3 => BIO_ctrl.3
BIO_set_close.3 => BIO_ctrl.3
BIO_get_close.3 => BIO_ctrl.3
BIO_pending.3 => BIO_ctrl.3
BIO_wpending.3 => BIO_ctrl.3
BIO_ctrl_pending.3 => BIO_ctrl.3
BIO_ctrl_wpending.3 => BIO_ctrl.3
BIO_get_info_callback.3 => BIO_ctrl.3
BIO_set_info_callback.3 => BIO_ctrl.3
installing man3/BIO_f_base64.3
installing man3/BIO_f_buffer.3
installing man3/BIO_f_cipher.3
BIO_set_cipher.3 => BIO_f_cipher.3
BIO_get_cipher_status.3 => BIO_f_cipher.3
BIO_get_cipher_ctx.3 => BIO_f_cipher.3
installing man3/BIO_f_md.3
BIO_set_md.3 => BIO_f_md.3
BIO_get_md.3 => BIO_f_md.3
BIO_get_md_ctx.3 => BIO_f_md.3
installing man3/BIO_f_null.3
installing man3/BIO_f_ssl.3
BIO_set_ssl.3 => BIO_f_ssl.3
BIO_get_ssl.3 => BIO_f_ssl.3
BIO_set_ssl_mode.3 => BIO_f_ssl.3
BIO_set_ssl_renegotiate_bytes.3 => BIO_f_ssl.3
BIO_get_num_renegotiates.3 => BIO_f_ssl.3
BIO_set_ssl_renegotiate_timeout.3 => BIO_f_ssl.3
BIO_new_ssl.3 => BIO_f_ssl.3
BIO_new_ssl_connect.3 => BIO_f_ssl.3
BIO_new_buffer_ssl_connect.3 => BIO_f_ssl.3
BIO_ssl_copy_session_id.3 => BIO_f_ssl.3
BIO_ssl_shutdown.3 => BIO_f_ssl.3
installing man3/BIO_find_type.3
BIO_next.3 => BIO_find_type.3
installing man3/BIO_new.3
BIO_set.3 => BIO_new.3
BIO_free.3 => BIO_new.3
BIO_vfree.3 => BIO_new.3
BIO_free_all.3 => BIO_new.3
installing man3/BIO_new_CMS.3
installing man3/BIO_push.3
BIO_pop.3 => BIO_push.3
installing man3/BIO_read.3
BIO_write.3 => BIO_read.3
BIO_gets.3 => BIO_read.3
BIO_puts.3 => BIO_read.3
installing man3/BIO_s_accept.3
BIO_set_accept_port.3 => BIO_s_accept.3
BIO_get_accept_port.3 => BIO_s_accept.3
BIO_set_nbio_accept.3 => BIO_s_accept.3
BIO_set_accept_bios.3 => BIO_s_accept.3
BIO_set_bind_mode.3 => BIO_s_accept.3
BIO_get_bind_mode.3 => BIO_s_accept.3
BIO_do_accept.3 => BIO_s_accept.3
installing man3/BIO_s_bio.3
BIO_make_bio_pair.3 => BIO_s_bio.3
BIO_destroy_bio_pair.3 => BIO_s_bio.3
BIO_shutdown_wr.3 => BIO_s_bio.3
BIO_set_write_buf_size.3 => BIO_s_bio.3
BIO_get_write_buf_size.3 => BIO_s_bio.3
BIO_new_bio_pair.3 => BIO_s_bio.3
BIO_get_write_guarantee.3 => BIO_s_bio.3
BIO_ctrl_get_write_guarantee.3 => BIO_s_bio.3
BIO_get_read_request.3 => BIO_s_bio.3
BIO_ctrl_get_read_request.3 => BIO_s_bio.3
BIO_ctrl_reset_read_request.3 => BIO_s_bio.3
installing man3/BIO_s_connect.3
BIO_set_conn_hostname.3 => BIO_s_connect.3
BIO_set_conn_port.3 => BIO_s_connect.3
BIO_set_conn_ip.3 => BIO_s_connect.3
BIO_set_conn_int_port.3 => BIO_s_connect.3
BIO_get_conn_hostname.3 => BIO_s_connect.3
BIO_get_conn_port.3 => BIO_s_connect.3
BIO_get_conn_ip.3 => BIO_s_connect.3
BIO_get_conn_int_port.3 => BIO_s_connect.3
BIO_set_nbio.3 => BIO_s_connect.3
BIO_do_connect.3 => BIO_s_connect.3
installing man3/BIO_s_fd.3
BIO_set_fd.3 => BIO_s_fd.3
BIO_get_fd.3 => BIO_s_fd.3
BIO_new_fd.3 => BIO_s_fd.3
installing man3/BIO_s_file.3
BIO_new_file.3 => BIO_s_file.3
BIO_new_fp.3 => BIO_s_file.3
BIO_set_fp.3 => BIO_s_file.3
BIO_get_fp.3 => BIO_s_file.3
BIO_read_filename.3 => BIO_s_file.3
BIO_write_filename.3 => BIO_s_file.3
BIO_append_filename.3 => BIO_s_file.3
BIO_rw_filename.3 => BIO_s_file.3
installing man3/BIO_s_mem.3
BIO_set_mem_eof_return.3 => BIO_s_mem.3
BIO_get_mem_data.3 => BIO_s_mem.3
BIO_set_mem_buf.3 => BIO_s_mem.3
BIO_get_mem_ptr.3 => BIO_s_mem.3
BIO_new_mem_buf.3 => BIO_s_mem.3
installing man3/BIO_s_null.3
installing man3/BIO_s_socket.3
BIO_new_socket.3 => BIO_s_socket.3
installing man3/BIO_set_callback.3
BIO_get_callback.3 => BIO_set_callback.3
BIO_set_callback_arg.3 => BIO_set_callback.3
BIO_get_callback_arg.3 => BIO_set_callback.3
BIO_debug_callback.3 => BIO_set_callback.3
installing man3/BIO_should_retry.3
BIO_should_read.3 => BIO_should_retry.3
BIO_should_write.3 => BIO_should_retry.3
BIO_should_io_special.3 => BIO_should_retry.3
BIO_retry_type.3 => BIO_should_retry.3
BIO_get_retry_BIO.3 => BIO_should_retry.3
BIO_get_retry_reason.3 => BIO_should_retry.3
installing man3/BN_BLINDING_new.3
BN_BLINDING_free.3 => BN_BLINDING_new.3
BN_BLINDING_update.3 => BN_BLINDING_new.3
BN_BLINDING_convert.3 => BN_BLINDING_new.3
BN_BLINDING_invert.3 => BN_BLINDING_new.3
BN_BLINDING_convert_ex.3 => BN_BLINDING_new.3
BN_BLINDING_invert_ex.3 => BN_BLINDING_new.3
BN_BLINDING_get_thread_id.3 => BN_BLINDING_new.3
BN_BLINDING_set_thread_id.3 => BN_BLINDING_new.3
BN_BLINDING_get_flags.3 => BN_BLINDING_new.3
BN_BLINDING_set_flags.3 => BN_BLINDING_new.3
BN_BLINDING_create_param.3 => BN_BLINDING_new.3
installing man3/BN_CTX_new.3
BN_CTX_init.3 => BN_CTX_new.3
BN_CTX_free.3 => BN_CTX_new.3
installing man3/BN_CTX_start.3
BN_CTX_get.3 => BN_CTX_start.3
BN_CTX_end.3 => BN_CTX_start.3
installing man3/BN_add.3
BN_sub.3 => BN_add.3
BN_mul.3 => BN_add.3
BN_sqr.3 => BN_add.3
BN_div.3 => BN_add.3
BN_mod.3 => BN_add.3
BN_nnmod.3 => BN_add.3
BN_mod_add.3 => BN_add.3
BN_mod_sub.3 => BN_add.3
BN_mod_mul.3 => BN_add.3
BN_mod_sqr.3 => BN_add.3
BN_exp.3 => BN_add.3
BN_mod_exp.3 => BN_add.3
BN_gcd.3 => BN_add.3
installing man3/BN_add_word.3
BN_sub_word.3 => BN_add_word.3
BN_mul_word.3 => BN_add_word.3
BN_div_word.3 => BN_add_word.3
BN_mod_word.3 => BN_add_word.3
installing man3/BN_bn2bin.3
BN_bin2bn.3 => BN_bn2bin.3
BN_bn2hex.3 => BN_bn2bin.3
BN_bn2dec.3 => BN_bn2bin.3
BN_hex2bn.3 => BN_bn2bin.3
BN_dec2bn.3 => BN_bn2bin.3
BN_print.3 => BN_bn2bin.3
BN_print_fp.3 => BN_bn2bin.3
BN_bn2mpi.3 => BN_bn2bin.3
BN_mpi2bn.3 => BN_bn2bin.3
installing man3/BN_cmp.3
BN_ucmp.3 => BN_cmp.3
BN_is_zero.3 => BN_cmp.3
BN_is_one.3 => BN_cmp.3
BN_is_word.3 => BN_cmp.3
BN_is_odd.3 => BN_cmp.3
installing man3/BN_copy.3
BN_dup.3 => BN_copy.3
installing man3/BN_generate_prime.3
BN_is_prime.3 => BN_generate_prime.3
BN_is_prime_fasttest.3 => BN_generate_prime.3
installing man3/BN_mod_inverse.3
installing man3/BN_mod_mul_montgomery.3
BN_MONT_CTX_new.3 => BN_mod_mul_montgomery.3
BN_MONT_CTX_init.3 => BN_mod_mul_montgomery.3
BN_MONT_CTX_free.3 => BN_mod_mul_montgomery.3
BN_MONT_CTX_set.3 => BN_mod_mul_montgomery.3
BN_MONT_CTX_copy.3 => BN_mod_mul_montgomery.3
BN_from_montgomery.3 => BN_mod_mul_montgomery.3
BN_to_montgomery.3 => BN_mod_mul_montgomery.3
installing man3/BN_mod_mul_reciprocal.3
BN_div_recp.3 => BN_mod_mul_reciprocal.3
BN_RECP_CTX_new.3 => BN_mod_mul_reciprocal.3
BN_RECP_CTX_init.3 => BN_mod_mul_reciprocal.3
BN_RECP_CTX_free.3 => BN_mod_mul_reciprocal.3
BN_RECP_CTX_set.3 => BN_mod_mul_reciprocal.3
installing man3/BN_new.3
BN_init.3 => BN_new.3
BN_clear.3 => BN_new.3
BN_free.3 => BN_new.3
BN_clear_free.3 => BN_new.3
installing man3/BN_num_bytes.3
BN_num_bits.3 => BN_num_bytes.3
BN_num_bits_word.3 => BN_num_bytes.3
installing man3/BN_rand.3
BN_pseudo_rand.3 => BN_rand.3
installing man3/BN_set_bit.3
BN_clear_bit.3 => BN_set_bit.3
BN_is_bit_set.3 => BN_set_bit.3
BN_mask_bits.3 => BN_set_bit.3
BN_lshift.3 => BN_set_bit.3
BN_lshift1.3 => BN_set_bit.3
BN_rshift.3 => BN_set_bit.3
BN_rshift1.3 => BN_set_bit.3
installing man3/BN_swap.3
installing man3/BN_zero.3
BN_one.3 => BN_zero.3
BN_value_one.3 => BN_zero.3
BN_set_word.3 => BN_zero.3
BN_get_word.3 => BN_zero.3
installing man3/CMS_add0_cert.3
CMS_add1_cert.3 => CMS_add0_cert.3
CMS_get1_certs.3 => CMS_add0_cert.3
CMS_add0_crl.3 => CMS_add0_cert.3
CMS_get1_crls.3 => CMS_add0_cert.3
installing man3/CMS_add1_recipient_cert.3
CMS_add0_recipient_key.3 => CMS_add1_recipient_cert.3
installing man3/CMS_add1_signer.3
CMS_SignerInfo_sign.3 => CMS_add1_signer.3
installing man3/CMS_compress.3
installing man3/CMS_decrypt.3
installing man3/CMS_encrypt.3
installing man3/CMS_final.3
installing man3/CMS_get0_RecipientInfos.3
CMS_RecipientInfo_type.3 => CMS_get0_RecipientInfos.3
CMS_RecipientInfo_ktri_get0_signer_id.3 => CMS_get0_RecipientInfos.3
CMS_RecipientInfo_ktri_cert_cmp.3 => CMS_get0_RecipientInfos.3
CMS_RecipientInfo_set0_pkey.3 => CMS_get0_RecipientInfos.3
CMS_RecipientInfo_kekri_get0_id.3 => CMS_get0_RecipientInfos.3
CMS_RecipientInfo_kekri_id_cmp.3 => CMS_get0_RecipientInfos.3
CMS_RecipientInfo_set0_key.3 => CMS_get0_RecipientInfos.3
CMS_RecipientInfo_decrypt.3 => CMS_get0_RecipientInfos.3
installing man3/CMS_get0_SignerInfos.3
CMS_SignerInfo_get0_signer_id.3 => CMS_get0_SignerInfos.3
CMS_SignerInfo_cert_cmp.3 => CMS_get0_SignerInfos.3
CMS_set1_signer_certs.3 => CMS_get0_SignerInfos.3
installing man3/CMS_get0_type.3
CMS_set1_eContentType.3 => CMS_get0_type.3
CMS_get0_eContentType.3 => CMS_get0_type.3
installing man3/CMS_get1_ReceiptRequest.3
CMS_ReceiptRequest_create0.3 => CMS_get1_ReceiptRequest.3
CMS_add1_ReceiptRequest.3 => CMS_get1_ReceiptRequest.3
CMS_ReceiptRequest_get0_values.3 => CMS_get1_ReceiptRequest.3
installing man3/CMS_sign.3
installing man3/CMS_sign_receipt.3
installing man3/CMS_uncompress.3
installing man3/CMS_verify.3
installing man3/CMS_verify_receipt.3
installing man3/CONF_modules_free.3
CONF_modules_finish.3 => CONF_modules_free.3
CONF_modules_unload.3 => CONF_modules_free.3
installing man3/CONF_modules_load_file.3
CONF_modules_load.3 => CONF_modules_load_file.3
installing man3/CRYPTO_set_ex_data.3
CRYPTO_get_ex_data.3 => CRYPTO_set_ex_data.3
installing man3/DH_generate_key.3
DH_compute_key.3 => DH_generate_key.3
installing man3/DH_generate_parameters.3
DH_check.3 => DH_generate_parameters.3
installing man3/DH_get_ex_new_index.3
DH_set_ex_data.3 => DH_get_ex_new_index.3
DH_get_ex_data.3 => DH_get_ex_new_index.3
installing man3/DH_new.3
DH_free.3 => DH_new.3
installing man3/DH_set_method.3
DH_set_default_method.3 => DH_set_method.3
DH_get_default_method.3 => DH_set_method.3
DH_new_method.3 => DH_set_method.3
DH_OpenSSL.3 => DH_set_method.3
installing man3/DH_size.3
installing man3/DSA_SIG_new.3
DSA_SIG_free.3 => DSA_SIG_new.3
installing man3/DSA_do_sign.3
DSA_do_verify.3 => DSA_do_sign.3
installing man3/DSA_dup_DH.3
installing man3/DSA_generate_key.3
installing man3/DSA_generate_parameters.3
installing man3/DSA_get_ex_new_index.3
DSA_set_ex_data.3 => DSA_get_ex_new_index.3
DSA_get_ex_data.3 => DSA_get_ex_new_index.3
installing man3/DSA_new.3
DSA_free.3 => DSA_new.3
installing man3/DSA_set_method.3
DSA_set_default_method.3 => DSA_set_method.3
DSA_get_default_method.3 => DSA_set_method.3
DSA_new_method.3 => DSA_set_method.3
DSA_OpenSSL.3 => DSA_set_method.3
installing man3/DSA_sign.3
DSA_sign_setup.3 => DSA_sign.3
DSA_verify.3 => DSA_sign.3
installing man3/DSA_size.3
installing man3/ERR_GET_LIB.3
ERR_GET_FUNC.3 => ERR_GET_LIB.3
ERR_GET_REASON.3 => ERR_GET_LIB.3
installing man3/ERR_clear_error.3
installing man3/ERR_error_string.3
ERR_error_string_n.3 => ERR_error_string.3
ERR_lib_error_string.3 => ERR_error_string.3
ERR_func_error_string.3 => ERR_error_string.3
ERR_reason_error_string.3 => ERR_error_string.3
installing man3/ERR_get_error.3
ERR_peek_error.3 => ERR_get_error.3
ERR_peek_last_error.3 => ERR_get_error.3
ERR_get_error_line.3 => ERR_get_error.3
ERR_peek_error_line.3 => ERR_get_error.3
ERR_peek_last_error_line.3 => ERR_get_error.3
ERR_get_error_line_data.3 => ERR_get_error.3
ERR_peek_error_line_data.3 => ERR_get_error.3
ERR_peek_last_error_line_data.3 => ERR_get_error.3
installing man3/ERR_load_crypto_strings.3
SSL_load_error_strings.3 => ERR_load_crypto_strings.3
ERR_free_strings.3 => ERR_load_crypto_strings.3
installing man3/ERR_load_strings.3
ERR_PACK.3 => ERR_load_strings.3
ERR_get_next_error_library.3 => ERR_load_strings.3
installing man3/ERR_print_errors.3
ERR_print_errors_fp.3 => ERR_print_errors.3
installing man3/ERR_put_error.3
ERR_add_error_data.3 => ERR_put_error.3
installing man3/ERR_remove_state.3
installing man3/ERR_set_mark.3
ERR_pop_to_mark.3 => ERR_set_mark.3
installing man3/EVP_BytesToKey.3
installing man3/EVP_DigestInit.3
EVP_MD_CTX_init.3 => EVP_DigestInit.3
EVP_MD_CTX_create.3 => EVP_DigestInit.3
EVP_DigestInit_ex.3 => EVP_DigestInit.3
EVP_DigestUpdate.3 => EVP_DigestInit.3
EVP_DigestFinal_ex.3 => EVP_DigestInit.3
EVP_MD_CTX_cleanup.3 => EVP_DigestInit.3
EVP_MD_CTX_destroy.3 => EVP_DigestInit.3
EVP_MAX_MD_SIZE.3 => EVP_DigestInit.3
EVP_MD_CTX_copy_ex.3 => EVP_DigestInit.3
EVP_MD_CTX_copy.3 => EVP_DigestInit.3
EVP_MD_type.3 => EVP_DigestInit.3
EVP_MD_pkey_type.3 => EVP_DigestInit.3
EVP_MD_size.3 => EVP_DigestInit.3
EVP_MD_block_size.3 => EVP_DigestInit.3
EVP_MD_CTX_md.3 => EVP_DigestInit.3
EVP_MD_CTX_size.3 => EVP_DigestInit.3
EVP_MD_CTX_block_size.3 => EVP_DigestInit.3
EVP_MD_CTX_type.3 => EVP_DigestInit.3
EVP_md_null.3 => EVP_DigestInit.3
EVP_md2.3 => EVP_DigestInit.3
EVP_md5.3 => EVP_DigestInit.3
EVP_sha.3 => EVP_DigestInit.3
EVP_sha1.3 => EVP_DigestInit.3
EVP_sha224.3 => EVP_DigestInit.3
EVP_sha256.3 => EVP_DigestInit.3
EVP_sha384.3 => EVP_DigestInit.3
EVP_sha512.3 => EVP_DigestInit.3
EVP_dss.3 => EVP_DigestInit.3
EVP_dss1.3 => EVP_DigestInit.3
EVP_mdc2.3 => EVP_DigestInit.3
EVP_ripemd160.3 => EVP_DigestInit.3
EVP_get_digestbyname.3 => EVP_DigestInit.3
EVP_get_digestbynid.3 => EVP_DigestInit.3
EVP_get_digestbyobj.3 => EVP_DigestInit.3
installing man3/EVP_DigestSignInit.3
EVP_DigestSignUpdate.3 => EVP_DigestSignInit.3
EVP_DigestSignFinal.3 => EVP_DigestSignInit.3
installing man3/EVP_DigestVerifyInit.3
EVP_DigestVerifyUpdate.3 => EVP_DigestVerifyInit.3
EVP_DigestVerifyFinal.3 => EVP_DigestVerifyInit.3
installing man3/EVP_EncryptInit.3
EVP_CIPHER_CTX_init.3 => EVP_EncryptInit.3
EVP_EncryptInit_ex.3 => EVP_EncryptInit.3
EVP_EncryptUpdate.3 => EVP_EncryptInit.3
EVP_EncryptFinal_ex.3 => EVP_EncryptInit.3
EVP_DecryptInit_ex.3 => EVP_EncryptInit.3
EVP_DecryptUpdate.3 => EVP_EncryptInit.3
EVP_DecryptFinal_ex.3 => EVP_EncryptInit.3
EVP_CipherInit_ex.3 => EVP_EncryptInit.3
EVP_CipherUpdate.3 => EVP_EncryptInit.3
EVP_CipherFinal_ex.3 => EVP_EncryptInit.3
EVP_CIPHER_CTX_set_key_length.3 => EVP_EncryptInit.3
EVP_CIPHER_CTX_ctrl.3 => EVP_EncryptInit.3
EVP_CIPHER_CTX_cleanup.3 => EVP_EncryptInit.3
EVP_EncryptFinal.3 => EVP_EncryptInit.3
EVP_DecryptInit.3 => EVP_EncryptInit.3
EVP_DecryptFinal.3 => EVP_EncryptInit.3
EVP_CipherInit.3 => EVP_EncryptInit.3
EVP_CipherFinal.3 => EVP_EncryptInit.3
EVP_get_cipherbyname.3 => EVP_EncryptInit.3
EVP_get_cipherbynid.3 => EVP_EncryptInit.3
EVP_get_cipherbyobj.3 => EVP_EncryptInit.3
EVP_CIPHER_nid.3 => EVP_EncryptInit.3
EVP_CIPHER_block_size.3 => EVP_EncryptInit.3
EVP_CIPHER_key_length.3 => EVP_EncryptInit.3
EVP_CIPHER_iv_length.3 => EVP_EncryptInit.3
EVP_CIPHER_flags.3 => EVP_EncryptInit.3
EVP_CIPHER_mode.3 => EVP_EncryptInit.3
EVP_CIPHER_type.3 => EVP_EncryptInit.3
EVP_CIPHER_CTX_cipher.3 => EVP_EncryptInit.3
EVP_CIPHER_CTX_nid.3 => EVP_EncryptInit.3
EVP_CIPHER_CTX_block_size.3 => EVP_EncryptInit.3
EVP_CIPHER_CTX_key_length.3 => EVP_EncryptInit.3
EVP_CIPHER_CTX_iv_length.3 => EVP_EncryptInit.3
EVP_CIPHER_CTX_get_app_data.3 => EVP_EncryptInit.3
EVP_CIPHER_CTX_set_app_data.3 => EVP_EncryptInit.3
EVP_CIPHER_CTX_type.3 => EVP_EncryptInit.3
EVP_CIPHER_CTX_flags.3 => EVP_EncryptInit.3
EVP_CIPHER_CTX_mode.3 => EVP_EncryptInit.3
EVP_CIPHER_param_to_asn1.3 => EVP_EncryptInit.3
EVP_CIPHER_asn1_to_param.3 => EVP_EncryptInit.3
EVP_CIPHER_CTX_set_padding.3 => EVP_EncryptInit.3
installing man3/EVP_OpenInit.3
EVP_OpenUpdate.3 => EVP_OpenInit.3
EVP_OpenFinal.3 => EVP_OpenInit.3
installing man3/EVP_PKEY_CTX_ctrl.3
EVP_PKEY_ctrl.3 => EVP_PKEY_CTX_ctrl.3
EVP_PKEY_ctrl_str.3 => EVP_PKEY_CTX_ctrl.3
installing man3/EVP_PKEY_CTX_new.3
EVP_PKEY_CTX_new_id.3 => EVP_PKEY_CTX_new.3
EVP_PKEY_CTX_dup.3 => EVP_PKEY_CTX_new.3
EVP_PKEY_CTX_free.3 => EVP_PKEY_CTX_new.3
installing man3/EVP_PKEY_cmp.3
EVP_PKEY_copy_parameters.3 => EVP_PKEY_cmp.3
EVP_PKEY_missing_parameters.3 => EVP_PKEY_cmp.3
EVP_PKEY_cmp_parameters.3 => EVP_PKEY_cmp.3
installing man3/EVP_PKEY_decrypt.3
EVP_PKEY_decrypt_init.3 => EVP_PKEY_decrypt.3
installing man3/EVP_PKEY_derive.3
EVP_PKEY_derive_init.3 => EVP_PKEY_derive.3
EVP_PKEY_derive_set_peer.3 => EVP_PKEY_derive.3
installing man3/EVP_PKEY_encrypt.3
EVP_PKEY_encrypt_init.3 => EVP_PKEY_encrypt.3
installing man3/EVP_PKEY_get_default_digest.3
EVP_PKEY_get_default_digest_nid.3 => EVP_PKEY_get_default_digest.3
installing man3/EVP_PKEY_keygen.3
EVP_PKEY_keygen_init.3 => EVP_PKEY_keygen.3
EVP_PKEY_paramgen_init.3 => EVP_PKEY_keygen.3
EVP_PKEY_paramgen.3 => EVP_PKEY_keygen.3
EVP_PKEY_CTX_set_cb.3 => EVP_PKEY_keygen.3
EVP_PKEY_CTX_get_cb.3 => EVP_PKEY_keygen.3
EVP_PKEY_CTX_get_keygen_info.3 => EVP_PKEY_keygen.3
EVP_PKEVP_PKEY_CTX_set_app_data.3 => EVP_PKEY_keygen.3
EVP_PKEY_CTX_get_app_data.3 => EVP_PKEY_keygen.3
installing man3/EVP_PKEY_new.3
EVP_PKEY_free.3 => EVP_PKEY_new.3
installing man3/EVP_PKEY_print_private.3
EVP_PKEY_print_public.3 => EVP_PKEY_print_private.3
EVP_PKEY_print_params.3 => EVP_PKEY_print_private.3
installing man3/EVP_PKEY_set1_RSA.3
EVP_PKEY_set1_DSA.3 => EVP_PKEY_set1_RSA.3
EVP_PKEY_set1_DH.3 => EVP_PKEY_set1_RSA.3
EVP_PKEY_set1_EC_KEY.3 => EVP_PKEY_set1_RSA.3
EVP_PKEY_get1_RSA.3 => EVP_PKEY_set1_RSA.3
EVP_PKEY_get1_DSA.3 => EVP_PKEY_set1_RSA.3
EVP_PKEY_get1_DH.3 => EVP_PKEY_set1_RSA.3
EVP_PKEY_get1_EC_KEY.3 => EVP_PKEY_set1_RSA.3
EVP_PKEY_assign_RSA.3 => EVP_PKEY_set1_RSA.3
EVP_PKEY_assign_DSA.3 => EVP_PKEY_set1_RSA.3
EVP_PKEY_assign_DH.3 => EVP_PKEY_set1_RSA.3
EVP_PKEY_assign_EC_KEY.3 => EVP_PKEY_set1_RSA.3
EVP_PKEY_type.3 => EVP_PKEY_set1_RSA.3
installing man3/EVP_PKEY_sign.3
EVP_PKEY_sign_init.3 => EVP_PKEY_sign.3
installing man3/EVP_PKEY_verify.3
EVP_PKEY_verify_init.3 => EVP_PKEY_verify.3
installing man3/EVP_PKEY_verify_recover.3
EVP_PKEY_verify_recover_init.3 => EVP_PKEY_verify_recover.3
installing man3/EVP_SealInit.3
EVP_SealUpdate.3 => EVP_SealInit.3
EVP_SealFinal.3 => EVP_SealInit.3
installing man3/EVP_SignInit.3
EVP_SignUpdate.3 => EVP_SignInit.3
EVP_SignFinal.3 => EVP_SignInit.3
installing man3/EVP_VerifyInit.3
EVP_VerifyUpdate.3 => EVP_VerifyInit.3
EVP_VerifyFinal.3 => EVP_VerifyInit.3
installing man3/OBJ_nid2obj.3
OBJ_nid2ln.3 => OBJ_nid2obj.3
OBJ_nid2sn.3 => OBJ_nid2obj.3
OBJ_obj2nid.3 => OBJ_nid2obj.3
OBJ_txt2nid.3 => OBJ_nid2obj.3
OBJ_ln2nid.3 => OBJ_nid2obj.3
OBJ_sn2nid.3 => OBJ_nid2obj.3
OBJ_cmp.3 => OBJ_nid2obj.3
OBJ_dup.3 => OBJ_nid2obj.3
OBJ_txt2obj.3 => OBJ_nid2obj.3
OBJ_obj2txt.3 => OBJ_nid2obj.3
OBJ_create.3 => OBJ_nid2obj.3
OBJ_cleanup.3 => OBJ_nid2obj.3
installing man3/OPENSSL_Applink.3
installing man3/OPENSSL_VERSION_NUMBER.3
SSLeay.3 => OPENSSL_VERSION_NUMBER.3
SSLeay_version.3 => OPENSSL_VERSION_NUMBER.3
installing man3/OPENSSL_config.3
OPENSSL_no_config.3 => OPENSSL_config.3
installing man3/OPENSSL_ia32cap.3
installing man3/OPENSSL_load_builtin_modules.3
installing man3/OpenSSL_add_all_algorithms.3
OpenSSL_add_all_ciphers.3 => OpenSSL_add_all_algorithms.3
OpenSSL_add_all_digests.3 => OpenSSL_add_all_algorithms.3
installing man3/PEM_write_bio_CMS_stream.3
installing man3/PEM_write_bio_PKCS7_stream.3
installing man3/PKCS12_create.3
installing man3/PKCS12_parse.3
installing man3/PKCS7_decrypt.3
installing man3/PKCS7_encrypt.3
installing man3/PKCS7_sign.3
installing man3/PKCS7_sign_add_signer.3
installing man3/PKCS7_verify.3
installing man3/RAND_add.3
RAND_seed.3 => RAND_add.3
RAND_status.3 => RAND_add.3
RAND_event.3 => RAND_add.3
RAND_screen.3 => RAND_add.3
installing man3/RAND_bytes.3
RAND_pseudo_bytes.3 => RAND_bytes.3
installing man3/RAND_cleanup.3
installing man3/RAND_egd.3
installing man3/RAND_load_file.3
RAND_write_file.3 => RAND_load_file.3
RAND_file_name.3 => RAND_load_file.3
installing man3/RAND_set_rand_method.3
RAND_get_rand_method.3 => RAND_set_rand_method.3
RAND_SSLeay.3 => RAND_set_rand_method.3
installing man3/RSA_blinding_on.3
RSA_blinding_off.3 => RSA_blinding_on.3
installing man3/RSA_check_key.3
installing man3/RSA_generate_key.3
installing man3/RSA_get_ex_new_index.3
RSA_set_ex_data.3 => RSA_get_ex_new_index.3
RSA_get_ex_data.3 => RSA_get_ex_new_index.3
installing man3/RSA_new.3
RSA_free.3 => RSA_new.3
installing man3/RSA_padding_add_PKCS1_type_1.3
RSA_padding_check_PKCS1_type_1.3 => RSA_padding_add_PKCS1_type_1.3
RSA_padding_add_PKCS1_type_2.3 => RSA_padding_add_PKCS1_type_1.3
RSA_padding_check_PKCS1_type_2.3 => RSA_padding_add_PKCS1_type_1.3
RSA_padding_add_PKCS1_OAEP.3 => RSA_padding_add_PKCS1_type_1.3
RSA_padding_check_PKCS1_OAEP.3 => RSA_padding_add_PKCS1_type_1.3
RSA_padding_add_SSLv23.3 => RSA_padding_add_PKCS1_type_1.3
RSA_padding_check_SSLv23.3 => RSA_padding_add_PKCS1_type_1.3
RSA_padding_add_none.3 => RSA_padding_add_PKCS1_type_1.3
RSA_padding_check_none.3 => RSA_padding_add_PKCS1_type_1.3
installing man3/RSA_print.3
RSA_print_fp.3 => RSA_print.3
DSAparams_print.3 => RSA_print.3
DSAparams_print_fp.3 => RSA_print.3
DSA_print.3 => RSA_print.3
DSA_print_fp.3 => RSA_print.3
DHparams_print.3 => RSA_print.3
DHparams_print_fp.3 => RSA_print.3
installing man3/RSA_private_encrypt.3
RSA_public_decrypt.3 => RSA_private_encrypt.3
installing man3/RSA_public_encrypt.3
RSA_private_decrypt.3 => RSA_public_encrypt.3
installing man3/RSA_set_method.3
RSA_set_default_method.3 => RSA_set_method.3
RSA_get_default_method.3 => RSA_set_method.3
RSA_get_method.3 => RSA_set_method.3
RSA_PKCS1_SSLeay.3 => RSA_set_method.3
RSA_null_method.3 => RSA_set_method.3
RSA_flags.3 => RSA_set_method.3
RSA_new_method.3 => RSA_set_method.3
installing man3/RSA_sign.3
RSA_verify.3 => RSA_sign.3
installing man3/RSA_sign_ASN1_OCTET_STRING.3
RSA_verify_ASN1_OCTET_STRING.3 => RSA_sign_ASN1_OCTET_STRING.3
installing man3/RSA_size.3
installing man3/SMIME_read_CMS.3
installing man3/SMIME_read_PKCS7.3
installing man3/SMIME_write_CMS.3
installing man3/SMIME_write_PKCS7.3
installing man3/X509_NAME_ENTRY_get_object.3
X509_NAME_ENTRY_get_data.3 => X509_NAME_ENTRY_get_object.3
X509_NAME_ENTRY_set_object.3 => X509_NAME_ENTRY_get_object.3
X509_NAME_ENTRY_set_data.3 => X509_NAME_ENTRY_get_object.3
X509_NAME_ENTRY_create_by_txt.3 => X509_NAME_ENTRY_get_object.3
X509_NAME_ENTRY_create_by_NID.3 => X509_NAME_ENTRY_get_object.3
X509_NAME_ENTRY_create_by_OBJ.3 => X509_NAME_ENTRY_get_object.3
installing man3/X509_NAME_add_entry_by_txt.3
X509_NAME_add_entry_by_OBJ.3 => X509_NAME_add_entry_by_txt.3
X509_NAME_add_entry_by_NID.3 => X509_NAME_add_entry_by_txt.3
X509_NAME_add_entry.3 => X509_NAME_add_entry_by_txt.3
X509_NAME_delete_entry.3 => X509_NAME_add_entry_by_txt.3
installing man3/X509_NAME_get_index_by_NID.3
X509_NAME_get_index_by_OBJ.3 => X509_NAME_get_index_by_NID.3
X509_NAME_get_entry.3 => X509_NAME_get_index_by_NID.3
X509_NAME_entry_count.3 => X509_NAME_get_index_by_NID.3
X509_NAME_get_text_by_NID.3 => X509_NAME_get_index_by_NID.3
X509_NAME_get_text_by_OBJ.3 => X509_NAME_get_index_by_NID.3
installing man3/X509_NAME_print_ex.3
X509_NAME_print_ex_fp.3 => X509_NAME_print_ex.3
X509_NAME_print.3 => X509_NAME_print_ex.3
X509_NAME_oneline.3 => X509_NAME_print_ex.3
installing man3/X509_STORE_CTX_get_error.3
X509_STORE_CTX_set_error.3 => X509_STORE_CTX_get_error.3
X509_STORE_CTX_get_error_depth.3 => X509_STORE_CTX_get_error.3
X509_STORE_CTX_get_current_cert.3 => X509_STORE_CTX_get_error.3
X509_STORE_CTX_get1_chain.3 => X509_STORE_CTX_get_error.3
X509_verify_cert_error_string.3 => X509_STORE_CTX_get_error.3
installing man3/X509_STORE_CTX_get_ex_new_index.3
X509_STORE_CTX_set_ex_data.3 => X509_STORE_CTX_get_ex_new_index.3
X509_STORE_CTX_get_ex_data.3 => X509_STORE_CTX_get_ex_new_index.3
installing man3/X509_STORE_CTX_new.3
X509_STORE_CTX_cleanup.3 => X509_STORE_CTX_new.3
X509_STORE_CTX_free.3 => X509_STORE_CTX_new.3
X509_STORE_CTX_init.3 => X509_STORE_CTX_new.3
X509_STORE_CTX_trusted_stack.3 => X509_STORE_CTX_new.3
X509_STORE_CTX_set_cert.3 => X509_STORE_CTX_new.3
X509_STORE_CTX_set_chain.3 => X509_STORE_CTX_new.3
X509_STORE_CTX_set0_crls.3 => X509_STORE_CTX_new.3
X509_STORE_CTX_get0_param.3 => X509_STORE_CTX_new.3
X509_STORE_CTX_set0_param.3 => X509_STORE_CTX_new.3
X509_STORE_CTX_set_default.3 => X509_STORE_CTX_new.3
installing man3/X509_STORE_CTX_set_verify_cb.3
installing man3/X509_STORE_set_verify_cb_func.3
X509_STORE_set_verify_cb.3 => X509_STORE_set_verify_cb_func.3
installing man3/X509_VERIFY_PARAM_set_flags.3
X509_VERIFY_PARAM_clear_flags.3 => X509_VERIFY_PARAM_set_flags.3
X509_VERIFY_PARAM_get_flags.3 => X509_VERIFY_PARAM_set_flags.3
X509_VERIFY_PARAM_set_purpose.3 => X509_VERIFY_PARAM_set_flags.3
X509_VERIFY_PARAM_set_trust.3 => X509_VERIFY_PARAM_set_flags.3
X509_VERIFY_PARAM_set_depth.3 => X509_VERIFY_PARAM_set_flags.3
X509_VERIFY_PARAM_get_depth.3 => X509_VERIFY_PARAM_set_flags.3
X509_VERIFY_PARAM_set_time.3 => X509_VERIFY_PARAM_set_flags.3
X509_VERIFY_PARAM_add0_policy.3 => X509_VERIFY_PARAM_set_flags.3
X509_VERIFY_PARAM_set1_policies.3 => X509_VERIFY_PARAM_set_flags.3
installing man3/X509_new.3
X509_free.3 => X509_new.3
installing man3/X509_verify_cert.3
installing man3/bio.3
installing man3/blowfish.3
BF_set_key.3 => blowfish.3
BF_encrypt.3 => blowfish.3
BF_decrypt.3 => blowfish.3
BF_ecb_encrypt.3 => blowfish.3
BF_cbc_encrypt.3 => blowfish.3
BF_cfb64_encrypt.3 => blowfish.3
BF_ofb64_encrypt.3 => blowfish.3
BF_options.3 => blowfish.3
installing man3/bn.3
installing man3/bn_internal.3
bn_mul_words.3 => bn_internal.3
bn_mul_add_words.3 => bn_internal.3
bn_sqr_words.3 => bn_internal.3
bn_div_words.3 => bn_internal.3
bn_add_words.3 => bn_internal.3
bn_sub_words.3 => bn_internal.3
bn_mul_comba4.3 => bn_internal.3
bn_mul_comba8.3 => bn_internal.3
bn_sqr_comba4.3 => bn_internal.3
bn_sqr_comba8.3 => bn_internal.3
bn_cmp_words.3 => bn_internal.3
bn_mul_normal.3 => bn_internal.3
bn_mul_low_normal.3 => bn_internal.3
bn_mul_recursive.3 => bn_internal.3
bn_mul_part_recursive.3 => bn_internal.3
bn_mul_low_recursive.3 => bn_internal.3
bn_mul_high.3 => bn_internal.3
bn_sqr_normal.3 => bn_internal.3
bn_sqr_recursive.3 => bn_internal.3
bn_expand.3 => bn_internal.3
bn_wexpand.3 => bn_internal.3
bn_expand2.3 => bn_internal.3
bn_fix_top.3 => bn_internal.3
bn_check_top.3 => bn_internal.3
bn_print.3 => bn_internal.3
bn_dump.3 => bn_internal.3
bn_set_max.3 => bn_internal.3
bn_set_high.3 => bn_internal.3
bn_set_low.3 => bn_internal.3
installing man3/buffer.3
BUF_MEM_new.3 => buffer.3
BUF_MEM_free.3 => buffer.3
BUF_MEM_grow.3 => buffer.3
BUF_strdup.3 => buffer.3
installing man3/crypto.3
installing man3/d2i_ASN1_OBJECT.3
i2d_ASN1_OBJECT.3 => d2i_ASN1_OBJECT.3
installing man3/d2i_DHparams.3
i2d_DHparams.3 => d2i_DHparams.3
installing man3/d2i_DSAPublicKey.3
i2d_DSAPublicKey.3 => d2i_DSAPublicKey.3
d2i_DSAPrivateKey.3 => d2i_DSAPublicKey.3
i2d_DSAPrivateKey.3 => d2i_DSAPublicKey.3
d2i_DSA_PUBKEY.3 => d2i_DSAPublicKey.3
i2d_DSA_PUBKEY.3 => d2i_DSAPublicKey.3
d2i_DSA_SIG.3 => d2i_DSAPublicKey.3
i2d_DSA_SIG.3 => d2i_DSAPublicKey.3
installing man3/d2i_PKCS8PrivateKey.3
d2i_PKCS8PrivateKey_bio.3 => d2i_PKCS8PrivateKey.3
d2i_PKCS8PrivateKey_fp.3 => d2i_PKCS8PrivateKey.3
i2d_PKCS8PrivateKey_bio.3 => d2i_PKCS8PrivateKey.3
i2d_PKCS8PrivateKey_fp.3 => d2i_PKCS8PrivateKey.3
i2d_PKCS8PrivateKey_nid_bio.3 => d2i_PKCS8PrivateKey.3
i2d_PKCS8PrivateKey_nid_fp.3 => d2i_PKCS8PrivateKey.3
installing man3/d2i_RSAPublicKey.3
i2d_RSAPublicKey.3 => d2i_RSAPublicKey.3
d2i_RSAPrivateKey.3 => d2i_RSAPublicKey.3
i2d_RSAPrivateKey.3 => d2i_RSAPublicKey.3
d2i_RSA_PUBKEY.3 => d2i_RSAPublicKey.3
i2d_RSA_PUBKEY.3 => d2i_RSAPublicKey.3
i2d_Netscape_RSA.3 => d2i_RSAPublicKey.3
d2i_Netscape_RSA.3 => d2i_RSAPublicKey.3
installing man3/d2i_X509.3
i2d_X509.3 => d2i_X509.3
d2i_X509_bio.3 => d2i_X509.3
d2i_X509_fp.3 => d2i_X509.3
i2d_X509_bio.3 => d2i_X509.3
i2d_X509_fp.3 => d2i_X509.3
installing man3/d2i_X509_ALGOR.3
i2d_X509_ALGOR.3 => d2i_X509_ALGOR.3
installing man3/d2i_X509_CRL.3
i2d_X509_CRL.3 => d2i_X509_CRL.3
d2i_X509_CRL_bio.3 => d2i_X509_CRL.3
d2i_509_CRL_fp.3 => d2i_X509_CRL.3
i2d_X509_CRL_bio.3 => d2i_X509_CRL.3
i2d_X509_CRL_fp.3 => d2i_X509_CRL.3
installing man3/d2i_X509_NAME.3
i2d_X509_NAME.3 => d2i_X509_NAME.3
installing man3/d2i_X509_REQ.3
i2d_X509_REQ.3 => d2i_X509_REQ.3
d2i_X509_REQ_bio.3 => d2i_X509_REQ.3
d2i_X509_REQ_fp.3 => d2i_X509_REQ.3
i2d_X509_REQ_bio.3 => d2i_X509_REQ.3
i2d_X509_REQ_fp.3 => d2i_X509_REQ.3
installing man3/d2i_X509_SIG.3
i2d_X509_SIG.3 => d2i_X509_SIG.3
installing man3/des.3
DES_random_key.3 => des.3
DES_set_key.3 => des.3
DES_key_sched.3 => des.3
DES_set_key_checked.3 => des.3
DES_set_key_unchecked.3 => des.3
DES_set_odd_parity.3 => des.3
DES_is_weak_key.3 => des.3
DES_ecb_encrypt.3 => des.3
DES_ecb2_encrypt.3 => des.3
DES_ecb3_encrypt.3 => des.3
DES_ncbc_encrypt.3 => des.3
DES_cfb_encrypt.3 => des.3
DES_ofb_encrypt.3 => des.3
DES_pcbc_encrypt.3 => des.3
DES_cfb64_encrypt.3 => des.3
DES_ofb64_encrypt.3 => des.3
DES_xcbc_encrypt.3 => des.3
DES_ede2_cbc_encrypt.3 => des.3
DES_ede2_cfb64_encrypt.3 => des.3
DES_ede2_ofb64_encrypt.3 => des.3
DES_ede3_cbc_encrypt.3 => des.3
DES_ede3_cbcm_encrypt.3 => des.3
DES_ede3_cfb64_encrypt.3 => des.3
DES_ede3_ofb64_encrypt.3 => des.3
DES_cbc_cksum.3 => des.3
DES_quad_cksum.3 => des.3
DES_string_to_key.3 => des.3
DES_string_to_2keys.3 => des.3
DES_fcrypt.3 => des.3
DES_crypt.3 => des.3
DES_enc_read.3 => des.3
DES_enc_write.3 => des.3
installing man7/des_modes.7
installing man3/dh.3
installing man3/dsa.3
installing man3/ecdsa.3
installing man3/engine.3
installing man3/err.3
installing man3/evp.3
installing man3/hmac.3
HMAC.3 => hmac.3
HMAC_Init.3 => hmac.3
HMAC_Update.3 => hmac.3
HMAC_Final.3 => hmac.3
HMAC_cleanup.3 => hmac.3
installing man3/i2d_CMS_bio_stream.3
installing man3/i2d_PKCS7_bio_stream.3
installing man3/lh_stats.3
lh_node_stats.3 => lh_stats.3
lh_node_usage_stats.3 => lh_stats.3
lh_stats_bio.3 => lh_stats.3
lh_node_stats_bio.3 => lh_stats.3
lh_node_usage_stats_bio.3 => lh_stats.3
installing man3/lhash.3
lh_new.3 => lhash.3
lh_free.3 => lhash.3
lh_insert.3 => lhash.3
lh_delete.3 => lhash.3
lh_retrieve.3 => lhash.3
lh_doall.3 => lhash.3
lh_doall_arg.3 => lhash.3
lh_error.3 => lhash.3
installing man3/md5.3
MD2.3 => md5.3
MD4.3 => md5.3
MD5.3 => md5.3
MD2_Init.3 => md5.3
MD2_Update.3 => md5.3
MD2_Final.3 => md5.3
MD4_Init.3 => md5.3
MD4_Update.3 => md5.3
MD4_Final.3 => md5.3
MD5_Init.3 => md5.3
MD5_Update.3 => md5.3
MD5_Final.3 => md5.3
installing man3/mdc2.3
MDC2.3 => mdc2.3
MDC2_Init.3 => mdc2.3
MDC2_Update.3 => mdc2.3
MDC2_Final.3 => mdc2.3
installing man3/pem.3
PEM.3 => pem.3
PEM_read_bio_PrivateKey.3 => pem.3
PEM_read_PrivateKey.3 => pem.3
PEM_write_bio_PrivateKey.3 => pem.3
PEM_write_PrivateKey.3 => pem.3
PEM_write_bio_PKCS8PrivateKey.3 => pem.3
PEM_write_PKCS8PrivateKey.3 => pem.3
PEM_write_bio_PKCS8PrivateKey_nid.3 => pem.3
PEM_write_PKCS8PrivateKey_nid.3 => pem.3
PEM_read_bio_PUBKEY.3 => pem.3
PEM_read_PUBKEY.3 => pem.3
PEM_write_bio_PUBKEY.3 => pem.3
PEM_write_PUBKEY.3 => pem.3
PEM_read_bio_RSAPrivateKey.3 => pem.3
PEM_read_RSAPrivateKey.3 => pem.3
PEM_write_bio_RSAPrivateKey.3 => pem.3
PEM_write_RSAPrivateKey.3 => pem.3
PEM_read_bio_RSAPublicKey.3 => pem.3
PEM_read_RSAPublicKey.3 => pem.3
PEM_write_bio_RSAPublicKey.3 => pem.3
PEM_write_RSAPublicKey.3 => pem.3
PEM_read_bio_RSA_PUBKEY.3 => pem.3
PEM_read_RSA_PUBKEY.3 => pem.3
PEM_write_bio_RSA_PUBKEY.3 => pem.3
PEM_write_RSA_PUBKEY.3 => pem.3
PEM_read_bio_DSAPrivateKey.3 => pem.3
PEM_read_DSAPrivateKey.3 => pem.3
PEM_write_bio_DSAPrivateKey.3 => pem.3
PEM_write_DSAPrivateKey.3 => pem.3
PEM_read_bio_DSA_PUBKEY.3 => pem.3
PEM_read_DSA_PUBKEY.3 => pem.3
PEM_write_bio_DSA_PUBKEY.3 => pem.3
PEM_write_DSA_PUBKEY.3 => pem.3
PEM_read_bio_DSAparams.3 => pem.3
PEM_read_DSAparams.3 => pem.3
PEM_write_bio_DSAparams.3 => pem.3
PEM_write_DSAparams.3 => pem.3
PEM_read_bio_DHparams.3 => pem.3
PEM_read_DHparams.3 => pem.3
PEM_write_bio_DHparams.3 => pem.3
PEM_write_DHparams.3 => pem.3
PEM_read_bio_X509.3 => pem.3
PEM_read_X509.3 => pem.3
PEM_write_bio_X509.3 => pem.3
PEM_write_X509.3 => pem.3
PEM_read_bio_X509_AUX.3 => pem.3
PEM_read_X509_AUX.3 => pem.3
PEM_write_bio_X509_AUX.3 => pem.3
PEM_write_X509_AUX.3 => pem.3
PEM_read_bio_X509_REQ.3 => pem.3
PEM_read_X509_REQ.3 => pem.3
PEM_write_bio_X509_REQ.3 => pem.3
PEM_write_X509_REQ.3 => pem.3
PEM_write_bio_X509_REQ_NEW.3 => pem.3
PEM_write_X509_REQ_NEW.3 => pem.3
PEM_read_bio_X509_CRL.3 => pem.3
PEM_read_X509_CRL.3 => pem.3
PEM_write_bio_X509_CRL.3 => pem.3
PEM_write_X509_CRL.3 => pem.3
PEM_read_bio_PKCS7.3 => pem.3
PEM_read_PKCS7.3 => pem.3
PEM_write_bio_PKCS7.3 => pem.3
PEM_write_PKCS7.3 => pem.3
PEM_read_bio_NETSCAPE_CERT_SEQUENCE.3 => pem.3
PEM_read_NETSCAPE_CERT_SEQUENCE.3 => pem.3
PEM_write_bio_NETSCAPE_CERT_SEQUENCE.3 => pem.3
PEM_write_NETSCAPE_CERT_SEQUENCE.3 => pem.3
installing man3/rand.3
installing man3/rc4.3
RC4_set_key.3 => rc4.3
RC4.3 => rc4.3
installing man3/ripemd.3
RIPEMD160.3 => ripemd.3
RIPEMD160_Init.3 => ripemd.3
RIPEMD160_Update.3 => ripemd.3
RIPEMD160_Final.3 => ripemd.3
installing man3/rsa.3
installing man3/sha.3
SHA1.3 => sha.3
SHA1_Init.3 => sha.3
SHA1_Update.3 => sha.3
SHA1_Final.3 => sha.3
installing man3/threads.3
CRYPTO_THREADID_set_callback.3 => threads.3
CRYPTO_THREADID_get_callback.3 => threads.3
CRYPTO_THREADID_current.3 => threads.3
CRYPTO_THREADID_cmp.3 => threads.3
CRYPTO_THREADID_cpy.3 => threads.3
CRYPTO_THREADID_hash.3 => threads.3
CRYPTO_set_locking_callback.3 => threads.3
CRYPTO_num_locks.3 => threads.3
CRYPTO_set_dynlock_create_callback.3 => threads.3
CRYPTO_set_dynlock_lock_callback.3 => threads.3
CRYPTO_set_dynlock_destroy_callback.3 => threads.3
CRYPTO_get_new_dynlockid.3 => threads.3
CRYPTO_destroy_dynlockid.3 => threads.3
CRYPTO_lock.3 => threads.3
installing man3/ui.3
UI_new.3 => ui.3
UI_new_method.3 => ui.3
UI_free.3 => ui.3
UI_add_input_string.3 => ui.3
UI_dup_input_string.3 => ui.3
UI_add_verify_string.3 => ui.3
UI_dup_verify_string.3 => ui.3
UI_add_input_boolean.3 => ui.3
UI_dup_input_boolean.3 => ui.3
UI_add_info_string.3 => ui.3
UI_dup_info_string.3 => ui.3
UI_add_error_string.3 => ui.3
UI_dup_error_string.3 => ui.3
UI_construct_prompt.3 => ui.3
UI_add_user_data.3 => ui.3
UI_get0_user_data.3 => ui.3
UI_get0_result.3 => ui.3
UI_process.3 => ui.3
UI_ctrl.3 => ui.3
UI_set_default_method.3 => ui.3
UI_get_default_method.3 => ui.3
UI_get_method.3 => ui.3
UI_set_method.3 => ui.3
UI_OpenSSL.3 => ui.3
ERR_load_UI_strings.3 => ui.3
installing man3/ui_compat.3
des_read_password.3 => ui_compat.3
des_read_2passwords.3 => ui_compat.3
des_read_pw_string.3 => ui_compat.3
des_read_pw.3 => ui_compat.3
installing man3/x509.3
installing man3/SSL_CIPHER_get_name.3
SSL_CIPHER_get_bits.3 => SSL_CIPHER_get_name.3
SSL_CIPHER_get_version.3 => SSL_CIPHER_get_name.3
SSL_CIPHER_description.3 => SSL_CIPHER_get_name.3
installing man3/SSL_COMP_add_compression_method.3
installing man3/SSL_CTX_add_extra_chain_cert.3
installing man3/SSL_CTX_add_session.3
SSL_add_session.3 => SSL_CTX_add_session.3
SSL_CTX_remove_session.3 => SSL_CTX_add_session.3
SSL_remove_session.3 => SSL_CTX_add_session.3
installing man3/SSL_CTX_ctrl.3
SSL_CTX_callback_ctrl.3 => SSL_CTX_ctrl.3
SSL_ctrl.3 => SSL_CTX_ctrl.3
SSL_callback_ctrl.3 => SSL_CTX_ctrl.3
installing man3/SSL_CTX_flush_sessions.3
SSL_flush_sessions.3 => SSL_CTX_flush_sessions.3
installing man3/SSL_CTX_free.3
installing man3/SSL_CTX_get_ex_new_index.3
SSL_CTX_set_ex_data.3 => SSL_CTX_get_ex_new_index.3
SSL_CTX_get_ex_data.3 => SSL_CTX_get_ex_new_index.3
installing man3/SSL_CTX_get_verify_mode.3
SSL_get_verify_mode.3 => SSL_CTX_get_verify_mode.3
SSL_CTX_get_verify_depth.3 => SSL_CTX_get_verify_mode.3
SSL_get_verify_depth.3 => SSL_CTX_get_verify_mode.3
SSL_get_verify_callback.3 => SSL_CTX_get_verify_mode.3
SSL_CTX_get_verify_callback.3 => SSL_CTX_get_verify_mode.3
installing man3/SSL_CTX_load_verify_locations.3
installing man3/SSL_CTX_new.3
installing man3/SSL_CTX_sess_number.3
SSL_CTX_sess_connect.3 => SSL_CTX_sess_number.3
SSL_CTX_sess_connect_good.3 => SSL_CTX_sess_number.3
SSL_CTX_sess_connect_renegotiate.3 => SSL_CTX_sess_number.3
SSL_CTX_sess_accept.3 => SSL_CTX_sess_number.3
SSL_CTX_sess_accept_good.3 => SSL_CTX_sess_number.3
SSL_CTX_sess_accept_renegotiate.3 => SSL_CTX_sess_number.3
SSL_CTX_sess_hits.3 => SSL_CTX_sess_number.3
SSL_CTX_sess_cb_hits.3 => SSL_CTX_sess_number.3
SSL_CTX_sess_misses.3 => SSL_CTX_sess_number.3
SSL_CTX_sess_timeouts.3 => SSL_CTX_sess_number.3
SSL_CTX_sess_cache_full.3 => SSL_CTX_sess_number.3
installing man3/SSL_CTX_sess_set_cache_size.3
SSL_CTX_sess_get_cache_size.3 => SSL_CTX_sess_set_cache_size.3
installing man3/SSL_CTX_sess_set_get_cb.3
SSL_CTX_sess_set_new_cb.3 => SSL_CTX_sess_set_get_cb.3
SSL_CTX_sess_set_remove_cb.3 => SSL_CTX_sess_set_get_cb.3
SSL_CTX_sess_get_new_cb.3 => SSL_CTX_sess_set_get_cb.3
SSL_CTX_sess_get_remove_cb.3 => SSL_CTX_sess_set_get_cb.3
SSL_CTX_sess_get_get_cb.3 => SSL_CTX_sess_set_get_cb.3
installing man3/SSL_CTX_sessions.3
installing man3/SSL_CTX_set_cert_store.3
SSL_CTX_get_cert_store.3 => SSL_CTX_set_cert_store.3
installing man3/SSL_CTX_set_cert_verify_callback.3
installing man3/SSL_CTX_set_cipher_list.3
SSL_set_cipher_list.3 => SSL_CTX_set_cipher_list.3
installing man3/SSL_CTX_set_client_CA_list.3
SSL_set_client_CA_list.3 => SSL_CTX_set_client_CA_list.3
SSL_CTX_add_client_CA.3 => SSL_CTX_set_client_CA_list.3
SSL_add_client_CA.3 => SSL_CTX_set_client_CA_list.3
installing man3/SSL_CTX_set_client_cert_cb.3
SSL_CTX_get_client_cert_cb.3 => SSL_CTX_set_client_cert_cb.3
installing man3/SSL_CTX_set_default_passwd_cb.3
SSL_CTX_set_default_passwd_cb_userdata.3 => SSL_CTX_set_default_passwd_cb.3
installing man3/SSL_CTX_set_generate_session_id.3
SSL_set_generate_session_id.3 => SSL_CTX_set_generate_session_id.3
SSL_has_matching_session_id.3 => SSL_CTX_set_generate_session_id.3
installing man3/SSL_CTX_set_info_callback.3
SSL_CTX_get_info_callback.3 => SSL_CTX_set_info_callback.3
SSL_set_info_callback.3 => SSL_CTX_set_info_callback.3
SSL_get_info_callback.3 => SSL_CTX_set_info_callback.3
installing man3/SSL_CTX_set_max_cert_list.3
SSL_CTX_get_max_cert_list.3 => SSL_CTX_set_max_cert_list.3
SSL_set_max_cert_list.3 => SSL_CTX_set_max_cert_list.3
SSL_get_max_cert_list.3 => SSL_CTX_set_max_cert_list.3
installing man3/SSL_CTX_set_mode.3
SSL_set_mode.3 => SSL_CTX_set_mode.3
SSL_CTX_get_mode.3 => SSL_CTX_set_mode.3
SSL_get_mode.3 => SSL_CTX_set_mode.3
installing man3/SSL_CTX_set_msg_callback.3
SSL_CTX_set_msg_callback_arg.3 => SSL_CTX_set_msg_callback.3
SSL_set_msg_callback.3 => SSL_CTX_set_msg_callback.3
SSL_get_msg_callback_arg.3 => SSL_CTX_set_msg_callback.3
installing man3/SSL_CTX_set_options.3
SSL_set_options.3 => SSL_CTX_set_options.3
SSL_CTX_clear_options.3 => SSL_CTX_set_options.3
SSL_clear_options.3 => SSL_CTX_set_options.3
SSL_CTX_get_options.3 => SSL_CTX_set_options.3
SSL_get_options.3 => SSL_CTX_set_options.3
SSL_get_secure_renegotiation_support.3 => SSL_CTX_set_options.3
installing man3/SSL_CTX_set_psk_client_callback.3
SSL_set_psk_client_callback.3 => SSL_CTX_set_psk_client_callback.3
installing man3/SSL_CTX_set_quiet_shutdown.3
SSL_CTX_get_quiet_shutdown.3 => SSL_CTX_set_quiet_shutdown.3
SSL_set_quiet_shutdown.3 => SSL_CTX_set_quiet_shutdown.3
SSL_get_quiet_shutdown.3 => SSL_CTX_set_quiet_shutdown.3
installing man3/SSL_CTX_set_session_cache_mode.3
SSL_CTX_get_session_cache_mode.3 => SSL_CTX_set_session_cache_mode.3
installing man3/SSL_CTX_set_session_id_context.3
SSL_set_session_id_context.3 => SSL_CTX_set_session_id_context.3
installing man3/SSL_CTX_set_ssl_version.3
SSL_set_ssl_method.3 => SSL_CTX_set_ssl_version.3
SSL_get_ssl_method.3 => SSL_CTX_set_ssl_version.3
installing man3/SSL_CTX_set_timeout.3
SSL_CTX_get_timeout.3 => SSL_CTX_set_timeout.3
installing man3/SSL_CTX_set_tlsext_ticket_key_cb.3
installing man3/SSL_CTX_set_tmp_dh_callback.3
SSL_CTX_set_tmp_dh.3 => SSL_CTX_set_tmp_dh_callback.3
SSL_set_tmp_dh_callback.3 => SSL_CTX_set_tmp_dh_callback.3
SSL_set_tmp_dh.3 => SSL_CTX_set_tmp_dh_callback.3
installing man3/SSL_CTX_set_tmp_rsa_callback.3
SSL_CTX_set_tmp_rsa.3 => SSL_CTX_set_tmp_rsa_callback.3
SSL_CTX_need_tmp_rsa.3 => SSL_CTX_set_tmp_rsa_callback.3
SSL_set_tmp_rsa_callback.3 => SSL_CTX_set_tmp_rsa_callback.3
SSL_set_tmp_rsa.3 => SSL_CTX_set_tmp_rsa_callback.3
SSL_need_tmp_rsa.3 => SSL_CTX_set_tmp_rsa_callback.3
installing man3/SSL_CTX_set_verify.3
SSL_set_verify.3 => SSL_CTX_set_verify.3
SSL_CTX_set_verify_depth.3 => SSL_CTX_set_verify.3
SSL_set_verify_depth.3 => SSL_CTX_set_verify.3
installing man3/SSL_CTX_use_certificate.3
SSL_CTX_use_certificate_ASN1.3 => SSL_CTX_use_certificate.3
SSL_CTX_use_certificate_file.3 => SSL_CTX_use_certificate.3
SSL_use_certificate.3 => SSL_CTX_use_certificate.3
SSL_use_certificate_ASN1.3 => SSL_CTX_use_certificate.3
SSL_use_certificate_file.3 => SSL_CTX_use_certificate.3
SSL_CTX_use_certificate_chain_file.3 => SSL_CTX_use_certificate.3
SSL_CTX_use_PrivateKey.3 => SSL_CTX_use_certificate.3
SSL_CTX_use_PrivateKey_ASN1.3 => SSL_CTX_use_certificate.3
SSL_CTX_use_PrivateKey_file.3 => SSL_CTX_use_certificate.3
SSL_CTX_use_RSAPrivateKey.3 => SSL_CTX_use_certificate.3
SSL_CTX_use_RSAPrivateKey_ASN1.3 => SSL_CTX_use_certificate.3
SSL_CTX_use_RSAPrivateKey_file.3 => SSL_CTX_use_certificate.3
SSL_use_PrivateKey_file.3 => SSL_CTX_use_certificate.3
SSL_use_PrivateKey_ASN1.3 => SSL_CTX_use_certificate.3
SSL_use_PrivateKey.3 => SSL_CTX_use_certificate.3
SSL_use_RSAPrivateKey.3 => SSL_CTX_use_certificate.3
SSL_use_RSAPrivateKey_ASN1.3 => SSL_CTX_use_certificate.3
SSL_use_RSAPrivateKey_file.3 => SSL_CTX_use_certificate.3
SSL_CTX_check_private_key.3 => SSL_CTX_use_certificate.3
SSL_check_private_key.3 => SSL_CTX_use_certificate.3
installing man3/SSL_CTX_use_psk_identity_hint.3
SSL_use_psk_identity_hint.3 => SSL_CTX_use_psk_identity_hint.3
SSL_CTX_set_psk_server_callback.3 => SSL_CTX_use_psk_identity_hint.3
SSL_set_psk_server_callback.3 => SSL_CTX_use_psk_identity_hint.3
installing man3/SSL_SESSION_free.3
installing man3/SSL_SESSION_get_ex_new_index.3
SSL_SESSION_set_ex_data.3 => SSL_SESSION_get_ex_new_index.3
SSL_SESSION_get_ex_data.3 => SSL_SESSION_get_ex_new_index.3
installing man3/SSL_SESSION_get_time.3
SSL_SESSION_set_time.3 => SSL_SESSION_get_time.3
SSL_SESSION_get_timeout.3 => SSL_SESSION_get_time.3
SSL_SESSION_set_timeout.3 => SSL_SESSION_get_time.3
installing man3/SSL_accept.3
installing man3/SSL_alert_type_string.3
SSL_alert_type_string_long.3 => SSL_alert_type_string.3
SSL_alert_desc_string.3 => SSL_alert_type_string.3
SSL_alert_desc_string_long.3 => SSL_alert_type_string.3
installing man3/SSL_clear.3
installing man3/SSL_connect.3
installing man3/SSL_do_handshake.3
installing man3/SSL_free.3
installing man3/SSL_get_SSL_CTX.3
installing man3/SSL_get_ciphers.3
SSL_get_cipher_list.3 => SSL_get_ciphers.3
installing man3/SSL_get_client_CA_list.3
SSL_CTX_get_client_CA_list.3 => SSL_get_client_CA_list.3
installing man3/SSL_get_current_cipher.3
SSL_get_cipher.3 => SSL_get_current_cipher.3
SSL_get_cipher_name.3 => SSL_get_current_cipher.3
SSL_get_cipher_bits.3 => SSL_get_current_cipher.3
SSL_get_cipher_version.3 => SSL_get_current_cipher.3
installing man3/SSL_get_default_timeout.3
installing man3/SSL_get_error.3
installing man3/SSL_get_ex_data_X509_STORE_CTX_idx.3
installing man3/SSL_get_ex_new_index.3
SSL_set_ex_data.3 => SSL_get_ex_new_index.3
SSL_get_ex_data.3 => SSL_get_ex_new_index.3
installing man3/SSL_get_fd.3
installing man3/SSL_get_peer_cert_chain.3
installing man3/SSL_get_peer_certificate.3
installing man3/SSL_get_psk_identity.3
SSL_get_psk_identity_hint.3 => SSL_get_psk_identity.3
installing man3/SSL_get_rbio.3
installing man3/SSL_get_session.3
installing man3/SSL_get_verify_result.3
installing man3/SSL_get_version.3
installing man3/SSL_library_init.3
OpenSSL_add_ssl_algorithms.3 => SSL_library_init.3
SSLeay_add_ssl_algorithms.3 => SSL_library_init.3
installing man3/SSL_load_client_CA_file.3
installing man3/SSL_new.3
installing man3/SSL_pending.3
installing man3/SSL_read.3
installing man3/SSL_rstate_string.3
SSL_rstate_string_long.3 => SSL_rstate_string.3
installing man3/SSL_session_reused.3
installing man3/SSL_set_bio.3
installing man3/SSL_set_connect_state.3
SSL_get_accept_state.3 => SSL_set_connect_state.3
installing man3/SSL_set_fd.3
installing man3/SSL_set_session.3
installing man3/SSL_set_shutdown.3
SSL_get_shutdown.3 => SSL_set_shutdown.3
installing man3/SSL_set_verify_result.3
installing man3/SSL_shutdown.3
installing man3/SSL_state_string.3
SSL_state_string_long.3 => SSL_state_string.3
installing man3/SSL_want.3
SSL_want_nothing.3 => SSL_want.3
SSL_want_read.3 => SSL_want.3
SSL_want_write.3 => SSL_want.3
SSL_want_x509_lookup.3 => SSL_want.3
installing man3/SSL_write.3
installing man3/d2i_SSL_SESSION.3
i2d_SSL_SESSION.3 => d2i_SSL_SESSION.3
installing man3/ssl.3
SSL.3 => ssl.3
created directory `/home/lucas.t/Cactus_tmp/configs/sim/scratch/external/OpenSSL/bin'
created directory `/home/lucas.t/Cactus_tmp/configs/sim/scratch/external/OpenSSL/lib'
created directory `/home/lucas.t/Cactus_tmp/configs/sim/scratch/external/OpenSSL/lib/engines'
created directory `/home/lucas.t/Cactus_tmp/configs/sim/scratch/external/OpenSSL/lib/pkgconfig'
created directory `/home/lucas.t/Cactus_tmp/configs/sim/scratch/external/OpenSSL/include'
created directory `/home/lucas.t/Cactus_tmp/configs/sim/scratch/external/OpenSSL/include/openssl'
created directory `/home/lucas.t/Cactus_tmp/configs/sim/scratch/external/OpenSSL/ssl/misc'
created directory `/home/lucas.t/Cactus_tmp/configs/sim/scratch/external/OpenSSL/ssl/certs'
created directory `/home/lucas.t/Cactus_tmp/configs/sim/scratch/external/OpenSSL/ssl/private'
making install in crypto...
make[3]: Entering directory `/home/lucas.t/Cactus_tmp/configs/sim/scratch/build/OpenSSL/openssl-1.0.1k/crypto'
making install in crypto/objects...
make[4]: Entering directory `/home/lucas.t/Cactus_tmp/configs/sim/scratch/build/OpenSSL/openssl-1.0.1k/crypto/objects'
make[4]: Leaving directory `/home/lucas.t/Cactus_tmp/configs/sim/scratch/build/OpenSSL/openssl-1.0.1k/crypto/objects'
making install in crypto/md4...
make[4]: Entering directory `/home/lucas.t/Cactus_tmp/configs/sim/scratch/build/OpenSSL/openssl-1.0.1k/crypto/md4'
make[4]: Leaving directory `/home/lucas.t/Cactus_tmp/configs/sim/scratch/build/OpenSSL/openssl-1.0.1k/crypto/md4'
making install in crypto/md5...
make[4]: Entering directory `/home/lucas.t/Cactus_tmp/configs/sim/scratch/build/OpenSSL/openssl-1.0.1k/crypto/md5'
make[4]: Leaving directory `/home/lucas.t/Cactus_tmp/configs/sim/scratch/build/OpenSSL/openssl-1.0.1k/crypto/md5'
making install in crypto/sha...
make[4]: Entering directory `/home/lucas.t/Cactus_tmp/configs/sim/scratch/build/OpenSSL/openssl-1.0.1k/crypto/sha'
make[4]: Leaving directory `/home/lucas.t/Cactus_tmp/configs/sim/scratch/build/OpenSSL/openssl-1.0.1k/crypto/sha'
making install in crypto/mdc2...
make[4]: Entering directory `/home/lucas.t/Cactus_tmp/configs/sim/scratch/build/OpenSSL/openssl-1.0.1k/crypto/mdc2'
make[4]: Leaving directory `/home/lucas.t/Cactus_tmp/configs/sim/scratch/build/OpenSSL/openssl-1.0.1k/crypto/mdc2'
making install in crypto/hmac...
make[4]: Entering directory `/home/lucas.t/Cactus_tmp/configs/sim/scratch/build/OpenSSL/openssl-1.0.1k/crypto/hmac'
make[4]: Leaving directory `/home/lucas.t/Cactus_tmp/configs/sim/scratch/build/OpenSSL/openssl-1.0.1k/crypto/hmac'
making install in crypto/ripemd...
make[4]: Entering directory `/home/lucas.t/Cactus_tmp/configs/sim/scratch/build/OpenSSL/openssl-1.0.1k/crypto/ripemd'
make[4]: Leaving directory `/home/lucas.t/Cactus_tmp/configs/sim/scratch/build/OpenSSL/openssl-1.0.1k/crypto/ripemd'
making install in crypto/whrlpool...
make[4]: Entering directory `/home/lucas.t/Cactus_tmp/configs/sim/scratch/build/OpenSSL/openssl-1.0.1k/crypto/whrlpool'
make[4]: Leaving directory `/home/lucas.t/Cactus_tmp/configs/sim/scratch/build/OpenSSL/openssl-1.0.1k/crypto/whrlpool'
making install in crypto/des...
make[4]: Entering directory `/home/lucas.t/Cactus_tmp/configs/sim/scratch/build/OpenSSL/openssl-1.0.1k/crypto/des'
make[4]: Leaving directory `/home/lucas.t/Cactus_tmp/configs/sim/scratch/build/OpenSSL/openssl-1.0.1k/crypto/des'
making install in crypto/aes...
make[4]: Entering directory `/home/lucas.t/Cactus_tmp/configs/sim/scratch/build/OpenSSL/openssl-1.0.1k/crypto/aes'
make[4]: Leaving directory `/home/lucas.t/Cactus_tmp/configs/sim/scratch/build/OpenSSL/openssl-1.0.1k/crypto/aes'
making install in crypto/rc2...
make[4]: Entering directory `/home/lucas.t/Cactus_tmp/configs/sim/scratch/build/OpenSSL/openssl-1.0.1k/crypto/rc2'
make[4]: Leaving directory `/home/lucas.t/Cactus_tmp/configs/sim/scratch/build/OpenSSL/openssl-1.0.1k/crypto/rc2'
making install in crypto/rc4...
make[4]: Entering directory `/home/lucas.t/Cactus_tmp/configs/sim/scratch/build/OpenSSL/openssl-1.0.1k/crypto/rc4'
make[4]: Leaving directory `/home/lucas.t/Cactus_tmp/configs/sim/scratch/build/OpenSSL/openssl-1.0.1k/crypto/rc4'
making install in crypto/idea...
make[4]: Entering directory `/home/lucas.t/Cactus_tmp/configs/sim/scratch/build/OpenSSL/openssl-1.0.1k/crypto/idea'
make[4]: Leaving directory `/home/lucas.t/Cactus_tmp/configs/sim/scratch/build/OpenSSL/openssl-1.0.1k/crypto/idea'
making install in crypto/bf...
make[4]: Entering directory `/home/lucas.t/Cactus_tmp/configs/sim/scratch/build/OpenSSL/openssl-1.0.1k/crypto/bf'
make[4]: Leaving directory `/home/lucas.t/Cactus_tmp/configs/sim/scratch/build/OpenSSL/openssl-1.0.1k/crypto/bf'
making install in crypto/cast...
make[4]: Entering directory `/home/lucas.t/Cactus_tmp/configs/sim/scratch/build/OpenSSL/openssl-1.0.1k/crypto/cast'
make[4]: Leaving directory `/home/lucas.t/Cactus_tmp/configs/sim/scratch/build/OpenSSL/openssl-1.0.1k/crypto/cast'
making install in crypto/camellia...
make[4]: Entering directory `/home/lucas.t/Cactus_tmp/configs/sim/scratch/build/OpenSSL/openssl-1.0.1k/crypto/camellia'
make[4]: Leaving directory `/home/lucas.t/Cactus_tmp/configs/sim/scratch/build/OpenSSL/openssl-1.0.1k/crypto/camellia'
making install in crypto/seed...
make[4]: Entering directory `/home/lucas.t/Cactus_tmp/configs/sim/scratch/build/OpenSSL/openssl-1.0.1k/crypto/seed'
make[4]: Leaving directory `/home/lucas.t/Cactus_tmp/configs/sim/scratch/build/OpenSSL/openssl-1.0.1k/crypto/seed'
making install in crypto/modes...
make[4]: Entering directory `/home/lucas.t/Cactus_tmp/configs/sim/scratch/build/OpenSSL/openssl-1.0.1k/crypto/modes'
make[4]: Leaving directory `/home/lucas.t/Cactus_tmp/configs/sim/scratch/build/OpenSSL/openssl-1.0.1k/crypto/modes'
making install in crypto/bn...
make[4]: Entering directory `/home/lucas.t/Cactus_tmp/configs/sim/scratch/build/OpenSSL/openssl-1.0.1k/crypto/bn'
make[4]: Leaving directory `/home/lucas.t/Cactus_tmp/configs/sim/scratch/build/OpenSSL/openssl-1.0.1k/crypto/bn'
making install in crypto/ec...
make[4]: Entering directory `/home/lucas.t/Cactus_tmp/configs/sim/scratch/build/OpenSSL/openssl-1.0.1k/crypto/ec'
make[4]: Leaving directory `/home/lucas.t/Cactus_tmp/configs/sim/scratch/build/OpenSSL/openssl-1.0.1k/crypto/ec'
making install in crypto/rsa...
make[4]: Entering directory `/home/lucas.t/Cactus_tmp/configs/sim/scratch/build/OpenSSL/openssl-1.0.1k/crypto/rsa'
make[4]: Leaving directory `/home/lucas.t/Cactus_tmp/configs/sim/scratch/build/OpenSSL/openssl-1.0.1k/crypto/rsa'
making install in crypto/dsa...
make[4]: Entering directory `/home/lucas.t/Cactus_tmp/configs/sim/scratch/build/OpenSSL/openssl-1.0.1k/crypto/dsa'
make[4]: Leaving directory `/home/lucas.t/Cactus_tmp/configs/sim/scratch/build/OpenSSL/openssl-1.0.1k/crypto/dsa'
making install in crypto/ecdsa...
make[4]: Entering directory `/home/lucas.t/Cactus_tmp/configs/sim/scratch/build/OpenSSL/openssl-1.0.1k/crypto/ecdsa'
make[4]: Leaving directory `/home/lucas.t/Cactus_tmp/configs/sim/scratch/build/OpenSSL/openssl-1.0.1k/crypto/ecdsa'
making install in crypto/dh...
make[4]: Entering directory `/home/lucas.t/Cactus_tmp/configs/sim/scratch/build/OpenSSL/openssl-1.0.1k/crypto/dh'
make[4]: Leaving directory `/home/lucas.t/Cactus_tmp/configs/sim/scratch/build/OpenSSL/openssl-1.0.1k/crypto/dh'
making install in crypto/ecdh...
make[4]: Entering directory `/home/lucas.t/Cactus_tmp/configs/sim/scratch/build/OpenSSL/openssl-1.0.1k/crypto/ecdh'
make[4]: Leaving directory `/home/lucas.t/Cactus_tmp/configs/sim/scratch/build/OpenSSL/openssl-1.0.1k/crypto/ecdh'
making install in crypto/dso...
make[4]: Entering directory `/home/lucas.t/Cactus_tmp/configs/sim/scratch/build/OpenSSL/openssl-1.0.1k/crypto/dso'
make[4]: Leaving directory `/home/lucas.t/Cactus_tmp/configs/sim/scratch/build/OpenSSL/openssl-1.0.1k/crypto/dso'
making install in crypto/engine...
make[4]: Entering directory `/home/lucas.t/Cactus_tmp/configs/sim/scratch/build/OpenSSL/openssl-1.0.1k/crypto/engine'
make[4]: Leaving directory `/home/lucas.t/Cactus_tmp/configs/sim/scratch/build/OpenSSL/openssl-1.0.1k/crypto/engine'
making install in crypto/buffer...
make[4]: Entering directory `/home/lucas.t/Cactus_tmp/configs/sim/scratch/build/OpenSSL/openssl-1.0.1k/crypto/buffer'
make[4]: Leaving directory `/home/lucas.t/Cactus_tmp/configs/sim/scratch/build/OpenSSL/openssl-1.0.1k/crypto/buffer'
making install in crypto/bio...
make[4]: Entering directory `/home/lucas.t/Cactus_tmp/configs/sim/scratch/build/OpenSSL/openssl-1.0.1k/crypto/bio'
make[4]: Leaving directory `/home/lucas.t/Cactus_tmp/configs/sim/scratch/build/OpenSSL/openssl-1.0.1k/crypto/bio'
making install in crypto/stack...
make[4]: Entering directory `/home/lucas.t/Cactus_tmp/configs/sim/scratch/build/OpenSSL/openssl-1.0.1k/crypto/stack'
make[4]: Leaving directory `/home/lucas.t/Cactus_tmp/configs/sim/scratch/build/OpenSSL/openssl-1.0.1k/crypto/stack'
making install in crypto/lhash...
make[4]: Entering directory `/home/lucas.t/Cactus_tmp/configs/sim/scratch/build/OpenSSL/openssl-1.0.1k/crypto/lhash'
make[4]: Leaving directory `/home/lucas.t/Cactus_tmp/configs/sim/scratch/build/OpenSSL/openssl-1.0.1k/crypto/lhash'
making install in crypto/rand...
make[4]: Entering directory `/home/lucas.t/Cactus_tmp/configs/sim/scratch/build/OpenSSL/openssl-1.0.1k/crypto/rand'
make[4]: Leaving directory `/home/lucas.t/Cactus_tmp/configs/sim/scratch/build/OpenSSL/openssl-1.0.1k/crypto/rand'
making install in crypto/err...
make[4]: Entering directory `/home/lucas.t/Cactus_tmp/configs/sim/scratch/build/OpenSSL/openssl-1.0.1k/crypto/err'
make[4]: Leaving directory `/home/lucas.t/Cactus_tmp/configs/sim/scratch/build/OpenSSL/openssl-1.0.1k/crypto/err'
making install in crypto/evp...
make[4]: Entering directory `/home/lucas.t/Cactus_tmp/configs/sim/scratch/build/OpenSSL/openssl-1.0.1k/crypto/evp'
make[4]: Leaving directory `/home/lucas.t/Cactus_tmp/configs/sim/scratch/build/OpenSSL/openssl-1.0.1k/crypto/evp'
making install in crypto/asn1...
make[4]: Entering directory `/home/lucas.t/Cactus_tmp/configs/sim/scratch/build/OpenSSL/openssl-1.0.1k/crypto/asn1'
make[4]: Leaving directory `/home/lucas.t/Cactus_tmp/configs/sim/scratch/build/OpenSSL/openssl-1.0.1k/crypto/asn1'
making install in crypto/pem...
make[4]: Entering directory `/home/lucas.t/Cactus_tmp/configs/sim/scratch/build/OpenSSL/openssl-1.0.1k/crypto/pem'
make[4]: Leaving directory `/home/lucas.t/Cactus_tmp/configs/sim/scratch/build/OpenSSL/openssl-1.0.1k/crypto/pem'
making install in crypto/x509...
make[4]: Entering directory `/home/lucas.t/Cactus_tmp/configs/sim/scratch/build/OpenSSL/openssl-1.0.1k/crypto/x509'
make[4]: Leaving directory `/home/lucas.t/Cactus_tmp/configs/sim/scratch/build/OpenSSL/openssl-1.0.1k/crypto/x509'
making install in crypto/x509v3...
make[4]: Entering directory `/home/lucas.t/Cactus_tmp/configs/sim/scratch/build/OpenSSL/openssl-1.0.1k/crypto/x509v3'
make[4]: Leaving directory `/home/lucas.t/Cactus_tmp/configs/sim/scratch/build/OpenSSL/openssl-1.0.1k/crypto/x509v3'
making install in crypto/conf...
make[4]: Entering directory `/home/lucas.t/Cactus_tmp/configs/sim/scratch/build/OpenSSL/openssl-1.0.1k/crypto/conf'
make[4]: Leaving directory `/home/lucas.t/Cactus_tmp/configs/sim/scratch/build/OpenSSL/openssl-1.0.1k/crypto/conf'
making install in crypto/txt_db...
make[4]: Entering directory `/home/lucas.t/Cactus_tmp/configs/sim/scratch/build/OpenSSL/openssl-1.0.1k/crypto/txt_db'
make[4]: Leaving directory `/home/lucas.t/Cactus_tmp/configs/sim/scratch/build/OpenSSL/openssl-1.0.1k/crypto/txt_db'
making install in crypto/pkcs7...
make[4]: Entering directory `/home/lucas.t/Cactus_tmp/configs/sim/scratch/build/OpenSSL/openssl-1.0.1k/crypto/pkcs7'
make[4]: Leaving directory `/home/lucas.t/Cactus_tmp/configs/sim/scratch/build/OpenSSL/openssl-1.0.1k/crypto/pkcs7'
making install in crypto/pkcs12...
make[4]: Entering directory `/home/lucas.t/Cactus_tmp/configs/sim/scratch/build/OpenSSL/openssl-1.0.1k/crypto/pkcs12'
make[4]: Leaving directory `/home/lucas.t/Cactus_tmp/configs/sim/scratch/build/OpenSSL/openssl-1.0.1k/crypto/pkcs12'
making install in crypto/comp...
make[4]: Entering directory `/home/lucas.t/Cactus_tmp/configs/sim/scratch/build/OpenSSL/openssl-1.0.1k/crypto/comp'
make[4]: Leaving directory `/home/lucas.t/Cactus_tmp/configs/sim/scratch/build/OpenSSL/openssl-1.0.1k/crypto/comp'
making install in crypto/ocsp...
make[4]: Entering directory `/home/lucas.t/Cactus_tmp/configs/sim/scratch/build/OpenSSL/openssl-1.0.1k/crypto/ocsp'
make[4]: Leaving directory `/home/lucas.t/Cactus_tmp/configs/sim/scratch/build/OpenSSL/openssl-1.0.1k/crypto/ocsp'
making install in crypto/ui...
make[4]: Entering directory `/home/lucas.t/Cactus_tmp/configs/sim/scratch/build/OpenSSL/openssl-1.0.1k/crypto/ui'
make[4]: Leaving directory `/home/lucas.t/Cactus_tmp/configs/sim/scratch/build/OpenSSL/openssl-1.0.1k/crypto/ui'
making install in crypto/krb5...
make[4]: Entering directory `/home/lucas.t/Cactus_tmp/configs/sim/scratch/build/OpenSSL/openssl-1.0.1k/crypto/krb5'
make[4]: Leaving directory `/home/lucas.t/Cactus_tmp/configs/sim/scratch/build/OpenSSL/openssl-1.0.1k/crypto/krb5'
making install in crypto/cms...
make[4]: Entering directory `/home/lucas.t/Cactus_tmp/configs/sim/scratch/build/OpenSSL/openssl-1.0.1k/crypto/cms'
make[4]: Leaving directory `/home/lucas.t/Cactus_tmp/configs/sim/scratch/build/OpenSSL/openssl-1.0.1k/crypto/cms'
making install in crypto/pqueue...
make[4]: Entering directory `/home/lucas.t/Cactus_tmp/configs/sim/scratch/build/OpenSSL/openssl-1.0.1k/crypto/pqueue'
make[4]: Leaving directory `/home/lucas.t/Cactus_tmp/configs/sim/scratch/build/OpenSSL/openssl-1.0.1k/crypto/pqueue'
making install in crypto/ts...
make[4]: Entering directory `/home/lucas.t/Cactus_tmp/configs/sim/scratch/build/OpenSSL/openssl-1.0.1k/crypto/ts'
make[4]: Leaving directory `/home/lucas.t/Cactus_tmp/configs/sim/scratch/build/OpenSSL/openssl-1.0.1k/crypto/ts'
making install in crypto/srp...
make[4]: Entering directory `/home/lucas.t/Cactus_tmp/configs/sim/scratch/build/OpenSSL/openssl-1.0.1k/crypto/srp'
make[4]: Leaving directory `/home/lucas.t/Cactus_tmp/configs/sim/scratch/build/OpenSSL/openssl-1.0.1k/crypto/srp'
making install in crypto/cmac...
make[4]: Entering directory `/home/lucas.t/Cactus_tmp/configs/sim/scratch/build/OpenSSL/openssl-1.0.1k/crypto/cmac'
make[4]: Leaving directory `/home/lucas.t/Cactus_tmp/configs/sim/scratch/build/OpenSSL/openssl-1.0.1k/crypto/cmac'
make[3]: Leaving directory `/home/lucas.t/Cactus_tmp/configs/sim/scratch/build/OpenSSL/openssl-1.0.1k/crypto'
making install in ssl...
make[3]: Entering directory `/home/lucas.t/Cactus_tmp/configs/sim/scratch/build/OpenSSL/openssl-1.0.1k/ssl'
make[3]: Leaving directory `/home/lucas.t/Cactus_tmp/configs/sim/scratch/build/OpenSSL/openssl-1.0.1k/ssl'
making install in engines...
make[3]: Entering directory `/home/lucas.t/Cactus_tmp/configs/sim/scratch/build/OpenSSL/openssl-1.0.1k/engines'
making install in engines/ccgost...
make[4]: Entering directory `/home/lucas.t/Cactus_tmp/configs/sim/scratch/build/OpenSSL/openssl-1.0.1k/engines/ccgost'
[ -n "/home/lucas.t/Cactus_tmp/configs/sim/scratch/external/OpenSSL" ] # should be set by top Makefile...
if [ -n "" ]; then \
	set -e; \
	echo installing gost; \
	pfx=lib; \
	if [ "linux-x86_64" != "Cygwin" ]; then \
		case "-I../../include -DOPENSSL_THREADS -D_REENTRANT -DDSO_DLFCN -DHAVE_DLFCN_H -Wa,--noexecstack -m64 -DL_ENDIAN -DTERMIO -O3 -Wall -DOPENSSL_IA32_SSE2 -DOPENSSL_BN_ASM_MONT -DOPENSSL_BN_ASM_MONT5 -DOPENSSL_BN_ASM_GF2m -DSHA1_ASM -DSHA256_ASM -DSHA512_ASM -DMD5_ASM -DAES_ASM -DVPAES_ASM -DBSAES_ASM -DWHIRLPOOL_ASM -DGHASH_ASM" in \
		*DSO_BEOS*) sfx=".so";; \
		*DSO_DLFCN*) sfx=`expr ".so.1.0.0" : '.*\(\.[a-z][a-z]*\)' \| ".so"`;; \
		*DSO_DL*) sfx=".sl";; \
		*DSO_WIN32*) sfx="eay32.dll"; pfx=;; \
		*) sfx=".bad";; \
		esac; \
		cp ${pfx}gost$sfx /home/lucas.t/Cactus_tmp/configs/sim/scratch/external/OpenSSL/lib/engines/${pfx}gost$sfx.new; \
	else \
		sfx=".so"; \
		cp cyggost.dll /home/lucas.t/Cactus_tmp/configs/sim/scratch/external/OpenSSL/lib/engines/${pfx}gost$sfx.new; \
	fi; \
	chmod 555 /home/lucas.t/Cactus_tmp/configs/sim/scratch/external/OpenSSL/lib/engines/${pfx}gost$sfx.new; \
	mv -f /home/lucas.t/Cactus_tmp/configs/sim/scratch/external/OpenSSL/lib/engines/${pfx}gost$sfx.new /home/lucas.t/Cactus_tmp/configs/sim/scratch/external/OpenSSL/lib/engines/${pfx}gost$sfx; \
fi
make[4]: Leaving directory `/home/lucas.t/Cactus_tmp/configs/sim/scratch/build/OpenSSL/openssl-1.0.1k/engines/ccgost'
make[3]: Leaving directory `/home/lucas.t/Cactus_tmp/configs/sim/scratch/build/OpenSSL/openssl-1.0.1k/engines'
making install in apps...
make[3]: Entering directory `/home/lucas.t/Cactus_tmp/configs/sim/scratch/build/OpenSSL/openssl-1.0.1k/apps'
installing openssl
installing CA.sh
installing CA.pl
installing tsget
make[3]: Leaving directory `/home/lucas.t/Cactus_tmp/configs/sim/scratch/build/OpenSSL/openssl-1.0.1k/apps'
making install in test...
make[3]: Entering directory `/home/lucas.t/Cactus_tmp/configs/sim/scratch/build/OpenSSL/openssl-1.0.1k/test'
make[3]: Nothing to be done for `install'.
make[3]: Leaving directory `/home/lucas.t/Cactus_tmp/configs/sim/scratch/build/OpenSSL/openssl-1.0.1k/test'
making install in tools...
make[3]: Entering directory `/home/lucas.t/Cactus_tmp/configs/sim/scratch/build/OpenSSL/openssl-1.0.1k/tools'
make[3]: Leaving directory `/home/lucas.t/Cactus_tmp/configs/sim/scratch/build/OpenSSL/openssl-1.0.1k/tools'
installing libcrypto.a
installing libssl.a
cp libcrypto.pc /home/lucas.t/Cactus_tmp/configs/sim/scratch/external/OpenSSL/lib/pkgconfig
chmod 644 /home/lucas.t/Cactus_tmp/configs/sim/scratch/external/OpenSSL/lib/pkgconfig/libcrypto.pc
cp libssl.pc /home/lucas.t/Cactus_tmp/configs/sim/scratch/external/OpenSSL/lib/pkgconfig
chmod 644 /home/lucas.t/Cactus_tmp/configs/sim/scratch/external/OpenSSL/lib/pkgconfig/libssl.pc
cp openssl.pc /home/lucas.t/Cactus_tmp/configs/sim/scratch/external/OpenSSL/lib/pkgconfig
chmod 644 /home/lucas.t/Cactus_tmp/configs/sim/scratch/external/OpenSSL/lib/pkgconfig/openssl.pc
make[2]: Leaving directory `/home/lucas.t/Cactus_tmp/configs/sim/scratch/build/OpenSSL/openssl-1.0.1k'
~/Cactus_tmp/configs/sim/scratch
OpenSSL: Cleaning up...
OpenSSL: Done.
OpenSSL selected, but OPENSSL_DIR not set. Checking some places...
OpenSSL not found
Using bundled OpenSSL...
Building OpenSSL
Finished running configuration script for thorn OPENSSL.

********************************************************************************
Running configuration script for thorn PAPI:
PAPI selected, but PAPI_DIR not set. Checking some places...
PAPI not found
Using bundled PAPI...
Finished running configuration script for thorn PAPI.

********************************************************************************
Running configuration script for thorn PTHREADS:
Finished running configuration script for thorn PTHREADS.

********************************************************************************
Running configuration script for thorn VECTORS:
Finished running configuration script for thorn VECTORS.

********************************************************************************
Running configuration script for thorn ZLIB:
zlib selected, but ZLIB_DIR not set. Checking some places...
Found zlib in /usr
Finished running configuration script for thorn ZLIB.

********************************************************************************
Running configuration script for thorn HWLOC:
hwloc selected, but HWLOC_DIR not set. Checking some places...
pkg-config not found; attempting to use reasonable defaults
hwloc not found
Using bundled hwloc...
Finished running configuration script for thorn HWLOC.

********************************************************************************
Running configuration script for thorn LORENE:
LORENE selected, but LORENE_DIR not set.
Using bundled LORENE...
Finished running configuration script for thorn LORENE.

********************************************************************************
Running configuration script for thorn MPI:
Found MPI compiler wrapper at /opt/ohpc/pub/mpi/mvapich2-gnu8/2.3.2/bin/mpic++!
Successfully configured MPI.
Finished running configuration script for thorn MPI.

********************************************************************************
Running configuration script for thorn HDF5:
Additional requested language support:  Fortran
HDF5 selected, but HDF5_DIR not set. Checking pkg-config ...
HDF5 not found. Checking standard paths ...
HDF5 not found.
Using bundled HDF5...
Finished running configuration script for thorn HDF5.
Checking consistency...
Creating Thorn-Flesh bindings...
   Creating implementation bindings...
   Creating parameter bindings...
   Creating variable bindings...
   Creating schedule bindings...
   Creating function bindings...
Generating arguments...
CST finished.
Checking status of thorn CoordBase
COMPILING CactusBase/CoordBase/src/Domain.c
COMPILING CactusBase/CoordBase/src/CoordBase.c
COMPILING CactusBase/CoordBase/src/GHExtension.c
COMPILING configs/sim/bindings/build/CoordBase/cctk_ThornBindings.c
Creating /home/lucas.t/Cactus_tmp/configs/sim/lib/libthorn_CoordBase.a
Checking status of thorn CartGrid3D
COMPILING CactusBase/CartGrid3D/src/Startup.c
COMPILING CactusBase/CartGrid3D/src/ParamCheck.c
COMPILING CactusBase/CartGrid3D/src/DecodeSymParameters.c
COMPILING CactusBase/CartGrid3D/src/CartGrid3D.c
COMPILING CactusBase/CartGrid3D/src/GetSymmetry.c
COMPILING CactusBase/CartGrid3D/src/SetSymmetry.c
COMPILING CactusBase/CartGrid3D/src/Symmetry.c
COMPILING CactusBase/CartGrid3D/src/RegisterSymmetries.c
COMPILING configs/sim/bindings/build/CartGrid3D/cctk_ThornBindings.c
Creating /home/lucas.t/Cactus_tmp/configs/sim/lib/libthorn_CartGrid3D.a
Checking status of thorn ADMAnalysis
COMPILING EinsteinAnalysis/ADMAnalysis/src/ParamCheck.c
COMPILING EinsteinAnalysis/ADMAnalysis/src/Symmetry.c
COMPILING EinsteinAnalysis/ADMAnalysis/src/Analysis.c
/home/lucas.t/Cactus_tmp/configs/sim/build/ADMAnalysis/Analysis.c: In function 'ADMAnalysis_EvaltrK':
/home/lucas.t/Cactus_tmp/configs/sim/build/ADMAnalysis/Analysis.c:84:21: warning: passing argument 8 of 'ADMAnalysis_Trace' discards 'const' qualifier from pointer target type [-Wdiscarded-qualifiers]
                     kxx,
                     ^~~
In file included from /home/lucas.t/Cactus_tmp/configs/sim/bindings/include/ADMAnalysis/cctk_Functions.h:23,
                 from /home/lucas.t/Cactus_tmp/src/include/cctk_core.h:166,
                 from /home/lucas.t/Cactus_tmp/configs/sim/bindings/include/ADMAnalysis/cctk.h:7,
                 from /home/lucas.t/Cactus_tmp/configs/sim/build/ADMAnalysis/Analysis.c:11:
/home/lucas.t/Cactus_tmp/configs/sim/bindings/include/ADMAnalysis_Prototypes.h:83:13: note: expected 'CCTK_REAL8 *' {aka 'double *'} but argument is of type 'const CCTK_REAL8 * const restrict' {aka 'const double * const restrict'}
  CCTK_REAL* tensor11 ,
/home/lucas.t/Cactus_tmp/configs/sim/build/ADMAnalysis/Analysis.c:85:21: warning: passing argument 9 of 'ADMAnalysis_Trace' discards 'const' qualifier from pointer target type [-Wdiscarded-qualifiers]
                     kxy,
                     ^~~
In file included from /home/lucas.t/Cactus_tmp/configs/sim/bindings/include/ADMAnalysis/cctk_Functions.h:23,
                 from /home/lucas.t/Cactus_tmp/src/include/cctk_core.h:166,
                 from /home/lucas.t/Cactus_tmp/configs/sim/bindings/include/ADMAnalysis/cctk.h:7,
                 from /home/lucas.t/Cactus_tmp/configs/sim/build/ADMAnalysis/Analysis.c:11:
/home/lucas.t/Cactus_tmp/configs/sim/bindings/include/ADMAnalysis_Prototypes.h:84:13: note: expected 'CCTK_REAL8 *' {aka 'double *'} but argument is of type 'const CCTK_REAL8 * const restrict' {aka 'const double * const restrict'}
  CCTK_REAL* tensor12 ,
/home/lucas.t/Cactus_tmp/configs/sim/build/ADMAnalysis/Analysis.c:86:21: warning: passing argument 10 of 'ADMAnalysis_Trace' discards 'const' qualifier from pointer target type [-Wdiscarded-qualifiers]
                     kxz,
                     ^~~
In file included from /home/lucas.t/Cactus_tmp/configs/sim/bindings/include/ADMAnalysis/cctk_Functions.h:23,
                 from /home/lucas.t/Cactus_tmp/src/include/cctk_core.h:166,
                 from /home/lucas.t/Cactus_tmp/configs/sim/bindings/include/ADMAnalysis/cctk.h:7,
                 from /home/lucas.t/Cactus_tmp/configs/sim/build/ADMAnalysis/Analysis.c:11:
/home/lucas.t/Cactus_tmp/configs/sim/bindings/include/ADMAnalysis_Prototypes.h:85:13: note: expected 'CCTK_REAL8 *' {aka 'double *'} but argument is of type 'const CCTK_REAL8 * const restrict' {aka 'const double * const restrict'}
  CCTK_REAL* tensor13 ,
/home/lucas.t/Cactus_tmp/configs/sim/build/ADMAnalysis/Analysis.c:87:21: warning: passing argument 11 of 'ADMAnalysis_Trace' discards 'const' qualifier from pointer target type [-Wdiscarded-qualifiers]
                     kyy,
                     ^~~
In file included from /home/lucas.t/Cactus_tmp/configs/sim/bindings/include/ADMAnalysis/cctk_Functions.h:23,
                 from /home/lucas.t/Cactus_tmp/src/include/cctk_core.h:166,
                 from /home/lucas.t/Cactus_tmp/configs/sim/bindings/include/ADMAnalysis/cctk.h:7,
                 from /home/lucas.t/Cactus_tmp/configs/sim/build/ADMAnalysis/Analysis.c:11:
/home/lucas.t/Cactus_tmp/configs/sim/bindings/include/ADMAnalysis_Prototypes.h:86:13: note: expected 'CCTK_REAL8 *' {aka 'double *'} but argument is of type 'const CCTK_REAL8 * const restrict' {aka 'const double * const restrict'}
  CCTK_REAL* tensor22 ,
/home/lucas.t/Cactus_tmp/configs/sim/build/ADMAnalysis/Analysis.c:88:21: warning: passing argument 12 of 'ADMAnalysis_Trace' discards 'const' qualifier from pointer target type [-Wdiscarded-qualifiers]
                     kyz,
                     ^~~
In file included from /home/lucas.t/Cactus_tmp/configs/sim/bindings/include/ADMAnalysis/cctk_Functions.h:23,
                 from /home/lucas.t/Cactus_tmp/src/include/cctk_core.h:166,
                 from /home/lucas.t/Cactus_tmp/configs/sim/bindings/include/ADMAnalysis/cctk.h:7,
                 from /home/lucas.t/Cactus_tmp/configs/sim/build/ADMAnalysis/Analysis.c:11:
/home/lucas.t/Cactus_tmp/configs/sim/bindings/include/ADMAnalysis_Prototypes.h:87:13: note: expected 'CCTK_REAL8 *' {aka 'double *'} but argument is of type 'const CCTK_REAL8 * const restrict' {aka 'const double * const restrict'}
  CCTK_REAL* tensor23 ,
/home/lucas.t/Cactus_tmp/configs/sim/build/ADMAnalysis/Analysis.c:89:21: warning: passing argument 13 of 'ADMAnalysis_Trace' discards 'const' qualifier from pointer target type [-Wdiscarded-qualifiers]
                     kzz,
                     ^~~
In file included from /home/lucas.t/Cactus_tmp/configs/sim/bindings/include/ADMAnalysis/cctk_Functions.h:23,
                 from /home/lucas.t/Cactus_tmp/src/include/cctk_core.h:166,
                 from /home/lucas.t/Cactus_tmp/configs/sim/bindings/include/ADMAnalysis/cctk.h:7,
                 from /home/lucas.t/Cactus_tmp/configs/sim/build/ADMAnalysis/Analysis.c:11:
/home/lucas.t/Cactus_tmp/configs/sim/bindings/include/ADMAnalysis_Prototypes.h:88:13: note: expected 'CCTK_REAL8 *' {aka 'double *'} but argument is of type 'const CCTK_REAL8 * const restrict' {aka 'const double * const restrict'}
  CCTK_REAL* tensor33 ,
COMPILING EinsteinAnalysis/ADMAnalysis/src/CartToSphere.c
COMPILING EinsteinAnalysis/ADMAnalysis/src/Ricci.c
In file included from /home/lucas.t/Cactus_tmp/arrangements/EinsteinBase/ADMMacros/src/macro/RICCI_declare.h:24,
                 from /home/lucas.t/Cactus_tmp/configs/sim/build/ADMAnalysis/Ricci.c:73:
/home/lucas.t/Cactus_tmp/configs/sim/build/ADMAnalysis/Ricci.c: In function 'ADMAnalysis_Ricci':
/home/lucas.t/Cactus_tmp/arrangements/EinsteinBase/ADMMacros/src/macro/CHR2_declare.h:128:18: warning: variable 'gamma333' set but not used [-Wunused-but-set-variable]
 #define CHR2_ZZZ gamma333
                  ^~~~~~~~
/home/lucas.t/Cactus_tmp/arrangements/EinsteinBase/ADMMacros/src/macro/CHR2_declare.h:148:11: note: in expansion of macro 'CHR2_ZZZ'
 CCTK_REAL CHR2_ZZZ;
           ^~~~~~~~
/home/lucas.t/Cactus_tmp/arrangements/EinsteinBase/ADMMacros/src/macro/CHR2_declare.h:116:18: warning: variable 'gamma233' set but not used [-Wunused-but-set-variable]
 #define CHR2_YZZ gamma233
                  ^~~~~~~~
/home/lucas.t/Cactus_tmp/arrangements/EinsteinBase/ADMMacros/src/macro/CHR2_declare.h:142:11: note: in expansion of macro 'CHR2_YZZ'
 CCTK_REAL CHR2_YZZ;
           ^~~~~~~~
/home/lucas.t/Cactus_tmp/arrangements/EinsteinBase/ADMMacros/src/macro/CHR2_declare.h:104:18: warning: variable 'gamma133' set but not used [-Wunused-but-set-variable]
 #define CHR2_XZZ gamma133
                  ^~~~~~~~
/home/lucas.t/Cactus_tmp/arrangements/EinsteinBase/ADMMacros/src/macro/CHR2_declare.h:136:11: note: in expansion of macro 'CHR2_XZZ'
 CCTK_REAL CHR2_XZZ;
           ^~~~~~~~
In file included from /home/lucas.t/Cactus_tmp/arrangements/EinsteinBase/ADMMacros/src/macro/DDG_declare.h:25,
                 from /home/lucas.t/Cactus_tmp/arrangements/EinsteinBase/ADMMacros/src/macro/RICCI_declare.h:22,
                 from /home/lucas.t/Cactus_tmp/configs/sim/build/ADMAnalysis/Ricci.c:73:
/home/lucas.t/Cactus_tmp/arrangements/EinsteinBase/ADMMacros/src/macro/DZZDG_declare.h:70:23: warning: variable 'deldelg3333' set but not used [-Wunused-but-set-variable]
 #define DZZDG_DZZDGZZ deldelg3333
                       ^~~~~~~~~~~
/home/lucas.t/Cactus_tmp/arrangements/EinsteinBase/ADMMacros/src/macro/DZZDG_declare.h:90:11: note: in expansion of macro 'DZZDG_DZZDGZZ'
 CCTK_REAL DZZDG_DZZDGZZ;
           ^~~~~~~~~~~~~
/home/lucas.t/Cactus_tmp/arrangements/EinsteinBase/ADMMacros/src/macro/DZZDG_declare.h:68:23: warning: variable 'deldelg3323' set but not used [-Wunused-but-set-variable]
 #define DZZDG_DZZDGYZ deldelg3323
                       ^~~~~~~~~~~
/home/lucas.t/Cactus_tmp/arrangements/EinsteinBase/ADMMacros/src/macro/DZZDG_declare.h:89:11: note: in expansion of macro 'DZZDG_DZZDGYZ'
 CCTK_REAL DZZDG_DZZDGYZ;
           ^~~~~~~~~~~~~
/home/lucas.t/Cactus_tmp/arrangements/EinsteinBase/ADMMacros/src/macro/DZZDG_declare.h:64:23: warning: variable 'deldelg3313' set but not used [-Wunused-but-set-variable]
 #define DZZDG_DZZDGXZ deldelg3313
                       ^~~~~~~~~~~
/home/lucas.t/Cactus_tmp/arrangements/EinsteinBase/ADMMacros/src/macro/DZZDG_declare.h:87:11: note: in expansion of macro 'DZZDG_DZZDGXZ'
 CCTK_REAL DZZDG_DZZDGXZ;
           ^~~~~~~~~~~~~
In file included from /home/lucas.t/Cactus_tmp/arrangements/EinsteinBase/ADMMacros/src/macro/DDG_declare.h:24,
                 from /home/lucas.t/Cactus_tmp/arrangements/EinsteinBase/ADMMacros/src/macro/RICCI_declare.h:22,
                 from /home/lucas.t/Cactus_tmp/configs/sim/build/ADMAnalysis/Ricci.c:73:
/home/lucas.t/Cactus_tmp/arrangements/EinsteinBase/ADMMacros/src/macro/DYZDG_declare.h:182:23: warning: variable 'deldelg2333' set but not used [-Wunused-but-set-variable]
 #define DYZDG_DYZDGZZ deldelg2333
                       ^~~~~~~~~~~
/home/lucas.t/Cactus_tmp/arrangements/EinsteinBase/ADMMacros/src/macro/DYZDG_declare.h:202:11: note: in expansion of macro 'DYZDG_DYZDGZZ'
 CCTK_REAL DYZDG_DYZDGZZ;
           ^~~~~~~~~~~~~
/home/lucas.t/Cactus_tmp/arrangements/EinsteinBase/ADMMacros/src/macro/DYZDG_declare.h:178:23: warning: variable 'deldelg2322' set but not used [-Wunused-but-set-variable]
 #define DYZDG_DYZDGYY deldelg2322
                       ^~~~~~~~~~~
/home/lucas.t/Cactus_tmp/arrangements/EinsteinBase/ADMMacros/src/macro/DYZDG_declare.h:200:11: note: in expansion of macro 'DYZDG_DYZDGYY'
 CCTK_REAL DYZDG_DYZDGYY;
           ^~~~~~~~~~~~~
In file included from /home/lucas.t/Cactus_tmp/arrangements/EinsteinBase/ADMMacros/src/macro/DDG_declare.h:23,
                 from /home/lucas.t/Cactus_tmp/arrangements/EinsteinBase/ADMMacros/src/macro/RICCI_declare.h:22,
                 from /home/lucas.t/Cactus_tmp/configs/sim/build/ADMAnalysis/Ricci.c:73:
/home/lucas.t/Cactus_tmp/arrangements/EinsteinBase/ADMMacros/src/macro/DYYDG_declare.h:68:23: warning: variable 'deldelg2223' set but not used [-Wunused-but-set-variable]
 #define DYYDG_DYYDGYZ deldelg2223
                       ^~~~~~~~~~~
/home/lucas.t/Cactus_tmp/arrangements/EinsteinBase/ADMMacros/src/macro/DYYDG_declare.h:89:11: note: in expansion of macro 'DYYDG_DYYDGYZ'
 CCTK_REAL DYYDG_DYYDGYZ;
           ^~~~~~~~~~~~~
/home/lucas.t/Cactus_tmp/arrangements/EinsteinBase/ADMMacros/src/macro/DYYDG_declare.h:66:23: warning: variable 'deldelg2222' set but not used [-Wunused-but-set-variable]
 #define DYYDG_DYYDGYY deldelg2222
                       ^~~~~~~~~~~
/home/lucas.t/Cactus_tmp/arrangements/EinsteinBase/ADMMacros/src/macro/DYYDG_declare.h:88:11: note: in expansion of macro 'DYYDG_DYYDGYY'
 CCTK_REAL DYYDG_DYYDGYY;
           ^~~~~~~~~~~~~
/home/lucas.t/Cactus_tmp/arrangements/EinsteinBase/ADMMacros/src/macro/DYYDG_declare.h:62:23: warning: variable 'deldelg2212' set but not used [-Wunused-but-set-variable]
 #define DYYDG_DYYDGXY deldelg2212
                       ^~~~~~~~~~~
/home/lucas.t/Cactus_tmp/arrangements/EinsteinBase/ADMMacros/src/macro/DYYDG_declare.h:86:11: note: in expansion of macro 'DYYDG_DYYDGXY'
 CCTK_REAL DYYDG_DYYDGXY;
           ^~~~~~~~~~~~~
In file included from /home/lucas.t/Cactus_tmp/arrangements/EinsteinBase/ADMMacros/src/macro/DDG_declare.h:22,
                 from /home/lucas.t/Cactus_tmp/arrangements/EinsteinBase/ADMMacros/src/macro/RICCI_declare.h:22,
                 from /home/lucas.t/Cactus_tmp/configs/sim/build/ADMAnalysis/Ricci.c:73:
/home/lucas.t/Cactus_tmp/arrangements/EinsteinBase/ADMMacros/src/macro/DXZDG_declare.h:182:23: warning: variable 'deldelg1333' set but not used [-Wunused-but-set-variable]
 #define DXZDG_DXZDGZZ deldelg1333
                       ^~~~~~~~~~~
/home/lucas.t/Cactus_tmp/arrangements/EinsteinBase/ADMMacros/src/macro/DXZDG_declare.h:202:11: note: in expansion of macro 'DXZDG_DXZDGZZ'
 CCTK_REAL DXZDG_DXZDGZZ;
           ^~~~~~~~~~~~~
/home/lucas.t/Cactus_tmp/arrangements/EinsteinBase/ADMMacros/src/macro/DXZDG_declare.h:172:23: warning: variable 'deldelg1311' set but not used [-Wunused-but-set-variable]
 #define DXZDG_DXZDGXX deldelg1311
                       ^~~~~~~~~~~
/home/lucas.t/Cactus_tmp/arrangements/EinsteinBase/ADMMacros/src/macro/DXZDG_declare.h:197:11: note: in expansion of macro 'DXZDG_DXZDGXX'
 CCTK_REAL DXZDG_DXZDGXX;
           ^~~~~~~~~~~~~
In file included from /home/lucas.t/Cactus_tmp/arrangements/EinsteinBase/ADMMacros/src/macro/DDG_declare.h:21,
                 from /home/lucas.t/Cactus_tmp/arrangements/EinsteinBase/ADMMacros/src/macro/RICCI_declare.h:22,
                 from /home/lucas.t/Cactus_tmp/configs/sim/build/ADMAnalysis/Ricci.c:73:
/home/lucas.t/Cactus_tmp/arrangements/EinsteinBase/ADMMacros/src/macro/DXYDG_declare.h:178:23: warning: variable 'deldelg1222' set but not used [-Wunused-but-set-variable]
 #define DXYDG_DXYDGYY deldelg1222
                       ^~~~~~~~~~~
/home/lucas.t/Cactus_tmp/arrangements/EinsteinBase/ADMMacros/src/macro/DXYDG_declare.h:200:11: note: in expansion of macro 'DXYDG_DXYDGYY'
 CCTK_REAL DXYDG_DXYDGYY;
           ^~~~~~~~~~~~~
/home/lucas.t/Cactus_tmp/arrangements/EinsteinBase/ADMMacros/src/macro/DXYDG_declare.h:172:23: warning: variable 'deldelg1211' set but not used [-Wunused-but-set-variable]
 #define DXYDG_DXYDGXX deldelg1211
                       ^~~~~~~~~~~
/home/lucas.t/Cactus_tmp/arrangements/EinsteinBase/ADMMacros/src/macro/DXYDG_declare.h:197:11: note: in expansion of macro 'DXYDG_DXYDGXX'
 CCTK_REAL DXYDG_DXYDGXX;
           ^~~~~~~~~~~~~
In file included from /home/lucas.t/Cactus_tmp/arrangements/EinsteinBase/ADMMacros/src/macro/DDG_declare.h:20,
                 from /home/lucas.t/Cactus_tmp/arrangements/EinsteinBase/ADMMacros/src/macro/RICCI_declare.h:22,
                 from /home/lucas.t/Cactus_tmp/configs/sim/build/ADMAnalysis/Ricci.c:73:
/home/lucas.t/Cactus_tmp/arrangements/EinsteinBase/ADMMacros/src/macro/DXXDG_declare.h:65:23: warning: variable 'deldelg1113' set but not used [-Wunused-but-set-variable]
 #define DXXDG_DXXDGXZ deldelg1113
                       ^~~~~~~~~~~
/home/lucas.t/Cactus_tmp/arrangements/EinsteinBase/ADMMacros/src/macro/DXXDG_declare.h:89:11: note: in expansion of macro 'DXXDG_DXXDGXZ'
 CCTK_REAL DXXDG_DXXDGXZ;
           ^~~~~~~~~~~~~
/home/lucas.t/Cactus_tmp/arrangements/EinsteinBase/ADMMacros/src/macro/DXXDG_declare.h:63:23: warning: variable 'deldelg1112' set but not used [-Wunused-but-set-variable]
 #define DXXDG_DXXDGXY deldelg1112
                       ^~~~~~~~~~~
/home/lucas.t/Cactus_tmp/arrangements/EinsteinBase/ADMMacros/src/macro/DXXDG_declare.h:88:11: note: in expansion of macro 'DXXDG_DXXDGXY'
 CCTK_REAL DXXDG_DXXDGXY;
           ^~~~~~~~~~~~~
/home/lucas.t/Cactus_tmp/arrangements/EinsteinBase/ADMMacros/src/macro/DXXDG_declare.h:61:23: warning: variable 'deldelg1111' set but not used [-Wunused-but-set-variable]
 #define DXXDG_DXXDGXX deldelg1111
                       ^~~~~~~~~~~
/home/lucas.t/Cactus_tmp/arrangements/EinsteinBase/ADMMacros/src/macro/DXXDG_declare.h:87:11: note: in expansion of macro 'DXXDG_DXXDGXX'
 CCTK_REAL DXXDG_DXXDGXX;
           ^~~~~~~~~~~~~
In file included from /home/lucas.t/Cactus_tmp/arrangements/EinsteinBase/ADMMacros/src/macro/UPPERMET_declare.h:14,
                 from /home/lucas.t/Cactus_tmp/arrangements/EinsteinBase/ADMMacros/src/macro/RICCI_declare.h:21,
                 from /home/lucas.t/Cactus_tmp/configs/sim/build/ADMAnalysis/Ricci.c:73:
/home/lucas.t/Cactus_tmp/arrangements/EinsteinBase/ADMMacros/src/macro/DETG_declare.h:90:20: warning: variable 'detg_detg' set but not used [-Wunused-but-set-variable]
 #define DETG_DETG  detg_detg
                    ^~~~~~~~~
/home/lucas.t/Cactus_tmp/arrangements/EinsteinBase/ADMMacros/src/macro/DETG_declare.h:122:11: note: in expansion of macro 'DETG_DETG'
 CCTK_REAL DETG_DETG;
           ^~~~~~~~~
/home/lucas.t/Cactus_tmp/configs/sim/build/ADMAnalysis/Ricci.c:70:12: warning: unused variable 'lsh' [-Wunused-variable]
   CCTK_INT lsh[3], ash[3];
            ^~~
COMPILING EinsteinAnalysis/ADMAnalysis/src/Trace.c
COMPILING configs/sim/bindings/build/ADMAnalysis/cctk_ThornBindings.c
Creating /home/lucas.t/Cactus_tmp/configs/sim/lib/libthorn_ADMAnalysis.a
Checking status of thorn ADMBase
COMPILING EinsteinBase/ADMBase/src/ParamCheck.c
COMPILING EinsteinBase/ADMBase/src/Initialisation.c
COMPILING EinsteinBase/ADMBase/src/Static.c
COMPILING EinsteinBase/ADMBase/src/InitSymBound.c
COMPILING configs/sim/bindings/build/ADMBase/cctk_ThornBindings.c
Creating /home/lucas.t/Cactus_tmp/configs/sim/lib/libthorn_ADMBase.a
Checking status of thorn ADMCoupling
COMPILING configs/sim/bindings/build/ADMCoupling/cctk_ThornBindings.c
Creating /home/lucas.t/Cactus_tmp/configs/sim/lib/libthorn_ADMCoupling.a
Checking status of thorn SummationByParts
COMPILING CactusNumerical/SummationByParts/src/call_derivs.c
COMPILING CactusNumerical/SummationByParts/src/call_up_derivs.c
COMPILING CactusNumerical/SummationByParts/src/call_derivs2.c
COMPILING CactusNumerical/SummationByParts/src/call_derivs_name.c
COMPILING CactusNumerical/SummationByParts/src/All_Coeffs_mod.F90
COMPILING CactusNumerical/SummationByParts/src/Derivatives_2_1.F90
COMPILING CactusNumerical/SummationByParts/src/Derivatives2_2_1.F90
COMPILING CactusNumerical/SummationByParts/src/Derivatives_4_2.F90
COMPILING CactusNumerical/SummationByParts/src/Derivatives2_4_2.F90
COMPILING CactusNumerical/SummationByParts/src/Derivatives2_4_2_min_err_coeff.F90
COMPILING CactusNumerical/SummationByParts/src/Derivatives_6_3.F90
COMPILING CactusNumerical/SummationByParts/src/Derivatives2_6_3.F90
COMPILING CactusNumerical/SummationByParts/src/Derivatives_6_3_min_err_coeff.F90
COMPILING CactusNumerical/SummationByParts/src/Derivatives_8_4.F90
COMPILING CactusNumerical/SummationByParts/src/Derivatives2_8_4.F90
COMPILING CactusNumerical/SummationByParts/src/Derivatives_8_4_min_err_coeff.F90
COMPILING CactusNumerical/SummationByParts/src/Derivatives_4_3.F90
COMPILING CactusNumerical/SummationByParts/src/Derivatives_4_3_min_err_coeff.F90
COMPILING CactusNumerical/SummationByParts/src/Derivatives_6_5.F90
COMPILING CactusNumerical/SummationByParts/src/Derivatives_6_5_min_err_coeff.F90
COMPILING CactusNumerical/SummationByParts/src/Derivatives2_mixed.F90
COMPILING CactusNumerical/SummationByParts/src/Get_Coeff.F90
/home/lucas.t/Cactus_tmp/configs/sim/build/SummationByParts/Get_Coeff.f90:300:0:

 end function GetCoeff
 
Warning: '__result_getcoeff' may be used uninitialized in this function [-Wmaybe-uninitialized]
/home/lucas.t/Cactus_tmp/configs/sim/build/SummationByParts/Get_Coeff.f90:1:0:

 REAL*8 function GetCoeff ()
 
note: '__result_getcoeff' was declared here
COMPILING CactusNumerical/SummationByParts/src/set_norm_mask.F90
/home/lucas.t/Cactus_tmp/configs/sim/build/SummationByParts/set_norm_mask.f90:390:0:

     if (onesided(2)/=0) mask_x(ni:ni-np+1:-1) = bmask(1:np)
 
Warning: 'np' may be used uninitialized in this function [-Wmaybe-uninitialized]
COMPILING CactusNumerical/SummationByParts/src/GetScalProdDiag.F90
COMPILING CactusNumerical/SummationByParts/src/CheckGridSizes.F90
/home/lucas.t/Cactus_tmp/configs/sim/build/SummationByParts/CheckGridSizes.f90:6:113:

   &imefac,cctk_convlevel,cctk_convfac,cctk_nghostzones,cctk_iteration,cctkGH,cctk_ash1,cctk_ash2,cctk_ash3, nmask,sbp_dx,sbp_dy,sbp&
                                                                                                                 1
Warning: Unused dummy argument 'nmask' at (1) [-Wunused-dummy-argument]
/home/lucas.t/Cactus_tmp/configs/sim/build/SummationByParts/CheckGridSizes.f90:6:120:

   &imefac,cctk_convlevel,cctk_convfac,cctk_nghostzones,cctk_iteration,cctkGH,cctk_ash1,cctk_ash2,cctk_ash3, nmask,sbp_dx,sbp_dy,sbp&
                                                                                                                        1
Warning: Unused dummy argument 'sbp_dx' at (1) [-Wunused-dummy-argument]
/home/lucas.t/Cactus_tmp/configs/sim/build/SummationByParts/CheckGridSizes.f90:6:127:

   &imefac,cctk_convlevel,cctk_convfac,cctk_nghostzones,cctk_iteration,cctkGH,cctk_ash1,cctk_ash2,cctk_ash3, nmask,sbp_dx,sbp_dy,sbp&
                                                                                                                               1
Warning: Unused dummy argument 'sbp_dy' at (1) [-Wunused-dummy-argument]
/home/lucas.t/Cactus_tmp/configs/sim/build/SummationByParts/CheckGridSizes.f90:7:6:

   &_dz)
      1
Warning: Unused dummy argument 'sbp_dz' at (1) [-Wunused-dummy-argument]
COMPILING CactusNumerical/SummationByParts/src/dissipation.c
COMPILING CactusNumerical/SummationByParts/src/Dissipation_2_1.F90
COMPILING CactusNumerical/SummationByParts/src/Dissipation_2_1_alt.F90
COMPILING CactusNumerical/SummationByParts/src/Dissipation_4_2.F90
COMPILING CactusNumerical/SummationByParts/src/Dissipation_4_2_alt.F90
COMPILING CactusNumerical/SummationByParts/src/Dissipation_6_3.F90
COMPILING CactusNumerical/SummationByParts/src/Dissipation_6_3_alt.F90
COMPILING CactusNumerical/SummationByParts/src/Dissipation_8_4.F90
COMPILING CactusNumerical/SummationByParts/src/Dissipation_8_4_alt.F90
COMPILING CactusNumerical/SummationByParts/src/dissipation_coeff.F90
COMPILING CactusNumerical/SummationByParts/src/Dissipation_4_3_min_err_coeff.F90
/home/lucas.t/Cactus_tmp/configs/sim/build/SummationByParts/Dissipation_4_3_min_err_coeff.f90:665:32:

   subroutine set_bmatrix ( b, bb, lsh, gsh, lbnd, h, dfl )
                                1
Warning: Unused dummy argument 'bb' at (1) [-Wunused-dummy-argument]
/home/lucas.t/Cactus_tmp/configs/sim/build/SummationByParts/Dissipation_4_3_min_err_coeff.f90:665:37:

   subroutine set_bmatrix ( b, bb, lsh, gsh, lbnd, h, dfl )
                                     1
Warning: Unused dummy argument 'lsh' at (1) [-Wunused-dummy-argument]
/home/lucas.t/Cactus_tmp/configs/sim/build/SummationByParts/Dissipation_4_3_min_err_coeff.f90:591:0:

                         a(nkk,nkk-4) * var(:,:,or) ) * idel
 
Warning: 'nkk' may be used uninitialized in this function [-Wmaybe-uninitialized]
/home/lucas.t/Cactus_tmp/configs/sim/build/SummationByParts/Dissipation_4_3_min_err_coeff.f90:285:0:

   INTEGER*4 :: nii, njj, nkk
 
note: 'nkk' was declared here
/home/lucas.t/Cactus_tmp/configs/sim/build/SummationByParts/Dissipation_4_3_min_err_coeff.f90:474:0:

                         a(njj,njj-4) * var(:,or,:) ) * idel
 
Warning: 'njj' may be used uninitialized in this function [-Wmaybe-uninitialized]
/home/lucas.t/Cactus_tmp/configs/sim/build/SummationByParts/Dissipation_4_3_min_err_coeff.f90:284:0:

   INTEGER*4 :: il, ir, jl, jr, kl, kr, ol, or
 
Warning: 'ol' may be used uninitialized in this function [-Wmaybe-uninitialized]
/home/lucas.t/Cactus_tmp/configs/sim/build/SummationByParts/Dissipation_4_3_min_err_coeff.f90:358:0:

                       a(nii,nii-4) * var(or,:,:) ) * idel
 
Warning: 'nii' may be used uninitialized in this function [-Wmaybe-uninitialized]
COMPILING CactusNumerical/SummationByParts/src/Dissipation_4_3_min_err_coeff_alt.F90
/home/lucas.t/Cactus_tmp/configs/sim/build/SummationByParts/Dissipation_4_3_min_err_coeff_alt.f90:792:32:

   subroutine set_bmatrix ( b, bb, lsh, gsh, lbnd, h, dfl )
                                1
Warning: Unused dummy argument 'bb' at (1) [-Wunused-dummy-argument]
/home/lucas.t/Cactus_tmp/configs/sim/build/SummationByParts/Dissipation_4_3_min_err_coeff_alt.f90:792:37:

   subroutine set_bmatrix ( b, bb, lsh, gsh, lbnd, h, dfl )
                                     1
Warning: Unused dummy argument 'lsh' at (1) [-Wunused-dummy-argument]
/home/lucas.t/Cactus_tmp/configs/sim/build/SummationByParts/Dissipation_4_3_min_err_coeff_alt.f90:675:0:

                         a(nkk,nkk-4) * var(:,:,or) ) * idel
 
Warning: 'nkk' may be used uninitialized in this function [-Wmaybe-uninitialized]
/home/lucas.t/Cactus_tmp/configs/sim/build/SummationByParts/Dissipation_4_3_min_err_coeff_alt.f90:285:0:

   INTEGER*4 :: nii, njj, nkk
 
note: 'nkk' was declared here
/home/lucas.t/Cactus_tmp/configs/sim/build/SummationByParts/Dissipation_4_3_min_err_coeff_alt.f90:528:0:

                         a(njj,njj-4) * var(:,or,:) ) * idel
 
Warning: 'njj' may be used uninitialized in this function [-Wmaybe-uninitialized]
/home/lucas.t/Cactus_tmp/configs/sim/build/SummationByParts/Dissipation_4_3_min_err_coeff_alt.f90:284:0:

   INTEGER*4 :: il, ir, jl, jr, kl, kr, ol, or
 
Warning: 'ol' may be used uninitialized in this function [-Wmaybe-uninitialized]
/home/lucas.t/Cactus_tmp/configs/sim/build/SummationByParts/Dissipation_4_3_min_err_coeff_alt.f90:380:0:

                       a(nii,nii-4) * var(or,:,:) ) * idel
 
Warning: 'nii' may be used uninitialized in this function [-Wmaybe-uninitialized]
COMPILING CactusNumerical/SummationByParts/src/Dissipation_6_5_min_err_coeff.F90
/home/lucas.t/Cactus_tmp/configs/sim/build/SummationByParts/Dissipation_6_5_min_err_coeff.f90:940:32:

   subroutine set_bmatrix ( b, bb, lsh, gsh, lbnd, h, dfl )
                                1
Warning: Unused dummy argument 'bb' at (1) [-Wunused-dummy-argument]
/home/lucas.t/Cactus_tmp/configs/sim/build/SummationByParts/Dissipation_6_5_min_err_coeff.f90:940:37:

   subroutine set_bmatrix ( b, bb, lsh, gsh, lbnd, h, dfl )
                                     1
Warning: Unused dummy argument 'lsh' at (1) [-Wunused-dummy-argument]
/home/lucas.t/Cactus_tmp/configs/sim/build/SummationByParts/Dissipation_6_5_min_err_coeff.f90:795:0:

                         a(nkk,nkk-6) * var(:,:,or) ) * idel
 
Warning: 'nkk' may be used uninitialized in this function [-Wmaybe-uninitialized]
/home/lucas.t/Cactus_tmp/configs/sim/build/SummationByParts/Dissipation_6_5_min_err_coeff.f90:285:0:

   INTEGER*4 :: nii, njj, nkk
 
note: 'nkk' was declared here
/home/lucas.t/Cactus_tmp/configs/sim/build/SummationByParts/Dissipation_6_5_min_err_coeff.f90:596:0:

                         a(njj,njj-6) * var(:,or,:) ) * idel
 
Warning: 'njj' may be used uninitialized in this function [-Wmaybe-uninitialized]
/home/lucas.t/Cactus_tmp/configs/sim/build/SummationByParts/Dissipation_6_5_min_err_coeff.f90:284:0:

   INTEGER*4 :: il, ir, jl, jr, kl, kr, ol, or
 
Warning: 'ol' may be used uninitialized in this function [-Wmaybe-uninitialized]
/home/lucas.t/Cactus_tmp/configs/sim/build/SummationByParts/Dissipation_6_5_min_err_coeff.f90:400:0:

                       a(nii,nii-6) * var(or,:,:) ) * idel
 
Warning: 'nii' may be used uninitialized in this function [-Wmaybe-uninitialized]
COMPILING CactusNumerical/SummationByParts/src/Dissipation_6_5_min_err_coeff_alt.F90
/home/lucas.t/Cactus_tmp/configs/sim/build/SummationByParts/Dissipation_6_5_min_err_coeff_alt.f90:861:32:

   subroutine set_bmatrix ( b, bb, lsh, gsh, lbnd, h, dfl )
                                1
Warning: Unused dummy argument 'bb' at (1) [-Wunused-dummy-argument]
/home/lucas.t/Cactus_tmp/configs/sim/build/SummationByParts/Dissipation_6_5_min_err_coeff_alt.f90:861:37:

   subroutine set_bmatrix ( b, bb, lsh, gsh, lbnd, h, dfl )
                                     1
Warning: Unused dummy argument 'lsh' at (1) [-Wunused-dummy-argument]
/home/lucas.t/Cactus_tmp/configs/sim/build/SummationByParts/Dissipation_6_5_min_err_coeff_alt.f90:737:0:

                         a(nkk,nkk-6) * var(:,:,or) ) * idel
 
Warning: 'nkk' may be used uninitialized in this function [-Wmaybe-uninitialized]
/home/lucas.t/Cactus_tmp/configs/sim/build/SummationByParts/Dissipation_6_5_min_err_coeff_alt.f90:285:0:

   INTEGER*4 :: nii, njj, nkk
 
note: 'nkk' was declared here
/home/lucas.t/Cactus_tmp/configs/sim/build/SummationByParts/Dissipation_6_5_min_err_coeff_alt.f90:566:0:

                         a(njj,njj-6) * var(:,or,:) ) * idel
 
Warning: 'njj' may be used uninitialized in this function [-Wmaybe-uninitialized]
/home/lucas.t/Cactus_tmp/configs/sim/build/SummationByParts/Dissipation_6_5_min_err_coeff_alt.f90:284:0:

   INTEGER*4 :: il, ir, jl, jr, kl, kr, ol, or
 
Warning: 'ol' may be used uninitialized in this function [-Wmaybe-uninitialized]
/home/lucas.t/Cactus_tmp/configs/sim/build/SummationByParts/Dissipation_6_5_min_err_coeff_alt.f90:381:0:

                       a(nii,nii-6) * var(or,:,:) ) * idel
 
Warning: 'nii' may be used uninitialized in this function [-Wmaybe-uninitialized]
COMPILING CactusNumerical/SummationByParts/src/DeltaInitial.F90
COMPILING CactusNumerical/SummationByParts/src/get_coeffs.c
COMPILING CactusNumerical/SummationByParts/src/get_up_coeffs.c
COMPILING CactusNumerical/SummationByParts/src/get_coeffs2.c
COMPILING CactusNumerical/SummationByParts/src/Coefficients_2_1.F90
/home/lucas.t/Cactus_tmp/configs/sim/build/SummationByParts/Coefficients_2_1.f90:1:43:

 subroutine set_coeff_2_1 ( nsize, loc_order, bb, gsize, imin, imax, dd )
                                           1
Warning: Unused dummy argument 'loc_order' at (1) [-Wunused-dummy-argument]
/home/lucas.t/Cactus_tmp/configs/sim/build/SummationByParts/Coefficients_2_1.f90:305:51:

 subroutine set_coeff_up_2_1 ( nsize, dir, loc_order, bb, gsize, imin, imax, dd )
                                                   1
Warning: Unused dummy argument 'loc_order' at (1) [-Wunused-dummy-argument]
/home/lucas.t/Cactus_tmp/configs/sim/build/SummationByParts/Coefficients_2_1.f90:630:49:

 subroutine set_coeff_up_2 ( nsize, dir, loc_order, bb, gsize, imin, imax, dd )
                                                 1
Warning: Unused dummy argument 'loc_order' at (1) [-Wunused-dummy-argument]
COMPILING CactusNumerical/SummationByParts/src/Coefficients_2.F90
/home/lucas.t/Cactus_tmp/configs/sim/build/SummationByParts/Coefficients_2.f90:1:41:

 subroutine set_coeff_2 ( nsize, loc_order, bb, gsize, imin, imax, dd )
                                         1
Warning: Unused dummy argument 'loc_order' at (1) [-Wunused-dummy-argument]
COMPILING CactusNumerical/SummationByParts/src/Coefficients2_2_1.F90
/home/lucas.t/Cactus_tmp/configs/sim/build/SummationByParts/Coefficients2_2_1.f90:1:44:

 subroutine set_coeff2_2_1 ( nsize, loc_order, bb, gsize, imin, imax, dd )
                                            1
Warning: Unused dummy argument 'loc_order' at (1) [-Wunused-dummy-argument]
COMPILING CactusNumerical/SummationByParts/src/Coefficients2_2.F90
/home/lucas.t/Cactus_tmp/configs/sim/build/SummationByParts/Coefficients2_2.f90:1:42:

 subroutine set_coeff2_2 ( nsize, loc_order, bb, gsize, imin, imax, dd )
                                          1
Warning: Unused dummy argument 'loc_order' at (1) [-Wunused-dummy-argument]
COMPILING CactusNumerical/SummationByParts/src/Coefficients_4_2.F90
/home/lucas.t/Cactus_tmp/configs/sim/build/SummationByParts/Coefficients_4_2.f90:1:43:

 subroutine set_coeff_4_2 ( nsize, loc_order, bb, gsize, imin, imax, dd )
                                           1
Warning: Unused dummy argument 'loc_order' at (1) [-Wunused-dummy-argument]
/home/lucas.t/Cactus_tmp/configs/sim/build/SummationByParts/Coefficients_4_2.f90:313:51:

 subroutine set_coeff_up_4_2 ( nsize, dir, loc_order, bb, gsize, imin, imax, dd )
                                                   1
Warning: Unused dummy argument 'loc_order' at (1) [-Wunused-dummy-argument]
/home/lucas.t/Cactus_tmp/configs/sim/build/SummationByParts/Coefficients_4_2.f90:654:49:

 subroutine set_coeff_up_4 ( nsize, dir, loc_order, bb, gsize, imin, imax, dd )
                                                 1
Warning: Unused dummy argument 'loc_order' at (1) [-Wunused-dummy-argument]
COMPILING CactusNumerical/SummationByParts/src/Coefficients_4.F90
/home/lucas.t/Cactus_tmp/configs/sim/build/SummationByParts/Coefficients_4.f90:1:41:

 subroutine set_coeff_4 ( nsize, loc_order, bb, gsize, imin, imax, dd )
                                         1
Warning: Unused dummy argument 'loc_order' at (1) [-Wunused-dummy-argument]
COMPILING CactusNumerical/SummationByParts/src/Coefficients2_4_2.F90
/home/lucas.t/Cactus_tmp/configs/sim/build/SummationByParts/Coefficients2_4_2.f90:1:44:

 subroutine set_coeff2_4_2 ( nsize, loc_order, bb, gsize, imin, imax, dd )
                                            1
Warning: Unused dummy argument 'loc_order' at (1) [-Wunused-dummy-argument]
COMPILING CactusNumerical/SummationByParts/src/Coefficients2_4_2_min_err_coeff.F90
/home/lucas.t/Cactus_tmp/configs/sim/build/SummationByParts/Coefficients2_4_2_min_err_coeff.f90:1:48:

 subroutine set_coeff2_4_2_opt ( nsize, loc_order, bb, gsize, imin, imax, dd )
                                                1
Warning: Unused dummy argument 'loc_order' at (1) [-Wunused-dummy-argument]
COMPILING CactusNumerical/SummationByParts/src/Coefficients2_4.F90
/home/lucas.t/Cactus_tmp/configs/sim/build/SummationByParts/Coefficients2_4.f90:1:42:

 subroutine set_coeff2_4 ( nsize, loc_order, bb, gsize, imin, imax, dd )
                                          1
Warning: Unused dummy argument 'loc_order' at (1) [-Wunused-dummy-argument]
COMPILING CactusNumerical/SummationByParts/src/Coefficients_6_3.F90
/home/lucas.t/Cactus_tmp/configs/sim/build/SummationByParts/Coefficients_6_3.f90:1:43:

 subroutine set_coeff_6_3 ( nsize, loc_order, bb, gsize, imin, imax, dd )
                                           1
Warning: Unused dummy argument 'loc_order' at (1) [-Wunused-dummy-argument]
COMPILING CactusNumerical/SummationByParts/src/Coefficients2_6_3.F90
/home/lucas.t/Cactus_tmp/configs/sim/build/SummationByParts/Coefficients2_6_3.f90:1:44:

 subroutine set_coeff2_6_3 ( nsize, loc_order, bb, gsize, imin, imax, dd )
                                            1
Warning: Unused dummy argument 'loc_order' at (1) [-Wunused-dummy-argument]
COMPILING CactusNumerical/SummationByParts/src/Coefficients_6_3_min_err_coeff.F90
/home/lucas.t/Cactus_tmp/configs/sim/build/SummationByParts/Coefficients_6_3_min_err_coeff.f90:1:47:

 subroutine set_coeff_6_3_opt ( nsize, loc_order, bb, gsize, imin, imax, dd )
                                               1
Warning: Unused dummy argument 'loc_order' at (1) [-Wunused-dummy-argument]
/home/lucas.t/Cactus_tmp/configs/sim/build/SummationByParts/Coefficients_6_3_min_err_coeff.f90:320:55:

 subroutine set_coeff_up_6_3_opt ( nsize, dir, loc_order, bb, gsize, imin, imax, dd )
                                                       1
Warning: Unused dummy argument 'loc_order' at (1) [-Wunused-dummy-argument]
/home/lucas.t/Cactus_tmp/configs/sim/build/SummationByParts/Coefficients_6_3_min_err_coeff.f90:678:49:

 subroutine set_coeff_up_6 ( nsize, dir, loc_order, bb, gsize, imin, imax, dd )
                                                 1
Warning: Unused dummy argument 'loc_order' at (1) [-Wunused-dummy-argument]
COMPILING CactusNumerical/SummationByParts/src/Coefficients_6.F90
/home/lucas.t/Cactus_tmp/configs/sim/build/SummationByParts/Coefficients_6.f90:1:41:

 subroutine set_coeff_6 ( nsize, loc_order, bb, gsize, imin, imax, dd )
                                         1
Warning: Unused dummy argument 'loc_order' at (1) [-Wunused-dummy-argument]
COMPILING CactusNumerical/SummationByParts/src/Coefficients2_6.F90
/home/lucas.t/Cactus_tmp/configs/sim/build/SummationByParts/Coefficients2_6.f90:1:42:

 subroutine set_coeff2_6 ( nsize, loc_order, bb, gsize, imin, imax, dd )
                                          1
Warning: Unused dummy argument 'loc_order' at (1) [-Wunused-dummy-argument]
COMPILING CactusNumerical/SummationByParts/src/Coefficients_8_4.F90
/home/lucas.t/Cactus_tmp/configs/sim/build/SummationByParts/Coefficients_8_4.f90:1:43:

 subroutine set_coeff_8_4 ( nsize, loc_order, bb, gsize, imin, imax, dd )
                                           1
Warning: Unused dummy argument 'loc_order' at (1) [-Wunused-dummy-argument]
COMPILING CactusNumerical/SummationByParts/src/Coefficients2_8_4.F90
/home/lucas.t/Cactus_tmp/configs/sim/build/SummationByParts/Coefficients2_8_4.f90:1:44:

 subroutine set_coeff2_8_4 ( nsize, loc_order, bb, gsize, imin, imax, dd )
                                            1
Warning: Unused dummy argument 'loc_order' at (1) [-Wunused-dummy-argument]
COMPILING CactusNumerical/SummationByParts/src/Coefficients_8_4_min_err_coeff.F90
/home/lucas.t/Cactus_tmp/configs/sim/build/SummationByParts/Coefficients_8_4_min_err_coeff.f90:1:47:

 subroutine set_coeff_8_4_opt ( nsize, loc_order, bb, gsize, imin, imax, dd )
                                               1
Warning: Unused dummy argument 'loc_order' at (1) [-Wunused-dummy-argument]
/home/lucas.t/Cactus_tmp/configs/sim/build/SummationByParts/Coefficients_8_4_min_err_coeff.f90:328:55:

 subroutine set_coeff_up_8_4_opt ( nsize, dir, loc_order, bb, gsize, imin, imax, dd )
                                                       1
Warning: Unused dummy argument 'loc_order' at (1) [-Wunused-dummy-argument]
/home/lucas.t/Cactus_tmp/configs/sim/build/SummationByParts/Coefficients_8_4_min_err_coeff.f90:702:49:

 subroutine set_coeff_up_8 ( nsize, dir, loc_order, bb, gsize, imin, imax, dd )
                                                 1
Warning: Unused dummy argument 'loc_order' at (1) [-Wunused-dummy-argument]
COMPILING CactusNumerical/SummationByParts/src/Coefficients_8.F90
/home/lucas.t/Cactus_tmp/configs/sim/build/SummationByParts/Coefficients_8.f90:1:41:

 subroutine set_coeff_8 ( nsize, loc_order, bb, gsize, imin, imax, dd )
                                         1
Warning: Unused dummy argument 'loc_order' at (1) [-Wunused-dummy-argument]
COMPILING CactusNumerical/SummationByParts/src/Coefficients2_8.F90
/home/lucas.t/Cactus_tmp/configs/sim/build/SummationByParts/Coefficients2_8.f90:1:42:

 subroutine set_coeff2_8 ( nsize, loc_order, bb, gsize, imin, imax, dd )
                                          1
Warning: Unused dummy argument 'loc_order' at (1) [-Wunused-dummy-argument]
COMPILING CactusNumerical/SummationByParts/src/Coefficients_4_3.F90
/home/lucas.t/Cactus_tmp/configs/sim/build/SummationByParts/Coefficients_4_3.f90:1:43:

 subroutine set_coeff_4_3 ( nsize, loc_order, bb, gsize, imin, imax, dd )
                                           1
Warning: Unused dummy argument 'loc_order' at (1) [-Wunused-dummy-argument]
COMPILING CactusNumerical/SummationByParts/src/Coefficients_4_3_min_err_coeff.F90
/home/lucas.t/Cactus_tmp/configs/sim/build/SummationByParts/Coefficients_4_3_min_err_coeff.f90:1:47:

 subroutine set_coeff_4_3_opt ( nsize, loc_order, bb, gsize, imin, imax, dd )
                                               1
Warning: Unused dummy argument 'loc_order' at (1) [-Wunused-dummy-argument]
COMPILING CactusNumerical/SummationByParts/src/Coefficients_6_5.F90
/home/lucas.t/Cactus_tmp/configs/sim/build/SummationByParts/Coefficients_6_5.f90:1:43:

 subroutine set_coeff_6_5 ( nsize, loc_order, bb, gsize, imin, imax, dd )
                                           1
Warning: Unused dummy argument 'loc_order' at (1) [-Wunused-dummy-argument]
COMPILING CactusNumerical/SummationByParts/src/Coefficients_6_5_min_err_coeff.F90
/home/lucas.t/Cactus_tmp/configs/sim/build/SummationByParts/Coefficients_6_5_min_err_coeff.f90:1:47:

 subroutine set_coeff_6_5_opt ( nsize, loc_order, bb, gsize, imin, imax, dd )
                                               1
Warning: Unused dummy argument 'loc_order' at (1) [-Wunused-dummy-argument]
COMPILING CactusNumerical/SummationByParts/src/Poisoning.F90
COMPILING CactusNumerical/SummationByParts/src/get_offset.c
/home/lucas.t/Cactus_tmp/configs/sim/build/SummationByParts/get_offset.c: In function 'get_shiftout':
/home/lucas.t/Cactus_tmp/configs/sim/build/SummationByParts/get_offset.c:14:32: warning: unused variable 'cctkGH' [-Wunused-variable]
     cGH const * restrict const cctkGH = cctkGH_;
                                ^~~~~~
COMPILING CactusNumerical/SummationByParts/src/stencil.c
COMPILING CactusNumerical/SummationByParts/src/get_boundary_width.c
COMPILING configs/sim/bindings/build/SummationByParts/cctk_ThornBindings.c
Creating /home/lucas.t/Cactus_tmp/configs/sim/lib/libthorn_SummationByParts.a
Checking status of thorn ADMDerivatives
COMPILING Llama/ADMDerivatives/src/calc_derivs.cc
COMPILING Llama/ADMDerivatives/src/sync.cc
COMPILING Llama/ADMDerivatives/src/grids.cc
COMPILING configs/sim/bindings/build/ADMDerivatives/cctk_ThornBindings.c
Creating /home/lucas.t/Cactus_tmp/configs/sim/lib/libthorn_ADMDerivatives.a
Checking status of thorn ADMMacros
COMPILING EinsteinBase/ADMMacros/src/SetLocalSpatialOrder.c
COMPILING configs/sim/bindings/build/ADMMacros/cctk_ThornBindings.c
Creating /home/lucas.t/Cactus_tmp/configs/sim/lib/libthorn_ADMMacros.a
Checking status of thorn ADMMass
COMPILING EinsteinAnalysis/ADMMass/src/surface_integral.c
COMPILING EinsteinAnalysis/ADMMass/src/volume_integral.c
COMPILING EinsteinAnalysis/ADMMass/src/loop.c
COMPILING configs/sim/bindings/build/ADMMass/cctk_ThornBindings.c
Creating /home/lucas.t/Cactus_tmp/configs/sim/lib/libthorn_ADMMass.a
Checking status of thorn ADMScalarWave
COMPILING Local/ADMScalarWave/src/Boundary.c
COMPILING Local/ADMScalarWave/src/CheckParameters.c
COMPILING Local/ADMScalarWave/src/Evolve.c
COMPILING Local/ADMScalarWave/src/Initialize.c
COMPILING Local/ADMScalarWave/src/Register.c
COMPILING Local/ADMScalarWave/src/Startup.c
COMPILING configs/sim/bindings/build/ADMScalarWave/cctk_ThornBindings.c
Creating /home/lucas.t/Cactus_tmp/configs/sim/lib/libthorn_ADMScalarWave.a
Checking status of thorn AEILocalInterp
COMPILING Numerical/AEILocalInterp/src/startup.c
COMPILING Numerical/AEILocalInterp/src/InterpLocalUniform.c
/home/lucas.t/Cactus_tmp/configs/sim/build/AEILocalInterp/InterpLocalUniform.c: In function 'InterpLocalUniform.constprop':
/home/lucas.t/Cactus_tmp/configs/sim/build/AEILocalInterp/InterpLocalUniform.c:1281:4: warning: 'value_not_set' may be used uninitialized in this function [-Wmaybe-uninitialized]
 if (value_not_set)
    ^
/home/lucas.t/Cactus_tmp/configs/sim/build/AEILocalInterp/InterpLocalUniform.c:1577:21: warning: 'order' may be used uninitialized in this function [-Wmaybe-uninitialized]
 const p_interp_fn_t p_interp_fn = p_interp_fn_table[interp_operator]
                     ^~~~~~~~~~~
/home/lucas.t/Cactus_tmp/configs/sim/build/AEILocalInterp/InterpLocalUniform.c:1613:5: warning: 'debug' may be used uninitialized in this function [-Wmaybe-uninitialized]
  = (*p_interp_fn)(coord_origin, coord_delta,
    ~^~~~~~~~~~~~~~~~~~~~~~~~~~~~~~~~~~~~~~~~
     N_interp_points,
     ~~~~~~~~~~~~~~~~
        interp_coords_type_code, interp_coords,
        ~~~~~~~~~~~~~~~~~~~~~~~~~~~~~~~~~~~~~~~
        N_boundary_points_to_omit,
        ~~~~~~~~~~~~~~~~~~~~~~~~~~
        boundary_off_centering_tolerance,
        ~~~~~~~~~~~~~~~~~~~~~~~~~~~~~~~~~
        boundary_extrapolation_tolerance,
        ~~~~~~~~~~~~~~~~~~~~~~~~~~~~~~~~~
     N_input_arrays,
     ~~~~~~~~~~~~~~~
        input_array_offsets, input_array_strides,
        ~~~~~~~~~~~~~~~~~~~~~~~~~~~~~~~~~~~~~~~~~
        input_array_min_subscripts,
        ~~~~~~~~~~~~~~~~~~~~~~~~~~~
        input_array_max_subscripts,
        ~~~~~~~~~~~~~~~~~~~~~~~~~~~
        input_array_type_codes, input_arrays,
        ~~~~~~~~~~~~~~~~~~~~~~~~~~~~~~~~~~~~~
     N_output_arrays,
     ~~~~~~~~~~~~~~~~
        output_array_type_codes, output_arrays,
        ~~~~~~~~~~~~~~~~~~~~~~~~~~~~~~~~~~~~~~~
        operand_indices, operation_codes,
        ~~~~~~~~~~~~~~~~~~~~~~~~~~~~~~~~~
     debug, (log_interp_coords ? log_fp : NULL),
     ~~~~~~~~~~~~~~~~~~~~~~~~~~~~~~~~~~~~~~~~~~~
     &error_info,
     ~~~~~~~~~~~~
     &molecule_structure_flags,
     ~~~~~~~~~~~~~~~~~~~~~~~~~~
     p_molecule_min_max_m_info,
     ~~~~~~~~~~~~~~~~~~~~~~~~~~
     p_molecule_positions,
     ~~~~~~~~~~~~~~~~~~~~~
     p_Jacobian_info);
     ~~~~~~~~~~~~~~~~
COMPILING Numerical/AEILocalInterp/src/molecule_posn.c
COMPILING Numerical/AEILocalInterp/src/util.c
COMPILING Numerical/AEILocalInterp/src/common/load.c
COMPILING Numerical/AEILocalInterp/src/common/evaluate.c
COMPILING Numerical/AEILocalInterp/src/common/store.c
COMPILING Numerical/AEILocalInterp/src/Lagrange-tensor-product/1d.cube.order1.smooth0.c
COMPILING Numerical/AEILocalInterp/src/Lagrange-tensor-product/1d.cube.order2.smooth0.c
COMPILING Numerical/AEILocalInterp/src/Lagrange-tensor-product/1d.cube.order3.smooth0.c
COMPILING Numerical/AEILocalInterp/src/Lagrange-tensor-product/1d.cube.order4.smooth0.c
COMPILING Numerical/AEILocalInterp/src/Lagrange-tensor-product/1d.cube.order5.smooth0.c
COMPILING Numerical/AEILocalInterp/src/Lagrange-tensor-product/1d.cube.order6.smooth0.c
COMPILING Numerical/AEILocalInterp/src/Lagrange-tensor-product/2d.cube.order1.smooth0.c
COMPILING Numerical/AEILocalInterp/src/Lagrange-tensor-product/2d.cube.order2.smooth0.c
COMPILING Numerical/AEILocalInterp/src/Lagrange-tensor-product/2d.cube.order3.smooth0.c
COMPILING Numerical/AEILocalInterp/src/Lagrange-tensor-product/2d.cube.order4.smooth0.c
COMPILING Numerical/AEILocalInterp/src/Lagrange-tensor-product/3d.cube.order1.smooth0.c
COMPILING Numerical/AEILocalInterp/src/Lagrange-tensor-product/3d.cube.order2.smooth0.c
COMPILING Numerical/AEILocalInterp/src/Lagrange-tensor-product/3d.cube.order3.smooth0.c
COMPILING Numerical/AEILocalInterp/src/Lagrange-tensor-product/3d.cube.order4.smooth0.c
COMPILING Numerical/AEILocalInterp/src/Lagrange-maximum-degree/1d.cube.order1.smooth0.c
COMPILING Numerical/AEILocalInterp/src/Lagrange-maximum-degree/1d.cube.order2.smooth0.c
COMPILING Numerical/AEILocalInterp/src/Lagrange-maximum-degree/1d.cube.order3.smooth0.c
COMPILING Numerical/AEILocalInterp/src/Lagrange-maximum-degree/1d.cube.order4.smooth0.c
COMPILING Numerical/AEILocalInterp/src/Lagrange-maximum-degree/1d.cube.order5.smooth0.c
COMPILING Numerical/AEILocalInterp/src/Lagrange-maximum-degree/1d.cube.order6.smooth0.c
COMPILING Numerical/AEILocalInterp/src/Lagrange-maximum-degree/2d.cube.order1.smooth0.c
COMPILING Numerical/AEILocalInterp/src/Lagrange-maximum-degree/2d.cube.order2.smooth0.c
COMPILING Numerical/AEILocalInterp/src/Lagrange-maximum-degree/2d.cube.order3.smooth0.c
COMPILING Numerical/AEILocalInterp/src/Lagrange-maximum-degree/2d.cube.order4.smooth0.c
COMPILING Numerical/AEILocalInterp/src/Lagrange-maximum-degree/3d.cube.order1.smooth0.c
COMPILING Numerical/AEILocalInterp/src/Lagrange-maximum-degree/3d.cube.order2.smooth0.c
COMPILING Numerical/AEILocalInterp/src/Lagrange-maximum-degree/3d.cube.order3.smooth0.c
COMPILING Numerical/AEILocalInterp/src/Lagrange-maximum-degree/3d.cube.order4.smooth0.c
COMPILING Numerical/AEILocalInterp/src/Hermite/1d.cube.order2.c
COMPILING Numerical/AEILocalInterp/src/Hermite/1d.cube.order3.c
COMPILING Numerical/AEILocalInterp/src/Hermite/1d.cube.order4.c
COMPILING Numerical/AEILocalInterp/src/Hermite/2d.cube.order2.c
COMPILING Numerical/AEILocalInterp/src/Hermite/2d.cube.order3.c
COMPILING Numerical/AEILocalInterp/src/Hermite/3d.cube.order2.c
COMPILING Numerical/AEILocalInterp/src/Hermite/3d.cube.order3.c
COMPILING configs/sim/bindings/build/AEILocalInterp/cctk_ThornBindings.c
Creating /home/lucas.t/Cactus_tmp/configs/sim/lib/libthorn_AEILocalInterp.a
Checking status of thorn AHFinder
COMPILING EinsteinAnalysis/AHFinder/src/AHFinder_dat.F
COMPILING EinsteinAnalysis/AHFinder/src/AHFinder.F
COMPILING EinsteinAnalysis/AHFinder/src/AHFinder_fun.F
/home/lucas.t/Cactus_tmp/configs/sim/build/AHFinder/AHFinder_fun.f:1024:0:

                      sina = 2.0D0*sinphi2*cosphi - sinphi1
 
Warning: 'sinphi2' may be used uninitialized in this function [-Wmaybe-uninitialized]
/home/lucas.t/Cactus_tmp/configs/sim/build/AHFinder/AHFinder_fun.f:1024:0: Warning: 'sinphi1' may be used uninitialized in this function [-Wmaybe-uninitialized]
COMPILING EinsteinAnalysis/AHFinder/src/AHFinder_exp.F
COMPILING EinsteinAnalysis/AHFinder/src/AHFinder_dis.F
COMPILING EinsteinAnalysis/AHFinder/src/AHFinder_int.F
COMPILING EinsteinAnalysis/AHFinder/src/AHFinder_min.F
COMPILING EinsteinAnalysis/AHFinder/src/AHFinder_pow.F
/home/lucas.t/Cactus_tmp/configs/sim/build/AHFinder/AHFinder_pow.f:2568:0:

             return
 
Warning: control reaches end of non-void function [-Wreturn-type]
COMPILING EinsteinAnalysis/AHFinder/src/AHFinder_leg.F
/home/lucas.t/Cactus_tmp/configs/sim/build/AHFinder/AHFinder_leg.f:172:0:

       LEGOLD1 = LEGEN
 
Warning: 'pll' may be used uninitialized in this function [-Wmaybe-uninitialized]
COMPILING EinsteinAnalysis/AHFinder/src/AHFinder_flow.F
/home/lucas.t/Cactus_tmp/configs/sim/build/AHFinder/AHFinder_flow.f:25:13:

      &y,z,rmx,status,logf)
             1
Warning: Unused dummy argument 'rmx' at (1) [-Wunused-dummy-argument]
COMPILING EinsteinAnalysis/AHFinder/src/AHFinder_mask.F
COMPILING EinsteinAnalysis/AHFinder/src/AHFinder_output.F
COMPILING EinsteinAnalysis/AHFinder/src/AHFinder_find3.F
COMPILING EinsteinAnalysis/AHFinder/src/AHFinder_calcsigma.F
/home/lucas.t/Cactus_tmp/configs/sim/build/AHFinder/AHFinder_calcsigma.f:923:29:

/home/lucas.t/Cactus_tmp/configs/sim/build/AHFinder/AHFinder_calcsigma.f:896:17:

       do l=1,lmax
                 2            
/home/lucas.t/Cactus_tmp/configs/sim/build/AHFinder/AHFinder_calcsigma.f:923:29:

      $           - c3 * zlm0(l-2,m)
                             1
Warning: Array reference at (1) out of bounds (-1 < 0) in loop beginning at (2)
/home/lucas.t/Cactus_tmp/configs/sim/build/AHFinder/AHFinder_calcsigma.f:926:29:

/home/lucas.t/Cactus_tmp/configs/sim/build/AHFinder/AHFinder_calcsigma.f:896:17:

       do l=1,lmax
                 2            
/home/lucas.t/Cactus_tmp/configs/sim/build/AHFinder/AHFinder_calcsigma.f:926:29:

      $           - c3 * zlm1(l-2,m)
                             1
Warning: Array reference at (1) out of bounds (-1 < 0) in loop beginning at (2)
/home/lucas.t/Cactus_tmp/configs/sim/build/AHFinder/AHFinder_calcsigma.f:983:0:

      $           - dble(m) * phiy * zlm0(l,m) * sinmphi(m)
 
Warning: 'thetay' may be used uninitialized in this function [-Wmaybe-uninitialized]
/home/lucas.t/Cactus_tmp/configs/sim/build/AHFinder/AHFinder_calcsigma.f:978:0:

      $           - dble(m) * phix * zlm0(l,m) * sinmphi(m)
 
Warning: 'thetax' may be used uninitialized in this function [-Wmaybe-uninitialized]
/home/lucas.t/Cactus_tmp/configs/sim/build/AHFinder/AHFinder_calcsigma.f:983:0:

      $           - dble(m) * phiy * zlm0(l,m) * sinmphi(m)
 
Warning: 'phiy' may be used uninitialized in this function [-Wmaybe-uninitialized]
/home/lucas.t/Cactus_tmp/configs/sim/build/AHFinder/AHFinder_calcsigma.f:978:0:

      $           - dble(m) * phix * zlm0(l,m) * sinmphi(m)
 
Warning: 'phix' may be used uninitialized in this function [-Wmaybe-uninitialized]
COMPILING EinsteinAnalysis/AHFinder/src/AHFinder_initguess.F
COMPILING EinsteinAnalysis/AHFinder/src/AHFinder_gau.F
/home/lucas.t/Cactus_tmp/configs/sim/build/AHFinder/AHFinder_gau.f:954:24:

       REAL*8 cdxdg_oo2dx
                        1
Warning: Unused variable 'cdxdg_oo2dx' declared at (1) [-Wunused-variable]
/home/lucas.t/Cactus_tmp/configs/sim/build/AHFinder/AHFinder_gau.f:969:24:

       REAL*8 cdydg_oo2dy
                        1
Warning: Unused variable 'cdydg_oo2dy' declared at (1) [-Wunused-variable]
/home/lucas.t/Cactus_tmp/configs/sim/build/AHFinder/AHFinder_gau.f:984:24:

       REAL*8 cdzdg_oo2dz
                        1
Warning: Unused variable 'cdzdg_oo2dz' declared at (1) [-Wunused-variable]
/home/lucas.t/Cactus_tmp/configs/sim/build/AHFinder/AHFinder_gau.f:1036:24:

       REAL*8 dxxdg_oodx2
                        1
Warning: Unused variable 'dxxdg_oodx2' declared at (1) [-Wunused-variable]
/home/lucas.t/Cactus_tmp/configs/sim/build/AHFinder/AHFinder_gau.f:1044:26:

       REAL*8 dxydg_oo4dxdy
                          1
Warning: Unused variable 'dxydg_oo4dxdy' declared at (1) [-Wunused-variable]
/home/lucas.t/Cactus_tmp/configs/sim/build/AHFinder/AHFinder_gau.f:1052:26:

       REAL*8 dxzdg_oo4dxdz
                          1
Warning: Unused variable 'dxzdg_oo4dxdz' declared at (1) [-Wunused-variable]
/home/lucas.t/Cactus_tmp/configs/sim/build/AHFinder/AHFinder_gau.f:1060:24:

       REAL*8 dyydg_oody2
                        1
Warning: Unused variable 'dyydg_oody2' declared at (1) [-Wunused-variable]
/home/lucas.t/Cactus_tmp/configs/sim/build/AHFinder/AHFinder_gau.f:1068:26:

       REAL*8 dyzdg_oo4dydz
                          1
Warning: Unused variable 'dyzdg_oo4dydz' declared at (1) [-Wunused-variable]
/home/lucas.t/Cactus_tmp/configs/sim/build/AHFinder/AHFinder_gau.f:1076:24:

       REAL*8 dzzdg_oodz2
                        1
Warning: Unused variable 'dzzdg_oodz2' declared at (1) [-Wunused-variable]
COMPILING EinsteinAnalysis/AHFinder/src/SetSym.F
COMPILING EinsteinAnalysis/AHFinder/src/AHFinder_ParamCheck.F90
COMPILING EinsteinAnalysis/AHFinder/src/Startup.c
COMPILING EinsteinAnalysis/AHFinder/src/Output.c
/home/lucas.t/Cactus_tmp/configs/sim/build/AHFinder/Output.c: In function 'AHFinder_TimeForOutput':
/home/lucas.t/Cactus_tmp/configs/sim/build/AHFinder/Output.c:52:7: warning: 'ahfafter' may be used uninitialized in this function [-Wmaybe-uninitialized]
   int ahfafter;
       ^~~~~~~~
COMPILING configs/sim/bindings/build/AHFinder/cctk_ThornBindings.c
Creating /home/lucas.t/Cactus_tmp/configs/sim/lib/libthorn_AHFinder.a
Checking status of thorn zlib
COMPILING configs/sim/bindings/build/zlib/cctk_ThornBindings.c
Creating /home/lucas.t/Cactus_tmp/configs/sim/lib/libthorn_zlib.a
Checking status of thorn hwloc
hwloc: Preparing directory structure...
hwloc: Unpacking archive...
~/Cactus_tmp/configs/sim/scratch/build/hwloc ~/Cactus_tmp/configs/sim/scratch
hwloc: Configuring...

###
### Configuring hwloc distribution tarball
### Startup tests
###
checking build system type... x86_64-pc-linux-gnu
checking host system type... x86_64-pc-linux-gnu
checking target system type... x86_64-pc-linux-gnu
checking for a BSD-compatible install... /usr/bin/install -c
checking whether build environment is sane... yes
checking for a thread-safe mkdir -p... /usr/bin/mkdir -p
checking for gawk... gawk
checking whether make sets $(MAKE)... yes
checking whether make supports nested variables... yes
checking whether UID '32619' is supported by ustar format... yes
checking whether GID '513' is supported by ustar format... yes
checking how to create a ustar tar archive... gnutar
checking whether make supports nested variables... (cached) yes
checking for style of include used by make... GNU
checking for gcc... gcc
checking whether the C compiler works... yes
checking for C compiler default output file name... a.out
checking for suffix of executables... 
checking whether we are cross compiling... no
checking for suffix of object files... o
checking whether we are using the GNU C compiler... yes
checking whether gcc accepts -g... yes
checking for gcc option to accept ISO C89... none needed
checking whether gcc understands -c and -o together... yes
checking dependency style of gcc... gcc3
checking how to run the C preprocessor... gcc -E
checking for grep that handles long lines and -e... /usr/bin/grep
checking for egrep... /usr/bin/grep -E
checking for ANSI C header files... yes
checking for sys/types.h... yes
checking for sys/stat.h... yes
checking for stdlib.h... yes
checking for string.h... yes
checking for memory.h... yes
checking for strings.h... yes
checking for inttypes.h... yes
checking for stdint.h... yes
checking for unistd.h... yes
checking minix/config.h usability... no
checking minix/config.h presence... no
checking for minix/config.h... no
checking whether it is safe to define __EXTENSIONS__... yes
checking the archiver (ar) interface... ar
checking how to print strings... printf
checking for a sed that does not truncate output... /usr/bin/sed
checking for fgrep... /usr/bin/grep -F
checking for ld used by gcc... /usr/bin/ld
checking if the linker (/usr/bin/ld) is GNU ld... yes
checking for BSD- or MS-compatible name lister (nm)... /usr/bin/nm -B
checking the name lister (/usr/bin/nm -B) interface... BSD nm
checking whether ln -s works... yes
checking the maximum length of command line arguments... 3458764513820540925
checking how to convert x86_64-pc-linux-gnu file names to x86_64-pc-linux-gnu format... func_convert_file_noop
checking how to convert x86_64-pc-linux-gnu file names to toolchain format... func_convert_file_noop
checking for /usr/bin/ld option to reload object files... -r
checking for objdump... objdump
checking how to recognize dependent libraries... pass_all
checking for dlltool... no
checking how to associate runtime and link libraries... printf %s\n
checking for archiver @FILE support... @
checking for strip... strip
checking for ranlib... ranlib
checking command to parse /usr/bin/nm -B output from gcc object... ok
checking for sysroot... no
checking for a working dd... /usr/bin/dd
checking how to truncate binary pipes... /usr/bin/dd bs=4096 count=1
checking for mt... no
checking if : is a manifest tool... no
checking for dlfcn.h... yes
checking for objdir... .libs
checking if gcc supports -fno-rtti -fno-exceptions... no
checking for gcc option to produce PIC... -fPIC -DPIC
checking if gcc PIC flag -fPIC -DPIC works... yes
checking if gcc static flag -static works... no
checking if gcc supports -c -o file.o... yes
checking if gcc supports -c -o file.o... (cached) yes
checking whether the gcc linker (/usr/bin/ld -m elf_x86_64) supports shared libraries... yes
checking dynamic linker characteristics... GNU/Linux ld.so
checking how to hardcode library paths into programs... immediate
checking for shl_load... no
checking for shl_load in -ldld... no
checking for dlopen... no
checking for dlopen in -ldl... yes
checking whether a program can dlopen itself... yes
checking whether a statically linked program can dlopen itself... yes
checking whether stripping libraries is possible... yes
checking if libtool supports shared libraries... yes
checking whether to build shared libraries... no
checking whether to build static libraries... yes
checking whether we are using the GNU C++ compiler... yes
checking whether g++ accepts -g... yes
checking dependency style of g++... gcc3
checking how to run the C++ preprocessor... g++ -E
checking for ld used by g++... /usr/bin/ld -m elf_x86_64
checking if the linker (/usr/bin/ld -m elf_x86_64) is GNU ld... yes
checking whether the g++ linker (/usr/bin/ld -m elf_x86_64) supports shared libraries... yes
checking for g++ option to produce PIC... -fPIC -DPIC
checking if g++ PIC flag -fPIC -DPIC works... yes
checking if g++ static flag -static works... no
checking if g++ supports -c -o file.o... yes
checking if g++ supports -c -o file.o... (cached) yes
checking whether the g++ linker (/usr/bin/ld -m elf_x86_64) supports shared libraries... yes
checking dynamic linker characteristics... (cached) GNU/Linux ld.so
checking how to hardcode library paths into programs... immediate
checking for gcc... (cached) gcc
checking whether we are using the GNU C compiler... (cached) yes
checking whether gcc accepts -g... (cached) yes
checking for gcc option to accept ISO C89... (cached) none needed
checking whether gcc understands -c and -o together... (cached) yes
checking dependency style of gcc... (cached) gcc3
checking for gcc option to accept ISO C99... none needed
checking for pkg-config... /usr/bin/pkg-config
checking pkg-config is at least version 0.9.0... yes
checking for X... disabled

###
### Configuring hwloc core
###
checking hwloc building mode... standalone
configure: hwloc builddir: /home/lucas.t/Cactus_tmp/configs/sim/scratch/build/hwloc/hwloc-2.0.4
configure: hwloc srcdir: /home/lucas.t/Cactus_tmp/configs/sim/scratch/build/hwloc/hwloc-2.0.4
checking for hwloc version... 2.0.4
checking if want hwloc maintainer support... disabled
checking for hwloc directory prefix... (none)
checking for hwloc symbol prefix... hwloc_
checking for gcc option to accept ISO C99... (cached) none needed
checking size of void *... 8
checking which OS support to include... Linux
checking which CPU support to include... x86_64
checking size of unsigned long... 8
checking size of unsigned int... 4
checking for the C compiler vendor... gnu
checking for __attribute__... yes
checking for __attribute__(aligned)... yes
checking for __attribute__(always_inline)... yes
checking for __attribute__(cold)... yes
checking for __attribute__(const)... yes
checking for __attribute__(deprecated)... yes
checking for __attribute__(format)... yes
checking for __attribute__(hot)... yes
checking for __attribute__(malloc)... yes
checking for __attribute__(may_alias)... yes
checking for __attribute__(no_instrument_function)... yes
checking for __attribute__(nonnull)... yes
checking for __attribute__(noreturn)... yes
checking for __attribute__(packed)... yes
checking for __attribute__(pure)... yes
checking for __attribute__(sentinel)... yes
checking for __attribute__(unused)... yes
checking for __attribute__(warn_unused_result)... yes
checking for __attribute__(weak_alias)... yes
checking if gcc supports -fvisibility=hidden... no
checking whether to enable symbol visibility... no (unsupported)
checking whether the C compiler rejects function calls with too many arguments... yes
checking whether the C compiler rejects function calls with too few arguments... yes
checking for unistd.h... (cached) yes
checking dirent.h usability... yes
checking dirent.h presence... yes
checking for dirent.h... yes
checking for strings.h... (cached) yes
checking ctype.h usability... yes
checking ctype.h presence... yes
checking for ctype.h... yes
checking for strcasecmp... yes
checking whether strcasecmp is declared... yes
checking whether function strcasecmp has a complete prototype... yes
checking for strncasecmp... yes
checking whether strncasecmp is declared... yes
checking whether function strncasecmp has a complete prototype... yes
checking for strftime... yes
checking for setlocale... yes
checking for stdint.h... (cached) yes
checking sys/mman.h usability... yes
checking sys/mman.h presence... yes
checking for sys/mman.h... yes
checking for KAFFINITY... no
checking for PROCESSOR_CACHE_TYPE... no
checking for CACHE_DESCRIPTOR... no
checking for LOGICAL_PROCESSOR_RELATIONSHIP... no
checking for RelationProcessorPackage... no
checking for SYSTEM_LOGICAL_PROCESSOR_INFORMATION... no
checking for GROUP_AFFINITY... no
checking for PROCESSOR_RELATIONSHIP... no
checking for NUMA_NODE_RELATIONSHIP... no
checking for CACHE_RELATIONSHIP... no
checking for PROCESSOR_GROUP_INFO... no
checking for GROUP_RELATIONSHIP... no
checking for SYSTEM_LOGICAL_PROCESSOR_INFORMATION_EX... no
checking for PSAPI_WORKING_SET_EX_BLOCK... no
checking for PSAPI_WORKING_SET_EX_INFORMATION... no
checking for PROCESSOR_NUMBER... no
checking for main in -lgdi32... no
checking for PostQuitMessage in -luser32... no
checking windows.h usability... no
checking windows.h presence... no
checking for windows.h... no
checking sys/lgrp_user.h usability... no
checking sys/lgrp_user.h presence... no
checking for sys/lgrp_user.h... no
checking kstat.h usability... no
checking kstat.h presence... no
checking for kstat.h... no
checking whether fabsf is declared... yes
checking for fabsf in -lm... yes
checking whether modff is declared... yes
checking for modff in -lm... yes
checking picl.h usability... no
checking picl.h presence... no
checking for picl.h... no
checking whether _SC_NPROCESSORS_ONLN is declared... yes
checking whether _SC_NPROCESSORS_CONF is declared... yes
checking whether _SC_NPROC_ONLN is declared... no
checking whether _SC_NPROC_CONF is declared... no
checking whether _SC_PAGESIZE is declared... yes
checking whether _SC_PAGE_SIZE is declared... yes
checking whether _SC_LARGE_PAGESIZE is declared... no
checking mach/mach_host.h usability... no
checking mach/mach_host.h presence... no
checking for mach/mach_host.h... no
checking mach/mach_init.h usability... no
checking mach/mach_init.h presence... no
checking for mach/mach_init.h... no
checking sys/param.h usability... yes
checking sys/param.h presence... yes
checking for sys/param.h... yes
checking for sys/sysctl.h... yes
checking whether CTL_HW is declared... no
checking whether HW_NCPU is declared... no
checking whether strtoull is declared... yes
checking for ssize_t... yes
checking whether snprintf is declared... yes
checking whether _strdup is declared... no
checking whether _putenv is declared... no
checking whether getprogname is declared... no
checking whether getexecname is declared... no
checking whether GetModuleFileName is declared... no
checking for program_invocation_name... yes
checking for __progname... yes
checking for pthread_t... yes
checking whether sched_getcpu is declared... yes
checking whether sched_setaffinity is declared... yes
checking whether function sched_setaffinity has a complete prototype... yes
checking for old prototype of sched_setaffinity... no
checking for working CPU_SET... yes
checking for working CPU_SET_S... yes
checking for working syscall with 6 parameters... yes
checking for lib... no
checking for bash... /bin/sh
checking for ffs... yes
checking whether ffs is declared... yes
checking whether function ffs has a complete prototype... yes
checking for ffsl... yes
checking whether ffsl is declared... yes
checking whether function ffsl has a complete prototype... yes
checking for fls... no
checking for flsl... no
checking for clz... no
checking for clzl... no
checking for openat... yes
checking malloc.h usability... yes
checking malloc.h presence... yes
checking for malloc.h... yes
checking for getpagesize... yes
checking for memalign... yes
checking for posix_memalign... yes
checking sys/utsname.h usability... yes
checking sys/utsname.h presence... yes
checking for sys/utsname.h... yes
checking for uname... yes
checking valgrind/valgrind.h usability... no
checking valgrind/valgrind.h presence... no
checking for valgrind/valgrind.h... no
checking whether RUNNING_ON_VALGRIND is declared... no
checking pthread_np.h usability... no
checking pthread_np.h presence... no
checking for pthread_np.h... no
checking whether pthread_setaffinity_np is declared... yes
checking whether pthread_getaffinity_np is declared... yes
checking for sched_setaffinity... yes
checking for sys/cpuset.h... no
checking for cpuset_setaffinity... no
checking for library containing pthread_getthrds_np... no
checking for cpuset_setid... no
checking libudev.h usability... no
checking libudev.h presence... no
checking for libudev.h... no
checking nvml.h usability... no
checking nvml.h presence... no
checking for nvml.h... no
checking X11/Xlib.h usability... yes
checking X11/Xlib.h presence... yes
checking for X11/Xlib.h... yes
checking for XOpenDisplay in -lX11... yes
checking for X11/Xutil.h... yes
checking X11/keysym.h usability... yes
checking X11/keysym.h presence... yes
checking for X11/keysym.h... yes
checking for x86 cpuid... yes
checking for pthread_mutex_lock... yes
checking if plugin support is enabled... no
checking components to build statically...  noos xml synthetic xml_nolibxml linux linuxio x86
checking components to build as plugins... 
checking for diff... /usr/bin/diff

###
### Configuring hwloc documentation
###
checking if this is a developer build... no (doxygen generation is optional)
checking for doxygen... no
checking for pdflatex... no
checking for makeindex... no
checking for fig2dev... no
checking for gs... no
checking for epstopdf... no
checking if can build doxygen docs... no
checking for w3m... no
checking for lynx... /usr/bin/lynx
checking if can build top-level README... yes
checking if will build doxygen docs... no
checking if will install doxygen docs... yes
checking whether to enable "picky" compiler mode... no (default)

###
### Configuring hwloc command line utilities
###
checking for wchar_t... yes
checking for putwc... yes
checking locale.h usability... yes
checking locale.h presence... yes
checking for locale.h... yes
checking for setlocale... (cached) yes
checking for uselocale... yes
checking xlocale.h usability... yes
checking xlocale.h presence... yes
checking for xlocale.h... yes
checking for setlocale... (cached) yes
checking for uselocale... (cached) yes
checking langinfo.h usability... yes
checking langinfo.h presence... yes
checking for langinfo.h... yes
checking for nl_langinfo... yes
checking termcap support using ncurses and ... no
checking termcap support using ncurses and -ltermcap... no
checking termcap support using ncurses and -lncursesw... no
checking termcap support using ncurses and -lncurses... no
checking termcap support using curses and ... no
checking termcap support using curses and -ltermcap... no
checking termcap support using curses and -lcursesw... no
checking termcap support using curses and -lcurses... no
checking whether diff accepts -u... yes
checking whether diff accepts -w... yes
checking time.h usability... yes
checking time.h presence... yes
checking for time.h... yes
checking for clock_gettime... yes

###
### Configuring tests
###
checking for pthread_self in -lpthread... yes
checking for numa_available in -lnuma... no
checking for stdlib.h... (cached) yes
checking for mkstemp... yes
checking infiniband/verbs.h usability... yes
checking infiniband/verbs.h presence... yes
checking for infiniband/verbs.h... yes
checking for ibv_open_device in -libverbs... yes
checking for xmllint... xmllint
checking for bunzip2... no
checking if CXX works... yes
checking whether diff accepts -u... yes

###
### Performing final hwloc configuration
###
checking that generated files are newer than configure... done
configure: creating ./config.status
config.status: creating Makefile
config.status: creating include/Makefile
config.status: creating hwloc/Makefile
config.status: creating doc/Makefile
config.status: creating doc/examples/Makefile
config.status: creating doc/doxygen-config.cfg
config.status: creating utils/Makefile
config.status: creating utils/hwloc/Makefile
config.status: creating utils/lstopo/Makefile
config.status: creating hwloc.pc
config.status: creating netloc/Makefile
config.status: creating utils/netloc/infiniband/Makefile
config.status: creating utils/netloc/draw/Makefile
config.status: creating utils/netloc/scotch/Makefile
config.status: creating utils/netloc/mpi/Makefile
config.status: creating netloc.pc
config.status: creating netlocscotch.pc
config.status: creating tests/Makefile
config.status: creating tests/hwloc/Makefile
config.status: creating tests/hwloc/linux/Makefile
config.status: creating tests/hwloc/linux/allowed/Makefile
config.status: creating tests/hwloc/linux/gather/Makefile
config.status: creating tests/hwloc/x86/Makefile
config.status: creating tests/hwloc/xml/Makefile
config.status: creating tests/hwloc/ports/Makefile
config.status: creating tests/hwloc/rename/Makefile
config.status: creating tests/hwloc/linux/allowed/test-topology.sh
config.status: creating tests/hwloc/linux/gather/test-gather-topology.sh
config.status: creating tests/hwloc/linux/test-topology.sh
config.status: creating tests/hwloc/x86/test-topology.sh
config.status: creating tests/hwloc/xml/test-topology.sh
config.status: creating tests/hwloc/wrapper.sh
config.status: creating utils/hwloc/hwloc-compress-dir
config.status: creating utils/hwloc/hwloc-gather-topology
config.status: creating utils/hwloc/test-hwloc-annotate.sh
config.status: creating utils/hwloc/test-hwloc-calc.sh
config.status: creating utils/hwloc/test-hwloc-compress-dir.sh
config.status: creating utils/hwloc/test-hwloc-diffpatch.sh
config.status: creating utils/hwloc/test-hwloc-distrib.sh
config.status: creating utils/hwloc/test-hwloc-info.sh
config.status: creating utils/hwloc/test-fake-plugin.sh
config.status: creating utils/hwloc/test-hwloc-dump-hwdata/Makefile
config.status: creating utils/hwloc/test-hwloc-dump-hwdata/test-hwloc-dump-hwdata.sh
config.status: creating utils/lstopo/test-lstopo.sh
config.status: creating utils/netloc/infiniband/netloc_ib_gather_raw
config.status: creating contrib/systemd/Makefile
config.status: creating contrib/misc/Makefile
config.status: creating contrib/windows/Makefile
config.status: creating contrib/windows/test-windows-version.sh
config.status: creating tests/netloc/Makefile
config.status: creating tests/netloc/tests.sh
config.status: creating include/private/autogen/config.h
config.status: creating include/hwloc/autogen/config.h
config.status: linking hwloc/topology-solaris.c to tests/hwloc/ports/topology-solaris.c
config.status: linking hwloc/topology-solaris-chiptype.c to tests/hwloc/ports/topology-solaris-chiptype.c
config.status: linking hwloc/topology-aix.c to tests/hwloc/ports/topology-aix.c
config.status: linking hwloc/topology-windows.c to tests/hwloc/ports/topology-windows.c
config.status: linking hwloc/topology-darwin.c to tests/hwloc/ports/topology-darwin.c
config.status: linking hwloc/topology-freebsd.c to tests/hwloc/ports/topology-freebsd.c
config.status: linking hwloc/topology-netbsd.c to tests/hwloc/ports/topology-netbsd.c
config.status: linking hwloc/topology-hpux.c to tests/hwloc/ports/topology-hpux.c
config.status: linking hwloc/topology-bgq.c to tests/hwloc/ports/topology-bgq.c
config.status: linking hwloc/topology-opencl.c to tests/hwloc/ports/topology-opencl.c
config.status: linking hwloc/topology-cuda.c to tests/hwloc/ports/topology-cuda.c
config.status: linking hwloc/topology-nvml.c to tests/hwloc/ports/topology-nvml.c
config.status: linking hwloc/topology-gl.c to tests/hwloc/ports/topology-gl.c
config.status: linking utils/lstopo/lstopo-windows.c to tests/hwloc/ports/lstopo-windows.c
config.status: executing depfiles commands
config.status: executing libtool commands
config.status: executing chmoding-scripts commands

-----------------------------------------------------------------------------
Hwloc optional build support status (more details can be found above):

Probe / display I/O devices: LinuxIO
Graphical output (Cairo):    no
XML input / output:          basic
Netloc functionality:        no
Plugin support:              no
-----------------------------------------------------------------------------

hwloc: Building...
Making all in include
Making all in hwloc
  CC       topology.lo
  CC       traversal.lo
  CC       distances.lo
  CC       components.lo
  CC       bind.lo
  CC       bitmap.lo
  CC       pci-common.lo
  CC       diff.lo
  CC       shmem.lo
  CC       misc.lo
  CC       base64.lo
  CC       topology-noos.lo
  CC       topology-synthetic.lo
  CC       topology-xml.lo
  CC       topology-xml-nolibxml.lo
  CC       topology-linux.lo
  CC       topology-hardwired.lo
  CC       topology-x86.lo
  CCLD     libhwloc.la
Making all in utils
Making all in hwloc
Making all in .
  CC       hwloc-annotate.o
  CCLD     hwloc-annotate
  CC       hwloc-bind.o
  CCLD     hwloc-bind
  CC       hwloc-calc.o
  CCLD     hwloc-calc
  CC       hwloc-diff.o
  CCLD     hwloc-diff
  CC       hwloc-distrib.o
  CCLD     hwloc-distrib
  CC       hwloc-info.o
  CCLD     hwloc-info
  CC       hwloc-patch.o
  CCLD     hwloc-patch
  CC       hwloc-ps.o
  CCLD     hwloc-ps
  CC       hwloc-gather-cpuid.o
  CCLD     hwloc-gather-cpuid
  CC       hwloc_dump_hwdata-hwloc-dump-hwdata.o
  CC       hwloc_dump_hwdata-hwloc-dump-hwdata-knl.o
  CCLD     hwloc-dump-hwdata
Creating hwloc.7 man page...
Creating hwloc-annotate.1 man page...
Creating hwloc-bind.1 man page...
Creating hwloc-calc.1 man page...
Creating hwloc-compress-dir.1 man page...
Creating hwloc-diff.1 man page...
Creating hwloc-distrib.1 man page...
Creating hwloc-info.1 man page...
Creating hwloc-patch.1 man page...
Creating hwloc-gather-topology.1 man page...
Creating hwloc-ps.1 man page...
Creating hwloc-gather-cpuid.1 man page...
Creating hwloc-dump-hwdata.1 man page...
Making all in test-hwloc-dump-hwdata
Making all in lstopo
  CC       lstopo_no_graphics-lstopo.o
  CC       lstopo_no_graphics-lstopo-color.o
  CC       lstopo_no_graphics-lstopo-draw.o
lstopo-draw.c: In function 'place_children':
lstopo-draw.c:426:42: warning: 'above_children_height' may be used uninitialized in this function [-Wmaybe-uninitialized]
       totheight += above_children_height + separator;
                    ~~~~~~~~~~~~~~~~~~~~~~^~~~~~~~~~~
lstopo-draw.c:444:32: warning: 'above_children_width' may be used uninitialized in this function [-Wmaybe-uninitialized]
       if (above_children_width + 2*border > totwidth)
           ~~~~~~~~~~~~~~~~~~~~~^~~~~~~~~~
  CC       lstopo_no_graphics-lstopo-fig.o
  CC       lstopo_no_graphics-lstopo-ascii.o
lstopo-ascii.c: In function 'output_ascii':
lstopo-ascii.c:438:7: warning: variable 'lbr' set but not used [-Wunused-but-set-variable]
   int lbr, lbg, lbb; /* Last background color */
       ^~~
lstopo-ascii.c:437:7: warning: variable 'lfr' set but not used [-Wunused-but-set-variable]
   int lfr, lfg, lfb; /* Last foreground color */
       ^~~
  CC       lstopo_no_graphics-lstopo-text.o
  CC       lstopo_no_graphics-lstopo-xml.o
  CCLD     lstopo-no-graphics
Creating lstopo-no-graphics.1 man page...
Making all in tests
Making all in hwloc
Making all in .
Making all in ports
Making all in xml
Making all in linux
Making all in .
Making all in allowed
Making all in gather
Making all in x86
Making all in contrib/systemd
Creating hwloc-dump-hwdata.service...
Making all in contrib/misc
Making all in doc
Making all in examples
hwloc: Installing...
Making install in include
 /usr/bin/mkdir -p '/home/lucas.t/Cactus_tmp/configs/sim/scratch/external/hwloc/include'
 /usr/bin/install -c -m 644 hwloc.h '/home/lucas.t/Cactus_tmp/configs/sim/scratch/external/hwloc/include'
 /usr/bin/mkdir -p '/home/lucas.t/Cactus_tmp/configs/sim/scratch/external/hwloc/include/hwloc'
 /usr/bin/install -c -m 644 hwloc/bitmap.h hwloc/helper.h hwloc/inlines.h hwloc/diff.h hwloc/shmem.h hwloc/distances.h hwloc/export.h hwloc/openfabrics-verbs.h hwloc/opencl.h hwloc/cuda.h hwloc/cudart.h hwloc/nvml.h hwloc/plugins.h hwloc/gl.h hwloc/intel-mic.h hwloc/rename.h hwloc/deprecated.h hwloc/linux.h hwloc/linux-libnuma.h hwloc/glibc-sched.h '/home/lucas.t/Cactus_tmp/configs/sim/scratch/external/hwloc/include/hwloc'
 /usr/bin/mkdir -p '/home/lucas.t/Cactus_tmp/configs/sim/scratch/external/hwloc/include/hwloc/autogen'
 /usr/bin/install -c -m 644 hwloc/autogen/config.h '/home/lucas.t/Cactus_tmp/configs/sim/scratch/external/hwloc/include/hwloc/autogen'
Making install in hwloc
 /usr/bin/mkdir -p '/home/lucas.t/Cactus_tmp/configs/sim/scratch/external/hwloc/lib'
 /bin/sh ../libtool   --mode=install /usr/bin/install -c   libhwloc.la '/home/lucas.t/Cactus_tmp/configs/sim/scratch/external/hwloc/lib'
libtool: install: /usr/bin/install -c .libs/libhwloc.lai /home/lucas.t/Cactus_tmp/configs/sim/scratch/external/hwloc/lib/libhwloc.la
libtool: install: /usr/bin/install -c .libs/libhwloc.a /home/lucas.t/Cactus_tmp/configs/sim/scratch/external/hwloc/lib/libhwloc.a
libtool: install: chmod 644 /home/lucas.t/Cactus_tmp/configs/sim/scratch/external/hwloc/lib/libhwloc.a
libtool: install: ranlib /home/lucas.t/Cactus_tmp/configs/sim/scratch/external/hwloc/lib/libhwloc.a
libtool: finish: PATH="/opt/spack/opt/spack/linux-centos7-x86_64/gcc-8.3.0/perl-5.30.2-txwgrdtdeaova4trhpwfwsdcrs63w2r4/bin:/opt/ohpc/pub/mpi/mvapich2-gnu8/2.3.2/bin:/opt/ohpc/pub/compiler/gcc/8.3.0/bin:/opt/ohpc/pub/utils/prun/1.3:/opt/ohpc/pub/utils/autotools/bin:/opt/ohpc/pub/bin:/usr/local/bin:/usr/bin:/usr/local/sbin:/usr/sbin:/home/lucas.t/.local/bin:/home/lucas.t/bin:/sbin" ldconfig -n /home/lucas.t/Cactus_tmp/configs/sim/scratch/external/hwloc/lib
----------------------------------------------------------------------
Libraries have been installed in:
   /home/lucas.t/Cactus_tmp/configs/sim/scratch/external/hwloc/lib

If you ever happen to want to link against installed libraries
in a given directory, LIBDIR, you must either use libtool, and
specify the full pathname of the library, or use the '-LLIBDIR'
flag during linking and do at least one of the following:
   - add LIBDIR to the 'LD_LIBRARY_PATH' environment variable
     during execution
   - add LIBDIR to the 'LD_RUN_PATH' environment variable
     during linking
   - use the '-Wl,-rpath -Wl,LIBDIR' linker flag
   - have your system administrator add LIBDIR to '/etc/ld.so.conf'

See any operating system documentation about shared libraries for
more information, such as the ld(1) and ld.so(8) manual pages.
----------------------------------------------------------------------
 /usr/bin/mkdir -p '/home/lucas.t/Cactus_tmp/configs/sim/scratch/external/hwloc/share/hwloc'
 /usr/bin/install -c -m 644 ./hwloc.dtd ./hwloc2.dtd ./hwloc2-diff.dtd '/home/lucas.t/Cactus_tmp/configs/sim/scratch/external/hwloc/share/hwloc'
Making install in utils
Making install in hwloc
Making install in .
 /usr/bin/mkdir -p '/home/lucas.t/Cactus_tmp/configs/sim/scratch/external/hwloc/bin'
  /bin/sh ../../libtool   --mode=install /usr/bin/install -c hwloc-annotate hwloc-bind hwloc-calc hwloc-diff hwloc-distrib hwloc-info hwloc-patch hwloc-ps hwloc-gather-cpuid '/home/lucas.t/Cactus_tmp/configs/sim/scratch/external/hwloc/bin'
libtool: install: /usr/bin/install -c hwloc-annotate /home/lucas.t/Cactus_tmp/configs/sim/scratch/external/hwloc/bin/hwloc-annotate
libtool: install: /usr/bin/install -c hwloc-bind /home/lucas.t/Cactus_tmp/configs/sim/scratch/external/hwloc/bin/hwloc-bind
libtool: install: /usr/bin/install -c hwloc-calc /home/lucas.t/Cactus_tmp/configs/sim/scratch/external/hwloc/bin/hwloc-calc
libtool: install: /usr/bin/install -c hwloc-diff /home/lucas.t/Cactus_tmp/configs/sim/scratch/external/hwloc/bin/hwloc-diff
libtool: install: /usr/bin/install -c hwloc-distrib /home/lucas.t/Cactus_tmp/configs/sim/scratch/external/hwloc/bin/hwloc-distrib
libtool: install: /usr/bin/install -c hwloc-info /home/lucas.t/Cactus_tmp/configs/sim/scratch/external/hwloc/bin/hwloc-info
libtool: install: /usr/bin/install -c hwloc-patch /home/lucas.t/Cactus_tmp/configs/sim/scratch/external/hwloc/bin/hwloc-patch
libtool: install: /usr/bin/install -c hwloc-ps /home/lucas.t/Cactus_tmp/configs/sim/scratch/external/hwloc/bin/hwloc-ps
libtool: install: /usr/bin/install -c hwloc-gather-cpuid /home/lucas.t/Cactus_tmp/configs/sim/scratch/external/hwloc/bin/hwloc-gather-cpuid
 /usr/bin/mkdir -p '/home/lucas.t/Cactus_tmp/configs/sim/scratch/external/hwloc/bin'
 /usr/bin/install -c hwloc-compress-dir hwloc-gather-topology '/home/lucas.t/Cactus_tmp/configs/sim/scratch/external/hwloc/bin'
 /usr/bin/mkdir -p '/home/lucas.t/Cactus_tmp/configs/sim/scratch/external/hwloc/sbin'
  /bin/sh ../../libtool   --mode=install /usr/bin/install -c hwloc-dump-hwdata '/home/lucas.t/Cactus_tmp/configs/sim/scratch/external/hwloc/sbin'
libtool: install: /usr/bin/install -c hwloc-dump-hwdata /home/lucas.t/Cactus_tmp/configs/sim/scratch/external/hwloc/sbin/hwloc-dump-hwdata
 /usr/bin/mkdir -p '/home/lucas.t/Cactus_tmp/configs/sim/scratch/external/hwloc/share/man/man1'
 /usr/bin/install -c -m 644 hwloc-annotate.1 hwloc-bind.1 hwloc-calc.1 hwloc-compress-dir.1 hwloc-diff.1 hwloc-distrib.1 hwloc-info.1 hwloc-patch.1 hwloc-gather-topology.1 hwloc-ps.1 hwloc-gather-cpuid.1 hwloc-dump-hwdata.1 '/home/lucas.t/Cactus_tmp/configs/sim/scratch/external/hwloc/share/man/man1'
 /usr/bin/mkdir -p '/home/lucas.t/Cactus_tmp/configs/sim/scratch/external/hwloc/share/man/man7'
 /usr/bin/install -c -m 644 hwloc.7 '/home/lucas.t/Cactus_tmp/configs/sim/scratch/external/hwloc/share/man/man7'
Making install in test-hwloc-dump-hwdata
Making install in lstopo
 /usr/bin/mkdir -p '/home/lucas.t/Cactus_tmp/configs/sim/scratch/external/hwloc/bin'
  /bin/sh ../../libtool   --mode=install /usr/bin/install -c lstopo-no-graphics '/home/lucas.t/Cactus_tmp/configs/sim/scratch/external/hwloc/bin'
libtool: install: /usr/bin/install -c lstopo-no-graphics /home/lucas.t/Cactus_tmp/configs/sim/scratch/external/hwloc/bin/lstopo-no-graphics
 /usr/bin/mkdir -p '/home/lucas.t/Cactus_tmp/configs/sim/scratch/external/hwloc/share/man/man1'
 /usr/bin/install -c -m 644 lstopo-no-graphics.1 '/home/lucas.t/Cactus_tmp/configs/sim/scratch/external/hwloc/share/man/man1'
Making install in tests
Making install in hwloc
Making install in .
Making install in ports
Making install in xml
Making install in linux
Making install in .
Making install in allowed
Making install in gather
Making install in x86
Making install in contrib/systemd
 /usr/bin/mkdir -p '/home/lucas.t/Cactus_tmp/configs/sim/scratch/external/hwloc/share/hwloc'
 /usr/bin/install -c -m 644 hwloc-dump-hwdata.service '/home/lucas.t/Cactus_tmp/configs/sim/scratch/external/hwloc/share/hwloc'
Making install in contrib/misc
Making install in doc
Making install in examples
 /usr/bin/mkdir -p '/home/lucas.t/Cactus_tmp/configs/sim/scratch/external/hwloc/share/man/man3'
 /usr/bin/install -c -m 644 doxygen-doc/man/man3/hwlocality_api_version.3 doxygen-doc/man/man3/HWLOC_API_VERSION.3 doxygen-doc/man/man3/hwloc_get_api_version.3 '/home/lucas.t/Cactus_tmp/configs/sim/scratch/external/hwloc/share/man/man3'
 /usr/bin/mkdir -p '/home/lucas.t/Cactus_tmp/configs/sim/scratch/external/hwloc/share/man/man3'
 /usr/bin/install -c -m 644 doxygen-doc/man/man3/hwlocality_bitmap.3 doxygen-doc/man/man3/hwloc_bitmap_allbut.3 doxygen-doc/man/man3/hwloc_bitmap_alloc.3 doxygen-doc/man/man3/hwloc_bitmap_alloc_full.3 doxygen-doc/man/man3/hwloc_bitmap_and.3 doxygen-doc/man/man3/hwloc_bitmap_andnot.3 doxygen-doc/man/man3/hwloc_bitmap_asprintf.3 doxygen-doc/man/man3/hwloc_bitmap_clr.3 doxygen-doc/man/man3/hwloc_bitmap_clr_range.3 doxygen-doc/man/man3/hwloc_bitmap_compare.3 doxygen-doc/man/man3/hwloc_bitmap_compare_first.3 doxygen-doc/man/man3/hwloc_bitmap_copy.3 doxygen-doc/man/man3/hwloc_bitmap_dup.3 doxygen-doc/man/man3/hwloc_bitmap_fill.3 doxygen-doc/man/man3/hwloc_bitmap_first.3 doxygen-doc/man/man3/hwloc_bitmap_foreach_begin.3 doxygen-doc/man/man3/hwloc_bitmap_foreach_end.3 doxygen-doc/man/man3/hwloc_bitmap_free.3 doxygen-doc/man/man3/hwloc_bitmap_from_ith_ulong.3 doxygen-doc/man/man3/hwloc_bitmap_from_ulong.3 doxygen-doc/man/man3/hwloc_bitmap_intersects.3 doxygen-doc/man/man3/hwloc_bitmap_isequal.3 doxygen-doc/man/man3/hwloc_bitmap_isfull.3 doxygen-doc/man/man3/hwloc_bitmap_isincluded.3 doxygen-doc/man/man3/hwloc_bitmap_isset.3 doxygen-doc/man/man3/hwloc_bitmap_iszero.3 doxygen-doc/man/man3/hwloc_bitmap_last.3 doxygen-doc/man/man3/hwloc_bitmap_list_asprintf.3 doxygen-doc/man/man3/hwloc_bitmap_list_snprintf.3 doxygen-doc/man/man3/hwloc_bitmap_list_sscanf.3 doxygen-doc/man/man3/hwloc_bitmap_next.3 doxygen-doc/man/man3/hwloc_bitmap_not.3 doxygen-doc/man/man3/hwloc_bitmap_only.3 doxygen-doc/man/man3/hwloc_bitmap_or.3 doxygen-doc/man/man3/hwloc_bitmap_set.3 doxygen-doc/man/man3/hwloc_bitmap_set_ith_ulong.3 doxygen-doc/man/man3/hwloc_bitmap_set_range.3 doxygen-doc/man/man3/hwloc_bitmap_singlify.3 doxygen-doc/man/man3/hwloc_bitmap_snprintf.3 doxygen-doc/man/man3/hwloc_bitmap_sscanf.3 '/home/lucas.t/Cactus_tmp/configs/sim/scratch/external/hwloc/share/man/man3'
 /usr/bin/install -c -m 644 doxygen-doc/man/man3/hwloc_bitmap_taskset_asprintf.3 doxygen-doc/man/man3/hwloc_bitmap_taskset_snprintf.3 doxygen-doc/man/man3/hwloc_bitmap_taskset_sscanf.3 doxygen-doc/man/man3/hwloc_bitmap_to_ith_ulong.3 doxygen-doc/man/man3/hwloc_bitmap_to_ulong.3 doxygen-doc/man/man3/hwloc_bitmap_weight.3 doxygen-doc/man/man3/hwloc_bitmap_xor.3 doxygen-doc/man/man3/hwloc_bitmap_zero.3 '/home/lucas.t/Cactus_tmp/configs/sim/scratch/external/hwloc/share/man/man3'
 /usr/bin/mkdir -p '/home/lucas.t/Cactus_tmp/configs/sim/scratch/external/hwloc/share/man/man3'
 /usr/bin/install -c -m 644 doxygen-doc/man/man3/hwlocality_configuration.3 doxygen-doc/man/man3/HWLOC_TOPOLOGY_FLAG_WHOLE_SYSTEM.3 doxygen-doc/man/man3/HWLOC_TOPOLOGY_FLAG_IS_THISSYSTEM.3 doxygen-doc/man/man3/HWLOC_TOPOLOGY_FLAG_THISSYSTEM_ALLOWED_RESOURCES.3 doxygen-doc/man/man3/hwloc_topology_flags_e.3 doxygen-doc/man/man3/hwloc_topology_get_flags.3 doxygen-doc/man/man3/hwloc_topology_set_flags.3 doxygen-doc/man/man3/hwloc_topology_is_thissystem.3 doxygen-doc/man/man3/hwloc_topology_discovery_support.3 doxygen-doc/man/man3/hwloc_topology_cpubind_support.3 doxygen-doc/man/man3/hwloc_topology_membind_support.3 doxygen-doc/man/man3/hwloc_topology_support.3 doxygen-doc/man/man3/hwloc_type_filter_e.3 doxygen-doc/man/man3/HWLOC_TYPE_FILTER_KEEP_ALL.3 doxygen-doc/man/man3/HWLOC_TYPE_FILTER_KEEP_NONE.3 doxygen-doc/man/man3/HWLOC_TYPE_FILTER_KEEP_STRUCTURE.3 doxygen-doc/man/man3/HWLOC_TYPE_FILTER_KEEP_IMPORTANT.3 doxygen-doc/man/man3/hwloc_topology_set_type_filter.3 doxygen-doc/man/man3/hwloc_topology_set_all_types_filter.3 doxygen-doc/man/man3/hwloc_topology_set_cache_types_filter.3 doxygen-doc/man/man3/hwloc_topology_set_icache_types_filter.3 doxygen-doc/man/man3/hwloc_topology_set_io_types_filter.3 doxygen-doc/man/man3/hwloc_topology_get_type_filter.3 doxygen-doc/man/man3/hwloc_topology_set_userdata.3 doxygen-doc/man/man3/hwloc_topology_get_userdata.3 '/home/lucas.t/Cactus_tmp/configs/sim/scratch/external/hwloc/share/man/man3'
 /usr/bin/mkdir -p '/home/lucas.t/Cactus_tmp/configs/sim/scratch/external/hwloc/share/man/man3'
 /usr/bin/install -c -m 644 doxygen-doc/man/man3/hwlocality_cpubinding.3 doxygen-doc/man/man3/HWLOC_CPUBIND_NOMEMBIND.3 doxygen-doc/man/man3/HWLOC_CPUBIND_PROCESS.3 doxygen-doc/man/man3/HWLOC_CPUBIND_STRICT.3 doxygen-doc/man/man3/HWLOC_CPUBIND_THREAD.3 doxygen-doc/man/man3/hwloc_cpubind_flags_t.3 doxygen-doc/man/man3/hwloc_set_cpubind.3 doxygen-doc/man/man3/hwloc_get_cpubind.3 doxygen-doc/man/man3/hwloc_set_proc_cpubind.3 doxygen-doc/man/man3/hwloc_get_proc_cpubind.3 doxygen-doc/man/man3/hwloc_set_thread_cpubind.3 doxygen-doc/man/man3/hwloc_get_thread_cpubind.3 doxygen-doc/man/man3/hwloc_get_proc_last_cpu_location.3 doxygen-doc/man/man3/hwloc_get_last_cpu_location.3 '/home/lucas.t/Cactus_tmp/configs/sim/scratch/external/hwloc/share/man/man3'
 /usr/bin/mkdir -p '/home/lucas.t/Cactus_tmp/configs/sim/scratch/external/hwloc/share/man/man3'
 /usr/bin/install -c -m 644 doxygen-doc/man/man3/hwlocality_creation.3 doxygen-doc/man/man3/hwloc_topology_t.3 doxygen-doc/man/man3/hwloc_topology_init.3 doxygen-doc/man/man3/hwloc_topology_load.3 doxygen-doc/man/man3/hwloc_topology_destroy.3 doxygen-doc/man/man3/hwloc_topology_dup.3 doxygen-doc/man/man3/hwloc_topology_abi_check.3 doxygen-doc/man/man3/hwloc_topology_check.3 '/home/lucas.t/Cactus_tmp/configs/sim/scratch/external/hwloc/share/man/man3'
 /usr/bin/mkdir -p '/home/lucas.t/Cactus_tmp/configs/sim/scratch/external/hwloc/share/man/man3'
 /usr/bin/install -c -m 644 doxygen-doc/man/man3/hwlocality_opencl.3 doxygen-doc/man/man3/hwloc_opencl_get_device_cpuset.3 doxygen-doc/man/man3/hwloc_opencl_get_device_osdev.3 doxygen-doc/man/man3/hwloc_opencl_get_device_osdev_by_index.3 doxygen-doc/man/man3/hwlocality_cuda.3 doxygen-doc/man/man3/hwloc_cuda_get_device_cpuset.3 doxygen-doc/man/man3/hwloc_cuda_get_device_pci_ids.3 doxygen-doc/man/man3/hwloc_cuda_get_device_pcidev.3 doxygen-doc/man/man3/hwloc_cuda_get_device_osdev.3 doxygen-doc/man/man3/hwloc_cuda_get_device_osdev_by_index.3 doxygen-doc/man/man3/hwlocality_cudart.3 doxygen-doc/man/man3/hwloc_cudart_get_device_cpuset.3 doxygen-doc/man/man3/hwloc_cudart_get_device_pci_ids.3 doxygen-doc/man/man3/hwloc_cudart_get_device_pcidev.3 doxygen-doc/man/man3/hwloc_cudart_get_device_osdev_by_index.3 doxygen-doc/man/man3/hwlocality_nvml.3 doxygen-doc/man/man3/hwloc_nvml_get_device_cpuset.3 doxygen-doc/man/man3/hwloc_nvml_get_device_osdev.3 doxygen-doc/man/man3/hwloc_nvml_get_device_osdev_by_index.3 doxygen-doc/man/man3/hwlocality_gl.3 doxygen-doc/man/man3/hwloc_gl_get_display_osdev_by_port_device.3 doxygen-doc/man/man3/hwloc_gl_get_display_osdev_by_name.3 doxygen-doc/man/man3/hwloc_gl_get_display_by_osdev.3 doxygen-doc/man/man3/hwlocality_intel_mic.3 doxygen-doc/man/man3/hwloc_intel_mic_get_device_cpuset.3 doxygen-doc/man/man3/hwloc_intel_mic_get_device_osdev_by_index.3 '/home/lucas.t/Cactus_tmp/configs/sim/scratch/external/hwloc/share/man/man3'
 /usr/bin/mkdir -p '/home/lucas.t/Cactus_tmp/configs/sim/scratch/external/hwloc/share/man/man3'
 /usr/bin/install -c -m 644 doxygen-doc/man/man3/hwlocality_diff.3 doxygen-doc/man/man3/hwloc_topology_diff_obj_attr_type_e.3 doxygen-doc/man/man3/HWLOC_TOPOLOGY_DIFF_OBJ_ATTR_SIZE.3 doxygen-doc/man/man3/HWLOC_TOPOLOGY_DIFF_OBJ_ATTR_NAME.3 doxygen-doc/man/man3/HWLOC_TOPOLOGY_DIFF_OBJ_ATTR_INFO.3 doxygen-doc/man/man3/hwloc_topology_diff_obj_attr_u.3 doxygen-doc/man/man3/hwloc_topology_diff_type_e.3 doxygen-doc/man/man3/HWLOC_TOPOLOGY_DIFF_OBJ_ATTR.3 doxygen-doc/man/man3/HWLOC_TOPOLOGY_DIFF_TOO_COMPLEX.3 doxygen-doc/man/man3/hwloc_topology_diff_u.3 doxygen-doc/man/man3/hwloc_topology_diff_build.3 doxygen-doc/man/man3/hwloc_topology_diff_apply_flags_e.3 doxygen-doc/man/man3/HWLOC_TOPOLOGY_DIFF_APPLY_REVERSE.3 doxygen-doc/man/man3/hwloc_topology_diff_apply.3 doxygen-doc/man/man3/hwloc_topology_diff_destroy.3 doxygen-doc/man/man3/hwloc_topology_diff_load_xml.3 doxygen-doc/man/man3/hwloc_topology_diff_export_xml.3 doxygen-doc/man/man3/hwloc_topology_diff_load_xmlbuffer.3 doxygen-doc/man/man3/hwloc_topology_diff_export_xmlbuffer.3 '/home/lucas.t/Cactus_tmp/configs/sim/scratch/external/hwloc/share/man/man3'
 /usr/bin/mkdir -p '/home/lucas.t/Cactus_tmp/configs/sim/scratch/external/hwloc/share/man/man3'
 /usr/bin/install -c -m 644 doxygen-doc/man/man3/hwlocality_glibc_sched.3 doxygen-doc/man/man3/hwloc_cpuset_from_glibc_sched_affinity.3 doxygen-doc/man/man3/hwloc_cpuset_to_glibc_sched_affinity.3 '/home/lucas.t/Cactus_tmp/configs/sim/scratch/external/hwloc/share/man/man3'
 /usr/bin/mkdir -p '/home/lucas.t/Cactus_tmp/configs/sim/scratch/external/hwloc/share/man/man3'
 /usr/bin/install -c -m 644 doxygen-doc/man/man3/hwlocality_advanced_io.3 doxygen-doc/man/man3/hwloc_get_non_io_ancestor_obj.3 doxygen-doc/man/man3/hwloc_get_next_pcidev.3 doxygen-doc/man/man3/hwloc_get_pcidev_by_busid.3 doxygen-doc/man/man3/hwloc_get_pcidev_by_busidstring.3 doxygen-doc/man/man3/hwloc_get_next_osdev.3 doxygen-doc/man/man3/hwloc_get_next_bridge.3 doxygen-doc/man/man3/hwloc_bridge_covers_pcibus.3 '/home/lucas.t/Cactus_tmp/configs/sim/scratch/external/hwloc/share/man/man3'
 /usr/bin/mkdir -p '/home/lucas.t/Cactus_tmp/configs/sim/scratch/external/hwloc/share/man/man3'
 /usr/bin/install -c -m 644 doxygen-doc/man/man3/hwlocality_helper_ancestors.3 doxygen-doc/man/man3/hwloc_get_ancestor_obj_by_depth.3 doxygen-doc/man/man3/hwloc_get_ancestor_obj_by_type.3 doxygen-doc/man/man3/hwloc_get_common_ancestor_obj.3 doxygen-doc/man/man3/hwloc_obj_is_in_subtree.3 '/home/lucas.t/Cactus_tmp/configs/sim/scratch/external/hwloc/share/man/man3'
 /usr/bin/mkdir -p '/home/lucas.t/Cactus_tmp/configs/sim/scratch/external/hwloc/share/man/man3'
 /usr/bin/install -c -m 644 doxygen-doc/man/man3/hwlocality_distances_get.3 doxygen-doc/man/man3/hwloc_distances_s.3 doxygen-doc/man/man3/hwloc_distances_kind_e.3 doxygen-doc/man/man3/HWLOC_DISTANCES_KIND_FROM_OS.3 doxygen-doc/man/man3/HWLOC_DISTANCES_KIND_FROM_USER.3 doxygen-doc/man/man3/HWLOC_DISTANCES_KIND_MEANS_LATENCY.3 doxygen-doc/man/man3/HWLOC_DISTANCES_KIND_MEANS_BANDWIDTH.3 doxygen-doc/man/man3/hwloc_distances_get.3 doxygen-doc/man/man3/hwloc_distances_get_by_depth.3 doxygen-doc/man/man3/hwloc_distances_get_by_type.3 doxygen-doc/man/man3/hwloc_distances_release.3 doxygen-doc/man/man3/hwlocality_distances_consult.3 doxygen-doc/man/man3/hwloc_distances_obj_index.3 doxygen-doc/man/man3/hwloc_distances_obj_pair_values.3 doxygen-doc/man/man3/hwlocality_distances_add.3 doxygen-doc/man/man3/hwloc_distances_add_flag_e.3 doxygen-doc/man/man3/HWLOC_DISTANCES_ADD_FLAG_GROUP.3 doxygen-doc/man/man3/HWLOC_DISTANCES_ADD_FLAG_GROUP_INACCURATE.3 doxygen-doc/man/man3/hwloc_distances_add.3 doxygen-doc/man/man3/hwloc_distances_remove.3 doxygen-doc/man/man3/hwloc_distances_remove_by_depth.3 doxygen-doc/man/man3/hwloc_distances_remove_by_type.3 '/home/lucas.t/Cactus_tmp/configs/sim/scratch/external/hwloc/share/man/man3'
 /usr/bin/mkdir -p '/home/lucas.t/Cactus_tmp/configs/sim/scratch/external/hwloc/share/man/man3'
 /usr/bin/install -c -m 644 doxygen-doc/man/man3/hwlocality_helper_distribute.3 doxygen-doc/man/man3/hwloc_distrib_flags_e.3 doxygen-doc/man/man3/HWLOC_DISTRIB_FLAG_REVERSE.3 doxygen-doc/man/man3/hwloc_distrib.3 '/home/lucas.t/Cactus_tmp/configs/sim/scratch/external/hwloc/share/man/man3'
 /usr/bin/mkdir -p '/home/lucas.t/Cactus_tmp/configs/sim/scratch/external/hwloc/share/man/man3'
 /usr/bin/install -c -m 644 doxygen-doc/man/man3/hwlocality_helper_find_cache.3 doxygen-doc/man/man3/hwloc_get_cache_type_depth.3 doxygen-doc/man/man3/hwloc_get_cache_covering_cpuset.3 doxygen-doc/man/man3/hwloc_get_shared_cache_covering_obj.3 '/home/lucas.t/Cactus_tmp/configs/sim/scratch/external/hwloc/share/man/man3'
 /usr/bin/mkdir -p '/home/lucas.t/Cactus_tmp/configs/sim/scratch/external/hwloc/share/man/man3'
 /usr/bin/install -c -m 644 doxygen-doc/man/man3/hwlocality_helper_find_covering.3 doxygen-doc/man/man3/hwloc_get_child_covering_cpuset.3 doxygen-doc/man/man3/hwloc_get_obj_covering_cpuset.3 doxygen-doc/man/man3/hwloc_get_next_obj_covering_cpuset_by_depth.3 doxygen-doc/man/man3/hwloc_get_next_obj_covering_cpuset_by_type.3 '/home/lucas.t/Cactus_tmp/configs/sim/scratch/external/hwloc/share/man/man3'
 /usr/bin/mkdir -p '/home/lucas.t/Cactus_tmp/configs/sim/scratch/external/hwloc/share/man/man3'
 /usr/bin/install -c -m 644 doxygen-doc/man/man3/hwlocality_helper_find_inside.3 doxygen-doc/man/man3/hwloc_get_first_largest_obj_inside_cpuset.3 doxygen-doc/man/man3/hwloc_get_largest_objs_inside_cpuset.3 doxygen-doc/man/man3/hwloc_get_next_obj_inside_cpuset_by_depth.3 doxygen-doc/man/man3/hwloc_get_next_obj_inside_cpuset_by_type.3 doxygen-doc/man/man3/hwloc_get_obj_inside_cpuset_by_depth.3 doxygen-doc/man/man3/hwloc_get_obj_inside_cpuset_by_type.3 doxygen-doc/man/man3/hwloc_get_nbobjs_inside_cpuset_by_depth.3 doxygen-doc/man/man3/hwloc_get_nbobjs_inside_cpuset_by_type.3 doxygen-doc/man/man3/hwloc_get_obj_index_inside_cpuset.3 '/home/lucas.t/Cactus_tmp/configs/sim/scratch/external/hwloc/share/man/man3'
 /usr/bin/mkdir -p '/home/lucas.t/Cactus_tmp/configs/sim/scratch/external/hwloc/share/man/man3'
 /usr/bin/install -c -m 644 doxygen-doc/man/man3/hwlocality_helper_find_misc.3 doxygen-doc/man/man3/hwloc_get_pu_obj_by_os_index.3 doxygen-doc/man/man3/hwloc_get_next_child.3 doxygen-doc/man/man3/hwloc_get_closest_objs.3 doxygen-doc/man/man3/hwloc_get_obj_below_array_by_type.3 doxygen-doc/man/man3/hwloc_get_obj_below_by_type.3 '/home/lucas.t/Cactus_tmp/configs/sim/scratch/external/hwloc/share/man/man3'
 /usr/bin/mkdir -p '/home/lucas.t/Cactus_tmp/configs/sim/scratch/external/hwloc/share/man/man3'
 /usr/bin/install -c -m 644 doxygen-doc/man/man3/hwlocality_helper_types.3 doxygen-doc/man/man3/hwloc_obj_type_is_normal.3 doxygen-doc/man/man3/hwloc_obj_type_is_memory.3 doxygen-doc/man/man3/hwloc_obj_type_is_io.3 doxygen-doc/man/man3/hwloc_obj_type_is_cache.3 doxygen-doc/man/man3/hwloc_obj_type_is_dcache.3 doxygen-doc/man/man3/hwloc_obj_type_is_icache.3 '/home/lucas.t/Cactus_tmp/configs/sim/scratch/external/hwloc/share/man/man3'
 /usr/bin/mkdir -p '/home/lucas.t/Cactus_tmp/configs/sim/scratch/external/hwloc/share/man/man3'
 /usr/bin/install -c -m 644 doxygen-doc/man/man3/hwlocality_helper_nodeset_convert.3 doxygen-doc/man/man3/hwloc_cpuset_to_nodeset.3 doxygen-doc/man/man3/hwloc_cpuset_from_nodeset.3 '/home/lucas.t/Cactus_tmp/configs/sim/scratch/external/hwloc/share/man/man3'
 /usr/bin/mkdir -p '/home/lucas.t/Cactus_tmp/configs/sim/scratch/external/hwloc/share/man/man3'
 /usr/bin/install -c -m 644 doxygen-doc/man/man3/hwlocality_helper_topology_sets.3 doxygen-doc/man/man3/hwloc_topology_get_allowed_cpuset.3 doxygen-doc/man/man3/hwloc_topology_get_complete_nodeset.3 doxygen-doc/man/man3/hwloc_topology_get_topology_cpuset.3 doxygen-doc/man/man3/hwloc_topology_get_allowed_nodeset.3 doxygen-doc/man/man3/hwloc_topology_get_complete_cpuset.3 doxygen-doc/man/man3/hwloc_topology_get_topology_nodeset.3 '/home/lucas.t/Cactus_tmp/configs/sim/scratch/external/hwloc/share/man/man3'
 /usr/bin/mkdir -p '/home/lucas.t/Cactus_tmp/configs/sim/scratch/external/hwloc/share/man/man3'
 /usr/bin/install -c -m 644 doxygen-doc/man/man3/hwlocality_levels.3 doxygen-doc/man/man3/hwloc_topology_get_depth.3 doxygen-doc/man/man3/hwloc_get_type_depth.3 doxygen-doc/man/man3/hwloc_get_type_depth_e.3 doxygen-doc/man/man3/HWLOC_TYPE_DEPTH_MULTIPLE.3 doxygen-doc/man/man3/HWLOC_TYPE_DEPTH_UNKNOWN.3 doxygen-doc/man/man3/HWLOC_TYPE_DEPTH_BRIDGE.3 doxygen-doc/man/man3/HWLOC_TYPE_DEPTH_PCI_DEVICE.3 doxygen-doc/man/man3/HWLOC_TYPE_DEPTH_OS_DEVICE.3 doxygen-doc/man/man3/hwloc_get_memory_parents_depth.3 doxygen-doc/man/man3/hwloc_get_type_or_above_depth.3 doxygen-doc/man/man3/hwloc_get_type_or_below_depth.3 doxygen-doc/man/man3/hwloc_get_depth_type.3 doxygen-doc/man/man3/hwloc_get_nbobjs_by_depth.3 doxygen-doc/man/man3/hwloc_get_nbobjs_by_type.3 doxygen-doc/man/man3/hwloc_get_root_obj.3 doxygen-doc/man/man3/hwloc_get_obj_by_depth.3 doxygen-doc/man/man3/hwloc_get_obj_by_type.3 doxygen-doc/man/man3/hwloc_get_next_obj_by_depth.3 doxygen-doc/man/man3/hwloc_get_next_obj_by_type.3 '/home/lucas.t/Cactus_tmp/configs/sim/scratch/external/hwloc/share/man/man3'
 /usr/bin/mkdir -p '/home/lucas.t/Cactus_tmp/configs/sim/scratch/external/hwloc/share/man/man3'
 /usr/bin/install -c -m 644 doxygen-doc/man/man3/hwlocality_linux.3 doxygen-doc/man/man3/hwloc_linux_set_tid_cpubind.3 doxygen-doc/man/man3/hwloc_linux_get_tid_cpubind.3 doxygen-doc/man/man3/hwloc_linux_get_tid_last_cpu_location.3 doxygen-doc/man/man3/hwloc_linux_read_path_as_cpumask.3 '/home/lucas.t/Cactus_tmp/configs/sim/scratch/external/hwloc/share/man/man3'
 /usr/bin/mkdir -p '/home/lucas.t/Cactus_tmp/configs/sim/scratch/external/hwloc/share/man/man3'
 /usr/bin/install -c -m 644 doxygen-doc/man/man3/hwlocality_linux_libnuma_bitmask.3 doxygen-doc/man/man3/hwloc_cpuset_from_linux_libnuma_bitmask.3 doxygen-doc/man/man3/hwloc_nodeset_from_linux_libnuma_bitmask.3 doxygen-doc/man/man3/hwloc_cpuset_to_linux_libnuma_bitmask.3 doxygen-doc/man/man3/hwloc_nodeset_to_linux_libnuma_bitmask.3 doxygen-doc/man/man3/hwlocality_linux_libnuma_ulongs.3 doxygen-doc/man/man3/hwloc_cpuset_from_linux_libnuma_ulongs.3 doxygen-doc/man/man3/hwloc_nodeset_from_linux_libnuma_ulongs.3 doxygen-doc/man/man3/hwloc_cpuset_to_linux_libnuma_ulongs.3 doxygen-doc/man/man3/hwloc_nodeset_to_linux_libnuma_ulongs.3 '/home/lucas.t/Cactus_tmp/configs/sim/scratch/external/hwloc/share/man/man3'
 /usr/bin/mkdir -p '/home/lucas.t/Cactus_tmp/configs/sim/scratch/external/hwloc/share/man/man3'
 /usr/bin/install -c -m 644 doxygen-doc/man/man3/hwlocality_membinding.3 doxygen-doc/man/man3/HWLOC_MEMBIND_BIND.3 doxygen-doc/man/man3/HWLOC_MEMBIND_DEFAULT.3 doxygen-doc/man/man3/HWLOC_MEMBIND_FIRSTTOUCH.3 doxygen-doc/man/man3/HWLOC_MEMBIND_INTERLEAVE.3 doxygen-doc/man/man3/HWLOC_MEMBIND_MIGRATE.3 doxygen-doc/man/man3/HWLOC_MEMBIND_MIXED.3 doxygen-doc/man/man3/HWLOC_MEMBIND_NEXTTOUCH.3 doxygen-doc/man/man3/HWLOC_MEMBIND_NOCPUBIND.3 doxygen-doc/man/man3/HWLOC_MEMBIND_BYNODESET.3 doxygen-doc/man/man3/HWLOC_MEMBIND_PROCESS.3 doxygen-doc/man/man3/HWLOC_MEMBIND_STRICT.3 doxygen-doc/man/man3/HWLOC_MEMBIND_THREAD.3 doxygen-doc/man/man3/hwloc_membind_flags_t.3 doxygen-doc/man/man3/hwloc_membind_policy_t.3 doxygen-doc/man/man3/hwloc_set_membind.3 doxygen-doc/man/man3/hwloc_get_membind.3 doxygen-doc/man/man3/hwloc_set_proc_membind.3 doxygen-doc/man/man3/hwloc_get_proc_membind.3 doxygen-doc/man/man3/hwloc_set_area_membind.3 doxygen-doc/man/man3/hwloc_get_area_membind.3 doxygen-doc/man/man3/hwloc_get_area_memlocation.3 doxygen-doc/man/man3/hwloc_alloc.3 doxygen-doc/man/man3/hwloc_alloc_membind.3 doxygen-doc/man/man3/hwloc_alloc_membind_policy.3 doxygen-doc/man/man3/hwloc_free.3 '/home/lucas.t/Cactus_tmp/configs/sim/scratch/external/hwloc/share/man/man3'
 /usr/bin/mkdir -p '/home/lucas.t/Cactus_tmp/configs/sim/scratch/external/hwloc/share/man/man3'
 /usr/bin/install -c -m 644 doxygen-doc/man/man3/hwlocality_info_attr.3 doxygen-doc/man/man3/hwloc_obj_get_info_by_name.3 doxygen-doc/man/man3/hwloc_obj_add_info.3 '/home/lucas.t/Cactus_tmp/configs/sim/scratch/external/hwloc/share/man/man3'
 /usr/bin/mkdir -p '/home/lucas.t/Cactus_tmp/configs/sim/scratch/external/hwloc/share/man/man3'
 /usr/bin/install -c -m 644 doxygen-doc/man/man3/hwlocality_object_sets.3 doxygen-doc/man/man3/hwloc_bitmap_t.3 doxygen-doc/man/man3/hwloc_const_bitmap_t.3 doxygen-doc/man/man3/hwloc_cpuset_t.3 doxygen-doc/man/man3/hwloc_const_cpuset_t.3 doxygen-doc/man/man3/hwloc_nodeset_t.3 doxygen-doc/man/man3/hwloc_const_nodeset_t.3 '/home/lucas.t/Cactus_tmp/configs/sim/scratch/external/hwloc/share/man/man3'
 /usr/bin/mkdir -p '/home/lucas.t/Cactus_tmp/configs/sim/scratch/external/hwloc/share/man/man3'
 /usr/bin/install -c -m 644 doxygen-doc/man/man3/hwlocality_object_strings.3 doxygen-doc/man/man3/hwloc_obj_type_string.3 doxygen-doc/man/man3/hwloc_obj_type_snprintf.3 doxygen-doc/man/man3/hwloc_obj_attr_snprintf.3 doxygen-doc/man/man3/hwloc_type_sscanf.3 doxygen-doc/man/man3/hwloc_type_sscanf_as_depth.3 '/home/lucas.t/Cactus_tmp/configs/sim/scratch/external/hwloc/share/man/man3'
 /usr/bin/mkdir -p '/home/lucas.t/Cactus_tmp/configs/sim/scratch/external/hwloc/share/man/man3'
 /usr/bin/install -c -m 644 doxygen-doc/man/man3/hwlocality_object_types.3 doxygen-doc/man/man3/HWLOC_OBJ_BRIDGE.3 doxygen-doc/man/man3/HWLOC_OBJ_CORE.3 doxygen-doc/man/man3/HWLOC_OBJ_GROUP.3 doxygen-doc/man/man3/HWLOC_OBJ_L1CACHE.3 doxygen-doc/man/man3/HWLOC_OBJ_L2CACHE.3 doxygen-doc/man/man3/HWLOC_OBJ_L3CACHE.3 doxygen-doc/man/man3/HWLOC_OBJ_L4CACHE.3 doxygen-doc/man/man3/HWLOC_OBJ_L5CACHE.3 doxygen-doc/man/man3/HWLOC_OBJ_L1ICACHE.3 doxygen-doc/man/man3/HWLOC_OBJ_L2ICACHE.3 doxygen-doc/man/man3/HWLOC_OBJ_L3ICACHE.3 doxygen-doc/man/man3/HWLOC_OBJ_MACHINE.3 doxygen-doc/man/man3/HWLOC_OBJ_MISC.3 doxygen-doc/man/man3/HWLOC_OBJ_NUMANODE.3 doxygen-doc/man/man3/HWLOC_OBJ_OS_DEVICE.3 doxygen-doc/man/man3/HWLOC_OBJ_PU.3 doxygen-doc/man/man3/HWLOC_OBJ_PCI_DEVICE.3 doxygen-doc/man/man3/HWLOC_OBJ_PACKAGE.3 doxygen-doc/man/man3/hwloc_obj_type_t.3 doxygen-doc/man/man3/HWLOC_OBJ_CACHE_UNIFIED.3 doxygen-doc/man/man3/HWLOC_OBJ_CACHE_DATA.3 doxygen-doc/man/man3/HWLOC_OBJ_CACHE_INSTRUCTION.3 doxygen-doc/man/man3/hwloc_obj_cache_type_e.3 doxygen-doc/man/man3/hwloc_obj_cache_type_t.3 doxygen-doc/man/man3/HWLOC_OBJ_BRIDGE_HOST.3 doxygen-doc/man/man3/HWLOC_OBJ_BRIDGE_PCI.3 doxygen-doc/man/man3/hwloc_obj_bridge_type_e.3 doxygen-doc/man/man3/hwloc_obj_bridge_type_t.3 doxygen-doc/man/man3/HWLOC_OBJ_OSDEV_BLOCK.3 doxygen-doc/man/man3/HWLOC_OBJ_OSDEV_DMA.3 doxygen-doc/man/man3/HWLOC_OBJ_OSDEV_GPU.3 doxygen-doc/man/man3/HWLOC_OBJ_OSDEV_NETWORK.3 doxygen-doc/man/man3/HWLOC_OBJ_OSDEV_OPENFABRICS.3 doxygen-doc/man/man3/HWLOC_OBJ_OSDEV_COPROC.3 doxygen-doc/man/man3/hwloc_obj_osdev_type_e.3 doxygen-doc/man/man3/hwloc_obj_osdev_type_t.3 doxygen-doc/man/man3/hwloc_compare_types.3 doxygen-doc/man/man3/hwloc_compare_types_e.3 doxygen-doc/man/man3/HWLOC_TYPE_UNORDERED.3 '/home/lucas.t/Cactus_tmp/configs/sim/scratch/external/hwloc/share/man/man3'
 /usr/bin/mkdir -p '/home/lucas.t/Cactus_tmp/configs/sim/scratch/external/hwloc/share/man/man3'
 /usr/bin/install -c -m 644 doxygen-doc/man/man3/hwlocality_objects.3 doxygen-doc/man/man3/hwloc_obj.3 doxygen-doc/man/man3/hwloc_obj_t.3 doxygen-doc/man/man3/hwloc_obj_attr_u.3 doxygen-doc/man/man3/hwloc_obj_attr_u_hwloc_numanode_attr_s.3 doxygen-doc/man/man3/hwloc_obj_attr_u_hwloc_numanode_attr_s_hwloc_memory_page_type_s.3 doxygen-doc/man/man3/hwloc_obj_attr_u_hwloc_bridge_attr_s.3 doxygen-doc/man/man3/hwloc_obj_attr_u_hwloc_cache_attr_s.3 doxygen-doc/man/man3/hwloc_obj_attr_u_hwloc_group_attr_s.3 doxygen-doc/man/man3/hwloc_obj_attr_u_hwloc_osdev_attr_s.3 doxygen-doc/man/man3/hwloc_obj_attr_u_hwloc_pcidev_attr_s.3 doxygen-doc/man/man3/hwloc_info_s.3 '/home/lucas.t/Cactus_tmp/configs/sim/scratch/external/hwloc/share/man/man3'
 /usr/bin/mkdir -p '/home/lucas.t/Cactus_tmp/configs/sim/scratch/external/hwloc/share/man/man3'
 /usr/bin/install -c -m 644 doxygen-doc/man/man3/hwlocality_openfabrics.3 doxygen-doc/man/man3/hwloc_ibv_get_device_cpuset.3 doxygen-doc/man/man3/hwloc_ibv_get_device_osdev.3 doxygen-doc/man/man3/hwloc_ibv_get_device_osdev_by_name.3 '/home/lucas.t/Cactus_tmp/configs/sim/scratch/external/hwloc/share/man/man3'
 /usr/bin/mkdir -p '/home/lucas.t/Cactus_tmp/configs/sim/scratch/external/hwloc/share/man/man3'
 /usr/bin/install -c -m 644 doxygen-doc/man/man3/hwlocality_setsource.3 doxygen-doc/man/man3/hwloc_topology_set_pid.3 doxygen-doc/man/man3/hwloc_topology_set_synthetic.3 doxygen-doc/man/man3/hwloc_topology_set_xml.3 doxygen-doc/man/man3/hwloc_topology_set_xmlbuffer.3 '/home/lucas.t/Cactus_tmp/configs/sim/scratch/external/hwloc/share/man/man3'
 /usr/bin/mkdir -p '/home/lucas.t/Cactus_tmp/configs/sim/scratch/external/hwloc/share/man/man3'
 /usr/bin/install -c -m 644 doxygen-doc/man/man3/hwlocality_shmem.3 doxygen-doc/man/man3/hwloc_shmem_topology_get_length.3 doxygen-doc/man/man3/hwloc_shmem_topology_write.3 doxygen-doc/man/man3/hwloc_shmem_topology_adopt.3 '/home/lucas.t/Cactus_tmp/configs/sim/scratch/external/hwloc/share/man/man3'
 /usr/bin/mkdir -p '/home/lucas.t/Cactus_tmp/configs/sim/scratch/external/hwloc/share/man/man3'
 /usr/bin/install -c -m 644 doxygen-doc/man/man3/hwlocality_syntheticexport.3 doxygen-doc/man/man3/hwloc_topology_export_synthetic.3 '/home/lucas.t/Cactus_tmp/configs/sim/scratch/external/hwloc/share/man/man3'
 /usr/bin/mkdir -p '/home/lucas.t/Cactus_tmp/configs/sim/scratch/external/hwloc/share/man/man3'
 /usr/bin/install -c -m 644 doxygen-doc/man/man3/hwlocality_tinker.3 doxygen-doc/man/man3/HWLOC_RESTRICT_FLAG_REMOVE_CPULESS.3 doxygen-doc/man/man3/HWLOC_RESTRICT_FLAG_ADAPT_IO.3 doxygen-doc/man/man3/HWLOC_RESTRICT_FLAG_ADAPT_MISC.3 doxygen-doc/man/man3/hwloc_restrict_flags_e.3 doxygen-doc/man/man3/hwloc_topology_restrict.3 doxygen-doc/man/man3/hwloc_topology_insert_misc_object.3 doxygen-doc/man/man3/hwloc_topology_alloc_group_object.3 doxygen-doc/man/man3/hwloc_topology_insert_group_object.3 doxygen-doc/man/man3/hwloc_obj_add_other_obj_sets.3 '/home/lucas.t/Cactus_tmp/configs/sim/scratch/external/hwloc/share/man/man3'
 /usr/bin/mkdir -p '/home/lucas.t/Cactus_tmp/configs/sim/scratch/external/hwloc/share/man/man3'
 /usr/bin/install -c -m 644 doxygen-doc/man/man3/hwlocality_xmlexport.3 doxygen-doc/man/man3/hwloc_topology_export_xml.3 doxygen-doc/man/man3/hwloc_topology_export_xmlbuffer.3 doxygen-doc/man/man3/hwloc_free_xmlbuffer.3 doxygen-doc/man/man3/hwloc_topology_set_userdata_export_callback.3 doxygen-doc/man/man3/hwloc_export_obj_userdata.3 doxygen-doc/man/man3/hwloc_export_obj_userdata_base64.3 doxygen-doc/man/man3/hwloc_topology_set_userdata_import_callback.3 '/home/lucas.t/Cactus_tmp/configs/sim/scratch/external/hwloc/share/man/man3'
 /usr/bin/mkdir -p '/home/lucas.t/Cactus_tmp/configs/sim/scratch/external/hwloc/share/doc/hwloc'
 /usr/bin/install -c -m 644 doxygen-doc/hwloc-a4.pdf doxygen-doc/hwloc-letter.pdf '/home/lucas.t/Cactus_tmp/configs/sim/scratch/external/hwloc/share/doc/hwloc'
 /usr/bin/mkdir -p '/home/lucas.t/Cactus_tmp/configs/sim/scratch/external/hwloc/share/hwloc'
 /usr/bin/install -c -m 644 contrib/hwloc-valgrind.supp '/home/lucas.t/Cactus_tmp/configs/sim/scratch/external/hwloc/share/hwloc'
 /usr/bin/mkdir -p '/home/lucas.t/Cactus_tmp/configs/sim/scratch/external/hwloc/lib/pkgconfig'
 /usr/bin/install -c -m 644 hwloc.pc '/home/lucas.t/Cactus_tmp/configs/sim/scratch/external/hwloc/lib/pkgconfig'
~/Cactus_tmp/configs/sim/scratch
hwloc: Cleaning up...
hwloc: Done.
COMPILING ExternalLibraries/hwloc/src/version.c
COMPILING configs/sim/bindings/build/hwloc/cctk_ThornBindings.c
Creating /home/lucas.t/Cactus_tmp/configs/sim/lib/libthorn_hwloc.a
Checking status of thorn MPI
COMPILING configs/sim/bindings/build/MPI/cctk_ThornBindings.c
Creating /home/lucas.t/Cactus_tmp/configs/sim/lib/libthorn_MPI.a
Checking status of thorn HDF5
HDF5: Preparing directory structure...
HDF5: Unpacking archive...
~/Cactus_tmp/configs/sim/scratch/build/HDF5 ~/Cactus_tmp/configs/sim/scratch
HDF5: Configuring...
configure: WARNING: unrecognized options: --enable-fortran2003
checking for a BSD-compatible install... /usr/bin/install -c
checking whether build environment is sane... yes
checking for a thread-safe mkdir -p... /usr/bin/mkdir -p
checking for gawk... gawk
checking whether make sets $(MAKE)... yes
checking whether make supports nested variables... yes
checking whether make supports nested variables... (cached) yes
checking whether to enable maintainer-specific portions of Makefiles... no
checking build system type... x86_64-unknown-linux-gnu
checking host system type... x86_64-unknown-linux-gnu
checking shell variables initial values... done
checking if basename works... yes
checking if xargs works... yes
checking for cached host... none
checking for config x86_64-unknown-linux-gnu... no
checking for config x86_64-unknown-linux-gnu... no
checking for config unknown-linux-gnu... no
checking for config unknown-linux-gnu... no
checking for config x86_64-linux-gnu... no
checking for config x86_64-linux-gnu... no
checking for config x86_64-unknown... no
checking for config linux-gnu... found
compiler 'gcc' is GNU gcc-8.3.0
compiler 'gfortran' is GNU gfortran-8.3.0
compiler 'g++' is GNU g++-8.3.0
checking for config ./config/site-specific/host-titanio-login.cluster.titanio.ufabc.edu.br... no
checking for config ./config/site-specific/host-cluster.titanio.ufabc.edu.br... no
checking for config ./config/site-specific/host-titanio.ufabc.edu.br... no
checking for config ./config/site-specific/host-ufabc.edu.br... no
checking for config ./config/site-specific/host-edu.br... no
checking for config ./config/site-specific/host-br... no
checking build mode... debug
checking for gcc... gcc
checking whether the C compiler works... yes
checking for C compiler default output file name... a.out
checking for suffix of executables... 
checking whether we are cross compiling... no
checking for suffix of object files... o
checking whether we are using the GNU C compiler... yes
checking whether gcc accepts -g... yes
checking for gcc option to accept ISO C89... none needed
checking whether gcc understands -c and -o together... yes
checking for style of include used by make... GNU
checking dependency style of gcc... gcc3
checking if unsupported combinations of configure options are allowed... no
checking how to run the C preprocessor... gcc -E
checking for grep that handles long lines and -e... /usr/bin/grep
checking for egrep... /usr/bin/grep -E
checking for ANSI C header files... yes
checking for sys/types.h... yes
checking for sys/stat.h... yes
checking for stdlib.h... yes
checking for string.h... yes
checking for memory.h... yes
checking for strings.h... yes
checking for inttypes.h... yes
checking for stdint.h... yes
checking for unistd.h... yes
checking for off_t... yes
checking for size_t... yes
checking for ssize_t... yes
checking for ptrdiff_t... yes
checking whether byte ordering is bigendian... no
checking size of char... 1
checking size of short... 2
checking size of int... 4
checking size of unsigned... 4
checking size of long... 8
checking size of long long... 8
checking size of __int64... 0
checking size of float... 4
checking size of double... 8
checking size of long double... 16
checking size of __float128... 16
checking size of _Quad... 0
checking quadmath.h usability... yes
checking quadmath.h presence... yes
checking for quadmath.h... yes
checking maximum decimal precision for C... 33
checking if Fortran interface enabled... yes
checking whether we are using the GNU Fortran compiler... yes
checking whether gfortran accepts -g... yes
checking for Fortran flag to compile .f90 files... none
checking whether we are using the GNU Fortran compiler... (cached) yes
checking whether gfortran accepts -g... (cached) yes
checking what gfortran does with modules... module.mod
checking how gfortran finds modules... -I
checking if Fortran compiler version compatible with Fortran 2003 HDF... yes
checking how to get verbose linking output from gfortran... -v
checking for Fortran libraries of gfortran...  -L/opt/ohpc/pub/compiler/gcc/8.3.0/lib/gcc/x86_64-pc-linux-gnu/8.3.0 -L/opt/ohpc/pub/compiler/gcc/8.3.0/lib/gcc/x86_64-pc-linux-gnu/8.3.0/../../../../lib64 -L/lib/../lib64 -L/usr/lib/../lib64 -L/opt/spack/opt/spack/linux-centos7-x86_64/gcc-8.3.0/perl-5.30.2-txwgrdtdeaova4trhpwfwsdcrs63w2r4/lib -L/opt/ohpc/pub/compiler/gcc/8.3.0/lib/gcc/x86_64-pc-linux-gnu/8.3.0/../../.. -lgfortran -lm -lgomp -lquadmath -lpthread
checking for dummy main to link with Fortran libraries... none
checking for Fortran name-mangling scheme... lower case, underscore, no extra underscore
checking if Fortran compiler supports intrinsic SIZEOF... yes
checking if Fortran compiler supports intrinsic C_SIZEOF... yes
checking if Fortran compiler supports intrinsic STORAGE_SIZE... yes
checking if Fortran compiler supports intrinsic module ISO_FORTRAN_ENV... yes
checking for Number of Fortran INTEGER KINDs... 5
checking for Fortran INTEGER KINDs... {1,2,4,8,16}
checking for Fortran REAL KINDs... {4,8,10,16}
checking for Fortran REALs maximum decimal precision... 33
checking sizeof of native KINDS... 
checking for Number of Fortran INTEGER KINDs... 5
checking for Fortran INTEGER KINDs... {1,2,4,8,16}
checking for Fortran REAL KINDs... {4,8,10,16}
checking for Fortran REALs maximum decimal precision... 33
checking sizeof of available INTEGER KINDs... {1,2,4,8,16}
checking sizeof of available REAL KINDs... {4,8,16,16}
checking if Fortran compiler supports intrinsic C_LONG_DOUBLE... yes
checking if Fortran C_LONG_DOUBLE is different from C_DOUBLE... yes
checking for Fortran interoperable KINDS with C... {4,8,10,16}
checking whether we are using the GNU C++ compiler... yes
checking whether g++ accepts -g... yes
checking dependency style of g++... gcc3
checking how to run the C++ preprocessor... g++ -E
checking if c++ interface enabled... no
checking if the high-level library is enabled... yes
checking whether make sets $(MAKE)... (cached) yes
checking for tr... /usr/bin/tr
checking if srcdir= and time commands work together... no
checking if Java JNI interface enabled... no
checking if building tests is disabled... checking if building tools is disabled... checking how to print strings... printf
checking for a sed that does not truncate output... /usr/bin/sed
checking for fgrep... /usr/bin/grep -F
checking for ld used by gcc... g++
checking if the linker (g++) is GNU ld... no
checking for BSD- or MS-compatible name lister (nm)... /usr/bin/nm -B
checking the name lister (/usr/bin/nm -B) interface... BSD nm
checking whether ln -s works... yes
checking the maximum length of command line arguments... 3458764513820540925
checking how to convert x86_64-unknown-linux-gnu file names to x86_64-unknown-linux-gnu format... func_convert_file_noop
checking how to convert x86_64-unknown-linux-gnu file names to toolchain format... func_convert_file_noop
checking for g++ option to reload object files... -r
checking for objdump... objdump
checking how to recognize dependent libraries... pass_all
checking for dlltool... no
checking how to associate runtime and link libraries... printf %s\n
checking for archiver @FILE support... @
checking for strip... strip
checking for ranlib... ranlib
checking command to parse /usr/bin/nm -B output from gcc object... ok
checking for sysroot... no
checking for a working dd... /usr/bin/dd
checking how to truncate binary pipes... /usr/bin/dd bs=4096 count=1
checking for mt... no
checking if : is a manifest tool... no
checking for dlfcn.h... yes
checking for objdir... .libs
checking if gcc supports -fno-rtti -fno-exceptions... no
checking for gcc option to produce PIC... -fPIC -DPIC
checking if gcc PIC flag -fPIC -DPIC works... yes
checking if gcc static flag -static works... no
checking if gcc supports -c -o file.o... yes
checking if gcc supports -c -o file.o... (cached) yes
checking whether the gcc linker (g++ -m elf_x86_64) supports shared libraries... yes
checking dynamic linker characteristics... GNU/Linux ld.so
checking how to hardcode library paths into programs... unsupported
checking for shl_load... no
checking for shl_load in -ldld... no
checking for dlopen... no
checking for dlopen in -ldl... yes
checking whether a program can dlopen itself... yes
checking whether a statically linked program can dlopen itself... yes
checking whether stripping libraries is possible... yes
checking if libtool supports shared libraries... yes
checking whether to build shared libraries... no
checking whether to build static libraries... yes
checking if libtool supports shared libraries... yes
checking whether to build shared libraries... no
checking whether to build static libraries... yes
checking for gfortran option to produce PIC... -fPIC
checking if gfortran PIC flag -fPIC works... yes
checking if gfortran static flag -static works... no
checking if gfortran supports -c -o file.o... yes
checking if gfortran supports -c -o file.o... (cached) yes
checking whether the gfortran linker (g++ -m elf_x86_64) supports shared libraries... yes
checking dynamic linker characteristics... (cached) GNU/Linux ld.so
checking how to hardcode library paths into programs... unsupported
checking if we should install only statically linked executables... yes
    warning: -static flag not supported on this system; executable won't statically link shared system libraries.
checking if -Wl,-rpath should be used to link shared libs in nondefault directories... yes
checking for ceil in -lm... yes
checking for dlopen in -ldl... (cached) yes
checking for ANSI C header files... (cached) yes
checking whether time.h and sys/time.h may both be included... yes
checking sys/resource.h usability... yes
checking sys/resource.h presence... yes
checking for sys/resource.h... yes
checking sys/time.h usability... yes
checking sys/time.h presence... yes
checking for sys/time.h... yes
checking for unistd.h... (cached) yes
checking sys/ioctl.h usability... yes
checking sys/ioctl.h presence... yes
checking for sys/ioctl.h... yes
checking for sys/stat.h... (cached) yes
checking sys/socket.h usability... yes
checking sys/socket.h presence... yes
checking for sys/socket.h... yes
checking for sys/types.h... (cached) yes
checking sys/file.h usability... yes
checking sys/file.h presence... yes
checking for sys/file.h... yes
checking stddef.h usability... yes
checking stddef.h presence... yes
checking for stddef.h... yes
checking setjmp.h usability... yes
checking setjmp.h presence... yes
checking for setjmp.h... yes
checking features.h usability... yes
checking features.h presence... yes
checking for features.h... yes
checking dirent.h usability... yes
checking dirent.h presence... yes
checking for dirent.h... yes
checking for stdint.h... (cached) yes
checking stdbool.h usability... yes
checking stdbool.h presence... yes
checking for stdbool.h... yes
checking mach/mach_time.h usability... no
checking mach/mach_time.h presence... no
checking for mach/mach_time.h... no
checking io.h usability... no
checking io.h presence... no
checking for io.h... no
checking winsock2.h usability... no
checking winsock2.h presence... no
checking for winsock2.h... no
checking sys/timeb.h usability... yes
checking sys/timeb.h presence... yes
checking for sys/timeb.h... yes
checking for _FILE_OFFSET_BITS value needed for large files... no
checking size of int8_t... 1
checking size of uint8_t... 1
checking size of int_least8_t... 1
checking size of uint_least8_t... 1
checking size of int_fast8_t... 1
checking size of uint_fast8_t... 1
checking size of int16_t... 2
checking size of uint16_t... 2
checking size of int_least16_t... 2
checking size of uint_least16_t... 2
checking size of int_fast16_t... 8
checking size of uint_fast16_t... 8
checking size of int32_t... 4
checking size of uint32_t... 4
checking size of int_least32_t... 4
checking size of uint_least32_t... 4
checking size of int_fast32_t... 8
checking size of uint_fast32_t... 8
checking size of int64_t... 8
checking size of uint64_t... 8
checking size of int_least64_t... 8
checking size of uint_least64_t... 8
checking size of int_fast64_t... 8
checking size of uint_fast64_t... 8
checking size of size_t... 8
checking size of ssize_t... 8
checking size of ptrdiff_t... 8
checking size of off_t... 8
checking size of bool... 1
checking size of time_t... 8
checking if dev_t is scalar... yes
checking for dmalloc library... suppressed
checking zlib.h usability... yes
checking zlib.h presence... yes
checking for zlib.h... yes
checking for compress2 in -lz... yes
checking for compress2... yes
checking for szlib... suppressed
checking for thread safe support... no
checking whether CLOCK_MONOTONIC is declared... yes
checking for tm_gmtoff in struct tm... yes
checking for global timezone variable... yes
checking for st_blocks in struct stat... no
checking for _getvideoconfig... no
checking for gettextinfo... no
checking for GetConsoleScreenBufferInfo... no
checking for getpwuid... yes
checking for _scrsize... no
checking for ioctl... yes
checking for struct videoconfig... no
checking for struct text_info... no
checking for TIOCGWINSZ... yes
checking for TIOCGETD... yes
checking for library containing clock_gettime... none required
checking for alarm... yes
checking for clock_gettime... yes
checking for difftime... yes
checking for fcntl... yes
checking for flock... yes
checking for fork... yes
checking for frexpf... yes
checking for frexpl... yes
checking for gethostname... yes
checking for getrusage... yes
checking for gettimeofday... yes
checking for lstat... yes
checking for rand_r... yes
checking for random... yes
checking for setsysinfo... no
checking for signal... yes
checking for longjmp... yes
checking for setjmp... yes
checking for siglongjmp... yes
checking for sigsetjmp... no
checking for sigprocmask... yes
checking for snprintf... yes
checking for srandom... yes
checking for strdup... yes
checking for symlink... yes
checking for system... yes
checking for strtoll... yes
checking for strtoull... yes
checking for tmpfile... yes
checking for asprintf... yes
checking for vasprintf... yes
checking for vsnprintf... yes
checking for waitpid... yes
checking for roundf... yes
checking for lroundf... yes
checking for llroundf... yes
checking for round... yes
checking for lround... yes
checking for llround... yes
checking for an ANSI C-conforming const... yes
checking if the compiler understands  __inline__... yes
checking if the compiler understands __inline... yes
checking if the compiler understands inline... yes
checking for __attribute__ extension... yes
checking for __func__ extension... yes
checking for __FUNCTION__ extension... yes
checking for C99 designated initialization support... yes
checking how to print long long... %ld and %lu
checking enable debugging symbols... yes
checking enable asserts... yes
checking enable developer warnings... no
checking profiling... no
checking optimization level... debug
checking for internal debug output... AC,B2,CX,D,F,HL,I,O,S,ST,T,Z
checking whether function stack tracking is enabled... no
checking for API tracing... yes
checking whether a memory checking tool will be used... no
checking whether internal memory allocation sanity checking is used... yes
checking for parallel support files... skipped
checking if the map API (H5M) is enabled... no
checking whether O_DIRECT is declared... yes
checking for posix_memalign... yes
checking if the direct I/O virtual file driver (VFD) is enabled... no
checking if the Read-Only S3 virtual file driver (VFD) is enabled... no
checking for libhdfs... suppressed
checking for custom examples path definition... ${prefix}/share/hdf5_examples
checking for custom plugin default path definition... /usr/local/hdf5/lib/plugin
checking whether exception handling functions is checked during data conversions... yes
checking whether data accuracy is guaranteed during data conversions... yes
checking if the machine has window style path name... no
checking if using special algorithm to convert long double to (unsigned) long values... no
checking if using special algorithm to convert (unsigned) long to long double values... no
checking if correctly converting long double to (unsigned) long long values... yes
checking if correctly converting (unsigned) long long to long double values... yes
checking if the system is IBM ppc64le and cannot correctly convert some long double values... no
checking additional programs should be built... no
checking if deprecated public symbols are available... yes
checking which version of public symbols to use by default... v112
checking whether to perform strict file format checks... yes
checking for pread... yes
checking for pwrite... yes
checking whether to use pread/pwrite instead of read/write in certain VFDs... yes
checking whether to have library information embedded in the executables... yes
checking if alignment restrictions are strictly enforced... no
configure: creating ./config.lt
config.lt: creating libtool
checking that generated files are newer than configure... done
configure: creating ./config.status
config.status: creating src/libhdf5.settings
config.status: creating Makefile
config.status: creating src/Makefile
config.status: creating test/Makefile
config.status: creating test/H5srcdir_str.h
config.status: creating test/testabort_fail.sh
config.status: creating test/testcheck_version.sh
config.status: creating test/testerror.sh
config.status: creating test/testexternal_env.sh
config.status: creating test/testflushrefresh.sh
config.status: creating test/testlibinfo.sh
config.status: creating test/testlinks_env.sh
config.status: creating test/testswmr.sh
config.status: creating test/testvds_env.sh
config.status: creating test/testvdsswmr.sh
config.status: creating test/test_filter_plugin.sh
config.status: creating test/test_usecases.sh
config.status: creating test/test_vol_plugin.sh
config.status: creating testpar/Makefile
config.status: creating testpar/testpflush.sh
config.status: creating tools/Makefile
config.status: creating tools/lib/Makefile
config.status: creating tools/libtest/Makefile
config.status: creating tools/src/Makefile
config.status: creating tools/src/h5dump/Makefile
config.status: creating tools/src/h5import/Makefile
config.status: creating tools/src/h5diff/Makefile
config.status: creating tools/src/h5jam/Makefile
config.status: creating tools/src/h5repack/Makefile
config.status: creating tools/src/h5ls/Makefile
config.status: creating tools/src/h5copy/Makefile
config.status: creating tools/src/misc/Makefile
config.status: creating tools/src/h5stat/Makefile
config.status: creating tools/test/Makefile
config.status: creating tools/test/h5dump/Makefile
config.status: creating tools/test/h5dump/h5dump_plugin.sh
config.status: creating tools/test/h5dump/testh5dump.sh
config.status: creating tools/test/h5dump/testh5dumppbits.sh
config.status: creating tools/test/h5dump/testh5dumpvds.sh
config.status: creating tools/test/h5dump/testh5dumpxml.sh
config.status: creating tools/test/h5ls/Makefile
config.status: creating tools/test/h5ls/h5ls_plugin.sh
config.status: creating tools/test/h5ls/testh5ls.sh
config.status: creating tools/test/h5ls/testh5lsvds.sh
config.status: creating tools/test/h5import/Makefile
config.status: creating tools/test/h5import/h5importtestutil.sh
config.status: creating tools/test/h5diff/Makefile
config.status: creating tools/test/h5diff/h5diff_plugin.sh
config.status: creating tools/test/h5diff/testh5diff.sh
config.status: creating tools/test/h5diff/testph5diff.sh
config.status: creating tools/src/h5format_convert/Makefile
config.status: creating tools/test/h5format_convert/Makefile
config.status: creating tools/test/h5format_convert/testh5fc.sh
config.status: creating tools/test/h5jam/Makefile
config.status: creating tools/test/h5jam/testh5jam.sh
config.status: creating tools/test/h5repack/Makefile
config.status: creating tools/test/h5repack/h5repack.sh
config.status: creating tools/test/h5repack/h5repack_plugin.sh
config.status: creating tools/test/h5copy/Makefile
config.status: creating tools/test/h5copy/testh5copy.sh
config.status: creating tools/test/misc/Makefile
config.status: creating tools/test/misc/testh5clear.sh
config.status: creating tools/test/misc/testh5mkgrp.sh
config.status: creating tools/test/misc/testh5repart.sh
config.status: creating tools/test/misc/vds/Makefile
config.status: creating tools/test/h5stat/Makefile
config.status: creating tools/test/h5stat/testh5stat.sh
config.status: creating tools/test/perform/Makefile
config.status: creating examples/Makefile
config.status: creating examples/run-c-ex.sh
config.status: creating examples/testh5cc.sh
config.status: creating bin/h5cc
config.status: creating bin/Makefile
config.status: creating c++/Makefile
config.status: creating c++/src/Makefile
config.status: creating c++/src/h5c++
config.status: creating c++/test/Makefile
config.status: creating c++/test/H5srcdir_str.h
config.status: creating c++/examples/Makefile
config.status: creating c++/examples/run-c++-ex.sh
config.status: creating c++/examples/testh5c++.sh
config.status: creating fortran/Makefile
config.status: creating fortran/src/h5fc
config.status: creating fortran/src/Makefile
config.status: creating fortran/src/H5fort_type_defines.h
config.status: creating fortran/test/Makefile
config.status: creating fortran/testpar/Makefile
config.status: creating fortran/examples/Makefile
config.status: creating fortran/examples/run-fortran-ex.sh
config.status: creating fortran/examples/testh5fc.sh
config.status: creating java/Makefile
config.status: creating java/src/Makefile
config.status: creating java/src/jni/Makefile
config.status: creating java/test/Makefile
config.status: creating java/test/junit.sh
config.status: creating java/examples/Makefile
config.status: creating java/examples/intro/Makefile
config.status: creating java/examples/intro/JavaIntroExample.sh
config.status: creating java/examples/datasets/Makefile
config.status: creating java/examples/datasets/JavaDatasetExample.sh
config.status: creating java/examples/datatypes/Makefile
config.status: creating java/examples/datatypes/JavaDatatypeExample.sh
config.status: creating java/examples/groups/Makefile
config.status: creating java/examples/groups/JavaGroupExample.sh
config.status: creating hl/Makefile
config.status: creating hl/src/Makefile
config.status: creating hl/test/Makefile
config.status: creating hl/test/H5srcdir_str.h
config.status: creating hl/tools/Makefile
config.status: creating hl/tools/gif2h5/Makefile
config.status: creating hl/tools/gif2h5/h52giftest.sh
config.status: creating hl/tools/h5watch/Makefile
config.status: creating hl/tools/h5watch/testh5watch.sh
config.status: creating hl/examples/Makefile
config.status: creating hl/examples/run-hlc-ex.sh
config.status: creating hl/c++/Makefile
config.status: creating hl/c++/src/Makefile
config.status: creating hl/c++/test/Makefile
config.status: creating hl/c++/examples/Makefile
config.status: creating hl/c++/examples/run-hlc++-ex.sh
config.status: creating hl/fortran/Makefile
config.status: creating hl/fortran/src/Makefile
config.status: creating hl/fortran/test/Makefile
config.status: creating hl/fortran/examples/Makefile
config.status: creating hl/fortran/examples/run-hlfortran-ex.sh
config.status: creating src/H5config.h
config.status: creating fortran/src/H5config_f.inc
config.status: executing pubconf commands
creating src/H5pubconf.h
Post process src/libhdf5.settings
config.status: executing depfiles commands
config.status: executing libtool commands
config.status: executing .classes commands
configure: WARNING: unrecognized options: --enable-fortran2003
	    SUMMARY OF THE HDF5 CONFIGURATION
	    =================================

General Information:
-------------------
                   HDF5 Version: 1.12.0
                  Configured on: Sat Jan 23 16:19:44 -03 2021
                  Configured by: lucas.t@titanio-login.cluster.titanio.ufabc.edu.br
                    Host system: x86_64-unknown-linux-gnu
              Uname information: Linux titanio-login.cluster.titanio.ufabc.edu.br 3.10.0-1062.12.1.el7.x86_64 #1 SMP Tue Feb 4 23:02:59 UTC 2020 x86_64 x86_64 x86_64 GNU/Linux
                       Byte sex: little-endian
             Installation point: /home/lucas.t/Cactus_tmp/configs/sim/scratch/external/HDF5

Compiling Options:
------------------
                     Build Mode: debug
              Debugging Symbols: yes
                        Asserts: yes
                      Profiling: no
             Optimization Level: debug

Linking Options:
----------------
                      Libraries: static
  Statically Linked Executables: 
                        LDFLAGS: -rdynamic -fcommon -fpermissive
                     H5_LDFLAGS: 
                     AM_LDFLAGS:  -L/usr/lib
                Extra libraries: -lz -ldl -lm 
                       Archiver: ar
                       AR_FLAGS: cr
                         Ranlib: ranlib

Languages:
----------
                              C: yes
                     C Compiler: /opt/ohpc/pub/compiler/gcc/8.3.0/bin/gcc ( gcc (GCC) 8.3.0)
                       CPPFLAGS:  -O3 -fopenmp -Wall
                    H5_CPPFLAGS: -D_GNU_SOURCE -D_POSIX_C_SOURCE=200809L   -UNDEBUG -DH5AC_DEBUG -DH5B2_DEBUG -DH5CX_DEBUG -DH5D_DEBUG -DH5F_DEBUG -DH5HL_DEBUG -DH5I_DEBUG -DH5O_DEBUG -DH5S_DEBUG -DH5ST_DEBUG -DH5T_DEBUG -DH5Z_DEBUG -DH5_DEBUG_API
                    AM_CPPFLAGS:  -I/usr/include
                        C Flags: -g -std=gnu11 -D_GNU_SOURCE -fcommon -O3 -fopenmp -Wall
                     H5 C Flags:  -std=c99  -Wall -Wcast-qual -Wconversion -Wextra -Wfloat-equal -Wformat=2 -Winit-self -Winvalid-pch -Wmissing-include-dirs -Wno-c++-compat -Wno-format-nonliteral -Wshadow -Wundef -Wwrite-strings -pedantic -Wbad-function-cast -Wcast-align -Wdeclaration-after-statement -Wdisabled-optimization -Wmissing-declarations -Wmissing-prototypes -Wnested-externs -Wold-style-definition -Wpacked -Wredundant-decls -Wstrict-prototypes -Wswitch-enum -Wswitch-default -Wunused-macros -Wunsafe-loop-optimizations -Wlogical-op -Wlarger-than=2560 -Wsync-nand -Wframe-larger-than=16384 -Wpacked-bitfield-compat -Wstrict-overflow=5 -Wjump-misses-init -Wunsuffixed-float-constants -Wdouble-promotion -Wtrampolines -Wstack-usage=8192 -Wvector-operation-performance -Wdate-time -Warray-bounds=2 -Wc99-c11-compat -Wnull-dereference -Wunused-const-variable -Wduplicated-cond -Whsa -Wnormalized -Walloc-zero -Walloca -Wduplicated-branches -Wformat-overflow=2 -Wformat-truncation=2 -Wimplicit-fallthrough=5 -Wrestrict -Wattribute-alias -Wcast-align=strict -Wshift-overflow=2 -ftrapv -fno-common -g -fno-omit-frame-pointer -Wno-aggregate-return -Wno-inline -Wno-missing-format-attribute -Wno-missing-noreturn -Wno-suggest-attribute=const -Wno-suggest-attribute=pure -Wno-suggest-attribute=noreturn -Wno-suggest-attribute=format -Wno-suggest-attribute=cold -Wno-suggest-attribute=malloc -Og
                     AM C Flags: 
               Shared C Library: no
               Static C Library: yes


                        Fortran: yes
               Fortran Compiler: /opt/ohpc/pub/compiler/gcc/8.3.0/bin/gfortran ( GNU Fortran (GCC) 8.3.0)
                  Fortran Flags: -g -fcray-pointer -ffixed-line-length-none -O3 -fopenmp -Wall
               H5 Fortran Flags:  -std=f2008  -pedantic -Wall -Wextra -Wunderflow -Wimplicit-interface -Wsurprising -Waliasing -Wcharacter-truncation -Warray-temporaries -Wintrinsics-std -Wimplicit-procedure -Wreal-q-constant -Wfunction-elimination -Wrealloc-lhs -Wrealloc-lhs-all -Wno-c-binding-type -Wuse-without-only -Winteger-division -Wfrontend-loop-interchange -fcheck=all -g -Og
               AM Fortran Flags: 
         Shared Fortran Library: no
         Static Fortran Library: yes

                            C++: no

                           Java: no


Features:
---------
                   Parallel HDF5: no
Parallel Filtered Dataset Writes: no
              Large Parallel I/O: no
              High-level library: yes
                Build HDF5 Tests: yes
                Build HDF5 Tools: yes
                    Threadsafety: no
             Default API mapping: v112
  With deprecated public symbols: yes
          I/O filters (external): deflate(zlib)
                             MPE: no
                   Map (H5M) API: no
                      Direct VFD: no
              (Read-Only) S3 VFD: no
            (Read-Only) HDFS VFD: no
                         dmalloc: no
  Packages w/ extra debug output: AC,B2,CX,D,F,HL,I,O,S,ST,T,Z
                     API tracing: yes
            Using memory checker: no
 Memory allocation sanity checks: yes
          Function stack tracing: no
       Strict file format checks: yes
    Optimization instrumentation: no
HDF5: Building...
Making all in src
  CC       H5.lo
  CC       H5checksum.lo
  CC       H5dbg.lo
  CC       H5make_libsettings.o
  CCLD     H5make_libsettings
  CC       H5lib_settings.lo
H5lib_settings.c:117:1: warning: string length '5140' is greater than the length '4095' ISO C99 compilers are required to support [-Woverlength-strings]
 ;
 ^
H5lib_settings.c:31:6: warning: size of 'H5libhdf5_settings' is 5141 bytes [-Wlarger-than=]
 char H5libhdf5_settings[]=
      ^~~~~~~~~~~~~~~~~~
  CC       H5system.lo
  CC       H5timer.lo
  CC       H5trace.lo
  CC       H5A.lo
  CC       H5Abtree2.lo
  CC       H5Adense.lo
  CC       H5Adeprec.lo
  CC       H5Aint.lo
  CC       H5Atest.lo
  CC       H5AC.lo
  CC       H5ACdbg.lo
  CC       H5ACproxy_entry.lo
  CC       H5B.lo
  CC       H5Bcache.lo
  CC       H5Bdbg.lo
  CC       H5B2.lo
  CC       H5B2cache.lo
  CC       H5B2dbg.lo
  CC       H5B2hdr.lo
  CC       H5B2int.lo
H5B2int.c: In function 'H5B2__iterate_node':
H5B2int.c:1530:68: warning: cast discards 'const' qualifier from pointer target type [-Wcast-qual]
         if(NULL == (internal = H5B2__protect_internal(hdr, parent, (H5B2_node_ptr_t *)curr_node, depth, FALSE, H5AC__READ_ONLY_FLAG))) /* Casting away const OK -QAK */
                                                                    ^
H5B2int.c:1549:60: warning: cast discards 'const' qualifier from pointer target type [-Wcast-qual]
         if(NULL == (leaf = H5B2__protect_leaf(hdr, parent, (H5B2_node_ptr_t *)curr_node, FALSE, H5AC__READ_ONLY_FLAG)))   /* Casting away const OK -QAK */
                                                            ^
H5B2int.c: In function 'H5B2__delete_node':
H5B2int.c:1640:68: warning: cast discards 'const' qualifier from pointer target type [-Wcast-qual]
         if(NULL == (internal = H5B2__protect_internal(hdr, parent, (H5B2_node_ptr_t *)curr_node, depth, FALSE, H5AC__NO_FLAGS_SET)))   /* Casting away const OK -QAK */
                                                                    ^
H5B2int.c:1657:60: warning: cast discards 'const' qualifier from pointer target type [-Wcast-qual]
         if(NULL == (leaf = H5B2__protect_leaf(hdr, parent, (H5B2_node_ptr_t *)curr_node, FALSE, H5AC__NO_FLAGS_SET)))     /* Casting away const OK -QAK */
                                                            ^
H5B2int.c: In function 'H5B2__node_size':
H5B2int.c:1716:64: warning: cast discards 'const' qualifier from pointer target type [-Wcast-qual]
     if(NULL == (internal = H5B2__protect_internal(hdr, parent, (H5B2_node_ptr_t *)curr_node, depth, FALSE, H5AC__READ_ONLY_FLAG)))     /* Casting away const OK -QAK */
                                                                ^
H5B2int.c: In function 'H5B2__update_flush_depend':
H5B2int.c:1819:77: warning: cast discards 'const' qualifier from pointer target type [-Wcast-qual]
             if(NULL == (child_int = H5B2__protect_internal(hdr, new_parent, (H5B2_node_ptr_t *)node_ptr, (uint16_t)(depth - 1), FALSE, H5AC__NO_FLAGS_SET)))      /* Casting away const OK -QAK */
                                                                             ^
H5B2int.c:1835:74: warning: cast discards 'const' qualifier from pointer target type [-Wcast-qual]
             if(NULL == (child_leaf = H5B2__protect_leaf(hdr, new_parent, (H5B2_node_ptr_t *)node_ptr, FALSE, H5AC__NO_FLAGS_SET)))    /* Casting away const OK -QAK */
                                                                          ^
  CC       H5B2internal.lo
  CC       H5B2leaf.lo
  CC       H5B2stat.lo
  CC       H5B2test.lo
  CC       H5C.lo
  CC       H5Cdbg.lo
  CC       H5Cepoch.lo
  CC       H5Cimage.lo
  CC       H5Clog.lo
  CC       H5Clog_json.lo
  CC       H5Clog_trace.lo
  CC       H5Cprefetched.lo
  CC       H5Cquery.lo
  CC       H5Ctag.lo
  CC       H5Ctest.lo
  CC       H5CS.lo
  CC       H5CX.lo
  CC       H5D.lo
  CC       H5Dbtree.lo
  CC       H5Dbtree2.lo
  CC       H5Dchunk.lo
H5Dchunk.c: In function 'H5D__chunk_io_init':
H5Dchunk.c:1132:60: warning: cast discards 'const' qualifier from pointer target type [-Wcast-qual]
     if((file_space_normalized = H5S_hyper_normalize_offset((H5S_t *)file_space, old_offset)) < 0)
                                                            ^
H5Dchunk.c:1169:41: warning: cast discards 'const' qualifier from pointer target type [-Wcast-qual]
         if(H5S_hyper_denormalize_offset((H5S_t *)file_space, old_offset) < 0)       /* (Casting away const OK -QAK) */
                                         ^
H5Dchunk.c: In function 'H5D__create_chunk_map_single':
H5Dchunk.c:1595:26: warning: cast discards 'const' qualifier from pointer target type [-Wcast-qual]
     chunk_info->mspace = (H5S_t *)fm->mem_space;
                          ^
H5Dchunk.c: In function 'H5D__create_chunk_file_map_hyper':
H5Dchunk.c:1878:40: warning: passing argument 1 of 'H5S_combine_hyperslab' discards 'const' qualifier from pointer target type [-Wdiscarded-qualifiers]
             if(H5S_combine_hyperslab(fm->file_space, H5S_SELECT_AND, coords, NULL, fm->chunk_dim, NULL, &tmp_fchunk) < 0)
                                      ~~^~~~~~~~~~~~
In file included from H5Dprivate.h:26,
                 from H5Dpkg.h:30,
                 from H5Dchunk.c:56:
H5Sprivate.h:283:44: note: expected 'H5S_t *' {aka 'struct H5S_t *'} but argument is of type 'const H5S_t *' {aka 'const struct H5S_t *'}
 H5_DLL herr_t H5S_combine_hyperslab(H5S_t *old_space, H5S_seloper_t op,
                                     ~~~~~~~^~~~~~~~~
H5Dchunk.c: In function 'H5D__create_chunk_mem_map_hyper':
H5Dchunk.c:2028:30: warning: cast discards 'const' qualifier from pointer target type [-Wcast-qual]
         chunk_info->mspace = (H5S_t *)fm->mem_space;
                              ^
H5Dchunk.c: In function 'H5D__create_chunk_mem_map_1d':
H5Dchunk.c:2151:30: warning: cast discards 'const' qualifier from pointer target type [-Wcast-qual]
         chunk_info->mspace = (H5S_t *)fm->mem_space;
                              ^
H5Dchunk.c: In function 'H5D__chunk_allocate':
H5Dchunk.c:4438:17: warning: cast discards 'const' qualifier from pointer target type [-Wcast-qual]
                 (void *)pline, (H5MM_free_t)H5D__chunk_mem_xfree, (void *)pline,
                 ^
H5Dchunk.c:4438:32: warning: cast between incompatible function types from 'void * (*)(void *, const void *)' to 'void (*)(void *, void *)' [-Wcast-function-type]
                 (void *)pline, (H5MM_free_t)H5D__chunk_mem_xfree, (void *)pline,
                                ^
H5Dchunk.c:4438:67: warning: cast discards 'const' qualifier from pointer target type [-Wcast-qual]
                 (void *)pline, (H5MM_free_t)H5D__chunk_mem_xfree, (void *)pline,
                                                                   ^
H5Dchunk.c:4487:22: warning: assignment discards 'const' qualifier from pointer target type [-Wdiscarded-qualifiers]
     idx_info.storage = sc;
                      ^
H5Dchunk.c: In function 'H5D__chunk_copy_cb':
H5Dchunk.c:6115:74: warning: passing argument 3 of 'H5O_copy_expand_ref' discards 'const' qualifier from pointer target type [-Wdiscarded-qualifiers]
             if(H5O_copy_expand_ref(udata->file_src, udata->tid_src, udata->dt_src, buf, nbytes, udata->idx_info_dst->f, bkg, udata->cpy_info) < 0)
                                                                     ~~~~~^~~~~~~~
In file included from H5Dprivate.h:25,
                 from H5Dpkg.h:30,
                 from H5Dchunk.c:56:
H5Oprivate.h:986:74: note: expected 'H5T_t *' {aka 'struct H5T_t *'} but argument is of type 'const H5T_t *' {aka 'const struct H5T_t *'}
 H5_DLL herr_t H5O_copy_expand_ref(H5F_t *file_src, hid_t tid_src, H5T_t *dt_src,
                                                                   ~~~~~~~^~~~~~
  CC       H5Dcompact.lo
  CC       H5Dcontig.lo
  CC       H5Ddbg.lo
  CC       H5Ddeprec.lo
  CC       H5Dearray.lo
  CC       H5Defl.lo
  CC       H5Dfarray.lo
  CC       H5Dfill.lo
  CC       H5Dint.lo
H5Dint.c: In function 'H5D__init_type':
H5Dint.c:633:30: warning: cast discards 'const' qualifier from pointer target type [-Wcast-qual]
         dset->shared->type = (H5T_t *)type; /* (Cast away const OK - QAK) */
                              ^
In file included from H5Dint.c:24:
H5Dint.c: In function 'H5D_nameof':
H5Dint.c:2253:49: warning: return discards 'const' qualifier from pointer target type [-Wdiscarded-qualifiers]
     FUNC_LEAVE_NOAPI(dataset ? &(dataset->path) : NULL)
H5private.h:2339:12: note: in definition of macro 'FUNC_LEAVE_NOAPI'
     return(ret_value);                                                        \
            ^~~~~~~~~
  CC       H5Dio.lo
H5Dio.c: In function 'H5D__read':
H5Dio.c:499:15: warning: cast discards 'const' qualifier from pointer target type [-Wcast-qual]
         buf = (void *)adj_buf;          /* Casting away 'const' OK -QAK */
               ^
  CC       H5Dlayout.lo
  CC       H5Dnone.lo
  CC       H5Doh.lo
  CC       H5Dscatgath.lo
  CC       H5Dselect.lo
  CC       H5Dsingle.lo
  CC       H5Dtest.lo
  CC       H5Dvirtual.lo
In file included from H5Dvirtual.c:55:
H5Dvirtual.c: In function 'H5D__virtual_build_source_name':
H5private.h:1345:27: warning: '%llu' directive output may be truncated writing between 1 and 20 bytes into a region of size 1 [-Wformat-truncation=]
     #define HDsnprintf    snprintf /*varargs*/
H5Dvirtual.c:1418:20: note: in expansion of macro 'HDsnprintf'
                 if(HDsnprintf(p, name_len_rem, "%llu", (long long unsigned)blockno) < 0)
                    ^~~~~~~~~~
H5private.h:1345:27: note: 'snprintf' output between 2 and 21 bytes into a destination of size 1
     #define HDsnprintf    snprintf /*varargs*/
H5Dvirtual.c:1418:20: note: in expansion of macro 'HDsnprintf'
                 if(HDsnprintf(p, name_len_rem, "%llu", (long long unsigned)blockno) < 0)
                    ^~~~~~~~~~
  CC       H5E.lo
  CC       H5Edeprec.lo
  CC       H5Eint.lo
H5Eint.c: In function 'H5E__clear_entries':
H5Eint.c:886:58: warning: cast discards 'const' qualifier from pointer target type [-Wcast-qual]
             error->func_name = (const char *) H5MM_xfree((void *)error->func_name);        /* Casting away const OK - QAK */
                                                          ^
H5Eint.c:888:58: warning: cast discards 'const' qualifier from pointer target type [-Wcast-qual]
             error->file_name = (const char *) H5MM_xfree((void *)error->file_name);        /* Casting away const OK - QAK */
                                                          ^
H5Eint.c:890:53: warning: cast discards 'const' qualifier from pointer target type [-Wcast-qual]
             error->desc = (const char *) H5MM_xfree((void *)error->desc);     /* Casting away const OK - QAK */
                                                     ^
  CC       H5EA.lo
  CC       H5EAcache.lo
  CC       H5EAdbg.lo
  CC       H5EAdblkpage.lo
  CC       H5EAdblock.lo
  CC       H5EAhdr.lo
  CC       H5EAiblock.lo
  CC       H5EAint.lo
  CC       H5EAsblock.lo
  CC       H5EAstat.lo
  CC       H5EAtest.lo
  CC       H5F.lo
  CC       H5Faccum.lo
  CC       H5Fcwfs.lo
  CC       H5Fdbg.lo
  CC       H5Fdeprec.lo
  CC       H5Fefc.lo
  CC       H5Ffake.lo
  CC       H5Fint.lo
  CC       H5Fio.lo
  CC       H5Fmount.lo
  CC       H5Fquery.lo
  CC       H5Fsfile.lo
  CC       H5Fspace.lo
  CC       H5Fsuper.lo
  CC       H5Fsuper_cache.lo
H5Fsuper_cache.c: In function 'H5F__cache_drvrinfo_get_final_load_size':
H5Fsuper_cache.c:892:45: warning: 'drvrinfo.len' may be used uninitialized in this function [-Wmaybe-uninitialized]
     *actual_len = H5F_DRVINFOBLOCK_HDR_SIZE + drvrinfo.len;
  CC       H5Ftest.lo
  CC       H5FA.lo
  CC       H5FAcache.lo
  CC       H5FAdbg.lo
  CC       H5FAdblock.lo
  CC       H5FAdblkpage.lo
  CC       H5FAhdr.lo
  CC       H5FAint.lo
  CC       H5FAstat.lo
  CC       H5FAtest.lo
  CC       H5FD.lo
H5FD.c: In function 'H5FD_fapl_close':
H5FD.c:594:40: warning: cast discards 'const' qualifier from pointer target type [-Wcast-qual]
                 if((driver->fapl_free)((void *)driver_info) < 0)        /* Casting away const OK -QAK */
                                        ^
H5FD.c:598:42: warning: cast discards 'const' qualifier from pointer target type [-Wcast-qual]
                 driver_info = H5MM_xfree((void *)driver_info);        /* Casting away const OK -QAK */
                                          ^
  CC       H5FDcore.lo
  CC       H5FDfamily.lo
  CC       H5FDhdfs.lo
  CC       H5FDint.lo
  CC       H5FDlog.lo
H5FDlog.c: In function 'H5FD_log_open':
H5FDlog.c:638:95: warning: 'stat_timeval_diff.tv_usec' may be used uninitialized in this function [-Wmaybe-uninitialized]
             HDfprintf(file->logfp, "Stat took: (%f s)\n", (double)stat_timeval_diff.tv_sec + ((double)stat_timeval_diff.tv_usec / (double)1000000.0f));
                                                                                               ^~~~~~~~~~~~~~~~~~~~~~~~~~~~~~~~~
H5FDlog.c:638:59: warning: 'stat_timeval_diff.tv_sec' may be used uninitialized in this function [-Wmaybe-uninitialized]
             HDfprintf(file->logfp, "Stat took: (%f s)\n", (double)stat_timeval_diff.tv_sec + ((double)stat_timeval_diff.tv_usec / (double)1000000.0f));
                                                           ^~~~~~~~~~~~~~~~~~~~~~~~~~~~~~~~
H5FDlog.c:636:95: warning: 'open_timeval_diff.tv_usec' may be used uninitialized in this function [-Wmaybe-uninitialized]
             HDfprintf(file->logfp, "Open took: (%f s)\n", (double)open_timeval_diff.tv_sec + ((double)open_timeval_diff.tv_usec / (double)1000000.0f));
                                                                                               ^~~~~~~~~~~~~~~~~~~~~~~~~~~~~~~~~
H5FDlog.c:636:59: warning: 'open_timeval_diff.tv_sec' may be used uninitialized in this function [-Wmaybe-uninitialized]
             HDfprintf(file->logfp, "Open took: (%f s)\n", (double)open_timeval_diff.tv_sec + ((double)open_timeval_diff.tv_usec / (double)1000000.0f));
                                                           ^~~~~~~~~~~~~~~~~~~~~~~~~~~~~~~~
  CC       H5FDmulti.lo
  CC       H5FDsec2.lo
  CC       H5FDspace.lo
  CC       H5FDstdio.lo
  CC       H5FDtest.lo
  CC       H5FL.lo
  CC       H5FO.lo
  CC       H5FS.lo
  CC       H5FScache.lo
  CC       H5FSdbg.lo
  CC       H5FSint.lo
  CC       H5FSsection.lo
  CC       H5FSstat.lo
  CC       H5FStest.lo
  CC       H5G.lo
  CC       H5Gbtree2.lo
  CC       H5Gcache.lo
  CC       H5Gcompact.lo
  CC       H5Gdense.lo
  CC       H5Gdeprec.lo
  CC       H5Gent.lo
H5Gent.c: In function 'H5G__ent_copy':
H5Gent.c:343:24: warning: cast discards 'const' qualifier from pointer target type [-Wcast-qual]
         H5G__ent_reset((H5G_entry_t *)src);
                        ^
  CC       H5Gint.lo
In file included from H5Gint.c:35:
H5Gint.c: In function 'H5G_nameof':
H5Gint.c:587:41: warning: return discards 'const' qualifier from pointer target type [-Wdiscarded-qualifiers]
     FUNC_LEAVE_NOAPI(grp ? &(grp->path) : NULL)
H5private.h:2339:12: note: in definition of macro 'FUNC_LEAVE_NOAPI'
     return(ret_value);                                                        \
            ^~~~~~~~~
  CC       H5Glink.lo
  CC       H5Gloc.lo
H5Gloc.c: In function 'H5G__loc_insert':
H5Gloc.c:607:16: warning: cast discards 'const' qualifier from pointer target type [-Wcast-qual]
     lnk.name = (char *)name;
                ^
H5Gloc.c: In function 'H5G__loc_set_comment_cb':
H5Gloc.c:967:21: warning: cast discards 'const' qualifier from pointer target type [-Wcast-qual]
         comment.s = (char *)udata->comment;
                     ^
  CC       H5Gname.lo
H5Gname.c: In function 'H5G_name_copy':
H5Gname.c:535:24: warning: cast discards 'const' qualifier from pointer target type [-Wcast-qual]
         H5G_name_reset((H5G_name_t *)src);
                        ^
  CC       H5Gnode.lo
H5Gnode.c: In function 'H5G__node_copy':
H5Gnode.c:1269:28: warning: cast discards 'const' qualifier from pointer target type [-Wcast-qual]
             grp_loc.oloc = (H5O_loc_t *)src_oloc;
                            ^
  CC       H5Gobj.lo
H5Gobj.c: In function 'H5G__obj_create_real':
H5Gobj.c:265:67: warning: cast discards 'const' qualifier from pointer target type [-Wcast-qual]
         if(H5O_msg_create(oloc, H5O_LINFO_ID, 0, H5O_UPDATE_TIME, (void *)linfo) < 0)
                                                                   ^
H5Gobj.c:270:73: warning: cast discards 'const' qualifier from pointer target type [-Wcast-qual]
         if(H5O_msg_create(oloc, H5O_GINFO_ID, H5O_MSG_FLAG_CONSTANT, 0, (void *)ginfo) < 0)
                                                                         ^
H5Gobj.c:276:77: warning: cast discards 'const' qualifier from pointer target type [-Wcast-qual]
             if(H5O_msg_create(oloc, H5O_PLINE_ID, H5O_MSG_FLAG_CONSTANT, 0, (void *)pline) < 0)
                                                                             ^
H5Gobj.c: In function 'H5G_obj_stab_to_new_cb':
H5Gobj.c:426:51: warning: cast discards 'const' qualifier from pointer target type [-Wcast-qual]
     if(H5G_obj_insert(udata->grp_oloc, lnk->name, (H5O_link_t *)lnk, FALSE, H5O_TYPE_UNKNOWN, NULL) < 0)
                                                   ^
  CC       H5Goh.lo
  CC       H5Groot.lo
  CC       H5Gstab.lo
  CC       H5Gtest.lo
  CC       H5Gtraverse.lo
H5Gtraverse.c: In function 'H5G__traverse_real':
H5Gtraverse.c:732:52: warning: cast discards 'const' qualifier from pointer target type [-Wcast-qual]
                     if(H5O_msg_reset(H5O_GINFO_ID, (void *)ginfo) < 0)
                                                    ^
H5Gtraverse.c:736:52: warning: cast discards 'const' qualifier from pointer target type [-Wcast-qual]
                     if(H5O_msg_reset(H5O_LINFO_ID, (void *)linfo) < 0)
                                                    ^
H5Gtraverse.c:740:52: warning: cast discards 'const' qualifier from pointer target type [-Wcast-qual]
                     if(H5O_msg_reset(H5O_PLINE_ID, (void *)pline) < 0)
                                                    ^
  CC       H5HF.lo
H5HF.c: In function 'H5HF_op_write':
H5HF.c:134:17: warning: cast discards 'const' qualifier from pointer target type [-Wcast-qual]
     H5MM_memcpy((void *)obj, op_data, obj_len);    /* Casting away const OK -QAK */
                 ^
H5HF.c: In function 'H5HF_insert':
H5HF.c:378:41: warning: cast discards 'const' qualifier from pointer target type [-Wcast-qual]
         if(H5HF__huge_insert(hdr, size, (void *)obj, id) < 0)
                                         ^
  CC       H5HFbtree2.lo
  CC       H5HFcache.lo
H5HFcache.c: In function 'H5HF__cache_hdr_serialize':
H5HFcache.c:772:12: warning: assignment discards 'const' qualifier from pointer target type [-Wdiscarded-qualifiers]
     hdr->f = f;
            ^
H5HFcache.c: In function 'H5HF__cache_iblock_serialize':
H5HFcache.c:1362:12: warning: assignment discards 'const' qualifier from pointer target type [-Wdiscarded-qualifiers]
     hdr->f = f;
            ^
H5HFcache.c: In function 'H5HF__cache_dblock_verify_chksum':
H5HFcache.c:1691:20: warning: cast discards 'const' qualifier from pointer target type [-Wcast-qual]
         read_buf = (void *)image;       /* Casting away const OK - QAK */
                    ^
  CC       H5HFdbg.lo
  CC       H5HFdblock.lo
  CC       H5HFdtable.lo
  CC       H5HFhdr.lo
  CC       H5HFhuge.lo
  CC       H5HFiblock.lo
  CC       H5HFiter.lo
  CC       H5HFman.lo
H5HFman.c: In function 'H5HF__man_write':
H5HFman.c:505:50: warning: cast discards 'const' qualifier from pointer target type [-Wcast-qual]
     if(H5HF__man_op_real(hdr, id, H5HF_op_write, (void *)obj, H5HF_OP_MODIFY) < 0)
                                                  ^
  CC       H5HFsection.lo
  CC       H5HFspace.lo
  CC       H5HFstat.lo
  CC       H5HFtest.lo
  CC       H5HFtiny.lo
H5HFtiny.c: In function 'H5HF_tiny_remove':
H5HFtiny.c:380:12: warning: 'enc_obj_size' may be used uninitialized in this function [-Wmaybe-uninitialized]
     size_t enc_obj_size;                /* Encoded object size */
            ^~~~~~~~~~~~
  CC       H5HG.lo
  CC       H5HGcache.lo
  CC       H5HGdbg.lo
  CC       H5HGquery.lo
  CC       H5HL.lo
  CC       H5HLcache.lo
  CC       H5HLdbg.lo
  CC       H5HLint.lo
  CC       H5HLprfx.lo
  CC       H5HLdblk.lo
  CC       H5HP.lo
  CC       H5I.lo
H5I.c: In function 'H5I__clear_type_cb':
H5I.c:610:81: warning: cast discards 'const' qualifier from pointer target type [-Wcast-qual]
         if(udata->type_ptr->cls->free_func && (udata->type_ptr->cls->free_func)((void *)id->obj_ptr) < 0) { /* (Casting away const OK -QAK) */
                                                                                 ^
In file included from H5I.c:38:
H5I.c: In function 'H5I__destroy_type':
H5I.c:716:48: warning: cast discards 'const' qualifier from pointer target type [-Wcast-qual]
         type_ptr->cls = H5FL_FREE(H5I_class_t, (void *)type_ptr->cls);
                                                ^
H5FLprivate.h:130:65: note: in definition of macro 'H5FL_FREE'
 #define H5FL_FREE(t,obj) (t *)H5FL_reg_free(&(H5FL_REG_NAME(t)),obj)
                                                                 ^~~
H5I.c: In function 'H5I_subst':
H5I.c:912:17: warning: cast discards 'const' qualifier from pointer target type [-Wcast-qual]
     ret_value = (void *)id_ptr->obj_ptr;        /* (Casting away const OK -QAK) */
                 ^
H5I.c: In function 'H5I_object':
H5I.c:945:21: warning: cast discards 'const' qualifier from pointer target type [-Wcast-qual]
         ret_value = (void *)id_ptr->obj_ptr;        /* (Casting away const OK -QAK) */
                     ^
H5I.c: In function 'H5I_object_verify':
H5I.c:1014:21: warning: cast discards 'const' qualifier from pointer target type [-Wcast-qual]
         ret_value = (void *)id_ptr->obj_ptr;        /* (Casting away const OK -QAK) */
                     ^
H5I.c: In function 'H5I__remove_common':
H5I.c:1238:17: warning: cast discards 'const' qualifier from pointer target type [-Wcast-qual]
     ret_value = (void *)curr_id->obj_ptr;       /* (Casting away const OK -QAK) */
                 ^
H5I.c: In function 'H5I_dec_ref':
H5I.c:1376:68: warning: cast discards 'const' qualifier from pointer target type [-Wcast-qual]
         if(!type_ptr->cls->free_func || (type_ptr->cls->free_func)((void *)id_ptr->obj_ptr) >= 0) {
                                                                    ^
H5I.c: In function 'H5I__iterate_cb':
H5I.c:2083:31: warning: cast discards 'const' qualifier from pointer target type [-Wcast-qual]
         obj_ptr = H5I__unwrap((void *)item->obj_ptr, type);
                               ^
H5I.c: In function 'H5I__find_id_cb':
H5I.c:2316:31: warning: passing argument 1 of 'H5I__unwrap' discards 'const' qualifier from pointer target type [-Wdiscarded-qualifiers]
     obj_ptr = H5I__unwrap(item->obj_ptr, type);
                           ~~~~^~~~~~~~~
H5I.c:473:19: note: expected 'void *' but argument is of type 'const void *'
 H5I__unwrap(void *obj_ptr, H5I_type_t type)
             ~~~~~~^~~~~~~
H5I.c: In function 'H5I__id_dump_cb':
H5I.c:2426:51: warning: cast discards 'const' qualifier from pointer target type [-Wcast-qual]
             obj_ptr = (void *)H5T_get_actual_type((H5T_t *)dt); /* Casting away const OK - QAK */
                                                   ^
  CC       H5Itest.lo
  CC       H5L.lo
H5L.c: In function 'H5L__link_cb':
H5L.c:1884:24: warning: cast discards 'const' qualifier from pointer target type [-Wcast-qual]
     udata->lnk->name = (char *)name;
                        ^
H5L.c: In function 'H5L__move_dest_cb':
H5L.c:2676:24: warning: cast discards 'const' qualifier from pointer target type [-Wcast-qual]
     udata->lnk->name = (char *)name;
                        ^
H5L.c: In function 'H5L__link_copy_file':
H5L.c:3431:28: warning: cast discards 'const' qualifier from pointer target type [-Wcast-qual]
         lnk_grp_loc.oloc = (H5O_loc_t *)src_oloc;    /* Casting away const OK -QAK */
                            ^
  CC       H5Ldeprec.lo
  CC       H5Lexternal.lo
  CC       H5M.lo
  CC       H5MF.lo
  CC       H5MFaggr.lo
  CC       H5MFdbg.lo
  CC       H5MFsection.lo
  CC       H5MM.lo
  CC       H5MP.lo
  CC       H5MPtest.lo
  CC       H5O.lo
H5O.c: In function 'H5Olink':
H5O.c:360:8: warning: potential null pointer dereference [-Wnull-dereference]
     if(H5VL_link_create(H5VL_LINK_CREATE_HARD, &tmp_vol_obj, &loc_params2, lcpl_id, lapl_id, H5P_DATASET_XFER_DEFAULT, H5_REQUEST_NULL, vol_obj1->data, &loc_params1) < 0)
        ^~~~~~~~~~~~~~~~~~~~~~~~~~~~~~~~~~~~~~~~~~~~~~~~~~~~~~~~~~~~~~~~~~~~~~~~~~~~~~~~~~~~~~~~~~~~~~~~~~~~~~~~~~~~~~~~~~~~~~~~~~~~~~~~~~~~~~~~~~~~~~~~~~~~~~~~~~~~~~
  CC       H5Odeprec.lo
  CC       H5Oainfo.lo
  CC       H5Oalloc.lo
  CC       H5Oattr.lo
  CC       H5Oattribute.lo
  CC       H5Obogus.lo
  CC       H5Obtreek.lo
  CC       H5Ocache.lo
H5Ocache.c: In function 'H5O__chunk_deserialize':
H5Ocache.c:1466:25: warning: cast discards 'const' qualifier from pointer target type [-Wcast-qual]
             mesg->raw = (uint8_t *)chunk_image;        /* Casting away const OK - QAK */
                         ^
H5Ocache.c: In function 'H5O__chunk_serialize':
H5Ocache.c:1669:30: warning: cast discards 'const' qualifier from pointer target type [-Wcast-qual]
             if(H5O_msg_flush((H5F_t *)f, oh, curr_msg) < 0)
                              ^
  CC       H5Ocache_image.lo
  CC       H5Ochunk.lo
  CC       H5Ocont.lo
  CC       H5Ocopy.lo
  CC       H5Ocopy_ref.lo
  CC       H5Odbg.lo
  CC       H5Odrvinfo.lo
  CC       H5Odtype.lo
  CC       H5Oefl.lo
  CC       H5Ofill.lo
  CC       H5Oflush.lo
  CC       H5Ofsinfo.lo
  CC       H5Oginfo.lo
  CC       H5Oint.lo
  CC       H5Olayout.lo
  CC       H5Olinfo.lo
  CC       H5Olink.lo
  CC       H5Omessage.lo
  CC       H5Omtime.lo
  CC       H5Oname.lo
  CC       H5Onull.lo
  CC       H5Opline.lo
  CC       H5Orefcount.lo
  CC       H5Osdspace.lo
  CC       H5Oshared.lo
  CC       H5Oshmesg.lo
  CC       H5Ostab.lo
  CC       H5Otest.lo
  CC       H5Ounknown.lo
  CC       H5P.lo
  CC       H5Pacpl.lo
  CC       H5Pdapl.lo
  CC       H5Pdcpl.lo
  CC       H5Pdeprec.lo
  CC       H5Pdxpl.lo
  CC       H5Pencdec.lo
  CC       H5Pfapl.lo
H5Pfapl.c: In function 'H5P__file_driver_free':
H5Pfapl.c:1170:44: warning: cast discards 'const' qualifier from pointer target type [-Wcast-qual]
                     if((driver->fapl_free)((void *)info->driver_info) < 0)      /* Casting away const OK -QAK */
                                            ^
H5Pfapl.c:1174:32: warning: cast discards 'const' qualifier from pointer target type [-Wcast-qual]
                     H5MM_xfree((void *)info->driver_info);      /* Casting away const OK -QAK */
                                ^
H5Pfapl.c: In function 'H5P_set_vol':
H5Pfapl.c:5410:35: warning: cast discards 'const' qualifier from pointer target type [-Wcast-qual]
         vol_prop.connector_info = (void *)vol_info;
                                   ^
  CC       H5Pfcpl.lo
  CC       H5Pfmpl.lo
  CC       H5Pgcpl.lo
  CC       H5Pint.lo
  CC       H5Plapl.lo
  CC       H5Plcpl.lo
  CC       H5Pmapl.lo
  CC       H5Pmcpl.lo
  CC       H5Pocpl.lo
  CC       H5Pocpypl.lo
  CC       H5Pstrcpl.lo
  CC       H5Ptest.lo
  CC       H5PB.lo
  CC       H5PL.lo
  CC       H5PLint.lo
  CC       H5PLpath.lo
  CC       H5PLplugin_cache.lo
  CC       H5R.lo
  CC       H5Rdeprec.lo
  CC       H5Rint.lo
  CC       H5UC.lo
  CC       H5RS.lo
H5RS.c: In function 'H5RS_wrap':
H5RS.c:151:20: warning: cast discards 'const' qualifier from pointer target type [-Wcast-qual]
     ret_value->s = (char *)s;
                    ^
  CC       H5S.lo
  CC       H5Sall.lo
  CC       H5Sdbg.lo
  CC       H5Sdeprec.lo
  CC       H5Shyper.lo
H5Shyper.c: In function 'H5S__hyper_iter_init':
H5Shyper.c:603:28: warning: cast discards 'const' qualifier from pointer target type [-Wcast-qual]
         H5S__hyper_rebuild((H5S_t *)space);     /* Casting away const OK -NAF */
                            ^
H5Shyper.c: In function 'H5S__hyper_is_regular':
H5Shyper.c:5363:28: warning: cast discards 'const' qualifier from pointer target type [-Wcast-qual]
         H5S__hyper_rebuild((H5S_t *)space);     /* Casting away const OK -NAF */
                            ^
H5Shyper.c: In function 'H5S__hyper_shape_same':
H5Shyper.c:5629:28: warning: cast discards 'const' qualifier from pointer target type [-Wcast-qual]
         H5S__hyper_rebuild((H5S_t *)space1);    /* Casting away const OK -QAK */
                            ^
H5Shyper.c:5631:28: warning: cast discards 'const' qualifier from pointer target type [-Wcast-qual]
         H5S__hyper_rebuild((H5S_t *)space2);    /* Casting away const OK -QAK */
                            ^
H5Shyper.c:5676:42: warning: cast discards 'const' qualifier from pointer target type [-Wcast-qual]
             if(H5S__hyper_generate_spans((H5S_t *)space1) < 0)  /* Casting away const OK -QAK */
                                          ^
H5Shyper.c:5679:42: warning: cast discards 'const' qualifier from pointer target type [-Wcast-qual]
             if(H5S__hyper_generate_spans((H5S_t *)space2) < 0)  /* Casting away const OK -QAK */
                                          ^
H5Shyper.c: In function 'H5S__hyper_intersect_block':
H5Shyper.c:6300:28: warning: cast discards 'const' qualifier from pointer target type [-Wcast-qual]
         H5S__hyper_rebuild((H5S_t *)space);     /* Casting away const OK -QAK */
                            ^
H5Shyper.c: In function 'H5S__hyper_proj_int_iterate':
H5Shyper.c:11431:74: warning: cast discards 'const' qualifier from pointer target type [-Wcast-qual]
         H5S_HYPER_PROJ_INT_ADD_SKIP(udata, H5S__hyper_spans_nelem_helper((H5S_hyper_span_info_t *)ss_span_info, 0, udata->op_gen) * count, FAIL); /* Casting away const OK -NAF */
                                                                          ^
H5Shyper.c:74:27: note: in definition of macro 'H5S_HYPER_PROJ_INT_ADD_SKIP'
         (UDATA)->skip += (ADD);                                 \
                           ^~~
H5Shyper.c: In function 'H5S__hyper_project_intersection':
H5Shyper.c:11520:42: warning: cast discards 'const' qualifier from pointer target type [-Wcast-qual]
             if(H5S__hyper_generate_spans((H5S_t *)src_space) < 0)  /* Casting away const OK -NAF */
                                          ^
H5Shyper.c:11540:42: warning: cast discards 'const' qualifier from pointer target type [-Wcast-qual]
             if(H5S__hyper_generate_spans((H5S_t *)dst_space) < 0)  /* Casting away const OK -NAF */
                                          ^
H5Shyper.c:11558:38: warning: cast discards 'const' qualifier from pointer target type [-Wcast-qual]
         if(H5S__hyper_generate_spans((H5S_t *)src_intersect_space) < 0)  /* Casting away const OK -NAF */
                                      ^
  CC       H5Snone.lo
  CC       H5Spoint.lo
  CC       H5Sselect.lo
H5Sselect.c: In function 'H5S_select_project_intersection':
H5Sselect.c:2604:20: warning: size of 'ss_iter' is 3160 bytes [-Wlarger-than=]
     H5S_sel_iter_t ss_iter;             /* Selection iterator for src_space */
                    ^~~~~~~
H5Sselect.c:2606:20: warning: size of 'ds_iter' is 3160 bytes [-Wlarger-than=]
     H5S_sel_iter_t ds_iter;             /* Selection iterator for dst_space */
                    ^~~~~~~
  CC       H5Stest.lo
  CC       H5SL.lo
H5SL.c: In function 'H5SL_release_common':
H5SL.c:896:36: warning: cast discards 'const' qualifier from pointer target type [-Wcast-qual]
             (void)(op)(node->item, (void *)node->key, op_data);
                                    ^
H5SL.c: In function 'H5SL_iterate':
H5SL.c:2210:46: warning: cast discards 'const' qualifier from pointer target type [-Wcast-qual]
             if((ret_value = (op)(node->item, (void *)node->key, op_data)) != 0)
                                              ^
H5SL.c: In function 'H5SL_try_free_safe':
H5SL.c:2369:44: warning: cast discards 'const' qualifier from pointer target type [-Wcast-qual]
             if((op_ret = (op)(node->item , (void *)node->key, op_data)) < 0)
                                            ^
H5SL.c: In function 'H5SL_remove':
H5SL.c:405:21: warning: potential null pointer dereference [-Wnull-dereference]
                 if(X->forward[_i] == _next) {                                  \
                     ^
H5SL.c:1222:13: note: in expansion of macro 'H5SL_REMOVE'
             H5SL_REMOVE(SCALAR, slist, x, const int, key, -)
             ^~~~~~~~~~~
H5SL.c:405:21: warning: potential null pointer dereference [-Wnull-dereference]
                 if(X->forward[_i] == _next) {                                  \
                     ^
H5SL.c:1226:13: note: in expansion of macro 'H5SL_REMOVE'
             H5SL_REMOVE(SCALAR, slist, x, const haddr_t, key, -)
             ^~~~~~~~~~~
H5SL.c:405:21: warning: potential null pointer dereference [-Wnull-dereference]
                 if(X->forward[_i] == _next) {                                  \
                     ^
H5SL.c:1230:13: note: in expansion of macro 'H5SL_REMOVE'
             H5SL_REMOVE(STRING, slist, x, char *, key, hashval)
             ^~~~~~~~~~~
H5SL.c:405:21: warning: potential null pointer dereference [-Wnull-dereference]
                 if(X->forward[_i] == _next) {                                  \
                     ^
H5SL.c:1234:13: note: in expansion of macro 'H5SL_REMOVE'
             H5SL_REMOVE(SCALAR, slist, x, const hsize_t, key, -)
             ^~~~~~~~~~~
H5SL.c:405:21: warning: potential null pointer dereference [-Wnull-dereference]
                 if(X->forward[_i] == _next) {                                  \
                     ^
H5SL.c:1238:13: note: in expansion of macro 'H5SL_REMOVE'
             H5SL_REMOVE(SCALAR, slist, x, const unsigned, key, -)
             ^~~~~~~~~~~
H5SL.c:405:21: warning: potential null pointer dereference [-Wnull-dereference]
                 if(X->forward[_i] == _next) {                                  \
                     ^
H5SL.c:1242:13: note: in expansion of macro 'H5SL_REMOVE'
             H5SL_REMOVE(SCALAR, slist, x, const size_t, key, -)
             ^~~~~~~~~~~
H5SL.c:405:21: warning: potential null pointer dereference [-Wnull-dereference]
                 if(X->forward[_i] == _next) {                                  \
                     ^
H5SL.c:1246:13: note: in expansion of macro 'H5SL_REMOVE'
             H5SL_REMOVE(OBJ, slist, x, const H5_obj_t, key, -)
             ^~~~~~~~~~~
H5SL.c:405:21: warning: potential null pointer dereference [-Wnull-dereference]
                 if(X->forward[_i] == _next) {                                  \
                     ^
H5SL.c:1250:13: note: in expansion of macro 'H5SL_REMOVE'
             H5SL_REMOVE(SCALAR, slist, x, const hid_t, key, -)
             ^~~~~~~~~~~
In file included from H5SL.c:64:
H5SL.c: In function 'H5SL_search':
H5private.h:2339:11: warning: 'ret_value' may be used uninitialized in this function [-Wmaybe-uninitialized]
     return(ret_value);                                                        \
           ^
H5SL.c:1397:11: note: 'ret_value' was declared here
     void *ret_value;                            /* Return value */
           ^~~~~~~~~
In file included from H5SL.c:64:
H5SL.c: In function 'H5SL_find':
H5private.h:2339:11: warning: 'ret_value' may be used uninitialized in this function [-Wmaybe-uninitialized]
     return(ret_value);                                                        \
           ^
H5SL.c:1698:18: note: 'ret_value' was declared here
     H5SL_node_t *ret_value;                     /* Return value */
                  ^~~~~~~~~
  CC       H5SM.lo
H5SM.c: In function 'H5SM_get_index':
H5SM.c:329:41: warning: 'type_flag' may be used uninitialized in this function [-Wmaybe-uninitialized]
         if(table->indexes[x].mesg_types & type_flag)
            ~~~~~~~~~~~~~~~~~~~~~~~~~~~~~^~~~~~~~~~~
H5SM.c: In function 'H5SM_type_shared':
H5SM.c:384:41: warning: 'type_flag' may be used uninitialized in this function [-Wmaybe-uninitialized]
         if(table->indexes[u].mesg_types & type_flag)
            ~~~~~~~~~~~~~~~~~~~~~~~~~~~~~^~~~~~~~~~~
  CC       H5SMbtree2.lo
  CC       H5SMcache.lo
  CC       H5SMmessage.lo
  CC       H5SMtest.lo
  CC       H5ST.lo
  CC       H5T.lo
H5T.c: In function 'H5T_nameof':
H5T.c:5375:23: warning: assignment discards 'const' qualifier from pointer target type [-Wdiscarded-qualifiers]
             ret_value = &(dt->path);
                       ^
  CC       H5Tarray.lo
  CC       H5Tbit.lo
  CC       H5Tcommit.lo
  CC       H5Tcompound.lo
  CC       H5Tconv.lo
  CC       H5Tcset.lo
  CC       H5Tdbg.lo
  CC       H5Tdeprec.lo
  CC       H5Tenum.lo
  CC       H5Tfields.lo
  CC       H5Tfixed.lo
  CC       H5Tfloat.lo
  CC       H5detect.o
  CCLD     H5detect
                                                                                                                                                                                                                                                                                                                                                                                                                                                                                                                                                                                                                                                                       CC       H5Tinit.lo
  CC       H5Tnative.lo
  CC       H5Toffset.lo
  CC       H5Toh.lo
  CC       H5Topaque.lo
  CC       H5Torder.lo
  CC       H5Tref.lo
H5Tref.c: In function 'H5T__ref_disk_isnull':
H5Tref.c:672:41: warning: cast discards 'const' qualifier from pointer target type [-Wcast-qual]
         if(H5VL_blob_specific(src_file, (void *)p, H5VL_BLOB_ISNULL, isnull) < 0)
                                         ^
  CC       H5Tpad.lo
  CC       H5Tprecis.lo
  CC       H5Tstrpad.lo
  CC       H5Tvisit.lo
  CC       H5Tvlen.lo
H5Tvlen.c: In function 'H5T__vlen_disk_delete':
H5Tvlen.c:1030:41: warning: cast discards 'const' qualifier from pointer target type [-Wcast-qual]
             if(H5VL_blob_specific(file, (void *)vl, H5VL_BLOB_DELETE) < 0)   /* Casting away 'const' OK -QAK */
                                         ^
  CC       H5TS.lo
  CC       H5VL.lo
  CC       H5VLcallback.lo
  CC       H5VLint.lo
H5VLint.c: In function 'H5VL__free_cls':
H5VLint.c:321:16: warning: cast discards 'const' qualifier from pointer target type [-Wcast-qual]
     H5MM_xfree((void *)cls->name);      /* Casting away const OK -QAK */
                ^
H5VLint.c: In function 'H5VL_register_connector':
H5VLint.c:1147:24: warning: cast discards 'const' qualifier from pointer target type [-Wcast-qual]
             H5MM_xfree((void *)(saved->name));  /* Casting away const OK -QAK */
                        ^
  CC       H5VLnative.lo
  CC       H5VLnative_attr.lo
  CC       H5VLnative_blob.lo
  CC       H5VLnative_dataset.lo
  CC       H5VLnative_datatype.lo
  CC       H5VLnative_file.lo
  CC       H5VLnative_group.lo
  CC       H5VLnative_link.lo
  CC       H5VLnative_introspect.lo
  CC       H5VLnative_object.lo
  CC       H5VLnative_token.lo
  CC       H5VLpassthru.lo
  CC       H5VM.lo
  CC       H5WB.lo
  CC       H5Z.lo
  CC       H5Zdeflate.lo
  CC       H5Zfletcher32.lo
  CC       H5Znbit.lo
  CC       H5Zshuffle.lo
  CC       H5Zscaleoffset.lo
  CC       H5Zszip.lo
  CC       H5Ztrans.lo
  CCLD     libhdf5.la
Making all in test
  CC       h5test.lo
In file included from h5test.c:25:
h5test.c: In function 'h5_make_local_copy':
H5srcdir.h:62:71: warning: 'snprintf' output may be truncated before the last format character [-Wformat-truncation=]
             HDsnprintf(srcdir_testpath, sizeof(srcdir_testpath), "%s%s", srcdir, filename);
                                                                       ^
In file included from h5test.h:28,
                 from h5test.c:24:
../src/H5private.h:1345:27: note: 'snprintf' output 1 or more bytes (assuming 1025) into a destination of size 1024
     #define HDsnprintf    snprintf /*varargs*/
H5srcdir.h:62:13: note: in expansion of macro 'HDsnprintf'
             HDsnprintf(srcdir_testpath, sizeof(srcdir_testpath), "%s%s", srcdir, filename);
             ^~~~~~~~~~
  CC       testframe.lo
  CC       cache_common.lo
cache_common.c: In function 'col_major_scan_backward':
cache_common.c:5058:26: warning: 'local_max_index[10]' may be used uninitialized in this function [-Wmaybe-uninitialized]
     idx = local_max_index[NUMBER_OF_ENTRY_TYPES - 1] + lag;
           ~~~~~~~~~~~~~~~^~~~~~~~~~~~~~~~~~~~~~~~~~~
  CC       swmr_common.lo
  CC       external_common.lo
  CCLD     libh5test.la
  CC       testhdf5.o
  CC       tarray.o
In file included from tarray.c:23:
tarray.c: In function 'test_array':
H5srcdir.h:62:69: warning: '%s' directive output may be truncated writing 10 bytes into a region of size between 1 and 1024 [-Wformat-truncation=]
             HDsnprintf(srcdir_testpath, sizeof(srcdir_testpath), "%s%s", srcdir, filename);
                                                                     ^~
In file included from h5test.h:28,
                 from testhdf5.h:22,
                 from tarray.c:22:
../src/H5private.h:1345:27: note: 'snprintf' output between 11 and 1034 bytes into a destination of size 1024
     #define HDsnprintf    snprintf /*varargs*/
H5srcdir.h:62:13: note: in expansion of macro 'HDsnprintf'
             HDsnprintf(srcdir_testpath, sizeof(srcdir_testpath), "%s%s", srcdir, filename);
             ^~~~~~~~~~
  CC       tattr.o
  CC       tchecksum.o
  CC       tconfig.o
  CC       tfile.o
In file included from tfile.c:23:
H5srcdir.h: In function 'H5_get_srcdir_filename':
H5srcdir.h:62:71: warning: 'snprintf' output may be truncated before the last format character [-Wformat-truncation=]
             HDsnprintf(srcdir_testpath, sizeof(srcdir_testpath), "%s%s", srcdir, filename);
                                                                       ^
In file included from h5test.h:28,
                 from testhdf5.h:22,
                 from tfile.c:22:
../src/H5private.h:1345:27: note: 'snprintf' output 1 or more bytes (assuming 1025) into a destination of size 1024
     #define HDsnprintf    snprintf /*varargs*/
H5srcdir.h:62:13: note: in expansion of macro 'HDsnprintf'
             HDsnprintf(srcdir_testpath, sizeof(srcdir_testpath), "%s%s", srcdir, filename);
             ^~~~~~~~~~
  CC       tgenprop.o
  CC       th5o.o
  CC       th5s.o
th5s.c:2465:9: warning: size of 'chunk_data_dbl' is 1200000 bytes [-Wlarger-than=]
 double  chunk_data_dbl[50000][3];
         ^~~~~~~~~~~~~~
th5s.c:2466:8: warning: size of 'chunk_data_flt' is 600000 bytes [-Wlarger-than=]
 float  chunk_data_flt[50000][3];
        ^~~~~~~~~~~~~~
In file included from th5s.c:23:
th5s.c: In function 'test_h5s_basic':
H5srcdir.h:62:69: warning: '%s' directive output may be truncated writing 7 bytes into a region of size between 1 and 1024 [-Wformat-truncation=]
             HDsnprintf(srcdir_testpath, sizeof(srcdir_testpath), "%s%s", srcdir, filename);
                                                                     ^~
In file included from h5test.h:28,
                 from testhdf5.h:22,
                 from th5s.c:22:
../src/H5private.h:1345:27: note: 'snprintf' output between 8 and 1031 bytes into a destination of size 1024
     #define HDsnprintf    snprintf /*varargs*/
H5srcdir.h:62:13: note: in expansion of macro 'HDsnprintf'
             HDsnprintf(srcdir_testpath, sizeof(srcdir_testpath), "%s%s", srcdir, filename);
             ^~~~~~~~~~
  CC       tcoords.o
tcoords.c: In function 'test_multiple_ends':
tcoords.c:410:9: warning: size of 'data_buf' is 69120 bytes [-Wlarger-than=]
     int data_buf[4][5][3][4][2][3][6][2];
         ^~~~~~~~
tcoords.c:446:9: warning: size of 'mem5_buffer' is 7680 bytes [-Wlarger-than=]
     int mem5_buffer[4][5][1][4][2][1][6][2];
         ^~~~~~~~~~~
tcoords.c:402:13: warning: stack usage might be 81936 bytes [-Wstack-usage=]
 static void test_multiple_ends(hid_t file, hbool_t is_chunked)
             ^~~~~~~~~~~~~~~~~~
tcoords.c:661:1: warning: the frame size of 81856 bytes is larger than 16384 bytes [-Wframe-larger-than=]
 }
 ^
  CC       theap.o
  CC       tid.o
tid.c: In function 'basic_id_test':
tid.c:72:46: warning: cast between incompatible function types from 'void (*)(void *)' to 'herr_t (*)(void *)' {aka 'int (*)(void *)'} [-Wcast-function-type]
     myType = H5Iregister_type((size_t)64, 0, (H5I_free_t) free );
                                              ^
tid.c:166:46: warning: cast between incompatible function types from 'void (*)(void *)' to 'herr_t (*)(void *)' {aka 'int (*)(void *)'} [-Wcast-function-type]
     myType = H5Iregister_type((size_t)64, 0, (H5I_free_t) free );
                                              ^
tid.c: In function 'id_predefined_test':
tid.c:267:46: warning: cast between incompatible function types from 'int (*)(void *, void *)' to 'int (*)(void *, hid_t,  void *)' {aka 'int (*)(void *, long int,  void *)'} [-Wcast-function-type]
         testPtr = H5Isearch(H5I_GENPROP_LST, (H5I_search_func_t) test_search_func, testObj);
                                              ^
tid.c: In function 'test_id_type_list':
tid.c:495:48: warning: cast between incompatible function types from 'void (*)(void *)' to 'herr_t (*)(void *)' {aka 'int (*)(void *)'} [-Wcast-function-type]
     startType = H5Iregister_type((size_t)8, 0, (H5I_free_t) free );
                                                ^
tid.c:510:54: warning: cast between incompatible function types from 'void (*)(void *)' to 'herr_t (*)(void *)' {aka 'int (*)(void *)'} [-Wcast-function-type]
         currentType = H5Iregister_type((size_t)8, 0, (H5I_free_t) free );
                                                      ^
tid.c:519:54: warning: cast between incompatible function types from 'void (*)(void *)' to 'herr_t (*)(void *)' {aka 'int (*)(void *)'} [-Wcast-function-type]
         currentType = H5Iregister_type((size_t)8, 0, (H5I_free_t) free );
                                                      ^
tid.c:527:51: warning: cast between incompatible function types from 'void (*)(void *)' to 'herr_t (*)(void *)' {aka 'int (*)(void *)'} [-Wcast-function-type]
         testType = H5Iregister_type((size_t)8, 0, (H5I_free_t) free );
                                                   ^
tid.c:536:47: warning: cast between incompatible function types from 'void (*)(void *)' to 'herr_t (*)(void *)' {aka 'int (*)(void *)'} [-Wcast-function-type]
     testType = H5Iregister_type((size_t)8, 0, (H5I_free_t) free );
                                               ^
  CC       titerate.o
In file included from titerate.c:23:
titerate.c: In function 'test_corrupted_attnamelen':
H5srcdir.h:62:69: warning: '%s' directive output may be truncated writing 43 bytes into a region of size between 1 and 1024 [-Wformat-truncation=]
             HDsnprintf(srcdir_testpath, sizeof(srcdir_testpath), "%s%s", srcdir, filename);
                                                                     ^~
In file included from h5test.h:28,
                 from testhdf5.h:22,
                 from titerate.c:22:
../src/H5private.h:1345:27: note: 'snprintf' output between 44 and 1067 bytes into a destination of size 1024
     #define HDsnprintf    snprintf /*varargs*/
H5srcdir.h:62:13: note: in expansion of macro 'HDsnprintf'
             HDsnprintf(srcdir_testpath, sizeof(srcdir_testpath), "%s%s", srcdir, filename);
             ^~~~~~~~~~
  CC       tmeta.o
  CC       tmisc.o
In file included from tmisc.c:30:
H5srcdir.h: In function 'H5_get_srcdir_filename':
H5srcdir.h:62:71: warning: 'snprintf' output may be truncated before the last format character [-Wformat-truncation=]
             HDsnprintf(srcdir_testpath, sizeof(srcdir_testpath), "%s%s", srcdir, filename);
                                                                       ^
In file included from h5test.h:28,
                 from testhdf5.h:22,
                 from tmisc.c:29:
../src/H5private.h:1345:27: note: 'snprintf' output 1 or more bytes (assuming 1025) into a destination of size 1024
     #define HDsnprintf    snprintf /*varargs*/
H5srcdir.h:62:13: note: in expansion of macro 'HDsnprintf'
             HDsnprintf(srcdir_testpath, sizeof(srcdir_testpath), "%s%s", srcdir, filename);
             ^~~~~~~~~~
  CC       trefer.o
  CC       trefer_deprec.o
  CC       trefstr.o
  CC       tselect.o
  CC       tskiplist.o
  CC       tsohm.o
  CC       ttime.o
  CC       ttst.o
ttst.c: In function 'test_tst_init':
ttst.c:105:18: warning: cast discards 'const' qualifier from pointer target type [-Wcast-qual]
         tmp_word=(char *)words[u];
                  ^
  CC       tunicode.o
  CC       tvlstr.o
  CC       tvltypes.o
tvltypes.c: In function 'test_vltypes_fill_value':
tvltypes.c:2438:40: warning: initialization discards 'const' qualifier from pointer target type [-Wdiscarded-qualifiers]
     const dtype1_struct fill1 = {1, 2, "foobar", "", NULL, "\0", "dead", 3, 4.0F, 100.0F, 1.0F, "liquid", "meter"};
                                        ^~~~~~~~
tvltypes.c:2438:50: warning: initialization discards 'const' qualifier from pointer target type [-Wdiscarded-qualifiers]
     const dtype1_struct fill1 = {1, 2, "foobar", "", NULL, "\0", "dead", 3, 4.0F, 100.0F, 1.0F, "liquid", "meter"};
                                                  ^~
tvltypes.c:2438:60: warning: initialization discards 'const' qualifier from pointer target type [-Wdiscarded-qualifiers]
     const dtype1_struct fill1 = {1, 2, "foobar", "", NULL, "\0", "dead", 3, 4.0F, 100.0F, 1.0F, "liquid", "meter"};
                                                            ^~~~
tvltypes.c:2438:66: warning: initialization discards 'const' qualifier from pointer target type [-Wdiscarded-qualifiers]
     const dtype1_struct fill1 = {1, 2, "foobar", "", NULL, "\0", "dead", 3, 4.0F, 100.0F, 1.0F, "liquid", "meter"};
                                                                  ^~~~~~
tvltypes.c:2438:97: warning: initialization discards 'const' qualifier from pointer target type [-Wdiscarded-qualifiers]
     const dtype1_struct fill1 = {1, 2, "foobar", "", NULL, "\0", "dead", 3, 4.0F, 100.0F, 1.0F, "liquid", "meter"};
                                                                                                 ^~~~~~~~
tvltypes.c:2438:107: warning: initialization discards 'const' qualifier from pointer target type [-Wdiscarded-qualifiers]
     const dtype1_struct fill1 = {1, 2, "foobar", "", NULL, "\0", "dead", 3, 4.0F, 100.0F, 1.0F, "liquid", "meter"};
                                                                                                           ^~~~~~~
tvltypes.c:2439:40: warning: initialization discards 'const' qualifier from pointer target type [-Wdiscarded-qualifiers]
     const dtype1_struct wdata = {3, 4, "", NULL, "\0", "foo", "two", 6, 8.0F, 200.0F, 2.0F, "solid", "yard"};
                                        ^~
tvltypes.c:2439:50: warning: initialization discards 'const' qualifier from pointer target type [-Wdiscarded-qualifiers]
     const dtype1_struct wdata = {3, 4, "", NULL, "\0", "foo", "two", 6, 8.0F, 200.0F, 2.0F, "solid", "yard"};
                                                  ^~~~
tvltypes.c:2439:56: warning: initialization discards 'const' qualifier from pointer target type [-Wdiscarded-qualifiers]
     const dtype1_struct wdata = {3, 4, "", NULL, "\0", "foo", "two", 6, 8.0F, 200.0F, 2.0F, "solid", "yard"};
                                                        ^~~~~
tvltypes.c:2439:63: warning: initialization discards 'const' qualifier from pointer target type [-Wdiscarded-qualifiers]
     const dtype1_struct wdata = {3, 4, "", NULL, "\0", "foo", "two", 6, 8.0F, 200.0F, 2.0F, "solid", "yard"};
                                                               ^~~~~
tvltypes.c:2439:93: warning: initialization discards 'const' qualifier from pointer target type [-Wdiscarded-qualifiers]
     const dtype1_struct wdata = {3, 4, "", NULL, "\0", "foo", "two", 6, 8.0F, 200.0F, 2.0F, "solid", "yard"};
                                                                                             ^~~~~~~
tvltypes.c:2439:102: warning: initialization discards 'const' qualifier from pointer target type [-Wdiscarded-qualifiers]
     const dtype1_struct wdata = {3, 4, "", NULL, "\0", "foo", "two", 6, 8.0F, 200.0F, 2.0F, "solid", "yard"};
                                                                                                      ^~~~~~
  CCLD     testhdf5
  CC       cache.o
cache.c: In function 'check_flush_cache__flush_ops':
cache.c:7147:37: warning: size of 'spec' is 2592 bytes [-Wlarger-than=]
     struct fo_flush_cache_test_spec spec[6] =
                                     ^~~~
cache.c:7413:37: warning: size of 'spec' is 2592 bytes [-Wlarger-than=]
     struct fo_flush_cache_test_spec spec[6] =
                                     ^~~~
cache.c:8011:37: warning: size of 'spec' is 4320 bytes [-Wlarger-than=]
     struct fo_flush_cache_test_spec spec[10] =
                                     ^~~~
cache.c:8445:37: warning: size of 'spec' is 4320 bytes [-Wlarger-than=]
     struct fo_flush_cache_test_spec spec[10] =
                                     ^~~~
cache.c: In function 'check_flush_cache__flush_op_eviction_test':
cache.c:9657:34: warning: size of 'expected' is 6160 bytes [-Wlarger-than=]
     struct expected_entry_status expected[10 + 31 + 14] =
                                  ^~~~~~~~
cache.c: In function 'check_flush_cache__single_entry':
cache.c:12202:7: warning: size of 'spec' is 8192 bytes [-Wlarger-than=]
     } spec[256] =
       ^~~~
cache.c: In function 'check_metadata_blizzard_absence':
cache.c:28177:34: warning: size of 'expected' is 16800 bytes [-Wlarger-than=]
     struct expected_entry_status expected[150] =
                                  ^~~~~~~~
cache.c: In function 'check_metadata_cork':
cache.c:33762:34: warning: size of 'expected' is 16800 bytes [-Wlarger-than=]
     struct expected_entry_status expected[150] =
                                  ^~~~~~~~
cache.c: In function 'cedds__expunge_dirty_entry_in_flush_test':
cache.c:34588:34: warning: size of 'expected' is 4032 bytes [-Wlarger-than=]
     struct expected_entry_status expected[36] =
                                  ^~~~~~~~
cache.c: In function 'cedds__H5C_make_space_in_cache':
cache.c:34817:34: warning: size of 'expected' is 4032 bytes [-Wlarger-than=]
     struct expected_entry_status expected[36] =
                                  ^~~~~~~~
cache.c: In function 'cedds__H5C__autoadjust__ageout__evict_aged_out_entries':
cache.c:35196:34: warning: size of 'expected' is 4032 bytes [-Wlarger-than=]
     struct expected_entry_status expected[36] =
                                  ^~~~~~~~
cache.c: In function 'check_flush_cache__single_entry':
cc1: warning: size of '*.LC0' is 8192 bytes [-Wlarger-than=]
cache.c: In function 'cedds__H5C_make_space_in_cache':
cc1: warning: size of '*.LC6' is 4032 bytes [-Wlarger-than=]
cache.c: In function 'check_flush_cache__single_entry':
cache.c:10981:1: warning: stack usage is 8304 bytes [-Wstack-usage=]
 check_flush_cache__single_entry(H5F_t * file_ptr)
 ^~~~~~~~~~~~~~~~~~~~~~~~~~~~~~~
cache.c: In function 'check_metadata_blizzard_absence':
cache.c:28158:1: warning: stack usage is 16880 bytes [-Wstack-usage=]
 check_metadata_blizzard_absence(hbool_t fill_via_insertion, unsigned paged)
 ^~~~~~~~~~~~~~~~~~~~~~~~~~~~~~~
cache.c:28987:1: warning: the frame size of 16816 bytes is larger than 16384 bytes [-Wframe-larger-than=]
 } /* check_metadata_blizzard_absence() */
 ^
cache.c: In function 'check_metadata_cork':
cache.c:33742:1: warning: stack usage is 16880 bytes [-Wstack-usage=]
 check_metadata_cork(hbool_t fill_via_insertion, unsigned paged)
 ^~~~~~~~~~~~~~~~~~~
cache.c:34453:1: warning: the frame size of 16816 bytes is larger than 16384 bytes [-Wframe-larger-than=]
 } /* check_metadata_cork() */
 ^
  CCLD     cache
  CC       cache_api.o
  CCLD     cache_api
  CC       cache_image.o
  CC       genall5.o
  CCLD     cache_image
  CC       cache_tagging.o
  CCLD     cache_tagging
  CC       lheap.o
In file included from lheap.c:21:
lheap.c: In function 'main':
H5srcdir.h:62:69: warning: '%s' directive output may be truncated writing 14 bytes into a region of size between 1 and 1024 [-Wformat-truncation=]
             HDsnprintf(srcdir_testpath, sizeof(srcdir_testpath), "%s%s", srcdir, filename);
                                                                     ^~
In file included from h5test.h:28,
                 from lheap.c:20:
../src/H5private.h:1345:27: note: 'snprintf' output between 15 and 1038 bytes into a destination of size 1024
     #define HDsnprintf    snprintf /*varargs*/
H5srcdir.h:62:13: note: in expansion of macro 'HDsnprintf'
             HDsnprintf(srcdir_testpath, sizeof(srcdir_testpath), "%s%s", srcdir, filename);
             ^~~~~~~~~~
  CCLD     lheap
  CC       ohdr.o
  CCLD     ohdr
  CC       stab.o
  CCLD     stab
  CC       gheap.o
  CCLD     gheap
  CC       evict_on_close.o
  CCLD     evict_on_close
  CC       farray.o
  CCLD     farray
  CC       earray.o
  CCLD     earray
  CC       btree2.o
  CCLD     btree2
  CC       fheap.o
fheap.c: In function 'test_man_incr_insert_remove':
fheap.c:7619:19: warning: size of 'heap_id' is 6400 bytes [-Wlarger-than=]
     unsigned char heap_id[100][MAX_HEAP_ID_LEN]; /* Heap ID for object inserted */
                   ^~~~~~~
  CCLD     fheap
  CC       pool.o
  CCLD     pool
  CC       accum.o
  CCLD     accum
  CC       hyperslab.o
  CCLD     hyperslab
  CC       istore.o
  CCLD     istore
  CC       bittests.o
  CCLD     bittests
  CC       dt_arith.o
dt_arith.c: In function 'test_particular_fp_integer':
dt_arith.c:773:9: warning: unsuffixed float constant [-Wunsuffixed-float-constants]
         double x = 0.;
         ^~~~~~
dt_arith.c:817:9: warning: unsuffixed float constant [-Wunsuffixed-float-constants]
         float x = 0.;
         ^~~~~
dt_arith.c: In function 'my_isnan':
dt_arith.c:2726:5: warning: unsuffixed float constant [-Wunsuffixed-float-constants]
     float x = 0.;
     ^~~~~
dt_arith.c:2728:16: warning: comparing floating point with == or != is unsafe [-Wfloat-equal]
     retval = (x!=x);
                ^~
dt_arith.c:2730:5: warning: unsuffixed float constant [-Wunsuffixed-float-constants]
     double x = 0.;
     ^~~~~~
dt_arith.c:2732:16: warning: comparing floating point with == or != is unsafe [-Wfloat-equal]
     retval = (x!=x);
                ^~
dt_arith.c:2735:5: warning: unsuffixed float constant [-Wunsuffixed-float-constants]
     long double x = 0.;
     ^~~~
dt_arith.c:2737:16: warning: comparing floating point with == or != is unsafe [-Wfloat-equal]
     retval = (x!=x);
                ^~
dt_arith.c:2749:9: warning: unsuffixed float constant [-Wunsuffixed-float-constants]
         float x = 0.;
         ^~~~~
dt_arith.c:2754:9: warning: unsuffixed float constant [-Wunsuffixed-float-constants]
         double x = 0.;
         ^~~~~~
dt_arith.c:2760:9: warning: unsuffixed float constant [-Wunsuffixed-float-constants]
         long double x = 0.;
         ^~~~
dt_arith.c: In function 'test_conv_flt_1':
dt_arith.c:3200:17: warning: unsuffixed float constant [-Wunsuffixed-float-constants]
                 float x = 0.;
                 ^~~~~
dt_arith.c:3211:17: warning: unsuffixed float constant [-Wunsuffixed-float-constants]
                 double x = 0.;
                 ^~~~~~
dt_arith.c:3223:17: warning: unsuffixed float constant [-Wunsuffixed-float-constants]
                 long double x = 0.;
                 ^~~~
dt_arith.c:3268:13: warning: unsuffixed float constant [-Wunsuffixed-float-constants]
             float x = 0.;
             ^~~~~
dt_arith.c:3272:13: warning: unsuffixed float constant [-Wunsuffixed-float-constants]
             double x = 0.;
             ^~~~~~
dt_arith.c:3277:13: warning: unsuffixed float constant [-Wunsuffixed-float-constants]
             long double x = 0.;
             ^~~~
dt_arith.c:3288:13: warning: unsuffixed float constant [-Wunsuffixed-float-constants]
             float x = 0.;
             ^~~~~
dt_arith.c:3292:13: warning: unsuffixed float constant [-Wunsuffixed-float-constants]
             double x = 0.;
             ^~~~~~
dt_arith.c:3297:13: warning: unsuffixed float constant [-Wunsuffixed-float-constants]
             long double x = 0.;
             ^~~~
  CCLD     dt_arith
  CC       page_buffer.o
  CCLD     page_buffer
  CC       dtypes.o
dtypes.c: In function 'test_compound_10':
dtypes.c:1950:46: warning: potential null pointer dereference [-Wnull-dereference]
         wdata[i].str[9] = (char)(wdata[i].str[9] + i);
                                  ~~~~~~~~~~~~^~~
dtypes.c:1950:25: warning: potential null pointer dereference [-Wnull-dereference]
         wdata[i].str[9] = (char)(wdata[i].str[9] + i);
         ~~~~~~~~~~~~~~~~^~~~~~~~~~~~~~~~~~~~~~~~~~~~~
In file included from dtypes.c:22:
dtypes.c: In function 'test_compound_18':
H5srcdir.h:62:69: warning: '%s' directive output may be truncated writing 15 bytes into a region of size between 1 and 1024 [-Wformat-truncation=]
             HDsnprintf(srcdir_testpath, sizeof(srcdir_testpath), "%s%s", srcdir, filename);
                                                                     ^~
In file included from h5test.h:28,
                 from testhdf5.h:22,
                 from dtypes.c:21:
../src/H5private.h:1345:27: note: 'snprintf' output between 16 and 1039 bytes into a destination of size 1024
     #define HDsnprintf    snprintf /*varargs*/
H5srcdir.h:62:13: note: in expansion of macro 'HDsnprintf'
             HDsnprintf(srcdir_testpath, sizeof(srcdir_testpath), "%s%s", srcdir, filename);
             ^~~~~~~~~~
  CCLD     dtypes
  CC       dsets.o
dsets.c:279:9: warning: size of 'points' is 80000 bytes [-Wlarger-than=]
 int     points[DSET_DIM1][DSET_DIM2], check[DSET_DIM1][DSET_DIM2];
         ^~~~~~
dsets.c:279:39: warning: size of 'check' is 80000 bytes [-Wlarger-than=]
 int     points[DSET_DIM1][DSET_DIM2], check[DSET_DIM1][DSET_DIM2];
                                       ^~~~~
dsets.c:280:9: warning: size of 'points_dbl' is 160000 bytes [-Wlarger-than=]
 double  points_dbl[DSET_DIM1][DSET_DIM2], check_dbl[DSET_DIM1][DSET_DIM2];
         ^~~~~~~~~~
dsets.c:280:43: warning: size of 'check_dbl' is 160000 bytes [-Wlarger-than=]
 double  points_dbl[DSET_DIM1][DSET_DIM2], check_dbl[DSET_DIM1][DSET_DIM2];
                                           ^~~~~~~~~
dsets.c: In function 'test_simple_io':
dsets.c:518:17: warning: size of 'rdata' is 80000 bytes [-Wlarger-than=]
     int         rdata[DSET_DIM1][DSET_DIM2];
                 ^~~~~
dsets.c: In function 'test_userblock_offset':
dsets.c:651:25: warning: size of 'rdata' is 80000 bytes [-Wlarger-than=]
     int                 rdata[DSET_DIM1][DSET_DIM2];
                         ^~~~~
dsets.c: In function 'test_nbit_float':
dsets.c:3080:34: warning: comparing floating point with == or != is unsafe [-Wfloat-equal]
             if(!(orig_data[i][j] == orig_data[i][j]))
                                  ^~
dsets.c: In function 'test_nbit_double':
dsets.c:3212:34: warning: comparing floating point with == or != is unsafe [-Wfloat-equal]
             if(!(orig_data[i][j] == orig_data[i][j]))
                                  ^~
dsets.c: In function 'test_nbit_compound':
dsets.c:3547:36: warning: comparing floating point with == or != is unsafe [-Wfloat-equal]
                 (orig_data[i][j].f == orig_data[i][j].f && !H5_FLT_ABS_EQUAL(new_data[i][j].f, orig_data[i][j].f)))
                                    ^~
dsets.c: In function 'test_nbit_compound_2':
dsets.c:3869:55: warning: comparing floating point with == or != is unsafe [-Wfloat-equal]
                             (new_data[i][j].d[m][n].f == new_data[i][j].d[m][n].f && !H5_FLT_ABS_EQUAL(new_data[i][j].d[m][n].f, new_data[i][j].d[m][n].f))) {
                                                       ^~
dsets.c:3878:41: warning: comparing floating point with == or != is unsafe [-Wfloat-equal]
                     (new_data[i][j].a.f == new_data[i][j].a.f && !H5_FLT_ABS_EQUAL(new_data[i][j].a.f, new_data[i][j].a.f)) ||
                                         ^~
dsets.c: In function 'test_nbit_int_size':
dsets.c:4134:13: warning: size of 'orig_data' is 80000 bytes [-Wlarger-than=]
     int     orig_data[DSET_DIM1][DSET_DIM2];
             ^~~~~~~~~
dsets.c: In function 'test_nbit_flt_size':
dsets.c:4302:13: warning: size of 'orig_data' is 80000 bytes [-Wlarger-than=]
     float   orig_data[DSET_DIM1][DSET_DIM2];
             ^~~~~~~~~
dsets.c: In function 'test_missing_chunk':
dsets.c:6865:17: warning: size of 'wdata2' is 40000 bytes [-Wlarger-than=]
     int         wdata2[MISSING_CHUNK_DIM][MISSING_CHUNK_DIM],
                 ^~~~~~
dsets.c:6866:17: warning: size of 'rdata2' is 40000 bytes [-Wlarger-than=]
                 rdata2[MISSING_CHUNK_DIM][MISSING_CHUNK_DIM];
                 ^~~~~~
dsets.c: In function 'test_big_chunks_bypass_cache':
dsets.c:8085:17: warning: size of 't_wdata' is 250000 bytes [-Wlarger-than=]
     static int  t_wdata[BYPASS_CHUNK_DIM/2][BYPASS_CHUNK_DIM/2], t_rdata1[BYPASS_DIM][BYPASS_DIM],
                 ^~~~~~~
dsets.c:8085:66: warning: size of 't_rdata1' is 4000000 bytes [-Wlarger-than=]
     static int  t_wdata[BYPASS_CHUNK_DIM/2][BYPASS_CHUNK_DIM/2], t_rdata1[BYPASS_DIM][BYPASS_DIM],
                                                                  ^~~~~~~~
dsets.c:8086:17: warning: size of 't_rdata2' is 250000 bytes [-Wlarger-than=]
                 t_rdata2[BYPASS_CHUNK_DIM/2][BYPASS_CHUNK_DIM/2];
                 ^~~~~~~~
dsets.c: In function 'test_chunk_fast_bug1':
dsets.c:8838:21: warning: size of 'wbuf' is 3200 bytes [-Wlarger-than=]
     static unsigned wbuf[40][20], rbuf[40][20];  /* Element written/read */
                     ^~~~
dsets.c:8838:35: warning: size of 'rbuf' is 3200 bytes [-Wlarger-than=]
     static unsigned wbuf[40][20], rbuf[40][20];  /* Element written/read */
                                   ^~~~
dsets.c: In function 'test_fixed_array':
dsets.c:9440:17: warning: size of 'chunks_big' is 10000 bytes [-Wlarger-than=]
     int         chunks_big[125][20];    /* # of chunks for big dataset dimensions */
                 ^~~~~~~~~~
dsets.c:9445:17: warning: size of 'coord_big' is 40000 bytes [-Wlarger-than=]
     hsize_t     coord_big[POINTS_BIG][2];       /* big dataset coordinates */
                 ^~~~~~~~~
dsets.c: In function 'test_simple_io':
dsets.c:509:1: warning: stack usage might be 81152 bytes [-Wstack-usage=]
 test_simple_io(const char *env_h5_drvr, hid_t fapl)
 ^~~~~~~~~~~~~~
dsets.c:630:1: warning: the frame size of 81072 bytes is larger than 16384 bytes [-Wframe-larger-than=]
 } /* end test_simple_io() */
 ^
dsets.c: In function 'test_nbit_int_size':
dsets.c:4129:1: warning: stack usage might be 80128 bytes [-Wstack-usage=]
 test_nbit_int_size(hid_t file)
 ^~~~~~~~~~~~~~~~~~
dsets.c:4278:1: warning: the frame size of 80048 bytes is larger than 16384 bytes [-Wframe-larger-than=]
 } /* end test_nbit_int_size() */
 ^
dsets.c: In function 'test_nbit_flt_size':
dsets.c:4297:1: warning: stack usage might be 80128 bytes [-Wstack-usage=]
 test_nbit_flt_size(hid_t file)
 ^~~~~~~~~~~~~~~~~~
dsets.c:4475:1: warning: the frame size of 80048 bytes is larger than 16384 bytes [-Wframe-larger-than=]
 } /* end test_nbit_flt_size() */
 ^
dsets.c: In function 'test_userblock_offset':
dsets.c:643:1: warning: stack usage might be 81120 bytes [-Wstack-usage=]
 test_userblock_offset(const char *env_h5_drvr, hid_t fapl, hbool_t new_format)
 ^~~~~~~~~~~~~~~~~~~~~
dsets.c:736:1: warning: the frame size of 81040 bytes is larger than 16384 bytes [-Wframe-larger-than=]
 } /* end test_userblock_offset() */
 ^
In file included from dsets.c:28:
H5srcdir.h: In function 'H5_get_srcdir_filename':
H5srcdir.h:62:71: warning: 'snprintf' output may be truncated before the last format character [-Wformat-truncation=]
             HDsnprintf(srcdir_testpath, sizeof(srcdir_testpath), "%s%s", srcdir, filename);
                                                                       ^
In file included from h5test.h:28,
                 from testhdf5.h:22,
                 from dsets.c:27:
../src/H5private.h:1345:27: note: 'snprintf' output 1 or more bytes (assuming 1025) into a destination of size 1024
     #define HDsnprintf    snprintf /*varargs*/
H5srcdir.h:62:13: note: in expansion of macro 'HDsnprintf'
             HDsnprintf(srcdir_testpath, sizeof(srcdir_testpath), "%s%s", srcdir, filename);
             ^~~~~~~~~~
dsets.c: In function 'test_missing_chunk':
dsets.c:6854:1: warning: stack usage might be 81136 bytes [-Wstack-usage=]
 test_missing_chunk(hid_t file)
 ^~~~~~~~~~~~~~~~~~
dsets.c:7027:1: warning: the frame size of 81040 bytes is larger than 16384 bytes [-Wframe-larger-than=]
 } /* end test_missing_chunk() */
 ^
dsets.c: In function 'test_fixed_array':
dsets.c:9409:1: warning: stack usage might be 53408 bytes [-Wstack-usage=]
 test_fixed_array(hid_t fapl)
 ^~~~~~~~~~~~~~~~
dsets.c:9805:1: warning: the frame size of 53328 bytes is larger than 16384 bytes [-Wframe-larger-than=]
 } /* end test_fixed_array() */
 ^
  CCLD     dsets
  CC       chunk_info.o
chunk_info.c: In function 'test_get_chunk_info_highest_v18':
chunk_info.c:488:5: warning: unsuffixed float constant [-Wunsuffixed-float-constants]
     uLongf       z_dst_nbytes = (uLongf)DEFLATE_SIZE_ADJUST(CHK_SIZE);
     ^~~~~~
chunk_info.c:488:5: warning: unsuffixed float constant [-Wunsuffixed-float-constants]
  CCLD     chunk_info
  CC       cmpd_dset.o
  CCLD     cmpd_dset
  CC       filter_fail.o
  CCLD     filter_fail
  CC       extend.o
extend.c:32:14: warning: size of 'buf1' is 40000 bytes [-Wlarger-than=]
 static int   buf1[NY][NX], buf2[NX / 2][NY / 2];
              ^~~~
extend.c:32:28: warning: size of 'buf2' is 10000 bytes [-Wlarger-than=]
 static int   buf1[NY][NX], buf2[NX / 2][NY / 2];
                            ^~~~
  CCLD     extend
  CC       direct_chunk.o
  CCLD     direct_chunk
  CC       external.o
external.c: In function 'main':
external.c:949:53: warning: 'extern_' directive output may be truncated writing 7 bytes into a region of size between 0 and 1023 [-Wformat-truncation=]
         HDsnprintf(filename, sizeof(filename), "%s%sextern_%dr.raw", cwdpath, H5_DIR_SEPS, (int) i + 1);
                                                     ^~~~~~~
external.c:949:48: note: directive argument in the range [1, 4]
         HDsnprintf(filename, sizeof(filename), "%s%sextern_%dr.raw", cwdpath, H5_DIR_SEPS, (int) i + 1);
                                                ^~~~~~~~~~~~~~~~~~~~
In file included from h5test.h:28,
                 from external_common.h:24,
                 from external.c:20:
../src/H5private.h:1345:27: note: 'snprintf' output between 15 and 1038 bytes into a destination of size 1024
     #define HDsnprintf    snprintf /*varargs*/
external.c:949:9: note: in expansion of macro 'HDsnprintf'
         HDsnprintf(filename, sizeof(filename), "%s%sextern_%dr.raw", cwdpath, H5_DIR_SEPS, (int) i + 1);
         ^~~~~~~~~~
  CCLD     external
  CC       efc.o
  CCLD     efc
  CC       objcopy.o
In file included from objcopy.c:22:
objcopy.c: In function 'test_copy_old_layout':
H5srcdir.h:62:69: warning: '%s' directive output may be truncated writing 11 bytes into a region of size between 1 and 1024 [-Wformat-truncation=]
             HDsnprintf(srcdir_testpath, sizeof(srcdir_testpath), "%s%s", srcdir, filename);
                                                                     ^~
In file included from h5test.h:28,
                 from testhdf5.h:22,
                 from objcopy.c:21:
../src/H5private.h:1345:27: note: 'snprintf' output between 12 and 1035 bytes into a destination of size 1024
     #define HDsnprintf    snprintf /*varargs*/
H5srcdir.h:62:13: note: in expansion of macro 'HDsnprintf'
             HDsnprintf(srcdir_testpath, sizeof(srcdir_testpath), "%s%s", srcdir, filename);
             ^~~~~~~~~~
  CCLD     objcopy
  CC       objcopy_ref.o
objcopy_ref.c: In function 'compare_data':
objcopy_ref.c:819:24: warning: cast discards 'const' qualifier from pointer target type [-Wcast-qual]
             ref_buf1 = (H5R_ref_t *)buf1;
                        ^
objcopy_ref.c:820:24: warning: cast discards 'const' qualifier from pointer target type [-Wcast-qual]
             ref_buf2 = (H5R_ref_t *)buf2;
                        ^
  CCLD     objcopy_ref
  CC       links.o
In file included from links.c:33:
H5srcdir.h: In function 'H5_get_srcdir_filename':
H5srcdir.h:62:71: warning: 'snprintf' output may be truncated before the last format character [-Wformat-truncation=]
             HDsnprintf(srcdir_testpath, sizeof(srcdir_testpath), "%s%s", srcdir, filename);
                                                                       ^
In file included from h5test.h:28,
                 from links.c:32:
../src/H5private.h:1345:27: note: 'snprintf' output 1 or more bytes (assuming 1025) into a destination of size 1024
     #define HDsnprintf    snprintf /*varargs*/
H5srcdir.h:62:13: note: in expansion of macro 'HDsnprintf'
             HDsnprintf(srcdir_testpath, sizeof(srcdir_testpath), "%s%s", srcdir, filename);
             ^~~~~~~~~~
  CCLD     links
  CC       unlink.o
  CCLD     unlink
  CC       twriteorder.o
  CCLD     twriteorder
  CC       big.o
  CCLD     big
  CC       mtime.o
In file included from mtime.c:24:
H5srcdir.h: In function 'H5_get_srcdir_filename':
H5srcdir.h:62:71: warning: 'snprintf' output may be truncated before the last format character [-Wformat-truncation=]
             HDsnprintf(srcdir_testpath, sizeof(srcdir_testpath), "%s%s", srcdir, filename);
                                                                       ^
In file included from h5test.h:28,
                 from mtime.c:23:
../src/H5private.h:1345:27: note: 'snprintf' output 1 or more bytes (assuming 1025) into a destination of size 1024
     #define HDsnprintf    snprintf /*varargs*/
H5srcdir.h:62:13: note: in expansion of macro 'HDsnprintf'
             HDsnprintf(srcdir_testpath, sizeof(srcdir_testpath), "%s%s", srcdir, filename);
             ^~~~~~~~~~
  CCLD     mtime
  CC       fillval.o
fillval.c: In function 'test_extend_cases':
fillval.c:1456:40: warning: initialization discards 'const' qualifier from pointer target type [-Wdiscarded-qualifiers]
     comp_vl_datatype init_val_c = {87, "baz", "mumble", 129};
                                        ^~~~~
fillval.c:1456:47: warning: initialization discards 'const' qualifier from pointer target type [-Wdiscarded-qualifiers]
     comp_vl_datatype init_val_c = {87, "baz", "mumble", 129};
                                               ^~~~~~~~
fillval.c: In function 'test_extend':
fillval.c:1859:39: warning: initialization discards 'const' qualifier from pointer target type [-Wdiscarded-qualifiers]
     comp_vl_datatype fillval_c = {32, "foo", "bar", 64};         /* Fill value for compound+vl datatype tests */
                                       ^~~~~
fillval.c:1859:46: warning: initialization discards 'const' qualifier from pointer target type [-Wdiscarded-qualifiers]
     comp_vl_datatype fillval_c = {32, "foo", "bar", 64};         /* Fill value for compound+vl datatype tests */
                                              ^~~~~
In file included from fillval.c:21:
fillval.c: In function 'main':
H5srcdir.h:62:69: warning: '%s' directive output may be truncated writing 11 bytes into a region of size between 1 and 1024 [-Wformat-truncation=]
             HDsnprintf(srcdir_testpath, sizeof(srcdir_testpath), "%s%s", srcdir, filename);
                                                                     ^~
In file included from h5test.h:28,
                 from fillval.c:20:
../src/H5private.h:1345:27: note: 'snprintf' output between 12 and 1035 bytes into a destination of size 1024
     #define HDsnprintf    snprintf /*varargs*/
H5srcdir.h:62:13: note: in expansion of macro 'HDsnprintf'
             HDsnprintf(srcdir_testpath, sizeof(srcdir_testpath), "%s%s", srcdir, filename);
             ^~~~~~~~~~
  CCLD     fillval
  CC       mount.o
  CCLD     mount
  CC       flush1.o
  CCLD     flush1
  CC       flush2.o
  CCLD     flush2
  CC       app_ref.o
  CCLD     app_ref
  CC       enum.o
  CCLD     enum
  CC       set_extent.o
set_extent.c: In function 'test_random_rank4':
set_extent.c:2274:17: warning: size of 'rbuf' is 40000 bytes [-Wlarger-than=]
     static int  rbuf[10][10][10][10];           /* Read buffer */
                 ^~~~
set_extent.c:2275:17: warning: size of 'wbuf' is 40000 bytes [-Wlarger-than=]
     static int  wbuf[10][10][10][10];           /* Write buffer */
                 ^~~~
set_extent.c:2276:20: warning: size of 'dim_log' is 3232 bytes [-Wlarger-than=]
     static hsize_t dim_log[RAND4_NITER+1][4];   /* Log of dataset dimensions */
                    ^~~~~~~
set_extent.c: In function 'test_random_rank4_vl':
set_extent.c:2477:18: warning: size of 'rbuf' is 160000 bytes [-Wlarger-than=]
     static hvl_t rbuf[10][10][10][10];          /* Read buffer */
                  ^~~~
set_extent.c:2478:18: warning: size of 'wbuf' is 160000 bytes [-Wlarger-than=]
     static hvl_t wbuf[10][10][10][10];          /* Write buffer */
                  ^~~~
set_extent.c:2479:20: warning: size of 'dim_log' is 3232 bytes [-Wlarger-than=]
     static hsize_t dim_log[RAND4_NITER+1][4];   /* Log of dataset dimensions */
                    ^~~~~~~
  CCLD     set_extent
  CC       ttsafe.o
  CC       ttsafe_dcreate.o
  CC       ttsafe_error.o
  CC       ttsafe_cancel.o
  CC       ttsafe_acreate.o
  CCLD     ttsafe
  CC       enc_dec_plist.o
  CCLD     enc_dec_plist
  CC       enc_dec_plist_cross_platform.o
In file included from enc_dec_plist_cross_platform.c:19:
H5srcdir.h: In function 'H5_get_srcdir_filename':
H5srcdir.h:62:71: warning: 'snprintf' output may be truncated before the last format character [-Wformat-truncation=]
             HDsnprintf(srcdir_testpath, sizeof(srcdir_testpath), "%s%s", srcdir, filename);
                                                                       ^
In file included from h5test.h:28,
                 from enc_dec_plist_cross_platform.c:18:
../src/H5private.h:1345:27: note: 'snprintf' output 1 or more bytes (assuming 1025) into a destination of size 1024
     #define HDsnprintf    snprintf /*varargs*/
H5srcdir.h:62:13: note: in expansion of macro 'HDsnprintf'
             HDsnprintf(srcdir_testpath, sizeof(srcdir_testpath), "%s%s", srcdir, filename);
             ^~~~~~~~~~
  CCLD     enc_dec_plist_cross_platform
  CC       getname.o
  CCLD     getname
  CC       vfd.o
vfd.c: In function 'test_family':
vfd.c:866:17: warning: size of 'buf' is 16384 bytes [-Wlarger-than=]
     int         buf[FAMILY_NUMBER][FAMILY_SIZE];
                 ^~~
vfd.c: In function 'test_family_member_fapl':
vfd.c:1160:14: warning: size of 'buf' is 16384 bytes [-Wlarger-than=]
     int      buf[FAMILY_NUMBER][FAMILY_SIZE];
              ^~~
vfd.c: In function 'test_multi':
vfd.c:1340:17: warning: size of 'buf' is 65536 bytes [-Wlarger-than=]
     int         buf[MULTI_SIZE][MULTI_SIZE];
                 ^~~
vfd.c: In function 'test_multi_compat':
vfd.c:1575:17: warning: size of 'buf' is 65536 bytes [-Wlarger-than=]
     int         buf[MULTI_SIZE][MULTI_SIZE];
                 ^~~
vfd.c: In function 'test_family_member_fapl':
vfd.c:1149:1: warning: stack usage might be 17552 bytes [-Wstack-usage=]
 test_family_member_fapl(void)
 ^~~~~~~~~~~~~~~~~~~~~~~
vfd.c:1264:1: warning: the frame size of 17472 bytes is larger than 16384 bytes [-Wframe-larger-than=]
 } /* end test_family_member_fapl() */
 ^
vfd.c: In function 'test_family':
vfd.c:856:1: warning: stack usage might be 17584 bytes [-Wstack-usage=]
 test_family(void)
 ^~~~~~~~~~~
vfd.c:1021:1: warning: the frame size of 17504 bytes is larger than 16384 bytes [-Wframe-larger-than=]
 }
 ^
vfd.c: In function 'test_multi_compat':
vfd.c:1562:1: warning: stack usage might be 71232 bytes [-Wstack-usage=]
 test_multi_compat(void)
 ^~~~~~~~~~~~~~~~~
vfd.c:1712:1: warning: the frame size of 71168 bytes is larger than 16384 bytes [-Wframe-larger-than=]
 }
 ^
vfd.c: In function 'test_multi':
vfd.c:1320:1: warning: stack usage might be 68288 bytes [-Wstack-usage=]
 test_multi(void)
 ^~~~~~~~~~
vfd.c:1538:1: warning: the frame size of 68208 bytes is larger than 16384 bytes [-Wframe-larger-than=]
 } /* end test_multi() */
 ^
  CCLD     vfd
  CC       ros3.o
  CCLD     ros3
  CC       s3comms.o
  CCLD     s3comms
  CC       hdfs.o
  CCLD     hdfs
  CC       ntypes.o
ntypes.c:33:5: warning: size of 'ipoints2' is 80000 bytes [-Wlarger-than=]
 int ipoints2[DIM0][DIM1], icheck2[DIM0][DIM1];
     ^~~~~~~~
ntypes.c:33:27: warning: size of 'icheck2' is 80000 bytes [-Wlarger-than=]
 int ipoints2[DIM0][DIM1], icheck2[DIM0][DIM1];
                           ^~~~~~~
ntypes.c:34:7: warning: size of 'spoints2' is 40000 bytes [-Wlarger-than=]
 short spoints2[DIM0][DIM1], scheck2[DIM0][DIM1];
       ^~~~~~~~
ntypes.c:34:29: warning: size of 'scheck2' is 40000 bytes [-Wlarger-than=]
 short spoints2[DIM0][DIM1], scheck2[DIM0][DIM1];
                             ^~~~~~~
ntypes.c:35:5: warning: size of 'ipoints3' is 400000 bytes [-Wlarger-than=]
 int ipoints3[DIM0][DIM1][5], icheck3[DIM0][DIM1][5];
     ^~~~~~~~
ntypes.c:35:30: warning: size of 'icheck3' is 400000 bytes [-Wlarger-than=]
 int ipoints3[DIM0][DIM1][5], icheck3[DIM0][DIM1][5];
                              ^~~~~~~
  CCLD     ntypes
  CC       dangle.o
  CCLD     dangle
  CC       dtransform.o
dtransform.c: In function 'main':
dtransform.c:117:10: warning: size of 'array' is 3456 bytes [-Wlarger-than=]
     TYPE array[ROWS][COLS];                            \
          ^~~~~
dtransform.c:303:5: note: in expansion of macro 'TEST_TYPE_CONTIG'
     TEST_TYPE_CONTIG(dxpl_id_c_to_f, long double, H5T_NATIVE_LDOUBLE, "ldouble", windchillFfloat, 1);
     ^~~~~~~~~~~~~~~~
dtransform.c:183:10: warning: size of 'array' is 3456 bytes [-Wlarger-than=]
     TYPE array[ROWS][COLS];                            \
          ^~~~~
dtransform.c:320:5: note: in expansion of macro 'TEST_TYPE_CHUNK'
     TEST_TYPE_CHUNK(dxpl_id_c_to_f, long double, H5T_NATIVE_LDOUBLE, "ldouble", windchillFfloat, 1);
     ^~~~~~~~~~~~~~~
  CCLD     dtransform
  CC       reserved.o
  CCLD     reserved
  CC       cross_read.o
In file included from cross_read.c:23:
cross_read.c: In function 'check_file':
H5srcdir.h:62:71: warning: 'snprintf' output may be truncated before the last format character [-Wformat-truncation=]
             HDsnprintf(srcdir_testpath, sizeof(srcdir_testpath), "%s%s", srcdir, filename);
                                                                       ^
In file included from h5test.h:28,
                 from cross_read.c:22:
../src/H5private.h:1345:27: note: 'snprintf' output 1 or more bytes (assuming 1025) into a destination of size 1024
     #define HDsnprintf    snprintf /*varargs*/
H5srcdir.h:62:13: note: in expansion of macro 'HDsnprintf'
             HDsnprintf(srcdir_testpath, sizeof(srcdir_testpath), "%s%s", srcdir, filename);
             ^~~~~~~~~~
  CCLD     cross_read
  CC       freespace.o
  CCLD     freespace
  CC       mf.o
  CCLD     mf
  CC       vds.o
vds.c: In function 'test_basic_io':
vds.c:1387:1: warning: stack usage might be 11216 bytes [-Wstack-usage=]
 test_basic_io(unsigned config, hid_t fapl)
 ^~~~~~~~~~~~~
vds.c: In function 'test_vds_prefix_first':
vds.c:1135:1: warning: stack usage might be 8560 bytes [-Wstack-usage=]
 test_vds_prefix_first(unsigned config, hid_t fapl)
 ^~~~~~~~~~~~~~~~~~~~~
vds.c: In function 'main':
vds.c:12148:1: warning: stack usage might be 12272 bytes [-Wstack-usage=]
 main(void)
 ^~~~
  CCLD     vds
  CC       file_image.o
  CCLD     file_image
  CC       unregister.o
unregister.c: In function 'test_unregister_filters':
unregister.c:98:17: warning: size of 'data' is 80000 bytes [-Wlarger-than=]
     int         data[DSET_DIM1][DSET_DIM2];
                 ^~~~
unregister.c:83:1: warning: stack usage might be 81280 bytes [-Wstack-usage=]
 test_unregister_filters(hid_t fapl_id)
 ^~~~~~~~~~~~~~~~~~~~~~~
unregister.c:251:1: warning: the frame size of 81200 bytes is larger than 16384 bytes [-Wframe-larger-than=]
 }
 ^
  CCLD     unregister
  CC       cache_logging.o
  CCLD     cache_logging
  CC       cork.o
  CCLD     cork
  CC       swmr.o
  CCLD     swmr
  CC       vol.o
  CCLD     vol
  CC       error_test.o
error_test.c:41:8: warning: size of 'ipoints2' is 80000 bytes [-Wlarger-than=]
 int    ipoints2[DIM0][DIM1], icheck2[DIM0][DIM1];
        ^~~~~~~~
error_test.c:41:30: warning: size of 'icheck2' is 80000 bytes [-Wlarger-than=]
 int    ipoints2[DIM0][DIM1], icheck2[DIM0][DIM1];
                              ^~~~~~~
In file included from error_test.c:21:
error_test.c: In function 'main':
H5srcdir.h:62:69: warning: '%s' directive output may be truncated writing up to 1023 bytes into a region of size between 1 and 1024 [-Wformat-truncation=]
             HDsnprintf(srcdir_testpath, sizeof(srcdir_testpath), "%s%s", srcdir, filename);
                                                                     ^~
In file included from h5test.h:28,
                 from error_test.c:20:
../src/H5private.h:1345:27: note: 'snprintf' output between 1 and 2047 bytes into a destination of size 1024
     #define HDsnprintf    snprintf /*varargs*/
H5srcdir.h:62:13: note: in expansion of macro 'HDsnprintf'
             HDsnprintf(srcdir_testpath, sizeof(srcdir_testpath), "%s%s", srcdir, filename);
             ^~~~~~~~~~
  CCLD     error_test
  CC       err_compat.o
err_compat.c:38:8: warning: size of 'ipoints2' is 80000 bytes [-Wlarger-than=]
 int    ipoints2[DIM0][DIM1], icheck2[DIM0][DIM1];
        ^~~~~~~~
err_compat.c:38:30: warning: size of 'icheck2' is 80000 bytes [-Wlarger-than=]
 int    ipoints2[DIM0][DIM1], icheck2[DIM0][DIM1];
                              ^~~~~~~
  CCLD     err_compat
  CC       tcheck_version.o
  CCLD     tcheck_version
  CC       testmeta.o
  CCLD     testmeta
  CC       accum_swmr_reader.o
  CCLD     accum_swmr_reader
  CC       atomic_writer.o
  CCLD     atomic_writer
  CC       atomic_reader.o
  CCLD     atomic_reader
  CC       external_env.o
  CCLD     external_env
  CC       links_env.o
  CCLD     links_env
  CC       filenotclosed.o
  CCLD     filenotclosed
  CC       del_many_dense_attrs.o
del_many_dense_attrs.c: In function 'main':
del_many_dense_attrs.c:73:20: warning: initialization discards 'const' qualifier from pointer target type [-Wdiscarded-qualifiers]
     char *basename="attr";      /* Name prefix for attribute    */
                    ^~~~~~
  CCLD     del_many_dense_attrs
  CC       flushrefresh.o
  CCLD     flushrefresh
  CC       use_append_chunk.o
  CC       use_common.o
  CCLD     use_append_chunk
  CC       use_append_mchunks.o
  CCLD     use_append_mchunks
  CC       use_disable_mdc_flushes.o
  CCLD     use_disable_mdc_flushes
  CC       swmr_generator.o
  CCLD     swmr_generator
  CC       swmr_start_write.o
  CCLD     swmr_start_write
  CC       swmr_reader.o
  CCLD     swmr_reader
  CC       swmr_writer.o
  CCLD     swmr_writer
  CC       swmr_remove_reader.o
  CCLD     swmr_remove_reader
  CC       swmr_remove_writer.o
  CCLD     swmr_remove_writer
  CC       swmr_addrem_writer.o
  CCLD     swmr_addrem_writer
  CC       swmr_sparse_reader.o
  CCLD     swmr_sparse_reader
  CC       swmr_sparse_writer.o
  CCLD     swmr_sparse_writer
  CC       swmr_check_compat_vfd.o
  CCLD     swmr_check_compat_vfd
  CC       vds_env.o
vds_env.c: In function 'test_vds_prefix_second':
vds_env.c:51:1: warning: stack usage might be 9584 bytes [-Wstack-usage=]
 test_vds_prefix_second(unsigned config, hid_t fapl)
 ^~~~~~~~~~~~~~~~~~~~~~
  CCLD     vds_env
  CC       vds_swmr_gen.o
  CCLD     vds_swmr_gen
  CC       vds_swmr_reader.o
  CCLD     vds_swmr_reader
  CC       vds_swmr_writer.o
  CCLD     vds_swmr_writer
Making all in bin
Making all in tools
Making all in lib
  CC       h5tools.lo
h5tools.c: In function 'render_bin_output':
h5tools.c:1439:60: warning: cast increases required alignment of target type [-Wcast-align]
                             if((region_id = H5Ropen_object((const H5R_ref_t *)mem, H5P_DEFAULT, H5P_DEFAULT)) < 0)
                                                            ^
h5tools.c:1439:60: warning: passing argument 1 of 'H5Ropen_object' discards 'const' qualifier from pointer target type [-Wdiscarded-qualifiers]
                             if((region_id = H5Ropen_object((const H5R_ref_t *)mem, H5P_DEFAULT, H5P_DEFAULT)) < 0)
                                                            ^~~~~~~~~~~~~~~~~~~~~~
In file included from ../../src/hdf5.h:37,
                 from h5tools.h:23,
                 from h5tools.c:19:
../../src/H5Rpublic.h:114:43: note: expected 'H5R_ref_t *' {aka 'struct <anonymous> *'} but argument is of type 'const H5R_ref_t *' {aka 'const struct <anonymous> *'}
 H5_DLL hid_t    H5Ropen_object(H5R_ref_t *ref_ptr, hid_t rapl_id, hid_t oapl_id);
                                ~~~~~~~~~~~^~~~~~~
h5tools.c:1442:67: warning: cast increases required alignment of target type [-Wcast-align]
                                 if((region_space = H5Ropen_region((const H5R_ref_t *)mem, H5P_DEFAULT, H5P_DEFAULT)) >= 0) {
                                                                   ^
h5tools.c:1442:67: warning: passing argument 1 of 'H5Ropen_region' discards 'const' qualifier from pointer target type [-Wdiscarded-qualifiers]
                                 if((region_space = H5Ropen_region((const H5R_ref_t *)mem, H5P_DEFAULT, H5P_DEFAULT)) >= 0) {
                                                                   ^~~~~~~~~~~~~~~~~~~~~~
In file included from ../../src/hdf5.h:37,
                 from h5tools.h:23,
                 from h5tools.c:19:
../../src/H5Rpublic.h:115:43: note: expected 'H5R_ref_t *' {aka 'struct <anonymous> *'} but argument is of type 'const H5R_ref_t *' {aka 'const struct <anonymous> *'}
 H5_DLL hid_t    H5Ropen_region(H5R_ref_t *ref_ptr, hid_t rapl_id, hid_t oapl_id);
                                ~~~~~~~~~~~^~~~~~~
  CC       h5tools_dump.lo
h5tools_dump.c: In function 'h5tools_dump_data':
h5tools_dump.c:4094:46: warning: passing argument 1 of 'H5Rget_obj_type3' discards 'const' qualifier from pointer target type [-Wdiscarded-qualifiers]
                         if (H5Rget_obj_type3((const H5R_ref_t *)&ref_buf[i], H5P_DEFAULT, &obj_type) >= 0) {
                                              ^~~~~~~~~~~~~~~~~~~~~~~~~~~~~~
In file included from ../../src/hdf5.h:37,
                 from h5tools.h:23,
                 from h5tools_dump.c:19:
../../src/H5Rpublic.h:119:45: note: expected 'H5R_ref_t *' {aka 'struct <anonymous> *'} but argument is of type 'const H5R_ref_t *' {aka 'const struct <anonymous> *'}
 H5_DLL herr_t   H5Rget_obj_type3(H5R_ref_t *ref_ptr, hid_t rapl_id, H5O_type_t *obj_type);
                                  ~~~~~~~~~~~^~~~~~~
h5tools_dump.c:4097:69: warning: passing argument 1 of 'H5Ropen_object' discards 'const' qualifier from pointer target type [-Wdiscarded-qualifiers]
                                     if((new_obj_id = H5Ropen_object((const H5R_ref_t *)&ref_buf[i], H5P_DEFAULT, H5P_DEFAULT)) >= 0) {
                                                                     ^~~~~~~~~~~~~~~~~~~~~~~~~~~~~~
In file included from ../../src/hdf5.h:37,
                 from h5tools.h:23,
                 from h5tools_dump.c:19:
../../src/H5Rpublic.h:114:43: note: expected 'H5R_ref_t *' {aka 'struct <anonymous> *'} but argument is of type 'const H5R_ref_t *' {aka 'const struct <anonymous> *'}
 H5_DLL hid_t    H5Ropen_object(H5R_ref_t *ref_ptr, hid_t rapl_id, hid_t oapl_id);
                                ~~~~~~~~~~~^~~~~~~
h5tools_dump.c:4122:57: warning: passing argument 1 of 'H5Ropen_object' discards 'const' qualifier from pointer target type [-Wdiscarded-qualifiers]
                         if((new_obj_id = H5Ropen_object((const H5R_ref_t *)&ref_buf[i], H5P_DEFAULT, H5P_DEFAULT)) >= 0) {
                                                         ^~~~~~~~~~~~~~~~~~~~~~~~~~~~~~
In file included from ../../src/hdf5.h:37,
                 from h5tools.h:23,
                 from h5tools_dump.c:19:
../../src/H5Rpublic.h:114:43: note: expected 'H5R_ref_t *' {aka 'struct <anonymous> *'} but argument is of type 'const H5R_ref_t *' {aka 'const struct <anonymous> *'}
 H5_DLL hid_t    H5Ropen_object(H5R_ref_t *ref_ptr, hid_t rapl_id, hid_t oapl_id);
                                ~~~~~~~~~~~^~~~~~~
h5tools_dump.c:4134:46: warning: passing argument 1 of 'H5Rget_obj_type3' discards 'const' qualifier from pointer target type [-Wdiscarded-qualifiers]
                         if (H5Rget_obj_type3((const H5R_ref_t *)&ref_buf[i], H5P_DEFAULT, &obj_type) >= 0) {
                                              ^~~~~~~~~~~~~~~~~~~~~~~~~~~~~~
In file included from ../../src/hdf5.h:37,
                 from h5tools.h:23,
                 from h5tools_dump.c:19:
../../src/H5Rpublic.h:119:45: note: expected 'H5R_ref_t *' {aka 'struct <anonymous> *'} but argument is of type 'const H5R_ref_t *' {aka 'const struct <anonymous> *'}
 H5_DLL herr_t   H5Rget_obj_type3(H5R_ref_t *ref_ptr, hid_t rapl_id, H5O_type_t *obj_type);
                                  ~~~~~~~~~~~^~~~~~~
h5tools_dump.c:4140:69: warning: passing argument 1 of 'H5Ropen_object' discards 'const' qualifier from pointer target type [-Wdiscarded-qualifiers]
                                     if((new_obj_id = H5Ropen_object((const H5R_ref_t *)&ref_buf[i], H5P_DEFAULT, H5P_DEFAULT)) >= 0) {
                                                                     ^~~~~~~~~~~~~~~~~~~~~~~~~~~~~~
In file included from ../../src/hdf5.h:37,
                 from h5tools.h:23,
                 from h5tools_dump.c:19:
../../src/H5Rpublic.h:114:43: note: expected 'H5R_ref_t *' {aka 'struct <anonymous> *'} but argument is of type 'const H5R_ref_t *' {aka 'const struct <anonymous> *'}
 H5_DLL hid_t    H5Ropen_object(H5R_ref_t *ref_ptr, hid_t rapl_id, hid_t oapl_id);
                                ~~~~~~~~~~~^~~~~~~
h5tools_dump.c:4171:57: warning: passing argument 1 of 'H5Ropen_object' discards 'const' qualifier from pointer target type [-Wdiscarded-qualifiers]
                         if((new_obj_id = H5Ropen_object((const H5R_ref_t *)&ref_buf[i], H5P_DEFAULT, H5P_DEFAULT)) < 0)
                                                         ^~~~~~~~~~~~~~~~~~~~~~~~~~~~~~
In file included from ../../src/hdf5.h:37,
                 from h5tools.h:23,
                 from h5tools_dump.c:19:
../../src/H5Rpublic.h:114:43: note: expected 'H5R_ref_t *' {aka 'struct <anonymous> *'} but argument is of type 'const H5R_ref_t *' {aka 'const struct <anonymous> *'}
 H5_DLL hid_t    H5Ropen_object(H5R_ref_t *ref_ptr, hid_t rapl_id, hid_t oapl_id);
                                ~~~~~~~~~~~^~~~~~~
h5tools_dump.c:4174:62: warning: passing argument 1 of 'H5Ropen_region' discards 'const' qualifier from pointer target type [-Wdiscarded-qualifiers]
                             if((new_obj_sid = H5Ropen_region((const H5R_ref_t *)&ref_buf[i], H5P_DEFAULT, H5P_DEFAULT)) >= 0) {
                                                              ^~~~~~~~~~~~~~~~~~~~~~~~~~~~~~
In file included from ../../src/hdf5.h:37,
                 from h5tools.h:23,
                 from h5tools_dump.c:19:
../../src/H5Rpublic.h:115:43: note: expected 'H5R_ref_t *' {aka 'struct <anonymous> *'} but argument is of type 'const H5R_ref_t *' {aka 'const struct <anonymous> *'}
 H5_DLL hid_t    H5Ropen_region(H5R_ref_t *ref_ptr, hid_t rapl_id, hid_t oapl_id);
                                ~~~~~~~~~~~^~~~~~~
h5tools_dump.c:4226:55: warning: passing argument 1 of 'H5Ropen_attr' discards 'const' qualifier from pointer target type [-Wdiscarded-qualifiers]
                         if((new_obj_id = H5Ropen_attr((const H5R_ref_t *)&ref_buf[i], H5P_DEFAULT, H5P_DEFAULT)) >= 0) {
                                                       ^~~~~~~~~~~~~~~~~~~~~~~~~~~~~~
In file included from ../../src/hdf5.h:37,
                 from h5tools.h:23,
                 from h5tools_dump.c:19:
../../src/H5Rpublic.h:116:41: note: expected 'H5R_ref_t *' {aka 'struct <anonymous> *'} but argument is of type 'const H5R_ref_t *' {aka 'const struct <anonymous> *'}
 H5_DLL hid_t    H5Ropen_attr(H5R_ref_t *ref_ptr, hid_t rapl_id, hid_t aapl_id);
                              ~~~~~~~~~~~^~~~~~~
  CC       h5tools_str.lo
  CC       h5tools_utils.lo
h5tools_utils.c: In function 'h5tools_set_configured_fapl':
h5tools_utils.c:1293:40: warning: unused parameter 'fapl_t_ptr' [-Wunused-parameter]
                            void       *fapl_t_ptr)
                            ~~~~~~~~~~~~^~~~~~~~~~
  CC       h5diff.lo
  CC       h5diff_array.lo
h5diff_array.c: In function 'character_compare_opt':
h5diff_array.c:2542:19: warning: variable 'both_zero' set but not used [-Wunused-but-set-variable]
     hbool_t       both_zero;
                   ^~~~~~~~~
  CC       h5diff_attr.lo
  CC       h5diff_dset.lo
  CC       h5diff_util.lo
  CC       h5trav.lo
  CC       h5tools_filters.lo
  CC       h5tools_ref.lo
  CC       h5tools_type.lo
  CC       io_timer.lo
  CCLD     libh5tools.la
Making all in src
Making all in h5diff
  CC       h5diff_main.o
  CC       h5diff_common.o
h5diff_common.c: In function 'parse_command_line':
h5diff_common.c:194:38: warning: cast discards 'const' qualifier from pointer target type [-Wcast-qual]
             exclude_node->obj_path = (char*)opt_arg;
                                      ^
  CCLD     h5diff
Making all in h5ls
  CC       h5ls.o
h5ls.c: In function 'dump_reference':
h5ls.c:1336:38: warning: passing argument 1 of 'H5Rget_obj_type3' discards 'const' qualifier from pointer target type [-Wdiscarded-qualifiers]
                 if (H5Rget_obj_type3((const H5R_ref_t *)&ref_buf[i], H5P_DEFAULT, &obj_type) >= 0) {
                                      ^~~~~~~~~~~~~~~~~~~~~~~~~~~~~~
In file included from ../../../src/hdf5.h:37,
                 from ../../../tools/lib/h5tools.h:23,
                 from h5ls.c:26:
../../../src/H5Rpublic.h:119:45: note: expected 'H5R_ref_t *' {aka 'struct <anonymous> *'} but argument is of type 'const H5R_ref_t *' {aka 'const struct <anonymous> *'}
 H5_DLL herr_t   H5Rget_obj_type3(H5R_ref_t *ref_ptr, hid_t rapl_id, H5O_type_t *obj_type);
                                  ~~~~~~~~~~~^~~~~~~
h5ls.c:1339:61: warning: passing argument 1 of 'H5Ropen_object' discards 'const' qualifier from pointer target type [-Wdiscarded-qualifiers]
                             if((new_obj_id = H5Ropen_object((const H5R_ref_t *)&ref_buf[i], H5P_DEFAULT, H5P_DEFAULT)) >= 0) {
                                                             ^~~~~~~~~~~~~~~~~~~~~~~~~~~~~~
In file included from ../../../src/hdf5.h:37,
                 from ../../../tools/lib/h5tools.h:23,
                 from h5ls.c:26:
../../../src/H5Rpublic.h:114:43: note: expected 'H5R_ref_t *' {aka 'struct <anonymous> *'} but argument is of type 'const H5R_ref_t *' {aka 'const struct <anonymous> *'}
 H5_DLL hid_t    H5Ropen_object(H5R_ref_t *ref_ptr, hid_t rapl_id, hid_t oapl_id);
                                ~~~~~~~~~~~^~~~~~~
h5ls.c:1366:49: warning: passing argument 1 of 'H5Ropen_object' discards 'const' qualifier from pointer target type [-Wdiscarded-qualifiers]
                 if((new_obj_id = H5Ropen_object((const H5R_ref_t *)&ref_buf[i], H5P_DEFAULT, H5P_DEFAULT)) >= 0) {
                                                 ^~~~~~~~~~~~~~~~~~~~~~~~~~~~~~
In file included from ../../../src/hdf5.h:37,
                 from ../../../tools/lib/h5tools.h:23,
                 from h5ls.c:26:
../../../src/H5Rpublic.h:114:43: note: expected 'H5R_ref_t *' {aka 'struct <anonymous> *'} but argument is of type 'const H5R_ref_t *' {aka 'const struct <anonymous> *'}
 H5_DLL hid_t    H5Ropen_object(H5R_ref_t *ref_ptr, hid_t rapl_id, hid_t oapl_id);
                                ~~~~~~~~~~~^~~~~~~
h5ls.c:1380:38: warning: passing argument 1 of 'H5Rget_obj_type3' discards 'const' qualifier from pointer target type [-Wdiscarded-qualifiers]
                 if (H5Rget_obj_type3((const H5R_ref_t *)&ref_buf[i], H5P_DEFAULT, &obj_type) >= 0) {
                                      ^~~~~~~~~~~~~~~~~~~~~~~~~~~~~~
In file included from ../../../src/hdf5.h:37,
                 from ../../../tools/lib/h5tools.h:23,
                 from h5ls.c:26:
../../../src/H5Rpublic.h:119:45: note: expected 'H5R_ref_t *' {aka 'struct <anonymous> *'} but argument is of type 'const H5R_ref_t *' {aka 'const struct <anonymous> *'}
 H5_DLL herr_t   H5Rget_obj_type3(H5R_ref_t *ref_ptr, hid_t rapl_id, H5O_type_t *obj_type);
                                  ~~~~~~~~~~~^~~~~~~
h5ls.c:1386:61: warning: passing argument 1 of 'H5Ropen_object' discards 'const' qualifier from pointer target type [-Wdiscarded-qualifiers]
                             if((new_obj_id = H5Ropen_object((const H5R_ref_t *)&ref_buf[i], H5P_DEFAULT, H5P_DEFAULT)) >= 0) {
                                                             ^~~~~~~~~~~~~~~~~~~~~~~~~~~~~~
In file included from ../../../src/hdf5.h:37,
                 from ../../../tools/lib/h5tools.h:23,
                 from h5ls.c:26:
../../../src/H5Rpublic.h:114:43: note: expected 'H5R_ref_t *' {aka 'struct <anonymous> *'} but argument is of type 'const H5R_ref_t *' {aka 'const struct <anonymous> *'}
 H5_DLL hid_t    H5Ropen_object(H5R_ref_t *ref_ptr, hid_t rapl_id, hid_t oapl_id);
                                ~~~~~~~~~~~^~~~~~~
h5ls.c:1419:49: warning: passing argument 1 of 'H5Ropen_object' discards 'const' qualifier from pointer target type [-Wdiscarded-qualifiers]
                 if((new_obj_id = H5Ropen_object((const H5R_ref_t *)&ref_buf[i], H5P_DEFAULT, H5P_DEFAULT)) < 0)
                                                 ^~~~~~~~~~~~~~~~~~~~~~~~~~~~~~
In file included from ../../../src/hdf5.h:37,
                 from ../../../tools/lib/h5tools.h:23,
                 from h5ls.c:26:
../../../src/H5Rpublic.h:114:43: note: expected 'H5R_ref_t *' {aka 'struct <anonymous> *'} but argument is of type 'const H5R_ref_t *' {aka 'const struct <anonymous> *'}
 H5_DLL hid_t    H5Ropen_object(H5R_ref_t *ref_ptr, hid_t rapl_id, hid_t oapl_id);
                                ~~~~~~~~~~~^~~~~~~
h5ls.c:1422:54: warning: passing argument 1 of 'H5Ropen_region' discards 'const' qualifier from pointer target type [-Wdiscarded-qualifiers]
                     if((new_obj_sid = H5Ropen_region((const H5R_ref_t *)&ref_buf[i], H5P_DEFAULT, H5P_DEFAULT)) >= 0) {
                                                      ^~~~~~~~~~~~~~~~~~~~~~~~~~~~~~
In file included from ../../../src/hdf5.h:37,
                 from ../../../tools/lib/h5tools.h:23,
                 from h5ls.c:26:
../../../src/H5Rpublic.h:115:43: note: expected 'H5R_ref_t *' {aka 'struct <anonymous> *'} but argument is of type 'const H5R_ref_t *' {aka 'const struct <anonymous> *'}
 H5_DLL hid_t    H5Ropen_region(H5R_ref_t *ref_ptr, hid_t rapl_id, hid_t oapl_id);
                                ~~~~~~~~~~~^~~~~~~
h5ls.c:1474:47: warning: passing argument 1 of 'H5Ropen_attr' discards 'const' qualifier from pointer target type [-Wdiscarded-qualifiers]
                 if((new_obj_id = H5Ropen_attr((const H5R_ref_t *)&ref_buf[i], H5P_DEFAULT, H5P_DEFAULT)) >= 0) {
                                               ^~~~~~~~~~~~~~~~~~~~~~~~~~~~~~
In file included from ../../../src/hdf5.h:37,
                 from ../../../tools/lib/h5tools.h:23,
                 from h5ls.c:26:
../../../src/H5Rpublic.h:116:41: note: expected 'H5R_ref_t *' {aka 'struct <anonymous> *'} but argument is of type 'const H5R_ref_t *' {aka 'const struct <anonymous> *'}
 H5_DLL hid_t    H5Ropen_attr(H5R_ref_t *ref_ptr, hid_t rapl_id, hid_t aapl_id);
                              ~~~~~~~~~~~^~~~~~~
  CCLD     h5ls
Making all in h5dump
  CC       h5dump.o
  CC       h5dump_ddl.o
  CC       h5dump_xml.o
  CCLD     h5dump
Making all in misc
  CC       h5debug.o
  CCLD     h5debug
  CC       h5repart.o
  CCLD     h5repart
  CC       h5mkgrp.o
  CCLD     h5mkgrp
  CC       h5clear.o
  CCLD     h5clear
Making all in h5import
  CC       h5import.o
h5import.c: In function 'main':
h5import.c:75:21: warning: size of 'opt' is 173544 bytes [-Wlarger-than=]
     struct Options  opt;
                     ^~~
h5import.c:73:5: warning: stack usage might be 174816 bytes [-Wstack-usage=]
 int main(int argc, char *argv[])
     ^~~~
h5import.c:269:1: warning: the frame size of 174736 bytes is larger than 16384 bytes [-Wframe-larger-than=]
 }
 ^
  CCLD     h5import
Making all in h5repack
  CC       h5repack.lo
  CC       h5repack_copy.lo
  CC       h5repack_filters.lo
  CC       h5repack_opttable.lo
  CC       h5repack_parse.lo
  CC       h5repack_refs.lo
  CC       h5repack_verify.lo
  CCLD     libh5repack.la
  CC       h5repack_main.o
  CCLD     h5repack
Making all in h5jam
  CC       h5jam.o
  CCLD     h5jam
  CC       h5unjam.o
  CCLD     h5unjam
Making all in h5copy
  CC       h5copy.o
  CCLD     h5copy
Making all in h5format_convert
  CC       h5format_convert.o
  CCLD     h5format_convert
Making all in h5stat
  CC       h5stat.o
  CCLD     h5stat
Making all in test
Making all in h5diff
  CC       h5diffgentest.o
  CCLD     h5diffgentest
Making all in h5ls
Making all in h5dump
  CC       h5dumpgentest.o
h5dumpgentest.c: In function 'gent_dataset':
h5dumpgentest.c:467:12: warning: size of 'dset2' is 4800 bytes [-Wlarger-than=]
     double dset2[30][20];
            ^~~~~
h5dumpgentest.c: In function 'gent_str':
h5dumpgentest.c:1776:16: warning: size of 'comp1' is 12888 bytes [-Wlarger-than=]
     compound_t comp1[3][6];
                ^~~~~
h5dumpgentest.c: In function 'gent_multi':
h5dumpgentest.c:3750:10: warning: size of 'sv' is 7168 bytes [-Wlarger-than=]
     char sv[H5FD_MEM_NTYPES][1024];
          ^~
h5dumpgentest.c: In function 'gent_packedbits':
h5dumpgentest.c:7179:14: warning: size of 'dsetu64' is 4096 bytes [-Wlarger-than=]
     uint64_t dsetu64[F66_XDIM][F66_YDIM64], valu64bits;
              ^~~~~~~
h5dumpgentest.c:7183:13: warning: size of 'dset64' is 4096 bytes [-Wlarger-than=]
     int64_t dset64[F66_XDIM][F66_YDIM64], val64bits;
             ^~~~~~
h5dumpgentest.c: In function 'gent_attr_intsize':
h5dumpgentest.c:7360:14: warning: size of 'dsetu64' is 4096 bytes [-Wlarger-than=]
     uint64_t dsetu64[F66_XDIM][F66_YDIM64], valu64bits;
              ^~~~~~~
h5dumpgentest.c:7364:13: warning: size of 'dset64' is 4096 bytes [-Wlarger-than=]
     int64_t dset64[F66_XDIM][F66_YDIM64], val64bits;
             ^~~~~~
h5dumpgentest.c: In function 'gent_compound_attr_intsizes':
h5dumpgentest.c:7965:18: warning: size of 'Array1' is 45568 bytes [-Wlarger-than=]
     Array1Struct Array1[F70_LENGTH];
                  ^~~~~~
h5dumpgentest.c: In function 'gent_intscalars':
h5dumpgentest.c:8373:14: warning: size of 'dsetu64' is 4096 bytes [-Wlarger-than=]
     uint64_t dsetu64[F73_XDIM][F73_YDIM64], valu64bits;
              ^~~~~~~
h5dumpgentest.c:8377:13: warning: size of 'dset64' is 4096 bytes [-Wlarger-than=]
     int64_t dset64[F73_XDIM][F73_YDIM64], val64bits;
             ^~~~~~
h5dumpgentest.c: In function 'gent_attr_intscalars':
h5dumpgentest.c:8571:14: warning: size of 'dsetu64' is 4096 bytes [-Wlarger-than=]
     uint64_t dsetu64[F73_XDIM][F73_YDIM64], valu64bits;
              ^~~~~~~
h5dumpgentest.c:8575:13: warning: size of 'dset64' is 4096 bytes [-Wlarger-than=]
     int64_t dset64[F73_XDIM][F73_YDIM64], val64bits;
             ^~~~~~
h5dumpgentest.c: In function 'gent_intattrscalars':
h5dumpgentest.c:9310:14: warning: size of 'dsetu64' is 4096 bytes [-Wlarger-than=]
     uint64_t dsetu64[F73_XDIM][F73_YDIM64], valu64bits;
              ^~~~~~~
h5dumpgentest.c:9314:13: warning: size of 'dset64' is 4096 bytes [-Wlarger-than=]
     int64_t dset64[F73_XDIM][F73_YDIM64], val64bits;
             ^~~~~~
h5dumpgentest.c: In function 'gent_intsattrs':
h5dumpgentest.c:9542:14: warning: size of 'dsetu64' is 4096 bytes [-Wlarger-than=]
     uint64_t dsetu64[F66_XDIM][F66_YDIM64], asetu64[F66_XDIM*F66_YDIM64], valu64bits;
              ^~~~~~~
h5dumpgentest.c:9542:45: warning: size of 'asetu64' is 4096 bytes [-Wlarger-than=]
     uint64_t dsetu64[F66_XDIM][F66_YDIM64], asetu64[F66_XDIM*F66_YDIM64], valu64bits;
                                             ^~~~~~~
h5dumpgentest.c:9546:13: warning: size of 'dset64' is 4096 bytes [-Wlarger-than=]
     int64_t dset64[F66_XDIM][F66_YDIM64], aset64[F66_XDIM*F66_YDIM64], val64bits;
             ^~~~~~
h5dumpgentest.c:9546:43: warning: size of 'aset64' is 4096 bytes [-Wlarger-than=]
     int64_t dset64[F66_XDIM][F66_YDIM64], aset64[F66_XDIM*F66_YDIM64], val64bits;
                                           ^~~~~~
h5dumpgentest.c: In function 'gent_intsfourdims':
h5dumpgentest.c:9955:14: warning: size of 'dset1' is 7680 bytes [-Wlarger-than=]
     uint32_t dset1[F81_ZDIM][F81_YDIM][F81_XDIM][F81_WDIM];
              ^~~~~
h5dumpgentest.c: In function 'gent_attr_intsize':
h5dumpgentest.c:7353:1: warning: stack usage is 11536 bytes [-Wstack-usage=]
 gent_attr_intsize(void)
 ^~~~~~~~~~~~~~~~~
h5dumpgentest.c: In function 'gent_packedbits':
h5dumpgentest.c:7172:1: warning: stack usage might be 11536 bytes [-Wstack-usage=]
 gent_packedbits(void)
 ^~~~~~~~~~~~~~~
h5dumpgentest.c: In function 'gent_intsattrs':
h5dumpgentest.c:9535:1: warning: stack usage might be 22976 bytes [-Wstack-usage=]
 gent_intsattrs(void)
 ^~~~~~~~~~~~~~
h5dumpgentest.c:9790:1: warning: the frame size of 22896 bytes is larger than 16384 bytes [-Wframe-larger-than=]
 }
 ^
h5dumpgentest.c: In function 'gent_intscalars':
h5dumpgentest.c:8366:1: warning: stack usage might be 11552 bytes [-Wstack-usage=]
 gent_intscalars(void)
 ^~~~~~~~~~~~~~~
h5dumpgentest.c: In function 'gent_attr_intscalars':
h5dumpgentest.c:8564:1: warning: stack usage is 11552 bytes [-Wstack-usage=]
 gent_attr_intscalars(void)
 ^~~~~~~~~~~~~~~~~~~~
h5dumpgentest.c: In function 'gent_intattrscalars':
h5dumpgentest.c:9303:1: warning: stack usage might be 11568 bytes [-Wstack-usage=]
 gent_intattrscalars(void)
 ^~~~~~~~~~~~~~~~~~~
h5dumpgentest.c: In function 'gent_compound_attr_intsizes':
h5dumpgentest.c:7929:13: warning: stack usage is 45776 bytes [-Wstack-usage=]
 static void gent_compound_attr_intsizes(void) {
             ^~~~~~~~~~~~~~~~~~~~~~~~~~~
h5dumpgentest.c:8204:1: warning: the frame size of 45712 bytes is larger than 16384 bytes [-Wframe-larger-than=]
 }
 ^
h5dumpgentest.c: In function 'gent_str':
h5dumpgentest.c:1741:13: warning: stack usage might be 13632 bytes [-Wstack-usage=]
 static void gent_str(void) {
             ^~~~~~~~
  CCLD     h5dumpgentest
  CC       binread.o
  CCLD     binread
Making all in misc
Making all in vds
  CC       UC_1_one_dim_gen.o
  CCLD     UC_1_one_dim_gen
  CC       UC_2_two_dims_gen.o
  CCLD     UC_2_two_dims_gen
  CC       UC_3_gaps_gen.o
  CCLD     UC_3_gaps_gen
  CC       UC_4_printf_gen.o
  CCLD     UC_4_printf_gen
  CC       UC_5_stride_gen.o
  CCLD     UC_5_stride_gen
  CC       h5repart_gentest.o
h5repart_gentest.c:28:12: warning: size of 'buf' is 16384 bytes [-Wlarger-than=]
 static int buf[FAMILY_NUMBER][FAMILY_SIZE];
            ^~~
  CCLD     h5repart_gentest
  CC       h5clear_gentest.o
h5clear_gentest.c: In function 'gen_cache_image_file':
h5clear_gentest.c:65:9: warning: size of 'buf' is 20000 bytes [-Wlarger-than=]
     int buf[50][100];               /* Buffer for data to write */
         ^~~
h5clear_gentest.c: In function 'gen_cache_image_file.constprop':
h5clear_gentest.c:57:1: warning: stack usage might be 20176 bytes [-Wstack-usage=]
 gen_cache_image_file(const char *fname)
 ^~~~~~~~~~~~~~~~~~~~
h5clear_gentest.c:136:1: warning: the frame size of 20096 bytes is larger than 16384 bytes [-Wframe-larger-than=]
 } /* gen_cache_image_file() */
 ^
  CCLD     h5clear_gentest
  CC       talign.o
  CCLD     talign
  CC       repart_test.o
  CCLD     repart_test
  CC       clear_open_chk.o
  CCLD     clear_open_chk
Making all in h5import
  CC       h5importtest.o
h5importtest.c: In function 'main':
h5importtest.c:73:12: warning: cast discards 'volatile' qualifier from pointer target type [-Wcast-qual]
     if ((*((uint8_t*)(&ibyte))) == 0x67)
            ^
  CCLD     h5importtest
Making all in h5repack
  CC       h5repacktst.o
h5repacktst.c: In function 'make_deflate':
h5repacktst.c:2551:16: warning: size of 'buf' is 3200 bytes [-Wlarger-than=]
     int        buf[DIM1][DIM2];
                ^~~
h5repacktst.c: In function 'make_shuffle':
h5repacktst.c:2626:14: warning: size of 'buf' is 3200 bytes [-Wlarger-than=]
     int      buf[DIM1][DIM2];
              ^~~
h5repacktst.c: In function 'make_fletcher32':
h5repacktst.c:2691:14: warning: size of 'buf' is 3200 bytes [-Wlarger-than=]
     int      buf[DIM1][DIM2];
              ^~~
h5repacktst.c: In function 'make_nbit':
h5repacktst.c:2760:14: warning: size of 'buf' is 3200 bytes [-Wlarger-than=]
     int      buf[DIM1][DIM2];
              ^~~
h5repacktst.c: In function 'make_scaleoffset':
h5repacktst.c:2841:14: warning: size of 'buf' is 3200 bytes [-Wlarger-than=]
     int      buf[DIM1][DIM2];
              ^~~
h5repacktst.c: In function 'make_all_filters':
h5repacktst.c:2920:14: warning: size of 'buf' is 3200 bytes [-Wlarger-than=]
     int      buf[DIM1][DIM2];
              ^~~
h5repacktst.c: In function 'make_layout':
h5repacktst.c:3179:14: warning: size of 'buf' is 3200 bytes [-Wlarger-than=]
     int      buf[DIM1][DIM2];
              ^~~
h5repacktst.c: In function 'make_layout3':
h5repacktst.c:3375:14: warning: size of 'buf1' is 240000 bytes [-Wlarger-than=]
     int      buf1[DIM1_L3][DIM2_L3];
              ^~~~
h5repacktst.c:3362:5: warning: stack usage is 241024 bytes [-Wstack-usage=]
 int make_layout3(hid_t loc_id)
     ^~~~~~~~~~~~
h5repacktst.c:3485:1: warning: the frame size of 240960 bytes is larger than 16384 bytes [-Wframe-larger-than=]
 }
 ^
  CCLD     h5repacktst
  CC       testh5repack_detect_szip.o
  CCLD     testh5repack_detect_szip
  CC       h5repackgentest.o
  CCLD     h5repackgentest
Making all in h5jam
  CC       tellub.o
  CCLD     tellub
  CC       h5jamgentest.o
  CCLD     h5jamgentest
  CC       getub.o
  CCLD     getub
Making all in h5copy
  CC       h5copygentest.o
  CCLD     h5copygentest
Making all in h5format_convert
  CC       h5fc_gentest.o
  CCLD     h5fc_gentest
  CC       h5fc_chk_idx.o
  CCLD     h5fc_chk_idx
Making all in h5stat
  CC       h5stat_gentest.o
  CCLD     h5stat_gentest
Making all in perform
  CC       sio_perf.o
sio_perf.c: In function 'parse_command_line':
sio_perf.c:987:36: warning: to be safe all intermediate pointers in cast from 'char **' to 'const char **' must be 'const' qualified [-Wcast-qual]
     while ((opt = get_option(argc, (const char **)argv, s_opts, l_opts)) != EOF) {
                                    ^
  CC       sio_engine.o
sio_engine.c: In function 'do_sio':
sio_engine.c:141:17: warning: size of 'fname' is 4096 bytes [-Wlarger-than=]
     char        fname[FILENAME_MAX];    /* test file name */
                 ^~~~~
sio_engine.c: In function 'set_vfd':
sio_engine.c:1167:14: warning: size of 'sv' is 7168 bytes [-Wlarger-than=]
         char sv[H5FD_MEM_NTYPES][1024];
              ^~
sio_engine.c: In function 'do_sio':
sio_engine.c:1315:52: warning: '%s' directive output may be truncated writing up to 4095 bytes into a region of size 2048 [-Wformat-truncation=]
sio_engine.c:251:25:
     do_cleanupfile(iot, fname);
                         ~~~~~                       
sio_engine.c:1315:52:
                     HDsnprintf(temp, sizeof temp, "%s-%c.h5",
                                                    ^~
In file included from ../../../test/h5test.h:28,
                 from sio_perf.h:18,
                 from sio_engine.c:35:
../../../src/H5private.h:1345:27: note: 'snprintf' output between 6 and 4101 bytes into a destination of size 2048
     #define HDsnprintf    snprintf /*varargs*/
sio_engine.c:1315:21: note: in expansion of macro 'HDsnprintf'
                     HDsnprintf(temp, sizeof temp, "%s-%c.h5",
                     ^~~~~~~~~~
  CCLD     h5perf_serial
  CC       iopipe.o
  CCLD     iopipe
  CC       chunk.o
  CCLD     chunk
  CC       chunk_cache.o
chunk_cache.c: In function 'create_dset1':
chunk_cache.c:113:18: warning: size of 'data' is 324000 bytes [-Wlarger-than=]
     int          data[DSET1_DIM1][DSET1_DIM2];    /* data for writing */
                  ^~~~
chunk_cache.c: In function 'create_dset2':
chunk_cache.c:174:18: warning: size of 'data' is 720000 bytes [-Wlarger-than=]
     int          data[DSET2_DIM1][DSET2_DIM2];    /* data for writing */
                  ^~~~
chunk_cache.c: In function 'create_dset1':
chunk_cache.c:107:12: warning: stack usage might be 324144 bytes [-Wstack-usage=]
 static int create_dset1(hid_t file)
            ^~~~~~~~~~~~
chunk_cache.c:161:1: warning: the frame size of 324064 bytes is larger than 16384 bytes [-Wframe-larger-than=]
 }
 ^
chunk_cache.c: In function 'create_dset2':
chunk_cache.c:168:12: warning: stack usage might be 720144 bytes [-Wstack-usage=]
 static int create_dset2(hid_t file)
            ^~~~~~~~~~~~
chunk_cache.c:222:1: warning: the frame size of 720080 bytes is larger than 16384 bytes [-Wframe-larger-than=]
 }
 ^
  CCLD     chunk_cache
  CC       overhead.o
  CCLD     overhead
  CC       zip_perf.o
zip_perf.c: In function 'main':
zip_perf.c:566:36: warning: to be safe all intermediate pointers in cast from 'char **' to 'const char **' must be 'const' qualified [-Wcast-qual]
     while ((opt = get_option(argc, (const char **)argv, s_opts, l_opts)) > 0) {
                                    ^
  CCLD     zip_perf
  CC       perf_meta.o
  CCLD     perf_meta
  CC       perf.o
  CCLD     perf
Making all in .
Making all in fortran
Making all in src
  CC       H5match_types.o
  CCLD     H5match_types
  PPFC     H5fortran_types.lo
libtool: compile:  gfortran -I. -I../../src -std=f2008 -pedantic -Wall -Wextra -Wunderflow -Wimplicit-interface -Wsurprising -Waliasing -Wcharacter-truncation -Warray-temporaries -Wintrinsics-std -Wimplicit-procedure -Wreal-q-constant -Wfunction-elimination -Wrealloc-lhs -Wrealloc-lhs-all -Wno-c-binding-type -Wuse-without-only -Winteger-division -Wfrontend-loop-interchange -fcheck=all -g -Og -I../../src -I../../fortran/src -g -fcray-pointer -ffixed-line-length-none -O3 -fopenmp -Wall -c H5fortran_types.F90 -o H5fortran_types.o
H5fortran_types.F90:18:13:

          USE ISO_C_BINDING
             1
Warning: USE statement at (1) has no ONLY qualifier [-Wuse-without-only]
  PPFC     H5f90global.lo
libtool: compile:  gfortran -I. -I../../src -std=f2008 -pedantic -Wall -Wextra -Wunderflow -Wimplicit-interface -Wsurprising -Waliasing -Wcharacter-truncation -Warray-temporaries -Wintrinsics-std -Wimplicit-procedure -Wreal-q-constant -Wfunction-elimination -Wrealloc-lhs -Wrealloc-lhs-all -Wno-c-binding-type -Wuse-without-only -Winteger-division -Wfrontend-loop-interchange -fcheck=all -g -Og -I../../src -I../../fortran/src -g -fcray-pointer -ffixed-line-length-none -O3 -fopenmp -Wall -c H5f90global.F90 -o H5f90global.o
H5f90global.F90:43:6:

   USE H5FORTRAN_TYPES
      1
Warning: USE statement at (1) has no ONLY qualifier [-Wuse-without-only]
H5f90global.F90:820:21:

     USE, INTRINSIC :: ISO_C_BINDING
                     1
Warning: USE statement at (1) has no ONLY qualifier [-Wuse-without-only]
H5f90global.F90:846:21:

     USE, INTRINSIC :: ISO_C_BINDING
                     1
Warning: USE statement at (1) has no ONLY qualifier [-Wuse-without-only]
  PPFC     H5Fff.lo
libtool: compile:  gfortran -I. -I../../src -std=f2008 -pedantic -Wall -Wextra -Wunderflow -Wimplicit-interface -Wsurprising -Waliasing -Wcharacter-truncation -Warray-temporaries -Wintrinsics-std -Wimplicit-procedure -Wreal-q-constant -Wfunction-elimination -Wrealloc-lhs -Wrealloc-lhs-all -Wno-c-binding-type -Wuse-without-only -Winteger-division -Wfrontend-loop-interchange -fcheck=all -g -Og -I../../src -I../../fortran/src -g -fcray-pointer -ffixed-line-length-none -O3 -fopenmp -Wall -c H5Fff.F90 -o H5Fff.o
H5Fff.F90:42:6:

   USE H5GLOBAL
      1
Warning: USE statement at (1) has no ONLY qualifier [-Wuse-without-only]
  PPFC     H5_ff.lo
libtool: compile:  gfortran -I. -I../../src -std=f2008 -pedantic -Wall -Wextra -Wunderflow -Wimplicit-interface -Wsurprising -Waliasing -Wcharacter-truncation -Warray-temporaries -Wintrinsics-std -Wimplicit-procedure -Wreal-q-constant -Wfunction-elimination -Wrealloc-lhs -Wrealloc-lhs-all -Wno-c-binding-type -Wuse-without-only -Winteger-division -Wfrontend-loop-interchange -fcheck=all -g -Og -I../../src -I../../fortran/src -g -fcray-pointer -ffixed-line-length-none -O3 -fopenmp -Wall -c H5_ff.F90 -o H5_ff.o
H5_ff.F90:42:6:

   USE H5GLOBAL
      1
Warning: USE statement at (1) has no ONLY qualifier [-Wuse-without-only]
H5_ff.F90:846:8:

     USE ISO_C_BINDING
        1
Warning: USE statement at (1) has no ONLY qualifier [-Wuse-without-only]
  PPFC     H5Aff.lo
libtool: compile:  gfortran -I. -I../../src -std=f2008 -pedantic -Wall -Wextra -Wunderflow -Wimplicit-interface -Wsurprising -Waliasing -Wcharacter-truncation -Warray-temporaries -Wintrinsics-std -Wimplicit-procedure -Wreal-q-constant -Wfunction-elimination -Wrealloc-lhs -Wrealloc-lhs-all -Wno-c-binding-type -Wuse-without-only -Winteger-division -Wfrontend-loop-interchange -fcheck=all -g -Og -I../../src -I../../fortran/src -g -fcray-pointer -ffixed-line-length-none -O3 -fopenmp -Wall -c H5Aff.F90 -o H5Aff.o
H5Aff.F90:75:19:

   USE, INTRINSIC :: ISO_C_BINDING
                   1
Warning: USE statement at (1) has no ONLY qualifier [-Wuse-without-only]
H5Aff.F90:77:6:

   USE H5GLOBAL
      1
Warning: USE statement at (1) has no ONLY qualifier [-Wuse-without-only]
H5Aff.F90:1787:63:

   SUBROUTINE H5Aread_char_scalar(attr_id, memtype_id, buf, dims, hdferr)
                                                               1
Warning: Unused dummy argument 'dims' at (1) [-Wunused-dummy-argument]
H5Aff.F90:1720:77:

   SUBROUTINE H5Awrite_char_scalar_fix(attr_id, memtype_id, buf, buf_len, dims, hdferr)
                                                                             1
Warning: Unused dummy argument 'dims' at (1) [-Wunused-dummy-argument]
  PPFC     H5Dff.lo
libtool: compile:  gfortran -I. -I../../src -std=f2008 -pedantic -Wall -Wextra -Wunderflow -Wimplicit-interface -Wsurprising -Waliasing -Wcharacter-truncation -Warray-temporaries -Wintrinsics-std -Wimplicit-procedure -Wreal-q-constant -Wfunction-elimination -Wrealloc-lhs -Wrealloc-lhs-all -Wno-c-binding-type -Wuse-without-only -Winteger-division -Wfrontend-loop-interchange -fcheck=all -g -Og -I../../src -I../../fortran/src -g -fcray-pointer -ffixed-line-length-none -O3 -fopenmp -Wall -c H5Dff.F90 -o H5Dff.o
H5Dff.F90:90:19:

   USE, INTRINSIC :: ISO_C_BINDING
                   1
Warning: USE statement at (1) has no ONLY qualifier [-Wuse-without-only]
H5Dff.F90:91:6:

   USE H5GLOBAL
      1
Warning: USE statement at (1) has no ONLY qualifier [-Wuse-without-only]
H5Dff.F90:1194:21:

     USE, INTRINSIC :: ISO_C_BINDING
                     1
Warning: USE statement at (1) has no ONLY qualifier [-Wuse-without-only]
H5Dff.F90:1226:21:

     USE, INTRINSIC :: ISO_C_BINDING
                     1
Warning: USE statement at (1) has no ONLY qualifier [-Wuse-without-only]
H5Dff.F90:1288:21:

     USE, INTRINSIC :: ISO_C_BINDING
                     1
Warning: USE statement at (1) has no ONLY qualifier [-Wuse-without-only]
H5Dff.F90:1306:21:

     USE, INTRINSIC :: ISO_C_BINDING
                     1
Warning: USE statement at (1) has no ONLY qualifier [-Wuse-without-only]
H5Dff.F90:1339:21:

     USE, INTRINSIC :: ISO_C_BINDING
                     1
Warning: USE statement at (1) has no ONLY qualifier [-Wuse-without-only]
H5Dff.F90:1434:21:

     USE, INTRINSIC :: ISO_C_BINDING
                     1
Warning: USE statement at (1) has no ONLY qualifier [-Wuse-without-only]
H5Dff.F90:1464:21:

     USE, INTRINSIC :: ISO_C_BINDING
                     1
Warning: USE statement at (1) has no ONLY qualifier [-Wuse-without-only]
H5Dff.F90:1522:21:

     USE, INTRINSIC :: ISO_C_BINDING
                     1
Warning: USE statement at (1) has no ONLY qualifier [-Wuse-without-only]
H5Dff.F90:1587:21:

     USE, INTRINSIC :: ISO_C_BINDING
                     1
Warning: USE statement at (1) has no ONLY qualifier [-Wuse-without-only]
H5Dff.F90:1641:21:

     USE, INTRINSIC :: ISO_C_BINDING
                     1
Warning: USE statement at (1) has no ONLY qualifier [-Wuse-without-only]
H5Dff.F90:1691:21:

     USE, INTRINSIC :: ISO_C_BINDING
                     1
Warning: USE statement at (1) has no ONLY qualifier [-Wuse-without-only]
H5Dff.F90:1813:21:

     USE, INTRINSIC :: ISO_C_BINDING
                     1
Warning: USE statement at (1) has no ONLY qualifier [-Wuse-without-only]
H5Dff.F90:1432:64:

   SUBROUTINE h5dread_char_scalar(dset_id, mem_type_id, buf, dims, hdferr, &
                                                                1
Warning: Unused dummy argument 'dims' at (1) [-Wunused-dummy-argument]
H5Dff.F90:1304:78:

   SUBROUTINE h5dwrite_char_scalar_fix(dset_id, mem_type_id, buf, buf_len, dims, hdferr, &
                                                                              1
Warning: Unused dummy argument 'dims' at (1) [-Wunused-dummy-argument]
  PPFC     H5Eff.lo
libtool: compile:  gfortran -I. -I../../src -std=f2008 -pedantic -Wall -Wextra -Wunderflow -Wimplicit-interface -Wsurprising -Waliasing -Wcharacter-truncation -Warray-temporaries -Wintrinsics-std -Wimplicit-procedure -Wreal-q-constant -Wfunction-elimination -Wrealloc-lhs -Wrealloc-lhs-all -Wno-c-binding-type -Wuse-without-only -Winteger-division -Wfrontend-loop-interchange -fcheck=all -g -Og -I../../src -I../../fortran/src -g -fcray-pointer -ffixed-line-length-none -O3 -fopenmp -Wall -c H5Eff.F90 -o H5Eff.o
H5Eff.F90:43:6:

   USE H5GLOBAL
      1
Warning: USE statement at (1) has no ONLY qualifier [-Wuse-without-only]
H5Eff.F90:267:21:

     USE, INTRINSIC :: ISO_C_BINDING
                     1
Warning: USE statement at (1) has no ONLY qualifier [-Wuse-without-only]
  PPFC     H5Gff.lo
libtool: compile:  gfortran -I. -I../../src -std=f2008 -pedantic -Wall -Wextra -Wunderflow -Wimplicit-interface -Wsurprising -Waliasing -Wcharacter-truncation -Warray-temporaries -Wintrinsics-std -Wimplicit-procedure -Wreal-q-constant -Wfunction-elimination -Wrealloc-lhs -Wrealloc-lhs-all -Wno-c-binding-type -Wuse-without-only -Winteger-division -Wfrontend-loop-interchange -fcheck=all -g -Og -I../../src -I../../fortran/src -g -fcray-pointer -ffixed-line-length-none -O3 -fopenmp -Wall -c H5Gff.F90 -o H5Gff.o
H5Gff.F90:42:6:

   USE H5GLOBAL
      1
Warning: USE statement at (1) has no ONLY qualifier [-Wuse-without-only]
  PPFC     H5Iff.lo
libtool: compile:  gfortran -I. -I../../src -std=f2008 -pedantic -Wall -Wextra -Wunderflow -Wimplicit-interface -Wsurprising -Waliasing -Wcharacter-truncation -Warray-temporaries -Wintrinsics-std -Wimplicit-procedure -Wreal-q-constant -Wfunction-elimination -Wrealloc-lhs -Wrealloc-lhs-all -Wno-c-binding-type -Wuse-without-only -Winteger-division -Wfrontend-loop-interchange -fcheck=all -g -Og -I../../src -I../../fortran/src -g -fcray-pointer -ffixed-line-length-none -O3 -fopenmp -Wall -c H5Iff.F90 -o H5Iff.o
H5Iff.F90:43:6:

   USE H5GLOBAL
      1
Warning: USE statement at (1) has no ONLY qualifier [-Wuse-without-only]
  PPFC     H5Lff.lo
libtool: compile:  gfortran -I. -I../../src -std=f2008 -pedantic -Wall -Wextra -Wunderflow -Wimplicit-interface -Wsurprising -Waliasing -Wcharacter-truncation -Warray-temporaries -Wintrinsics-std -Wimplicit-procedure -Wreal-q-constant -Wfunction-elimination -Wrealloc-lhs -Wrealloc-lhs-all -Wno-c-binding-type -Wuse-without-only -Winteger-division -Wfrontend-loop-interchange -fcheck=all -g -Og -I../../src -I../../fortran/src -g -fcray-pointer -ffixed-line-length-none -O3 -fopenmp -Wall -c H5Lff.F90 -o H5Lff.o
H5Lff.F90:40:6:

   USE H5GLOBAL
      1
Warning: USE statement at (1) has no ONLY qualifier [-Wuse-without-only]
H5Lff.F90:1346:21:

     USE, INTRINSIC :: ISO_C_BINDING
                     1
Warning: USE statement at (1) has no ONLY qualifier [-Wuse-without-only]
H5Lff.F90:1426:21:

     USE, INTRINSIC :: ISO_C_BINDING
                     1
Warning: USE statement at (1) has no ONLY qualifier [-Wuse-without-only]
  PPFC     H5Off.lo
libtool: compile:  gfortran -I. -I../../src -std=f2008 -pedantic -Wall -Wextra -Wunderflow -Wimplicit-interface -Wsurprising -Waliasing -Wcharacter-truncation -Warray-temporaries -Wintrinsics-std -Wimplicit-procedure -Wreal-q-constant -Wfunction-elimination -Wrealloc-lhs -Wrealloc-lhs-all -Wno-c-binding-type -Wuse-without-only -Winteger-division -Wfrontend-loop-interchange -fcheck=all -g -Og -I../../src -I../../fortran/src -g -fcray-pointer -ffixed-line-length-none -O3 -fopenmp -Wall -c H5Off.F90 -o H5Off.o
H5Off.F90:44:6:

   USE H5GLOBAL
      1
Warning: USE statement at (1) has no ONLY qualifier [-Wuse-without-only]
H5Off.F90:1020:21:

     USE, INTRINSIC :: ISO_C_BINDING
                     1
Warning: USE statement at (1) has no ONLY qualifier [-Wuse-without-only]
H5Off.F90:1082:21:

     USE, INTRINSIC :: ISO_C_BINDING
                     1
Warning: USE statement at (1) has no ONLY qualifier [-Wuse-without-only]
  PPFC     H5fortkit.lo
libtool: compile:  gfortran -I. -I../../src -std=f2008 -pedantic -Wall -Wextra -Wunderflow -Wimplicit-interface -Wsurprising -Waliasing -Wcharacter-truncation -Warray-temporaries -Wintrinsics-std -Wimplicit-procedure -Wreal-q-constant -Wfunction-elimination -Wrealloc-lhs -Wrealloc-lhs-all -Wno-c-binding-type -Wuse-without-only -Winteger-division -Wfrontend-loop-interchange -fcheck=all -g -Og -I../../src -I../../fortran/src -g -fcray-pointer -ffixed-line-length-none -O3 -fopenmp -Wall -c H5fortkit.F90 -o H5fortkit.o
  PPFC     H5Pff.lo
libtool: compile:  gfortran -I. -I../../src -std=f2008 -pedantic -Wall -Wextra -Wunderflow -Wimplicit-interface -Wsurprising -Waliasing -Wcharacter-truncation -Warray-temporaries -Wintrinsics-std -Wimplicit-procedure -Wreal-q-constant -Wfunction-elimination -Wrealloc-lhs -Wrealloc-lhs-all -Wno-c-binding-type -Wuse-without-only -Winteger-division -Wfrontend-loop-interchange -fcheck=all -g -Og -I../../src -I../../fortran/src -g -fcray-pointer -ffixed-line-length-none -O3 -fopenmp -Wall -c H5Pff.F90 -o H5Pff.o
H5Pff.F90:41:19:

   USE, INTRINSIC :: ISO_C_BINDING
                   1
Warning: USE statement at (1) has no ONLY qualifier [-Wuse-without-only]
H5Pff.F90:42:6:

   USE H5GLOBAL
      1
Warning: USE statement at (1) has no ONLY qualifier [-Wuse-without-only]
H5Pff.F90:43:6:

   USE H5fortkit
      1
Warning: USE statement at (1) has no ONLY qualifier [-Wuse-without-only]
H5Pff.F90:708:38:

     hdferr = h5pget_version_c(prp_id, boot, freelist, stab, shhdr)
                                      1
Warning: Creating array temporary at (1) for argument 'boot' [-Warray-temporaries]
H5Pff.F90:708:44:

     hdferr = h5pget_version_c(prp_id, boot, freelist, stab, shhdr)
                                            1
Warning: Creating array temporary at (1) for argument 'freelist' [-Warray-temporaries]
H5Pff.F90:708:54:

     hdferr = h5pget_version_c(prp_id, boot, freelist, stab, shhdr)
                                                      1
Warning: Creating array temporary at (1) for argument 'stab' [-Warray-temporaries]
H5Pff.F90:708:60:

     hdferr = h5pget_version_c(prp_id, boot, freelist, stab, shhdr)
                                                            1
Warning: Creating array temporary at (1) for argument 'shhdr' [-Warray-temporaries]
  PPFC     H5Rff.lo
libtool: compile:  gfortran -I. -I../../src -std=f2008 -pedantic -Wall -Wextra -Wunderflow -Wimplicit-interface -Wsurprising -Waliasing -Wcharacter-truncation -Warray-temporaries -Wintrinsics-std -Wimplicit-procedure -Wreal-q-constant -Wfunction-elimination -Wrealloc-lhs -Wrealloc-lhs-all -Wno-c-binding-type -Wuse-without-only -Winteger-division -Wfrontend-loop-interchange -fcheck=all -g -Og -I../../src -I../../fortran/src -g -fcray-pointer -ffixed-line-length-none -O3 -fopenmp -Wall -c H5Rff.F90 -o H5Rff.o
H5Rff.F90:43:6:

   USE H5GLOBAL
      1
Warning: USE statement at (1) has no ONLY qualifier [-Wuse-without-only]
H5Rff.F90:344:21:

     USE, INTRINSIC :: ISO_C_BINDING
                     1
Warning: USE statement at (1) has no ONLY qualifier [-Wuse-without-only]
H5Rff.F90:453:21:

     USE, INTRINSIC :: ISO_C_BINDING
                     1
Warning: USE statement at (1) has no ONLY qualifier [-Wuse-without-only]
H5Rff.F90:501:21:

     USE, INTRINSIC :: ISO_C_BINDING
                     1
Warning: USE statement at (1) has no ONLY qualifier [-Wuse-without-only]
H5Rff.F90:544:21:

     USE, INTRINSIC :: ISO_C_BINDING
                     1
Warning: USE statement at (1) has no ONLY qualifier [-Wuse-without-only]
H5Rff.F90:585:21:

     USE, INTRINSIC :: ISO_C_BINDING
                     1
Warning: USE statement at (1) has no ONLY qualifier [-Wuse-without-only]
H5Rff.F90:625:21:

     USE, INTRINSIC :: ISO_C_BINDING
                     1
Warning: USE statement at (1) has no ONLY qualifier [-Wuse-without-only]
H5Rff.F90:672:21:

     USE, INTRINSIC :: ISO_C_BINDING
                     1
Warning: USE statement at (1) has no ONLY qualifier [-Wuse-without-only]
H5Rff.F90:721:21:

     USE, INTRINSIC :: ISO_C_BINDING
                     1
Warning: USE statement at (1) has no ONLY qualifier [-Wuse-without-only]
H5Rff.F90:770:21:

     USE, INTRINSIC :: ISO_C_BINDING
                     1
Warning: USE statement at (1) has no ONLY qualifier [-Wuse-without-only]
  PPFC     H5Sff.lo
libtool: compile:  gfortran -I. -I../../src -std=f2008 -pedantic -Wall -Wextra -Wunderflow -Wimplicit-interface -Wsurprising -Waliasing -Wcharacter-truncation -Warray-temporaries -Wintrinsics-std -Wimplicit-procedure -Wreal-q-constant -Wfunction-elimination -Wrealloc-lhs -Wrealloc-lhs-all -Wno-c-binding-type -Wuse-without-only -Winteger-division -Wfrontend-loop-interchange -fcheck=all -g -Og -I../../src -I../../fortran/src -g -fcray-pointer -ffixed-line-length-none -O3 -fopenmp -Wall -c H5Sff.F90 -o H5Sff.o
H5Sff.F90:43:6:

   USE H5GLOBAL
      1
Warning: USE statement at (1) has no ONLY qualifier [-Wuse-without-only]
H5Sff.F90:1819:21:

        start(1:n)  = start(n:1:-1)
                     1
Warning: Creating array temporary at (1) [-Warray-temporaries]
H5Sff.F90:1820:21:

        stride(1:n) = stride(n:1:-1)
                     1
Warning: Creating array temporary at (1) [-Warray-temporaries]
H5Sff.F90:1821:21:

        count(1:n)  = count(n:1:-1)
                     1
Warning: Creating array temporary at (1) [-Warray-temporaries]
H5Sff.F90:1822:21:

        block(1:n)  = block(n:1:-1)
                     1
Warning: Creating array temporary at (1) [-Warray-temporaries]
H5Sff.F90:1228:12:

             stride, BLOCK)
            1
Warning: Creating array temporary at (1) for argument 'stride' [-Warray-temporaries]
H5Sff.F90:1228:20:

             stride, BLOCK)
                    1
Warning: Creating array temporary at (1) for argument 'block' [-Warray-temporaries]
H5Sff.F90:1247:12:

             stride, def_block)
            1
Warning: Creating array temporary at (1) for argument 'stride' [-Warray-temporaries]
H5Sff.F90:1260:24:

             def_stride, BLOCK)
                        1
Warning: Creating array temporary at (1) for argument 'block' [-Warray-temporaries]
H5Sff.F90:101:7:

        f_maxdims = maxdims
       1
Warning: Code for reallocating the allocatable array at (1) will be added [-Wrealloc-lhs]
H5Sff.F90:103:7:

        f_maxdims = dims
       1
Warning: Code for reallocating the allocatable array at (1) will be added [-Wrealloc-lhs]
  PPFC     H5Tff.lo
libtool: compile:  gfortran -I. -I../../src -std=f2008 -pedantic -Wall -Wextra -Wunderflow -Wimplicit-interface -Wsurprising -Waliasing -Wcharacter-truncation -Warray-temporaries -Wintrinsics-std -Wimplicit-procedure -Wreal-q-constant -Wfunction-elimination -Wrealloc-lhs -Wrealloc-lhs-all -Wno-c-binding-type -Wuse-without-only -Winteger-division -Wfrontend-loop-interchange -fcheck=all -g -Og -I../../src -I../../fortran/src -g -fcray-pointer -ffixed-line-length-none -O3 -fopenmp -Wall -c H5Tff.F90 -o H5Tff.o
H5Tff.F90:41:6:

   USE H5GLOBAL
      1
Warning: USE statement at (1) has no ONLY qualifier [-Wuse-without-only]
  PPFC     H5VLff.lo
libtool: compile:  gfortran -I. -I../../src -std=f2008 -pedantic -Wall -Wextra -Wunderflow -Wimplicit-interface -Wsurprising -Waliasing -Wcharacter-truncation -Warray-temporaries -Wintrinsics-std -Wimplicit-procedure -Wreal-q-constant -Wfunction-elimination -Wrealloc-lhs -Wrealloc-lhs-all -Wno-c-binding-type -Wuse-without-only -Winteger-division -Wfrontend-loop-interchange -fcheck=all -g -Og -I../../src -I../../fortran/src -g -fcray-pointer -ffixed-line-length-none -O3 -fopenmp -Wall -c H5VLff.F90 -o H5VLff.o
H5VLff.F90:40:6:

   USE H5GLOBAL
      1
Warning: USE statement at (1) has no ONLY qualifier [-Wuse-without-only]
H5VLff.F90:41:6:

   USE H5fortkit
      1
Warning: USE statement at (1) has no ONLY qualifier [-Wuse-without-only]
  PPFC     H5Zff.lo
libtool: compile:  gfortran -I. -I../../src -std=f2008 -pedantic -Wall -Wextra -Wunderflow -Wimplicit-interface -Wsurprising -Waliasing -Wcharacter-truncation -Warray-temporaries -Wintrinsics-std -Wimplicit-procedure -Wreal-q-constant -Wfunction-elimination -Wrealloc-lhs -Wrealloc-lhs-all -Wno-c-binding-type -Wuse-without-only -Winteger-division -Wfrontend-loop-interchange -fcheck=all -g -Og -I../../src -I../../fortran/src -g -fcray-pointer -ffixed-line-length-none -O3 -fopenmp -Wall -c H5Zff.F90 -o H5Zff.o
H5Zff.F90:39:6:

   USE H5GLOBAL
      1
Warning: USE statement at (1) has no ONLY qualifier [-Wuse-without-only]
H5_buildiface.F90:50:19:

   USE, INTRINSIC :: ISO_C_BINDING
                   1
Warning: USE statement at (1) has no ONLY qualifier [-Wuse-without-only]
  FCLD     H5_buildiface
  PPFC     H5_gen.lo
libtool: compile:  gfortran -I. -I../../src -std=f2008 -pedantic -Wall -Wextra -Wunderflow -Wimplicit-interface -Wsurprising -Waliasing -Wcharacter-truncation -Warray-temporaries -Wintrinsics-std -Wimplicit-procedure -Wreal-q-constant -Wfunction-elimination -Wrealloc-lhs -Wrealloc-lhs-all -Wno-c-binding-type -Wuse-without-only -Winteger-division -Wfrontend-loop-interchange -fcheck=all -g -Og -I../../src -I../../fortran/src -g -fcray-pointer -ffixed-line-length-none -O3 -fopenmp -Wall -c H5_gen.F90 -o H5_gen.o
H5_gen.F90:30:19:

   USE, INTRINSIC :: ISO_C_BINDING
                   1
Warning: USE statement at (1) has no ONLY qualifier [-Wuse-without-only]
H5_gen.F90:31:6:

   USE H5GLOBAL
      1
Warning: USE statement at (1) has no ONLY qualifier [-Wuse-without-only]
H5_gen.F90:32:6:

   USE H5A
      1
Warning: USE statement at (1) has no ONLY qualifier [-Wuse-without-only]
H5_gen.F90:33:6:

   USE H5D
      1
Warning: USE statement at (1) has no ONLY qualifier [-Wuse-without-only]
H5_gen.F90:34:6:

   USE H5P
      1
Warning: USE statement at (1) has no ONLY qualifier [-Wuse-without-only]
H5_gen.F90:2954:21:

     USE, INTRINSIC :: ISO_C_BINDING
                     1
Warning: USE statement at (1) has no ONLY qualifier [-Wuse-without-only]
H5_gen.F90:2983:21:

     USE, INTRINSIC :: ISO_C_BINDING
                     1
Warning: USE statement at (1) has no ONLY qualifier [-Wuse-without-only]
H5_gen.F90:3012:21:

     USE, INTRINSIC :: ISO_C_BINDING
                     1
Warning: USE statement at (1) has no ONLY qualifier [-Wuse-without-only]
H5_gen.F90:3041:21:

     USE, INTRINSIC :: ISO_C_BINDING
                     1
Warning: USE statement at (1) has no ONLY qualifier [-Wuse-without-only]
H5_gen.F90:3070:21:

     USE, INTRINSIC :: ISO_C_BINDING
                     1
Warning: USE statement at (1) has no ONLY qualifier [-Wuse-without-only]
H5_gen.F90:3099:21:

     USE, INTRINSIC :: ISO_C_BINDING
                     1
Warning: USE statement at (1) has no ONLY qualifier [-Wuse-without-only]
H5_gen.F90:3128:21:

     USE, INTRINSIC :: ISO_C_BINDING
                     1
Warning: USE statement at (1) has no ONLY qualifier [-Wuse-without-only]
H5_gen.F90:3157:21:

     USE, INTRINSIC :: ISO_C_BINDING
                     1
Warning: USE statement at (1) has no ONLY qualifier [-Wuse-without-only]
H5_gen.F90:3186:21:

     USE, INTRINSIC :: ISO_C_BINDING
                     1
Warning: USE statement at (1) has no ONLY qualifier [-Wuse-without-only]
H5_gen.F90:3215:21:

     USE, INTRINSIC :: ISO_C_BINDING
                     1
Warning: USE statement at (1) has no ONLY qualifier [-Wuse-without-only]
H5_gen.F90:3244:21:

     USE, INTRINSIC :: ISO_C_BINDING
                     1
Warning: USE statement at (1) has no ONLY qualifier [-Wuse-without-only]
H5_gen.F90:3273:21:

     USE, INTRINSIC :: ISO_C_BINDING
                     1
Warning: USE statement at (1) has no ONLY qualifier [-Wuse-without-only]
H5_gen.F90:3302:21:

     USE, INTRINSIC :: ISO_C_BINDING
                     1
Warning: USE statement at (1) has no ONLY qualifier [-Wuse-without-only]
H5_gen.F90:3331:21:

     USE, INTRINSIC :: ISO_C_BINDING
                     1
Warning: USE statement at (1) has no ONLY qualifier [-Wuse-without-only]
H5_gen.F90:3360:21:

     USE, INTRINSIC :: ISO_C_BINDING
                     1
Warning: USE statement at (1) has no ONLY qualifier [-Wuse-without-only]
H5_gen.F90:3389:21:

     USE, INTRINSIC :: ISO_C_BINDING
                     1
Warning: USE statement at (1) has no ONLY qualifier [-Wuse-without-only]
H5_gen.F90:3418:21:

     USE, INTRINSIC :: ISO_C_BINDING
                     1
Warning: USE statement at (1) has no ONLY qualifier [-Wuse-without-only]
H5_gen.F90:3447:21:

     USE, INTRINSIC :: ISO_C_BINDING
                     1
Warning: USE statement at (1) has no ONLY qualifier [-Wuse-without-only]
H5_gen.F90:3476:21:

     USE, INTRINSIC :: ISO_C_BINDING
                     1
Warning: USE statement at (1) has no ONLY qualifier [-Wuse-without-only]
H5_gen.F90:3505:21:

     USE, INTRINSIC :: ISO_C_BINDING
                     1
Warning: USE statement at (1) has no ONLY qualifier [-Wuse-without-only]
H5_gen.F90:3534:21:

     USE, INTRINSIC :: ISO_C_BINDING
                     1
Warning: USE statement at (1) has no ONLY qualifier [-Wuse-without-only]
H5_gen.F90:3563:21:

     USE, INTRINSIC :: ISO_C_BINDING
                     1
Warning: USE statement at (1) has no ONLY qualifier [-Wuse-without-only]
H5_gen.F90:3592:21:

     USE, INTRINSIC :: ISO_C_BINDING
                     1
Warning: USE statement at (1) has no ONLY qualifier [-Wuse-without-only]
H5_gen.F90:3621:21:

     USE, INTRINSIC :: ISO_C_BINDING
                     1
Warning: USE statement at (1) has no ONLY qualifier [-Wuse-without-only]
H5_gen.F90:3650:21:

     USE, INTRINSIC :: ISO_C_BINDING
                     1
Warning: USE statement at (1) has no ONLY qualifier [-Wuse-without-only]
H5_gen.F90:3679:21:

     USE, INTRINSIC :: ISO_C_BINDING
                     1
Warning: USE statement at (1) has no ONLY qualifier [-Wuse-without-only]
H5_gen.F90:3708:21:

     USE, INTRINSIC :: ISO_C_BINDING
                     1
Warning: USE statement at (1) has no ONLY qualifier [-Wuse-without-only]
H5_gen.F90:3737:21:

     USE, INTRINSIC :: ISO_C_BINDING
                     1
Warning: USE statement at (1) has no ONLY qualifier [-Wuse-without-only]
H5_gen.F90:3766:21:

     USE, INTRINSIC :: ISO_C_BINDING
                     1
Warning: USE statement at (1) has no ONLY qualifier [-Wuse-without-only]
H5_gen.F90:3795:21:

     USE, INTRINSIC :: ISO_C_BINDING
                     1
Warning: USE statement at (1) has no ONLY qualifier [-Wuse-without-only]
H5_gen.F90:3824:21:

     USE, INTRINSIC :: ISO_C_BINDING
                     1
Warning: USE statement at (1) has no ONLY qualifier [-Wuse-without-only]
H5_gen.F90:3853:21:

     USE, INTRINSIC :: ISO_C_BINDING
                     1
Warning: USE statement at (1) has no ONLY qualifier [-Wuse-without-only]
H5_gen.F90:3882:21:

     USE, INTRINSIC :: ISO_C_BINDING
                     1
Warning: USE statement at (1) has no ONLY qualifier [-Wuse-without-only]
H5_gen.F90:3911:21:

     USE, INTRINSIC :: ISO_C_BINDING
                     1
Warning: USE statement at (1) has no ONLY qualifier [-Wuse-without-only]
H5_gen.F90:3940:21:

     USE, INTRINSIC :: ISO_C_BINDING
                     1
Warning: USE statement at (1) has no ONLY qualifier [-Wuse-without-only]
H5_gen.F90:3969:21:

     USE, INTRINSIC :: ISO_C_BINDING
                     1
Warning: USE statement at (1) has no ONLY qualifier [-Wuse-without-only]
H5_gen.F90:3998:21:

     USE, INTRINSIC :: ISO_C_BINDING
                     1
Warning: USE statement at (1) has no ONLY qualifier [-Wuse-without-only]
H5_gen.F90:4027:21:

     USE, INTRINSIC :: ISO_C_BINDING
                     1
Warning: USE statement at (1) has no ONLY qualifier [-Wuse-without-only]
H5_gen.F90:4056:21:

     USE, INTRINSIC :: ISO_C_BINDING
                     1
Warning: USE statement at (1) has no ONLY qualifier [-Wuse-without-only]
H5_gen.F90:4085:21:

     USE, INTRINSIC :: ISO_C_BINDING
                     1
Warning: USE statement at (1) has no ONLY qualifier [-Wuse-without-only]
H5_gen.F90:4114:21:

     USE, INTRINSIC :: ISO_C_BINDING
                     1
Warning: USE statement at (1) has no ONLY qualifier [-Wuse-without-only]
H5_gen.F90:4143:21:

     USE, INTRINSIC :: ISO_C_BINDING
                     1
Warning: USE statement at (1) has no ONLY qualifier [-Wuse-without-only]
H5_gen.F90:4172:21:

     USE, INTRINSIC :: ISO_C_BINDING
                     1
Warning: USE statement at (1) has no ONLY qualifier [-Wuse-without-only]
H5_gen.F90:4201:21:

     USE, INTRINSIC :: ISO_C_BINDING
                     1
Warning: USE statement at (1) has no ONLY qualifier [-Wuse-without-only]
H5_gen.F90:4230:21:

     USE, INTRINSIC :: ISO_C_BINDING
                     1
Warning: USE statement at (1) has no ONLY qualifier [-Wuse-without-only]
H5_gen.F90:4259:21:

     USE, INTRINSIC :: ISO_C_BINDING
                     1
Warning: USE statement at (1) has no ONLY qualifier [-Wuse-without-only]
H5_gen.F90:4288:21:

     USE, INTRINSIC :: ISO_C_BINDING
                     1
Warning: USE statement at (1) has no ONLY qualifier [-Wuse-without-only]
H5_gen.F90:4317:21:

     USE, INTRINSIC :: ISO_C_BINDING
                     1
Warning: USE statement at (1) has no ONLY qualifier [-Wuse-without-only]
H5_gen.F90:4346:21:

     USE, INTRINSIC :: ISO_C_BINDING
                     1
Warning: USE statement at (1) has no ONLY qualifier [-Wuse-without-only]
H5_gen.F90:4375:21:

     USE, INTRINSIC :: ISO_C_BINDING
                     1
Warning: USE statement at (1) has no ONLY qualifier [-Wuse-without-only]
H5_gen.F90:4404:21:

     USE, INTRINSIC :: ISO_C_BINDING
                     1
Warning: USE statement at (1) has no ONLY qualifier [-Wuse-without-only]
H5_gen.F90:4433:21:

     USE, INTRINSIC :: ISO_C_BINDING
                     1
Warning: USE statement at (1) has no ONLY qualifier [-Wuse-without-only]
H5_gen.F90:4462:21:

     USE, INTRINSIC :: ISO_C_BINDING
                     1
Warning: USE statement at (1) has no ONLY qualifier [-Wuse-without-only]
H5_gen.F90:4491:21:

     USE, INTRINSIC :: ISO_C_BINDING
                     1
Warning: USE statement at (1) has no ONLY qualifier [-Wuse-without-only]
H5_gen.F90:4520:21:

     USE, INTRINSIC :: ISO_C_BINDING
                     1
Warning: USE statement at (1) has no ONLY qualifier [-Wuse-without-only]
H5_gen.F90:4549:21:

     USE, INTRINSIC :: ISO_C_BINDING
                     1
Warning: USE statement at (1) has no ONLY qualifier [-Wuse-without-only]
H5_gen.F90:4578:21:

     USE, INTRINSIC :: ISO_C_BINDING
                     1
Warning: USE statement at (1) has no ONLY qualifier [-Wuse-without-only]
H5_gen.F90:4607:21:

     USE, INTRINSIC :: ISO_C_BINDING
                     1
Warning: USE statement at (1) has no ONLY qualifier [-Wuse-without-only]
H5_gen.F90:4636:21:

     USE, INTRINSIC :: ISO_C_BINDING
                     1
Warning: USE statement at (1) has no ONLY qualifier [-Wuse-without-only]
H5_gen.F90:4665:21:

     USE, INTRINSIC :: ISO_C_BINDING
                     1
Warning: USE statement at (1) has no ONLY qualifier [-Wuse-without-only]
H5_gen.F90:4694:21:

     USE, INTRINSIC :: ISO_C_BINDING
                     1
Warning: USE statement at (1) has no ONLY qualifier [-Wuse-without-only]
H5_gen.F90:4723:21:

     USE, INTRINSIC :: ISO_C_BINDING
                     1
Warning: USE statement at (1) has no ONLY qualifier [-Wuse-without-only]
H5_gen.F90:4752:21:

     USE, INTRINSIC :: ISO_C_BINDING
                     1
Warning: USE statement at (1) has no ONLY qualifier [-Wuse-without-only]
H5_gen.F90:4781:21:

     USE, INTRINSIC :: ISO_C_BINDING
                     1
Warning: USE statement at (1) has no ONLY qualifier [-Wuse-without-only]
H5_gen.F90:4810:21:

     USE, INTRINSIC :: ISO_C_BINDING
                     1
Warning: USE statement at (1) has no ONLY qualifier [-Wuse-without-only]
H5_gen.F90:4839:21:

     USE, INTRINSIC :: ISO_C_BINDING
                     1
Warning: USE statement at (1) has no ONLY qualifier [-Wuse-without-only]
H5_gen.F90:4868:21:

     USE, INTRINSIC :: ISO_C_BINDING
                     1
Warning: USE statement at (1) has no ONLY qualifier [-Wuse-without-only]
H5_gen.F90:4897:21:

     USE, INTRINSIC :: ISO_C_BINDING
                     1
Warning: USE statement at (1) has no ONLY qualifier [-Wuse-without-only]
H5_gen.F90:4926:21:

     USE, INTRINSIC :: ISO_C_BINDING
                     1
Warning: USE statement at (1) has no ONLY qualifier [-Wuse-without-only]
H5_gen.F90:4955:21:

     USE, INTRINSIC :: ISO_C_BINDING
                     1
Warning: USE statement at (1) has no ONLY qualifier [-Wuse-without-only]
H5_gen.F90:4984:21:

     USE, INTRINSIC :: ISO_C_BINDING
                     1
Warning: USE statement at (1) has no ONLY qualifier [-Wuse-without-only]
H5_gen.F90:5013:21:

     USE, INTRINSIC :: ISO_C_BINDING
                     1
Warning: USE statement at (1) has no ONLY qualifier [-Wuse-without-only]
H5_gen.F90:5042:21:

     USE, INTRINSIC :: ISO_C_BINDING
                     1
Warning: USE statement at (1) has no ONLY qualifier [-Wuse-without-only]
H5_gen.F90:5071:21:

     USE, INTRINSIC :: ISO_C_BINDING
                     1
Warning: USE statement at (1) has no ONLY qualifier [-Wuse-without-only]
H5_gen.F90:5100:21:

     USE, INTRINSIC :: ISO_C_BINDING
                     1
Warning: USE statement at (1) has no ONLY qualifier [-Wuse-without-only]
H5_gen.F90:5129:21:

     USE, INTRINSIC :: ISO_C_BINDING
                     1
Warning: USE statement at (1) has no ONLY qualifier [-Wuse-without-only]
H5_gen.F90:5158:21:

     USE, INTRINSIC :: ISO_C_BINDING
                     1
Warning: USE statement at (1) has no ONLY qualifier [-Wuse-without-only]
H5_gen.F90:5187:21:

     USE, INTRINSIC :: ISO_C_BINDING
                     1
Warning: USE statement at (1) has no ONLY qualifier [-Wuse-without-only]
H5_gen.F90:5216:21:

     USE, INTRINSIC :: ISO_C_BINDING
                     1
Warning: USE statement at (1) has no ONLY qualifier [-Wuse-without-only]
H5_gen.F90:5245:21:

     USE, INTRINSIC :: ISO_C_BINDING
                     1
Warning: USE statement at (1) has no ONLY qualifier [-Wuse-without-only]
H5_gen.F90:5274:21:

     USE, INTRINSIC :: ISO_C_BINDING
                     1
Warning: USE statement at (1) has no ONLY qualifier [-Wuse-without-only]
H5_gen.F90:5303:21:

     USE, INTRINSIC :: ISO_C_BINDING
                     1
Warning: USE statement at (1) has no ONLY qualifier [-Wuse-without-only]
H5_gen.F90:5332:21:

     USE, INTRINSIC :: ISO_C_BINDING
                     1
Warning: USE statement at (1) has no ONLY qualifier [-Wuse-without-only]
H5_gen.F90:5361:21:

     USE, INTRINSIC :: ISO_C_BINDING
                     1
Warning: USE statement at (1) has no ONLY qualifier [-Wuse-without-only]
H5_gen.F90:5390:21:

     USE, INTRINSIC :: ISO_C_BINDING
                     1
Warning: USE statement at (1) has no ONLY qualifier [-Wuse-without-only]
H5_gen.F90:5419:21:

     USE, INTRINSIC :: ISO_C_BINDING
                     1
Warning: USE statement at (1) has no ONLY qualifier [-Wuse-without-only]
H5_gen.F90:5448:21:

     USE, INTRINSIC :: ISO_C_BINDING
                     1
Warning: USE statement at (1) has no ONLY qualifier [-Wuse-without-only]
H5_gen.F90:5477:21:

     USE, INTRINSIC :: ISO_C_BINDING
                     1
Warning: USE statement at (1) has no ONLY qualifier [-Wuse-without-only]
H5_gen.F90:5506:21:

     USE, INTRINSIC :: ISO_C_BINDING
                     1
Warning: USE statement at (1) has no ONLY qualifier [-Wuse-without-only]
H5_gen.F90:5535:21:

     USE, INTRINSIC :: ISO_C_BINDING
                     1
Warning: USE statement at (1) has no ONLY qualifier [-Wuse-without-only]
H5_gen.F90:5564:21:

     USE, INTRINSIC :: ISO_C_BINDING
                     1
Warning: USE statement at (1) has no ONLY qualifier [-Wuse-without-only]
H5_gen.F90:5593:21:

     USE, INTRINSIC :: ISO_C_BINDING
                     1
Warning: USE statement at (1) has no ONLY qualifier [-Wuse-without-only]
H5_gen.F90:5622:21:

     USE, INTRINSIC :: ISO_C_BINDING
                     1
Warning: USE statement at (1) has no ONLY qualifier [-Wuse-without-only]
H5_gen.F90:5651:21:

     USE, INTRINSIC :: ISO_C_BINDING
                     1
Warning: USE statement at (1) has no ONLY qualifier [-Wuse-without-only]
H5_gen.F90:5680:21:

     USE, INTRINSIC :: ISO_C_BINDING
                     1
Warning: USE statement at (1) has no ONLY qualifier [-Wuse-without-only]
H5_gen.F90:5709:21:

     USE, INTRINSIC :: ISO_C_BINDING
                     1
Warning: USE statement at (1) has no ONLY qualifier [-Wuse-without-only]
H5_gen.F90:5738:21:

     USE, INTRINSIC :: ISO_C_BINDING
                     1
Warning: USE statement at (1) has no ONLY qualifier [-Wuse-without-only]
H5_gen.F90:5767:21:

     USE, INTRINSIC :: ISO_C_BINDING
                     1
Warning: USE statement at (1) has no ONLY qualifier [-Wuse-without-only]
H5_gen.F90:5796:21:

     USE, INTRINSIC :: ISO_C_BINDING
                     1
Warning: USE statement at (1) has no ONLY qualifier [-Wuse-without-only]
H5_gen.F90:5825:21:

     USE, INTRINSIC :: ISO_C_BINDING
                     1
Warning: USE statement at (1) has no ONLY qualifier [-Wuse-without-only]
H5_gen.F90:5854:21:

     USE, INTRINSIC :: ISO_C_BINDING
                     1
Warning: USE statement at (1) has no ONLY qualifier [-Wuse-without-only]
H5_gen.F90:5883:21:

     USE, INTRINSIC :: ISO_C_BINDING
                     1
Warning: USE statement at (1) has no ONLY qualifier [-Wuse-without-only]
H5_gen.F90:5912:21:

     USE, INTRINSIC :: ISO_C_BINDING
                     1
Warning: USE statement at (1) has no ONLY qualifier [-Wuse-without-only]
H5_gen.F90:5941:21:

     USE, INTRINSIC :: ISO_C_BINDING
                     1
Warning: USE statement at (1) has no ONLY qualifier [-Wuse-without-only]
H5_gen.F90:5970:21:

     USE, INTRINSIC :: ISO_C_BINDING
                     1
Warning: USE statement at (1) has no ONLY qualifier [-Wuse-without-only]
H5_gen.F90:5999:21:

     USE, INTRINSIC :: ISO_C_BINDING
                     1
Warning: USE statement at (1) has no ONLY qualifier [-Wuse-without-only]
H5_gen.F90:6028:21:

     USE, INTRINSIC :: ISO_C_BINDING
                     1
Warning: USE statement at (1) has no ONLY qualifier [-Wuse-without-only]
H5_gen.F90:6057:21:

     USE, INTRINSIC :: ISO_C_BINDING
                     1
Warning: USE statement at (1) has no ONLY qualifier [-Wuse-without-only]
H5_gen.F90:6086:21:

     USE, INTRINSIC :: ISO_C_BINDING
                     1
Warning: USE statement at (1) has no ONLY qualifier [-Wuse-without-only]
H5_gen.F90:6115:21:

     USE, INTRINSIC :: ISO_C_BINDING
                     1
Warning: USE statement at (1) has no ONLY qualifier [-Wuse-without-only]
H5_gen.F90:6144:21:

     USE, INTRINSIC :: ISO_C_BINDING
                     1
Warning: USE statement at (1) has no ONLY qualifier [-Wuse-without-only]
H5_gen.F90:6173:21:

     USE, INTRINSIC :: ISO_C_BINDING
                     1
Warning: USE statement at (1) has no ONLY qualifier [-Wuse-without-only]
H5_gen.F90:6202:21:

     USE, INTRINSIC :: ISO_C_BINDING
                     1
Warning: USE statement at (1) has no ONLY qualifier [-Wuse-without-only]
H5_gen.F90:6231:21:

     USE, INTRINSIC :: ISO_C_BINDING
                     1
Warning: USE statement at (1) has no ONLY qualifier [-Wuse-without-only]
H5_gen.F90:6260:21:

     USE, INTRINSIC :: ISO_C_BINDING
                     1
Warning: USE statement at (1) has no ONLY qualifier [-Wuse-without-only]
H5_gen.F90:6289:21:

     USE, INTRINSIC :: ISO_C_BINDING
                     1
Warning: USE statement at (1) has no ONLY qualifier [-Wuse-without-only]
H5_gen.F90:6318:21:

     USE, INTRINSIC :: ISO_C_BINDING
                     1
Warning: USE statement at (1) has no ONLY qualifier [-Wuse-without-only]
H5_gen.F90:6347:21:

     USE, INTRINSIC :: ISO_C_BINDING
                     1
Warning: USE statement at (1) has no ONLY qualifier [-Wuse-without-only]
H5_gen.F90:6376:21:

     USE, INTRINSIC :: ISO_C_BINDING
                     1
Warning: USE statement at (1) has no ONLY qualifier [-Wuse-without-only]
H5_gen.F90:6405:21:

     USE, INTRINSIC :: ISO_C_BINDING
                     1
Warning: USE statement at (1) has no ONLY qualifier [-Wuse-without-only]
H5_gen.F90:6434:21:

     USE, INTRINSIC :: ISO_C_BINDING
                     1
Warning: USE statement at (1) has no ONLY qualifier [-Wuse-without-only]
H5_gen.F90:6463:21:

     USE, INTRINSIC :: ISO_C_BINDING
                     1
Warning: USE statement at (1) has no ONLY qualifier [-Wuse-without-only]
H5_gen.F90:6492:21:

     USE, INTRINSIC :: ISO_C_BINDING
                     1
Warning: USE statement at (1) has no ONLY qualifier [-Wuse-without-only]
H5_gen.F90:6521:21:

     USE, INTRINSIC :: ISO_C_BINDING
                     1
Warning: USE statement at (1) has no ONLY qualifier [-Wuse-without-only]
H5_gen.F90:6550:21:

     USE, INTRINSIC :: ISO_C_BINDING
                     1
Warning: USE statement at (1) has no ONLY qualifier [-Wuse-without-only]
H5_gen.F90:6579:21:

     USE, INTRINSIC :: ISO_C_BINDING
                     1
Warning: USE statement at (1) has no ONLY qualifier [-Wuse-without-only]
H5_gen.F90:6608:21:

     USE, INTRINSIC :: ISO_C_BINDING
                     1
Warning: USE statement at (1) has no ONLY qualifier [-Wuse-without-only]
H5_gen.F90:6637:21:

     USE, INTRINSIC :: ISO_C_BINDING
                     1
Warning: USE statement at (1) has no ONLY qualifier [-Wuse-without-only]
H5_gen.F90:6666:21:

     USE, INTRINSIC :: ISO_C_BINDING
                     1
Warning: USE statement at (1) has no ONLY qualifier [-Wuse-without-only]
H5_gen.F90:6695:21:

     USE, INTRINSIC :: ISO_C_BINDING
                     1
Warning: USE statement at (1) has no ONLY qualifier [-Wuse-without-only]
H5_gen.F90:6724:21:

     USE, INTRINSIC :: ISO_C_BINDING
                     1
Warning: USE statement at (1) has no ONLY qualifier [-Wuse-without-only]
H5_gen.F90:6753:21:

     USE, INTRINSIC :: ISO_C_BINDING
                     1
Warning: USE statement at (1) has no ONLY qualifier [-Wuse-without-only]
H5_gen.F90:6782:21:

     USE, INTRINSIC :: ISO_C_BINDING
                     1
Warning: USE statement at (1) has no ONLY qualifier [-Wuse-without-only]
H5_gen.F90:6811:21:

     USE, INTRINSIC :: ISO_C_BINDING
                     1
Warning: USE statement at (1) has no ONLY qualifier [-Wuse-without-only]
H5_gen.F90:6840:21:

     USE, INTRINSIC :: ISO_C_BINDING
                     1
Warning: USE statement at (1) has no ONLY qualifier [-Wuse-without-only]
H5_gen.F90:6869:21:

     USE, INTRINSIC :: ISO_C_BINDING
                     1
Warning: USE statement at (1) has no ONLY qualifier [-Wuse-without-only]
H5_gen.F90:6898:21:

     USE, INTRINSIC :: ISO_C_BINDING
                     1
Warning: USE statement at (1) has no ONLY qualifier [-Wuse-without-only]
H5_gen.F90:6927:21:

     USE, INTRINSIC :: ISO_C_BINDING
                     1
Warning: USE statement at (1) has no ONLY qualifier [-Wuse-without-only]
H5_gen.F90:6956:21:

     USE, INTRINSIC :: ISO_C_BINDING
                     1
Warning: USE statement at (1) has no ONLY qualifier [-Wuse-without-only]
H5_gen.F90:6985:21:

     USE, INTRINSIC :: ISO_C_BINDING
                     1
Warning: USE statement at (1) has no ONLY qualifier [-Wuse-without-only]
H5_gen.F90:7014:21:

     USE, INTRINSIC :: ISO_C_BINDING
                     1
Warning: USE statement at (1) has no ONLY qualifier [-Wuse-without-only]
H5_gen.F90:7043:21:

     USE, INTRINSIC :: ISO_C_BINDING
                     1
Warning: USE statement at (1) has no ONLY qualifier [-Wuse-without-only]
H5_gen.F90:7072:21:

     USE, INTRINSIC :: ISO_C_BINDING
                     1
Warning: USE statement at (1) has no ONLY qualifier [-Wuse-without-only]
H5_gen.F90:7101:21:

     USE, INTRINSIC :: ISO_C_BINDING
                     1
Warning: USE statement at (1) has no ONLY qualifier [-Wuse-without-only]
H5_gen.F90:7130:21:

     USE, INTRINSIC :: ISO_C_BINDING
                     1
Warning: USE statement at (1) has no ONLY qualifier [-Wuse-without-only]
H5_gen.F90:7159:21:

     USE, INTRINSIC :: ISO_C_BINDING
                     1
Warning: USE statement at (1) has no ONLY qualifier [-Wuse-without-only]
H5_gen.F90:7188:21:

     USE, INTRINSIC :: ISO_C_BINDING
                     1
Warning: USE statement at (1) has no ONLY qualifier [-Wuse-without-only]
H5_gen.F90:7217:21:

     USE, INTRINSIC :: ISO_C_BINDING
                     1
Warning: USE statement at (1) has no ONLY qualifier [-Wuse-without-only]
H5_gen.F90:7246:21:

     USE, INTRINSIC :: ISO_C_BINDING
                     1
Warning: USE statement at (1) has no ONLY qualifier [-Wuse-without-only]
H5_gen.F90:7275:21:

     USE, INTRINSIC :: ISO_C_BINDING
                     1
Warning: USE statement at (1) has no ONLY qualifier [-Wuse-without-only]
H5_gen.F90:7304:21:

     USE, INTRINSIC :: ISO_C_BINDING
                     1
Warning: USE statement at (1) has no ONLY qualifier [-Wuse-without-only]
H5_gen.F90:7333:21:

     USE, INTRINSIC :: ISO_C_BINDING
                     1
Warning: USE statement at (1) has no ONLY qualifier [-Wuse-without-only]
H5_gen.F90:7362:21:

     USE, INTRINSIC :: ISO_C_BINDING
                     1
Warning: USE statement at (1) has no ONLY qualifier [-Wuse-without-only]
H5_gen.F90:7391:21:

     USE, INTRINSIC :: ISO_C_BINDING
                     1
Warning: USE statement at (1) has no ONLY qualifier [-Wuse-without-only]
H5_gen.F90:7420:21:

     USE, INTRINSIC :: ISO_C_BINDING
                     1
Warning: USE statement at (1) has no ONLY qualifier [-Wuse-without-only]
H5_gen.F90:7449:21:

     USE, INTRINSIC :: ISO_C_BINDING
                     1
Warning: USE statement at (1) has no ONLY qualifier [-Wuse-without-only]
H5_gen.F90:7478:21:

     USE, INTRINSIC :: ISO_C_BINDING
                     1
Warning: USE statement at (1) has no ONLY qualifier [-Wuse-without-only]
H5_gen.F90:7507:21:

     USE, INTRINSIC :: ISO_C_BINDING
                     1
Warning: USE statement at (1) has no ONLY qualifier [-Wuse-without-only]
H5_gen.F90:7099:69:

   SUBROUTINE h5dwrite_ikind_16_rank_0(dset_id, mem_type_id, buf, dims, hdferr, &
                                                                     1
Warning: Unused dummy argument 'dims' at (1) [-Wunused-dummy-argument]
H5_gen.F90:6867:68:

   SUBROUTINE h5dwrite_ikind_8_rank_0(dset_id, mem_type_id, buf, dims, hdferr, &
                                                                    1
Warning: Unused dummy argument 'dims' at (1) [-Wunused-dummy-argument]
H5_gen.F90:6635:68:

   SUBROUTINE h5dwrite_ikind_4_rank_0(dset_id, mem_type_id, buf, dims, hdferr, &
                                                                    1
Warning: Unused dummy argument 'dims' at (1) [-Wunused-dummy-argument]
H5_gen.F90:6403:68:

   SUBROUTINE h5dwrite_ikind_2_rank_0(dset_id, mem_type_id, buf, dims, hdferr, &
                                                                    1
Warning: Unused dummy argument 'dims' at (1) [-Wunused-dummy-argument]
H5_gen.F90:6171:68:

   SUBROUTINE h5dwrite_ikind_1_rank_0(dset_id, mem_type_id, buf, dims, hdferr, &
                                                                    1
Warning: Unused dummy argument 'dims' at (1) [-Wunused-dummy-argument]
H5_gen.F90:5939:69:

   SUBROUTINE h5dwrite_rkind_16_rank_0(dset_id, mem_type_id, buf, dims, hdferr, &
                                                                     1
Warning: Unused dummy argument 'dims' at (1) [-Wunused-dummy-argument]
H5_gen.F90:5707:69:

   SUBROUTINE h5dwrite_rkind_10_rank_0(dset_id, mem_type_id, buf, dims, hdferr, &
                                                                     1
Warning: Unused dummy argument 'dims' at (1) [-Wunused-dummy-argument]
H5_gen.F90:5475:68:

   SUBROUTINE h5dwrite_rkind_8_rank_0(dset_id, mem_type_id, buf, dims, hdferr, &
                                                                    1
Warning: Unused dummy argument 'dims' at (1) [-Wunused-dummy-argument]
H5_gen.F90:5243:68:

   SUBROUTINE h5dwrite_rkind_4_rank_0(dset_id, mem_type_id, buf, dims, hdferr, &
                                                                    1
Warning: Unused dummy argument 'dims' at (1) [-Wunused-dummy-argument]
H5_gen.F90:4808:68:

   SUBROUTINE h5dread_ikind_16_rank_0(dset_id, mem_type_id, buf, dims, hdferr, &
                                                                    1
Warning: Unused dummy argument 'dims' at (1) [-Wunused-dummy-argument]
H5_gen.F90:4576:67:

   SUBROUTINE h5dread_ikind_8_rank_0(dset_id, mem_type_id, buf, dims, hdferr, &
                                                                   1
Warning: Unused dummy argument 'dims' at (1) [-Wunused-dummy-argument]
H5_gen.F90:4344:67:

   SUBROUTINE h5dread_ikind_4_rank_0(dset_id, mem_type_id, buf, dims, hdferr, &
                                                                   1
Warning: Unused dummy argument 'dims' at (1) [-Wunused-dummy-argument]
H5_gen.F90:4112:67:

   SUBROUTINE h5dread_ikind_2_rank_0(dset_id, mem_type_id, buf, dims, hdferr, &
                                                                   1
Warning: Unused dummy argument 'dims' at (1) [-Wunused-dummy-argument]
H5_gen.F90:3880:67:

   SUBROUTINE h5dread_ikind_1_rank_0(dset_id, mem_type_id, buf, dims, hdferr, &
                                                                   1
Warning: Unused dummy argument 'dims' at (1) [-Wunused-dummy-argument]
H5_gen.F90:3648:68:

   SUBROUTINE h5dread_rkind_16_rank_0(dset_id, mem_type_id, buf, dims, hdferr, &
                                                                    1
Warning: Unused dummy argument 'dims' at (1) [-Wunused-dummy-argument]
H5_gen.F90:3416:68:

   SUBROUTINE h5dread_rkind_10_rank_0(dset_id, mem_type_id, buf, dims, hdferr, &
                                                                    1
Warning: Unused dummy argument 'dims' at (1) [-Wunused-dummy-argument]
H5_gen.F90:3184:67:

   SUBROUTINE h5dread_rkind_8_rank_0(dset_id, mem_type_id, buf, dims, hdferr, &
                                                                   1
Warning: Unused dummy argument 'dims' at (1) [-Wunused-dummy-argument]
H5_gen.F90:2952:67:

   SUBROUTINE h5dread_rkind_4_rank_0(dset_id, mem_type_id, buf, dims, hdferr, &
                                                                   1
Warning: Unused dummy argument 'dims' at (1) [-Wunused-dummy-argument]
H5_gen.F90:2742:67:

   SUBROUTINE h5aread_ikind_16_rank_0(attr_id, memtype_id, buf, dims, hdferr)
                                                                   1
Warning: Unused dummy argument 'dims' at (1) [-Wunused-dummy-argument]
H5_gen.F90:2630:66:

   SUBROUTINE h5aread_ikind_8_rank_0(attr_id, memtype_id, buf, dims, hdferr)
                                                                  1
Warning: Unused dummy argument 'dims' at (1) [-Wunused-dummy-argument]
H5_gen.F90:2518:66:

   SUBROUTINE h5aread_ikind_4_rank_0(attr_id, memtype_id, buf, dims, hdferr)
                                                                  1
Warning: Unused dummy argument 'dims' at (1) [-Wunused-dummy-argument]
H5_gen.F90:2406:66:

   SUBROUTINE h5aread_ikind_2_rank_0(attr_id, memtype_id, buf, dims, hdferr)
                                                                  1
Warning: Unused dummy argument 'dims' at (1) [-Wunused-dummy-argument]
H5_gen.F90:2294:66:

   SUBROUTINE h5aread_ikind_1_rank_0(attr_id, memtype_id, buf, dims, hdferr)
                                                                  1
Warning: Unused dummy argument 'dims' at (1) [-Wunused-dummy-argument]
H5_gen.F90:2182:67:

   SUBROUTINE h5aread_rkind_16_rank_0(attr_id, memtype_id, buf, dims, hdferr)
                                                                   1
Warning: Unused dummy argument 'dims' at (1) [-Wunused-dummy-argument]
H5_gen.F90:2070:67:

   SUBROUTINE h5aread_rkind_10_rank_0(attr_id, memtype_id, buf, dims, hdferr)
                                                                   1
Warning: Unused dummy argument 'dims' at (1) [-Wunused-dummy-argument]
H5_gen.F90:1958:66:

   SUBROUTINE h5aread_rkind_8_rank_0(attr_id, memtype_id, buf, dims, hdferr)
                                                                  1
Warning: Unused dummy argument 'dims' at (1) [-Wunused-dummy-argument]
H5_gen.F90:1846:66:

   SUBROUTINE h5aread_rkind_4_rank_0(attr_id, memtype_id, buf, dims, hdferr)
                                                                  1
Warning: Unused dummy argument 'dims' at (1) [-Wunused-dummy-argument]
H5_gen.F90:1636:68:

   SUBROUTINE h5awrite_ikind_16_rank_0(attr_id, memtype_id, buf, dims, hdferr)
                                                                    1
Warning: Unused dummy argument 'dims' at (1) [-Wunused-dummy-argument]
H5_gen.F90:1524:67:

   SUBROUTINE h5awrite_ikind_8_rank_0(attr_id, memtype_id, buf, dims, hdferr)
                                                                   1
Warning: Unused dummy argument 'dims' at (1) [-Wunused-dummy-argument]
H5_gen.F90:1412:67:

   SUBROUTINE h5awrite_ikind_4_rank_0(attr_id, memtype_id, buf, dims, hdferr)
                                                                   1
Warning: Unused dummy argument 'dims' at (1) [-Wunused-dummy-argument]
H5_gen.F90:1300:67:

   SUBROUTINE h5awrite_ikind_2_rank_0(attr_id, memtype_id, buf, dims, hdferr)
                                                                   1
Warning: Unused dummy argument 'dims' at (1) [-Wunused-dummy-argument]
H5_gen.F90:1188:67:

   SUBROUTINE h5awrite_ikind_1_rank_0(attr_id, memtype_id, buf, dims, hdferr)
                                                                   1
Warning: Unused dummy argument 'dims' at (1) [-Wunused-dummy-argument]
H5_gen.F90:1076:68:

   SUBROUTINE h5awrite_rkind_16_rank_0(attr_id, memtype_id, buf, dims, hdferr)
                                                                    1
Warning: Unused dummy argument 'dims' at (1) [-Wunused-dummy-argument]
H5_gen.F90:964:68:

   SUBROUTINE h5awrite_rkind_10_rank_0(attr_id, memtype_id, buf, dims, hdferr)
                                                                    1
Warning: Unused dummy argument 'dims' at (1) [-Wunused-dummy-argument]
H5_gen.F90:852:67:

   SUBROUTINE h5awrite_rkind_8_rank_0(attr_id, memtype_id, buf, dims, hdferr)
                                                                   1
Warning: Unused dummy argument 'dims' at (1) [-Wunused-dummy-argument]
H5_gen.F90:740:67:

   SUBROUTINE h5awrite_rkind_4_rank_0(attr_id, memtype_id, buf, dims, hdferr)
                                                                   1
Warning: Unused dummy argument 'dims' at (1) [-Wunused-dummy-argument]
  CC       H5f90kit.lo
  CC       H5_f.lo
  CC       H5Af.lo
  CC       H5Df.lo
  CC       H5Ef.lo
  CC       H5Ff.lo
H5Ff.c: In function 'h5fget_fileno_c':
H5Ff.c:663:17: warning: conversion from 'long long unsigned int' to 'int_f' {aka 'int'} may change value [-Wconversion]
       *fileno = (hsize_t_f)fileno_c;
                 ^
  CC       H5Gf.lo
  CC       H5If.lo
  CC       H5Lf.lo
  CC       H5Of.lo
  CC       H5Pf.lo
  CC       H5Rf.lo
  CC       H5Sf.lo
  CC       H5Tf.lo
  CC       H5Zf.lo
  PPFC     HDF5.lo
libtool: compile:  gfortran -I. -I../../src -std=f2008 -pedantic -Wall -Wextra -Wunderflow -Wimplicit-interface -Wsurprising -Waliasing -Wcharacter-truncation -Warray-temporaries -Wintrinsics-std -Wimplicit-procedure -Wreal-q-constant -Wfunction-elimination -Wrealloc-lhs -Wrealloc-lhs-all -Wno-c-binding-type -Wuse-without-only -Winteger-division -Wfrontend-loop-interchange -fcheck=all -g -Og -I../../src -I../../fortran/src -g -fcray-pointer -ffixed-line-length-none -O3 -fopenmp -Wall -c HDF5.F90 -o HDF5.o
HDF5.F90:28:6:

   USE H5GLOBAL
      1
Warning: USE statement at (1) has no ONLY qualifier [-Wuse-without-only]
HDF5.F90:29:6:

   USE H5F
      1
Warning: USE statement at (1) has no ONLY qualifier [-Wuse-without-only]
HDF5.F90:30:6:

   USE H5G
      1
Warning: USE statement at (1) has no ONLY qualifier [-Wuse-without-only]
HDF5.F90:31:6:

   USE H5E
      1
Warning: USE statement at (1) has no ONLY qualifier [-Wuse-without-only]
HDF5.F90:32:6:

   USE H5I
      1
Warning: USE statement at (1) has no ONLY qualifier [-Wuse-without-only]
HDF5.F90:33:6:

   USE H5L
      1
Warning: USE statement at (1) has no ONLY qualifier [-Wuse-without-only]
HDF5.F90:34:6:

   USE H5S
      1
Warning: USE statement at (1) has no ONLY qualifier [-Wuse-without-only]
HDF5.F90:35:6:

   USE H5D
      1
Warning: USE statement at (1) has no ONLY qualifier [-Wuse-without-only]
HDF5.F90:36:6:

   USE H5A
      1
Warning: USE statement at (1) has no ONLY qualifier [-Wuse-without-only]
HDF5.F90:37:6:

   USE H5T
      1
Warning: USE statement at (1) has no ONLY qualifier [-Wuse-without-only]
HDF5.F90:38:6:

   USE H5O
      1
Warning: USE statement at (1) has no ONLY qualifier [-Wuse-without-only]
HDF5.F90:39:6:

   USE H5P
      1
Warning: USE statement at (1) has no ONLY qualifier [-Wuse-without-only]
HDF5.F90:40:6:

   USE H5R
      1
Warning: USE statement at (1) has no ONLY qualifier [-Wuse-without-only]
HDF5.F90:41:6:

   USE H5VL
      1
Warning: USE statement at (1) has no ONLY qualifier [-Wuse-without-only]
HDF5.F90:42:6:

   USE H5Z
      1
Warning: USE statement at (1) has no ONLY qualifier [-Wuse-without-only]
HDF5.F90:43:6:

   USE H5_gen
      1
Warning: USE statement at (1) has no ONLY qualifier [-Wuse-without-only]
HDF5.F90:44:6:

   USE H5LIB
      1
Warning: USE statement at (1) has no ONLY qualifier [-Wuse-without-only]
  FCLD     libhdf5_fortran.la
Making all in test
H5_test_buildiface.F90:50:19:

   USE, INTRINSIC :: ISO_C_BINDING
                   1
Warning: USE statement at (1) has no ONLY qualifier [-Wuse-without-only]
  FCLD     H5_test_buildiface
  PPFC     tf_gen.lo
libtool: compile:  gfortran -I. -I../../src -I../../fortran/src -std=f2008 -pedantic -Wall -Wextra -Wunderflow -Wimplicit-interface -Wsurprising -Waliasing -Wcharacter-truncation -Warray-temporaries -Wintrinsics-std -Wimplicit-procedure -Wreal-q-constant -Wfunction-elimination -Wrealloc-lhs -Wrealloc-lhs-all -Wno-c-binding-type -Wuse-without-only -Winteger-division -Wfrontend-loop-interchange -fcheck=all -g -Og -I../../fortran/src -I../../fortran/src -g -fcray-pointer -ffixed-line-length-none -O3 -fopenmp -Wall -c tf_gen.F90 -o tf_gen.o
tf_gen.F90:29:19:

   USE, INTRINSIC :: ISO_C_BINDING
                   1
Warning: USE statement at (1) has no ONLY qualifier [-Wuse-without-only]
  PPFC     tf.lo
libtool: compile:  gfortran -I. -I../../src -I../../fortran/src -std=f2008 -pedantic -Wall -Wextra -Wunderflow -Wimplicit-interface -Wsurprising -Waliasing -Wcharacter-truncation -Warray-temporaries -Wintrinsics-std -Wimplicit-procedure -Wreal-q-constant -Wfunction-elimination -Wrealloc-lhs -Wrealloc-lhs-all -Wno-c-binding-type -Wuse-without-only -Winteger-division -Wfrontend-loop-interchange -fcheck=all -g -Og -I../../fortran/src -I../../fortran/src -g -fcray-pointer -ffixed-line-length-none -O3 -fopenmp -Wall -c tf.F90 -o tf.o
tf.F90:33:19:

   USE, INTRINSIC :: ISO_C_BINDING
                   1
Warning: USE statement at (1) has no ONLY qualifier [-Wuse-without-only]
tf.F90:138:8:

     USE H5GLOBAL
        1
Warning: USE statement at (1) has no ONLY qualifier [-Wuse-without-only]
tf.F90:152:13:

          USE H5GLOBAL
             1
Warning: USE statement at (1) has no ONLY qualifier [-Wuse-without-only]
tf.F90:198:8:

     USE H5GLOBAL
        1
Warning: USE statement at (1) has no ONLY qualifier [-Wuse-without-only]
tf.F90:208:13:

          USE H5GLOBAL
             1
Warning: USE statement at (1) has no ONLY qualifier [-Wuse-without-only]
  CC       t.lo
  FCLD     libh5test_fortran.la
tH5F.F90:38:12:

         USE HDF5  ! This module contains all necessary modules
            1
Warning: USE statement at (1) has no ONLY qualifier [-Wuse-without-only]
tH5F.F90:39:12:

         USE TH5_MISC
            1
Warning: USE statement at (1) has no ONLY qualifier [-Wuse-without-only]
tH5F.F90:399:12:

         USE HDF5  ! This module contains all necessary modules
            1
Warning: USE statement at (1) has no ONLY qualifier [-Wuse-without-only]
tH5F.F90:400:12:

         USE TH5_MISC
            1
Warning: USE statement at (1) has no ONLY qualifier [-Wuse-without-only]
tH5F.F90:592:13:

          USE HDF5  ! This module contains all necessary modules
             1
Warning: USE statement at (1) has no ONLY qualifier [-Wuse-without-only]
tH5F.F90:593:13:

          USE TH5_MISC
             1
Warning: USE statement at (1) has no ONLY qualifier [-Wuse-without-only]
tH5F.F90:692:12:

         USE HDF5  ! This module contains all necessary modules
            1
Warning: USE statement at (1) has no ONLY qualifier [-Wuse-without-only]
tH5F.F90:693:12:

         USE TH5_MISC
            1
Warning: USE statement at (1) has no ONLY qualifier [-Wuse-without-only]
tH5F.F90:821:12:

         USE HDF5  ! This module contains all necessary modules
            1
Warning: USE statement at (1) has no ONLY qualifier [-Wuse-without-only]
tH5F.F90:822:12:

         USE TH5_MISC
            1
Warning: USE statement at (1) has no ONLY qualifier [-Wuse-without-only]
tH5D.F90:37:6:

   USE HDF5 ! This module contains all necessary modules
      1
Warning: USE statement at (1) has no ONLY qualifier [-Wuse-without-only]
tH5D.F90:38:6:

   USE TH5_MISC
      1
Warning: USE statement at (1) has no ONLY qualifier [-Wuse-without-only]
tH5D.F90:39:6:

   USE TH5_MISC_GEN
      1
Warning: USE statement at (1) has no ONLY qualifier [-Wuse-without-only]
tH5D.F90:516:8:

     USE ISO_C_BINDING
        1
Warning: USE statement at (1) has no ONLY qualifier [-Wuse-without-only]
tH5D.F90:335:14:

     maxdims = (/H5S_UNLIMITED_F, H5S_UNLIMITED_F/)
              1
Warning: Creating array temporary at (1) [-Warray-temporaries]
tH5R.F90:34:6:

   USE HDF5
      1
Warning: USE statement at (1) has no ONLY qualifier [-Wuse-without-only]
tH5R.F90:35:6:

   USE TH5_MISC
      1
Warning: USE statement at (1) has no ONLY qualifier [-Wuse-without-only]
tH5R.F90:36:6:

   USE TH5_MISC_GEN
      1
Warning: USE statement at (1) has no ONLY qualifier [-Wuse-without-only]
tH5S.F90:36:6:

   USE HDF5 ! This module contains all necessary modules
      1
Warning: USE statement at (1) has no ONLY qualifier [-Wuse-without-only]
tH5S.F90:37:6:

   USE TH5_MISC
      1
Warning: USE statement at (1) has no ONLY qualifier [-Wuse-without-only]
tH5S.F90:38:6:

   USE TH5_MISC_GEN
      1
Warning: USE statement at (1) has no ONLY qualifier [-Wuse-without-only]
tH5T.F90:30:6:

   USE HDF5
      1
Warning: USE statement at (1) has no ONLY qualifier [-Wuse-without-only]
tH5T.F90:31:6:

   USE TH5_MISC
      1
Warning: USE statement at (1) has no ONLY qualifier [-Wuse-without-only]
tH5T.F90:32:6:

   USE TH5_MISC_GEN
      1
Warning: USE statement at (1) has no ONLY qualifier [-Wuse-without-only]
tH5T.F90:823:8:

     USE HDF5
        1
Warning: USE statement at (1) has no ONLY qualifier [-Wuse-without-only]
tH5T.F90:824:8:

     USE TH5_MISC
        1
Warning: USE statement at (1) has no ONLY qualifier [-Wuse-without-only]
tH5VL.F90:29:6:

   USE HDF5 ! This module contains all necessary modules
      1
Warning: USE statement at (1) has no ONLY qualifier [-Wuse-without-only]
tH5VL.F90:30:6:

   USE TH5_MISC
      1
Warning: USE statement at (1) has no ONLY qualifier [-Wuse-without-only]
tH5VL.F90:31:6:

   USE TH5_MISC_GEN
      1
Warning: USE statement at (1) has no ONLY qualifier [-Wuse-without-only]
tH5Z.F90:35:7:

    USE HDF5 ! This module contains all necessary modules
       1
Warning: USE statement at (1) has no ONLY qualifier [-Wuse-without-only]
tH5Z.F90:36:7:

    USE TH5_MISC
       1
Warning: USE statement at (1) has no ONLY qualifier [-Wuse-without-only]
tH5Z.F90:168:12:

         USE HDF5 ! This module contains all necessary modules
            1
Warning: USE statement at (1) has no ONLY qualifier [-Wuse-without-only]
tH5Z.F90:169:12:

         USE TH5_MISC
            1
Warning: USE statement at (1) has no ONLY qualifier [-Wuse-without-only]
tH5Sselect.F90:39:6:

   USE HDF5 ! This module contains all necessary modules
      1
Warning: USE statement at (1) has no ONLY qualifier [-Wuse-without-only]
tH5Sselect.F90:40:6:

   USE TH5_MISC
      1
Warning: USE statement at (1) has no ONLY qualifier [-Wuse-without-only]
tH5Sselect.F90:41:6:

   USE TH5_MISC_GEN
      1
Warning: USE statement at (1) has no ONLY qualifier [-Wuse-without-only]
tH5Sselect.F90:324:8:

     USE HDF5 ! This module contains all necessary modules
        1
Warning: USE statement at (1) has no ONLY qualifier [-Wuse-without-only]
tH5Sselect.F90:325:8:

     USE TH5_MISC
        1
Warning: USE statement at (1) has no ONLY qualifier [-Wuse-without-only]
tH5P.F90:28:6:

   USE HDF5 ! This module contains all necessary modules
      1
Warning: USE statement at (1) has no ONLY qualifier [-Wuse-without-only]
tH5P.F90:29:6:

   USE TH5_MISC
      1
Warning: USE statement at (1) has no ONLY qualifier [-Wuse-without-only]
tH5P.F90:30:6:

   USE TH5_MISC_GEN
      1
Warning: USE statement at (1) has no ONLY qualifier [-Wuse-without-only]
tH5A.F90:30:9:

      USE HDF5 ! This module contains all necessary modules
         1
Warning: USE statement at (1) has no ONLY qualifier [-Wuse-without-only]
tH5A.F90:31:9:

      USE TH5_MISC
         1
Warning: USE statement at (1) has no ONLY qualifier [-Wuse-without-only]
tH5A.F90:32:9:

      USE TH5_MISC_GEN
         1
Warning: USE statement at (1) has no ONLY qualifier [-Wuse-without-only]
tH5I.F90:29:6:

   USE HDF5 ! This module contains all necessary modules
      1
Warning: USE statement at (1) has no ONLY qualifier [-Wuse-without-only]
tH5I.F90:30:6:

   USE TH5_MISC
      1
Warning: USE statement at (1) has no ONLY qualifier [-Wuse-without-only]
tH5I.F90:31:6:

   USE TH5_MISC_GEN
      1
Warning: USE statement at (1) has no ONLY qualifier [-Wuse-without-only]
tH5G.F90:39:9:

      USE HDF5 ! This module contains all necessary modules
         1
Warning: USE statement at (1) has no ONLY qualifier [-Wuse-without-only]
tH5G.F90:40:9:

      USE TH5_MISC
         1
Warning: USE statement at (1) has no ONLY qualifier [-Wuse-without-only]
tH5E.F90:40:7:

    USE HDF5 ! This module contains all necessary modules
       1
Warning: USE statement at (1) has no ONLY qualifier [-Wuse-without-only]
tH5E.F90:41:7:

    USE TH5_MISC
       1
Warning: USE statement at (1) has no ONLY qualifier [-Wuse-without-only]
tHDF5.F90:29:6:

   USE TH5_MISC
      1
Warning: USE statement at (1) has no ONLY qualifier [-Wuse-without-only]
tHDF5.F90:30:6:

   USE TH5_MISC_GEN
      1
Warning: USE statement at (1) has no ONLY qualifier [-Wuse-without-only]
tHDF5.F90:31:6:

   USE TH5A
      1
Warning: USE statement at (1) has no ONLY qualifier [-Wuse-without-only]
tHDF5.F90:32:6:

   USE TH5D
      1
Warning: USE statement at (1) has no ONLY qualifier [-Wuse-without-only]
tHDF5.F90:33:6:

   USE TH5E
      1
Warning: USE statement at (1) has no ONLY qualifier [-Wuse-without-only]
tHDF5.F90:34:6:

   USE TH5F
      1
Warning: USE statement at (1) has no ONLY qualifier [-Wuse-without-only]
tHDF5.F90:35:6:

   USE TH5G
      1
Warning: USE statement at (1) has no ONLY qualifier [-Wuse-without-only]
tHDF5.F90:36:6:

   USE TH5I
      1
Warning: USE statement at (1) has no ONLY qualifier [-Wuse-without-only]
tHDF5.F90:37:6:

   USE TH5P
      1
Warning: USE statement at (1) has no ONLY qualifier [-Wuse-without-only]
tHDF5.F90:38:6:

   USE TH5R
      1
Warning: USE statement at (1) has no ONLY qualifier [-Wuse-without-only]
tHDF5.F90:39:6:

   USE TH5S
      1
Warning: USE statement at (1) has no ONLY qualifier [-Wuse-without-only]
tHDF5.F90:40:6:

   USE TH5SSELECT
      1
Warning: USE statement at (1) has no ONLY qualifier [-Wuse-without-only]
tHDF5.F90:41:6:

   USE TH5T
      1
Warning: USE statement at (1) has no ONLY qualifier [-Wuse-without-only]
tHDF5.F90:42:6:

   USE TH5VL
      1
Warning: USE statement at (1) has no ONLY qualifier [-Wuse-without-only]
tHDF5.F90:43:6:

   USE TH5Z
      1
Warning: USE statement at (1) has no ONLY qualifier [-Wuse-without-only]
fortranlib_test.F90:29:6:

   USE HDF5
      1
Warning: USE statement at (1) has no ONLY qualifier [-Wuse-without-only]
fortranlib_test.F90:30:6:

   USE THDF5
      1
Warning: USE statement at (1) has no ONLY qualifier [-Wuse-without-only]
  FCLD     fortranlib_test
fflush1.F90:30:9:

      USE HDF5 ! This module contains all necessary modules
         1
Warning: USE statement at (1) has no ONLY qualifier [-Wuse-without-only]
fflush1.F90:31:9:

      USE TH5_MISC
         1
Warning: USE statement at (1) has no ONLY qualifier [-Wuse-without-only]
  FCLD     fflush1
fflush2.F90:30:6:

   USE HDF5 ! This module contains all necessary modules
      1
Warning: USE statement at (1) has no ONLY qualifier [-Wuse-without-only]
fflush2.F90:31:6:

   USE TH5_MISC
      1
Warning: USE statement at (1) has no ONLY qualifier [-Wuse-without-only]
  FCLD     fflush2
tH5O.F90:29:6:

   USE HDF5 ! This module contains all necessary modules
      1
Warning: USE statement at (1) has no ONLY qualifier [-Wuse-without-only]
tH5O.F90:30:6:

   USE TH5_MISC
      1
Warning: USE statement at (1) has no ONLY qualifier [-Wuse-without-only]
tH5O.F90:31:6:

   USE TH5_MISC_GEN
      1
Warning: USE statement at (1) has no ONLY qualifier [-Wuse-without-only]
tH5A_1_8.F90:33:6:

   USE HDF5 ! This module contains all necessary modules
      1
Warning: USE statement at (1) has no ONLY qualifier [-Wuse-without-only]
tH5A_1_8.F90:34:6:

   USE TH5_MISC
      1
Warning: USE statement at (1) has no ONLY qualifier [-Wuse-without-only]
tH5A_1_8.F90:35:6:

   USE TH5_MISC_GEN
      1
Warning: USE statement at (1) has no ONLY qualifier [-Wuse-without-only]
tH5G_1_8.F90:32:6:

   USE HDF5
      1
Warning: USE statement at (1) has no ONLY qualifier [-Wuse-without-only]
tH5G_1_8.F90:33:6:

   USE TH5_MISC
      1
Warning: USE statement at (1) has no ONLY qualifier [-Wuse-without-only]
tH5G_1_8.F90:34:6:

   USE TH5_MISC_GEN
      1
Warning: USE statement at (1) has no ONLY qualifier [-Wuse-without-only]
tH5G_1_8.F90:1396:13:

     hard_link, use_index, total_error)
             1
Warning: Unused dummy argument 'hard_link' at (1) [-Wunused-dummy-argument]
tH5G_1_8.F90:1396:24:

     hard_link, use_index, total_error)
                        1
Warning: Unused dummy argument 'use_index' at (1) [-Wunused-dummy-argument]
tH5MISC_1_8.F90:26:6:

   USE HDF5 ! This module contains all necessary modules
      1
Warning: USE statement at (1) has no ONLY qualifier [-Wuse-without-only]
tH5MISC_1_8.F90:27:6:

   USE TH5_MISC
      1
Warning: USE statement at (1) has no ONLY qualifier [-Wuse-without-only]
tH5MISC_1_8.F90:28:6:

   USE TH5_MISC_GEN
      1
Warning: USE statement at (1) has no ONLY qualifier [-Wuse-without-only]
tHDF5_1_8.F90:30:6:

   USE TH5_MISC
      1
Warning: USE statement at (1) has no ONLY qualifier [-Wuse-without-only]
tHDF5_1_8.F90:31:6:

   USE TH5MISC_1_8
      1
Warning: USE statement at (1) has no ONLY qualifier [-Wuse-without-only]
tHDF5_1_8.F90:32:6:

   USE TH5A_1_8
      1
Warning: USE statement at (1) has no ONLY qualifier [-Wuse-without-only]
tHDF5_1_8.F90:33:6:

   USE TH5G_1_8
      1
Warning: USE statement at (1) has no ONLY qualifier [-Wuse-without-only]
tHDF5_1_8.F90:34:6:

   USE TH5O
      1
Warning: USE statement at (1) has no ONLY qualifier [-Wuse-without-only]
fortranlib_test_1_8.F90:27:6:

   USE HDF5
      1
Warning: USE statement at (1) has no ONLY qualifier [-Wuse-without-only]
fortranlib_test_1_8.F90:28:6:

   USE THDF5_1_8
      1
Warning: USE statement at (1) has no ONLY qualifier [-Wuse-without-only]
fortranlib_test_1_8.F90:29:6:

   USE TH5_MISC
      1
Warning: USE statement at (1) has no ONLY qualifier [-Wuse-without-only]
  FCLD     fortranlib_test_1_8
tH5E_F03.F90:37:6:

   USE HDF5
      1
Warning: USE statement at (1) has no ONLY qualifier [-Wuse-without-only]
tH5E_F03.F90:38:6:

   USE TH5_MISC
      1
Warning: USE statement at (1) has no ONLY qualifier [-Wuse-without-only]
tH5E_F03.F90:39:6:

   USE TH5_MISC_GEN
      1
Warning: USE statement at (1) has no ONLY qualifier [-Wuse-without-only]
tH5E_F03.F90:102:6:

   USE ISO_C_BINDING
      1
Warning: USE statement at (1) has no ONLY qualifier [-Wuse-without-only]
tH5E_F03.F90:103:6:

   USE test_my_hdf5_error_handler
      1
Warning: USE statement at (1) has no ONLY qualifier [-Wuse-without-only]
tH5E_F03.F90:72:69:

   INTEGER FUNCTION my_hdf5_error_handler_nodata(estack_id, data_inout) bind(C)
                                                                     1
Warning: Unused dummy argument 'data_inout' at (1) [-Wunused-dummy-argument]
tH5E_F03.F90:72:57:

   INTEGER FUNCTION my_hdf5_error_handler_nodata(estack_id, data_inout) bind(C)
                                                         1
Warning: Unused dummy argument 'estack_id' at (1) [-Wunused-dummy-argument]
tH5E_F03.F90:49:52:

     INTEGER FUNCTION my_hdf5_error_handler(estack_id, data_inout) bind(C)
                                                    1
Warning: Unused dummy argument 'estack_id' at (1) [-Wunused-dummy-argument]
tH5F_F03.F90:39:6:

   USE HDF5
      1
Warning: USE statement at (1) has no ONLY qualifier [-Wuse-without-only]
tH5F_F03.F90:40:6:

   USE TH5_MISC
      1
Warning: USE statement at (1) has no ONLY qualifier [-Wuse-without-only]
tH5F_F03.F90:41:6:

   USE TH5_MISC_GEN
      1
Warning: USE statement at (1) has no ONLY qualifier [-Wuse-without-only]
tH5F_F03.F90:42:6:

   USE ISO_C_BINDING
      1
Warning: USE statement at (1) has no ONLY qualifier [-Wuse-without-only]
tH5L_F03.F90:33:6:

   USE HDF5
      1
Warning: USE statement at (1) has no ONLY qualifier [-Wuse-without-only]
tH5L_F03.F90:34:6:

   USE TH5_MISC
      1
Warning: USE statement at (1) has no ONLY qualifier [-Wuse-without-only]
tH5L_F03.F90:35:6:

   USE TH5_MISC_GEN
      1
Warning: USE statement at (1) has no ONLY qualifier [-Wuse-without-only]
tH5L_F03.F90:36:19:

   USE, INTRINSIC :: ISO_C_BINDING
                   1
Warning: USE statement at (1) has no ONLY qualifier [-Wuse-without-only]
tH5L_F03.F90:124:6:

   USE liter_cb_mod
      1
Warning: USE statement at (1) has no ONLY qualifier [-Wuse-without-only]
tH5L_F03.F90:61:45:

   INTEGER(KIND=C_INT) FUNCTION liter_cb(group, name, link_info, op_data) bind(C)
                                             1
Warning: Unused dummy argument 'group' at (1) [-Wunused-dummy-argument]
tH5L_F03.F90:61:62:

   INTEGER(KIND=C_INT) FUNCTION liter_cb(group, name, link_info, op_data) bind(C)
                                                              1
Warning: Unused dummy argument 'link_info' at (1) [-Wunused-dummy-argument]
tH5L_F03.F90:105:0:

   END FUNCTION liter_cb
 
Warning: '__result_liter_cb' may be used uninitialized in this function [-Wmaybe-uninitialized]
tH5L_F03.F90:61:0:

   INTEGER(KIND=C_INT) FUNCTION liter_cb(group, name, link_info, op_data) bind(C)
 
note: '__result_liter_cb' was declared here
tH5L_F03.F90:260:0:

         ichr10(j:j) = info%name(j)(1:1)
 
Warning: 'MEM[(character(kind=1) *)&info]' may be used uninitialized in this function [-Wmaybe-uninitialized]
tH5L_F03.F90:260:0: Warning: 'MEM[(character(kind=1) *)&info + 8B]' may be used uninitialized in this function [-Wmaybe-uninitialized]
tH5L_F03.F90:299:0:

         ichr10(j:j) = info%name(j)(1:1)
 
Warning: 'MEM[(character(kind=1) *)&info]' may be used uninitialized in this function [-Wmaybe-uninitialized]
tH5L_F03.F90:299:0: Warning: 'MEM[(character(kind=1) *)&info + 8B]' may be used uninitialized in this function [-Wmaybe-uninitialized]
tH5O_F03.F90:31:6:

   USE HDF5
      1
Warning: USE statement at (1) has no ONLY qualifier [-Wuse-without-only]
tH5O_F03.F90:32:19:

   USE, INTRINSIC :: ISO_C_BINDING
                   1
Warning: USE statement at (1) has no ONLY qualifier [-Wuse-without-only]
tH5O_F03.F90:286:6:

   USE HDF5
      1
Warning: USE statement at (1) has no ONLY qualifier [-Wuse-without-only]
tH5O_F03.F90:287:6:

   USE TH5_MISC
      1
Warning: USE statement at (1) has no ONLY qualifier [-Wuse-without-only]
tH5O_F03.F90:288:6:

   USE ISO_C_BINDING
      1
Warning: USE statement at (1) has no ONLY qualifier [-Wuse-without-only]
tH5O_F03.F90:425:6:

   USE HDF5
      1
Warning: USE statement at (1) has no ONLY qualifier [-Wuse-without-only]
tH5O_F03.F90:426:6:

   USE TH5_MISC
      1
Warning: USE statement at (1) has no ONLY qualifier [-Wuse-without-only]
tH5O_F03.F90:428:6:

   USE visit_cb
      1
Warning: USE statement at (1) has no ONLY qualifier [-Wuse-without-only]
tH5O_F03.F90:429:6:

   USE ISO_C_BINDING
      1
Warning: USE statement at (1) has no ONLY qualifier [-Wuse-without-only]
tH5O_F03.F90:563:6:

   USE HDF5
      1
Warning: USE statement at (1) has no ONLY qualifier [-Wuse-without-only]
tH5O_F03.F90:564:6:

   USE TH5_MISC
      1
Warning: USE statement at (1) has no ONLY qualifier [-Wuse-without-only]
tH5O_F03.F90:565:6:

   USE ISO_C_BINDING
      1
Warning: USE statement at (1) has no ONLY qualifier [-Wuse-without-only]
tH5O_F03.F90:717:6:

   USE HDF5
      1
Warning: USE statement at (1) has no ONLY qualifier [-Wuse-without-only]
tH5O_F03.F90:718:6:

   USE TH5_MISC
      1
Warning: USE statement at (1) has no ONLY qualifier [-Wuse-without-only]
tH5P_F03.F90:40:6:

   USE HDF5
      1
Warning: USE statement at (1) has no ONLY qualifier [-Wuse-without-only]
tH5P_F03.F90:41:6:

   USE ISO_C_BINDING
      1
Warning: USE statement at (1) has no ONLY qualifier [-Wuse-without-only]
tH5P_F03.F90:70:6:

   USE HDF5
      1
Warning: USE statement at (1) has no ONLY qualifier [-Wuse-without-only]
tH5P_F03.F90:71:6:

   USE TH5_MISC
      1
Warning: USE statement at (1) has no ONLY qualifier [-Wuse-without-only]
tH5P_F03.F90:72:6:

   USE TH5_MISC_GEN
      1
Warning: USE statement at (1) has no ONLY qualifier [-Wuse-without-only]
tH5P_F03.F90:73:6:

   USE ISO_C_BINDING
      1
Warning: USE statement at (1) has no ONLY qualifier [-Wuse-without-only]
tH5P_F03.F90:297:6:

   USE test_genprop_cls_cb1_mod
      1
Warning: USE statement at (1) has no ONLY qualifier [-Wuse-without-only]
tH5P_F03.F90:448:19:

   USE, INTRINSIC :: iso_c_binding
                   1
Warning: USE statement at (1) has no ONLY qualifier [-Wuse-without-only]
tH5P_F03.F90:665:6:

   USE ISO_C_BINDING
      1
Warning: USE statement at (1) has no ONLY qualifier [-Wuse-without-only]
tH5P_F03.F90:741:16:

   vdsdims_max = (/VDSDIM0, VDSDIM1, VDSDIM2/)
                1
Warning: Creating array temporary at (1) [-Warray-temporaries]
tH5P_F03.F90:742:13:

   dims_max = (/INT(DIM0,hsize_t), INT(DIM1,hsize_t), INT(DIM2,hsize_t)/)
             1
Warning: Creating array temporary at (1) [-Warray-temporaries]
tH5P_F03.F90:799:15:

   count(1:3) = (/H5S_UNLIMITED_F,1_hsize_t,1_hsize_t/)
               1
Warning: Creating array temporary at (1) [-Warray-temporaries]
tH5P_F03.F90:800:19:

   src_count(1:3) = (/H5S_UNLIMITED_F,1_hsize_t,1_hsize_t/)
                   1
Warning: Creating array temporary at (1) [-Warray-temporaries]
tH5P_F03.F90:862:18:

      block(1:3) = (/i, DIM1, DIM2/)
                  1
Warning: Creating array temporary at (1) [-Warray-temporaries]
tH5T_F03.F90:46:6:

   USE HDF5
      1
Warning: USE statement at (1) has no ONLY qualifier [-Wuse-without-only]
tH5T_F03.F90:47:6:

   USE TH5_MISC
      1
Warning: USE statement at (1) has no ONLY qualifier [-Wuse-without-only]
tH5T_F03.F90:48:6:

   USE TH5_MISC_GEN
      1
Warning: USE statement at (1) has no ONLY qualifier [-Wuse-without-only]
tH5T_F03.F90:49:6:

   USE ISO_C_BINDING
      1
Warning: USE statement at (1) has no ONLY qualifier [-Wuse-without-only]
tH5T_F03.F90:3025:17:

         IF(.NOT.(orig_data(i,j).EQ.orig_data(i,j))) CYCLE  ! skip IF value is NaN
                 1
Warning: Equality comparison for REAL(4) at (1) [-Wcompare-reals]
tH5T_F03.F90:2819:13:

   max_dims = (/H5S_UNLIMITED_F/)
             1
Warning: Creating array temporary at (1) [-Warray-temporaries]
tH5T_F03.F90:2270:34:

      CALL c_f_pointer(rdata(i)%p, ptr_r, [rdata(i)%len] )
                                  1
Warning: Creating array temporary at (1) [-Warray-temporaries]
tH5T_F03.F90:1378:46:

   INTEGER, PARAMETER :: SOLID=0, LIQUID=1, GAS=2, PLASMA=3
                                              1
Warning: Unused parameter 'gas' declared at (1) [-Wunused-parameter]
tH5T_F03.F90:1378:39:

   INTEGER, PARAMETER :: SOLID=0, LIQUID=1, GAS=2, PLASMA=3
                                       1
Warning: Unused parameter 'liquid' declared at (1) [-Wunused-parameter]
tHDF5_F03.F90:30:6:

   USE TH5_MISC
      1
Warning: USE statement at (1) has no ONLY qualifier [-Wuse-without-only]
tHDF5_F03.F90:31:6:

   USE TH5E_F03
      1
Warning: USE statement at (1) has no ONLY qualifier [-Wuse-without-only]
tHDF5_F03.F90:32:6:

   USE TH5F_F03
      1
Warning: USE statement at (1) has no ONLY qualifier [-Wuse-without-only]
tHDF5_F03.F90:33:6:

   USE TH5L_F03
      1
Warning: USE statement at (1) has no ONLY qualifier [-Wuse-without-only]
tHDF5_F03.F90:34:6:

   USE TH5O_F03
      1
Warning: USE statement at (1) has no ONLY qualifier [-Wuse-without-only]
tHDF5_F03.F90:35:6:

   USE TH5P_F03
      1
Warning: USE statement at (1) has no ONLY qualifier [-Wuse-without-only]
tHDF5_F03.F90:36:6:

   USE TH5T_F03
      1
Warning: USE statement at (1) has no ONLY qualifier [-Wuse-without-only]
fortranlib_test_F03.F90:28:6:

   USE HDF5
      1
Warning: USE statement at (1) has no ONLY qualifier [-Wuse-without-only]
fortranlib_test_F03.F90:29:6:

   USE THDF5_F03
      1
Warning: USE statement at (1) has no ONLY qualifier [-Wuse-without-only]
  FCLD     fortranlib_test_F03
vol_connector.F90:30:6:

   USE HDF5
      1
Warning: USE statement at (1) has no ONLY qualifier [-Wuse-without-only]
vol_connector.F90:31:6:

   USE TH5_MISC
      1
Warning: USE statement at (1) has no ONLY qualifier [-Wuse-without-only]
vol_connector.F90:32:6:

   USE TH5_MISC_GEN
      1
Warning: USE statement at (1) has no ONLY qualifier [-Wuse-without-only]
vol_connector.F90:231:6:

   USE HDF5
      1
Warning: USE statement at (1) has no ONLY qualifier [-Wuse-without-only]
vol_connector.F90:232:6:

   USE VOL_TMOD
      1
Warning: USE statement at (1) has no ONLY qualifier [-Wuse-without-only]
  FCLD     vol_connector
Making all in hl
Making all in src
  CC       H5DO.lo
  CC       H5DS.lo
H5DS.c: In function 'H5DSset_label':
H5DS.c:1483:7: warning: 'u.buf' may be used uninitialized in this function [-Wmaybe-uninitialized]
     } u;
       ^
  CC       H5IM.lo
  CC       H5LT.lo
H5LT.c: In function 'H5LTfind_dataset':
H5LT.c:1414:77: warning: cast discards 'const' qualifier from pointer target type [-Wcast-qual]
     return H5Literate2(loc_id, H5_INDEX_NAME, H5_ITER_INC, 0, find_dataset, (void *)dset_name);
                                                                             ^
H5LT.c: In function 'H5LT_find_attribute':
H5LT.c:2040:77: warning: cast discards 'const' qualifier from pointer target type [-Wcast-qual]
     return H5Aiterate2(loc_id, H5_INDEX_NAME, H5_ITER_INC, NULL, find_attr, (void *)attr_name);
                                                                             ^
  CC       H5LTanalyze.lo
hl/src/H5LTanalyze.c: In function 'H5LTyyrestart':
hl/src/H5LTanalyze.c:2095:25: warning: potential null pointer dereference [-Wnull-dereference]
hl/src/H5LTanalyze.c:2094:25: warning: potential null pointer dereference [-Wnull-dereference]
hl/src/H5LTanalyze.c:2087:20: warning: potential null pointer dereference [-Wnull-dereference]
hl/src/H5LTanalyze.c:2086:19: warning: potential null pointer dereference [-Wnull-dereference]
hl/src/H5LTanalyze.c:2086:19: warning: null pointer dereference [-Wnull-dereference]
hl/src/H5LTanalyze.c:2087:20: warning: null pointer dereference [-Wnull-dereference]
  CC       H5LTparse.lo
  CC       H5PT.lo
  CC       H5TB.lo
  CC       H5LD.lo
  CCLD     libhdf5_hl.la
Making all in test
  CC       test_lite.o
In file included from test_lite.c:17:
test_lite.c: In function 'main':
../../test/H5srcdir.h:62:69: warning: '%s' directive output may be truncated writing 14 bytes into a region of size between 1 and 1024 [-Wformat-truncation=]
             HDsnprintf(srcdir_testpath, sizeof(srcdir_testpath), "%s%s", srcdir, filename);
                                                                     ^~
In file included from ../../test/h5test.h:28,
                 from h5hltest.h:25,
                 from test_lite.c:16:
../../src/H5private.h:1345:27: note: 'snprintf' output between 15 and 1038 bytes into a destination of size 1024
     #define HDsnprintf    snprintf /*varargs*/
../../test/H5srcdir.h:62:13: note: in expansion of macro 'HDsnprintf'
             HDsnprintf(srcdir_testpath, sizeof(srcdir_testpath), "%s%s", srcdir, filename);
             ^~~~~~~~~~
  CCLD     test_lite
  CC       test_image.o
In file included from test_image.c:19:
../../test/H5srcdir.h: In function 'H5_get_srcdir_filename':
../../test/H5srcdir.h:62:71: warning: 'snprintf' output may be truncated before the last format character [-Wformat-truncation=]
             HDsnprintf(srcdir_testpath, sizeof(srcdir_testpath), "%s%s", srcdir, filename);
                                                                       ^
In file included from ../../test/h5test.h:28,
                 from h5hltest.h:25,
                 from test_image.c:18:
../../src/H5private.h:1345:27: note: 'snprintf' output 1 or more bytes (assuming 1025) into a destination of size 1024
     #define HDsnprintf    snprintf /*varargs*/
../../test/H5srcdir.h:62:13: note: in expansion of macro 'HDsnprintf'
             HDsnprintf(srcdir_testpath, sizeof(srcdir_testpath), "%s%s", srcdir, filename);
             ^~~~~~~~~~
  CCLD     test_image
  CC       test_file_image.o
  CCLD     test_file_image
  CC       test_table.o
In file included from test_table.c:17:
test_table.c: In function 'h5file_open.constprop':
../../test/H5srcdir.h:62:71: warning: 'snprintf' output may be truncated before the last format character [-Wformat-truncation=]
             HDsnprintf(srcdir_testpath, sizeof(srcdir_testpath), "%s%s", srcdir, filename);
                                                                       ^
In file included from ../../test/h5test.h:28,
                 from h5hltest.h:25,
                 from test_table.c:16:
../../src/H5private.h:1345:27: note: 'snprintf' output 1 or more bytes (assuming 1025) into a destination of size 1024
     #define HDsnprintf    snprintf /*varargs*/
../../test/H5srcdir.h:62:13: note: in expansion of macro 'HDsnprintf'
             HDsnprintf(srcdir_testpath, sizeof(srcdir_testpath), "%s%s", srcdir, filename);
             ^~~~~~~~~~
  CCLD     test_table
  CC       test_ds.o
In file included from test_ds.c:17:
../../test/H5srcdir.h: In function 'H5_get_srcdir_filename':
../../test/H5srcdir.h:62:71: warning: 'snprintf' output may be truncated before the last format character [-Wformat-truncation=]
             HDsnprintf(srcdir_testpath, sizeof(srcdir_testpath), "%s%s", srcdir, filename);
                                                                       ^
In file included from ../../test/h5test.h:28,
                 from h5hltest.h:25,
                 from test_ds.c:16:
../../src/H5private.h:1345:27: note: 'snprintf' output 1 or more bytes (assuming 1025) into a destination of size 1024
     #define HDsnprintf    snprintf /*varargs*/
../../test/H5srcdir.h:62:13: note: in expansion of macro 'HDsnprintf'
             HDsnprintf(srcdir_testpath, sizeof(srcdir_testpath), "%s%s", srcdir, filename);
             ^~~~~~~~~~
  CCLD     test_ds
  CC       test_packet.o
  CC       test_packet_vlen.o
  CCLD     test_packet
  CC       test_ld.o
In file included from test_ld.c:20:
../../test/H5srcdir.h: In function 'H5_get_srcdir_filename.constprop':
../../test/H5srcdir.h:62:69: warning: '%s' directive output may be truncated writing 10 bytes into a region of size between 1 and 1024 [-Wformat-truncation=]
             HDsnprintf(srcdir_testpath, sizeof(srcdir_testpath), "%s%s", srcdir, filename);
                                                                     ^~
In file included from ../../test/h5test.h:28,
                 from h5hltest.h:25,
                 from test_ld.c:19:
../../src/H5private.h:1345:27: note: 'snprintf' output between 11 and 1034 bytes into a destination of size 1024
     #define HDsnprintf    snprintf /*varargs*/
../../test/H5srcdir.h:62:13: note: in expansion of macro 'HDsnprintf'
             HDsnprintf(srcdir_testpath, sizeof(srcdir_testpath), "%s%s", srcdir, filename);
             ^~~~~~~~~~
  CCLD     test_ld
  CC       test_dset_append.o
  CCLD     test_dset_append
  CC       test_h5do_compat.o
  CCLD     test_h5do_compat
Making all in tools
Making all in gif2h5
  CC       gif2hdf.o
  CC       gif2mem.o
  CC       decompress.o
decompress.c:60:5: warning: size of 'Prefix' is 16384 bytes [-Wlarger-than=]
 int Prefix[4096];
     ^~~~~~
decompress.c:61:5: warning: size of 'Suffix' is 16384 bytes [-Wlarger-than=]
 int Suffix[4096];
     ^~~~~~
decompress.c:65:5: warning: size of 'OutCode' is 4100 bytes [-Wlarger-than=]
 int OutCode[1025];
     ^~~~~~~
  CC       gifread.o
  CC       writehdf.o
  CCLD     gif2h5
  CC       hdf2gif.o
  CC       hdfgifwr.o
hdfgifwr.c:126:24: warning: size of 'htab' is 40024 bytes [-Wlarger-than=]
 static  count_int      htab [HSIZE];
                        ^~~~
hdfgifwr.c:127:24: warning: size of 'codetab' is 10006 bytes [-Wlarger-than=]
 static  unsigned short codetab [HSIZE];
                        ^~~~~~~
  CCLD     h52gif
  CC       h52gifgentst.o
  CCLD     h52gifgentst
Making all in h5watch
  CC       h5watch.o
  CCLD     h5watch
  CC       swmr_check_compat_vfd.o
  CCLD     swmr_check_compat_vfd
  CC       h5watchgentest.o
  CCLD     h5watchgentest
  CC       extend_dset-extend_dset.o
  CCLD     extend_dset
Making all in fortran
Making all in src
  CC       H5DSfc.lo
  CC       H5LTfc.lo
  CC       H5IMfc.lo
  CC       H5IMcc.lo
  CC       H5TBfc.lo
H5TBfc.c: In function 'h5tbmake_table_c':
H5TBfc.c:100:33: warning: to be safe all intermediate pointers in cast from 'char **' to 'const char **' must be 'const' qualified [-Wcast-qual]
             (size_t)*type_size, (const char **)c_field_names, c_field_offset, c_field_types,
                                 ^
H5TBfc.c: In function 'h5tbmake_table_ptr_c':
H5TBfc.c:206:33: warning: to be safe all intermediate pointers in cast from 'char **' to 'const char **' must be 'const' qualified [-Wcast-qual]
             (size_t)*type_size, (const char **)c_field_names, c_field_offset, c_field_types,
                                 ^
  PPFC     H5DSff.lo
libtool: compile:  gfortran -I. -I../../../src -I../../../fortran/src -std=f2008 -pedantic -Wall -Wextra -Wunderflow -Wimplicit-interface -Wsurprising -Waliasing -Wcharacter-truncation -Warray-temporaries -Wintrinsics-std -Wimplicit-procedure -Wreal-q-constant -Wfunction-elimination -Wrealloc-lhs -Wrealloc-lhs-all -Wno-c-binding-type -Wuse-without-only -Winteger-division -Wfrontend-loop-interchange -fcheck=all -g -Og -I../../../fortran/src -I../../../fortran/src -g -fcray-pointer -ffixed-line-length-none -O3 -fopenmp -Wall -c H5DSff.F90 -o H5DSff.o
H5DSff.F90:21:6:

   USE h5fortran_types
      1
Warning: USE statement at (1) has no ONLY qualifier [-Wuse-without-only]
H5DSff.F90:22:6:

   USE hdf5
      1
Warning: USE statement at (1) has no ONLY qualifier [-Wuse-without-only]
  PPFC     H5LTff.lo
libtool: compile:  gfortran -I. -I../../../src -I../../../fortran/src -std=f2008 -pedantic -Wall -Wextra -Wunderflow -Wimplicit-interface -Wsurprising -Waliasing -Wcharacter-truncation -Warray-temporaries -Wintrinsics-std -Wimplicit-procedure -Wreal-q-constant -Wfunction-elimination -Wrealloc-lhs -Wrealloc-lhs-all -Wno-c-binding-type -Wuse-without-only -Winteger-division -Wfrontend-loop-interchange -fcheck=all -g -Og -I../../../fortran/src -I../../../fortran/src -g -fcray-pointer -ffixed-line-length-none -O3 -fopenmp -Wall -c H5LTff.F90 -o H5LTff.o
H5LTff.F90:34:19:

   USE, INTRINSIC :: ISO_C_BINDING
                   1
Warning: USE statement at (1) has no ONLY qualifier [-Wuse-without-only]
H5LTff.F90:35:6:

   USE h5fortran_types
      1
Warning: USE statement at (1) has no ONLY qualifier [-Wuse-without-only]
H5LTff.F90:36:6:

   USE hdf5
      1
Warning: USE statement at (1) has no ONLY qualifier [-Wuse-without-only]
H5LTff.F90:402:11:

        dims,&
           1
Warning: Unused dummy argument 'dims' at (1) [-Wunused-dummy-argument]
  PPFC     H5TBff.lo
libtool: compile:  gfortran -I. -I../../../src -I../../../fortran/src -std=f2008 -pedantic -Wall -Wextra -Wunderflow -Wimplicit-interface -Wsurprising -Waliasing -Wcharacter-truncation -Warray-temporaries -Wintrinsics-std -Wimplicit-procedure -Wreal-q-constant -Wfunction-elimination -Wrealloc-lhs -Wrealloc-lhs-all -Wno-c-binding-type -Wuse-without-only -Winteger-division -Wfrontend-loop-interchange -fcheck=all -g -Og -I../../../fortran/src -I../../../fortran/src -g -fcray-pointer -ffixed-line-length-none -O3 -fopenmp -Wall -c H5TBff.F90 -o H5TBff.o
H5TBff.F90:35:19:

   USE, INTRINSIC :: ISO_C_BINDING
                   1
Warning: USE statement at (1) has no ONLY qualifier [-Wuse-without-only]
H5TBff.F90:36:6:

   USE h5fortran_types
      1
Warning: USE statement at (1) has no ONLY qualifier [-Wuse-without-only]
H5TBff.F90:37:6:

   USE hdf5
      1
Warning: USE statement at (1) has no ONLY qualifier [-Wuse-without-only]
H5TBff.F90:286:8:

     USE ISO_C_BINDING
        1
Warning: USE statement at (1) has no ONLY qualifier [-Wuse-without-only]
H5TBff.F90:369:8:

     USE ISO_C_BINDING
        1
Warning: USE statement at (1) has no ONLY qualifier [-Wuse-without-only]
  PPFC     H5IMff.lo
libtool: compile:  gfortran -I. -I../../../src -I../../../fortran/src -std=f2008 -pedantic -Wall -Wextra -Wunderflow -Wimplicit-interface -Wsurprising -Waliasing -Wcharacter-truncation -Warray-temporaries -Wintrinsics-std -Wimplicit-procedure -Wreal-q-constant -Wfunction-elimination -Wrealloc-lhs -Wrealloc-lhs-all -Wno-c-binding-type -Wuse-without-only -Winteger-division -Wfrontend-loop-interchange -fcheck=all -g -Og -I../../../fortran/src -I../../../fortran/src -g -fcray-pointer -ffixed-line-length-none -O3 -fopenmp -Wall -c H5IMff.F90 -o H5IMff.o
H5IMff.F90:32:19:

   USE, INTRINSIC :: ISO_C_BINDING
                   1
Warning: USE statement at (1) has no ONLY qualifier [-Wuse-without-only]
H5IMff.F90:33:6:

   USE h5fortran_types
      1
Warning: USE statement at (1) has no ONLY qualifier [-Wuse-without-only]
H5IMff.F90:34:6:

   USE hdf5
      1
Warning: USE statement at (1) has no ONLY qualifier [-Wuse-without-only]
H5HL_buildiface.F90:50:19:

   USE, INTRINSIC :: ISO_C_BINDING
                   1
Warning: USE statement at (1) has no ONLY qualifier [-Wuse-without-only]
  FCLD     H5HL_buildiface
  PPFC     H5LTff_gen.lo
libtool: compile:  gfortran -I. -I../../../src -I../../../fortran/src -std=f2008 -pedantic -Wall -Wextra -Wunderflow -Wimplicit-interface -Wsurprising -Waliasing -Wcharacter-truncation -Warray-temporaries -Wintrinsics-std -Wimplicit-procedure -Wreal-q-constant -Wfunction-elimination -Wrealloc-lhs -Wrealloc-lhs-all -Wno-c-binding-type -Wuse-without-only -Winteger-division -Wfrontend-loop-interchange -fcheck=all -g -Og -I../../../fortran/src -I../../../fortran/src -g -fcray-pointer -ffixed-line-length-none -O3 -fopenmp -Wall -c H5LTff_gen.F90 -o H5LTff_gen.o
H5LTff_gen.F90:30:19:

   USE, INTRINSIC :: ISO_C_BINDING
                   1
Warning: USE statement at (1) has no ONLY qualifier [-Wuse-without-only]
H5LTff_gen.F90:31:6:

   USE h5fortran_types
      1
Warning: USE statement at (1) has no ONLY qualifier [-Wuse-without-only]
H5LTff_gen.F90:32:6:

   USE H5LT_CONST
      1
Warning: USE statement at (1) has no ONLY qualifier [-Wuse-without-only]
H5LTff_gen.F90:6374:75:

   SUBROUTINE h5ltread_dataset_int_kind_16_rank_0(loc_id,dset_name, buf,dims,errcode)
                                                                           1
Warning: Unused dummy argument 'dims' at (1) [-Wunused-dummy-argument]
H5LTff_gen.F90:6230:74:

   SUBROUTINE h5ltread_dataset_int_kind_8_rank_0(loc_id,dset_name, buf,dims,errcode)
                                                                          1
Warning: Unused dummy argument 'dims' at (1) [-Wunused-dummy-argument]
H5LTff_gen.F90:6086:74:

   SUBROUTINE h5ltread_dataset_int_kind_4_rank_0(loc_id,dset_name, buf,dims,errcode)
                                                                          1
Warning: Unused dummy argument 'dims' at (1) [-Wunused-dummy-argument]
H5LTff_gen.F90:5942:74:

   SUBROUTINE h5ltread_dataset_int_kind_2_rank_0(loc_id,dset_name, buf,dims,errcode)
                                                                          1
Warning: Unused dummy argument 'dims' at (1) [-Wunused-dummy-argument]
H5LTff_gen.F90:5798:74:

   SUBROUTINE h5ltread_dataset_int_kind_1_rank_0(loc_id,dset_name, buf,dims,errcode)
                                                                          1
Warning: Unused dummy argument 'dims' at (1) [-Wunused-dummy-argument]
H5LTff_gen.F90:5662:88:

   SUBROUTINE h5ltread_dataset_integer_kind_16_rank_0(loc_id,dset_name, type_id, buf,dims,errcode)
                                                                                        1
Warning: Unused dummy argument 'dims' at (1) [-Wunused-dummy-argument]
H5LTff_gen.F90:5526:87:

   SUBROUTINE h5ltread_dataset_integer_kind_8_rank_0(loc_id,dset_name, type_id, buf,dims,errcode)
                                                                                       1
Warning: Unused dummy argument 'dims' at (1) [-Wunused-dummy-argument]
H5LTff_gen.F90:5390:87:

   SUBROUTINE h5ltread_dataset_integer_kind_4_rank_0(loc_id,dset_name, type_id, buf,dims,errcode)
                                                                                       1
Warning: Unused dummy argument 'dims' at (1) [-Wunused-dummy-argument]
H5LTff_gen.F90:5254:87:

   SUBROUTINE h5ltread_dataset_integer_kind_2_rank_0(loc_id,dset_name, type_id, buf,dims,errcode)
                                                                                       1
Warning: Unused dummy argument 'dims' at (1) [-Wunused-dummy-argument]
H5LTff_gen.F90:5118:87:

   SUBROUTINE h5ltread_dataset_integer_kind_1_rank_0(loc_id,dset_name, type_id, buf,dims,errcode)
                                                                                       1
Warning: Unused dummy argument 'dims' at (1) [-Wunused-dummy-argument]
H5LTff_gen.F90:3510:77:

   SUBROUTINE h5ltread_dataset_double_kind_16_rank_0(loc_id,dset_name,buf,dims,errcode)
                                                                             1
Warning: Unused dummy argument 'dims' at (1) [-Wunused-dummy-argument]
H5LTff_gen.F90:3382:77:

   SUBROUTINE h5ltread_dataset_double_kind_10_rank_0(loc_id,dset_name,buf,dims,errcode)
                                                                             1
Warning: Unused dummy argument 'dims' at (1) [-Wunused-dummy-argument]
H5LTff_gen.F90:3254:76:

   SUBROUTINE h5ltread_dataset_double_kind_8_rank_0(loc_id,dset_name,buf,dims,errcode)
                                                                            1
Warning: Unused dummy argument 'dims' at (1) [-Wunused-dummy-argument]
H5LTff_gen.F90:3126:76:

   SUBROUTINE h5ltread_dataset_double_kind_4_rank_0(loc_id,dset_name,buf,dims,errcode)
                                                                            1
Warning: Unused dummy argument 'dims' at (1) [-Wunused-dummy-argument]
H5LTff_gen.F90:2454:76:

   SUBROUTINE h5ltread_dataset_float_kind_16_rank_0(loc_id,dset_name,buf,dims,errcode)
                                                                            1
Warning: Unused dummy argument 'dims' at (1) [-Wunused-dummy-argument]
H5LTff_gen.F90:2326:76:

   SUBROUTINE h5ltread_dataset_float_kind_10_rank_0(loc_id,dset_name,buf,dims,errcode)
                                                                            1
Warning: Unused dummy argument 'dims' at (1) [-Wunused-dummy-argument]
H5LTff_gen.F90:2198:75:

   SUBROUTINE h5ltread_dataset_float_kind_8_rank_0(loc_id,dset_name,buf,dims,errcode)
                                                                           1
Warning: Unused dummy argument 'dims' at (1) [-Wunused-dummy-argument]
H5LTff_gen.F90:2070:75:

   SUBROUTINE h5ltread_dataset_float_kind_4_rank_0(loc_id,dset_name,buf,dims,errcode)
                                                                           1
Warning: Unused dummy argument 'dims' at (1) [-Wunused-dummy-argument]
H5LTff_gen.F90:1390:83:

   SUBROUTINE h5ltread_dataset_real_kind_16_rank_0(loc_id,dset_name,type_id,buf,dims,errcode)
                                                                                   1
Warning: Unused dummy argument 'dims' at (1) [-Wunused-dummy-argument]
H5LTff_gen.F90:1254:83:

   SUBROUTINE h5ltread_dataset_real_kind_10_rank_0(loc_id,dset_name,type_id,buf,dims,errcode)
                                                                                   1
Warning: Unused dummy argument 'dims' at (1) [-Wunused-dummy-argument]
H5LTff_gen.F90:1118:82:

   SUBROUTINE h5ltread_dataset_real_kind_8_rank_0(loc_id,dset_name,type_id,buf,dims,errcode)
                                                                                  1
Warning: Unused dummy argument 'dims' at (1) [-Wunused-dummy-argument]
H5LTff_gen.F90:982:82:

   SUBROUTINE h5ltread_dataset_real_kind_4_rank_0(loc_id,dset_name,type_id,buf,dims,errcode)
                                                                                  1
Warning: Unused dummy argument 'dims' at (1) [-Wunused-dummy-argument]
  PPFC     H5TBff_gen.lo
libtool: compile:  gfortran -I. -I../../../src -I../../../fortran/src -std=f2008 -pedantic -Wall -Wextra -Wunderflow -Wimplicit-interface -Wsurprising -Waliasing -Wcharacter-truncation -Warray-temporaries -Wintrinsics-std -Wimplicit-procedure -Wreal-q-constant -Wfunction-elimination -Wrealloc-lhs -Wrealloc-lhs-all -Wno-c-binding-type -Wuse-without-only -Winteger-division -Wfrontend-loop-interchange -fcheck=all -g -Og -I../../../fortran/src -I../../../fortran/src -g -fcray-pointer -ffixed-line-length-none -O3 -fopenmp -Wall -c H5TBff_gen.F90 -o H5TBff_gen.o
H5TBff_gen.F90:30:19:

   USE, INTRINSIC :: ISO_C_BINDING
                   1
Warning: USE statement at (1) has no ONLY qualifier [-Wuse-without-only]
H5TBff_gen.F90:31:6:

   USE h5fortran_types
      1
Warning: USE statement at (1) has no ONLY qualifier [-Wuse-without-only]
H5TBff_gen.F90:32:6:

   USE H5TB_CONST
      1
Warning: USE statement at (1) has no ONLY qualifier [-Wuse-without-only]
  FCLD     libhdf5hl_fortran.la
Making all in test
tstds.F90:62:6:

   USE HDF5
      1
Warning: USE statement at (1) has no ONLY qualifier [-Wuse-without-only]
tstds.F90:63:6:

   USE H5LT
      1
Warning: USE statement at (1) has no ONLY qualifier [-Wuse-without-only]
tstds.F90:64:6:

   USE H5DS
      1
Warning: USE statement at (1) has no ONLY qualifier [-Wuse-without-only]
tstds.F90:65:6:

   USE TSTDS ! module for testing dataset support routines
      1
Warning: USE statement at (1) has no ONLY qualifier [-Wuse-without-only]
tstds.F90:354:6:

   USE TSTDS_TESTS ! module for testing dataset routines
      1
Warning: USE statement at (1) has no ONLY qualifier [-Wuse-without-only]
  FCLD     tstds
tstlite.F90:21:6:

   USE TH5_MISC_GEN
      1
Warning: USE statement at (1) has no ONLY qualifier [-Wuse-without-only]
tstlite.F90:50:19:

   USE, INTRINSIC :: ISO_C_BINDING
                   1
Warning: USE statement at (1) has no ONLY qualifier [-Wuse-without-only]
tstlite.F90:51:6:

   USE H5LT    ! module of H5LT
      1
Warning: USE statement at (1) has no ONLY qualifier [-Wuse-without-only]
tstlite.F90:52:6:

   USE HDF5    ! module of HDF5 library
      1
Warning: USE statement at (1) has no ONLY qualifier [-Wuse-without-only]
tstlite.F90:53:6:

   USE TSTLITE ! module for testing lite support routines
      1
Warning: USE statement at (1) has no ONLY qualifier [-Wuse-without-only]
tstlite.F90:1994:6:

   USE TSTLITE_TESTS ! module for testing lite routines
      1
Warning: USE statement at (1) has no ONLY qualifier [-Wuse-without-only]
tstlite.F90:1549:36:

        CALL c_f_pointer(rdata(i)%p, ptr_r, [rdata(i)%len] )
                                    1
Warning: Creating array temporary at (1) [-Warray-temporaries]
  FCLD     tstlite
tstimage.F90:53:4:

 use h5im ! module of H5IM
    1
Warning: USE statement at (1) has no ONLY qualifier [-Wuse-without-only]
tstimage.F90:54:4:

 use hdf5 ! module of HDF5 library
    1
Warning: USE statement at (1) has no ONLY qualifier [-Wuse-without-only]
tstimage.F90:55:4:

 USE TSTIMAGE ! module for testing image support routines
    1
Warning: USE statement at (1) has no ONLY qualifier [-Wuse-without-only]
tstimage.F90:349:4:

 USE TSTIMAGE_TESTS ! module for testing dataset routines
    1
Warning: USE statement at (1) has no ONLY qualifier [-Wuse-without-only]
  FCLD     tstimage
tsttable.F90:45:6:

   USE TH5_MISC_GEN
      1
Warning: USE statement at (1) has no ONLY qualifier [-Wuse-without-only]
tsttable.F90:56:6:

   USE H5TB ! module of H5TB
      1
Warning: USE statement at (1) has no ONLY qualifier [-Wuse-without-only]
tsttable.F90:57:6:

   USE HDF5 ! module of HDF5 library
      1
Warning: USE statement at (1) has no ONLY qualifier [-Wuse-without-only]
tsttable.F90:58:6:

   USE TSTTABLE ! module for testing table support routines
      1
Warning: USE statement at (1) has no ONLY qualifier [-Wuse-without-only]
tsttable.F90:550:6:

   USE H5TB ! module of H5TB
      1
Warning: USE statement at (1) has no ONLY qualifier [-Wuse-without-only]
tsttable.F90:551:6:

   USE HDF5 ! module of HDF5 library
      1
Warning: USE statement at (1) has no ONLY qualifier [-Wuse-without-only]
tsttable.F90:552:6:

   USE TSTTABLE ! module for testing table support routines
      1
Warning: USE statement at (1) has no ONLY qualifier [-Wuse-without-only]
tsttable.F90:645:18:

        H5OFFSETOF(C_LOC(dst_buf(1)), C_LOC(dst_buf(1)%name(1:1))), &
                  1
Warning: Removing call to function 'c_loc' at (1) [-Wfunction-elimination]
tsttable.F90:647:18:

        H5OFFSETOF(C_LOC(dst_buf(1)), C_LOC(dst_buf(1)%long)), &
                  1
Warning: Removing call to function 'c_loc' at (1) [-Wfunction-elimination]
tsttable.F90:657:19:

        string_type,&
                   1
Warning: Removing call to function 'h5kind_to_type' at (1) [-Wfunction-elimination]
tsttable.F90:734:6:

   USE H5TB ! module of H5TB
      1
Warning: USE statement at (1) has no ONLY qualifier [-Wuse-without-only]
tsttable.F90:735:6:

   USE HDF5 ! module of HDF5 library
      1
Warning: USE statement at (1) has no ONLY qualifier [-Wuse-without-only]
tsttable.F90:736:6:

   USE TSTTABLE_TESTS ! module for testing table routines
      1
Warning: USE statement at (1) has no ONLY qualifier [-Wuse-without-only]
tsttable.F90:610:23:

   p_data(1:nrecords) = (/ &
                       1
Warning: Creating array temporary at (1) [-Warray-temporaries]
tsttable.F90:644:26:

   dst_offset(1:nfields) = (/ &
                          1
Warning: Creating array temporary at (1) [-Warray-temporaries]
tsttable.F90:656:20:

   field_type(1:5) = (/ &
                    1
Warning: Creating array temporary at (1) [-Warray-temporaries]
  FCLD     tsttable
HDF5: Installing...
Making install in src
 /usr/bin/mkdir -p '/home/lucas.t/Cactus_tmp/configs/sim/scratch/external/HDF5/lib'
 /bin/sh ../libtool   --mode=install /usr/bin/install -c   libhdf5.la '/home/lucas.t/Cactus_tmp/configs/sim/scratch/external/HDF5/lib'
libtool: install: /usr/bin/install -c .libs/libhdf5.lai /home/lucas.t/Cactus_tmp/configs/sim/scratch/external/HDF5/lib/libhdf5.la
libtool: install: /usr/bin/install -c .libs/libhdf5.a /home/lucas.t/Cactus_tmp/configs/sim/scratch/external/HDF5/lib/libhdf5.a
libtool: install: chmod 644 /home/lucas.t/Cactus_tmp/configs/sim/scratch/external/HDF5/lib/libhdf5.a
libtool: install: ranlib /home/lucas.t/Cactus_tmp/configs/sim/scratch/external/HDF5/lib/libhdf5.a
libtool: finish: PATH="/opt/spack/opt/spack/linux-centos7-x86_64/gcc-8.3.0/perl-5.30.2-txwgrdtdeaova4trhpwfwsdcrs63w2r4/bin:/opt/ohpc/pub/mpi/mvapich2-gnu8/2.3.2/bin:/opt/ohpc/pub/compiler/gcc/8.3.0/bin:/opt/ohpc/pub/utils/prun/1.3:/opt/ohpc/pub/utils/autotools/bin:/opt/ohpc/pub/bin:/usr/local/bin:/usr/bin:/usr/local/sbin:/usr/sbin:/home/lucas.t/.local/bin:/home/lucas.t/bin:/sbin" ldconfig -n /home/lucas.t/Cactus_tmp/configs/sim/scratch/external/HDF5/lib
----------------------------------------------------------------------
Libraries have been installed in:
   /home/lucas.t/Cactus_tmp/configs/sim/scratch/external/HDF5/lib

If you ever happen to want to link against installed libraries
in a given directory, LIBDIR, you must either use libtool, and
specify the full pathname of the library, or use the '-LLIBDIR'
flag during linking and do at least one of the following:
   - add LIBDIR to the 'LD_LIBRARY_PATH' environment variable
     during execution
   - have your system administrator add LIBDIR to '/etc/ld.so.conf'

See any operating system documentation about shared libraries for
more information, such as the ld(1) and ld.so(8) manual pages.
----------------------------------------------------------------------
 /usr/bin/mkdir -p '/home/lucas.t/Cactus_tmp/configs/sim/scratch/external/HDF5/include'
 /usr/bin/install -c -m 644 hdf5.h H5api_adpt.h H5overflow.h H5pubconf.h H5public.h H5version.h H5Apublic.h H5ACpublic.h H5Cpublic.h H5Dpublic.h H5Epubgen.h H5Epublic.h H5ESpublic.h H5Fpublic.h H5FDpublic.h H5FDcore.h H5FDdirect.h H5FDfamily.h H5FDhdfs.h H5FDlog.h H5FDmpi.h H5FDmpio.h H5FDmulti.h H5FDros3.h H5FDsec2.h H5FDstdio.h H5FDwindows.h H5Gpublic.h H5Ipublic.h H5Lpublic.h H5Mpublic.h H5MMpublic.h H5Opublic.h H5Ppublic.h H5PLextern.h H5PLpublic.h H5Rpublic.h H5Spublic.h H5Tpublic.h H5VLconnector.h '/home/lucas.t/Cactus_tmp/configs/sim/scratch/external/HDF5/include'
 /usr/bin/install -c -m 644 H5VLconnector_passthru.h H5VLnative.h H5VLpassthru.h H5VLpublic.h H5Zpublic.h '/home/lucas.t/Cactus_tmp/configs/sim/scratch/external/HDF5/include'
 /usr/bin/mkdir -p '/home/lucas.t/Cactus_tmp/configs/sim/scratch/external/HDF5/lib'
 /usr/bin/install -c -m 644 libhdf5.settings '/home/lucas.t/Cactus_tmp/configs/sim/scratch/external/HDF5/lib'
Making install in test
Making install in bin
 /usr/bin/mkdir -p '/home/lucas.t/Cactus_tmp/configs/sim/scratch/external/HDF5/bin'
 /usr/bin/install -c h5redeploy '/home/lucas.t/Cactus_tmp/configs/sim/scratch/external/HDF5/bin'
Making install in tools
Making install in lib
Making install in src
Making install in h5diff
 /usr/bin/mkdir -p '/home/lucas.t/Cactus_tmp/configs/sim/scratch/external/HDF5/bin'
  /bin/sh ../../../libtool   --mode=install /usr/bin/install -c h5diff '/home/lucas.t/Cactus_tmp/configs/sim/scratch/external/HDF5/bin'
libtool: install: /usr/bin/install -c h5diff /home/lucas.t/Cactus_tmp/configs/sim/scratch/external/HDF5/bin/h5diff
Making install in h5ls
 /usr/bin/mkdir -p '/home/lucas.t/Cactus_tmp/configs/sim/scratch/external/HDF5/bin'
  /bin/sh ../../../libtool   --mode=install /usr/bin/install -c h5ls '/home/lucas.t/Cactus_tmp/configs/sim/scratch/external/HDF5/bin'
libtool: install: /usr/bin/install -c h5ls /home/lucas.t/Cactus_tmp/configs/sim/scratch/external/HDF5/bin/h5ls
Making install in h5dump
 /usr/bin/mkdir -p '/home/lucas.t/Cactus_tmp/configs/sim/scratch/external/HDF5/bin'
  /bin/sh ../../../libtool   --mode=install /usr/bin/install -c h5dump '/home/lucas.t/Cactus_tmp/configs/sim/scratch/external/HDF5/bin'
libtool: install: /usr/bin/install -c h5dump /home/lucas.t/Cactus_tmp/configs/sim/scratch/external/HDF5/bin/h5dump
Making install in misc
 /usr/bin/mkdir -p '/home/lucas.t/Cactus_tmp/configs/sim/scratch/external/HDF5/bin'
  /bin/sh ../../../libtool   --mode=install /usr/bin/install -c h5debug h5repart h5mkgrp h5clear '/home/lucas.t/Cactus_tmp/configs/sim/scratch/external/HDF5/bin'
libtool: install: /usr/bin/install -c h5debug /home/lucas.t/Cactus_tmp/configs/sim/scratch/external/HDF5/bin/h5debug
libtool: install: /usr/bin/install -c h5repart /home/lucas.t/Cactus_tmp/configs/sim/scratch/external/HDF5/bin/h5repart
libtool: install: /usr/bin/install -c h5mkgrp /home/lucas.t/Cactus_tmp/configs/sim/scratch/external/HDF5/bin/h5mkgrp
libtool: install: /usr/bin/install -c h5clear /home/lucas.t/Cactus_tmp/configs/sim/scratch/external/HDF5/bin/h5clear
Making install in h5import
 /usr/bin/mkdir -p '/home/lucas.t/Cactus_tmp/configs/sim/scratch/external/HDF5/bin'
  /bin/sh ../../../libtool   --mode=install /usr/bin/install -c h5import '/home/lucas.t/Cactus_tmp/configs/sim/scratch/external/HDF5/bin'
libtool: install: /usr/bin/install -c h5import /home/lucas.t/Cactus_tmp/configs/sim/scratch/external/HDF5/bin/h5import
Making install in h5repack
 /usr/bin/mkdir -p '/home/lucas.t/Cactus_tmp/configs/sim/scratch/external/HDF5/bin'
  /bin/sh ../../../libtool   --mode=install /usr/bin/install -c h5repack '/home/lucas.t/Cactus_tmp/configs/sim/scratch/external/HDF5/bin'
libtool: install: /usr/bin/install -c h5repack /home/lucas.t/Cactus_tmp/configs/sim/scratch/external/HDF5/bin/h5repack
Making install in h5jam
 /usr/bin/mkdir -p '/home/lucas.t/Cactus_tmp/configs/sim/scratch/external/HDF5/bin'
  /bin/sh ../../../libtool   --mode=install /usr/bin/install -c h5jam h5unjam '/home/lucas.t/Cactus_tmp/configs/sim/scratch/external/HDF5/bin'
libtool: install: /usr/bin/install -c h5jam /home/lucas.t/Cactus_tmp/configs/sim/scratch/external/HDF5/bin/h5jam
libtool: install: /usr/bin/install -c h5unjam /home/lucas.t/Cactus_tmp/configs/sim/scratch/external/HDF5/bin/h5unjam
Making install in h5copy
 /usr/bin/mkdir -p '/home/lucas.t/Cactus_tmp/configs/sim/scratch/external/HDF5/bin'
  /bin/sh ../../../libtool   --mode=install /usr/bin/install -c h5copy '/home/lucas.t/Cactus_tmp/configs/sim/scratch/external/HDF5/bin'
libtool: install: /usr/bin/install -c h5copy /home/lucas.t/Cactus_tmp/configs/sim/scratch/external/HDF5/bin/h5copy
Making install in h5format_convert
 /usr/bin/mkdir -p '/home/lucas.t/Cactus_tmp/configs/sim/scratch/external/HDF5/bin'
  /bin/sh ../../../libtool   --mode=install /usr/bin/install -c h5format_convert '/home/lucas.t/Cactus_tmp/configs/sim/scratch/external/HDF5/bin'
libtool: install: /usr/bin/install -c h5format_convert /home/lucas.t/Cactus_tmp/configs/sim/scratch/external/HDF5/bin/h5format_convert
Making install in h5stat
 /usr/bin/mkdir -p '/home/lucas.t/Cactus_tmp/configs/sim/scratch/external/HDF5/bin'
  /bin/sh ../../../libtool   --mode=install /usr/bin/install -c h5stat '/home/lucas.t/Cactus_tmp/configs/sim/scratch/external/HDF5/bin'
libtool: install: /usr/bin/install -c h5stat /home/lucas.t/Cactus_tmp/configs/sim/scratch/external/HDF5/bin/h5stat
Making install in test
Making install in h5diff
Making install in h5ls
Making install in h5dump
Making install in misc
Making install in vds
Making install in h5import
Making install in h5repack
Making install in h5jam
Making install in h5copy
Making install in h5format_convert
Making install in h5stat
Making install in perform
 /usr/bin/mkdir -p '/home/lucas.t/Cactus_tmp/configs/sim/scratch/external/HDF5/bin'
  /bin/sh ../../../libtool   --mode=install /usr/bin/install -c h5perf_serial '/home/lucas.t/Cactus_tmp/configs/sim/scratch/external/HDF5/bin'
libtool: install: /usr/bin/install -c h5perf_serial /home/lucas.t/Cactus_tmp/configs/sim/scratch/external/HDF5/bin/h5perf_serial
Making install in .
Making install in fortran
Making install in src
 /usr/bin/mkdir -p '/home/lucas.t/Cactus_tmp/configs/sim/scratch/external/HDF5/lib'
 /bin/sh ../../libtool   --mode=install /usr/bin/install -c   libhdf5_fortran.la '/home/lucas.t/Cactus_tmp/configs/sim/scratch/external/HDF5/lib'
libtool: install: /usr/bin/install -c .libs/libhdf5_fortran.lai /home/lucas.t/Cactus_tmp/configs/sim/scratch/external/HDF5/lib/libhdf5_fortran.la
libtool: install: /usr/bin/install -c .libs/libhdf5_fortran.a /home/lucas.t/Cactus_tmp/configs/sim/scratch/external/HDF5/lib/libhdf5_fortran.a
libtool: install: chmod 644 /home/lucas.t/Cactus_tmp/configs/sim/scratch/external/HDF5/lib/libhdf5_fortran.a
libtool: install: ranlib /home/lucas.t/Cactus_tmp/configs/sim/scratch/external/HDF5/lib/libhdf5_fortran.a
libtool: finish: PATH="/opt/spack/opt/spack/linux-centos7-x86_64/gcc-8.3.0/perl-5.30.2-txwgrdtdeaova4trhpwfwsdcrs63w2r4/bin:/opt/ohpc/pub/mpi/mvapich2-gnu8/2.3.2/bin:/opt/ohpc/pub/compiler/gcc/8.3.0/bin:/opt/ohpc/pub/utils/prun/1.3:/opt/ohpc/pub/utils/autotools/bin:/opt/ohpc/pub/bin:/usr/local/bin:/usr/bin:/usr/local/sbin:/usr/sbin:/home/lucas.t/.local/bin:/home/lucas.t/bin:/sbin" ldconfig -n /home/lucas.t/Cactus_tmp/configs/sim/scratch/external/HDF5/lib
----------------------------------------------------------------------
Libraries have been installed in:
   /home/lucas.t/Cactus_tmp/configs/sim/scratch/external/HDF5/lib

If you ever happen to want to link against installed libraries
in a given directory, LIBDIR, you must either use libtool, and
specify the full pathname of the library, or use the '-LLIBDIR'
flag during linking and do at least one of the following:
   - add LIBDIR to the 'LD_LIBRARY_PATH' environment variable
     during execution
   - have your system administrator add LIBDIR to '/etc/ld.so.conf'

See any operating system documentation about shared libraries for
more information, such as the ld(1) and ld.so(8) manual pages.
----------------------------------------------------------------------
Making install in test
Making install in hl
Making install in src
 /usr/bin/mkdir -p '/home/lucas.t/Cactus_tmp/configs/sim/scratch/external/HDF5/lib'
 /bin/sh ../../libtool   --mode=install /usr/bin/install -c   libhdf5_hl.la '/home/lucas.t/Cactus_tmp/configs/sim/scratch/external/HDF5/lib'
libtool: install: /usr/bin/install -c .libs/libhdf5_hl.lai /home/lucas.t/Cactus_tmp/configs/sim/scratch/external/HDF5/lib/libhdf5_hl.la
libtool: install: /usr/bin/install -c .libs/libhdf5_hl.a /home/lucas.t/Cactus_tmp/configs/sim/scratch/external/HDF5/lib/libhdf5_hl.a
libtool: install: chmod 644 /home/lucas.t/Cactus_tmp/configs/sim/scratch/external/HDF5/lib/libhdf5_hl.a
libtool: install: ranlib /home/lucas.t/Cactus_tmp/configs/sim/scratch/external/HDF5/lib/libhdf5_hl.a
libtool: finish: PATH="/opt/spack/opt/spack/linux-centos7-x86_64/gcc-8.3.0/perl-5.30.2-txwgrdtdeaova4trhpwfwsdcrs63w2r4/bin:/opt/ohpc/pub/mpi/mvapich2-gnu8/2.3.2/bin:/opt/ohpc/pub/compiler/gcc/8.3.0/bin:/opt/ohpc/pub/utils/prun/1.3:/opt/ohpc/pub/utils/autotools/bin:/opt/ohpc/pub/bin:/usr/local/bin:/usr/bin:/usr/local/sbin:/usr/sbin:/home/lucas.t/.local/bin:/home/lucas.t/bin:/sbin" ldconfig -n /home/lucas.t/Cactus_tmp/configs/sim/scratch/external/HDF5/lib
----------------------------------------------------------------------
Libraries have been installed in:
   /home/lucas.t/Cactus_tmp/configs/sim/scratch/external/HDF5/lib

If you ever happen to want to link against installed libraries
in a given directory, LIBDIR, you must either use libtool, and
specify the full pathname of the library, or use the '-LLIBDIR'
flag during linking and do at least one of the following:
   - add LIBDIR to the 'LD_LIBRARY_PATH' environment variable
     during execution
   - have your system administrator add LIBDIR to '/etc/ld.so.conf'

See any operating system documentation about shared libraries for
more information, such as the ld(1) and ld.so(8) manual pages.
----------------------------------------------------------------------
 /usr/bin/mkdir -p '/home/lucas.t/Cactus_tmp/configs/sim/scratch/external/HDF5/include'
 /usr/bin/install -c -m 644 hdf5_hl.h H5DOpublic.h H5IMpublic.h H5LTpublic.h H5TBpublic.h H5DSpublic.h H5PTpublic.h H5LDpublic.h '/home/lucas.t/Cactus_tmp/configs/sim/scratch/external/HDF5/include'
Making install in test
Making install in tools
Making install in gif2h5
 /usr/bin/mkdir -p '/home/lucas.t/Cactus_tmp/configs/sim/scratch/external/HDF5/bin'
  /bin/sh ../../../libtool   --mode=install /usr/bin/install -c gif2h5 h52gif '/home/lucas.t/Cactus_tmp/configs/sim/scratch/external/HDF5/bin'
libtool: install: /usr/bin/install -c gif2h5 /home/lucas.t/Cactus_tmp/configs/sim/scratch/external/HDF5/bin/gif2h5
libtool: install: /usr/bin/install -c h52gif /home/lucas.t/Cactus_tmp/configs/sim/scratch/external/HDF5/bin/h52gif
Making install in h5watch
 /usr/bin/mkdir -p '/home/lucas.t/Cactus_tmp/configs/sim/scratch/external/HDF5/bin'
  /bin/sh ../../../libtool   --mode=install /usr/bin/install -c h5watch '/home/lucas.t/Cactus_tmp/configs/sim/scratch/external/HDF5/bin'
libtool: install: /usr/bin/install -c h5watch /home/lucas.t/Cactus_tmp/configs/sim/scratch/external/HDF5/bin/h5watch
Making install in fortran
Making install in src
 /usr/bin/mkdir -p '/home/lucas.t/Cactus_tmp/configs/sim/scratch/external/HDF5/lib'
 /bin/sh ../../../libtool   --mode=install /usr/bin/install -c   libhdf5hl_fortran.la '/home/lucas.t/Cactus_tmp/configs/sim/scratch/external/HDF5/lib'
libtool: install: /usr/bin/install -c .libs/libhdf5hl_fortran.lai /home/lucas.t/Cactus_tmp/configs/sim/scratch/external/HDF5/lib/libhdf5hl_fortran.la
libtool: install: /usr/bin/install -c .libs/libhdf5hl_fortran.a /home/lucas.t/Cactus_tmp/configs/sim/scratch/external/HDF5/lib/libhdf5hl_fortran.a
libtool: install: chmod 644 /home/lucas.t/Cactus_tmp/configs/sim/scratch/external/HDF5/lib/libhdf5hl_fortran.a
libtool: install: ranlib /home/lucas.t/Cactus_tmp/configs/sim/scratch/external/HDF5/lib/libhdf5hl_fortran.a
libtool: finish: PATH="/opt/spack/opt/spack/linux-centos7-x86_64/gcc-8.3.0/perl-5.30.2-txwgrdtdeaova4trhpwfwsdcrs63w2r4/bin:/opt/ohpc/pub/mpi/mvapich2-gnu8/2.3.2/bin:/opt/ohpc/pub/compiler/gcc/8.3.0/bin:/opt/ohpc/pub/utils/prun/1.3:/opt/ohpc/pub/utils/autotools/bin:/opt/ohpc/pub/bin:/usr/local/bin:/usr/bin:/usr/local/sbin:/usr/sbin:/home/lucas.t/.local/bin:/home/lucas.t/bin:/sbin" ldconfig -n /home/lucas.t/Cactus_tmp/configs/sim/scratch/external/HDF5/lib
----------------------------------------------------------------------
Libraries have been installed in:
   /home/lucas.t/Cactus_tmp/configs/sim/scratch/external/HDF5/lib

If you ever happen to want to link against installed libraries
in a given directory, LIBDIR, you must either use libtool, and
specify the full pathname of the library, or use the '-LLIBDIR'
flag during linking and do at least one of the following:
   - add LIBDIR to the 'LD_LIBRARY_PATH' environment variable
     during execution
   - have your system administrator add LIBDIR to '/etc/ld.so.conf'

See any operating system documentation about shared libraries for
more information, such as the ld(1) and ld.so(8) manual pages.
----------------------------------------------------------------------
Making install in test
+ /usr/bin/install -c ./h5_write.c /home/lucas.t/Cactus_tmp/configs/sim/scratch/external/HDF5/share/hdf5_examples/c/.
+ /usr/bin/install -c ./h5_read.c /home/lucas.t/Cactus_tmp/configs/sim/scratch/external/HDF5/share/hdf5_examples/c/.
+ /usr/bin/install -c ./h5_extend_write.c /home/lucas.t/Cactus_tmp/configs/sim/scratch/external/HDF5/share/hdf5_examples/c/.
+ /usr/bin/install -c ./h5_chunk_read.c /home/lucas.t/Cactus_tmp/configs/sim/scratch/external/HDF5/share/hdf5_examples/c/.
+ /usr/bin/install -c ./h5_crtgrpd.c /home/lucas.t/Cactus_tmp/configs/sim/scratch/external/HDF5/share/hdf5_examples/c/.
+ /usr/bin/install -c ./h5_subset.c /home/lucas.t/Cactus_tmp/configs/sim/scratch/external/HDF5/share/hdf5_examples/c/.
+ /usr/bin/install -c ./h5_cmprss.c /home/lucas.t/Cactus_tmp/configs/sim/scratch/external/HDF5/share/hdf5_examples/c/.
+ /usr/bin/install -c ./h5_rdwt.c /home/lucas.t/Cactus_tmp/configs/sim/scratch/external/HDF5/share/hdf5_examples/c/.
+ /usr/bin/install -c ./h5_crtgrpar.c /home/lucas.t/Cactus_tmp/configs/sim/scratch/external/HDF5/share/hdf5_examples/c/.
+ /usr/bin/install -c ./h5_extend.c /home/lucas.t/Cactus_tmp/configs/sim/scratch/external/HDF5/share/hdf5_examples/c/.
+ /usr/bin/install -c ./h5_crtatt.c /home/lucas.t/Cactus_tmp/configs/sim/scratch/external/HDF5/share/hdf5_examples/c/.
+ /usr/bin/install -c ./h5_crtgrp.c /home/lucas.t/Cactus_tmp/configs/sim/scratch/external/HDF5/share/hdf5_examples/c/.
+ /usr/bin/install -c ./h5_crtdat.c /home/lucas.t/Cactus_tmp/configs/sim/scratch/external/HDF5/share/hdf5_examples/c/.
+ /usr/bin/install -c ./h5_compound.c /home/lucas.t/Cactus_tmp/configs/sim/scratch/external/HDF5/share/hdf5_examples/c/.
+ /usr/bin/install -c ./h5_group.c /home/lucas.t/Cactus_tmp/configs/sim/scratch/external/HDF5/share/hdf5_examples/c/.
+ /usr/bin/install -c ./h5_select.c /home/lucas.t/Cactus_tmp/configs/sim/scratch/external/HDF5/share/hdf5_examples/c/.
+ /usr/bin/install -c ./h5_attribute.c /home/lucas.t/Cactus_tmp/configs/sim/scratch/external/HDF5/share/hdf5_examples/c/.
+ /usr/bin/install -c ./h5_mount.c /home/lucas.t/Cactus_tmp/configs/sim/scratch/external/HDF5/share/hdf5_examples/c/.
+ /usr/bin/install -c ./h5_reference_deprec.c /home/lucas.t/Cactus_tmp/configs/sim/scratch/external/HDF5/share/hdf5_examples/c/.
+ /usr/bin/install -c ./h5_drivers.c /home/lucas.t/Cactus_tmp/configs/sim/scratch/external/HDF5/share/hdf5_examples/c/.
+ /usr/bin/install -c ./h5_extlink.c /home/lucas.t/Cactus_tmp/configs/sim/scratch/external/HDF5/share/hdf5_examples/c/.
+ /usr/bin/install -c ./h5_elink_unix2win.c /home/lucas.t/Cactus_tmp/configs/sim/scratch/external/HDF5/share/hdf5_examples/c/.
+ /usr/bin/install -c ./h5_ref_extern.c /home/lucas.t/Cactus_tmp/configs/sim/scratch/external/HDF5/share/hdf5_examples/c/.
+ /usr/bin/install -c ./h5_ref_compat.c /home/lucas.t/Cactus_tmp/configs/sim/scratch/external/HDF5/share/hdf5_examples/c/.
+ /usr/bin/install -c ./h5_ref2reg_deprec.c /home/lucas.t/Cactus_tmp/configs/sim/scratch/external/HDF5/share/hdf5_examples/c/.
+ /usr/bin/install -c ./h5_shared_mesg.c /home/lucas.t/Cactus_tmp/configs/sim/scratch/external/HDF5/share/hdf5_examples/c/.
+ /usr/bin/install -c ./ph5example.c /home/lucas.t/Cactus_tmp/configs/sim/scratch/external/HDF5/share/hdf5_examples/c/.
+ /usr/bin/install -c ./h5_vds.c /home/lucas.t/Cactus_tmp/configs/sim/scratch/external/HDF5/share/hdf5_examples/c/.
+ /usr/bin/install -c ./h5_vds-exc.c /home/lucas.t/Cactus_tmp/configs/sim/scratch/external/HDF5/share/hdf5_examples/c/.
+ /usr/bin/install -c ./h5_vds-exclim.c /home/lucas.t/Cactus_tmp/configs/sim/scratch/external/HDF5/share/hdf5_examples/c/.
+ /usr/bin/install -c ./h5_vds-eiger.c /home/lucas.t/Cactus_tmp/configs/sim/scratch/external/HDF5/share/hdf5_examples/c/.
+ /usr/bin/install -c ./h5_vds-simpleIO.c /home/lucas.t/Cactus_tmp/configs/sim/scratch/external/HDF5/share/hdf5_examples/c/.
+ /usr/bin/install -c ./h5_vds-percival.c /home/lucas.t/Cactus_tmp/configs/sim/scratch/external/HDF5/share/hdf5_examples/c/.
+ /usr/bin/install -c ./h5_vds-percival-unlim.c /home/lucas.t/Cactus_tmp/configs/sim/scratch/external/HDF5/share/hdf5_examples/c/.
+ /usr/bin/install -c ./h5_vds-percival-unlim-maxmin.c /home/lucas.t/Cactus_tmp/configs/sim/scratch/external/HDF5/share/hdf5_examples/c/.
+ /usr/bin/install -c run-c-ex.sh /home/lucas.t/Cactus_tmp/configs/sim/scratch/external/HDF5/share/hdf5_examples/c/.
+ /usr/bin/install -c ./README /home/lucas.t/Cactus_tmp/configs/sim/scratch/external/HDF5/share/hdf5_examples/.
+ /usr/bin/install -c ./run-all-ex.sh /home/lucas.t/Cactus_tmp/configs/sim/scratch/external/HDF5/share/hdf5_examples/.
+ /usr/bin/install -c ./h5_crtdat.f90 /home/lucas.t/Cactus_tmp/configs/sim/scratch/external/HDF5/share/hdf5_examples/fortran/.
+ /usr/bin/install -c ./h5_rdwt.f90 /home/lucas.t/Cactus_tmp/configs/sim/scratch/external/HDF5/share/hdf5_examples/fortran/.
+ /usr/bin/install -c ./h5_crtatt.f90 /home/lucas.t/Cactus_tmp/configs/sim/scratch/external/HDF5/share/hdf5_examples/fortran/.
+ /usr/bin/install -c ./h5_crtgrp.f90 /home/lucas.t/Cactus_tmp/configs/sim/scratch/external/HDF5/share/hdf5_examples/fortran/.
+ /usr/bin/install -c ./h5_crtgrpar.f90 /home/lucas.t/Cactus_tmp/configs/sim/scratch/external/HDF5/share/hdf5_examples/fortran/.
+ /usr/bin/install -c ./h5_crtgrpd.f90 /home/lucas.t/Cactus_tmp/configs/sim/scratch/external/HDF5/share/hdf5_examples/fortran/.
+ /usr/bin/install -c ./h5_extend.f90 /home/lucas.t/Cactus_tmp/configs/sim/scratch/external/HDF5/share/hdf5_examples/fortran/.
+ /usr/bin/install -c ./h5_subset.f90 /home/lucas.t/Cactus_tmp/configs/sim/scratch/external/HDF5/share/hdf5_examples/fortran/.
+ /usr/bin/install -c ./h5_cmprss.f90 /home/lucas.t/Cactus_tmp/configs/sim/scratch/external/HDF5/share/hdf5_examples/fortran/.
+ /usr/bin/install -c ./hyperslab.f90 /home/lucas.t/Cactus_tmp/configs/sim/scratch/external/HDF5/share/hdf5_examples/fortran/.
+ /usr/bin/install -c ./selectele.f90 /home/lucas.t/Cactus_tmp/configs/sim/scratch/external/HDF5/share/hdf5_examples/fortran/.
+ /usr/bin/install -c ./refobjexample.f90 /home/lucas.t/Cactus_tmp/configs/sim/scratch/external/HDF5/share/hdf5_examples/fortran/.
+ /usr/bin/install -c ./refregexample.f90 /home/lucas.t/Cactus_tmp/configs/sim/scratch/external/HDF5/share/hdf5_examples/fortran/.
+ /usr/bin/install -c ./mountexample.f90 /home/lucas.t/Cactus_tmp/configs/sim/scratch/external/HDF5/share/hdf5_examples/fortran/.
+ /usr/bin/install -c ./compound.f90 /home/lucas.t/Cactus_tmp/configs/sim/scratch/external/HDF5/share/hdf5_examples/fortran/.
+ /usr/bin/install -c ./ph5example.f90 /home/lucas.t/Cactus_tmp/configs/sim/scratch/external/HDF5/share/hdf5_examples/fortran/.
+ /usr/bin/install -c ./rwdset_fortran2003.f90 /home/lucas.t/Cactus_tmp/configs/sim/scratch/external/HDF5/share/hdf5_examples/fortran/.
+ /usr/bin/install -c ./nested_derived_type.f90 /home/lucas.t/Cactus_tmp/configs/sim/scratch/external/HDF5/share/hdf5_examples/fortran/.
+ /usr/bin/install -c ./compound_fortran2003.f90 /home/lucas.t/Cactus_tmp/configs/sim/scratch/external/HDF5/share/hdf5_examples/fortran/.
+ /usr/bin/install -c ./compound_complex_fortran2003.f90 /home/lucas.t/Cactus_tmp/configs/sim/scratch/external/HDF5/share/hdf5_examples/fortran/.
+ /usr/bin/install -c run-fortran-ex.sh /home/lucas.t/Cactus_tmp/configs/sim/scratch/external/HDF5/share/hdf5_examples/fortran/.
+ /usr/bin/install -c ./ex_lite1.c /home/lucas.t/Cactus_tmp/configs/sim/scratch/external/HDF5/share/hdf5_examples/hl/c/.
+ /usr/bin/install -c ./ex_lite2.c /home/lucas.t/Cactus_tmp/configs/sim/scratch/external/HDF5/share/hdf5_examples/hl/c/.
+ /usr/bin/install -c ./ex_lite3.c /home/lucas.t/Cactus_tmp/configs/sim/scratch/external/HDF5/share/hdf5_examples/hl/c/.
+ /usr/bin/install -c ./ptExampleFL.c /home/lucas.t/Cactus_tmp/configs/sim/scratch/external/HDF5/share/hdf5_examples/hl/c/.
+ /usr/bin/install -c ./ex_image1.c /home/lucas.t/Cactus_tmp/configs/sim/scratch/external/HDF5/share/hdf5_examples/hl/c/.
+ /usr/bin/install -c ./ex_image2.c /home/lucas.t/Cactus_tmp/configs/sim/scratch/external/HDF5/share/hdf5_examples/hl/c/.
+ /usr/bin/install -c ./ex_table_01.c /home/lucas.t/Cactus_tmp/configs/sim/scratch/external/HDF5/share/hdf5_examples/hl/c/.
+ /usr/bin/install -c ./ex_table_02.c /home/lucas.t/Cactus_tmp/configs/sim/scratch/external/HDF5/share/hdf5_examples/hl/c/.
+ /usr/bin/install -c ./ex_table_03.c /home/lucas.t/Cactus_tmp/configs/sim/scratch/external/HDF5/share/hdf5_examples/hl/c/.
+ /usr/bin/install -c ./ex_table_04.c /home/lucas.t/Cactus_tmp/configs/sim/scratch/external/HDF5/share/hdf5_examples/hl/c/.
+ /usr/bin/install -c ./ex_table_05.c /home/lucas.t/Cactus_tmp/configs/sim/scratch/external/HDF5/share/hdf5_examples/hl/c/.
+ /usr/bin/install -c ./ex_table_06.c /home/lucas.t/Cactus_tmp/configs/sim/scratch/external/HDF5/share/hdf5_examples/hl/c/.
+ /usr/bin/install -c ./ex_table_07.c /home/lucas.t/Cactus_tmp/configs/sim/scratch/external/HDF5/share/hdf5_examples/hl/c/.
+ /usr/bin/install -c ./ex_table_08.c /home/lucas.t/Cactus_tmp/configs/sim/scratch/external/HDF5/share/hdf5_examples/hl/c/.
+ /usr/bin/install -c ./ex_table_09.c /home/lucas.t/Cactus_tmp/configs/sim/scratch/external/HDF5/share/hdf5_examples/hl/c/.
+ /usr/bin/install -c ./ex_table_10.c /home/lucas.t/Cactus_tmp/configs/sim/scratch/external/HDF5/share/hdf5_examples/hl/c/.
+ /usr/bin/install -c ./ex_table_11.c /home/lucas.t/Cactus_tmp/configs/sim/scratch/external/HDF5/share/hdf5_examples/hl/c/.
+ /usr/bin/install -c ./ex_table_12.c /home/lucas.t/Cactus_tmp/configs/sim/scratch/external/HDF5/share/hdf5_examples/hl/c/.
+ /usr/bin/install -c ./ex_ds1.c /home/lucas.t/Cactus_tmp/configs/sim/scratch/external/HDF5/share/hdf5_examples/hl/c/.
+ /usr/bin/install -c ./image24pixel.txt /home/lucas.t/Cactus_tmp/configs/sim/scratch/external/HDF5/share/hdf5_examples/hl/c/.
+ /usr/bin/install -c ./image8.txt /home/lucas.t/Cactus_tmp/configs/sim/scratch/external/HDF5/share/hdf5_examples/hl/c/.
+ /usr/bin/install -c ./pal_rgb.h /home/lucas.t/Cactus_tmp/configs/sim/scratch/external/HDF5/share/hdf5_examples/hl/c/.
+ /usr/bin/install -c run-hlc-ex.sh /home/lucas.t/Cactus_tmp/configs/sim/scratch/external/HDF5/share/hdf5_examples/hl/c/.
+ /usr/bin/install -c ./run-hl-ex.sh /home/lucas.t/Cactus_tmp/configs/sim/scratch/external/HDF5/share/hdf5_examples/hl/.
+ /usr/bin/install -c ./exlite.f90 /home/lucas.t/Cactus_tmp/configs/sim/scratch/external/HDF5/share/hdf5_examples/hl/fortran/.
+ /usr/bin/install -c ./ex_ds1.f90 /home/lucas.t/Cactus_tmp/configs/sim/scratch/external/HDF5/share/hdf5_examples/hl/fortran/.
+ /usr/bin/install -c run-hlfortran-ex.sh /home/lucas.t/Cactus_tmp/configs/sim/scratch/external/HDF5/share/hdf5_examples/hl/fortran/.
~/Cactus_tmp/configs/sim/scratch
HDF5: Unpacking checker archive...
~/Cactus_tmp/configs/sim/scratch/build/HDF5 ~/Cactus_tmp/configs/sim/scratch
HDF5: Applying checker patches...
~/Cactus_tmp/configs/sim/scratch/build/HDF5/h5check_2_0 ~/Cactus_tmp/configs/sim/scratch/build/HDF5 ~/Cactus_tmp/configs/sim/scratch
patching file src/h5_check.h
patching file src/h5_error.h
patching file src/h5_pline.h
patching file tool/h5checker_main.c
patching file .patch_tmp
~/Cactus_tmp/configs/sim/scratch/build/HDF5 ~/Cactus_tmp/configs/sim/scratch
HDF5: Configuring checker...
checking for gcc... gcc
checking for C compiler default output file name... a.out
checking whether the C compiler works... yes
checking whether we are cross compiling... no
checking for suffix of executables... 
checking for suffix of object files... o
checking whether we are using the GNU C compiler... yes
checking whether gcc accepts -g... yes
checking for gcc option to accept ISO C89... none needed
checking how to run the C preprocessor... gcc -E
checking for grep that handles long lines and -e... /usr/bin/grep
checking for egrep... /usr/bin/grep -E
checking for ANSI C header files... yes
checking for sys/types.h... yes
checking for sys/stat.h... yes
checking for stdlib.h... yes
checking for string.h... yes
checking for memory.h... yes
checking for strings.h... yes
checking for inttypes.h... yes
checking for stdint.h... yes
checking for unistd.h... yes
checking whether byte ordering is bigendian... no
checking for a BSD-compatible install... /usr/bin/install -c
checking whether build environment is sane... yes
checking for a thread-safe mkdir -p... /usr/bin/mkdir -p
checking for gawk... gawk
checking whether make sets $(MAKE)... yes
checking for style of include used by make... GNU
checking dependency style of gcc... gcc3
checking whether to enable maintainer-specific portions of Makefiles... no
checking for gcc... (cached) gcc
checking whether we are using the GNU C compiler... (cached) yes
checking whether gcc accepts -g... (cached) yes
checking for gcc option to accept ISO C89... (cached) none needed
checking for ranlib... ranlib
checking zlib.h usability... yes
checking zlib.h presence... yes
checking for zlib.h... yes
checking for compress2 in -lz... yes
checking szlib.h usability... no
checking szlib.h presence... no
checking for szlib.h... no
checking for SZ_BufftoBuffCompress in -lsz... no
checking for I/O filters... all (shuffle,fletcher32,nbit,scaleoffset)
checking for ANSI C header files... (cached) yes
checking fcntl.h usability... yes
checking fcntl.h presence... yes
checking for fcntl.h... yes
checking for stdint.h... (cached) yes
checking for stdlib.h... (cached) yes
checking for string.h... (cached) yes
checking for an ANSI C-conforming const... yes
checking for off_t... yes
checking for size_t... yes
checking whether struct tm is in sys/time.h or time.h... time.h
checking for pow in -lm... yes
checking for stdlib.h... (cached) yes
checking for GNU libc compatible malloc... yes
checking for working memcmp... yes
checking for stdlib.h... (cached) yes
checking for GNU libc compatible realloc... yes
checking for memset... yes
checking for pow... yes
checking for strdup... yes
checking for strerror... yes
checking for strrchr... yes
checking for strstr... yes
checking for strtol... yes
configure: creating ./config.status
config.status: creating Makefile
config.status: creating src/Makefile
config.status: creating test/Makefile
config.status: creating tool/Makefile
config.status: creating src/h5chk_config.h
config.status: executing depfiles commands
HDF5: Building checker...
In file included from h5checker.c:2:
h5_error.h:79:3: error: conflicting types for 'error_t'
 } error_t;
   ^~~~~~~
In file included from h5_check.h:9,
                 from h5checker.c:1:
/usr/include/errno.h:68:13: note: previous declaration of 'error_t' was here
 typedef int error_t;
             ^~~~~~~
h5checker.c:347:26: warning: missing braces around initializer [-Wmissing-braces]
 BT_class_t BT_SNODE[1] = {
                          ^
     BT_SNODE_ID,                /* id                   */
     {
h5checker.c:353:1:
 };
 }
h5checker.c:360:34: warning: missing braces around initializer [-Wmissing-braces]
 static BT_class_t BT_ISTORE[1] = {
                                  ^
     BT_ISTORE_ID,              /* id                   */
     {
h5checker.c:366:1:
 };
 }
h5checker.c: In function 'sec2_read':
h5checker.c:771:9: warning: unused variable 'status' [-Wunused-variable]
     int status;
         ^~~~~~
h5checker.c: In function 'multi_decode_driver':
h5checker.c:850:25: warning: variable 'memb_eoa' set but not used [-Wunused-but-set-variable]
     ck_addr_t           memb_eoa[FD_MEM_NTYPES];
                         ^~~~~~~~
h5checker.c:845:25: warning: unused variable 'x' [-Wunused-variable]
     char                x[2*FD_MEM_NTYPES*8];
                         ^
h5checker.c: In function 'multi_open':
h5checker.c:897:11: warning: unused variable 'len' [-Wunused-variable]
     int   len;
           ^~~
h5checker.c:894:25: warning: unused variable 'm' [-Wunused-variable]
     driver_mem_t        m;
                         ^
h5checker.c: In function 'family_open':
h5checker.c:1240:8: warning: suggest parentheses around assignment used as truth value [-Wparentheses]
     if(eof = FD_get_eof(file->memb[0]))
        ^~~
h5checker.c:1178:16: warning: unused variable 'ret' [-Wunused-variable]
     int   len, ret;
                ^~~
h5checker.c:1178:11: warning: unused variable 'len' [-Wunused-variable]
     int   len, ret;
           ^~~
h5checker.c:1173:25: warning: unused variable 'm' [-Wunused-variable]
     driver_mem_t        m;
                         ^
h5checker.c: In function 'family_get_eof':
h5checker.c:1365:1: warning: label 'done' defined but not used [-Wunused-label]
 done:
 ^~~~
h5checker.c:1341:30: warning: unused variable 'tmp' [-Wunused-variable]
     ck_addr_t         eof=0, tmp;
                              ^~~
h5checker.c: In function 'OBJ_dt_decode_helper':
h5checker.c:1855:25: warning: unused variable 'array_dt' [-Wunused-variable]
                 type_t *array_dt;    /* Temporary pointer to the array datatype */
                         ^~~~~~~~
h5checker.c:1973:10: warning: unused variable 'tmp_len' [-Wunused-variable]
   size_t tmp_len;
          ^~~~~~~
h5checker.c:1604:38: warning: unused variable 'tmp' [-Wunused-variable]
     unsigned         flags, version, tmp;
                                      ^~~
h5checker.c: In function 'OBJ_fill_old_decode':
h5checker.c:2147:26: warning: unused variable 'badinfo' [-Wunused-variable]
     int         version, badinfo;
                          ^~~~~~~
h5checker.c:2147:17: warning: unused variable 'version' [-Wunused-variable]
     int         version, badinfo;
                 ^~~~~~~
h5checker.c: In function 'OBJ_edf_decode':
h5checker.c:2567:18: warning: unused variable 's' [-Wunused-variable]
     const char  *s=NULL;
                  ^
h5checker.c: In function 'OBJ_filter_decode':
h5checker.c:2937:25: warning: unused variable 'j' [-Wunused-variable]
     size_t           i, j, n, name_length;
                         ^
h5checker.c: In function 'OBJ_attr_decode':
h5checker.c:3087:16: warning: variable 'encoding' set but not used [-Wunused-but-set-variable]
     DT_cset_t  encoding;
                ^~~~~~~~
h5checker.c: In function 'addr_decode':
h5checker.c:3974:16: warning: unused variable 'ret' [-Wunused-variable]
     ck_addr_t  ret;
                ^~~
h5checker.c: In function 'check_superblock':
h5checker.c:4430:16: warning: unused variable 'drv_addr' [-Wunused-variable]
      ck_addr_t drv_addr = lshared->super_addr + lshared->driver_addr;
                ^~~~~~~~
h5checker.c: In function 'check_sym':
h5checker.c:4657:32: warning: unused variable 'ret' [-Wunused-variable]
     int  sym_version, badinfo, ret;
                                ^~~
h5checker.c:4653:14: warning: unused variable 'nsyms' [-Wunused-variable]
     unsigned nsyms, u;
              ^~~~~
h5checker.c: In function 'decode_validate_messages':
h5checker.c:5617:1: warning: label 'done' defined but not used [-Wunused-label]
 done:
 ^~~~
h5checker.c: In function 'find_in_ohdr':
h5checker.c:5639:26: warning: unused variable 'type' [-Wunused-variable]
     const obj_class_t   *type = NULL;
                          ^~~~
h5checker.c: In function 'OBJ_shared_read':
h5checker.c:5788:15: warning: unused variable 'mesg_size' [-Wunused-variable]
     ck_size_t mesg_size;
               ^~~~~~~~~
h5checker.c:5785:11: warning: unused variable 'mesg' [-Wunused-variable]
     void *mesg;
           ^~~~
h5checker.c:5782:15: warning: unused variable 'status' [-Wunused-variable]
     int  idx, status;
               ^~~~~~
h5checker.c: In function 'check_obj_header':
h5checker.c:5908:18: warning: unused variable 'nlink' [-Wunused-variable]
     int version, nlink, idx, badinfo;
                  ^~~~~
h5checker.c:5908:9: warning: unused variable 'version' [-Wunused-variable]
     int version, nlink, idx, badinfo;
         ^~~~~~~
h5checker.c:5899:17: warning: unused variable 'flags' [-Wunused-variable]
     uint8_t *p, flags, *start_buf;
                 ^~~~~
h5checker.c: At top level:
h5checker.c:90:13: warning: 'set_fami_driver_properties' declared 'static' but never defined [-Wunused-function]
 static void set_fami_driver_properties(driver_fami_fapl_t **, driver_mem_t *, const char **, ck_addr_t *);
             ^~~~~~~~~~~~~~~~~~~~~~~~~~
make[5]: *** [h5checker.o] Error 1
make[4]: *** [all] Error 2
make[3]: *** [/home/lucas.t/Cactus_tmp/configs/sim/scratch/done/HDF5] Error 1
make[2]: *** [make.checked] Error 2
make[1]: *** [/home/lucas.t/Cactus_tmp/configs/sim/lib/libthorn_HDF5.a] Error 2
make: *** [sim] Error 2
